LSOA_code,Region,LA_Code,LA_Name,GP_pop,GPPTt,GPPT15n,GPPT30n,GPPT45n,GPPT60n,GPPT15pct,GPPT30pct,GPPT45pct,GPPT60pct,GPCyct,GPCyc15n,GPCyc30n,GPCyc45n,GPCyc60n,GPCyc15pct,GPCyc30pct,GPCyc45pct,GPCyc60pct,GPCart,GPCar15n,GPCar30n,GPCar45n,GPCar60n,GPCar15pct,GPCar30pct,GPCar45pct,GPCar60pct
E01026006,East Midlands,E07000136,Boston,1086.3,5.3480356086921,4.79296695203903,10,10,10,100,100,100,100,6.81310320284697,7.13375678910062,10,10,10,100,100,100,100,6.23092882562278,10,10,10,10,100,100,100,100
E01026007,East Midlands,E07000136,Boston,449.3,21.7582571344296,0,4.34676162920098,9.27954596038282,10,0,100,100,100,27.9884808946878,0,2.45715557533942,10,10,0,100,100,100,13.1991612301957,4.70198085911418,10,10,10,100,100,100,100
E01026008,East Midlands,E07000136,Boston,547,49.7997319888872,0,6.31882998171846,7.40036563071298,7.40036563071298,0,74.0036563071298,74.0036563071298,74.0036563071298,28.0009896907216,0,5.23729433272395,9.7400365630713,10,0,74.0036563071298,100,100,14.3906804123711,5.07787934186472,10,10,10,74.0036563071298,100,100,100
E01026009,East Midlands,E07000136,Boston,488.8,18.5673656378335,0.248363338788871,3.52004909983633,7.94946808510639,10,24.8363338788871,100,100,100,19.8348048780488,0,1,7.55646481178396,10,0,100,100,100,9.81965853658537,2.95335515548282,10,10,10,100,100,100,100
E01026010,East Midlands,E07000136,Boston,654.8,14.2792887206528,0.664019547953574,7,10,10,66.4019547953574,100,100,100,11.6829818887451,7,9,10,10,100,100,100,100,8.97465071151358,8,10,10,10,100,100,100,100
E01026011,East Midlands,E07000136,Boston,1042.9,15.2430985531919,2.14651452680027,7.83680122734682,10,10,68.462939879183,100,100,100,10.1943394406943,6.4657205868252,9,10,10,100,100,100,100,8.32675024108004,8.63985041710615,10,10,10,100,100,100,100
E01026012,East Midlands,E07000136,Boston,569.8,18.8694225196138,0,8.76500526500527,9.25324675324676,10,0,100,100,100,14.4360979877515,1.83450333450333,9,10,10,53.7381537381537,100,100,100,9.73010498687664,8,10,10,10,100,100,100,100
E01026013,East Midlands,E07000136,Boston,619.5,17.6135708653803,0.221146085552865,7.39725585149314,9.60807102502018,10,22.1146085552865,100,100,100,13.080124567474,3.4272800645682,8.83422114608555,10,10,60.8071025020177,100,100,100,9.61244290657439,8,10,10,10,100,100,100,100
E01026014,East Midlands,E07000136,Boston,773.1,20.0930475417055,0,6.25637045660328,9.26568361143448,10,0,100,100,100,18.0220520673813,0.398525417151727,8.39852541715173,10,10,26.5683611434484,100,100,100,11.4637621235324,7.26568361143448,10,10,10,100,100,100,100
E01026015,East Midlands,E07000136,Boston,586.2,19.1956035417431,0,7.39662231320369,9.39474582053906,10,0,100,100,100,13.0903392041748,3.60371886728079,9,10,10,100,100,100,100,9.50117416829745,7.82480382122143,10,10,10,100,100,100,100
E01026016,East Midlands,E07000136,Boston,1024.3,13.2335452337884,1.22503172898565,3.08630284096456,7.67216635751245,8.15835204529923,71.4341501513229,100,100,100,11.9019381177482,0.594747632529532,2.40925510104462,6.95060041003612,10,59.4747632529532,100,100,100,7.49755479157714,4.51371668456507,10,10,10,100,100,100,100
E01026017,East Midlands,E07000136,Boston,621.5,25.9350320398078,0,1.01673370876911,4.04151246983105,9.47079646017699,0,66.1142397425583,100,100,16.0047130102041,0.470796460176991,1.80144810941271,6.01657280772325,10,47.0796460176991,100,100,100,8.90578443877551,3.10699919549477,10,10,10,100,100,100,100
E01026018,East Midlands,E07000136,Boston,650.7,15.3616940928232,0.506992469648071,5.93883510066083,10,10,34.9162440448747,100,100,100,15.5695193434936,0.452896880282772,7.97402796987859,10,10,45.2896880282772,100,100,100,8.8108733880422,9.75272783156601,10,10,10,100,100,100,100
E01026019,East Midlands,E07000136,Boston,919.4,10.5564111877951,1.12638677398303,5.34522514683489,9.14639982597346,9.14639982597346,90.5155536219273,90.5155536219273,100,100,8.40027969487831,0.905155536219273,5.78311942571242,10,10,90.5155536219273,100,100,100,7.11111514711224,7.55971285621057,10,10,10,100,100,100,100
E01026020,East Midlands,E07000136,Boston,877.9,12.1374257420244,1.27178494133728,5.92527622736075,8.900330333751,10,81.6721722291833,81.6721722291833,100,100,9.04685861624409,0.816721722291833,6.13885408360861,10,10,81.6721722291833,100,100,100,6.89308551783412,8.8194555188518,10,10,10,100,100,100,100
E01026021,East Midlands,E07000136,Boston,767.9,10.9987848219983,2.46086730042974,8.78239354082563,9.78512827191041,10,70.9467378564917,100,100,100,8.82520066889632,7.76481312670921,9,10,10,100,100,100,100,7.46535674470457,8.74593045969527,10,10,10,100,100,100,100
E01026022,East Midlands,E07000136,Boston,786.6,15.1730404685059,0.522247648105772,7.43770658530384,10,10,26.1123824052886,100,100,100,10.6435835694051,4.06979405034325,9,10,10,100,100,100,100,9.03873465533522,8,10,10,10,100,100,100,100
E01026023,East Midlands,E07000136,Boston,546.8,16.547370042207,0.417520117044623,1,8.0210314557425,9.83302852962692,41.7520117044623,100,100,100,17.2274358974359,0.174652523774689,1,1,4.54480614484272,17.4652523774689,100,100,100,9.344,1,10,10,10,100,100,100,100
E01026024,East Midlands,E07000136,Boston,799,23.4738256048387,0.626032540675845,0.774092615769712,5.87722152690864,6.6342928660826,62.6032540675845,62.6032540675845,87.1464330413016,100,12.117091733871,0.626032540675845,1,1.37396745932416,9.01827284105132,62.6032540675845,100,100,100,8.25221774193548,1,10,10,10,100,100,100,100
E01026025,East Midlands,E07000136,Boston,953.7,7.13225312374043,5.03397294746776,9.36353150886023,10,10,100,100,100,100,7.33822652156389,7.34822271154451,9.8923141449093,10,10,100,100,100,100,6.72459089076985,9.65513264129181,10,10,10,100,100,100,100
E01026026,East Midlands,E07000136,Boston,823.9,12.580341920498,1.15997087025124,8.24177691467411,10,10,100,100,100,100,10.6744422409519,6.44459279038718,9,10,10,100,100,100,100,8.52107585523054,8.17380750091031,10,10,10,100,100,100,100
E01026027,East Midlands,E07000136,Boston,754.5,11.4509172755613,2.34791252485089,7.29158383035123,10,10,100,100,100,100,10.5509384941675,5.99310801855533,9,10,10,100,100,100,100,8.20802226935313,8.29158383035123,10,10,10,100,100,100,100
E01026028,East Midlands,E07000136,Boston,813.5,12.0077960490927,1.80860479409957,9.08149969268593,10,10,84.6957590657652,100,100,100,9.33783324482209,7.67215734480639,9,10,10,100,100,100,100,7.82360594795539,8.52157344806392,10,10,10,100,100,100,100
E01026029,East Midlands,E07000136,Boston,897.6,20.9319109781497,0.228832442067736,5.85416666666667,9.88558377896613,10,11.4416221033868,100,100,100,12.9631081554078,3.3570632798574,10,10,10,100,100,100,100,8.82963248162408,9,10,10,10,100,100,100,100
E01026030,East Midlands,E07000136,Boston,1014,8.21368622886891,5.08491124260355,9.20473372781065,10,10,100,100,100,100,7.9341156462585,7.39408284023669,10,10,10,100,100,100,100,7.06746173469388,9.60493096646943,10,10,10,100,100,100,100
E01026031,East Midlands,E07000136,Boston,594.6,12.2246661942282,2.06458123107972,7.83770602085436,10,10,100,100,100,100,9.82759679572764,7.22166162125799,9,10,10,100,100,100,100,8.31184245660881,8.57231752438614,10,10,10,100,100,100,100
E01026032,East Midlands,E07000136,Boston,780.3,9.68427824955947,3.61155965654236,9.13161604511085,10,10,100,100,100,100,8.29010921177588,8,9.30847110085864,10,10,100,100,100,100,7.37410256410256,9.68883762655389,10,10,10,100,100,100,100
E01026033,East Midlands,E07000136,Boston,739.9,28.9487423769697,0.138802540883903,1.74374915529126,7.89809433707258,8.61197459116097,13.8802540883903,50.3581565076362,86.1197459116097,86.1197459116097,26.9034787018256,0.356264360048655,0.642384105960265,5.0117583457224,10,35.6264360048655,50.3581565076362,82.0516285984593,100,12.9128245436105,1.97499662116502,10,10,10,68.1713745100689,100,100,100
E01026034,East Midlands,E07000136,Boston,785.6,12.7543788300836,0.558808553971487,1.84152240325866,7.45201120162933,10,55.8808553971487,100,100,100,9.13754874651811,1,1.87576374745418,7.20977596741344,10,100,100,100,100,7.30690250696379,3.53360488798371,10,10,10,100,100,100,100
E01026035,East Midlands,E07000136,Boston,849.9,14.1835627593857,0.714319331686081,9.06483115660666,10,10,71.4319331686081,100,100,100,9.89533513270355,6,10,10,10,100,100,100,100,8.51690058479532,9.53241557830333,10,10,10,100,100,100,100
E01026036,East Midlands,E07000136,Boston,650.6,5.2975134264232,4.50245926836766,9.61404857055026,10,10,100,100,100,100,7.66328678839957,7.63633569013219,9.15785428834922,10,10,100,100,100,100,7.05593447905478,10,10,10,10,100,100,100,100
E01026037,East Midlands,E07000136,Boston,581.1,9.46874058425875,4.63397005678885,8.90535191877474,10,10,100,100,100,100,8.93696741854637,7,9,10,10,100,100,100,100,7.70781328320802,9.2607124419205,10,10,10,100,100,100,100
E01026038,East Midlands,E07000136,Boston,510.5,13.5543534072389,1.19706170421156,7.24387855044074,10,10,75.2007835455436,100,100,100,12.1669704049844,6.44505386875612,9,10,10,100,100,100,100,8.9197507788162,8.69304603330069,10,10,10,100,100,100,100
E01026039,East Midlands,E07000136,Boston,511.6,15.5160166864947,0.488858483189992,9.51114151681001,10,10,48.8858483189992,100,100,100,13.9189504132231,0.517200938232995,10,10,10,51.7200938232995,100,100,100,8.6761652892562,10,10,10,10,100,100,100,100
E01026040,East Midlands,E07000136,Boston,494,20.1199386700372,0,6.85080971659919,10,10,0,100,100,100,15.5618836140888,1.40526315789474,10,10,10,46.8421052631579,100,100,100,9.06616385911179,10,10,10,10,100,100,100,100
E01026041,East Midlands,E07000136,Boston,588.4,13.8031874683987,1.06730115567641,9.61199864038069,10,10,65.0917743031951,100,100,100,16.7172569706104,0,10,10,10,0,100,100,100,9.22319517709118,10,10,10,10,100,100,100,100
E01026042,East Midlands,E07000137,East Lindsey,669.5,6.51016013886439,1,3,9.34249439880508,10,100,100,100,100,7.20436536180308,1,1,1.59507094846901,5.19641523525019,100,100,100,100,6.455581257414,1,10,10,10,100,100,100,100
E01026043,East Midlands,E07000137,East Lindsey,626.7,6.8018441051907,1,2.61464815701293,8.26823041327589,10,100,100,100,100,7.26800465386853,1,1,1,5.02441359502154,100,100,100,100,6.35167539267016,1,10,10,10,100,100,100,100
E01026044,East Midlands,E07000137,East Lindsey,537.1,17.7904467721174,0.239061627257494,2.82926829268293,6.03965741947496,7.9789610873208,23.9061627257494,80.0781977285422,100,100,20.0615264333582,0.239061627257494,1,2.35300688884751,4.59206851610501,23.9061627257494,100,100,100,10.2243782576322,1.40793148389499,10,10,10,100,100,100,100
E01026045,East Midlands,E07000137,East Lindsey,789.8,16.2765279321577,0.503291972651304,3.74689794884781,8.24664472018232,9.18713598379336,50.3291972651304,91.8713598379337,91.8713598379337,91.8713598379337,15.6673548740416,0.503291972651304,2.41276272474044,4.9546720688782,8.55089896176247,50.3291972651304,91.8713598379337,100,100,8.93883351588171,3.98442643707268,10,10,10,91.8713598379337,100,100,100
E01026046,East Midlands,E07000137,East Lindsey,502.4,12.0964622067524,0.961385350318471,2.70581210191083,7.41162420382166,10,70.5812101910828,100,100,100,9.96755462184874,1,2.51114649681529,6,8,100,100,100,100,7.79136974789916,4,9.70581210191083,10,10,100,100,100,100
E01026047,East Midlands,E07000137,East Lindsey,572.7,7.75858177699935,1,2.58547232407892,7.13881613410162,10,100,100,100,100,7.74779210314263,1,1.60677492579012,5.63156975729003,8.19224724986904,100,100,100,100,6.50714746172442,3.21354985158023,9.78121180373669,10,10,100,100,100,100
E01026048,East Midlands,E07000137,East Lindsey,747,9.29594596548464,0.864926372155288,2.36278447121821,7.19785809906292,10,86.4926372155288,100,100,100,8.61398813447594,1,2,2.27014725568942,7.68353413654618,100,100,100,100,6.90391562294001,2,9.78714859437751,10,10,100,100,100,100
E01026049,East Midlands,E07000137,East Lindsey,732.7,18.8274345478875,0.182202811519039,1.80100996314999,5.01241981711478,6.56312269687457,18.2202811519039,73.8501433055821,100,100,16.039092689295,0.182202811519039,1.36850006824075,2.44779582366589,7.03330148764842,18.2202811519039,100,100,100,10.1092362924282,1.32400709703835,9.55629862153678,10,10,100,100,100,100
E01026050,East Midlands,E07000137,East Lindsey,729.7,8.97049749071712,1,2.13827600383719,7.41756886391668,10,100,100,100,100,8.20491813602015,1,2,2.13827600383719,8,100,100,100,100,6.8424685138539,1.82266684939016,9.1285459777991,10,10,100,100,100,100
E01026051,East Midlands,E07000137,East Lindsey,521.7,10.6271547621379,1.14261069580219,1.83208740655549,4.80084339658808,9.83208740655549,91.6043703277746,91.6043703277746,100,100,9.91701331114809,1.83208740655549,2.91604370327775,5.83208740655549,8.83208740655549,91.6043703277746,100,100,100,7.01269550748752,4.63868123442592,10,10,10,100,100,100,100
E01026052,East Midlands,E07000137,East Lindsey,509.5,9.64668345116367,1.80196270853778,2.57998037291462,7.17409224730128,10,100,100,100,100,10.356700280112,1.60392541707556,2,5.20785083415113,7.57998037291462,80.1962708537782,100,100,100,7.93775910364146,2.80196270853778,10,10,10,100,100,100,100
E01026053,East Midlands,E07000137,East Lindsey,754.2,15.5567550504908,0.673031026252983,3.62980641739592,5.8729779899231,10,47.0299655263856,100,100,100,11.5128476821192,1.60408379740122,2.82033943251127,6,7.40811455847255,100,100,100,100,8.03866225165563,5.2149297268629,10,10,10,100,100,100,100
E01026054,East Midlands,E07000137,East Lindsey,793.9,8.20798681528526,1.74581181509006,3.69328630809926,7.74581181509006,9.87290590754503,87.2905907545031,100,100,100,7.95390789473684,1.87290590754503,2.34664315404963,6,7.39916866104043,100,100,100,100,6.65824561403509,4.31200403073435,10,10,10,100,100,100,100
E01026055,East Midlands,E07000137,East Lindsey,514.6,36.6436416244856,0,0.697046249514186,0.950446949086669,1.14652157015157,0,69.7046249514186,82.3746599300428,82.3746599300428,23.4113174748399,0,1.24951418577536,3.20384764865915,5.52273610571318,0,100,100,100,11.5724977127173,1.64166342790517,10,10,10,100,100,100,100
E01026056,East Midlands,E07000137,East Lindsey,478.9,19.345983121334,0.991229901858425,1.93171852161203,5.038212570474,9.1572353309668,51.0544998955941,100,100,100,15.5658547008547,0.510544998955941,2.93171852161203,4.68281478387972,6.45103361870954,51.0544998955941,100,100,100,9.04355555555556,3.62330340363333,9.4595949049906,10,10,100,100,100,100
E01026057,East Midlands,E07000137,East Lindsey,790.8,26.0010753808125,0.27959028831563,2.55703085483055,6.47293879615579,8.51795649974709,27.959028831563,85.1795649974709,85.1795649974709,85.1795649974709,29.3585677352637,0.0593070308548306,2.17121901871523,6.66502276176024,9.21408700050582,5.93070308548305,65.1997976732423,100,100,13.4837021716649,2.88619119878604,10,10,10,65.1997976732423,100,100,100
E01026058,East Midlands,E07000137,East Lindsey,925.3,16.8908032643773,0.52307359775208,2.19820598724738,5.80503620447423,5.9140819193775,52.307359775208,91.4081919377499,100,100,13.8161932849365,0.805036204474225,1,5.0859180806225,6.78742029612018,80.5036204474225,100,100,100,10.7791833030853,2.3248676105047,10,10,10,91.4081919377499,100,100,100
E01026059,East Midlands,E07000137,East Lindsey,366.9,26.6382379835027,0,0.699918233851186,4.67429817388934,9.72499318615427,0,69.9918233851186,100,100,16.4315803814714,0.275006813845735,1,2,4.30008176614881,27.5006813845735,100,100,100,9.62185286103542,1,10,10,10,100,100,100,100
E01026060,East Midlands,E07000137,East Lindsey,575.7,28.3901654755881,0,1.3503560882404,1.89716866423484,5.37450060795553,0,80.3543512245961,80.3543512245961,100,25.3837829691032,0,1.19645648775404,2.70800764286955,4.35765155462915,0,100,100,100,11.732283345893,1.99808928261247,10,10,10,100,100,100,100
E01026061,East Midlands,E07000137,East Lindsey,483.1,12.1951793255977,1,4.87331815359139,10,10,100,100,100,100,11.0562642169729,1,6.48519975160422,10,10,100,100,100,100,8.46387576552931,4.73835644794038,10,10,10,100,100,100,100
E01026062,East Midlands,E07000137,East Lindsey,472.9,10.1333984664262,1,5.87058574751533,10,10,100,100,100,100,8.57022090059473,1,6.93529287375767,10,10,100,100,100,100,7.21830926083262,5.85345739056883,10,10,10,100,100,100,100
E01026063,East Midlands,E07000137,East Lindsey,565.6,14.1688546030668,0.745933521923621,5.01078500707214,10,10,74.5933521923621,100,100,100,10.4972116903634,1.51520509193777,9.03058698727016,10,10,100,100,100,100,7.76404423380727,8.55675388967468,10,10,10,100,100,100,100
E01026064,East Midlands,E07000137,East Lindsey,618.6,16.1753324002799,0.210798577432913,3,6.85160038797284,9.28160362107986,21.0798577432913,100,100,100,10.027410776767,1,1,5.78920142256709,8,100,100,100,100,8.28036389083275,1.21580989330747,10,10,10,100,100,100,100
E01026065,East Midlands,E07000137,East Lindsey,791.7,12.0549620801733,0.662877352532525,1.79019830743969,6.6023746368574,9.69634962738411,66.2877352532525,100,100,100,8.79470205850487,1,1.36288998357964,4.56890236200581,7.50966275104206,100,100,100,100,7.18854821235103,1.68725527346217,10,10,10,100,100,100,100
E01026066,East Midlands,E07000137,East Lindsey,771.3,19.5569486016486,0,1.15584078827953,6.31310774017892,10,0,100,100,100,11.9114859862507,0.850771424867107,1,3.74095682613769,6.71593413717101,85.0771424867107,100,100,100,9.17956636700159,1.56670556203812,10,10,10,100,100,100,100
E01026067,East Midlands,E07000137,East Lindsey,899.8,10.7204020618557,0.804067570571238,3.36463658590798,7.71804845521227,10,80.4067570571238,100,100,100,8.39367010309278,1,1,5.1426983774172,8,100,100,100,100,7.44270103092784,1.80406757057124,10,10,10,100,100,100,100
E01026068,East Midlands,E07000137,East Lindsey,994.6,31.4525713607373,0.0870701789664187,1.11059722501508,3.59008646692138,6.17816207520611,8.70701789664187,65.674643072592,84.4258998592399,84.4258998592399,23.6423520992366,0.19977880554997,0.736678061532274,1.98773376231651,5.2909712447215,19.977880554997,73.6678061532274,100,100,11.6472041984733,1.11673034385683,10,10,10,89.8552181781621,100,100,100
E01026069,East Midlands,E07000137,East Lindsey,892.5,15.6530249845869,0.728291316526611,3.90879551820728,7.31742296918768,9.84134453781513,72.8291316526611,100,100,100,11.2858084322554,1,2.83675070028011,6,6.67809523809524,100,100,100,100,8.52213262382317,2.90644257703081,10,10,10,100,100,100,100
E01026070,East Midlands,E07000137,East Lindsey,821.3,26.3439192522048,0,2.68014123949836,3.71240715938147,5.15390234993303,0,76.8050651406307,85.9856325337879,100,23.3290824261275,0.249482527699988,3.68099354681602,4.8560818215025,7.01607208084744,8.31608425666626,87.7145988067698,100,100,10.8608812856402,4.01728966272982,10,10,10,100,100,100,100
E01026071,East Midlands,E07000137,East Lindsey,1061.8,59.8738736789347,0.193821812017329,1.11113203993219,2.56517234884159,3.45281597287625,19.3821812017329,45.6771520060275,45.6771520060275,45.6771520060275,26.9691267998142,0.193821812017329,0.9854963269919,2.55368242606894,6.63514786212093,19.3821812017329,59.7852702957242,100,100,12.4210961449141,1.17555095121492,10,10,10,69.2880015068751,100,100,100
E01026072,East Midlands,E07000137,East Lindsey,832.6,8.34250487329435,0.851909680518857,3.59236127792457,5.68916646649051,9.59236127792457,85.1909680518856,100,100,100,7.71647660818713,1,2,2,3,100,100,100,100,6.66020955165692,2,6.43202017775643,10,10,100,100,100,100
E01026073,East Midlands,E07000137,East Lindsey,845.8,10.6464683690732,1,3,5.83494916055805,9.59517616457791,100,100,100,100,8.43129049389272,1,2,2,3,100,100,100,100,7.37223048327138,2,5.83494916055805,10,10,100,100,100,100
E01026074,East Midlands,E07000137,East Lindsey,930.4,14.2898239103617,0.396496130696475,2.39649613069647,5.11382201203783,7.78632846087704,39.6496130696475,100,100,100,11.0417546505782,1,2,2,3,100,100,100,100,8.59838109602815,1.79847377472055,5.11607910576096,10,10,100,100,100,100
E01026075,East Midlands,E07000137,East Lindsey,933.4,14.6259157849319,0.958538675808871,1.58410113563317,4.28733661881294,9.26633811870581,80.0192843368331,90.8292264838226,90.8292264838226,100,15.7205128205128,0.553460467109492,1.23366188129419,3.80222841225627,7.61902721234198,55.3460467109492,89.1900578530105,100,100,8.54018315018315,2.68887936575959,10,10,10,100,100,100,100
E01026076,East Midlands,E07000137,East Lindsey,920.3,30.6607734716163,0,0.59589264370314,4.99250244485494,7.70987721395197,0,48.1799413234815,100,100,25.632,0,1.34227969140498,4.12963164185592,8.16505487341085,0,100,100,100,12.9262688679245,1.24915788329892,10,10,10,100,100,100,100
E01026077,East Midlands,E07000137,East Lindsey,512.5,12.020795760786,1.97834146341463,4.5030243902439,7.23063414634146,10,100,100,100,100,9.49865492957747,4,4,4.4969756097561,7.48917073170732,100,100,100,100,7.8211338028169,4,10,10,10,100,100,100,100
E01026078,East Midlands,E07000137,East Lindsey,455.5,12.1024426504929,2.18133918770582,4.49440175631174,7,10,72.7113062568606,100,100,100,9.86808080808081,4,4,4.50559824368825,7.50559824368825,100,100,100,100,8.0991551882461,4,10,10,10,100,100,100,100
E01026079,East Midlands,E07000137,East Lindsey,771.5,10.9209014105772,0.611665586519767,1,2.03966299416721,7.5799092676604,61.1665586519767,100,100,100,9.68428950159067,0.877122488658458,1,1.12287751134154,3.49151004536617,87.7122488658458,100,100,100,7.07799045599152,1,10,10,10,100,100,100,100
E01026080,East Midlands,E07000137,East Lindsey,851.9,6.8800413310337,0.881558868411786,2.37433971123371,7.95187228547952,8.83237469186524,88.1558868411786,100,100,100,8.16436757873,0.881558868411786,2.62554290409673,5.73670618617209,10,88.1558868411786,100,100,100,6.71655136809499,3.76300035215401,10,10,10,100,100,100,100
E01026081,East Midlands,E07000137,East Lindsey,1133.2,5.60997921862012,3.36869043416873,4.20058242146135,8.23111542534416,10,100,100,100,100,6.80977140482128,4,4,5,8.15813625132369,100,100,100,100,6.53907315045719,4,10,10,10,100,100,100,100
E01026082,East Midlands,E07000137,East Lindsey,946.6,42.399973593666,0.170082400169026,1.36689203465033,2.8243186139869,4.454151700824,17.0082400169026,59.8457637861821,77.2871328966829,77.2871328966829,27.9739519650655,0,1.24202408620325,3.82769913374181,7.0128882315656,0,67.4836256074371,100,100,12.9876069868996,1.79304880625396,10,10,10,78.6815972955842,100,100,100
E01026083,East Midlands,E07000137,East Lindsey,784.5,9.13334044472819,2,4.39349904397706,8.2012746972594,10,100,100,100,100,8.34165417558887,3,4.27928616953474,6,7,100,100,100,100,7.20616167023555,4,10,10,10,100,100,100,100
E01026084,East Midlands,E07000137,East Lindsey,677.6,8.70452156940052,1.83456316410862,5.25427981109799,8.18344155844156,10,100,100,100,100,8.11300187617261,3,4.37131050767414,6.13828217237308,7,100,100,100,100,6.89760475297061,4.25265643447462,10,10,10,100,100,100,100
E01026085,East Midlands,E07000137,East Lindsey,1052.7,12.6002805817001,0.928374655647383,3.70380925239859,6.11142775719578,9.09584876982996,70.3809252398594,100,100,100,9.83688907777306,1.94680345777524,4.10173838700484,6.75026123301985,7,94.1958772679776,100,100,100,8.31626434339142,4,9.40277381970172,10,10,100,100,100,100
E01026087,East Midlands,E07000137,East Lindsey,469.7,16.1935238095238,0.266766020864382,4,6.26676602086438,9.54226101767085,26.6766020864382,100,100,100,10.259670995671,4,4,5,7,100,100,100,100,8.63596536796537,4,10,10,10,100,100,100,100
E01026088,East Midlands,E07000137,East Lindsey,517.7,16.4975950548942,0.452771875603632,4,6.45277187560363,9.15356384006181,45.2771875603632,100,100,100,10.274115497076,4,4,5,7,100,100,100,100,8.61343567251462,4,10,10,10,100,100,100,100
E01026089,East Midlands,E07000137,East Lindsey,942.7,7.614778104515,2.62151267635515,4,7.11562533149464,10,100,100,100,100,7.39816568047337,4,4,5,8.53834730030763,100,100,100,100,6.64071499013807,4,10,10,10,100,100,100,100
E01026090,East Midlands,E07000137,East Lindsey,560.4,9.81251669270299,1.58172733761599,4,5.99268379728765,10,100,100,100,100,8.40076980014804,4,4,5,7.18004996431121,100,100,100,100,7.03541820873427,4,10,10,10,100,100,100,100
E01026091,East Midlands,E07000137,East Lindsey,444.3,11.4442735784482,1.26153499887463,4,5.00225073148773,10,100,100,100,100,9.05247863247863,4,4,5,7.77065046139995,100,100,100,100,7.00880341880342,4,10,10,10,100,100,100,100
E01026092,East Midlands,E07000137,East Lindsey,630.9,4.91093023255814,2.05008717704866,6.15993025836107,7.42811856078618,10,100,100,100,100,7.07310533515732,3,4,6,7,100,100,100,100,6.61303009575923,4.62196861626248,10,10,10,100,100,100,100
E01026093,East Midlands,E07000137,East Lindsey,779.6,9.61874000036051,1.80400205233453,6.69022575679836,7.56080041046691,10,81.182657773217,100,100,100,8.49287343215507,2.87839917906619,3.69022575679836,6,7,100,100,100,100,7.6611858608894,3.56080041046691,9.69022575679836,10,10,100,100,100,100
E01026094,East Midlands,E07000137,East Lindsey,704.2,12.3322543988402,2.39065606361829,4.8567168418063,7,9.85671684180631,85.6716841806305,100,100,100,9.3645671121441,3,3.32277761999432,6,7,100,100,100,100,7.52159790819291,4.33428003408123,10,10,10,100,100,100,100
E01026095,East Midlands,E07000137,East Lindsey,492.1,17.5082356000042,0,3.71225360699045,7,9.23613086770982,0,100,100,100,11.6983239775461,1.46799431009957,3,6,7,100,100,100,100,9.21978348035285,3,8.4988823409876,10,10,100,100,100,100
E01026096,East Midlands,E07000137,East Lindsey,608.4,17.7559325067621,0,2.38198553583169,6.42702169625247,7.98011176857331,0,100,100,100,13.0788564002599,0.809007232084155,3,6,7,80.9007232084155,100,100,100,10.1456400259909,3,8,10,10,100,100,100,100
E01026097,East Midlands,E07000137,East Lindsey,724.5,12.7856056153472,0.934023464458247,5.2632160110421,7,10,63.2988267770876,100,100,100,9.50731690140845,2.63298826777088,3.49371980676329,6,7,100,100,100,100,8.48302816901408,3,9.13650793650794,10,10,100,100,100,100
E01026098,East Midlands,E07000137,East Lindsey,831.6,19.2784167841374,0.262265512265512,5.52970177970178,9.51358826358826,10,26.2265512265512,100,100,100,27.5107333657115,0,1.70959595959596,9.15464165464165,10,0,100,100,100,11.5749392909179,3.99037999037999,10,10,10,100,100,100,100
E01026099,East Midlands,E07000137,East Lindsey,963.9,21.1112700373943,0.248366013071895,1.78970847598299,3.22201473181865,4.33302209772798,24.8366013071895,92.602967112771,100,100,24.9800637567435,0,0.794895736072207,2.02334267040149,4.57194729743749,0,79.4895736072207,100,100,11.970765080922,1,9.31497043261749,10,10,100,100,100,100
E01026100,East Midlands,E07000137,East Lindsey,846.8,6.83441810344828,1,2.32120925838451,5.88084553613604,9.88084553613604,100,100,100,100,7.05383620689655,1,1,1,4.67867264997638,100,100,100,100,6.44231142241379,1,10,10,10,100,100,100,100
E01026101,East Midlands,E07000137,East Lindsey,516.6,10.3218413391557,1,2.80468447541618,6.58594657375145,10,100,100,100,100,8.17234352256186,1,1,1,5.19531552458382,100,100,100,100,7.05419213973799,1,10,10,10,100,100,100,100
E01026102,East Midlands,E07000137,East Lindsey,911.1,23.3365295669588,0.504445176160685,2.70332565031281,5.51531116233125,7.85424212490396,50.4445176160685,73.4826034463835,85.5668971572824,85.5668971572824,16.0833644067797,0.393699923169795,0.855668971572824,1.82779058281199,6.02107342772473,39.3699923169795,85.5668971572824,100,100,9.35257627118644,0.965206892766985,10,10,10,73.4826034463835,100,100,100
E01026103,East Midlands,E07000137,East Lindsey,997.7,7.37289074156227,1,2.89886739500852,4,9.19915806354616,100,100,100,100,7.39841254287114,1,2,2.10113260499148,4,100,100,100,100,6.44137187653111,2,6,10,10,100,100,100,100
E01026104,East Midlands,E07000137,East Lindsey,1045.5,12.1168840229195,0.729985652797704,1.7299856527977,3.63347680535629,5.47364897178384,72.9985652797704,100,100,100,10.6245849630595,1,1.8518412242946,2.37427068388331,4,100,100,100,100,7.69231203824424,1.47757054041129,5.41224294595887,10,10,100,100,100,100
E01026105,East Midlands,E07000137,East Lindsey,820.4,24.7897104266204,0.122988785958069,0.803754266211604,1.40626523647001,2.67966845441248,12.2988785958069,68.0765480253535,76.6455387615797,100,19.424710351377,0.122988785958069,1.19758654314968,2.93661628473915,5.36884446611409,12.2988785958069,79.1321306679668,100,100,10.4753608736942,1.76901511457825,9.87701121404193,10,10,100,100,100,100
E01026106,East Midlands,E07000137,East Lindsey,490.2,21.6952350274863,0,8.50367197062424,10,10,0,100,100,100,20.9963938411669,0,3.02080783353733,10,10,0,100,100,100,10.535056726094,6.13321093431253,10,10,10,100,100,100,100
E01026107,East Midlands,E07000137,East Lindsey,511.6,29.3841454029473,0,3.49804534792807,9.03772478498827,10,0,46.8139171227521,100,100,32.1165004088307,0,1.08365910867866,5.16731821735731,9.03772478498827,0,27.0914777169664,100,100,14.6417743254293,1.56567630961689,10,10,10,48.2017200938233,100,100,100
E01026108,East Midlands,E07000137,East Lindsey,958.9,13.1070867874033,1.22212952341224,4.28052977369903,5.58024820106372,10,100,100,100,100,10.3790180032733,4,4,5,7,100,100,100,100,8.11123158756137,4,10,10,10,100,100,100,100
E01026109,East Midlands,E07000137,East Lindsey,1125.1,14.6194918571345,0.878588569904897,2.44289396498089,4.13945427073149,8.06239445382633,53.2574882232691,100,100,100,11.5736864608076,1,2,2,3.53257488223269,100,100,100,100,8.54670308788599,2,5.44022753533019,10,10,100,100,100,100
E01026110,East Midlands,E07000137,East Lindsey,700,16.0420737042623,0.411857142857143,2.12357142857143,5.659,8.84685714285714,41.1857142857143,85.5857142857143,100,100,10.6440431454419,0.855857142857143,1,4.56757142857143,5.73228571428572,85.5857142857143,100,100,100,8.42209464161447,2.24585714285714,8.14414285714286,10,10,100,100,100,100
E01026111,East Midlands,E07000137,East Lindsey,565.6,27.9643517559952,0,1.54243281471004,3.78200141442716,7.8525459688826,0,80.1803394625177,100,100,29.5400759013283,0,0.596357850070721,2,5.60360678925035,0,59.6357850070721,100,100,14.5724288425047,0.623408769448373,9.80180339462518,10,10,62.3408769448373,100,100,100
E01026112,East Midlands,E07000137,East Lindsey,478,10.1909009335335,0.788912133891213,3.26443514644352,7.82740585774059,10,78.8912133891213,100,100,100,8.89263877715205,1,1,4.78891213389121,6,100,100,100,100,7.62605792437651,2.57782426778243,8,10,10,100,100,100,100
E01026113,East Midlands,E07000137,East Lindsey,744.9,22.2966719097237,0.0957175459793261,1.66331051147805,4.56611625721573,6.54839575781984,9.57175459793261,84.2663444757686,100,100,25.6375344563553,0,0.792052624513358,3.4818096388777,7.19412001610955,0,79.2052624513358,100,100,12.680561510975,1.09303262182843,10,10,10,79.2052624513358,100,100,100
E01026114,East Midlands,E07000137,East Lindsey,651.3,12.1084141212722,1.32396744971595,6.8387839705205,7.32396744971595,10,100,100,100,100,9.51125414731254,3,4,6.31613695685552,7,100,100,100,100,7.68374917053749,4.62444342085061,10,10,10,100,100,100,100
E01026115,East Midlands,E07000137,East Lindsey,756.2,17.1588432706249,0.191351494313674,5.61200740544829,7.54046548532134,9.6120074054483,19.1351494313674,100,100,100,16.7451086318262,0,4,6,7,0,100,100,100,10.2499177921315,4,8.842237503306,10,10,100,100,100,100
E01026116,East Midlands,E07000137,East Lindsey,678.7,15.5499417150313,0.163695299837925,6,7.30322675703551,10,16.3695299837925,100,100,100,12.436528588098,2.16369529983793,4,6.69677324296449,7,100,100,100,100,8.56574679113185,4.16369529983792,9.30926771769559,10,10,100,100,100,100
E01026117,East Midlands,E07000137,East Lindsey,834.6,28.3483077775061,0,1.83381260484064,5.27701893122454,6.12796549245147,0,77.8936017253774,89.9832254972442,89.9832254972442,30.8857411504425,0,0.317397555715313,2.59453630481668,5.96465372633597,0,31.7397555715313,100,100,14.3844081858407,0.742271746944644,9.85597891205368,10,10,37.8504672897196,100,100,100
E01026118,East Midlands,E07000137,East Lindsey,711.4,12.1838251415482,1.1991847062131,4.58743323025021,7.48285071689626,9.85816699465842,71.633398931684,100,100,100,10.1637775133849,2,2.17050885577734,5.14183300534158,9.4441945459657,100,100,100,100,8.10540154669839,3.85240371099241,10,10,10,100,100,100,100
E01026119,East Midlands,E07000137,East Lindsey,480.9,8.94841869576303,1.74360573923893,3.98731545019755,6.71802869619463,8.21813266791433,100,100,100,100,11.5661685490877,1.48721147847785,2.25639426076107,5.75629028904138,8,74.3605739238927,100,100,100,8.42556907037359,3.96631316281971,10,10,10,100,100,100,100
E01026120,East Midlands,E07000137,East Lindsey,610.3,6.69810548230396,2.05833196788465,5.84302801900705,8,10,100,100,100,100,7.31873698820264,2,2,5.27543830902835,8.61264951663116,100,100,100,100,6.61707147814018,4.16532852695396,10,10,10,100,100,100,100
E01026121,East Midlands,E07000137,East Lindsey,1109.8,13.0974402523527,0.856730942512164,2.64741394845918,8.93097855469454,9.47648224905388,85.6730942512164,94.7648224905388,94.7648224905388,94.7648224905388,12.0953626029008,0.714453054604433,1,1.19462966300234,4.12948278969184,71.4453054604433,100,100,100,7.65103488827911,1,10,10,10,100,100,100,100
E01026122,East Midlands,E07000138,Lincoln,693.5,4.3885198938992,6.70785868781543,10,10,10,100,100,100,100,6.58785676392573,10,10,10,10,100,100,100,100,6.40949071618037,10,10,10,10,100,100,100,100
E01026123,East Midlands,E07000138,Lincoln,952.9,9.60620189617032,3.03379158358695,10,10,10,100,100,100,100,9.17460488208523,6.63710777626194,10,10,10,100,100,100,100,7.42244931733554,10,10,10,10,100,100,100,100
E01026124,East Midlands,E07000138,Lincoln,624.3,6.98694802943284,5.950344385712,10,10,10,100,100,100,100,7.46751719824891,10,10,10,10,100,100,100,100,6.10080675422139,10,10,10,10,100,100,100,100
E01026125,East Midlands,E07000138,Lincoln,588,10.9563636363636,4.20918367346939,10,10,10,100,100,100,100,8.76455185659411,10,10,10,10,100,100,100,100,7.34113956466069,10,10,10,10,100,100,100,100
E01026126,East Midlands,E07000138,Lincoln,811.3,3.64212137486574,5.88660175027733,10,10,10,100,100,100,100,6.35773899033298,10,10,10,10,100,100,100,100,5.82970461868958,10,10,10,10,100,100,100,100
E01026127,East Midlands,E07000138,Lincoln,632.5,8.72876967095851,1,7.31525691699605,10,10,100,100,100,100,8.27105150214592,1.60126482213439,10,10,10,100,100,100,100,7.16130901287554,8.54403162055336,10,10,10,100,100,100,100
E01026128,East Midlands,E07000138,Lincoln,1053.1,11.5837421731123,0.734972937043016,5.76051657012629,10,10,73.4972937043016,100,100,100,9.78107918968693,1,10,10,10,100,100,100,100,7.89814732965009,7.65948153071883,10,10,10,100,100,100,100
E01026129,East Midlands,E07000138,Lincoln,728.6,9.31448199445983,1,5.85533900631348,10,10,100,100,100,100,9.16704709141274,1.17018940433708,10,10,10,100,100,100,100,7.64996121883657,7.22550096074664,10,10,10,100,100,100,100
E01026130,East Midlands,E07000138,Lincoln,571.5,12.9340532332301,0.820997375328084,8.83727034120735,10,10,82.0997375328084,100,100,100,10.6825855513308,2,10,10,10,100,100,100,100,8.15394676806084,7.76867891513561,10,10,10,100,100,100,100
E01026131,East Midlands,E07000138,Lincoln,595.3,9.26391149358996,1.23786326222073,9.19435578699815,10,10,100,100,100,100,8.63864206642067,1.78464639677474,10,10,10,100,100,100,100,7.34526937269373,9.31261548798925,10,10,10,100,100,100,100
E01026132,East Midlands,E07000138,Lincoln,545.6,3.6577770293028,5.625,10,10,10,100,100,100,100,6.61867969013136,10,10,10,10,100,100,100,100,7.06439205119569,10,10,10,10,100,100,100,100
E01026133,East Midlands,E07000138,Lincoln,941.6,7.81651547491996,4.46314783347494,10,10,10,100,100,100,100,7.99050426894344,10,10,10,10,100,100,100,100,7.83545090715048,10,10,10,10,100,100,100,100
E01026134,East Midlands,E07000138,Lincoln,755.5,6.44751889168766,3.68259430840503,10,10,10,100,100,100,100,7.19887909319899,10,10,10,10,100,100,100,100,6.97536523929471,10,10,10,10,100,100,100,100
E01026135,East Midlands,E07000138,Lincoln,681.1,6.63288779889638,4.25341359565409,10,10,10,100,100,100,100,7.15609442060086,7.98957568638966,10,10,10,100,100,100,100,6.47879215205395,10,10,10,10,100,100,100,100
E01026136,East Midlands,E07000138,Lincoln,600.5,11.5941860238224,1.64529558701082,10,10,10,76.4196502914238,100,100,100,9.16358703312192,4.52156536219817,10,10,10,100,100,100,100,7.65361522198732,10,10,10,10,100,100,100,100
E01026137,East Midlands,E07000138,Lincoln,480.7,8.88554141637309,2.29249011857708,10,10,10,100,100,100,100,9.21909633418585,3.35697940503433,10,10,10,100,100,100,100,6.88999147485081,10,10,10,10,100,100,100,100
E01026138,East Midlands,E07000138,Lincoln,538.6,7.43989185291997,1.58336427775715,10,10,10,100,100,100,100,8.95466474405191,2.43000371333086,10,10,10,100,100,100,100,6.71,10,10,10,10,100,100,100,100
E01026139,East Midlands,E07000138,Lincoln,472.3,15.2517204091003,0.560237137412661,10,10,10,28.0118568706331,100,100,100,10.7958141321045,4,10,10,10,100,100,100,100,8.16182795698925,10,10,10,10,100,100,100,100
E01026140,East Midlands,E07000138,Lincoln,646,4.34844094488189,2.15356037151703,10,10,10,100,100,100,100,7.91835433070866,1.54396284829721,10,10,10,100,100,100,100,6.54175590551181,10,10,10,10,100,100,100,100
E01026141,East Midlands,E07000138,Lincoln,551.9,7.76644089456869,1.44935676753035,10,10,10,100,100,100,100,8.40913738019169,4.59539771697771,10,10,10,100,100,100,100,7.53049840255591,10,10,10,10,100,100,100,100
E01026142,East Midlands,E07000138,Lincoln,463,12.6444758373691,2.54665226781857,10,10,10,100,100,100,100,10.3650403225806,5,10,10,10,100,100,100,100,8.26378225806452,10,10,10,10,100,100,100,100
E01026143,East Midlands,E07000138,Lincoln,734.9,3.82881781376518,8.70172812627568,10,10,10,100,100,100,100,6.32857894736842,10,10,10,10,100,100,100,100,5.83433603238866,10,10,10,10,100,100,100,100
E01026144,East Midlands,E07000138,Lincoln,536.3,6.04164670658683,4.57225433526012,10,10,10,100,100,100,100,6.92531437125749,10,10,10,10,100,100,100,100,6.23976047904192,10,10,10,10,100,100,100,100
E01026145,East Midlands,E07000138,Lincoln,639.9,5.52773824650572,5.78027816846382,10,10,10,100,100,100,100,6.8419250317662,10,10,10,10,100,100,100,100,6.15876747141042,10,10,10,10,100,100,100,100
E01026146,East Midlands,E07000138,Lincoln,717.3,3.45459002169197,4.96974766485432,10,10,10,100,100,100,100,6.37126681127983,10,10,10,10,100,100,100,100,6.04159652928417,10,10,10,10,100,100,100,100
E01026147,East Midlands,E07000138,Lincoln,789.6,10.3376506384679,2.64690982776089,10,10,10,74.0881458966565,100,100,100,9.84624946604015,7.40881458966565,10,10,10,100,100,100,100,7.74117471166168,10,10,10,10,100,100,100,100
E01026148,East Midlands,E07000138,Lincoln,919.8,4.50515580736544,4.87203739943466,10,10,10,100,100,100,100,6.68416997167139,10,10,10,10,100,100,100,100,6.56634560906516,10,10,10,10,100,100,100,100
E01026149,East Midlands,E07000138,Lincoln,795.9,11.1139423831119,2.15454202789295,10,10,10,100,100,100,100,10.1315205395463,5.97663022992838,10,10,10,100,100,100,100,7.50869405272839,10,10,10,10,100,100,100,100
E01026150,East Midlands,E07000138,Lincoln,750.4,11.9224212687332,3.17910447761194,10,10,10,100,100,100,100,9.6060499702558,5,10,10,10,100,100,100,100,7.35367638310529,10,10,10,10,100,100,100,100
E01026151,East Midlands,E07000138,Lincoln,831,8.17569001029866,2.68387484957882,10,10,10,100,100,100,100,7.936982492276,8.864259927797839,10,10,10,100,100,100,100,6.94452626158599,10,10,10,10,100,100,100,100
E01026152,East Midlands,E07000138,Lincoln,511.6,10.3284644730581,2.02619233776388,10,10,10,100,100,100,100,8.4342802303263,6.76954652071931,10,10,10,100,100,100,100,7.10806142034549,10,10,10,10,100,100,100,100
E01026153,East Midlands,E07000138,Lincoln,920.8,4.38896257119609,1.73175499565595,10,10,10,100,100,100,100,6.71006102522376,4.14139878366638,10,10,10,100,100,100,100,6.39278275020342,10,10,10,10,100,100,100,100
E01026154,East Midlands,E07000138,Lincoln,461.9,11.5180987472366,1.44295302013423,10,10,10,100,100,100,100,8.90114959469418,9.55704697986577,10,10,10,100,100,100,100,7.50907148120855,10,10,10,10,100,100,100,100
E01026155,East Midlands,E07000138,Lincoln,705.8,9.70349113754864,1.32360442051573,9.71011618022103,10,10,100,100,100,100,9.05497432972048,3.32502125247946,10,10,10,100,100,100,100,7.34258414147176,10,10,10,10,100,100,100,100
E01026156,East Midlands,E07000138,Lincoln,469.2,8.7343125,3,10,10,10,100,100,100,100,8.60790625,10,10,10,10,100,100,100,100,7.16115625,10,10,10,10,100,100,100,100
E01026157,East Midlands,E07000138,Lincoln,628.4,10.7347382550336,2.33084022915341,10,10,10,100,100,100,100,9.00124161073825,4.91963717377467,10,10,10,100,100,100,100,7.18332214765101,10,10,10,10,100,100,100,100
E01026158,East Midlands,E07000138,Lincoln,669.7,14.9953310427782,0.183664327310736,9.07869195162013,10,10,18.3664327310736,100,100,100,11.2987804878049,1.217560101538,10,10,10,100,100,100,100,8.91803484320558,8.52919217560101,10,10,10,100,100,100,100
E01026159,East Midlands,E07000138,Lincoln,624.3,11.5935,0.79961556943777,8.07304180682364,10,10,79.961556943777,100,100,100,9.44051351351351,1,10,10,10,100,100,100,100,7.78301351351351,8.59762934486625,10,10,10,100,100,100,100
E01026160,East Midlands,E07000138,Lincoln,593.2,11.4327279577995,1,6.40070802427512,10,10,100,100,100,100,9.46466465712133,1,10,10,10,100,100,100,100,7.95637528259231,8.6062036412677,10,10,10,100,100,100,100
E01026161,East Midlands,E07000138,Lincoln,697.6,12.4663028556156,1.19552752293578,10,10,10,100,100,100,100,10.8606604450826,2.1896502293578,10,10,10,100,100,100,100,8.4292031586504,10,10,10,10,100,100,100,100
E01026162,East Midlands,E07000138,Lincoln,592.2,13.6417548836914,1.00878081729146,8.35596082404593,10,10,82.725430597771,100,100,100,11.9416945746818,1,10,10,10,100,100,100,100,9.20121902210315,10,10,10,10,100,100,100,100
E01026163,East Midlands,E07000138,Lincoln,592.2,15.248177266786,0.183215130023641,6,10,10,18.3215130023641,100,100,100,11.3517638376384,1,10,10,10,100,100,100,100,8.62472324723247,9.7853765619723,10,10,10,100,100,100,100
E01026164,East Midlands,E07000138,Lincoln,545.8,5.58899860917942,2.56229388054232,10,10,10,100,100,100,100,7.40934631432545,9.01502381824844,10,10,10,100,100,100,100,6.78853963838665,10,10,10,10,100,100,100,100
E01026165,East Midlands,E07000138,Lincoln,702.8,6.30312009029212,2.4955890722823,10,10,10,100,100,100,100,7.36376687988628,5.95276038702333,10,10,10,100,100,100,100,6.38352523098792,10,10,10,10,100,100,100,100
E01026166,East Midlands,E07000138,Lincoln,530.2,4.5707915993538,2.19294605809129,10,10,10,100,100,100,100,6.71022617124394,5.29045643153527,10,10,10,100,100,100,100,6.06911147011308,10,10,10,10,100,100,100,100
E01026167,East Midlands,E07000138,Lincoln,785.5,9.55845105328377,5.88147676639083,10,10,10,100,100,100,100,8.44824039653036,10,10,10,10,100,100,100,100,7.80251548946716,10,10,10,10,100,100,100,100
E01026168,East Midlands,E07000138,Lincoln,599.5,9.8378561827957,2,10,10,10,100,100,100,100,8.30033602150538,5,10,10,10,100,100,100,100,7.14618951612903,10,10,10,10,100,100,100,100
E01026169,East Midlands,E07000138,Lincoln,691.4,11.6727311897513,1.38270176453572,10,10,10,100,100,100,100,8.99796547472256,2.36172982354643,10,10,10,100,100,100,100,7.18826140567201,10,10,10,10,100,100,100,100
E01026170,East Midlands,E07000138,Lincoln,584,9.01127955493741,2.56797945205479,10,10,10,100,100,100,100,8.21847009735744,5.2902397260274,10,10,10,100,100,100,100,6.92354659248957,10,10,10,10,100,100,100,100
E01026171,East Midlands,E07000138,Lincoln,689.4,14.7023834098771,0.601247461560777,10,10,10,60.1247461560777,100,100,100,11.3201969796454,3.28793153466783,10,10,10,100,100,100,100,8.42742613263296,10,10,10,10,100,100,100,100
E01026172,East Midlands,E07000138,Lincoln,589.2,9.2092425295344,1.17362525458248,10,10,10,100,100,100,100,7.85751216122307,4.77902240325866,10,10,10,100,100,100,100,6.91052814454482,10,10,10,10,100,100,100,100
E01026173,East Midlands,E07000138,Lincoln,647,10.3008017056443,1.68686244204019,10,10,10,100,100,100,100,8.48796146674953,4.28748068006182,10,10,10,100,100,100,100,7.07495960223742,10,10,10,10,100,100,100,100
E01026174,East Midlands,E07000138,Lincoln,624.3,4.3440013726836,3.40733621656255,10,10,10,100,100,100,100,6.59155799588195,9.66234182284158,10,10,10,100,100,100,100,6.33740562800275,10,10,10,10,100,100,100,100
E01026175,East Midlands,E07000138,Lincoln,803.1,8.34361121633389,3.23035736520981,10,10,10,100,100,100,100,8.20194372068786,6.97434939609015,10,10,10,100,100,100,100,7.16473684210526,10,10,10,10,100,100,100,100
E01026176,East Midlands,E07000138,Lincoln,898.2,3.5953021978022,3.86049877532844,10,10,10,100,100,100,100,6.27278571428571,10,10,10,10,100,100,100,100,6.07485164835165,10,10,10,10,100,100,100,100
E01026177,East Midlands,E07000138,Lincoln,744.1,4.41604220277921,3.27912914930789,10,10,10,100,100,100,100,6.52837879567679,10,10,10,10,100,100,100,100,6.55770972722594,10,10,10,10,100,100,100,100
E01026178,East Midlands,E07000138,Lincoln,736.9,7.97284845132743,4.64662776496132,10,10,10,100,100,100,100,7.64740597345133,10,10,10,10,100,100,100,100,7.29060840707965,10,10,10,10,100,100,100,100
E01026179,East Midlands,E07000139,North Kesteven,440.2,11.4632963596691,1.68877782825988,4.50340754202635,10,10,100,100,100,100,12.6876201034738,0.764879600181736,2.34438891412994,5.76487960018173,10,76.4879600181736,100,100,100,9.3030229120473,3.10926851431168,10,10,10,100,100,100,100
E01026180,East Midlands,E07000139,North Kesteven,575,28.7825719286779,0,2.34713043478261,7.84034782608696,8.83652173913043,0,88.3652173913044,88.3652173913044,88.3652173913044,20.6589044756179,0,2.06904347826087,7.62,10,0,100,100,100,10.7178022712091,4.24904347826087,10,10,10,100,100,100,100
E01026182,East Midlands,E07000139,North Kesteven,568.8,9.498482100844,0.818037974683544,3.81803797468354,7.52936005625879,10,81.8037974683544,100,100,100,8.4199674267101,1,1,5.33456399437412,10,100,100,100,100,6.99294462540717,1,10,10,10,100,100,100,100
E01026183,East Midlands,E07000139,North Kesteven,1063.3,15.5547403466662,0.58412489419731,2.19279601241418,6.36414934637449,8.05718047587698,58.412489419731,83.9744192607918,83.9744192607918,100,9.96489502762431,0.839744192607919,1.3794789805323,4.06489231637355,9.32258064516129,83.9744192607918,100,100,100,7.22711602209945,2.2073732718894,10,10,10,100,100,100,100
E01026184,East Midlands,E07000139,North Kesteven,556.2,7.5349271805222,2,8.77058612010068,10,10,100,100,100,100,7.68203742203742,2,8.9848975188781,10,10,100,100,100,100,6.87790540540541,5.24056094929881,10,10,10,100,100,100,100
E01026185,East Midlands,E07000139,North Kesteven,800.9,8.79619025973705,1.48695217879885,10,10,10,100,100,100,100,8.30177265053461,1.83156448994881,10,10,10,100,100,100,100,7.13196961170512,9.21400923960544,10,10,10,100,100,100,100
E01026186,East Midlands,E07000139,North Kesteven,686.9,7.60391084126235,2.103654098122,9.80972485077886,10,10,100,100,100,100,7.83957940991839,2.05794147619741,10,10,10,100,100,100,100,6.94431889516635,10,10,10,10,100,100,100,100
E01026187,East Midlands,E07000139,North Kesteven,658.6,13.8203196491994,1.18888551472821,8.03811114485272,10,10,84.2848466443972,100,100,100,9.6780466768138,1,10,10,10,100,100,100,100,7.76410451547438,10,10,10,10,100,100,100,100
E01026188,East Midlands,E07000139,North Kesteven,1022.5,11.0997772071196,1.70454767726161,10,10,10,100,100,100,100,9.16926024955437,1.15237163814181,10,10,10,100,100,100,100,7.27913101604278,9.77711491442543,10,10,10,100,100,100,100
E01026189,East Midlands,E07000139,North Kesteven,797.7,6.91377626348666,2,9.83088880531528,10,10,100,100,100,100,7.48700170357751,2,9.87025197442648,10,10,100,100,100,100,7.11813742191936,9.40503948852952,10,10,10,100,100,100,100
E01026190,East Midlands,E07000139,North Kesteven,612.6,7.28665125495377,1.33790401567091,8.35667646098596,10,10,100,100,100,100,7.51939233817702,2.5750897812602,5.27473065621939,10,10,100,100,100,100,6.81829590488772,7.08700620306889,10,10,10,100,100,100,100
E01026191,East Midlands,E07000139,North Kesteven,728.7,14.3633791292105,0.869356388088376,6.69397557293811,10,10,52.7926444352957,100,100,100,17.1612537313433,0.930972965555098,3.73734046932894,9.85220255249074,10,38.0128996843694,100,100,100,9.54282388059701,5.54206120488541,10,10,10,100,100,100,100
E01026192,East Midlands,E07000139,North Kesteven,474.6,27.9319363688718,0,0.596923725242309,6.58154235145386,9.59692372524231,0,59.6923725242309,100,100,34.8310582444627,0,0,4.39422671723557,10,0,0,100,100,15.6676456111567,0.378845343447113,10,10,10,37.8845343447113,100,100,100
E01026193,East Midlands,E07000139,North Kesteven,683.8,33.3651085925838,0,0.354782100029248,4.34425270546944,8.55484059666569,0,35.4782100029248,83.9426732962855,100,19.6091332895601,0.354782100029248,1,3.80871599883007,10,35.4782100029248,100,100,100,11.7171175311884,0.848639953202691,10,10,10,84.8639953202691,100,100,100
E01026194,East Midlands,E07000139,North Kesteven,816.5,9.39184280068012,1,5.13067973055726,10,10,100,100,100,100,8.2992749244713,1,1,6.97048377219841,10,100,100,100,100,6.9781419939577,1.79252908756889,10,10,10,100,100,100,100
E01026195,East Midlands,E07000139,North Kesteven,864.6,13.073138984571,0.436502428868841,6.00115660421004,10,10,43.6502428868841,100,100,100,13.5839417177914,0.556210964607911,2.71223687254222,8.24311820495027,10,55.6210964607911,100,100,100,8.45745398773006,3.92505204718945,10,10,10,100,100,100,100
E01026196,East Midlands,E07000139,North Kesteven,565.6,13.6728552772707,0.541548797736917,4.25866336633663,10,10,54.1548797736917,100,100,100,18.1073608382449,0.358557284299859,1.18299151343706,4.07567185289958,9.54154879773692,35.8557284299859,100,100,100,8.98299934512115,2.18299151343706,10,10,10,100,100,100,100
E01026197,East Midlands,E07000139,North Kesteven,546.8,22.8062539953225,0,4.81071689831748,6,10,0,100,100,100,17.4227561837456,0,2.2370153621068,8.38441843452816,10,0,100,100,100,10.4431307420495,4.77999268471105,10,10,10,100,100,100,100
E01026198,East Midlands,E07000139,North Kesteven,415.1,15.4779314491882,0.249337509033968,2.72295832329559,5.61214165261383,8.58708744880752,24.9337509033968,100,100,100,9.85405291641612,1,1,7.36280414357986,10,100,100,100,100,8.07996993385448,1.24933750903397,10,10,10,100,100,100,100
E01026199,East Midlands,E07000139,North Kesteven,980.8,38.9999919794291,0,1.79649265905383,2.46818923327896,4.50958401305057,0,55.8625611745514,55.8625611745514,81.3417618270799,27.7028837998304,0,2.11205138662316,7.03639885807504,10,0,44.3515497553018,100,100,13.4734096692112,2.85940048939641,10,10,10,70.7891517128874,100,100,100
E01026200,East Midlands,E07000139,North Kesteven,657.6,19.9084443598123,0.842609489051095,4.21304744525547,7.13807785888078,8.58348540145985,84.2609489051095,84.2609489051095,84.2609489051095,100,11.8886235595391,0.842609489051095,1,4.37043795620438,8.42761557177615,84.2609489051095,100,100,100,8.56097311139565,2.5757299270073,10,10,10,100,100,100,100
E01026201,East Midlands,E07000139,North Kesteven,762.1,17.2475448034158,0.248261383020601,4.79976381052355,6.9573546778638,7.53483794777588,24.8261383020601,100,100,100,18.5499272197962,0.486943970607532,1,3.76118619603727,7.59808424091327,48.6943970607532,100,100,100,11.1711547792334,1.10011809473822,10,10,10,100,100,100,100
E01026202,East Midlands,E07000139,North Kesteven,835.3,10.1948775292865,0.843529270920627,5,7.41553932718784,10,84.3529270920627,100,100,100,8.39113951011715,1,1,5,9,100,100,100,100,7.14284345047923,3,10,10,10,100,100,100,100
E01026203,East Midlands,E07000139,North Kesteven,778.8,9.45895850505459,1.11543400102722,6.79455572675912,10,10,80.1361068310221,100,100,100,8.42360664819945,3.19183359013867,10,10,10,100,100,100,100,7.1426648199446,9.5047508988187,10,10,10,100,100,100,100
E01026204,East Midlands,E07000139,North Kesteven,713,9.03557807380423,2,6,10,10,100,100,100,100,8.25368388683887,2,6.95021037868163,10,10,100,100,100,100,7.30578105781058,4.72145862552595,10,10,10,100,100,100,100
E01026205,East Midlands,E07000139,North Kesteven,662.8,8.75101518605954,1.84384429692215,5.89272782136391,10,10,100,100,100,100,7.97843922651934,2,5.9164152082076,10,10,100,100,100,100,6.7078729281768,5.07257091128546,10,10,10,100,100,100,100
E01026206,East Midlands,E07000139,North Kesteven,762.2,7.96391031969327,1.64602466544214,5.44568354762529,10,10,100,100,100,100,7.59344629822732,2.30044607714511,5.81448438729992,10,10,100,100,100,100,6.58953076120959,4.12752558383626,10,10,10,100,100,100,100
E01026207,East Midlands,E07000139,North Kesteven,546.7,28.8657442585461,0.695994146698372,4.17596488019023,5.56795317358698,6.95994146698372,69.5994146698372,69.5994146698372,69.5994146698372,69.5994146698372,24.2070635559131,0,1.02487653191879,3.68264130235961,8.15108834827145,0,69.5994146698372,100,100,10.8499517296862,2.64441192610207,10,10,10,100,100,100,100
E01026208,East Midlands,E07000139,North Kesteven,662.9,27.7084327895523,1.64187660280585,2.81369739025494,4.76949766178911,6.2535827424951,54.7292200935284,70.3424347563735,70.3424347563735,70.3424347563735,15.8468100799017,1.64187660280585,4.15613214662845,6.31392366872832,7.85955649419219,54.7292200935284,100,100,100,9.5699815611555,4.40684869512747,10,10,10,100,100,100,100
E01026209,East Midlands,E07000139,North Kesteven,955.5,19.0540672101473,0,4.74840397697541,5.86436420722135,9.49461015175301,0,100,100,100,20.4337177033493,0,5.0021978021978,6.88069073783359,9.81287284144427,0,100,100,100,11.2265263157895,6.19581371009942,10,10,10,100,100,100,100
E01026210,East Midlands,E07000139,North Kesteven,1000.5,13.8168286941525,0.914342828585707,4.64767616191904,8.69575212393803,9.46386806596702,70.7446276861569,94.0429785107446,94.0429785107446,100,12.7563981244672,0.734532733633183,1.70954522738631,6.32283858070964,9.20589705147426,63.1084457771114,100,100,100,8.1219820971867,4.48165917041479,10,10,10,100,100,100,100
E01026211,East Midlands,E07000139,North Kesteven,661.7,16.8214751677691,1.26069215656642,5.97007707420281,9.78676137222306,10,63.034607828321,100,100,100,17.7115760322256,1.26069215656642,2.68248450959649,7.57352274444612,10,63.034607828321,100,100,100,9.91738167170191,3.46924588181956,10,10,10,100,100,100,100
E01026212,East Midlands,E07000139,North Kesteven,693.2,10.0139760554505,1.7934218118869,6,10,10,100,100,100,100,8.22235664776308,2,2.38603577611079,6.96667628390075,10,100,100,100,100,6.72670447385003,5,10,10,10,100,100,100,100
E01026213,East Midlands,E07000139,North Kesteven,790.4,5.83267888823181,2.36234817813765,6.35045546558704,10,10,100,100,100,100,6.9247191011236,2,3.1309463562753,6.56098178137652,10,100,100,100,100,6.1182436428149,4.8690536437247,10,10,10,100,100,100,100
E01026214,East Midlands,E07000139,North Kesteven,494.5,11.0015466175334,1.95571284125379,10,10,10,100,100,100,100,9.34621333333333,4,10,10,10,100,100,100,100,7.4044,10,10,10,10,100,100,100,100
E01026215,East Midlands,E07000139,North Kesteven,464.2,11.6586879521971,1.75894011202068,10,10,10,100,100,100,100,10.8432614807873,4,10,10,10,100,100,100,100,7.91051546391753,10,10,10,10,100,100,100,100
E01026218,East Midlands,E07000139,North Kesteven,516.4,5.40201906412478,2.70449264136328,9.70449264136328,10,10,100,100,100,100,6.96586655112652,3,10,10,10,100,100,100,100,6.43589254766031,7.90491866769946,10,10,10,100,100,100,100
E01026219,East Midlands,E07000139,North Kesteven,529,8.79204778156996,2.00793950850662,9.51379962192817,10,10,100,100,100,100,7.87923208191126,3.25293005671078,10,10,10,100,100,100,100,6.88721843003413,9,10,10,10,100,100,100,100
E01026220,East Midlands,E07000139,North Kesteven,1022.5,9.26170169320049,1.73515892420538,8.15442542787286,10,10,87.6283618581907,100,100,100,8.16034390352836,3.21574572127139,10,10,10,100,100,100,100,6.84198302813756,9.45809290953545,10,10,10,100,100,100,100
E01026221,East Midlands,E07000139,North Kesteven,969.2,34.613523619639,0.106789104416013,2.19108543128353,4.49628559636814,6.68179942220388,10.6789104416013,64.4036318613289,85.9781262897235,85.9781262897235,26.9322776845638,0.106789104416013,0.884647131654973,4.56087494841106,8.57387536112257,10.6789104416013,44.4490301279406,100,100,13.0044966442953,1.95583986793232,10,10,10,75.2992158481222,100,100,100
E01026222,East Midlands,E07000139,North Kesteven,739.2,19.3769284469032,0,6.95048701298701,9.12297077922078,10,0,100,100,100,11.3436632536974,1,4.62513528138528,7.87270021645022,10,100,100,100,100,9.04839021615472,5,10,10,10,100,100,100,100
E01026223,East Midlands,E07000139,North Kesteven,844.8,11.0030090270812,0.507457386363636,6.24502840909091,8.7946259469697,10,50.7457386363636,100,100,100,8.46490471414243,1,2.93560606060606,7.17447916666667,10,100,100,100,100,7.66922768304915,2.85274621212121,10,10,10,100,100,100,100
E01026224,East Midlands,E07000139,North Kesteven,797.7,19.1588862837046,0.162467092892065,5.34210856211608,8.78763946345744,10,16.2467092892065,100,100,100,10.9099648300117,1,3.16911119468472,7.83753290710793,10,100,100,100,100,8.97189331770223,4.00388617274665,10,10,10,100,100,100,100
E01026225,East Midlands,E07000139,North Kesteven,762.1,13.6970413703047,0.650177142107335,4.60477627607926,9.10694134628002,10,65.0177142107335,100,100,100,9.98117356392835,1,4.41569347854612,10,10,100,100,100,100,7.61408276714021,2.74898307308752,10,10,10,100,100,100,100
E01026226,East Midlands,E07000139,North Kesteven,803,8.67067819639838,1,8.60921544209215,10,10,100,100,100,100,8.37189365165491,1,7.02453300124533,10,10,100,100,100,100,7.18978296256104,2.70049813200498,10,10,10,100,100,100,100
E01026227,East Midlands,E07000139,North Kesteven,746.5,7.55228316712832,2.92016075016745,5.27729403884796,10,10,100,100,100,100,7.67044715447154,3.59102478231748,4,8,9,100,100,100,100,6.70002032520325,4.5476222371065,10,10,10,100,100,100,100
E01026228,East Midlands,E07000139,North Kesteven,612.7,15.2244893608021,0.767912518361351,4.56144932267015,8.03753876285295,10,39.2524889831892,100,100,100,10.7052885225111,3.18769381426473,4,8,8.18769381426473,100,100,100,100,8.25967025998732,4.81230618573527,10,10,10,100,100,100,100
E01026229,East Midlands,E07000139,North Kesteven,517.5,14.1820328935378,0.8,4,7.6,10,40,100,100,100,11.2456766256591,3,5,7,10,100,100,100,100,8.29144112478032,4.53333333333333,10,10,10,100,100,100,100
E01026230,East Midlands,E07000139,North Kesteven,558.2,12.6434382422496,2.50555356503046,4,8.49247581512003,10,100,100,100,100,10.4900322841001,3,4,7,10,100,100,100,100,7.69000807102502,4.2603009673952,10,10,10,100,100,100,100
E01026231,East Midlands,E07000139,North Kesteven,938.9,12.0199730976172,2.20822238790074,4.24720417509852,10,10,88.9764618170199,100,100,100,8.8532282859339,3,4,7.8897646181702,8.8897646181702,100,100,100,100,7.69770945426595,4.13696879326872,10,10,10,100,100,100,100
E01026232,East Midlands,E07000139,North Kesteven,906.5,8.80382962760875,3.08416988416988,5.03452840595698,9.46254826254826,10,100,100,100,100,8.36777338603425,3.35289575289575,4.16028681742967,7.33447324875896,8.73127413127413,100,100,100,100,7.35629336846728,5.16028681742968,10,10,10,100,100,100,100
E01026233,East Midlands,E07000139,North Kesteven,696.3,16.5506575565203,0.357317248312509,4.55407152089617,6.97142036478529,10,35.7317248312509,100,100,100,12.0877843601896,2.85135717363206,4,8,8,100,100,100,100,9.01201421800948,4.55407152089617,10,10,10,100,100,100,100
E01026234,East Midlands,E07000139,North Kesteven,1031.9,17.0131902141802,0.423490648318635,3.8560907064638,5.42959589107472,10,21.1745324159318,100,100,100,16.8628693088765,1.59579416610137,4,7.59879833317182,8.40120166682818,59.8798333171819,100,100,100,10.6137602358336,4.85715670123074,10,10,10,100,100,100,100
E01026235,East Midlands,E07000139,North Kesteven,694.2,8.93640283520378,3.10386055891674,5.05704407951599,9.85090751944685,10,100,100,100,100,7.84172474896633,3.40204552002305,4,7.7288965715932,10,100,100,100,100,6.72697578263438,4.25295303946989,10,10,10,100,100,100,100
E01026236,East Midlands,E07000139,North Kesteven,404.6,12.5381832331665,1.88877904102818,4,8.70019772614928,10,100,100,100,100,9.92739276703112,3,4.7441917943648,7.2558082056352,10,100,100,100,100,7.71231286795627,4.7441917943648,10,10,10,100,100,100,100
E01026237,East Midlands,E07000139,North Kesteven,514.3,11.5766954851105,2.49387517013416,10,10,10,100,100,100,100,10.5918347742555,1,10,10,10,100,100,100,100,7.04365033621518,9.75403461014972,10,10,10,100,100,100,100
E01026238,East Midlands,E07000139,North Kesteven,466.3,15.6580115898035,0.282436199871327,10,10,10,28.2436199871327,100,100,100,13.0481100141044,1.49560368861248,10,10,10,100,100,100,100,8.43730606488011,9.77803988848381,10,10,10,100,100,100,100
E01026239,East Midlands,E07000140,South Holland,770.3,12.368782877772,0.720887965727638,1.72088796572764,8.60443982863819,10,72.0887965727638,100,100,100,9.02417225373904,1,1.72088796572764,4.94236011943399,10,100,100,100,100,6.88991232594121,2.72088796572764,10,10,10,100,100,100,100
E01026240,East Midlands,E07000140,South Holland,963.5,13.9001853344077,0.657706279190452,1.84981837052413,9.24909185262065,10,65.7706279190452,100,100,100,9.28300966962127,1,1.52797093928386,5.44981837052413,10,100,100,100,100,7.53578162771958,2.43248572911261,10,10,10,100,100,100,100
E01026241,East Midlands,E07000140,South Holland,698,45.3115370678657,0,0,3.19426934097421,3.99283667621776,0,0,79.8567335243553,79.8567335243553,35.0317423133236,0,0,4.73352435530086,9,0,0,100,100,16.4156759394827,0.293409742120344,10,10,10,14.6704871060172,100,100,100
E01026242,East Midlands,E07000140,South Holland,625.5,11.49022845953,1,3.67274180655476,7.49608313349321,10,100,100,100,100,8.56983028720627,1,2.67274180655476,4,7.83804956035172,100,100,100,100,6.87378590078329,3.83804956035172,10,10,10,100,100,100,100
E01026243,East Midlands,E07000140,South Holland,586.2,7.83433238636364,1,3.73729102695326,9.03718867280791,10,100,100,100,100,7.47491477272727,1,3,4.30330945069942,7.43398157625384,100,100,100,100,6.18417613636364,4,10,10,10,100,100,100,100
E01026244,East Midlands,E07000140,South Holland,560.4,26.6170475975521,0.65667380442541,2.60653104925054,5.79978586723769,7.35849393290507,42.6124197002141,72.6802284082798,81.7273376159886,81.7273376159886,16.2508650793651,0.817273376159886,2.09047109207709,4.73786581013562,9.45182012847966,81.7273376159886,100,100,100,9.02700793650794,3.01284796573876,10,10,10,100,100,100,100
E01026245,East Midlands,E07000140,South Holland,913,19.7793462654204,0.835706462212486,4.48116100766703,8.30120481927711,8.64096385542169,55.4874041621029,83.0120481927711,83.0120481927711,100,18.3995186194369,0.505147864184009,2.81533406352683,5.81533406352684,7.61730558598028,25.2573932092004,83.0120481927711,100,100,9.77452770208901,3.93428258488499,10,10,10,100,100,100,100
E01026246,East Midlands,E07000140,South Holland,931.6,56.7550535269556,0,2.08480034349506,4.02404465435809,4.944182052383,0,37.6341777586947,52.3937312151138,52.3937312151138,24.9281997428204,0.219836839845427,2.16337483898669,4.72606268784886,6.68151567196222,10.9918419922714,68.1515671962215,100,100,12.7066523789113,3.36882782310004,9.04454701588665,10,10,68.1515671962215,100,100,100
E01026247,East Midlands,E07000140,South Holland,864.4,9.47065002555217,1.16739935215178,6.26874132346136,9.64460897732531,10,88.1536325775104,100,100,100,8.04370804475226,1,2.62783433595558,7.63142063859324,10,100,100,100,100,6.43533830580714,3.8815363257751,10,10,10,100,100,100,100
E01026248,East Midlands,E07000140,South Holland,958.5,52.5577807250221,0,0.513302034428795,1.44747000521648,3.38549817423057,0,25.6651017214398,50.5894627021388,61.2728221178926,20.9319230769231,0.513302034428795,1.86844027125717,4.17798643714137,7.94053208137715,25.6651017214398,83.4950443401148,100,100,11.8816578249337,3.03328116849244,10,10,10,83.4950443401148,100,100,100
E01026249,East Midlands,E07000140,South Holland,797.3,42.8855171179538,0.256866925874828,0.385300388812241,1.8277938040888,2.86542079518375,12.8433462937414,12.8433462937414,67.1892637652076,85.4759814373511,30.975810663765,0.256866925874828,0.639408002006773,2.20757556754045,6.29700238304277,12.8433462937414,25.548726953468,100,100,11.8161099020675,1.51235419540951,10,10,10,100,100,100,100
E01026250,East Midlands,E07000140,South Holland,794.1,5.37846153846154,2,4.49981110691349,10,10,100,100,100,100,6.73211411105451,2,2.87104898627377,5,10,100,100,100,100,6.42191543555782,3.44138017881879,10,10,10,100,100,100,100
E01026251,East Midlands,E07000140,South Holland,731.1,16.699752647687,0.309807139926139,4,9.30980713992614,10,30.9807139926139,100,100,100,10.7658333333333,2,3,5.14006291888935,10,100,100,100,100,8.57266666666666,3,10,10,10,100,100,100,100
E01026252,East Midlands,E07000140,South Holland,805.2,9.27296402055968,1.68417784401391,3.6892697466468,9.53266269249876,10,100,100,100,100,7.96347801256425,2,3,5,10,100,100,100,100,7.05600228440891,4.1707650273224,10,10,10,100,100,100,100
E01026253,East Midlands,E07000140,South Holland,818.9,13.447560137457,0.914031017218219,2.69165954328978,7.65123946757846,10,58.835022591281,100,100,100,9.18307560137457,2,2.32568079130541,5,9.58835022591281,100,100,100,100,7.49097365406644,4.46330443277567,10,10,10,100,100,100,100
E01026254,East Midlands,E07000140,South Holland,863.3,27.2684928728575,0.646588671377273,1.23583922159157,5.39835514884745,6.76126491370323,32.3294335688637,45.6272442951465,100,100,18.6344724501758,0.912544885902931,3.27418047028843,5.63581605467393,9.35341132862273,45.6272442951465,100,100,100,10.0942497069168,4,10,10,10,100,100,100,100
E01026255,East Midlands,E07000140,South Holland,822.1,12.0607620528771,1.01131249239752,4.80379515873981,9,10,50.5656246198759,100,100,100,8.80308968377398,2,4,6,8.68300693346308,100,100,100,100,7.3137376879212,4.24911811215181,10,10,10,100,100,100,100
E01026256,East Midlands,E07000140,South Holland,762,21.0240384723957,1.03385826771654,2.76548556430446,6.87690288713911,7.90406824146982,51.6929133858268,75.0393700787401,100,100,11.9583525641026,1.23202099737533,3.5007874015748,5.73123359580052,7.18871391076115,61.6010498687664,100,100,100,8.38265384615385,3.5007874015748,10,10,10,100,100,100,100
E01026257,East Midlands,E07000140,South Holland,795.1,13.3783519146873,1.74242233681298,3.47956231920513,8.01383473776884,8.96968934725192,87.121116840649,87.121116840649,100,100,9.2342413960252,1.87121116840649,3.74242233681298,6,7.87121116840649,100,100,100,100,7.2561076102763,4.82304112690228,10,10,10,100,100,100,100
E01026258,East Midlands,E07000140,South Holland,742.4,13.0178768577495,0.655980603448276,5.89129849137931,9.50835129310345,10,65.5980603448276,100,100,100,9.10731422505308,2.1768588362069,5,7,9.1768588362069,100,100,100,100,7.21226114649682,5.86206896551724,10,10,10,100,100,100,100
E01026259,East Midlands,E07000140,South Holland,616.3,24.8877926322345,0,2.2764887230245,6.6341067661853,9.66769430472173,0,100,100,100,21.2280127462341,0.166152847639137,3.12429011844881,5.71150413759533,9.51176375141976,16.6152847639137,100,100,100,11.344281575898,3.00503001784845,10,10,10,100,100,100,100
E01026260,East Midlands,E07000140,South Holland,865.3,9.34198284080076,1,6.63677337339651,9.71200739627874,10,100,100,100,100,8.05378455672068,1.65711313995146,5.34288686004854,7,9,100,100,100,100,6.83666348903718,6,10,10,10,100,100,100,100
E01026262,East Midlands,E07000140,South Holland,633.9,11.0932515333564,0.8140085186938,2.73907556396908,7.91528632276384,9.52705474049535,81.40085186938,100,100,100,9.40717319177173,1.35242151758953,5,5.8140085186938,7.91039596150812,81.40085186938,100,100,100,7.21596549435965,5,10,10,10,100,100,100,100
E01026263,East Midlands,E07000140,South Holland,685.7,14.5728695786071,0.701327110981479,2.44800933352778,7.89601866705556,9.85066355549074,70.1327110981479,100,100,100,10.0952970981115,1.44800933352778,5,6,7.44800933352778,100,100,100,100,7.93436204514049,4.59734577803704,10,10,10,100,100,100,100
E01026264,East Midlands,E07000140,South Holland,657.4,4.53475829935935,1,3.75479160328567,10,10,100,100,100,100,6.57009900990099,3,5,6,9,100,100,100,100,5.99073966220151,5,10,10,10,100,100,100,100
E01026265,East Midlands,E07000140,South Holland,507.7,20.2574333561121,0,2.75359464250542,5.22808745322041,9.73527673823124,0,100,100,100,16.4040787623066,0.40338782745716,4.75359464250542,5.75359464250542,8.044711443766,20.169391372858,100,100,100,10.5399578059072,3.75359464250542,10,10,10,100,100,100,100
E01026266,East Midlands,E07000140,South Holland,833.4,13.1598364303625,1,4.75425965922726,10,10,87.7129829613631,100,100,100,9.34486448598131,3.2829373650108,5,6,9,100,100,100,100,7.74526635514019,5.26169906407488,10,10,10,100,100,100,100
E01026267,East Midlands,E07000140,South Holland,1138.6,17.8110710341969,0.231600210785175,2.87379237660285,7.64588090637625,10,23.1600210785175,100,100,100,11.1664030697364,2.41147022659406,5,6,8.68030915158967,100,100,100,100,8.90642976309643,4.7838573686984,10,10,10,100,100,100,100
E01026268,East Midlands,E07000140,South Holland,841.5,16.0560414645091,0.480332739156269,2.56375519904932,6.08092691622103,9.64991087344029,48.0332739156269,100,100,100,10.7000049358342,1.60059417706477,5,6,9.28128342245989,88.3303624480095,100,100,100,8.55151036525173,4.76161616161616,10,10,10,100,100,100,100
E01026269,East Midlands,E07000140,South Holland,905.7,14.3107626364592,0.289941481726841,3.02738213536491,7.00905377056421,10,28.9941481726841,100,100,100,9.6621107580572,2.17687976151043,5.14607485922491,6,9,100,100,100,100,8.20106218792556,5.45876117919841,10,10,10,100,100,100,100
E01026270,East Midlands,E07000140,South Holland,713.4,15.9160787826698,0.704373423044575,3.24810765349033,7.45234090271937,8.52186711522288,70.4373423044575,70.4373423044575,100,100,11.1124566929134,2.03770675637791,6,6.33333333333333,10,100,100,100,100,7.78751706036745,6,10,10,10,100,100,100,100
E01026271,East Midlands,E07000140,South Holland,704.1,14.7084312001354,0.635705155517682,4.08067035932396,9.65047578468968,10,43.0194574634285,100,100,100,10.164539083558,2.22468399375089,6,6.22468399375089,9.85456611276807,100,100,100,100,8.22154177897574,6,10,10,10,100,100,100,100
E01026272,East Midlands,E07000140,South Holland,477.7,10.4351880766501,1,4.47184425371572,9.72514130207243,10,100,100,100,100,8.30613910574876,3,5.51078082478543,6,9.51078082478543,100,100,100,100,7.02973030518098,5.785639522713,10,10,10,100,100,100,100
E01026273,East Midlands,E07000140,South Holland,633.8,14.1854902523969,0.805932470810981,5.8908172925213,9.67686967497633,10,80.5932470810981,100,100,100,9.73977508650519,4,5,7,9.44540864626065,100,100,100,100,8.04347750865052,5,10,10,10,100,100,100,100
E01026274,East Midlands,E07000140,South Holland,723.8,19.42801403308,0,4.62710693561757,7.94860458690246,10,0,100,100,100,11.6846140350877,3.20571981210279,5,6.76858248134844,9,100,100,100,100,8.7452701754386,5,10,10,10,100,100,100,100
E01026275,East Midlands,E07000140,South Holland,841.7,11.9302953787518,1.02946417963645,5.02946417963645,9.41285493643816,10,87.834145182369,100,100,100,8.95945688423059,3.87834145182369,5,6.44469525959368,9,100,100,100,100,7.3586231538828,5,10,10,10,100,100,100,100
E01026276,East Midlands,E07000140,South Holland,896.4,18.1776591018217,0.504016064257028,3.09817045961624,6.53302097278001,8.1338688085676,33.3333333333333,100,100,100,20.8445728643216,0,2.12338241856314,7.29551539491299,10,0,100,100,100,10.2344807370184,4.24219098616689,10,10,10,100,100,100,100
E01026277,East Midlands,E07000140,South Holland,651.5,5.27176332402949,1.50161166538757,5.84282425172678,8.97313891020722,10,100,100,100,100,6.96770881670534,2,4,5,9.15717574827321,100,100,100,100,6.6482192575406,4.15717574827322,10,10,10,100,100,100,100
E01026278,East Midlands,E07000140,South Holland,601.9,18.2820938998336,0.609901977072604,4.08390098022927,6.77620867253697,7.92390762585147,60.9901977072604,91.0616381458714,100,100,10.7810397111913,1.65110483469015,3.65974414354544,4.91061638145871,8.9930220966938,91.0616381458714,100,100,100,8.90272924187726,3.87107492939026,10,10,10,100,100,100,100
E01026279,East Midlands,E07000140,South Holland,634.7,10.8095609065156,1.44461950527808,5.27524814873168,8.77847802111234,10,100,100,100,100,8.43953257790368,2,4,5,9,100,100,100,100,7.23746458923513,4,10,10,10,100,100,100,100
E01026280,East Midlands,E07000140,South Holland,1029.7,49.7045947980843,0,0,0.550160240846849,2.7538117898417,0,0,34.8353889482374,90.0553559289113,32.4245709703288,0,0.146547538117898,2.66465960959503,6.68184908225697,0,14.6547538117898,100,100,14.7238291900561,0.699718364572206,10,10,10,49.7912013207731,100,100,100
E01026281,East Midlands,E07000140,South Holland,528.3,22.3765928024551,0.450123036153701,2.94529623320083,4.84554230550824,6.39541926935453,45.0123036153701,69.468105243233,100,100,18.880473022912,0,3.93923906871096,7.38936210486466,9.24455801627863,0,100,100,100,10.0678713968958,3.50085178875639,10,10,10,100,100,100,100
E01026282,East Midlands,E07000140,South Holland,737.2,26.4720756573947,0.433396635919696,2.61733586543679,4.93583830710798,6.49131850244167,43.3396635919696,61.0146500271297,61.0146500271297,100,16.3027889150943,0.433396635919696,2.42227346717309,7.10512750949539,9.4333966359197,43.3396635919696,100,100,100,9.29630306603774,2.683125339121,10,10,10,100,100,100,100
E01026283,East Midlands,E07000140,South Holland,658.7,32.7677991827204,0.420677091240322,1.83816608471231,3.5208744496736,4.63063610141187,42.0677091240322,42.0677091240322,42.0677091240322,84.4542280248975,14.8451663747811,0.420677091240322,2.84454228024897,6.10657355396994,10,42.0677091240322,100,100,100,8.19508464681845,3.38302717473812,10,10,10,100,100,100,100
E01026284,East Midlands,E07000140,South Holland,663.8,36.351267087957,0,0,2.6993070201868,6.69749924676107,0,0,100,100,29.577923750644,0,1.15878276589334,6.10274178969569,8.32087978306719,0,66.0439891533594,100,100,14.075265327151,2.49683639650497,10,10,10,100,100,100,100
E01026285,East Midlands,E07000140,South Holland,629.6,25.9572908551999,0.183926302414231,2.47617534942821,5.70108005082592,6.72903430749682,18.3926302414231,78.6531130876747,78.6531130876747,100,19.089594972067,0.563214739517154,2.3497458703939,5.30543202033037,9.77668360864041,56.3214739517154,100,100,100,9.78956005586592,3,10,10,10,100,100,100,100
E01026286,East Midlands,E07000140,South Holland,364,22.8897051195209,0.562637362637363,2.25054945054945,6.21978021978022,9.56263736263736,28.1318681318681,56.2637362637363,100,100,16.5087559808612,0,3,4.68791208791209,10,0,100,100,100,9.45492025518341,3,10,10,10,100,100,100,100
E01026287,East Midlands,E07000141,South Kesteven,622.2,14.9418828710186,0.831404693024751,4.7706525233044,7.5380906460945,10,60.2057216329155,100,100,100,12.2368688981869,4,4.60205721632915,7,10,100,100,100,100,9.56200836820084,4.37270973963356,10,10,10,100,100,100,100
E01026288,East Midlands,E07000141,South Kesteven,737.6,13.2615814682079,2.02413232104122,5.64723427331887,10,10,100,100,100,100,10.181272294887,4,5.47654555314534,7,10,100,100,100,100,8.61834126040428,5.33568329718004,10,10,10,100,100,100,100
E01026289,East Midlands,E07000141,South Kesteven,790,18.5187976719185,0,5,9.09962025316456,10,0,100,100,100,12.263479184367,3.39569620253165,5.79810126582279,7,10,100,100,100,100,8.85901869158879,5.69987341772152,10,10,10,100,100,100,100
E01026290,East Midlands,E07000141,South Kesteven,970.5,10.0265397176591,0.728696548171046,4.2757341576507,5.81318907779495,8.94611025244719,72.8696548171046,100,100,100,12.0150430839002,0.544873776403916,1.39680577022154,4.2160741885626,6.78588356517259,54.4873776403916,100,100,100,7.67421315192744,2.95023183925812,10,10,10,100,100,100,100
E01026291,East Midlands,E07000141,South Kesteven,814.2,16.9685436217138,0,7,9.55404077622206,10,0,100,100,100,17.1933696215656,0,8,10,10,0,100,100,100,10.4093312597201,9.64959469417834,10,10,10,100,100,100,100
E01026292,East Midlands,E07000141,South Kesteven,648.3,10.2920712023142,1.39472466450717,5.20869967607589,7,10,100,100,100,100,8.65988372093023,1,7,10,10,100,100,100,100,6.82920058139535,7.4028998920253,10,10,10,100,100,100,100
E01026293,East Midlands,E07000141,South Kesteven,768.1,10.2322216327402,1.11756281734149,4.86473115479755,8.23512563468299,10,84.7025126936597,100,100,100,10.7521364282331,1.45892461919021,6.8470251269366,9.54107538080979,10,100,100,100,100,8.11668877309332,7.18838692878531,10,10,10,100,100,100,100
E01026294,East Midlands,E07000141,South Kesteven,661,10.9334702750047,1.8428139183056,5,8.8428139183056,10,100,100,100,100,13.229625,2.58532526475038,7,10,10,100,100,100,100,9.3097380952381,6.31437216338881,10,10,10,100,100,100,100
E01026296,East Midlands,E07000141,South Kesteven,682.9,14.5458765194046,1.04598037780056,3.04598037780056,6.23341631278372,10,69.1170010250403,100,100,100,10.6159362549801,2.07351003075121,3,4,7.31044076731586,69.1170010250403,100,100,100,7.6802390438247,3.66364035729975,10,10,10,100,100,100,100
E01026297,East Midlands,E07000141,South Kesteven,571.9,7.00161898115841,2.63664976394475,4,9.63664976394475,10,100,100,100,100,7.41381716678297,3,3,4,7.36335023605526,100,100,100,100,6.70558269364969,3.57614967651687,10,10,10,100,100,100,100
E01026298,East Midlands,E07000141,South Kesteven,899,11.2134490852646,2.13548387096774,3.81690767519466,10,10,84.2491657397108,100,100,100,9.01036156041865,3,3,4,7,100,100,100,100,7.93483824928639,3,10,10,10,100,100,100,100
E01026299,East Midlands,E07000141,South Kesteven,756.5,6.56158529580701,3,3.78083278255122,10,10,100,100,100,100,7.26816197587593,3,3,4,7,100,100,100,100,6.82777139574957,3,10,10,10,100,100,100,100
E01026300,East Midlands,E07000141,South Kesteven,634.7,12.0045613322599,1.93556010713723,3.19836143059713,8.86938711202143,10,80.4947219158658,100,100,100,8.9230971659919,3,3,4,7.23964077516937,100,100,100,100,7.56578272604588,3,10,10,10,100,100,100,100
E01026301,East Midlands,E07000141,South Kesteven,700.9,8.48886519420968,2.07633043230133,4.03894992152946,9.70352404051933,10,100,100,100,100,8.07618816682832,3,3,4,7.4071907547439,100,100,100,100,6.91405916585839,3,10,10,10,100,100,100,100
E01026302,East Midlands,E07000141,South Kesteven,491,5.51764255319149,2.46578411405295,4.5020366598778,8.96782077393075,10,100,100,100,100,6.95749787234042,3,3,4,7.53421588594705,100,100,100,100,6.41826382978723,4,10,10,10,100,100,100,100
E01026303,East Midlands,E07000141,South Kesteven,489,13.7122575998121,1,3.31329243353783,10,10,100,100,100,100,12.6183475562452,1,2,7,10,100,100,100,100,9.61969743987587,2.26175869120654,10,10,10,100,100,100,100
E01026304,East Midlands,E07000141,South Kesteven,533,22.0642539131022,0,1,3.78893058161351,9.02532833020638,0,100,100,100,17.965499334221,0,2,7.19493433395873,10,0,100,100,100,11.0915046604527,2.80506566604128,10,10,10,100,100,100,100
E01026305,East Midlands,E07000141,South Kesteven,625.2,17.2066789556411,0.223128598848368,2.22312859884837,10,10,22.3128598848369,100,100,100,11.5801731927711,1,2,7,10,100,100,100,100,9.6775,2.22312859884837,10,10,10,100,100,100,100
E01026306,East Midlands,E07000141,South Kesteven,707.2,20.2608289632614,0,1.93028846153846,8.76993778280543,10,0,100,100,100,15.5539233370913,0.324943438914027,2.17802601809955,7.17802601809955,10,32.4943438914027,100,100,100,10.5826888387824,3,10,10,10,100,100,100,100
E01026307,East Midlands,E07000141,South Kesteven,576.9,17.5939038123242,0,1.9291038308199,9.4037094817126,10,0,100,100,100,13.5760173501577,0.701854740856301,2.20176807072283,7.20176807072283,10,70.1854740856301,100,100,100,9.83748422712934,3.13069856127578,10,10,10,100,100,100,100
E01026308,East Midlands,E07000141,South Kesteven,625.3,8.45473417721519,1.65264672956981,7.95618103310411,10,10,100,100,100,100,8.61632278481013,2.98816568047337,9,10,10,100,100,100,100,7.17487974683544,8.67279705741244,10,10,10,100,100,100,100
E01026309,East Midlands,E07000141,South Kesteven,690.4,12.9809431904633,2,7.10037659327926,10,10,100,100,100,100,11.1630730793254,4,8.20365005793743,10,10,100,100,100,100,8.7440099937539,9,10,10,10,100,100,100,100
E01026310,East Midlands,E07000141,South Kesteven,441.7,13.830504832128,1.91487434910573,7.20919175911252,10,10,72.2209644555128,100,100,100,11.226490228013,3.27779035544487,9,10,10,100,100,100,100,8.42914495114007,9.23522752999774,10,10,10,100,100,100,100
E01026311,East Midlands,E07000141,South Kesteven,673.5,14.7726462315955,1.2913140311804,8.40682999257609,10,10,72.279138827023,100,100,100,10.4757142857143,4,9,10,10,100,100,100,100,8.04814402810304,9.15426874536006,10,10,10,100,100,100,100
E01026312,East Midlands,E07000141,South Kesteven,474.1,11.7323029472241,1.50010546298249,9.74119384096182,10,10,100,100,100,100,9.43116518163125,4,9,10,10,100,100,100,100,7.49979437971213,9.50010546298249,10,10,10,100,100,100,100
E01026313,East Midlands,E07000141,South Kesteven,650.5,18.6484136113219,0.172636433512683,4.40983858570331,8.77432744043044,10,17.2636433512683,100,100,100,18.227838730998,1.26272098385857,4.8598001537279,8.47624903920062,10,56.6026133743274,100,100,100,9.84441506939855,6.66348962336664,10,10,10,100,100,100,100
E01026314,East Midlands,E07000141,South Kesteven,499.4,5.79239065468311,1,3.884261113336,9.30036043251902,10,100,100,100,100,7.0088828125,1,1.30036043251902,6.49158990788947,10,100,100,100,100,6.0075078125,2,10,10,10,100,100,100,100
E01026315,East Midlands,E07000141,South Kesteven,954.7,13.0771596974996,0.923012464648581,5.90080653608463,8.16905834293495,9.65266575887713,72.085471875982,82.6332879438567,100,100,11.7403418013857,0.984602492929716,6.53723682832303,10,10,72.085471875982,100,100,100,7.8373856812933,7.48036032261443,10,10,10,100,100,100,100
E01026316,East Midlands,E07000141,South Kesteven,898.1,17.4521486978409,1.32702371673533,3.37267564859147,6.09119251753702,7.8507961251531,66.3511858367665,77.9200534461641,89.4889210555617,100,15.7570966453674,0.77341053334818,2.26166351185837,4.05600712615522,9.12047656163011,38.670526667409,100,100,100,9.19113418530351,3.07115020599043,10,10,10,100,100,100,100
E01026317,East Midlands,E07000141,South Kesteven,868.8,10.5089956040278,2.58436924493554,10,10,10,88.0409760589319,100,100,100,8.64608733624454,5.06273020257827,8.88040976058932,10,10,100,100,100,100,7.94780786026201,9.69808931860037,10,10,10,100,100,100,100
E01026318,East Midlands,E07000141,South Kesteven,749.1,12.6501035569563,1.4202376184755,9.05046055266319,10,10,100,100,100,100,9.16185952273751,4.21011880923775,8.78988119076225,10,10,100,100,100,100,7.78151283205763,9.78988119076225,10,10,10,100,100,100,100
E01026319,East Midlands,E07000141,South Kesteven,1052.4,13.8657087649924,0.70381984036488,9.08770429494489,10,10,70.381984036488,100,100,100,10.2047427854454,3.86440516913721,8.86440516913721,10,10,100,100,100,100,8.5674947720619,9.19051691372102,10,10,10,100,100,100,100
E01026320,East Midlands,E07000141,South Kesteven,599.1,25.7821609076844,0,3.95943915873811,8.56885327991988,10,0,100,100,100,13.351459515214,2.65314638624604,8,10,10,100,100,100,100,9.72104177411037,9.26256050742781,10,10,10,100,100,100,100
E01026321,East Midlands,E07000141,South Kesteven,487.9,20.8236673220415,0,5.47960647673704,9.26665300266448,10,0,100,100,100,13.1802201974184,3,8,10,10,100,100,100,100,9.25492027334852,10,10,10,10,100,100,100,100
E01026322,East Midlands,E07000141,South Kesteven,533,13.7229173166927,1.61013133208255,6.24202626641651,10,10,80.5065666041276,100,100,100,9.5686271450858,4,8,10,10,100,100,100,100,8.67531981279251,9.13771106941839,10,10,10,100,100,100,100
E01026323,East Midlands,E07000141,South Kesteven,842.6,8.64175209366627,2.56028957987183,8.5378590078329,10,10,87.669119392357,100,100,100,8.29833682008368,4.23285070021362,7.67991929741277,10,10,100,100,100,100,7.26960251046025,8.26892950391645,10,10,10,100,100,100,100
E01026324,East Midlands,E07000141,South Kesteven,888.7,13.1567637508298,1.75199729942613,6.47811409924609,10,10,87.5998649713064,100,100,100,12.8837433862434,2,7.15933385844492,10,10,100,100,100,100,9.99425925925926,7.55598064588725,10,10,10,100,100,100,100
E01026325,East Midlands,E07000141,South Kesteven,598.1,7.45690289106406,1.57900016719612,5,8.37368333054673,10,100,100,100,100,7.60103448275862,3.43855542551413,7,10,10,100,100,100,100,6.76840996168582,6,10,10,10,100,100,100,100
E01026326,East Midlands,E07000141,South Kesteven,638.8,9.94909281636325,3.4073262366938,5.61740763932373,10,10,100,100,100,100,8.83700545702592,5,7.57795867251096,10,10,100,100,100,100,7.23104365620737,7.61584220413275,10,10,10,100,100,100,100
E01026327,East Midlands,E07000141,South Kesteven,609.5,11.7695041701107,2.02067268252666,5,9.65906480721903,10,100,100,100,100,9.7320799407846,4.40623461853979,7,10,10,100,100,100,100,8.17079940784604,6,10,10,10,100,100,100,100
E01026328,East Midlands,E07000141,South Kesteven,598,5.27596480201131,2,5.38946488294314,10,10,100,100,100,100,6.97839723444375,3.70685618729097,7,10,10,100,100,100,100,6.34667504714016,6.38946488294314,10,10,10,100,100,100,100
E01026329,East Midlands,E07000141,South Kesteven,829.9,9.81276409312017,0.868538378117846,1.6270635016267,7.02518375707917,10,86.8538378117846,100,100,100,9.76092315901814,0.874804193276299,1.21737558742017,4.21737558742017,8.59525244005302,87.4804193276299,100,100,100,6.98531483457844,1.55368116640559,10,10,10,100,100,100,100
E01026330,East Midlands,E07000141,South Kesteven,819.3,21.8359048136089,0.626022214085195,3.68753814231661,7.32381301110704,9.05504699133407,46.0881240082998,58.7696814353717,100,100,29.4288664323374,0,0.791163188087392,5.58916147931161,10,0,46.0881240082998,100,100,13.1918629173989,1.64286586110094,10,10,10,71.4512388624436,100,100,100
E01026331,East Midlands,E07000141,South Kesteven,1072.1,14.0571467820775,0.698628859248205,1.60358175543326,5.92929764014551,8.40098871373939,69.8628859248204,90.3087398563567,90.3087398563567,100,11.7103896103896,0.698628859248205,1.75533998694152,5.74293442775861,10,69.8628859248204,100,100,100,8.22124360487997,2.44902527749277,10,10,10,100,100,100,100
E01026332,East Midlands,E07000141,South Kesteven,976.7,28.2075373657004,0,2.20415685471486,5.39172724480393,8.62690693150405,0,69.0693150404423,89.3621378109962,100,33.1710552763819,0,0.728268659772704,4.16350977782328,9.2738814374936,0,31.5859526978601,100,100,15.7883508451348,0.937749564861268,10,10,10,31.5859526978601,100,100,100
E01026333,East Midlands,E07000141,South Kesteven,974.5,20.1058981641502,0.420831195484864,5.71103129810159,7.49861467419189,8.43088763468445,42.0831195484864,82.5654181631606,100,100,23.8234569331788,0,1.25715751667522,7.86998460749102,10,0,87.0805541303232,100,100,11.6215565855543,1.93966136480246,10,10,10,100,100,100,100
E01026334,East Midlands,E07000141,South Kesteven,649.3,21.5247335152206,0,2.38441398429078,9.25026952102264,10,0,100,100,100,13.8466666666667,0.81256738025566,1.81256738025566,6.6171261358386,10,81.256738025566,100,100,100,9.75520873474631,2,10,10,10,100,100,100,100
E01026335,East Midlands,E07000141,South Kesteven,619,16.2983521180708,0.601615508885299,4.39466882067851,10,10,60.1615508885299,100,100,100,10.6804909213181,1,2,7,10,100,100,100,100,8.77765299260255,2.81001615508885,10,10,10,100,100,100,100
E01026336,East Midlands,E07000141,South Kesteven,696.6,8.86230117340287,1,3.18819982773471,10,10,100,100,100,100,8.23647979139505,1,2,6,10,100,100,100,100,7.61071707953064,2,10,10,10,100,100,100,100
E01026337,East Midlands,E07000141,South Kesteven,635.8,11.4506537520478,1,3.04639823843976,10,10,100,100,100,100,9.13310054482417,1,2,7,10,100,100,100,100,8.05397226349678,2.32683233721296,10,10,10,100,100,100,100
E01026338,East Midlands,E07000141,South Kesteven,498.4,7.63312004450938,0.848515248796148,2.1368378812199,5.97712680577849,8.7199036918138,84.8515248796148,100,100,100,8.1834439178515,0.848515248796148,1.776886035313,6.3029695024077,10,84.8515248796148,100,100,100,6.53011058451817,2.4169341894061,10,10,10,100,100,100,100
E01026339,East Midlands,E07000141,South Kesteven,565.5,12.9196656050955,0.510167992926614,2.02033598585323,3.56763925729443,9.74394341290893,51.0167992926614,100,100,100,8.94632165605096,1,3.07780725022104,6,9.28381962864722,100,100,100,100,7.28591560509554,2.56763925729443,10,10,10,100,100,100,100
E01026340,East Midlands,E07000141,South Kesteven,926.4,18.0770912304975,0,8.55051813471503,10,10,0,100,100,100,16.7363040509786,0.310233160621762,8.00226683937824,10,10,15.5116580310881,100,100,100,10.7903914428766,8.74859671848014,10,10,10,100,100,100,100
E01026341,East Midlands,E07000141,South Kesteven,603.2,16.9382829236831,0,4.3183023872679,5.77569628647215,10,0,100,100,100,18.7248874598071,0,4,4.22430371352785,7,0,100,100,100,9.24171704180064,4,10,10,10,100,100,100,100
E01026342,East Midlands,E07000141,South Kesteven,580.1,21.871613303544,0,2.5767971039476,4.29839682813308,9.22599551801414,0,100,100,100,22.0086717663421,0,4,4,7,0,100,100,100,10.9721488178025,4,10,10,10,100,100,100,100
E01026343,East Midlands,E07000141,South Kesteven,876,10.2799309133191,2.11244292237443,8.03230593607306,10,10,100,100,100,100,8.56916578108395,5.11495433789954,8,10,10,100,100,100,100,7.18032412327311,9.27785388127854,10,10,10,100,100,100,100
E01026344,East Midlands,E07000141,South Kesteven,704,9.3020966380312,1.24886363636364,7.0296875,10,10,100,100,100,100,8.85759847522236,4.24133522727273,8,10,10,100,100,100,100,7.64837357052097,9.60355113636364,10,10,10,100,100,100,100
E01026345,East Midlands,E07000141,South Kesteven,644.2,13.0253469751059,2.14327848494256,6.28515988823347,10,10,77.5225085377212,100,100,100,9.83269543464665,5,8,10,10,100,100,100,100,7.81024390243903,8,10,10,10,100,100,100,100
E01026346,East Midlands,E07000141,South Kesteven,528.8,9.10286326121205,2.28971255673222,4.803517397882,10,10,100,100,100,100,8.72470844212359,4,4.803517397882,6.803517397882,10,100,100,100,100,7.19440382941688,4,10,10,10,100,100,100,100
E01026347,East Midlands,E07000141,South Kesteven,668.3,8.13961910519952,3.68906179859345,5.5258117611851,10,10,100,100,100,100,8.06154171704958,4,5.5258117611851,7.18988478228341,10,100,100,100,100,7.2175876662636,5.05162352237019,10,10,10,100,100,100,100
E01026348,East Midlands,E07000141,South Kesteven,488.9,11.0451385604816,2,4.8003681734506,9.75536919615463,10,100,100,100,100,10.2494457640538,4,4.72100634076498,7,10,100,100,100,100,8.15371338083927,4,10,10,10,100,100,100,100
E01026349,East Midlands,E07000141,South Kesteven,803.7,12.0635987460815,2.07042428766953,6.18016672887893,10,10,84.3349508523081,100,100,100,9.07812539184953,4,6,7.19186263531168,10,100,100,100,100,7.76284012539185,6,10,10,10,100,100,100,100
E01026350,East Midlands,E07000141,South Kesteven,796.4,5.30487749287749,3.36878453038674,5.98556002009041,10,10,100,100,100,100,7.03700284900285,4,5.71408839779006,7.83400301356102,10,100,100,100,100,6.7462735042735,5.13046207935711,10,10,10,100,100,100,100
E01026351,East Midlands,E07000141,South Kesteven,866.6,6.23270997375328,3.69259173782599,6.64170320793907,10,10,100,100,100,100,7.3346719160105,4,6,7.84629586891299,10,100,100,100,100,6.39394356955381,5.64170320793907,10,10,10,100,100,100,100
E01026352,East Midlands,E07000141,South Kesteven,557.1,10.7474062267343,2.15993537964459,5.71549093520014,10,10,100,100,100,100,9.56766161213089,3.71549093520014,7.35774546760007,10,10,100,100,100,100,8.82505985634477,6.35774546760007,10,10,10,100,100,100,100
E01026353,East Midlands,E07000141,South Kesteven,866.6,6.09221025965801,3.41530117701362,8.27244403415647,10,10,100,100,100,100,6.97229259024699,4.88010616201246,8,10,10,100,100,100,100,7.11273590880304,7.58596815139626,10,10,10,100,100,100,100
E01026354,East Midlands,E07000141,South Kesteven,492,16.6554203507831,0.46280487804878,4.20487804878049,10,10,46.280487804878,100,100,100,12.3527015437393,2.48414634146342,6.74207317073171,10,10,100,100,100,100,10.7233018867925,6,10,10,10,100,100,100,100
E01026355,East Midlands,E07000141,South Kesteven,995.7,10.129239735506,0.616450738174149,5.2194436075123,10,10,61.6450738174149,100,100,100,10.2832052821128,0.846138395098925,3,8.6745003515115,10,84.6138395098925,100,100,100,7.74408963585434,2.15386160490107,10,10,10,100,100,100,100
E01026356,East Midlands,E07000141,South Kesteven,569.7,20.9408934000444,0,4.38476391083026,8.78637879585747,10,0,100,100,100,17.4246714848883,0,5,7.20800421274355,10,0,100,100,100,10.6264651773982,6,10,10,10,100,100,100,100
E01026357,East Midlands,E07000141,South Kesteven,592.7,17.8113219710444,0,5,10,10,0,100,100,100,14.8166690751445,1.40543276531129,5,7.36291547157078,10,79.6524379956133,100,100,100,9.56540462427746,6,10,10,10,100,100,100,100
E01026358,East Midlands,E07000141,South Kesteven,630.5,16.7132341704393,0,5.57573354480571,10,10,0,100,100,100,12.0069615663524,2.82188739095956,5.62553528945282,7,10,100,100,100,100,8.75105148658448,6,10,10,10,100,100,100,100
E01026359,East Midlands,E07000141,South Kesteven,674.6,16.0111110717531,0.308034390750074,6.20367625259413,9.79632374740587,10,15.4017195375037,100,100,100,11.8352952380952,2.69374444115031,5.75111176993774,7,10,100,100,100,100,8.67916825396826,6,10,10,10,100,100,100,100
E01026360,East Midlands,E07000141,South Kesteven,884.5,22.2844090625852,0,3.11034482758621,6.24431882419446,9.24194460146976,0,85.0537026568683,100,100,22.3790139534884,0,3,4,8.0272470322216,0,100,100,100,13.0088093023256,2.52673827020916,10,10,10,100,100,100,100
E01026361,East Midlands,E07000141,South Kesteven,1156.2,14.2479681308038,0.510897768552154,2.06080262930289,8.62056737588652,10,51.0897768552154,86.7496972842069,100,100,13.5016981132075,0.680591593149974,1,2.16969382459782,5.59617713198409,68.0591593149974,100,100,100,8.66287010159652,1.86749697284207,10,10,10,100,100,100,100
E01026362,East Midlands,E07000141,South Kesteven,643.2,22.2764440040066,0.161536069651741,2.13075248756219,6.96921641791045,10,16.1536069651741,100,100,100,19.3594634703196,0,1,4.69993781094527,10,0,100,100,100,11.056700913242,1.16153606965174,10,10,10,100,100,100,100
E01026363,East Midlands,E07000141,South Kesteven,582.1,22.8909130076188,0.196358014086927,3.07215255110806,4.49733722728054,8.04810170073871,19.6358014086927,89.1942965126267,100,100,25.4271196036801,0,2.29926129531008,6.60539426215427,10,0,57.4815323827521,100,100,12.1990304317056,3.56777186050507,10,10,10,89.1942965126267,100,100,100
E01026364,East Midlands,E07000141,South Kesteven,688.3,22.0770264655044,0,3.90382100828127,7.9282289699259,10,0,100,100,100,24.306668475312,0,1,4.99694900479442,10,0,100,100,100,12.2105588714053,1.21037338369897,10,10,10,100,100,100,100
E01026365,East Midlands,E07000141,South Kesteven,945.3,7.49218471660638,0.985613032899609,4.16428646990373,7.58605733629536,9.30297260129059,64.9317676927959,100,100,100,8.5947574862927,0.847984766740717,3.15201523325928,9.44409182270179,10,84.7984766740717,100,100,100,6.92976381273724,3.64138368771818,10,10,10,100,100,100,100
E01026366,East Midlands,E07000142,West Lindsey,982,26.5423228487484,0,2.26537678207739,7.72291242362525,8.94908350305499,0,89.4908350305499,89.4908350305499,89.4908350305499,14.4205059392873,0.789816700610998,1,1.90651731160896,8.15926680244399,78.9816700610998,100,100,100,11.6182050153982,0.894908350305499,10,10,10,89.4908350305499,100,100,100
E01026367,East Midlands,E07000142,West Lindsey,736.1,12.4564755260654,0.570846352397772,4.72829778562695,9.41393832359734,10,57.0846352397772,100,100,100,12.7474451219512,0.668523298464882,1.17565548159217,4.30050264909659,10,66.8523298464882,100,100,100,7.76810365853658,2.01426436625459,10,10,10,100,100,100,100
E01026368,East Midlands,E07000142,West Lindsey,688.1,15.5566793271839,0.380322627525069,2.61517221334108,9.61967737247493,10,38.0322627525069,100,100,100,9.87883884970157,1,1,2,9,100,100,100,100,7.31203472599023,1,10,10,10,100,100,100,100
E01026369,East Midlands,E07000142,West Lindsey,506.6,6.00586202818772,1,10,10,10,100,100,100,100,7.82626053639847,1,9.51440979076194,10,10,100,100,100,100,6.79464367816092,9.51440979076194,10,10,10,100,100,100,100
E01026370,East Midlands,E07000142,West Lindsey,810.1,11.2058948243586,1,8.52265152450315,10,10,100,100,100,100,10.0255864465682,1,10,10,10,100,100,100,100,7.65478279756733,9.8726083199605,10,10,10,100,100,100,100
E01026371,East Midlands,E07000142,West Lindsey,499.4,11.1223255281211,1,8.78293952743292,10,10,100,100,100,100,10.7172012830794,1,6.98958750500601,10,10,100,100,100,100,8.3900882117081,6.57629154985983,10,10,10,100,100,100,100
E01026372,East Midlands,E07000142,West Lindsey,952.9,18.0873716604639,0.518627348095288,6.20411375800189,9.0353657256795,9.83377059502571,51.8627348095288,80.8584321544758,100,100,16.5593041749503,0.808584321544758,2.64455871550005,8.57697554832616,9.78339804806381,80.8584321544758,89.1699024031903,100,100,10.4213320079523,3.84814775947109,10,10,10,89.1699024031903,100,100,100
E01026373,East Midlands,E07000142,West Lindsey,741.3,17.9359867726639,0,7.03790638068258,9.46040739241872,9.52785646836638,0,100,100,100,19.9476448422044,0.101308512073385,1.74261432618373,8.32483474976393,9.69634426008364,10.1308512073385,92.5401322001889,100,100,10.0845219029675,4.99001753675975,10,10,10,100,100,100,100
E01026374,East Midlands,E07000142,West Lindsey,648.5,17.0137390618861,0.229915188897456,5.54016962220509,10,10,22.9915188897456,100,100,100,12.9743757725587,2.9597532767926,6,9.41958365458751,10,100,100,100,100,9.47730531520395,6,10,10,10,100,100,100,100
E01026375,East Midlands,E07000142,West Lindsey,648.5,16.1916944105188,0.467848882035466,4.62698535080956,10,10,46.7848882035466,100,100,100,13.6392944949225,1.53215111796453,6,9.53215111796453,10,100,100,100,100,9.27738107963656,6.53215111796453,10,10,10,100,100,100,100
E01026376,East Midlands,E07000142,West Lindsey,783,16.5652753784308,0.390166028097063,5.16117496807152,9.77892720306513,10,39.0166028097062,100,100,100,12.2043764044944,2.94010217113665,6,9.77892720306513,10,100,100,100,100,9.4067191011236,6,10,10,10,100,100,100,100
E01026377,East Midlands,E07000142,West Lindsey,874.6,16.3995893809919,0.235993597072948,6,8.76766521838555,10,23.5993597072948,100,100,100,12.3130744920993,3.62577178138578,6,8.90589983992682,10,100,100,100,100,8.98619864559819,6.35399039560942,10,10,10,100,100,100,100
E01026378,East Midlands,E07000142,West Lindsey,723.7,7.25599883517764,5,7.46414260052508,10,10,100,100,100,100,7.57245195107746,5,5.21472986043941,8.93381235318502,10,100,100,100,100,6.78960978450786,7,10,10,10,100,100,100,100
E01026379,East Midlands,E07000142,West Lindsey,665.1,7.57806145251397,3.8276950834461,7.311983160427,10,10,100,100,100,100,7.63617318435754,5,5.82604119681251,9.3417531198316,10,100,100,100,100,6.83027374301676,7,10,10,10,100,100,100,100
E01026380,East Midlands,E07000142,West Lindsey,692.3,13.1555051439248,1.96533294814387,7.5015166835187,9.85093167701863,10,70.1863354037267,100,100,100,10.4497567820393,4.79965332948144,6,8.98945543839376,10,100,100,100,100,7.71405986903648,7,10,10,10,100,100,100,100
E01026381,East Midlands,E07000142,West Lindsey,808,3.29318154583583,4.2825495049505,6.34839108910891,10,10,100,100,100,100,6.55947273816657,5,5.83873762376238,8,10,100,100,100,100,6.28514080287597,7,10,10,10,100,100,100,100
E01026382,East Midlands,E07000142,West Lindsey,621.3,13.5343821485201,1.02011910510221,7.8540157733784,10,10,83.3896668276195,100,100,100,11.4595194508009,2.50169000482859,5.1661033317238,10,10,100,100,100,100,8.40140732265446,7.1661033317238,10,10,10,100,100,100,100
E01026383,East Midlands,E07000142,West Lindsey,584.9,9.05570992138234,3.79671738758762,9.79671738758762,10,10,100,100,100,100,8.03821949347659,3.79671738758762,5.6202769704223,10,10,100,100,100,100,6.65090560245587,7.6202769704223,10,10,10,100,100,100,100
E01026384,East Midlands,E07000142,West Lindsey,930.1,5.11769072164948,4.58628104504892,9.46984195247823,10,10,100,100,100,100,6.73756701030928,4.86657348672186,5.58628104504892,10,10,100,100,100,100,6.23807731958763,7.41371895495108,10,10,10,100,100,100,100
E01026385,East Midlands,E07000142,West Lindsey,442,12.8241388195535,0.466968325791855,4.40090497737557,6.81131221719457,9.31131221719457,46.6968325791855,100,100,100,12.0151130434783,0.466968325791855,2,8.26651583710407,10,46.6968325791855,100,100,100,7.67862608695652,4.43393665158371,10,10,10,100,100,100,100
E01026386,East Midlands,E07000142,West Lindsey,598.4,9.55673845638745,0.670788770053476,3.69685828877005,8.10795454545455,10,67.0788770053476,100,100,100,13.3930598520511,0.670788770053476,2.17245989304813,5.69000668449198,9.9024064171123,67.0788770053476,100,100,100,8.20246805648958,3.51737967914439,10,10,10,100,100,100,100
E01026387,East Midlands,E07000142,West Lindsey,1054,23.5200829065763,0.408444022770398,0.770493358633776,1.48453510436433,1.67153700189753,40.8444022770398,77.0493358633776,90.1043643263757,90.1043643263757,17.4221757164404,0.300664136622391,1.49364326375712,3.95863377609108,8.16717267552182,30.0664136622391,100,100,100,10.0349283559578,2.02685009487666,10,10,10,100,100,100,100
E01026388,East Midlands,E07000142,West Lindsey,857.1,14.6187315984637,0.572978648932447,5.74110372185276,9.87959397969898,10,57.2978648932447,100,100,100,17.188594415523,0.175125422937814,4.7461206393653,9.29203126823008,10,17.5125422937814,100,100,100,9.43163748225272,6.58324582895811,10,10,10,100,100,100,100
E01026389,East Midlands,E07000142,West Lindsey,711,11.5314808652246,0.854852320675106,4.80928270042194,9.85485232067511,10,85.4852320675106,100,100,100,8.59127010537992,1,2,3,8,100,100,100,100,7.95650582362729,2.41209563994374,10,10,10,100,100,100,100
E01026390,East Midlands,E07000142,West Lindsey,837.2,8.5669714337726,0.929049211657907,3.17558528428094,9.43239369326326,10,92.9049211657907,100,100,100,8.04201902748414,0.929049211657907,1.46942188246536,3,7.78714763497372,92.9049211657907,100,100,100,7.11447674418605,1.76086956521739,10,10,10,100,100,100,100
E01026391,East Midlands,E07000142,West Lindsey,815.4,17.0737836701791,0.291513367672308,2.25435369143979,5.67770419426049,8.79126808928133,29.1513367672308,88.1039980377729,100,100,14.9630488361479,0.572847682119205,2.06254598969831,3.69560951680157,5.86313465783664,57.2847682119205,88.1039980377729,100,100,9.42141031492469,2.80549423595781,9.76207996075546,10,10,88.1039980377729,100,100,100
E01026392,East Midlands,E07000142,West Lindsey,1173.8,31.4164727124357,0,2.06934741864031,6.07036973930823,7.49309933549156,0,81.3511671494292,81.3511671494292,90.1431248935083,19.3275202069188,0.603935934571477,0.813511671494292,2.64832169023684,7.08527858238201,60.3935934571477,81.3511671494292,100,100,10.9100129324281,1.19892656329869,10,10,10,81.3511671494292,100,100,100
E01026393,East Midlands,E07000142,West Lindsey,629.7,8.55388037077099,1.83611243449262,8.75162775925044,10,10,100,100,100,100,7.75404814004376,2,10,10,10,100,100,100,100,6.73067833698031,10,10,10,10,100,100,100,100
E01026394,East Midlands,E07000142,West Lindsey,691.2,14.5716229396595,1.08608217592593,8.70630787037037,9.43923611111111,10,75.7233796296296,90.6539351851852,100,100,10.4522761009401,1.92332175925926,10,10,10,90.6539351851852,100,100,100,7.94209797130134,10,10,10,10,100,100,100,100
E01026395,East Midlands,E07000142,West Lindsey,657.8,6.59938747419133,1.64183642444512,10,10,10,100,100,100,100,7.13732278045423,2,10,10,10,100,100,100,100,6.54782518926359,10,10,10,10,100,100,100,100
E01026396,East Midlands,E07000142,West Lindsey,545.2,11.9709330143541,0.610051357300073,7.6041819515774,10,10,61.0051357300073,100,100,100,8.71216905901116,1,2.18158473954512,10,10,100,100,100,100,7.94275119617225,3.55245781364637,10,10,10,100,100,100,100
E01026397,East Midlands,E07000142,West Lindsey,1043.7,16.1195740686051,0.347705279294816,4.92507425505413,10,10,34.7705279294816,100,100,100,14.6316432302129,0.530516431924883,5.24652677972597,9.58033917792469,10,53.0516431924883,100,100,100,9.16120932101246,5.24240682188368,10,10,10,100,100,100,100
E01026398,East Midlands,E07000142,West Lindsey,699.6,8.66408302363192,1,5.29817038307604,9.92395654659806,10,100,100,100,100,8.2661214057508,0.923956546598056,2.41580903373356,10,10,92.3956546598056,100,100,100,6.74876038338658,3.21183533447684,10,10,10,100,100,100,100
E01026399,East Midlands,E07000142,West Lindsey,612,10.3985305043954,0.66437908496732,2.75637254901961,9.16503267973856,10,66.437908496732,100,100,100,11.2344829931973,0.66437908496732,1.33562091503268,6,9.83137254901961,66.437908496732,100,100,100,7.67028571428571,2.29983660130719,10,10,10,100,100,100,100
E01026400,East Midlands,E07000142,West Lindsey,614.1,11.4042904422745,1,3.66373554795636,8.55333007653477,10,100,100,100,100,11.0585532854776,0.692721055202736,2.17309884383651,9.42615209249308,10,69.2721055202736,100,100,100,8.25104362230812,4.54127992183683,10,10,10,100,100,100,100
E01026401,East Midlands,E07000142,West Lindsey,628.7,19.7654556802985,0.444409098139017,3.93669476697948,8.64005089867982,8.77604580881183,44.4409098139017,86.4005089867982,86.4005089867982,100,11.7249101053937,0.864005089867982,1.86400508986798,8.71973914426595,10,86.4005089867982,100,100,100,8.86459392436454,2.94687450294258,10,10,10,100,100,100,100
E01026402,East Midlands,E07000142,West Lindsey,689.1,12.4875000620993,1,6.57335655202438,10,10,100,100,100,100,9.67307894736842,1,2,10,10,100,100,100,100,7.76437368421053,4.27383543752721,10,10,10,100,100,100,100
E01026403,East Midlands,E07000142,West Lindsey,558.8,18.3318663098898,0.572834645669291,5.01360057265569,8.99105225483178,9.74266284896206,33.7687902648533,84.5204008589835,100,100,20.6673108008817,0.235146743020759,2.34699355762348,6.49677881173944,9.44595561918397,23.5146743020759,84.5204008589835,100,100,11.3492432035268,2.58214030064424,10,10,10,84.5204008589835,100,100,100
E01026404,East Midlands,E07000142,West Lindsey,955,7.98799486700721,1.21832460732984,3.9738219895288,10,10,100,100,100,100,8.56633827375763,1,3.39193717277487,6.91047120418848,10,100,100,100,100,6.6652310374891,4.55895287958115,10,10,10,100,100,100,100
E01026405,East Midlands,E07000142,West Lindsey,545.2,18.6022323457,0.638481291269259,4.6518708730741,10,10,43.0117388114453,100,100,100,17.9813253012048,0,4.11096845194424,10,10,0,100,100,100,10.8696031183558,5.65957446808511,10,10,10,100,100,100,100
E01026406,East Midlands,E07000142,West Lindsey,478.5,21.0695599450005,0,7.07836990595611,10,10,0,100,100,100,17.0067466027178,0,5.27021943573668,10,10,0,100,100,100,10.2252198241407,5.64702194357367,10,10,10,100,100,100,100
E01026407,East Midlands,E07000142,West Lindsey,549.4,8.78395815743182,1.58063341827448,7.50473243538406,10,10,100,100,100,100,8.31874533233757,1,3.88423734983619,8.54459410265744,10,100,100,100,100,6.80947722180732,7.83491081179469,10,10,10,100,100,100,100
E01026408,East Midlands,E07000142,West Lindsey,562,11.8382771260997,2.23914590747331,5.65302491103203,10,10,65.3024911032028,100,100,100,9.32877565982405,4.12241992882562,5.46939501779359,7,10,100,100,100,100,7.44431085043988,6.65302491103203,10,10,10,100,100,100,100
E01026409,East Midlands,E07000142,West Lindsey,532.7,15.1027744462376,0.322883424066078,3,5.57912521118829,8.08635254364558,32.2883424066078,100,100,100,18.7327257933279,0,1.68105875727426,3.68105875727426,9.31894124272574,0,100,100,100,9.16514239218877,2.64182466679182,10,10,10,100,100,100,100
E01026410,East Midlands,E07000142,West Lindsey,654.7,8.11254403996193,1.28180846189094,3.36459447074996,7.95555216129525,10,75.9584542538567,100,100,100,7.85017607771706,1,2.88681839010234,6.21796242553841,9.2787536276157,100,100,100,100,6.63041287188828,3.40904230945471,10,10,10,100,100,100,100
E01026411,East Midlands,E07000142,West Lindsey,1021.8,8.27651196000826,0.977588569191623,1.97758856919162,3.59982384028186,6.03327461342729,75.3082795067528,100,100,100,8.34877085877086,0.860246623605402,2.09786651008025,5.04384419651595,9.08279506752789,86.0246623605402,100,100,100,6.63774521774522,2.68467410452143,10,10,10,100,100,100,100
E01026412,East Midlands,E07000142,West Lindsey,640.1,11.0033696516557,1,3.1320106233401,10,10,100,100,100,100,8.84762424242424,1,3,10,10,100,100,100,100,7.80872727272727,2.86486486486486,10,10,10,100,100,100,100
E01026413,East Midlands,E07000142,West Lindsey,876.7,10.2447442047873,1,3.13311280939888,10,10,100,100,100,100,8.67002225189141,1,3.15341621991559,10,10,100,100,100,100,7.57516688918558,4.07733546252994,10,10,10,100,100,100,100
E01026414,East Midlands,E07000142,West Lindsey,654.8,20.2333331969167,0.25,1.96976175931582,6.42669517409896,9.06353084911424,25,100,100,100,26.0557667258733,0.25,1.45219914477703,5.31047648136836,9.06353084911424,25,53.0238240684178,100,100,13.3245825932504,1.49832009773977,10,10,10,68.7843616371411,100,100,100
E01026415,East Midlands,E07000142,West Lindsey,390,16.1643248596043,0.633589743589744,1.63358974358974,7.49410256410256,8.42769230769231,63.3589743589744,100,100,100,15.3261321671526,0.633589743589744,1,3,9.06153846153846,63.3589743589744,100,100,100,9.53816326530612,1.85820512820513,10,10,10,100,100,100,100
E01026416,East Midlands,E07000142,West Lindsey,588,25.5037637247017,0.235884353741497,2.46853741496599,5.76326530612245,7.36734693877551,23.5884353741497,68.9795918367347,82.4489795918367,100,18.8006338028169,0.514285714285714,0.959183673469388,2.48571428571429,8.11020408163265,51.4285714285714,82.4489795918367,100,100,9.4952269170579,1.4734693877551,10,10,10,82.4489795918367,100,100,100
E01032683,East Midlands,E07000142,West Lindsey,942.5,8.30762833064494,0.935809018567639,4.85400530503979,10,10,93.5809018567639,100,100,100,8.07331213084961,0.935809018567639,1.58854111405836,10,10,93.5809018567639,100,100,100,6.65957746478873,4.19257294429708,10,10,10,100,100,100,100
E01032986,East Midlands,E07000137,East Lindsey,541.2,4.56765625,4,4.31448632668145,8.45011086474501,10,100,100,100,100,6.66759548611111,4,4,5,8.47265336289726,100,100,100,100,6.55230034722222,4,10,10,10,100,100,100,100
E01032987,East Midlands,E07000137,East Lindsey,610.3,6.74422004521477,3.32885466164182,4,8.02670817630673,10,100,100,100,100,7.26177844762623,4,4,5,7.49418318859577,100,100,100,100,6.706284853052,4,10,10,10,100,100,100,100
E01032988,East Midlands,E07000139,North Kesteven,558.3,11.5480548945935,2.07307898979044,7.29410711087229,10,10,81.4615797958087,100,100,100,8.88050915331808,3,10,10,10,100,100,100,100,7.57927345537757,7.07128783807989,10,10,10,100,100,100,100
E01032989,East Midlands,E07000139,North Kesteven,517.5,14.7902776907254,1,6.2,10,10,60,100,100,100,10.7873201133144,2.8,8.6,10,10,100,100,100,100,8.47867988668555,4.2,10,10,10,100,100,100,100
E01032990,East Midlands,E07000139,North Kesteven,828,20.3406778799603,0,3.375,9.375,10,0,100,100,100,25.6944725063939,0,1.25,6.5,10,0,100,100,100,13.1314578005115,1.125,10,10,10,87.5,100,100,100
E01032991,East Midlands,E07000139,North Kesteven,658.6,14.4127082220076,1.08882477983602,9.63331308836927,10,10,63.3313088369268,100,100,100,10.7078862314156,4.17780139690252,10,10,10,100,100,100,100,8.58051712992889,9.63331308836927,10,10,10,100,100,100,100
E01032992,East Midlands,E07000139,North Kesteven,561.4,8.11159938604378,2.63127894549341,9.63127894549341,10,10,100,100,100,100,7.8274593064402,3,10,10,10,100,100,100,100,6.88489030431706,8.15639472746705,10,10,10,100,100,100,100
E01032993,East Midlands,E07000139,North Kesteven,651.3,9.39873967215329,3,8.12666973744818,10,10,100,100,100,100,8.34386351128233,3,10,10,10,100,100,100,100,7.2947055586131,6.84246890833717,10,10,10,100,100,100,100
E01032994,East Midlands,E07000139,North Kesteven,487.2,14.8233015629971,0.751231527093596,6.07758620689655,9.17610837438424,10,37.5615763546798,100,100,100,15.0486060161409,1.55172413793103,6.13977832512315,10,10,58.8054187192118,100,100,100,10.0450183418929,5.57512315270936,10,10,10,100,100,100,100
E01032995,East Midlands,E07000140,South Holland,560.5,7.60500999333777,1.63461195361285,7.12720785013381,10,10,100,100,100,100,7.78847435043304,4,5,7,9.50740410347904,100,100,100,100,7.45089273817455,5.81730597680642,10,10,10,100,100,100,100
E01032996,East Midlands,E07000140,South Holland,560.3,5.44826516220028,1.63109048723898,6.87827949312868,10,10,100,100,100,100,7.01980253878703,4.31554524361949,5.21220774585044,7,10,100,100,100,100,6.47304654442877,5.68445475638051,10,10,10,100,100,100,100
E01032997,East Midlands,E07000141,South Kesteven,415.6,17.162240867124,0.25,3.75,7.5,10,25,100,100,100,13.0307379823968,2.5,3,4.5,7,100,100,100,100,10.3474272173324,3,10,10,10,100,100,100,100
E01032998,East Midlands,E07000141,South Kesteven,415.6,23.2009464715884,0,3.25,6,9.5,0,100,100,100,15.4767120181406,0.5,3,3.25,7,25,100,100,100,10.5120068027211,3,10,10,10,100,100,100,100
E01032999,East Midlands,E07000141,South Kesteven,527.7,15.7560608409792,1.1826795527762,3.2166003411029,9.40932347924958,10,48.303960583665,100,100,100,10.5768013468013,3,3,4,7,100,100,100,100,9.12931818181818,3,10,10,10,100,100,100,100
