LSOA_code,Region,LA_Code,LA_Name,GP_pop,GPPTt,GPPT15n,GPPT30n,GPPT45n,GPPT60n,GPPT15pct,GPPT30pct,GPPT45pct,GPPT60pct,GPCyct,GPCyc15n,GPCyc30n,GPCyc45n,GPCyc60n,GPCyc15pct,GPCyc30pct,GPCyc45pct,GPCyc60pct,GPCart,GPCar15n,GPCar30n,GPCar45n,GPCar60n,GPCar15pct,GPCar30pct,GPCar45pct,GPCar60pct,GPWalkt,GPWalk15n,GPWalk30n,GPWalk45n,GPWalk60n,GPWalk15pct,GPWalk30pct,GPWalk45pct,GPWalk60pct
E01026006,East Midlands,E07000136,Boston,1216.02606964111,6.58582261849678,3.15491730067343,6.1218450800705,9.67101827502598,10,100,100,100,100,7.22883370996916,4,5,5.87380330947883,8.39338554709576,100,100,100,100,6.45477801332217,4.75195822940833,10,10,10,100,100,100,100,6.63185388442238,3.04786768358711,4,4,4.10704961708633,100,100,100,100
E01026007,East Midlands,E07000136,Boston,501.650436401367,21.3239242327769,0,2.770042203526,5,8,0,100,100,100,28.7795566468196,0,1,5,6,0,100,100,100,14.0541983562066,1,7.50421942487632,10,10,100,100,100,100,78.9393680854179,0,0,0,0,0,0,0,0
E01026008,East Midlands,E07000136,Boston,557.742149353027,39.8683679604861,0,3.22960152633264,4.2694497274917,5.92030362504003,0,74.0037953130003,74.0037953130003,74.0037953130003,27.7630168275166,0,2.61859582994337,4.74003795313,6.26944971381263,0,74.0037953130003,100,100,14.8903415227082,1.87855787681337,7.48007590626001,10,10,74.0037953130003,100,100,100,74.164573399664,0,0,0,0,0,0,0,0
E01026009,East Midlands,E07000136,Boston,546.100463867188,20.7164539252979,0.501937984712724,2.39728681022564,4.83139532999304,7.89534882551292,50.1937984712724,72.0930229309144,100,100,19.6115500888044,0,1,4.16279068792743,6.16666665735288,0,100,100,100,10.6107748902246,1,7,10,10,100,100,100,100,48.426163104656,0,0,0.554263571956264,0.781007755403579,0,0,55.4263571956264,78.1007755403579
E01026010,East Midlands,E07000136,Boston,667.808898925781,16.198700528857,0,4,6,10,0,100,100,100,11.4283201178436,4,4,5,8,100,100,100,100,8.44261464417867,4,9,10,10,100,100,100,100,20.4921076903734,0,4,4,4,0,100,100,100
E01026011,East Midlands,E07000136,Boston,1175.80935668945,15.4909719209365,0.776777670467335,3.78577858435226,6.815481531393,9.89288929217613,51.7551750281302,100,100,100,9.8879478496686,3.78577858435226,4,5,8.14221422136374,100,100,100,100,7.45279933489893,4,9.514851480009,10,10,100,100,100,100,15.5121421923784,0.776777670467335,3.56525652509189,4,4,51.7551750281302,100,100,100
E01026012,East Midlands,E07000136,Boston,581.025497436523,19.6553915760832,0,3.53734062323036,5.2531876141782,8.5063752283564,0,100,100,100,15.0253188201678,1.04371585158677,4,5.7468123858218,9,53.7340623230363,100,100,100,10.016211248376,4,9,10,10,100,100,100,100,31.7006915728992,0,0.759562842534605,3.76502732398295,4,0,25.3187614178202,100,100
E01026013,East Midlands,E07000136,Boston,661.45890045166,19.4400480922094,0.211199998855808,3.98559998697098,6.84639999558932,9.12639999005291,21.1199998855808,100,100,100,14.3149762033464,2.12159998955463,4,5.36320000310039,8.85279999625369,63.6799996899609,100,100,100,9.54089595457231,4,9,10,10,100,100,100,100,28.6175844111395,0,1.91039999069883,3.342399989407,4,0,63.6799996899609,100,100
E01026014,East Midlands,E07000136,Boston,845.609046936035,20.6926659387731,0,3.55944933214595,5.6458072716645,8.02628286567206,0,100,100,100,18.5054322336898,0.300375486523206,4,5.18397997850313,7.43929913031878,15.0187743261603,100,100,100,12.4911513012757,3.43929913031878,8.43929913031878,10,10,100,100,100,100,43.22811019386,0,0.300375486523206,1.75719652127511,3.09011264234802,0,15.0187743261603,43.9299130318779,100
E01026015,East Midlands,E07000136,Boston,680.508934020996,18.8880714310142,0,3.81337480216388,6,9.62208396289026,0,100,100,100,13.1599221653479,2.58631414236748,4,5,8.39968894453135,100,100,100,100,9.79597189745952,4,9,10,10,100,100,100,100,25.6304202707574,0,2.20684291760496,4,4,0,100,100,100
E01026016,East Midlands,E07000136,Boston,1044.57592010498,14.2574367328214,0.714285713242311,2.49442756146155,6.53698074906591,8.07700099744618,71.4285713242311,100,100,100,13.4144073992867,0.594731513584137,2.00405269253317,5.17021277232886,8.90374874041059,59.4731513584137,100,100,100,8.31713274446926,2.59473151358414,10,10,10,100,100,100,100,27.1465345981127,0.390070924109621,0.594731513584137,0.824721378438269,1.39007092410962,39.0070924109621,59.4731513584137,82.4721378438269,100
E01026017,East Midlands,E07000136,Boston,731.308971405029,27.1669602467948,0,0.845151971256491,3.52532565120212,6.68885679046305,0,51.9536912595925,100,100,16.3460487005102,0.519536912595925,1.68451519869053,4.71201156231876,10,51.9536912595925,100,100,100,9.49630959128146,2.28654123868498,10,10,10,100,100,100,100,37.4752383845601,0,0.447178011250939,0.684515198690527,0.756874100035513,0,44.7178011250939,68.4515198690527,68.4515198690527
E01026018,East Midlands,E07000136,Boston,756.708999633789,20.8270905025899,0.167832171286954,2.25734266801724,7.16223777532365,9.78321678589601,16.7832171286954,78.3216785896005,100,100,16.4004618070278,0.520279721915456,5.04195805542466,7,8,52.0279721915456,100,100,100,9.80583213552825,4.56363637885153,10,10,10,100,100,100,100,36.5918047686556,0.167832171286954,0.520279721915456,0.520279721915456,1.52167832342687,16.7832171286954,52.0279721915456,52.0279721915456,73.706293601945
E01026019,East Midlands,E07000136,Boston,1228.72608184814,11.2326095308812,1.09646856316254,3.96640826602234,8.90697674909564,9.34883721262352,92.7648579180391,92.7648579180391,100,100,8.73358318486271,0.927648579180391,3.95434968864169,7.09646856316254,8,92.7648579180391,100,100,100,6.9987769336901,4.30232558717134,10,10,10,100,100,100,100,11.2326095308812,0.927648579180391,0.927648579180391,1,1.48578811565251,92.7648579180391,92.7648579180391,100,100
E01026020,East Midlands,E07000136,Boston,980.017547607422,11.5735205206907,1.44168467716484,4.36717068035698,8.99568037644316,10,83.2613396073859,83.2613396073859,100,100,8.95704076746307,0.832613396073859,4.40280778489479,7.1349891937011,8,83.2613396073859,100,100,100,6.89151182700666,4.00107992924408,10,10,10,100,100,100,100,12.1801615925948,0.697624202372761,0.832613396073859,1,1.83261339607386,69.7624202372761,83.2613396073859,100,100
E01026021,East Midlands,E07000136,Boston,811.742378234863,12.7854627697132,0.926988269194108,4.64146024194717,8.88657105586652,10,71.9687097053398,100,100,100,10.0608733153458,3.77314211173304,4,5,9,100,100,100,100,7.98666208498895,4,9.37157758760124,10,10,100,100,100,100,13.0908604023178,0.750977842855404,3.77314211173304,4,4,54.3676670714693,100,100,100
E01026022,East Midlands,E07000136,Boston,917.575775146484,17.6903573958151,0.212226074972321,4.40484428789545,8.3587081810255,10,21.2226074972321,100,100,100,12.4263324006537,2.70588235196297,4,5,9,100,100,100,100,9.00972291336229,4,9,10,10,100,100,100,100,20.0617994663613,0.212226074972321,2.57093425599782,4,4,21.2226074972321,100,100,100
E01026023,East Midlands,E07000136,Boston,623.358879089355,16.1623426699442,0.646859077415129,1,5.73684209495649,7.82512733172229,64.6859077415129,100,100,100,17.314669473133,0.156196945115712,1,1,2.38200339159606,15.6196945115712,100,100,100,9.77329372816546,1,6.04244481312901,10,10,100,100,100,100,40.6368424934641,0,0.156196945115712,0.850594226943196,0.850594226943196,0,15.6196945115712,85.0594226943196,85.0594226943196
E01026024,East Midlands,E07000136,Boston,877.359085083008,24.5098673280827,0.4620024259719,0.756332940599168,3.32207483990264,4.36429440331639,46.20024259719,61.8817865233426,84.6803378968933,100,12.5612060543334,0.618817865233426,1,1.38118213476657,5.54402897252899,61.8817865233426,100,100,100,8.49476454563698,1,6.15319662103107,10,10,100,100,100,100,24.5098673280827,0.4620024259719,0.618817865233426,0.846803378968933,1,46.20024259719,61.8817865233426,84.6803378968933,100
E01026025,East Midlands,E07000136,Boston,1045.63421630859,6.7945040025069,2.79959514749028,5.52834008428016,9.59210525931767,10,100,100,100,100,7.62271259865342,4,4.85627530145775,5.11437246839494,8.68522267909534,100,100,100,100,7.12266200183957,4.55161943922458,10,10,10,100,100,100,100,6.7945040025069,2.79959514749028,4,4,4,100,100,100,100
E01026026,East Midlands,E07000136,Boston,866.775756835938,13.1721856882209,1.16361416041147,4,7.80830280903362,10,81.6849818332944,100,100,100,11.0110011914327,4,4,5,8.62515262736657,100,100,100,100,8.9389500861451,4,9.16849816572537,10,10,100,100,100,100,16.5599023444044,0.168498165725365,3.80830280903362,4,4,16.8498165725365,100,100,100
E01026027,East Midlands,E07000136,Boston,805.392349243164,12.4141127476211,1.1051248287467,4.2785808084935,7.12746385888135,9.82654402025319,82.6544020253194,100,100,100,11.2224047732388,2.95137975794223,4,5,8,100,100,100,100,9.86692520569911,4,9.2785808084935,10,10,100,100,100,100,18.8888042033521,0.278580808493501,3.12614979828519,4,4,27.8580808493501,100,100,100
E01026028,East Midlands,E07000136,Boston,900.642448425293,13.557085838065,1.3960046948976,4.31022326176789,8.6980023474488,10,69.8002347448802,100,100,100,10.1656873420939,4,4,5,9,100,100,100,100,7.66130434363145,4,9.6980023474488,10,10,100,100,100,100,14.0341480950196,1.3960046948976,4,4,4,69.8002347448802,100,100,100
E01026029,East Midlands,E07000136,Boston,1065.74256896973,20.8685400572743,0.146971204105463,4.78550149363933,7.55114202613362,10,14.6971204105463,100,100,100,12.0989870753675,2.65441906990392,5,6.51340615843723,7.49652432929405,100,100,100,100,9.01011934077065,5,10,10,10,100,100,100,100,22.3518570835775,0,2.58490567010247,4,4.49652432929405,0,100,100,100
E01026030,East Midlands,E07000136,Boston,1051.98427581787,6.03577476197135,3.10261570811525,4.59557344325589,8.82494966500619,10,100,100,100,100,7.48941650948195,4,4.85714286232313,5.36217304011179,8,100,100,100,100,7.61572437077761,4.11670019431967,9.89336016851003,10,10,100,100,100,100,6.03577476197135,2.73340039951791,4,4,4,100,100,100,100
E01026031,East Midlands,E07000136,Boston,654.050567626953,11.7183009754138,1.2006472445854,4.18932038268697,7,10,100,100,100,100,9.15231388815617,3.7993527554146,4,5,8,100,100,100,100,8.03309042060548,4,9.20388351417178,10,10,100,100,100,100,11.9289806204989,1,3.7993527554146,4,4,100,100,100,100
E01026032,East Midlands,E07000136,Boston,829.734046936035,8.99557401229059,1.50382652640178,4.35714285648607,8.73214285763545,10,100,100,100,100,8.12219411717709,4,4.33673469115659,5,8,100,100,100,100,6.7230484377249,4,9.84821428875192,10,10,100,100,100,100,8.99557401229059,1.50382652640178,4,4,4,100,100,100,100
E01026033,East Midlands,E07000136,Boston,835.025718688965,27.2919009425751,0.190114069274834,0.680608369465779,3.98479089126957,6.42332068333404,19.0114069274834,68.0608369465779,100,100,26.9323571447339,0.386565274801276,0.519645126948347,3.06844107151738,7.88212929313023,38.6565274801276,51.9645126948347,83.7769330232246,100,14.0151712261175,1.03929025389669,9.36121673893156,10,10,51.9645126948347,100,100,100,65.3125473646551,0.190114069274834,0.386565274801276,0.386565274801276,0.519645126948347,19.0114069274834,38.6565274801276,38.6565274801276,51.9645126948347
E01026034,East Midlands,E07000136,Boston,839.259071350098,13.115573992892,0.578814620807282,1,3.77931903264959,8.82219417560545,57.8814620807282,100,100,100,9.35055491556937,1,1.15132408904037,4.79949558815769,9,100,100,100,100,7.37870105922605,2,10,10,10,100,100,100,100,13.115573992892,0.578814620807282,1,1,1,57.8814620807282,100,100,100
E01026035,East Midlands,E07000136,Boston,919.692459106445,19.0978018773589,0,4.82853854958023,6.67318757257089,10,0,100,100,100,11.5090793741726,3,5,6.50172612215112,7.42692749560271,100,100,100,100,8.06058686380126,4.24626007696817,10,10,10,100,100,100,100,20.841208180059,0,2.59838894602248,4,4,0,100,100,100
E01026036,East Midlands,E07000136,Boston,727.075630187988,5.58157213596535,2.29839883221755,5.29548762379123,9.41921397141638,10,100,100,100,100,7.8774963050376,4,4.23144104890555,5,9,100,100,100,100,6.72818048919157,4.41921397141638,10,10,10,100,100,100,100,5.58157213596535,2.29839883221755,4,4,4,100,100,100,100
E01026037,East Midlands,E07000136,Boston,633.94221496582,9.09340576737933,1.92654423332844,4.43906510264746,8.31719530794237,10,100,100,100,100,9.1721704551564,4,4,5,8.79966610293059,100,100,100,100,7.4673622455805,4,9.80634391193557,10,10,100,100,100,100,9.93080132721323,1.92654423332844,4,4,4,100,100,100,100
E01026038,East Midlands,E07000136,Boston,606.42552947998,12.6584119604308,1,4,5.46945900396534,9.73647469654398,100,100,100,100,12.3092844023814,3.73647469654398,4,5,9,100,100,100,100,8.62663198562682,4,9,10,10,100,100,100,100,19.3762650564324,0.20942408963195,3.52356021778941,4,4,20.942408963195,100,100,100
E01026039,East Midlands,E07000136,Boston,521.758773803711,18.6416023829774,0,5.19066936425628,8.70791074558351,10,0,100,100,100,15.3829213040363,0.247464502745995,5,7,7.73022312141876,24.7464502745995,100,100,100,9.62620725258489,5,10,10,10,100,100,100,100,33.8266729305485,0,0,3.97768762416475,5,0,0,100,100
E01026040,East Midlands,E07000136,Boston,525.992118835449,20.9335812425092,0,4.69416500240148,7.71830985956351,9.73440644067472,0,100,100,100,15.7350900174873,0.981891360754668,5,7,7.24346076029738,49.0945680377334,100,100,100,9.95154917863299,5,10,10,10,100,100,100,100,34.1101816406154,0,0.490945680377334,3.46881288134943,5,0,49.0945680377334,100,100
E01026041,East Midlands,E07000136,Boston,648.758911132813,14.1011745736145,0.794453492837605,6.19249592351908,9.19249592351908,10,60.1957569318521,100,100,100,16.7810606022151,0,5,7,8,0,100,100,100,9.64517098928181,5.38988579973443,10,10,10,100,100,100,100,37.5770965557855,0,0,3.39804243068148,5,0,0,100,100
E01026042,East Midlands,E07000137,East Lindsey,717.436431884766,6.56376498944962,1,1,3,3.79613095978694,100,100,100,100,7.12428580580699,1,1,1,3,100,100,100,100,6.16750002180546,1,3,9.63095238550991,10,100,100,100,100,6.63355654241475,1,1,1,1,100,100,100,100
E01026043,East Midlands,E07000137,East Lindsey,768.681900024414,6.94859717112116,1,1,3,3.62222221516423,100,100,100,100,7.24211102053199,1,1,1,3,100,100,100,100,6.16147236931247,1,3,10,10,100,100,100,100,7.03997223074286,1,1,1,1,100,100,100,100
E01026044,East Midlands,E07000137,East Lindsey,626.689254760742,22.4965246452207,0.214650772873231,1.03577513287025,2.22316865643438,3.64224871999403,21.4650772873231,82.1124359997017,100,100,22.9513121112753,0.402044296437361,0.580919936440344,1,2,40.2044296437361,58.0919936440344,100,100,12.7480415193863,0.580919936440344,2.40204429643736,7.65587735073565,10,58.0919936440344,100,100,100,58.8242071592812,0.214650772873231,0.214650772873231,0.402044296437361,0.580919936440344,21.4650772873231,21.4650772873231,40.2044296437361,58.0919936440344
E01026045,East Midlands,E07000137,East Lindsey,919.215438842773,13.2644715071208,0.498257843075917,1.61440184551224,4.00813008224552,5.26713122635328,49.8257843075917,92.6829268090246,92.6829268090246,100,16.6593377096295,0.498257843075917,1.18583042049791,2.08710800390221,4.33914054521334,49.8257843075917,92.6829268090246,100,100,9.66867601521916,1.52497096571124,8.27293844099992,10,10,92.6829268090246,100,100,100,37.4231819296751,0.498257843075917,0.498257843075917,0.498257843075917,0.498257843075917,49.8257843075917,49.8257843075917,49.8257843075917,49.8257843075917
E01026046,East Midlands,E07000137,East Lindsey,566.902877807617,22.4931453394291,0,1,4,4.72693032324271,0,100,100,100,28.6914880273147,0,0.96421846932863,2,3,0,72.6930323242711,100,100,14.3855366768743,0.96421846932863,4,8.72693032324271,10,72.6930323242711,100,100,100,78.0455560523081,0,0,0,0,0,0,0,0
E01026047,East Midlands,E07000137,East Lindsey,627.756858825684,24.2696940645029,0,1.18367346368309,4,4.37585033701502,0,100,100,100,31.3701702545686,0,0,2,3.18367346368309,0,0,100,100,15.587840121797,0,4,9,10,0,100,100,100,86.6352733745235,0,0,0,0,0,0,0,0
E01026048,East Midlands,E07000137,East Lindsey,807.115982055664,35.5398017876605,0,0,2.19179893477196,4,0,0,100,100,44.8169971709503,0,0,0.601851855877986,2.66269839506845,0,0,60.1851855877986,100,23.1438890571075,0,3,5,10,0,100,100,100,118.048411420738,0,0,0,0,0,0,0,0
E01026049,East Midlands,E07000137,East Lindsey,776.155166625977,34.4544017205142,0,0,1.51169188204994,2.9944979274509,0,0,100,100,46.3993674197266,0,0,0.184319125673177,2.56121045635399,0,0,18.4319125673177,100,23.3401651977642,0,2.74140302270048,5,10,0,100,100,100,120,0,0,0,0,0,0,0,0
E01026050,East Midlands,E07000137,East Lindsey,851.955749511719,37.7567547464021,0,0,2.16165413291439,4,0,0,100,100,45.8183341562195,0,0,0.350877189526081,3,0,0,35.0877189526081,100,23.6807900104771,0,3,5,10,0,100,100,100,120,0,0,0,0,0,0,0,0
E01026051,East Midlands,E07000137,East Lindsey,560.497222900391,11.4108191284367,0.918095246677175,1.44571429535924,3.30857144467228,5.71999998312133,91.8095246677175,100,100,100,10.7330285035846,0.918095246677175,1,3.83619049335435,5.44571429535924,91.8095246677175,100,100,100,7.79359993976855,1,6,10,10,100,100,100,100,18.0211806401193,0.472380951317933,0.918095246677175,0.918095246677175,1,47.2380951317933,91.8095246677175,91.8095246677175,100
E01026052,East Midlands,E07000137,East Lindsey,687.54320526123,9.94715823308678,1,1.82763974915772,4.3773291812949,8.45031056786282,100,100,100,100,11.4624222911858,0.622670818705097,1,3.24534163741019,5,62.2670818705097,100,100,100,7.96093156528658,1,5.45031056786282,10,10,100,100,100,100,21.119874801834,0.622670818705097,0.622670818705097,1,1,62.2670818705097,62.2670818705097,100,100
E01026053,East Midlands,E07000137,East Lindsey,814.589263916016,16.2435127877424,0.452162513227986,2.50458715665071,3.46133682652941,7.31585845531441,45.2162513227986,100,100,100,11.5274572718097,1,1.79423328557078,4,4.39187417001377,100,100,100,100,7.93203123452758,1.59764088444299,5.01572738085109,10,10,100,100,100,100,21.5237354181725,0.255570112100192,1,1,1,25.5570112100192,100,100,100
E01026054,East Midlands,E07000137,East Lindsey,774.019958496094,10.6474758060541,0.795862065049971,2.69517241513907,4.02206896274373,8.06068964754525,79.5862065049971,100,100,100,8.85808271036663,1,1.41655171614369,4,4.37931034890628,100,100,100,100,6.83547586708993,1,5.32137931677557,10,10,100,100,100,100,12.6947584983116,0.379310348906281,1,1,1,37.9310348906281,100,100,100
E01026055,East Midlands,E07000137,East Lindsey,517.792663574219,40.7922259791432,0,0.521649487270312,0.684536097360587,0.81649485796866,0,52.1649487270312,68.4536097360587,81.649485796866,29.7714636896483,0,0.705154629301652,1.26391752121615,2.81649485796866,0,70.5154629301652,100,100,14.8751546481597,0.521649487270312,3.89484538543281,8.89484538543281,10,52.1649487270312,100,100,100,79.2368044031681,0,0,0,0.261855669495486,0,0,0,26.1855669495486
E01026056,East Midlands,E07000137,East Lindsey,506.048896789551,30.6509269542834,0,0.47679325498843,2.27637129977893,6.85443039778126,0,23.8396627494215,100,100,29.8317928429808,0,0.694092830598382,1.72362870022107,2.49367087538888,0,45.5696203104167,100,100,15.2586707498378,0.694092830598382,3.76160337250579,7.56540086385649,10,45.5696203104167,100,100,100,80.8103357738135,0,0,0.238396627494215,0.47679325498843,0,0,23.8396627494215,23.8396627494215
E01026057,East Midlands,E07000137,East Lindsey,880.781318664551,35.3585577240208,0,0.631515166224931,3.88000005439784,6.26545460492363,0,42.4242433691961,86.0606065173337,86.0606065173337,30.3991755770388,0.0557575739306652,0.476363624898198,3.29939396046641,6.27757577672682,5.57575739306652,47.6363624898198,100,100,15.5700608280521,0.631515140238704,8.73090910763477,10,10,63.1515140238704,100,100,100,77.9074440367887,0,0.0557575739306652,0.0557575739306652,0.198787874157606,0,5.57575739306652,5.57575739306652,19.8787874157606
E01026058,East Midlands,E07000137,East Lindsey,974.731330871582,24.1884663686793,0,1.36582695278181,2.80394304210352,2.96714129232247,0,100,100,100,33.6331317045,0,0,2,3.085432641527,0,0,100,100,17.1643592080721,0,3.38444686730356,10,10,0,100,100,100,93.355169542608,0,0,0,0,0,0,0,0
E01026059,East Midlands,E07000137,East Lindsey,482.561401367188,30.0253531402957,0,0.42256639210876,2.35398226170923,4.83185834663709,0,42.256639210876,100,100,17.5795131696092,0.42256639210876,1,1.57743360789124,2.23893804246393,42.256639210876,100,100,100,9.7961504284043,1,3.57743360789124,10,10,100,100,100,100,38.9360393500674,0,0.42256639210876,0.761061957536067,0.761061957536067,0,42.256639210876,76.1061957536067,76.1061957536067
E01026060,East Midlands,E07000137,East Lindsey,603.201759338379,34.4939291758879,0,1.09380534559709,1.09380534559709,3.53805319541877,0,54.6902672798547,54.6902672798547,80.3539831426035,26.4851149476967,0,0.743362841372512,2,2.90442477157511,0,74.3362841372512,100,100,13.2927960891158,0.743362841372512,3.48849556557282,10,10,74.3362841372512,100,100,100,68.7234690980266,0,0,0,0.292035396998851,0,0,0,29.2035396998851
E01026061,East Midlands,E07000137,East Lindsey,537.009704589844,19.3501392960839,0,2.00795227114304,6.01789263848621,10,0,100,100,100,19.0069183923938,0,3,10,10,0,100,100,100,11.1984497135812,3,10,10,10,100,100,100,100,39.2347314135348,0,0,1,1,0,0,100,100
E01026062,East Midlands,E07000137,East Lindsey,560.497207641602,19.0404949243482,0,3,7.49523813153632,10,0,100,100,100,18.6558660696985,0,3,10,10,0,100,100,100,11.0794095009809,3,10,10,10,100,100,100,100,37.8219432299449,0,0,1,1.25142858231804,0,0,100,100
E01026063,East Midlands,E07000137,East Lindsey,592.525619506836,23.0098016128102,0,2.74594594079552,7.59459454309036,10,0,100,100,100,15.4610630058829,0.25765765594085,5,10,10,25.765765594085,100,100,100,9.80030624691259,4.03783781723614,10,10,10,100,100,100,100,30.5185943865165,0,0.518918908618072,1,2,0,51.8918908618072,100,100
E01026064,East Midlands,E07000137,East Lindsey,698.219383239746,16.3976449638839,0.195718651694164,1,3.79051987394999,6.97400611127914,19.5718651694164,100,100,100,10.1132414127982,1,1,3,4,100,100,100,100,7.55246163860762,1,5.77675839959415,10,10,100,100,100,100,16.3976449638839,0.195718651694164,1,1,1,19.5718651694164,100,100,100
E01026065,East Midlands,E07000137,East Lindsey,883.984161376953,11.5378502147175,0.683574867260829,1.18478260306694,4.71497585149798,6.93719800563363,68.3574867260829,100,100,100,8.7245650450063,1,1,1.51570050506461,4,100,100,100,100,6.89606297184084,1,6,10,10,100,100,100,100,11.5378502147175,0.683574867260829,1,1,1,68.3574867260829,100,100,100
E01026066,East Midlands,E07000137,East Lindsey,935.229614257813,18.0873747031178,0.134703194298275,1.70890410578953,4.47602739368426,9.07534246184216,13.4703194298275,100,100,100,11.6238354263137,0.871004565614044,1,2.5936073000878,3.73059360324567,87.1004565614044,100,100,100,7.8730364226718,1,5.60159816885972,10,10,100,100,100,100,21.4012785932411,0.134703194298275,0.871004565614044,1,1,13.4703194298275,87.1004565614044,100,100
E01026067,East Midlands,E07000137,East Lindsey,996.083618164063,10.2432048868749,0.814576637237854,1.80600214744831,4.96463023153299,8.60021437718055,81.4576637237854,100,100,100,8.2593999661623,1,1,1.9496248705716,4,100,100,100,100,6.74566998984831,1,6,10,10,100,100,100,100,10.2432048868749,0.814576637237854,1,1,1,81.4576637237854,100,100,100
E01026068,East Midlands,E07000137,East Lindsey,1005.69212722778,42.3636939309273,0.0902335410692548,0.828025463138579,1.99363056259389,4.32908702276373,9.02335410692548,63.4819528946479,76.645435625888,76.645435625888,25.1902017542232,0.207006362939815,0.68789809054909,1.38747347163007,3.07430995514018,20.7006362939815,68.789809054909,100,100,12.9576007729162,0.68789809054909,4.51910829135626,10,10,68.789809054909,100,100,100,64.8819108199893,0,0.207006362939815,0.207006362939815,0.494692137391458,0,20.7006362939815,20.7006362939815,49.4692137391458
E01026069,East Midlands,E07000137,East Lindsey,1044.12620544434,29.9444377600945,0,0.753578729013207,1.8578732155202,2.9591002085335,0,65.2351735999908,100,100,29.4504904695543,0,0.589979541226303,2,2,0,48.8752548213005,100,100,16.2308690905643,0.202453986026597,2,6,10,10.1226993013298,100,100,100,77.8922293262711,0,0,0,0.101226993013298,0,0,0,10.1226993013298
E01026070,East Midlands,E07000137,East Lindsey,893.592674255371,38.6528675875421,0,1.34528076201405,2.20669055573534,3.26642771052279,0,65.8303460613641,74.6714456187864,74.6714456187864,24.3091398673836,0.0800477923671602,1.77060932493316,2,2.5710872144532,8.00477923671602,88.5304662466578,100,100,12.9651135323809,1.53405018753515,3.77419354756085,10,10,89.3667865673641,100,100,100,62.29982123904,0,0.0800477923671602,0.16009558473432,0.855436089341796,0,8.00477923671602,8.00477923671602,64.0382321861505
E01026071,East Midlands,E07000137,East Lindsey,1015.30067825317,78.2655311069888,0,0.712933754938819,1.68243954074262,3.14826500278798,0,42.0609885185654,42.0609885185654,42.0609885185654,42.0040802114646,0,0.212407987960969,0.721345943925806,2.70452157722346,0,21.2407987960969,50.8937955964837,100,21.0820294363482,0,4.20715038205503,10,10,0,100,100,100,109.942987351096,0,0,0,0,0,0,0,0
E01026072,East Midlands,E07000137,East Lindsey,948.040977478027,8.46479732882584,1,1,2.19144143348453,4,100,100,100,100,9.30290527983346,1,1,1,2,100,100,100,100,6.68916672832813,1,2,5.76126127014255,10,100,100,100,100,8.46479732882584,1,1,1,1,100,100,100,100
E01026073,East Midlands,E07000137,East Lindsey,1006.759765625,8.98495238901396,1,1,2,4,100,100,100,100,9.68765647985088,1,1,1,2,100,100,100,100,7.07326617576949,1,2,5.14528101119677,10,100,100,100,100,9.34372221200506,1,1,1,1,100,100,100,100
E01026074,East Midlands,E07000137,East Lindsey,1031.31485748291,14.2436750281133,0.539337477007191,1,1.8612836413039,3.12629399987206,53.9337477007191,100,100,100,12.59035190875,1,1,1,2,100,100,100,100,8.66475156811613,1,2,5,9.86853001913402,100,100,100,100,17.7522154119149,0.259834370176515,1,1,1,25.9834370176515,100,100,100
E01026075,East Midlands,E07000137,East Lindsey,989.677940368652,29.6209285931947,0.15641854716701,0.569579266246187,2.01833869958377,5.18554475881329,15.641854716701,41.3160719079177,100,100,30.7279393773139,0,0.24703342955743,2.03020495051818,5.32686084613914,0,24.703342955743,100,100,15.7206256369761,0.24703342955743,6.84789645457441,10,10,24.703342955743,100,100,100,83.0427729265567,0,0,0.0906148823904199,0.0906148823904199,0,0,9.06148823904199,9.06148823904199
E01026076,East Midlands,E07000137,East Lindsey,995.016014099121,25.8573070725878,0,0.965665225455063,1.32832618478239,4.49570815126498,0,85.5150209664272,100,100,30.9811805721072,0,0.552575086621563,1.95922749260748,3.97317597128431,0,44.2060070830772,100,100,16.2352898399973,0.192060084249089,4.98175967642196,10,10,19.2060084249089,100,100,100,85.9085088829047,0,0,0,0.0815450684582988,0,0,0,8.15450684582988
E01026077,East Midlands,E07000137,East Lindsey,537.009712219238,15.372206118896,0.497017891260135,2.50298210873986,4.23061630029447,8.28628233957673,49.7017891260135,100,100,100,10.3345926307094,2,2,2,3,100,100,100,100,7.95457240340607,2,5.2584493199356,10,10,100,100,100,100,15.7056059782304,0.497017891260135,2,2,2,49.7017891260135,100,100,100
E01026078,East Midlands,E07000137,East Lindsey,503.913688659668,12.749618493767,0.764830521594014,2.7627118664597,4,8.47033895681197,76.4830521594014,100,100,100,9.44188567274377,2,2,2,3,100,100,100,100,7.752288143392,2,4.7627118664597,10,10,100,100,100,100,12.749618493767,0.764830521594014,2,2,2,76.4830521594014,100,100,100
E01026079,East Midlands,E07000137,East Lindsey,899.998359680176,11.2439617261262,0.651245566624932,1,1.26334518957533,2.41637009955149,65.1245566624932,100,100,100,9.83811405097936,0.88967972040083,1,1,1.22064055919834,88.967972040083,100,100,100,7.46116244818016,1,1.22064055919834,8.95848162395519,10,100,100,100,100,14.3908655099068,0.651245566624932,0.88967972040083,0.88967972040083,1,65.1245566624932,88.967972040083,88.967972040083,100
E01026080,East Midlands,E07000137,East Lindsey,910.674514770508,15.9077016461192,0.669402104974258,0.74912075197256,5.00703401773048,8.10316531132981,66.9402104974258,74.912075197256,100,100,12.4843373994065,0.652989458373229,1.0797186469983,2.78898008803832,9.30597891674646,65.2989458373229,100,100,100,8.33575619207183,1.0797186469983,10,10,10,100,100,100,100,24.4198003401928,0.573270811374927,0.652989458373229,0.652989458373229,0.859320047521894,57.3270811374927,65.2989458373229,65.2989458373229,85.9320047521894
E01026081,East Midlands,E07000137,East Lindsey,1254.44613647461,6.91760841513627,1.90808511162116,2.90808511162116,5.37106383882465,7.83914895141892,100,100,100,100,7.59776168950797,2,2,2,3,100,100,100,100,6.67423825294047,2,3.87404255045852,10,10,100,100,100,100,6.91760841513627,1.90808511162116,2,2,2,100,100,100,100
E01026082,East Midlands,E07000137,East Lindsey,1070.81657409668,37.8863706982177,0.315054860895733,1.26620142543782,2.22133601469484,3.76470589345931,15.7527430447867,70.787637650978,76.5702896966223,87.7367902476929,28.2560019750206,0.157527430447867,0.944167532868837,2.9332004266068,3.69690927737258,15.7527430447867,52.8414772724439,100,100,15.0121237022355,0.839481580405898,4.73379862443604,10,10,57.0289144447325,100,100,100,74.5986229527209,0,0.157527430447867,0.315054860895733,0.831505520288795,0,15.7527430447867,15.7527430447867,41.5752760144398
E01026083,East Midlands,E07000137,East Lindsey,848.752883911133,13.1908175437058,1,2,3.59748427424205,4.94465408366326,100,100,100,100,9.49108191764921,2,2,2,2,100,100,100,100,7.98472955976495,2,2.45283018698322,5.72075471772738,10,100,100,100,100,13.8251447445904,0.547169813016782,2,2,2,54.7169813016782,100,100,100
E01026084,East Midlands,E07000137,East Lindsey,729.180183410645,12.9150219927232,0.566617865604228,2,3.08931185584363,5.28989749998182,56.6617865604228,100,100,100,9.40161057905212,2,2,2,2,100,100,100,100,7.52849203521661,2,2,5.43191801881881,10,100,100,100,100,13.28099541701,0.566617865604228,2,2,2,56.6617865604228,100,100,100
E01026085,East Midlands,E07000137,East Lindsey,1167.96939849854,11.4546159327215,0.945155392073786,1.94515539207379,2.55301644801423,4,94.5155392073786,100,100,100,8.80652677925754,1.70840950162777,2,2,2,100,100,100,100,7.45101474510447,2,2.1654478988355,5.83729433286725,10,100,100,100,100,11.4546159327215,0.945155392073786,1.37659963543211,2,2,94.5155392073786,100,100,100
E01026087,East Midlands,E07000137,East Lindsey,523.130722045898,16.3812651990576,0.251020398936585,2,4,6.02040815374099,25.1020398936585,100,100,100,10.1452653419037,2,2,2,3,100,100,100,100,7.83187771372649,2,4,10,10,100,100,100,100,16.3812651990576,0.251020398936585,2,2,2,25.1020398936585,100,100,100
E01026088,East Midlands,E07000137,East Lindsey,585.052322387695,16.7869530754318,0.492700704702617,2,3.72262771761788,6.22445249254023,49.2700704702617,100,100,100,10.2845622814086,1.72262771761788,2,2,3,100,100,100,100,7.87313880981127,2,4.23905108313499,10,10,100,100,100,100,16.7869530754318,0.492700704702617,1.72262771761788,2,2,49.2700704702617,100,100,100
E01026089,East Midlands,E07000137,East Lindsey,1036.65292358398,8.94576734390123,1.37693099714349,2.37693099714349,4.88877446444399,7.36251286943821,100,100,100,100,8.17814615725691,2,2,2,3,100,100,100,100,6.78738420808323,2,4.14624099065729,10,10,100,100,100,100,8.94576734390123,1.37693099714349,2,2,2,100,100,100,100
E01026090,East Midlands,E07000137,East Lindsey,651.244369506836,8.76450795501901,1.26229509963589,2,3.7852459343264,6.73770490036411,100,100,100,100,8.73850803682628,2,2,2,3,100,100,100,100,7.23468872554506,2,3,10,10,100,100,100,100,9.03308192023318,1.26229509963589,2,2,2,100,100,100,100
E01026091,East Midlands,E07000137,East Lindsey,509.251739501953,11.7005448696604,1,2,3,6.44863730864705,100,100,100,100,9.52765204694758,2,2,2,3,100,100,100,100,7.46249466650252,2,3,10,10,100,100,100,100,11.8423688141725,1,2,2,2,100,100,100,100
E01026092,East Midlands,E07000137,East Lindsey,672.596641540527,14.7284915980765,0.611111110480934,2,2.6190476147264,9,61.1111110480934,100,100,100,9.89825398106755,2,2,2,2,100,100,100,100,7.53134908367362,2,2,5.82539682719733,10,100,100,100,100,15.0065871193799,0.611111110480934,2,2,2,61.1111110480934,100,100,100
E01026093,East Midlands,E07000137,East Lindsey,909.606895446777,18.4965025231043,0.157276997805685,2,2.42840375379134,8.31103285039224,15.7276997805685,100,100,100,12.2141079365617,1.7218309787388,2,2,2,100,100,100,100,8.33011734390538,2,2,5.3075117387234,10,100,100,100,100,22.1300938598069,0,1.7218309787388,2,2,0,100,100,100
E01026094,East Midlands,E07000137,East Lindsey,892.525100708008,15.0125601621532,0.559808590926789,2,2.71889953459865,6.12799038851546,55.9808590926789,100,100,100,10.0531340051711,2,2,2,2,100,100,100,100,7.94605280370829,2,2,6,10,100,100,100,100,15.5087326632529,0.559808590926789,2,2,2,55.9808590926789,100,100,100
E01026095,East Midlands,E07000137,East Lindsey,515.657417297363,27.59944079318,0,0.966873709067385,2,4.14906830919677,0,74.5341619961186,100,100,15.3651962785733,0.46790889641186,2,2,2,46.790889641186,100,100,100,9.57064177691669,2,2,5,10,100,100,100,100,28.1281572665338,0,0.745341619961186,1.74534161996119,2,0,74.5341619961186,100,100
E01026096,East Midlands,E07000137,East Lindsey,655.514839172363,28.8968076178538,0,0.597719874085601,2,2.6091205036576,0,59.7719874085601,100,100,16.1524758546803,0.399022791540761,2,2,2,39.9022791540761,100,100,100,10.2549347385314,2,2,5,10,100,100,100,100,29.1288930074329,0,0.597719874085601,1.61563517240488,2,0,59.7719874085601,100,100
E01026097,East Midlands,E07000137,East Lindsey,823.130180358887,18.3693383400124,0.150453957356057,2,2,7.83398182353899,15.0453957356057,100,100,100,12.9252271900007,1.18417639655321,2,2,2,100,100,100,100,9.05032427554864,2,2,5,10,100,100,100,100,19.0785993959873,0.150453957356057,1,2,2,15.0453957356057,100,100,100
E01026098,East Midlands,E07000137,East Lindsey,939.50008392334,18.2177954858243,0.329545442825814,3.25454543165986,5.86250000253772,6,32.9545442825814,100,100,100,27.8076709167174,0,0.863636364005486,5.68636361772295,6.74431817438959,0,86.3636364005486,100,100,13.478704563124,1,7.72159090443074,10,10,100,100,100,100,75.3910664577771,0,0,0,0.156818191138526,0,0,0,15.6818191138526
E01026099,East Midlands,E07000137,East Lindsey,949.108612060547,25.0747134307417,0,0.61529807615602,1.3655792944854,3.03487063072615,0,61.529807615602,100,100,31.4866140297572,0,0.43082114305251,0.931383575692023,2.51518560490124,0,43.082114305251,87.4015747904906,100,16.2498987105035,0.43082114305251,2.94488189875169,6.08436444175252,10,43.082114305251,100,100,100,82.3615978111075,0,0,0,0.264341949913106,0,0,0,26.4341949913106
E01026100,East Midlands,E07000137,East Lindsey,862.631874084473,7.32751246054253,1,1.86386138611672,4,7.14727720676129,100,100,100,100,8.05801987224116,1,1,1,3,100,100,100,100,6.17581690101892,1,4,10,10,100,100,100,100,7.32751246054253,1,1,1,1,100,100,100,100
E01026101,East Midlands,E07000137,East Lindsey,629.892120361328,9.76433898610084,1,2,4,9.5,100,100,100,100,8.78815254400228,1,1,1,3,100,100,100,100,6.70638985170712,1,4,10,10,100,100,100,100,9.76433898610084,1,1,1,1,100,100,100,100
E01026102,East Midlands,E07000137,East Lindsey,1009.96256637573,14.1967122290229,0.470401696127123,1.80232561025039,4.68076111183087,5.47040169612712,47.0401696127123,100,100,100,15.9598621737908,0.470401696127123,1,1.52959830387288,3.99048627963628,47.0401696127123,100,100,100,9.60068711131702,0.885835098794709,5.63107824711125,10,10,88.5835098794709,100,100,100,35.6970608072219,0.470401696127123,0.470401696127123,0.470401696127123,0.749471462602757,47.0401696127123,47.0401696127123,47.0401696127123,74.9471462602757
E01026103,East Midlands,E07000137,East Lindsey,1077.22222900391,20.4274723425819,0,1,2,2,0,100,100,100,24.6718729509374,0,1,1.13280476195845,2,0,100,100,100,13.1897720881854,1,2,5.9068384523635,10,100,100,100,100,55.6502372941624,0,0,0,0.870168487437596,0,0,0,87.0168487437596
E01026104,East Midlands,E07000137,East Lindsey,1159.42854309082,25.9990237688437,0,0.744935536625068,1.86003682681381,2,0,74.4935536625068,100,100,29.9736281724615,0,0.476058918953912,1,2,0,47.6058918953912,100,100,15.4982874566903,0.361878437296837,2,6,10,36.1878437296837,100,100,100,70.9959952032349,0,0,0,0,0,0,0,0
E01026105,East Midlands,E07000137,East Lindsey,1023.84155654907,48.4545665701032,0,0.360792504685678,0.79144943450489,1.42022942464483,0,20.7507825782686,63.8164755601898,79.8748698186797,30.6784461894409,0,0.359749731440452,1.22523463189764,2.61522420621442,0,35.9749731440452,100,100,15.7561101612935,0.252346188571089,3.75912408239678,10,10,25.2346188571089,100,100,100,84.116131757858,0,0,0.163712198980841,0.252346188571089,0,0,16.3712198980841,25.2346188571089
E01026106,East Midlands,E07000137,East Lindsey,533.806869506836,28.7447399803569,0,1.42399995975253,9.47599998879474,10,0,71.1999979876266,100,100,27.3978993180549,0,1.21799999697001,9.45399998805153,10,0,100,100,100,14.3739800684503,1,10,10,10,100,100,100,100,72.4659193032551,0,0,0,0,0,0,0,0
E01026107,East Midlands,E07000137,East Lindsey,516.725044250488,30.6482027454285,0,0.551652875387108,5.57231417023799,10,0,55.1652875387108,100,100,34.3296068448532,0,0.561983522812548,4.03099194227632,7.01446291525456,0,28.0991761406274,100,100,17.501445571291,0,8.33677692676985,10,10,0,100,100,100,94.5971278204068,0,0,0,0,0,0,0,0
E01026108,East Midlands,E07000137,East Lindsey,1122.06200408936,13.098668005061,1.10466222650922,2,3.27687916477243,6.84300665683644,100,100,100,100,10.3762607375067,2,2,2,3,100,100,100,100,7.90719306413138,2,3.1722169382632,10,10,100,100,100,100,16.4526925487534,0.276879164772427,2,2,2,27.6879164772427,100,100,100
E01026109,East Midlands,E07000137,East Lindsey,1226.68817138672,17.2836117755065,0.25935597810714,1,1.70583115762572,2.58311575013289,25.935597810714,100,100,100,15.656727685916,0.583115750132886,1,1,2,58.3115750132886,100,100,100,9.47434289976164,1,2,4.42297649240655,9.67449956237068,100,100,100,100,28.9062581873337,0,0.708442131153063,0.820713669414544,1,0,70.8442131153063,82.0713669414544,100
E01026110,East Midlands,E07000137,East Lindsey,687.543251037598,31.9142703009214,0,0.439440993530359,3.17857142976035,7.06211180406808,0,43.9440993530359,91.3043478743331,91.3043478743331,38.0057297151896,0,0,1.5838509316081,2.64751552772631,0,0,91.3043478743331,100,17.5677336120716,0,3.75776397412143,10,10,0,100,100,100,107.349486844419,0,0,0,0,0,0,0,0
E01026111,East Midlands,E07000137,East Lindsey,696.084144592285,30.1582975280735,0,0.831288345609164,2.27607361129389,5.71472391928634,0,83.1288345609164,100,100,40.1512115896493,0,0,1,2.83128834560916,0,0,100,100,18.3314720626399,0,4,10,10,0,100,100,100,114.260674803378,0,0,0,0,0,0,0,0
E01026112,East Midlands,E07000137,East Lindsey,535.942092895508,24.3063946124532,0,1,4.49203187347412,8.47410356387878,0,100,100,100,35.5246597483339,0,0,1.73705178193939,2.26294821806061,0,0,100,100,16.6065339689052,0,4,10,10,0,100,100,100,100.437949688842,0,0,0,0,0,0,0,0
E01026113,East Midlands,E07000137,East Lindsey,945.90576171875,26.478487557223,0,0.664785553939547,2.17945824450306,3.80812641311109,0,58.5778779072018,100,100,33.1645368017812,0,0.242663662783945,1.35665914082846,3.11625281815648,0,24.2663662783945,100,100,16.398769757283,0.242663662783945,3.66365688791642,8.85891648900613,10,24.2663662783945,100,100,100,92.8271784454004,0,0,0.0733634366861706,0.0733634366861706,0,0,7.33634366861706,7.33634366861706
E01026114,East Midlands,E07000137,East Lindsey,779.358016967773,19.7703704779017,0,2,2,6.81369860216363,0,100,100,100,11.7391642270498,1.83561643728336,2,2,2,100,100,100,100,8.27035633824198,2,2,5,10,100,100,100,100,20.8156164586283,0,1.69452055051993,2,2,0,100,100,100
E01026115,East Midlands,E07000137,East Lindsey,856.226226806641,23.7125562907661,0,1.17705735443085,2,2.99750622139265,0,100,100,100,18.075250212195,0,2,2,2,0,100,100,100,11.0063342126918,2,2,5.17705735443085,10,100,100,100,100,37.0969580564625,0,0,1,2,0,0,100,100
E01026116,East Midlands,E07000137,East Lindsey,761.208595275879,20.9748947133521,0,1.81907433938152,2,4.64095372248158,0,100,100,100,13.8847828841408,0.869565216519762,2,2,2,71.6690043200307,100,100,100,9.44537138887226,2,2,5,10,100,100,100,100,26.223351718373,0,1,2,2,0,100,100,100
E01026117,East Midlands,E07000137,East Lindsey,830.603458404541,31.1884313036362,0,0.957583553750287,2.35989718051278,2.62724937319425,0,65.8097685631519,89.4601547505002,89.4601547505002,34.5760801352946,0,0.334190237407334,1.33676092207325,2.89845757680021,0,33.4190237407334,83.0334182852375,100,17.5428663498545,0.334190237407334,3.30848327593117,7.98586117692896,10,33.4190237407334,100,100,100,92.1587660979606,0,0,0,0.142673520227523,0,0,0,14.2673520227523
E01026118,East Midlands,E07000137,East Lindsey,829.535873413086,14.8316220095772,0.446589447595574,2.28442728294769,4,5.55341055240443,28.4427282947686,100,100,100,10.4292792564325,2,2,3.16216216464789,5.71557271705231,100,100,100,100,7.70544400289948,2,6,10,10,100,100,100,100,16.9199357728251,0.284427282947686,1.84684685471831,2,2,28.4427282947686,100,100,100
E01026119,East Midlands,E07000137,East Lindsey,535.942085266113,12.3352387432813,1.51792828849733,2.51792828849733,3.54382471075171,5.04183267553301,75.8964144248663,100,100,100,10.9894820983647,1.51792828849733,2.24103585575134,3.47609561296432,5,75.8964144248663,100,100,100,8.01129463238702,2.24103585575134,5.75896414424866,10,10,100,100,100,100,18.8649005721035,1.28286853128435,1.51792828849733,1.51792828849733,1.75896414424866,75.8964144248663,75.8964144248663,75.8964144248663,100
E01026120,East Midlands,E07000137,East Lindsey,707.827903747559,7.06722469860649,1.79788838368508,3,4.60482654541775,5.75113122225595,100,100,100,100,7.54924604712207,2,2,3.24886877774405,5.20211161631492,100,100,100,100,6.60048269467647,2,6,10,10,100,100,100,100,7.06722469860649,1.79788838368508,2,2,2,100,100,100,100
E01026121,East Midlands,E07000137,East Lindsey,1179.7131652832,12.5111222784739,0.868778284288672,1.16108597699434,8.20633485027915,9.48416290663792,86.8778284288672,94.8416290663792,94.8416290663792,94.8416290663792,11.9205700158988,0.72850678615979,1,1.05158370933621,2.72850678615979,72.850678615979,100,100,100,8.14906780542061,0.948416290663792,8.47873302037277,10,10,94.8416290663792,100,100,100,22.4327785461963,0.72850678615979,0.72850678615979,0.72850678615979,0.80814479253491,72.850678615979,72.850678615979,72.850678615979,80.814479253491
E01026122,East Midlands,E07000138,Lincoln,777.116882324219,3.78073430650186,1.8491321823431,9.87049399349669,10,10,100,100,100,100,6.40133503603923,5.54472628750084,10,10,10,100,100,100,100,6.43990647938402,9.15487316767936,10,10,10,100,100,100,100,3.78073430650186,1.8491321823431,6.87182909380823,8.31508678569272,9.68891856432974,100,100,100,100
E01026123,East Midlands,E07000138,Lincoln,1046.87706756592,12.7180076776417,0.781962337396561,7.4529236915351,10,10,78.1962337396561,100,100,100,11.1939247065077,2.04261644743283,9.78196233739656,10,10,100,100,100,100,8.79224982474251,7.78493557808461,10,10,10,100,100,100,100,18.6080771054672,0.113974231233845,2.04261644743283,7.11793854972199,8.33201189383728,11.3974231233845,100,100,100
E01026124,East Midlands,E07000138,Lincoln,669.212799072266,8.11651166542213,1.21705426639393,7.8,10,10,100,100,100,100,8.09885260462732,4.39379844236554,10,10,10,100,100,100,100,6.74483713272254,9,10,10,10,100,100,100,100,9.76586040592612,1,3.98759688473108,8,9.8,100,100,100,100
E01026125,East Midlands,E07000138,Lincoln,518.769622802734,11.2164199149571,0.766000003647264,8.56799998976413,10,10,76.6000003647264,100,100,100,9.31592004847599,5.30999999529385,10,10,10,100,100,100,100,7.45541989085614,8.5440000063533,10,10,10,100,100,100,100,12.5212201340497,0.654000007529836,5.54200001141241,8,9,65.4000007529836,100,100,100
E01026126,East Midlands,E07000138,Lincoln,883.983421325684,5.13529336470641,1.29694836188261,9.69248827573529,10,10,100,100,100,100,6.72032870767199,5,10,10,10,100,100,100,100,6.20007042627365,9.15727699731089,10,10,10,100,100,100,100,5.13529336470641,1.29694836188261,5,8.15727699731089,10,100,100,100,100
E01026127,East Midlands,E07000138,Lincoln,662.987571716309,7.07020351207108,2,5.1471048373374,9.37871672260107,10,100,100,100,100,7.93805951535085,2,9.34898276917851,10,10,100,100,100,100,7.18766824187529,4.19561814369393,10,10,10,100,100,100,100,7.07020351207108,2,2,2,4.59467918352717,100,100,100,100
E01026128,East Midlands,E07000138,Lincoln,1229.48396682739,10.9803544533031,1.75527425230842,5.35696202731945,9.29957805236889,10,87.7637126154211,100,100,100,9.49620282129363,2,7.232911384668,10,10,100,100,100,100,7.69509704928604,5.72151898789161,10,10,10,100,100,100,100,11.2397215857168,1.5443037938551,2,2.35864978681708,5.71139240298174,77.2151896927552,100,100,100
E01026129,East Midlands,E07000138,Lincoln,731.465171813965,9.00546096058441,2,3.56312056906249,8.56595745173516,10,100,100,100,100,8.88558833124609,2,7.29929078298243,10,10,100,100,100,100,7.62357453098136,4.60567374657082,10,10,10,100,100,100,100,9.00546096058441,2,2,2,4.38865248808384,100,100,100,100
E01026130,East Midlands,E07000138,Lincoln,610.073066711426,15.4031289077241,1.18707482240303,5.17006803741962,10,10,59.3537411201514,100,100,100,11.1971598803384,2,10,10,10,100,100,100,100,8.88154755780854,4.35374150782825,10,10,10,100,100,100,100,18.2112076090768,0.819727881585769,2,2.59013605920712,4.18197279441143,40.9863940792885,100,100,100
E01026131,East Midlands,E07000138,Lincoln,619.410911560059,9.68207712107735,1.63484087258979,5.8174204362949,10,10,81.7420436294896,100,100,100,8.48323277636737,2,10,10,10,100,100,100,100,7.4003685524686,4.63484087258979,10,10,10,100,100,100,100,9.68207712107735,1.63484087258979,2,3,4.58793970647696,81.7420436294896,100,100,100
E01026132,East Midlands,E07000138,Lincoln,813.430763244629,7.11724484096299,1.82653059032801,10,10,10,100,100,100,100,7.61443896822112,5.66836735828005,10,10,10,100,100,100,100,6.70760208149379,9.84693877713722,10,10,10,100,100,100,100,7.11724484096299,1.49489794860806,5.51530613541727,8.16326530688811,10,100,100,100,100
E01026133,East Midlands,E07000138,Lincoln,1032.35153198242,12.511004987258,1.14472362395813,10,10,10,85.7286436023075,100,100,100,9.58597992498615,5.31256282684556,10,10,10,100,100,100,100,7.4669045029915,10,10,10,10,100,100,100,100,13.9451352615628,0.742713578757539,4.72060302242855,7.70653266168255,10,59.5979909598811,100,100,100
E01026134,East Midlands,E07000138,Lincoln,792.679977416992,14.0617540117314,1.48429318520108,10,10,10,82.7225123835217,100,100,100,10.2689267611817,5.79581151348701,10,10,10,100,100,100,100,8.48909679046318,9.65706806136587,10,10,10,100,100,100,100,15.3951573506553,0.344240835857039,5.16492147357773,9,10,34.4240835857039,100,100,100
E01026135,East Midlands,E07000138,Lincoln,701.376525878906,7.5766271379031,1,8.60502954917493,10,10,100,100,100,100,7.64693782937525,3.01775147800263,10,10,10,100,100,100,100,6.58165689625485,10,10,10,10,100,100,100,100,7.94264791169173,1,3.8624260237241,8.48520709441264,10,100,100,100,100
E01026136,East Midlands,E07000138,Lincoln,639.124160766602,12.6527922431219,0.579545458072374,6.1688311753424,10,10,57.9545458072374,100,100,100,9.42219162744408,1.76785715181009,10,10,10,100,100,100,100,7.57198057506961,9.35714286908012,10,10,10,100,100,100,100,13.5337663767008,0.579545458072374,2.16396105768084,7.14610391183938,10,57.9545458072374,100,100,100
E01026137,East Midlands,E07000138,Lincoln,482.45573425293,9.08643030175015,1,8,10,10,100,100,100,100,8.31301072508128,2.2924731149468,10,10,10,100,100,100,100,7.05294609297837,5.87741934484039,10,10,10,100,100,100,100,9.2414409745732,1,3.2924731149468,4.52043010392205,8.81720429920484,100,100,100,100
E01026138,East Midlands,E07000138,Lincoln,641.199249267578,5.69042073054338,1,6.99676376220877,10,10,100,100,100,100,7.47961157720802,1.84789644305597,10,10,10,100,100,100,100,6.80812295663346,5.15210355694403,10,10,10,100,100,100,100,5.69042073054338,1,2.69579288611195,4.82847896871407,7.5339805681997,100,100,100,100
E01026139,East Midlands,E07000138,Lincoln,514.619453430176,16.6503222795943,0.258064521867863,6.53830646682678,10,10,25.8064521867863,100,100,100,11.2886291643155,2.75806451445521,10,10,10,100,100,100,100,8.22614923260867,6.51612904373573,10,10,10,100,100,100,100,17.480241816625,0.258064521867863,2.73588710618946,5.73588710618946,9.25806452186786,25.8064521867863,100,100,100
E01026140,East Midlands,E07000138,Lincoln,647.424499511719,4.13621789164783,1,7.41185897481221,10,10,100,100,100,100,7.19059294821533,1.80929487406107,10,10,10,100,100,100,100,6.52589745247263,5.26602564737099,10,10,10,100,100,100,100,4.13621789164783,1,2.61858974812214,5,7,100,100,100,100
E01026141,East Midlands,E07000138,Lincoln,577.909355163574,9.18285455904428,1,6.88330340174528,10,10,100,100,100,100,8.93683992179106,2.78096947717315,10,10,10,100,100,100,100,8.6314903838821,8.43087970881242,10,10,10,100,100,100,100,9.18285455904428,1,2.76301616147334,6.21543985440621,10,100,100,100,100
E01026142,East Midlands,E07000138,Lincoln,527.069923400879,12.8512204859029,1.78543307260429,8,10,10,100,100,100,100,9.5845473914869,3,10,10,10,100,100,100,100,7.81035410941118,7.46456692377693,10,10,10,100,100,100,100,13.1012993713365,1.29330707587182,4,5.25984253484401,10,100,100,100,100
E01026143,East Midlands,E07000138,Lincoln,737.690399169922,5.19590715353163,3.62728551276507,10,10,10,100,100,100,100,7.3360478312138,5,10,10,10,100,100,100,100,6.46330527860709,9,10,10,10,100,100,100,100,5.19590715353163,3.62728551276507,5,8.41490857700725,10,100,100,100,100
E01026144,East Midlands,E07000138,Lincoln,651.574645996094,11.7710671427858,2.40127388915393,10,10,10,100,100,100,100,9.55152844656859,5,10,10,10,100,100,100,100,8.20124210767779,8.59713375818553,10,10,10,100,100,100,100,12.2853503436219,2.01910829047233,5,7.62738854069998,9.62738854069998,80.8917200659198,100,100,100
E01026145,East Midlands,E07000138,Lincoln,642.236770629883,8.66579969672331,2.7802907932498,8.40064620194205,10,10,100,100,100,100,7.9526656021741,5.43941841350039,10,10,10,100,100,100,100,7.34465284453117,9,10,10,10,100,100,100,100,8.66579969672331,2.7802907932498,5.43941841350039,7.96930533647612,9.38772213934221,100,100,100,100
E01026146,East Midlands,E07000138,Lincoln,753.253479003906,6.81185960831046,2.79063361816275,10,10,10,100,100,100,100,8.04292022805371,5,10,10,10,100,100,100,100,7.36500014720073,9.1363636382052,10,10,10,100,100,100,100,6.81185960831046,2,5,8,10,100,100,100,100
E01026147,East Midlands,E07000138,Lincoln,1063.47772216797,11.4195706302004,0.584390246016146,7.62926828190442,10,10,58.4390246016146,100,100,100,10.1533657447497,3.75317071652642,10,10,10,100,100,100,100,8.2569856111078,7.64682927056037,10,10,10,100,100,100,100,12.5163707040956,0.359024387542277,3.85073170403453,7.35902438754228,8.64682927056037,35.9024387542277,100,100,100
E01026148,East Midlands,E07000138,Lincoln,971.136726379395,4.39217949094597,2.21260684352413,9.11752136968684,10,10,100,100,100,100,6.66972224795911,7,10,10,10,100,100,100,100,6.17878209715006,8.61752136575877,10,10,10,100,100,100,100,4.39217949094597,1.49893162269781,6.868589745025,8,9.11752136968684,100,100,100,100
E01026149,East Midlands,E07000138,Lincoln,820.693534851074,11.0739568701482,1.91782553050158,7.53982301543099,10,10,100,100,100,100,11.018445268216,2.16055625315336,9.84829330066671,10,10,100,100,100,100,9.09688984048467,7.23261694951349,10,10,10,100,100,100,100,18.9399114449099,0,1.8470290813485,6.38432364884678,8,0,100,100,100
E01026150,East Midlands,E07000138,Lincoln,794.75505065918,11.6433942240502,2.64229766662295,6.49608356076416,10,10,100,100,100,100,11.9296344293198,3,10,10,10,100,100,100,100,8.34563972724782,7.83289817021835,10,10,10,100,100,100,100,20.5829114344681,0,3,7.34595299647018,8,0,100,100,100
E01026151,East Midlands,E07000138,Lincoln,866.345252990723,9.40910187808487,1.61317366366308,8.37245508850203,10,10,100,100,100,100,8.3870899725019,5.32095807086001,10,10,10,100,100,100,100,7.24158080448438,8,10,10,10,100,100,100,100,9.59952104179174,1,5.41437126544772,7.61916167258626,8.75449101770041,100,100,100,100
E01026152,East Midlands,E07000138,Lincoln,586.209671020508,8.91235392311254,2.52389381005495,9.02477875055798,10,10,100,100,100,100,8.44867267510008,3.7026548631564,10,10,10,100,100,100,100,6.7561415065211,8.47610618994505,10,10,10,100,100,100,100,8.91235392311254,2.52389381005495,3.47610618994505,6.7026548631564,9,100,100,100,100
E01026153,East Midlands,E07000138,Lincoln,1130.91777038574,7.2888806780503,1,7.39541287180132,10,10,100,100,100,100,8.03791768145372,3,9.71100917486895,10,10,100,100,100,100,7.88484409694914,7.08440367264606,10,10,10,100,100,100,100,7.2888806780503,1,3,5.55504587434476,9,100,100,100,100
E01026154,East Midlands,E07000138,Lincoln,531.220085144043,11.8829296795333,2.22851561077823,8.22656249068713,10,10,100,100,100,100,9.13712881494192,4.98046875600288,10,10,10,100,100,100,100,7.33160148410028,9,10,10,10,100,100,100,100,11.8829296795333,1.99414061100264,4.46874999955119,8,9,100,100,100,100
E01026155,East Midlands,E07000138,Lincoln,771.929183959961,9.76377698900613,1,5.32930109856953,10,10,100,100,100,100,8.89420726334328,3,9,10,10,100,100,100,100,7.49883076402201,6.70295698380074,10,10,10,100,100,100,100,9.76377698900613,1,3,4.48655914387652,8.83467741927513,100,100,100,100
E01026156,East Midlands,E07000138,Lincoln,491.793594360352,8.62377617448792,2,9,10,10,100,100,100,100,8.76582251783877,5,10,10,10,100,100,100,100,6.82369198030274,9,10,10,10,100,100,100,100,8.62377617448792,2,5,8,8.25105485742635,100,100,100,100
E01026157,East Midlands,E07000138,Lincoln,651.574645996094,10.4045224980518,2.29299361550795,8.91401272214743,10,10,100,100,100,100,9.16802532306642,3,9.64649680775398,10,10,100,100,100,100,7.10039822867268,8.45700636107372,10,10,10,100,100,100,100,10.4045224980518,2.29299361550795,3,5.64649680775398,9,100,100,100,100
E01026158,East Midlands,E07000138,Lincoln,672.325408935547,14.9908797872189,0.36728396420659,6,10,10,18.3641982103295,100,100,100,10.9416819343279,2,10,10,10,100,100,100,100,8.68216050046086,6.49845677128055,10,10,10,100,100,100,100,15.408657584422,0.36728396420659,2,3.36882717023049,6.33641976429409,18.3641982103295,100,100,100
E01026159,East Midlands,E07000138,Lincoln,667.137710571289,10.7514308760577,2,6,9.81648522557659,10,100,100,100,100,9.21227038832951,2,10,10,10,100,100,100,100,7.58138438549643,5.81181959591219,10,10,10,100,100,100,100,10.7514308760577,2,2,3,6.09020216969957,100,100,100,100
E01026160,East Midlands,E07000138,Lincoln,628.74877166748,11.090230921782,2,6,9.78382839190894,10,100,100,100,100,9.19861374563945,2,8.23762374795931,10,10,100,100,100,100,7.68003287223876,5.78382839190894,10,10,10,100,100,100,100,11.2477557869326,2,2,3.62046204091841,6.21617160809106,100,100,100,100
E01026161,East Midlands,E07000138,Lincoln,700.338989257813,16.6394813550434,0.207407406116283,6.01777779820982,10,10,20.7407406116283,100,100,100,10.9844592761628,1.40296296854707,10,10,10,100,100,100,100,8.24814819758384,9,10,10,10,100,100,100,100,18.9523258219695,0.207407406116283,2.59703703145293,5.78518518340989,10,20.7407406116283,100,100,100
E01026162,East Midlands,E07000138,Lincoln,644.311859130859,17.038373460904,0.334943651037278,5.13848631998837,10,10,16.7471825518639,100,100,100,12.0208213816735,1.34782609004552,10,10,10,100,100,100,100,8.94444436312584,7.30434781990896,10,10,10,100,100,100,100,21.219226883625,0.334943651037278,1.77938809285036,4.81964573547312,8.60869563981793,16.7471825518639,100,100,100
E01026163,East Midlands,E07000138,Lincoln,624.598617553711,15.399119368033,1.12956809787145,6,10,10,56.4784048935724,100,100,100,11.0715951372718,2,8.67774086849477,10,10,100,100,100,100,8.34860474372792,6,10,10,10,100,100,100,100,17.5933392961908,0.348837211006727,2,4.44518272782362,6,17.4418605503363,100,100,100
E01026164,East Midlands,E07000138,Lincoln,578.946891784668,10.9186917795355,2.23118279364428,8.53405019234229,10,10,100,100,100,100,9.56424777380668,4.75089606497583,10,10,10,100,100,100,100,7.37003570293863,9,10,10,10,100,100,100,100,11.6746596205793,1.76881720635572,5.30286739869801,8,8.44802866627782,100,100,100,100
E01026165,East Midlands,E07000138,Lincoln,741.840553283691,6.19991600965571,2,7.83216785395928,10,10,100,100,100,100,7.59239152229407,3.80839160781626,10,10,10,100,100,100,100,6.85973435320469,8.1468531470689,10,10,10,100,100,100,100,6.19991600965571,2,3.46993006856361,6.64895104902297,8.67132867672259,100,100,100,100
E01026166,East Midlands,E07000138,Lincoln,557.158569335938,10.161787661404,2,6.22905027734062,10,10,100,100,100,100,8.82878946538445,3,10,10,10,100,100,100,100,6.82849171593994,9,10,10,10,100,100,100,100,10.5603350915512,2,3.49348232554665,7.7523277408762,8,100,100,100,100
E01026167,East Midlands,E07000138,Lincoln,804.092910766602,10.5308258376469,3.11870968143501,9.16645161028326,10,10,85.2903227018493,100,100,100,8.95860653517903,7.36645160838562,10,10,10,100,100,100,100,7.50778064145027,8.9948387037274,10,10,10,100,100,100,100,10.8269419591074,1.49161289592907,7.21806451608006,8,9.16645161028326,85.2903227018493,100,100,100
E01026168,East Midlands,E07000138,Lincoln,639.124160766602,12.4073540941721,1.62337661252456,5.4155844123288,10,10,81.1688306262282,100,100,100,10.4445781093547,3,10,10,10,100,100,100,100,7.58495127548796,7.81168830626228,10,10,10,100,100,100,100,14.4728408056164,1.18506492475548,3.21103895724074,6.81493506330726,8,59.2532462377739,100,100,100
E01026169,East Midlands,E07000138,Lincoln,780.229499816895,13.1088031795154,1.34042553690812,5.49867021121858,10,10,100,100,100,100,9.41707441723677,2,10,10,10,100,100,100,100,7.29664876681653,9.0239361785088,10,10,10,100,100,100,100,13.1333243961248,1,2,6.34308510469256,10,100,100,100,100
E01026170,East Midlands,E07000138,Lincoln,613.185668945313,6.93879863508383,1.57360406438742,6.51776649057765,10,10,100,100,100,100,8.21473769787102,3,10,10,10,100,100,100,100,6.96306261145351,10,10,10,10,100,100,100,100,6.93879863508383,1.57360406438742,3.14720812877485,7.32148901042897,10,100,100,100,100
E01026171,East Midlands,E07000138,Lincoln,692.03865814209,15.7969565892871,0.18590704426194,5.63718140223768,10,10,18.590704426194,100,100,100,11.5341828234834,2.46476759963033,10,10,10,100,100,100,100,8.43878568228748,6.86956520205284,10,10,10,100,100,100,100,19.7370620655832,0,2.46476759963033,6.17991004674606,9.78110944183943,0,100,100,100
E01026172,East Midlands,E07000138,Lincoln,596.585060119629,8.56770429231698,1.18956521298763,7.72173911531106,10,10,100,100,100,100,7.76730434950763,2,10,10,10,100,100,100,100,6.56879997492582,10,10,10,10,100,100,100,100,8.56770429231698,1,2,9,10,100,100,100,100
E01026173,East Midlands,E07000138,Lincoln,723.164848327637,11.2431993810585,1.66714491257066,7.80057387398478,10,10,100,100,100,100,8.87935437348173,2,10,10,10,100,100,100,100,7.34888091096974,10,10,10,10,100,100,100,100,11.9097847423532,1.28120517334807,2,8.65853659179879,10,100,100,100,100
E01026174,East Midlands,E07000138,Lincoln,626.673698425293,13.1686589078995,1.39403972820587,10,10,10,100,100,100,100,11.2244864074053,4.8311258272905,10,10,10,100,100,100,100,9.01382453138426,9.60596027179413,10,10,10,100,100,100,100,17.1522020035257,0.225165555496374,4.25331125297703,8.6225165458101,9.8311258272905,22.5165555496374,100,100,100
E01026175,East Midlands,E07000138,Lincoln,916.14714050293,13.1338277653774,1.54699887421214,9.5877689735344,10,10,83.9184602677064,100,100,100,10.4104756740169,3.64779162253474,10,10,10,100,100,100,100,9.31733852195406,9.5877689735344,10,10,10,100,100,100,100,13.5439070719026,0.707814271535075,4.32955832783803,7.49037372516096,10,70.7814271535075,100,100,100
E01026176,East Midlands,E07000138,Lincoln,923.40991973877,4.00171912439037,2.07977531120907,10,10,10,100,100,100,100,6.35461804814752,5.40561797163315,10,10,10,100,100,100,100,6.20988776016411,10,10,10,10,100,100,100,100,4.00171912439037,1.7662921536767,4.73146068163041,9.82134830212061,10,100,100,100,100
E01026177,East Midlands,E07000138,Lincoln,806.167984008789,5.27370661039766,1,10,10,10,100,100,100,100,6.72052767573837,5.64993564158024,10,10,10,100,100,100,100,6.62086228185893,10,10,10,10,100,100,100,100,5.27370661039766,1,5.0231660027038,9.70913770316956,10,100,100,100,100
E01026178,East Midlands,E07000138,Lincoln,799.942741394043,8.77658887703513,1,10,10,10,100,100,100,100,8.02111540366776,5.4863813141991,10,10,10,100,100,100,100,7.42961074936598,9.82749675143356,10,10,10,100,100,100,100,8.77658887703513,1,5.17769130299787,8,10,100,100,100,100
E01026179,East Midlands,E07000139,North Kesteven,481.477584838867,15.156681956806,0.736842120274963,3.06864990509162,4.73684212027496,10,73.6842120274963,100,100,100,25.2457897561485,0,1,3,6.40045768990827,0,100,100,100,13.4984667372083,0.736842120274963,10,10,10,73.6842120274963,100,100,100,66.9928822552094,0,0,0,0.331807784816655,0,0,0,33.1807784816655
E01026180,East Midlands,E07000139,North Kesteven,665.474723815918,28.7608612305416,0,1.93708609320874,3.3493377474143,4.9983443871657,0,89.4039735327111,89.4039735327111,89.4039735327111,21.5357124009152,0,1,3.25331125146393,5.58609271003096,0,100,100,100,12.0886591524328,0.894039735327111,9.13410598093533,10,10,89.4039735327111,100,100,100,54.0145706765421,0,0,0.253311251463928,0.658940397009333,0,0,25.3311251463928,65.8940397009333
E01026182,East Midlands,E07000139,North Kesteven,637.930252075195,8.88986170405915,1,3,5.63730569018683,10,100,100,100,100,8.17925713738429,1,1,4.31433506850474,10,100,100,100,100,6.79343705465111,1,10,10,10,100,100,100,100,8.93151958305522,1,1,1,1,100,100,100,100
E01026183,East Midlands,E07000139,North Kesteven,1207.55017852783,16.2462957195433,0.61405109151818,0.851277366930455,0.851277366930455,1.76277372458772,61.405109151818,85.1277366930455,85.1277366930455,100,9.99286497942865,0.851277366930455,1.20346716205273,2.29744526613909,5.07755475044586,85.1277366930455,100,100,100,7.30610390643601,1.14872263306954,7.31478100058583,10,10,100,100,100,100,16.2462957195433,0.61405109151818,0.851277366930455,0.851277366930455,1.14872263306954,61.405109151818,85.1277366930455,85.1277366930455,100
E01026184,East Midlands,E07000139,North Kesteven,559.703887939453,15.3329529470139,0.346456686795479,5.85039368329233,10,10,34.6456686795479,100,100,100,18.0733658743215,0,5.47637793923211,10,10,0,100,100,100,10.8559841833908,3.65354331320452,10,10,10,100,100,100,100,42.3637989164722,0,0,0.958661400471757,2.89173228282058,0,0,61.2204713676278,100
E01026185,East Midlands,E07000139,North Kesteven,892.441268920898,14.6255433454767,0.509876539980291,6.01728395137719,10,10,50.9876539980291,100,100,100,18.0051729030641,0.159259255269771,5.48888889572801,10,10,15.9259255269771,100,100,100,10.4518022030528,4.31851851053954,10,10,10,100,100,100,100,41.5884314603535,0,0.159259255269771,0.988888887179108,3.31851851053954,0,15.9259255269771,82.9629631909337,100
E01026186,East Midlands,E07000139,North Kesteven,760.227722167969,7.38034775676381,1,6.90289855037557,10,10,100,100,100,100,7.96026091761902,1,9.4333333253048,10,10,100,100,100,100,7.16428998011008,2.90579709272261,10,10,10,100,100,100,100,8.14939135908132,0.808695643098177,1.97101449624429,4.05942027868494,6.87826086014041,80.8695643098177,100,100,100
E01026187,East Midlands,E07000139,North Kesteven,826.334518432617,13.1412401069108,0.774666663490578,4.0373333160495,10,10,77.4666663490578,100,100,100,9.74089338471344,1,9.68400000450561,10,10,100,100,100,100,8.02441334316879,2.24000001551113,10,10,10,100,100,100,100,14.0618000841374,0.774666663490578,1,3,6.08266668247325,77.4666663490578,100,100,100
E01026188,East Midlands,E07000139,North Kesteven,1146.95230102539,10.9859078352139,0.79058597596972,5.41690681079297,10,10,79.058597596972,100,100,100,9.01160425865018,1,9,10,10,100,100,100,100,8.70666646958471,1.39865514322532,10,10,10,100,100,100,100,12.1324302775299,0.669548507046993,1,3.07588857273515,5.28626322205112,66.9548507046993,100,100,100
E01026189,East Midlands,E07000139,North Kesteven,891.339508056641,10.8296910558476,1,6.09641535181497,10,10,100,100,100,100,10.2682696784938,1,5.42645242151367,10,10,100,100,100,100,7.66902344856145,2.76143388666432,10,10,10,100,100,100,100,16.3740174882696,0.320148330151664,1,1,1.79357230303143,32.0148330151664,100,100,100
E01026190,East Midlands,E07000139,North Kesteven,711.749420166016,6.9734365476048,1,5.07739939427864,9.08668731473178,10,100,100,100,100,7.44913309361709,1,2.45510835946499,10,10,100,100,100,100,6.48730642071413,2,10,10,10,100,100,100,100,6.9734365476048,1,1,1.76780186004093,2,100,100,100,100
E01026191,East Midlands,E07000139,North Kesteven,767.94017791748,15.4705740462238,0.380200854489208,3.19942610164546,8.5351506284483,9.85222381638432,38.0200854489208,100,100,100,17.3022809069438,0.380200854489208,1.52797703810489,6.40172162551945,10,38.0200854489208,100,100,100,10.593629846921,1.52797703810489,10,10,10,100,100,100,100,39.0378338569052,0.380200854489208,0.380200854489208,0.550932564956365,1.38020085448921,38.0200854489208,38.0200854489208,38.0200854489208,100
E01026192,East Midlands,E07000139,North Kesteven,546.482559204102,27.6238103939623,0,0.631048379834849,3.2620967596697,5.04032254619324,0,63.1048379834848,100,100,34.9833253814277,0,0,2.82258066272502,8,0,0,100,100,16.8513713380779,0.368951620165151,10,10,10,36.8951620165151,100,100,100,98.5569749727112,0,0,0,0,0,0,0,0
E01026193,East Midlands,E07000139,North Kesteven,677.594306945801,33.1218527676746,0,0.377235767194816,2.03577234267425,6.57723575368338,0,37.7235767194816,82.9268287739718,100,19.5703737913616,0.377235767194816,1,3.28130080828462,10,37.7235767194816,100,100,100,11.7528940834965,0.902439018348544,10,10,10,90.2439018348544,100,100,100,47.4202922198082,0,0.377235767194816,0.377235767194816,0.902439018348544,0,37.7235767194816,37.7235767194816,90.2439018348544
E01026194,East Midlands,E07000139,North Kesteven,884.728820800781,9.30212955223228,1,2.15068492087523,7.55168114747047,10,100,100,100,100,8.25209243782201,1,1,2.9987546391451,10,100,100,100,100,6.74996272630277,1,10,10,10,100,100,100,100,9.74237844584725,1,1,1,1,100,100,100,100
E01026195,East Midlands,E07000139,North Kesteven,896.84838104248,12.9457984574287,0.44348893398923,2.5343980488723,9.22727271064561,10,44.348893398923,100,100,100,17.3297792033111,0.44348893398923,1.69778870339029,6.46928752912835,10,44.348893398923,100,100,100,9.09035641862665,1.58230958458784,10,10,10,100,100,100,100,40.1672244755918,0.33538082657087,0.44348893398923,0.44348893398923,0.651105648304855,33.538082657087,44.348893398923,44.348893398923,65.1105648304855
E01026196,East Midlands,E07000139,North Kesteven,717.258361816406,13.2665746518981,0.566820271791977,1.29800306954965,6.01689707435463,10,56.6820271791977,100,100,100,19.4957141023575,0.298003069549654,1,1.29800306954965,5.78801841729792,29.8003069549654,100,100,100,9.66336388061681,1,10,10,10,100,100,100,100,47.1906746858327,0.298003069549654,0.298003069549654,0.298003069549654,0.731182797757677,29.8003069549654,29.8003069549654,29.8003069549654,73.1182797757677
E01026197,East Midlands,E07000139,North Kesteven,666.576507568359,31.1299010358113,0,0.26446281332267,2,4.46942150852707,0,26.446281332267,100,100,31.8198684785623,0,0,2.49586775781155,5,0,0,100,100,15.1877519327548,0.204958695204401,10,10,10,20.4958695204401,100,100,100,71.4726442302641,0,0,0,0,0,0,0,0
E01026198,East Midlands,E07000139,North Kesteven,491.393585205078,41.8582509840755,0,0.356502257330385,1.60538116884347,3.56726459501732,0,35.6502257330385,80.2690584421734,80.2690584421734,36.6279377801684,0,0,2.80269058442173,4,0,0,100,100,17.7786322883862,0,9.80269058442173,10,10,0,100,100,100,94.9704932461921,0,0,0,0,0,0,0,0
E01026199,East Midlands,E07000139,North Kesteven,1051.0975189209,39.5324214678986,0,0.631027266755372,2.00000004355102,4.37106925022727,0,44.5492670675751,49.8951792318201,81.6561848317988,28.1091822263626,0,1.47484276158923,6.54402512185321,10,0,38.5744230357478,100,100,14.799737674676,1.45597484911278,10,10,10,64.5702304953607,100,100,100,74.1147889212846,0,0,0,0.718029339072506,0,0,0,38.5744230357478
E01026200,East Midlands,E07000139,North Kesteven,766.838439941406,17.3958481285297,0.633620674216828,1.6235632126729,4.71120691130392,7.8405172334886,63.3620674216828,81.178160633645,81.178160633645,100,10.7298278414211,0.81178160633645,1,2,5.39080460090318,81.178160633645,100,100,100,7.52484207219691,1.42097700543327,10,10,10,100,100,100,100,18.0924575158397,0.633620674216828,0.81178160633645,0.81178160633645,1,63.3620674216828,81.178160633645,81.178160633645,100
E01026201,East Midlands,E07000139,North Kesteven,945.32666015625,19.5143826272962,0,1.91491841999784,3.27389278518039,7.78554781139642,0,100,100,100,18.9231932688243,0.413752922218624,1,2,4.00699301895788,41.3752922218624,100,100,100,11.0619696445565,1,8.24125876665587,10,10,100,100,100,100,45.247657589137,0,0.413752922218624,0.593240096739253,0.593240096739253,0,41.3752922218624,59.3240096739253,59.3240096739253
E01026202,East Midlands,E07000139,North Kesteven,938.71598815918,10.0765963291906,0.853286389231051,2,3.27112675192078,8.59389670861643,85.3286389231051,100,100,100,8.32680755522488,1,1,2,6,100,100,100,100,6.83233569277276,1,10,10,10,100,100,100,100,10.0765963291906,0.853286389231051,1,1,1,85.3286389231051,100,100,100
E01026203,East Midlands,E07000139,North Kesteven,883.627029418945,10.7198753718157,0.815461349863159,4.5349127285612,10,10,81.5461349863159,100,100,100,8.71811716165551,1.18453865013684,7.19576063159784,10,10,100,100,100,100,7.19741916922503,4.42019950101003,10,10,10,100,100,100,100,11.1571822803388,0.815461349863159,1,2.43516206812848,4.43640898181937,81.5461349863159,100,100,100
E01026204,East Midlands,E07000139,North Kesteven,813.113151550293,12.3693088256174,1,3.37127371774645,10,10,100,100,100,100,9.72243907687158,1,3.37127371774645,10,10,100,100,100,100,7.71413277710441,2.18563685887322,10,10,10,100,100,100,100,14.5186447603925,0.369918708150373,1,2,2,36.9918708150373,100,100,100
E01026205,East Midlands,E07000139,North Kesteven,732.683288574219,12.5650373344342,0.804511273184746,3.5969924859319,9.60902254636949,10,80.4511273184746,100,100,100,11.7580752861557,1,2.80451129401065,10,10,100,100,100,100,8.32864665796953,2.19548872681525,10,10,10,100,100,100,100,20.9514886108116,0.413533840380138,1,1.78195488643512,2,41.3533840380138,100,100,100
E01026206,East Midlands,E07000139,North Kesteven,859.387878417969,14.0385126155377,0.669230773601333,3.49358974450028,9.37179485449472,10,66.9230773601333,100,100,100,11.302628197515,1.34615385025125,2.48333332859856,10,10,100,100,100,100,8.14820517350197,2,10,10,10,100,100,100,100,19.8867435636401,0.323076923350083,1.34615385025125,2,2,32.3076923350083,100,100,100
E01026207,East Midlands,E07000139,North Kesteven,576.230590820313,38.8030606662286,0.367112800581127,0.695984688848446,1.02485657711576,1.39196937769689,36.7112800581127,69.5984688848446,69.5984688848446,69.5984688848446,24.302123099077,0,0.695984688848446,2.32887188826732,4.73422560116225,0,69.5984688848446,100,100,13.2903440009647,0.695984688848446,8.39196937769689,10,10,69.5984688848446,100,100,100,63.7701740977356,0,0,0.367112800581127,0.367112800581127,0,0,36.7112800581127,36.7112800581127
E01026208,East Midlands,E07000139,North Kesteven,729.377914428711,26.6907563785481,0.716012073594778,0.716012073594778,2.97280960029904,5.78549833912863,71.6012073594778,71.6012073594778,71.6012073594778,71.6012073594778,15.802477914584,0.524169166308703,1.4758308336913,3,4.19184290728608,52.4169166308703,100,100,100,10.2679911860199,1.90785498088085,8.40030210137293,10,10,100,100,100,100,33.7136720860467,0.300604213206005,0.524169166308703,0.716012073594778,0.907854980880853,30.0604213206005,52.4169166308703,71.6012073594778,71.6012073594778
E01026209,East Midlands,E07000139,North Kesteven,1058.80994415283,26.2120189239307,0,1.12278877086168,2.1779396457295,4.32986473436795,0,88.0332989824056,100,100,21.5356711379183,0,1.93548386469187,2.06451613530813,5.75650361765586,0,100,100,100,12.4160353127145,2.50884493817017,10,10,10,93.5483864691869,100,100,100,53.6283151315113,0,0,0,1.51508843792475,0,0,0,75.7544218962374
E01026210,East Midlands,E07000139,North Kesteven,1054.40283966064,36.693751446397,0.0616509929123014,1.16300939701687,2.31034481536029,4.33019852457429,6.16509929123014,43.5736673690915,82.7586205649009,94.0438872357976,25.4019019527737,0.0616509929123014,0.606060602771629,3.34587251771925,5.57053291488417,6.16509929123014,51.6196446799961,100,100,12.6611805004584,1.17450365238552,7.34691745397226,10,10,68.4430510610398,100,100,100,67.3855281216122,0,0.0616509929123014,0.490073141775121,0.490073141775121,0,6.16509929123014,40.0208985803453,40.0208985803453
E01026211,East Midlands,E07000139,North Kesteven,821.927383422852,16.6241689838234,0.592493297188962,2.22654156299783,8.31635391213573,10,59.2493297188962,100,100,100,18.250267880881,0.592493297188962,1.40750670281104,3.22654156299783,10,59.2493297188962,100,100,100,10.549195750064,1.22654156299783,10,10,10,100,100,100,100,40.147961944815,0,0.394101879014848,0.592493297188962,0.81903486018679,0,39.4101879014848,59.2493297188962,81.903486018679
E01026212,East Midlands,E07000139,North Kesteven,730.479705810547,11.8077827034303,0.793363497765053,2,7.47360482018172,10,79.3363497765053,100,100,100,8.84447941516554,1,1,2.38612367904409,8.77224735808817,100,100,100,100,6.84668169159576,1,10,10,10,100,100,100,100,12.4207089978782,0.793363497765053,1,1,1,79.3363497765053,100,100,100
E01026213,East Midlands,E07000139,North Kesteven,874.812805175781,8.4136777527557,1,2.17254408082421,8.72795969254862,10,100,100,100,100,7.77534006051084,1,1,2,7.5415617131539,100,100,100,100,6.3980730915145,1,10,10,10,100,100,100,100,8.69931998553865,1,1,1,1,100,100,100,100
E01026214,East Midlands,E07000139,North Kesteven,565.212799072266,14.0216178106954,1.02339179865679,3.48148148148148,10,10,75.2436640069137,100,100,100,9.9762377979356,3,10,10,10,100,100,100,100,7.6967447699055,6.2846003969679,10,10,10,100,100,100,100,14.1715205730077,1.02339179865679,3,4,8,75.2436640069137,100,100,100
E01026215,East Midlands,E07000139,North Kesteven,511.225624084473,18.7923921772598,0,4.96767237452182,10,10,0,100,100,100,11.4510127869266,3,10,10,10,100,100,100,100,8.57250012104525,5.7262930873345,10,10,10,100,100,100,100,19.4067669182257,0,3,4.7262930873345,8.24353448311242,0,100,100,100
E01026218,East Midlands,E07000139,North Kesteven,622.505325317383,6.37417697529575,1.74159293874875,5.2991150786946,10,10,100,100,100,100,7.57759295212011,2,7.52212389055152,10,10,100,100,100,100,6.64876114612729,6.30265484235428,10,10,10,100,100,100,100,6.37417697529575,1.74159293874875,2,3.25663717942141,7,100,100,100,100
E01026219,East Midlands,E07000139,North Kesteven,557.500350952148,8.97928838376888,1.50395257127951,3.99011857864374,10,10,100,100,100,100,8.2053359523693,2.25296442503838,9.49407114992324,10,10,100,100,100,100,6.98555349413512,6.00790514255901,10,10,10,100,100,100,100,8.97928838376888,1.50395257127951,2.25296442503838,3.74703557496162,6.75494071752063,100,100,100,100
E01026220,East Midlands,E07000139,North Kesteven,1122.71312713623,10.5482923289614,1.03925417917166,3.77330716930789,10,10,76.2512276491407,100,100,100,8.73016710982596,2.22865554033024,9.28459273443728,10,10,100,100,100,100,6.98809615071256,5,10,10,10,100,100,100,100,10.5482923289614,0.762512276491407,2.22865554033024,4.22865554033024,5.94308145447164,76.2512276491407,100,100,100
E01026221,East Midlands,E07000139,North Kesteven,1144.74875640869,36.4513673388932,0.18094321598933,0.74590952208721,2.07603463183048,3.59287775735932,18.094321598933,56.4966306097879,87.4879686533547,87.4879686533547,27.5839650221047,0.18094321598933,0.482194420057051,2.21751684361872,4.7593840371726,18.094321598933,48.2194420057051,100,100,14.3707313249407,0.482194420057051,8.84889315742971,10,10,48.2194420057051,100,100,100,73.0565551550694,0,0.18094321598933,0.311838309257955,0.384985564516726,0,18.094321598933,31.1838309257955,38.4985564516726
E01026222,East Midlands,E07000139,North Kesteven,900.153701782227,18.0219587306998,0,3,4.40636475775477,9.76866584318308,0,100,100,100,11.4225828498336,1,1.79681762112261,2.95716033128498,5,100,100,100,100,8.29457764824793,2,8.1884944881019,10,10,100,100,100,100,20.3926071310539,0,1,1,1,0,100,100,100
E01026223,East Midlands,E07000139,North Kesteven,990.499649047852,11.3682089444087,0.527252507321872,2.52725250732187,4,6.83314792473078,52.7252507321872,100,100,100,8.6983424855769,1,1.17575082550386,2.15684093503982,5.66740823945632,100,100,100,100,7.15166842013628,1.33259176054368,9.19466074677819,10,10,100,100,100,100,11.3682089444087,0.527252507321872,1,1,1,52.7252507321872,100,100,100
E01026224,East Midlands,E07000139,North Kesteven,840.657638549805,19.4846521703925,0.162516397853468,2.39449540351874,3.55701180137221,9.11009172996394,16.2516397853468,100,100,100,11.2472740397844,1,1.23066841165681,2.83748360214653,5.16382699186194,100,100,100,100,8.44939705443859,1.39449540351874,8,10,10,100,100,100,100,19.5426861368493,0.162516397853468,1,1,1,16.2516397853468,100,100,100
E01026225,East Midlands,E07000139,North Kesteven,747.00638961792,25.6198380309559,0,2.11504423915602,8.58997048680273,9.70501474638534,0,70.5014746385341,100,100,20.5349408632468,0,3.84955753694672,10,10,0,100,100,100,14.3635397918372,2,10,10,10,100,100,100,100,45.6400002942343,0,0,1.06489677530261,2,0,0,53.2448387651307,100
E01026226,East Midlands,E07000139,North Kesteven,894.644821166992,20.1791254267625,0,4.02463055531483,10,10,0,100,100,100,18.0534486092473,0,4.35221676191732,10,10,0,100,100,100,13.7683988175019,2.16871921436421,10,10,10,100,100,100,100,37.7709487750457,0,0,2,2.16871921436421,0,0,100,100
E01026227,East Midlands,E07000139,North Kesteven,828.538070678711,9.81485383590042,1,2.75265958049264,7.57047872881656,10,100,100,100,100,8.9623535946419,1,1,4,4,100,100,100,100,8.04035910370249,1.16223404632466,9.81781914832392,10,10,100,100,100,100,10.0622741190618,1,1,1,1,100,100,100,100
E01026228,East Midlands,E07000139,North Kesteven,680.899627685547,15.3460681388867,0.561488673284205,1.95145631764186,5.92880257231637,10,56.1488673284206,100,100,100,12.1027183110108,1,1,4,4,100,100,100,100,9.69839788589857,1.40614889422012,10,10,10,100,100,100,100,18.3332849346067,0.177993524389582,1,1,1,17.7993524389582,100,100,100
E01026229,East Midlands,E07000139,North Kesteven,676.49250793457,16.380537728691,0.192182415125627,1,4,7,19.2182415125627,100,100,100,13.2391695181219,1,2,3,4,100,100,100,100,9.32395757286449,1.46091206435026,9.13680784808023,10,10,100,100,100,100,23.8300816485635,0,1,1,1,0,100,100,100
E01026230,East Midlands,E07000139,North Kesteven,588.350173950195,13.9181835962703,0.752808987015626,1,4,7.98501874456162,75.2808987015626,100,100,100,12.7801870688164,1,1,3,4,100,100,100,100,9.2196442917598,1,8.49250937228081,10,10,100,100,100,100,21.6135022552834,0,1,1,1,0,100,100,100
E01026231,East Midlands,E07000139,North Kesteven,1202.04124450684,13.1861228031149,0.681943182002101,1.78826766323536,7.90742439653211,10,68.1943182002101,100,100,100,9.78997255047938,1,1,4,4,100,100,100,100,9.40357468292528,1,8.9440880028714,10,10,100,100,100,100,13.2019065268384,0.681943182002101,1,1,1,68.1943182002101,100,100,100
E01026232,East Midlands,E07000139,North Kesteven,1118.30602264404,8.94753694277846,1,1.99310348201085,6.0098522358041,9.86798029810721,100,100,100,100,9.04376351877787,1,1.13694580956142,3.53300492888434,4.13694580956142,100,100,100,100,8.01318224640475,2.13694580956142,8.83448277005389,10,10,100,100,100,100,9.45788171533863,1,1,1,1,100,100,100,100
E01026233,East Midlands,E07000139,North Kesteven,796.586463928223,16.412696804579,0.360995849628879,1.82019364567522,5.30013833612644,9.66528356080524,36.0995849628879,100,100,100,12.6139694714186,1,1,4,4,100,100,100,100,10.2760027637167,1.66390041982592,10,10,10,100,100,100,100,21.9873445530077,0.168741360576705,1,1,1,16.8741360576705,100,100,100
E01026234,East Midlands,E07000139,North Kesteven,1157.97007751465,19.0719505422271,0.198858230946475,1.75927687520704,3.2616555750105,9.67745005130999,19.8858230946475,100,100,100,17.2550050066762,0.468125601843341,1,3.57754519982922,4,46.8125601843341,100,100,100,11.643815337582,1.73073262910313,10,10,10,100,100,100,100,36.8367457478501,0,0.577545199829218,0.577545199829218,1,0,57.7545199829218,57.7545199829218,100
E01026235,East Midlands,E07000139,North Kesteven,805.40071105957,10.82534899506,0.801641582046677,2.19562242892994,6.63474689577034,9.80164158204668,80.1641582046677,100,100,100,9.51777033918121,1,1,4,4,100,100,100,100,7.60243505296632,1.22982214963031,9.75376197306616,10,10,100,100,100,100,11.8183447965028,0.801641582046677,1,1,1,80.1641582046677,100,100,100
E01026236,East Midlands,E07000139,North Kesteven,577.332374572754,16.2041224488997,0.328244267646882,1,4,9.00763359192222,32.8244267646882,100,100,100,12.3289314123845,1,1.32824426764688,3.45038168554282,4,100,100,100,100,9.10694665934169,1.32824426764688,9.11450381275881,10,10,100,100,100,100,19.7386263043748,0,1,1,1,0,100,100,100
E01026237,East Midlands,E07000139,North Kesteven,542.075439453125,8.78601617779059,1,6,10,10,100,100,100,100,8.40953239387762,1,9.75406505689892,10,10,100,100,100,100,6.86256084378409,5.49796748562496,10,10,10,100,100,100,100,10.3983737474809,1,1,5.00609759942279,6,100,100,100,100
E01026238,East Midlands,E07000139,North Kesteven,579.535949707031,12.1021292554176,1,5.76806083590123,10,10,100,100,100,100,11.1741065075956,1,7.47148289483953,10,10,100,100,100,100,8.36224323135544,5.52851710516047,10,10,10,100,100,100,100,19.06787052267,0,1.23193916409877,4.47148289483953,6,0,100,100,100
E01026239,East Midlands,E07000140,South Holland,826.917282104492,12.1116448941512,0.732647817329264,1,2.28149102175857,6.46529563465853,73.2647817329264,100,100,100,8.924408581782,1,1,3.06940874913556,9.46529563465853,100,100,100,100,6.93993587341871,1,10,10,10,100,100,100,100,12.1116448941512,0.732647817329264,1,1,1,73.2647817329264,100,100,100
E01026240,East Midlands,E07000140,South Holland,1024.61217498779,15.2744501353916,0.533195033399128,1,2.57987551665618,6.72717842407845,53.3195033399128,100,100,100,9.92174283452108,1,1,3.08713693335358,10,100,100,100,100,7.48255204155799,1,10,10,10,100,100,100,100,15.2744501353916,0.533195033399128,1,1,1,53.3195033399128,100,100,100
E01026241,East Midlands,E07000140,South Holland,820.5400390625,45.4924730130593,0,0,3.29533682918905,5.23186537246216,0,0,82.3834207297262,82.3834207297262,35.2232386508365,0,0,3.29015545390386,5.49093263044298,0,0,100,100,15.437590554855,0.314766837740246,9.29533682918905,10,10,31.4766837740246,100,100,100,99.7124746284961,0,0,0,0,0,0,0,0
E01026242,East Midlands,E07000140,South Holland,660.045822143555,20.0264733127058,0,2,5.77777777777778,9.71819645866705,0,100,100,100,26.1022060701153,0,1.68115941777705,3,5.84219001777826,0,100,100,100,12.2313203948469,1.84219001777826,10,10,10,100,100,100,100,69.9665380116769,0,0,0,0,0,0,0,0
E01026243,East Midlands,E07000140,South Holland,605.839141845703,19.5421754575273,0,2.25789475460501,5.99649125935409,10,0,100,100,100,27.3884035099184,0,2,3,5.43684211427717,0,100,100,100,11.6260522533748,2.25789475460501,10,10,10,100,100,100,100,73.8807024147486,0,0,0,0,0,0,0,0
E01026244,East Midlands,E07000140,South Holland,579.267250061035,25.399064002648,0.722935787356476,2.06422021671524,5.15045877011606,7.85871568390984,72.2935787356476,72.2935787356476,81.2844045977202,81.2844045977202,16.2049908671015,0.812844045977202,1.08990825862073,2.91009176772081,6.8128440459772,81.2844045977202,100,100,100,9.91939446181244,1.08990825862073,9.6256880919544,10,10,100,100,100,100,36.830697156362,0,0.423853224856606,0.812844045977202,0.812844045977202,0,42.3853224856606,81.2844045977202,81.2844045977202
E01026245,East Midlands,E07000140,South Holland,991.663024902344,19.3345550442003,0.55948552282835,2.51018222476977,4.65058950637477,7.60878888243521,55.948552282835,83.9228299629596,100,100,18.2182096990619,0.546623778181959,2.24437300979781,3.8392282996296,4.84780276015736,27.3311889090979,83.9228299629596,100,100,10.7102250447389,2.51768489888879,9.67845659925919,10,10,83.9228299629596,100,100,100,43.4777503521393,0.140407281604997,0.546623778181959,0.966773836588201,1.95712755887755,14.0407281604997,27.3311889090979,56.055734001124,83.9228299629596
E01026246,East Midlands,E07000140,South Holland,1010.79479980469,59.8189905657311,0.0967402693168991,1.06309147736392,1.71713984453225,2.74237643849698,9.67402693168991,40.9043110195592,40.9043110195592,54.8895899863183,25.2783703299927,0.0967402693168991,1.25552050068408,2.39642480566531,3.69821240283265,9.67402693168991,69.8212402832655,100,100,13.6093164193438,1.66561512619331,7.74763403016099,10,10,69.8212402832655,100,100,100,66.3532705034622,0,0.0967402693168991,0.409043110195592,0.548895899863183,0,9.67402693168991,40.9043110195592,54.8895899863183
E01026247,East Midlands,E07000140,South Holland,866.243682861328,10.2340980912146,1.09938650677418,4.46871166228813,7.9079754612574,10,92.7607364265014,100,100,100,8.46476068235001,1,1.56441717623907,5.0134969355196,7.32024539799492,100,100,100,100,6.73527596607174,1.56441717623907,10,10,10,100,100,100,100,10.7690797631892,0.927607364265014,0.927607364265014,1,1.07239263573499,92.7607364265014,92.7607364265014,100,100
E01026248,East Midlands,E07000140,South Holland,948.085117340088,53.3555713631292,0,0.533632306860819,1.01681615845989,2.92713010339698,0,26.681615343041,53.5874447373723,53.5874447373723,22.0551798669607,0.533632306860819,1.76233184222774,3.36434978478368,6.42376684233286,26.681615343041,82.8475337409958,100,100,12.6601229078176,1.65470852625985,9.37668162198195,10,10,71.9730947162033,100,100,100,53.3555713631292,0,0.533632306860819,0.923766832273908,1.07174889474745,0,26.681615343041,53.5874447373723,53.5874447373723
E01026249,East Midlands,E07000140,South Holland,821.602928161621,42.7291849388281,0.261319537525507,0.261319537525507,1.04915911715108,2.49159119936877,13.0659768762753,13.0659768762753,39.8447600179996,85.5109956817465,31.5952908875972,0.261319537525507,0.645536872571708,2.08408796916837,4.9676584748254,13.0659768762753,25.7438551904478,100,100,14.839650720867,0.645536872571708,9.29495473076445,10,10,25.7438551904478,100,100,100,87.7410212780026,0.261319537525507,0.261319537525507,0.261319537525507,0.514877103808955,13.0659768762753,13.0659768762753,13.0659768762753,25.7438551904478
E01026250,East Midlands,E07000140,South Holland,893.878479003906,5.66234246151036,2,2.81688464323549,6.34126039027525,7.81688464323549,100,100,100,100,6.99942933220066,2,2.828775262789,4,7.15576693349848,100,100,100,100,6.14468494192232,3.14863258225076,10,10,10,100,100,100,100,5.66234246151036,2,2,2,2,100,100,100,100
E01026251,East Midlands,E07000140,South Holland,841.797561645508,16.0615403723757,0.505050487107165,3.33838382346157,7,8,35.3535339162372,100,100,100,11.5427020441588,2,3,4,7.20202019121758,100,100,100,100,7.94893936195779,3,10,10,10,100,100,100,100,18.4973235257895,0.151515147944793,2,2,2.19949496125882,15.1515147944793,100,100,100
E01026252,East Midlands,E07000140,South Holland,827.980163574219,8.59174577719965,1.68421052340596,2.84467266054123,6.36842104681192,7.84467266054123,100,100,100,100,8.64128381406116,2,3,4,7.83953786286472,100,100,100,100,6.75064179245379,3.49935815720129,10,10,10,100,100,100,100,8.59174577719965,1.68421052340596,2,2,2,100,100,100,100
E01026253,East Midlands,E07000140,South Holland,847.111938476563,13.9920954499747,0.784190688908676,2.34378920017909,4.84441653813991,7.17189460008955,46.0476771806666,100,100,100,10.1017817554939,2,2.32371391710201,4,6.59096610280132,100,100,100,100,7.66279804177,3.13927225157975,10,10,10,100,100,100,100,13.9920954499747,0.784190688908676,2,2,2,46.0476771806666,100,100,100
E01026254,East Midlands,E07000140,South Holland,887.501205444336,25.3545026780312,0.323353296501733,0.456287428361802,2.78323352436853,3.92455090092152,32.3353296501733,45.6287428361802,100,100,18.2825149642201,0.456287428361802,1,2.4550898342578,6.53413173284127,45.6287428361802,100,100,100,10.177736393536,1.13293413186007,10,10,10,100,100,100,100,43.3645855120584,0.323353296501733,0.456287428361802,0.456287428361802,0.456287428361802,32.3353296501733,45.6287428361802,45.6287428361802,45.6287428361802
E01026255,East Midlands,E07000140,South Holland,918.324600219727,10.954780183739,0.54050925504759,1.70370370554991,4.363425923272,5.87037038052453,54.050925504759,100,100,100,8.53785891898867,1,1,3,5.63310186887161,100,100,100,100,6.88887720229014,1,10,10,10,100,100,100,100,10.954780183739,0.54050925504759,1,1,1,54.050925504759,100,100,100
E01026256,East Midlands,E07000140,South Holland,731.258480072021,21.1917297679808,0.553779072292346,0.73255814784508,2.7950581690376,4.14825585743037,55.3779072292346,73.255814784508,100,100,11.9864679568509,0.659883725828396,1,2.85465115596663,4.20203490624793,65.9883725828396,100,100,100,8.3455378098814,1,9.73255814784508,10,10,100,100,100,100,22.509317116768,0.553779072292346,0.659883725828396,1,1,55.3779072292346,65.9883725828396,100,100
E01026257,East Midlands,E07000140,South Holland,909.821594238281,12.6513321314203,0.844626162503286,1.46028037602614,3.54439251301964,4.53387848750986,84.4626162503286,84.4626162503286,100,100,9.07843455384297,1,1,3,4.84462616250329,100,100,100,100,7.08424052033996,1.92056075205227,9.84462616250329,10,10,100,100,100,100,12.6513321314203,0.844626162503286,0.844626162503286,1,1,84.4626162503286,84.4626162503286,100,100
E01026258,East Midlands,E07000140,South Holland,793.968147277832,15.867764251327,0.511378857655664,4.83935743199575,6.82864792682152,10,34.1365470221668,100,100,100,12.1437350585174,1.170013387434,3,5,6.34002677486799,100,100,100,100,8.62547527766123,3,10,10,10,100,100,100,100,21.8733066666928,0.170013387433996,1.170013387434,2.34136547022167,3,17.0013387433997,100,100,100
E01026259,East Midlands,E07000140,South Holland,747.201614379883,33.9095021682071,0,0.99857752737698,3.98435278072553,5.83641536245519,0,33.2859175792327,100,100,27.332006232994,0,1.55618776561023,3.75533427999429,6.26742532281653,0,62.019914596301,100,100,15.0610809497215,0.935988619647221,9.80085348561594,10,10,46.799430982361,100,100,100,72.8130732877976,0,0,0,0.46799430982361,0,0,0,46.799430982361
E01026260,East Midlands,E07000140,South Holland,910.884475708008,16.53017483443,0.250875150607518,4.83430572289724,6.83430572289724,10,25.0875150607518,100,100,100,14.1836521564667,0.66511086011603,3.16569427710276,5,6,66.511086011603,100,100,100,9.37695425731627,3,10,10,10,100,100,100,100,29.151412464403,0,0.529754961515251,1.66511086011603,2.83430572289724,0,52.9754961515251,100,100
E01026262,East Midlands,E07000140,South Holland,678.114700317383,24.6339503775172,0,2.09717869283774,5.1943573631737,8.55485895039313,0,77.2727277841314,100,100,15.9901567304399,0.595611274967837,3,4,5.38871472634739,40.125391179414,100,100,100,10.7032286457149,3,10,10,10,100,100,100,100,34.8171158155304,0,0.595611274967837,2.46394983902788,3,0,40.125391179414,82.1316613009293,100
E01026263,East Midlands,E07000140,South Holland,855.614944458008,26.8683230784382,0,1.57763976229733,5,9.42111803061053,0,84.3478268313201,100,100,15.3592172797063,0.525465833901352,3,4,5.15527950676095,52.5465833901352,100,100,100,11.0186957246242,3,10,10,10,100,100,100,100,31.2337637857799,0,0.383850926160753,2.8434782683132,3,0,38.3850926160753,100,100
E01026264,East Midlands,E07000140,South Holland,675.988945007324,21.4855976396516,0,3,7.03144651972762,10,0,100,100,100,12.875817386533,1.58805031279731,3,4,6.80817609761216,100,100,100,100,9.1754560784833,3,10,10,10,100,100,100,100,24.4586476701096,0,1.99842766442029,3,3,0,100,100,100
E01026265,East Midlands,E07000140,South Holland,543.129486083984,25.9725436070093,0,1.46966730903121,4.70645790727307,7.89628177180238,0,100,100,100,16.752269971806,0.487279844708741,3,3.76320940175815,6.00391388745249,48.7279844708741,100,100,100,10.7739721294929,3,10,10,10,100,100,100,100,38.0145989494772,0,0,1.48336595725625,2.52641880351629,0,0,76.3209401758146,100
E01026266,East Midlands,E07000140,South Holland,976.782791137695,13.6846245706868,0.529923835774733,2.82154516175781,9.45048966063702,10,52.9923835774733,100,100,100,9.42090311586241,2.52992383577473,3,4,7,100,100,100,100,8.15624597065463,3,10,10,10,100,100,100,100,13.6846245706868,0.529923835774733,2.36996735595753,3,3,52.9923835774733,100,100,100
E01026267,East Midlands,E07000140,South Holland,1251.00470733643,22.54892072015,0,1.90229397466291,5.49532712320845,10,0,100,100,100,12.8385045325997,1.33050127940074,3,4,5.95581987936954,100,100,100,100,9.78638091534738,3,10,10,10,100,100,100,100,24.1324805757883,0,1.33050127940074,2.888700091392,3,0,100,100,100
E01026268,East Midlands,E07000140,South Holland,927.890480041504,15.6522107692523,0.628865976753698,2.07216492955079,3.89461623566778,9.56471932794269,62.8865976753698,89.1179831985672,100,100,10.6213404667171,1.22565863321304,3,4,6.89117983198567,89.1179831985672,100,100,100,7.86812155973161,3,10,10,10,100,100,100,100,17.9723714290656,0.334478801227369,1.22565863321304,2.78235966397134,3,33.4478801227369,89.1179831985672,100,100
E01026269,East Midlands,E07000140,South Holland,983.160018920898,14.7693189685631,0.423783788817345,2.26486486025077,4.68864864906811,9.86162161491021,42.3783788817345,100,100,100,10.0588432770327,1.69081082297525,3,4,7,100,100,100,100,8.01655116461946,3.4054054192477,10,10,10,100,100,100,100,15.4928864670391,0.274594596272448,1.69081082297525,3,3,27.4594596272448,100,100,100
E01026270,East Midlands,E07000140,South Holland,790.779495239258,17.4501744757863,0.9005376508516,2.1774193781805,7.18548391905184,8.90322583757401,72.5806459393501,72.5806459393501,100,100,11.7499594620336,2.28225808147783,4,4.38172043062623,8,100,100,100,100,8.13717745429665,4,10,10,10,100,100,100,100,19.6829298043183,0.205645165102816,2.00806454087133,2.7258064593935,3,20.5645165102816,72.5806459393501,100,100
E01026271,East Midlands,E07000140,South Holland,803.534027099609,14.6775529418951,0.775132269204305,3,8.5859788281921,9.76984127315691,38.7566134602152,100,100,100,10.4985447959104,2.38756613460215,4,4.20238095012029,8,100,100,100,100,8.34767185675025,3.61772486144524,10,10,10,100,100,100,100,14.7033464255473,0.572751319084019,2.5859788281921,3,3,38.7566134602152,100,100,100
E01026272,East Midlands,E07000140,South Holland,594.147521972656,10.028533025315,1.24508049349772,3,8.31842576511018,10,100,100,100,100,8.20744159749774,2.51520571701943,3.50268336484835,4,7.50268336484835,100,100,100,100,6.99604646591194,3.72987477647829,10,10,10,100,100,100,100,10.028533025315,1.24508049349772,2.51520571701943,3,3,100,100,100,100
E01026273,East Midlands,E07000140,South Holland,761.019012451172,15.5788269966526,1.09916200663663,3.38128491513699,6.71787709149964,10,71.7877091499639,100,100,100,10.7834356472874,3,3,5,7.32960893843547,100,100,100,100,8.06057275416382,3,10,10,10,100,100,100,100,15.683212171458,1.09916200663663,3,3,3,71.7877091499639,100,100,100
E01026274,East Midlands,E07000140,South Holland,802.471160888672,20.4758277169324,0,3,5.36688744693696,9.57086095938925,0,100,100,100,13.0824633176536,2.19072848362117,3,4.78543047969462,6.97615896331579,100,100,100,100,9.69015895997858,3,10,10,10,100,100,100,100,23.8252185275853,0,2.18410598822036,3,3,0,100,100,100
E01026275,East Midlands,E07000140,South Holland,913.010231018066,18.7408031399181,0.293364380470817,3.1501746171685,7.56111758831742,10,29.3364380470817,100,100,100,11.6406169584214,2.90570431403667,3,4.67986029623763,7,100,100,100,100,8.30662406219573,3,10,10,10,100,100,100,100,19.2417574774707,0.293364380470817,2.90570431403667,3,3,29.3364380470817,100,100,100
E01026276,East Midlands,E07000140,South Holland,1033.11518859863,20.9218721920104,0.297325089858413,2.15740734490975,4.73251024126477,6.44341558961547,29.7325089858413,85.288065854258,100,100,22.1800206953034,0,1.58436211718575,4.44032921221128,7.80864197193532,0,100,100,100,12.3600824682863,2.61728394387064,10,10,10,100,100,100,100,56.6367890650374,0,0,0.131687247660803,0.90946500246351,0,0,13.1687247660803,75.7201644510239
E01026277,East Midlands,E07000140,South Holland,748.264495849609,22.1315203991475,0,1.8352272660071,4,9.67045453201421,0,100,100,100,25.3050852162268,0,1,2,5.47301135998662,0,100,100,100,12.9696021824037,1.15767045332887,10,10,10,100,100,100,100,66.8889481709539,0,0,0,0,0,0,0,0
E01026278,East Midlands,E07000140,South Holland,647.291309356689,42.9341045869917,0,0.967159305906248,2.76518888842325,6.71592789148255,0,59.2775057318025,78.98193868936,78.98193868936,29.9808865430768,0,0.592775057318025,1.7898193868936,4.67651894070357,0,59.2775057318025,100,100,15.1799012481202,0.967159305906248,9.19868640995352,10,10,59.2775057318025,100,100,100,81.7429541472966,0,0,0,0,0,0,0,0
E01026279,East Midlands,E07000140,South Holland,652.605682373047,21.4684689731602,0,1.55537461263565,4,9.11074922527131,0,100,100,100,22.9506836707465,0,1,2,5,0,100,100,100,12.6233713232798,1,10,10,10,100,100,100,100,59.0249670669009,0,0,0,0.555374612635654,0,0,0,55.5374612635654
E01026280,East Midlands,E07000140,South Holland,1084.13321685791,53.0036282371926,0,0,0.391176467752609,1.51862743593294,0,0,39.1176467752609,73.6274500427725,33.3019412042188,0,0.143137257427117,1.97352940888768,4.74509804252737,0,14.3137257427117,100,100,16.6451081056142,0.143137257427117,7.01960784396517,10,10,14.3137257427117,100,100,100,93.2629022187013,0,0,0,0,0,0,0,0
E01026281,East Midlands,E07000140,South Holland,571.827117919922,25.3909849242265,0,2.86617091562962,3.86431219613621,5.57620808628369,0,47.7695152604937,100,100,19.6808738707623,0,3.18773232325901,5.42007434130814,7,0,100,100,100,11.1831411696874,3.47769515260494,10,10,10,100,100,100,100,48.1405207192262,0,0,0.477695152604937,0.953531585716465,0,0,47.7695152604937,71.003717065407
E01026282,East Midlands,E07000140,South Holland,757.830390930176,24.4976156855185,0.433380091451409,1.62833097982293,3.6605890375192,5.24544175297086,43.3380091451409,61.0098172919867,61.0098172919867,100,16.2052736565514,0.433380091451409,2.22019634583973,4.66199157971313,7,43.3380091451409,100,100,100,9.68173895591053,2.6914445932912,10,10,10,83.1697060953528,100,100,100,37.0540250629216,0.433380091451409,0.433380091451409,0.610098172919867,0.610098172919867,43.3380091451409,43.3380091451409,61.0098172919867,61.0098172919867
E01026283,East Midlands,E07000140,South Holland,771.647796630859,32.2533332327089,0.46005509908799,1.3691459937976,2.52754821911735,3.81955924684467,46.005509908799,46.005509908799,46.005509908799,83.1955928639325,14.7796277411081,0.46005509908799,3,5.29201102772732,8.30716252550142,46.005509908799,100,100,100,8.99121230743896,3.22176307194421,10,10,10,100,100,100,100,32.2533332327089,0.46005509908799,0.46005509908799,0.46005509908799,0.831955928639325,46.005509908799,46.005509908799,46.005509908799,83.1955928639325
E01026284,East Midlands,E07000140,South Holland,830.10591506958,37.4477211628765,0,0,1.42637642852812,3.76568501371634,0,0,81.5620988975622,100,30.9576831891037,0,0.798975659293759,4.42637642852812,6.2010243223245,0,38.9244560447505,100,100,13.7701280299443,2.01280407501063,10,10,10,100,100,100,100,79.3360703126794,0,0,0,0,0,0,0,0
E01026285,East Midlands,E07000140,South Holland,647.291305541992,26.0595894917117,0,2.51067325731999,4.20032846793877,5.82594421714418,0,78.6535301492899,78.6535301492899,100,18.8349422696107,0.563218403539596,2.3497537050325,5.11658460763299,7,56.3218403539596,100,100,100,10.9033334862268,2.12643680707919,9.7865353014929,10,10,100,100,100,100,45.6925271164529,0,0.379310350517692,0.747126456561501,1.68965521061879,0,37.9310350517692,56.3218403539596,56.3218403539596
E01026286,East Midlands,E07000140,South Holland,529.312118530273,23.6107217371625,0,2.76305222874837,5.45381528593546,7.38152611437419,0,69.0763057187093,100,100,16.1705216853397,0.381526114374185,3,5.07228917156128,7.92771082843872,38.1526114374185,100,100,100,9.21718870924806,3,10,10,10,100,100,100,100,36.1250194673257,0,0,2,2.69076305718709,0,0,100,100
E01026287,East Midlands,E07000141,South Kesteven,674.138053894043,16.1171913329464,0.218298551380743,1.78170144861926,2.2070625961974,8.28892451335478,21.8298551380743,100,100,100,13.8355537158559,0.817014429606274,1,2,4,81.7014429606274,100,100,100,10.3896951127247,1,10,10,10,100,100,100,100,24.9770304747285,0,1,1,1,0,100,100,100
E01026288,East Midlands,E07000141,South Kesteven,805.070182800293,16.6240454928346,0,2,4.48790323746124,10,0,100,100,100,11.5331316263931,1,1,2,5,100,100,100,100,9.43479850761072,1,10,10,10,100,100,100,100,18.8110483206994,0,1,1,1,0,100,100,100
E01026289,East Midlands,E07000141,South Kesteven,928.427703857422,19.1496039996125,0,2,2.65384616016734,7.75407927871273,0,100,100,100,15.0363168758653,0.49883450588358,1,2,4,49.883450588358,100,100,100,11.6284384105811,1.70629370767287,10,10,10,100,100,100,100,31.0710839713759,0,0.300699306330904,1,1,0,30.0699306330904,100,100
E01026290,East Midlands,E07000141,South Kesteven,979.285614013672,18.3313590234186,0.329281761223882,2.3790055065514,3.10607733167554,4.87845301590431,32.9281761223882,100,100,100,28.4107074693899,0,0.383425408355844,2.4563535972551,3.87955801278005,0,38.3425408355844,100,100,13.0928619935789,0.68950275717109,5.46187843360908,10,10,55.9116016211171,100,100,100,75.8242761174837,0,0,0.253038667395925,0.253038667395925,0,0,25.3038667395925,25.3038667395925
E01026291,East Midlands,E07000141,South Kesteven,908.9501953125,16.8404881608308,0,5.84523809044173,6,9.02142855943767,0,100,100,100,19.0589165712296,0,5,6.5119047571084,8.82380953100407,0,100,100,100,11.9291666027924,4.6440476214458,10,10,10,100,100,100,100,42.8463813999823,0,0,1.19761906200813,4,0,0,66.6666666666667,100
E01026292,East Midlands,E07000141,South Kesteven,668.727638244629,9.75783168838498,1,4,5,7,100,100,100,100,8.55684461744365,1,5,6,7,100,100,100,100,6.91127834871334,4.21682847095238,10,10,10,100,100,100,100,10.7208899882584,1,1,3.81391585119925,4,100,100,100,100
E01026293,East Midlands,E07000141,South Kesteven,913.278533935547,14.6959126426581,0.719194306976226,2.99289097142645,4.69549761746444,6.68127964385587,71.9194306976226,85.1895728143706,100,100,11.8338031651346,1.12440758234451,4.85189572814371,5.72748814579919,7.11492891656442,85.1895728143706,100,100,100,8.43195499190271,4,10,10,10,100,100,100,100,21.2459833632133,0.295023700047761,1.12440758234451,3.26184834475589,3.82819903863192,29.5023700047761,85.1895728143706,100,100
E01026294,East Midlands,E07000141,South Kesteven,700.108055114746,12.0246829700169,1,4,5,6.92117463688025,100,100,100,100,13.2588405757103,1.57187016735425,5,6,7.85316847201681,100,100,100,100,9.11528604125379,4,10,10,10,100,100,100,100,26.3142964776228,0,1.174652234763,3.85316847201681,4,0,100,100,100
E01026296,East Midlands,E07000141,South Kesteven,704.436393737793,15.2734253372609,0.691244239381786,1.69124423938179,2.37173580130557,4.75576037994328,69.1244239381786,100,100,100,10.5609985802793,1.38248847876357,2,2,4.47772657348593,69.1244239381786,100,100,100,7.5392935015053,2,6.69124423938179,10,10,100,100,100,100,17.5304303713916,0.691244239381786,1.38248847876357,1.69124423938179,2,69.1244239381786,69.1244239381786,100,100
E01026297,East Midlands,E07000141,South Kesteven,634.100967407227,8.79996604586745,1.60921501915912,2,3.6348122785587,8.08532424612589,100,100,100,100,7.96552899684792,2,2,2,4,100,100,100,100,6.67648457805763,2,7,10,10,100,100,100,100,8.79996604586745,1.60921501915912,2,2,2,100,100,100,100
E01026298,East Midlands,E07000141,South Kesteven,939.24853515625,11.3903919638023,1.84447004376213,2,5.68894008752426,9.48387096774194,100,100,100,100,9.10938954913442,2,2,2,4,100,100,100,100,7.0392396495225,2,7.28225806451613,10,10,100,100,100,100,12.0171431586953,1.13479262440729,2,2,2,65.0921656665355,100,100,100
E01026299,East Midlands,E07000141,South Kesteven,776.936004638672,7.59967984995377,1.77994428531706,2.13370473182011,4.4554317495134,8.66155987364446,100,100,100,100,7.72966562907021,2,2,2,4,100,100,100,100,6.72182445282868,2,7,10,10,100,100,100,100,7.59967984995377,1.64623955349695,2,2,2,100,100,100,100
E01026300,East Midlands,E07000141,South Kesteven,679.548477172852,12.1081053456821,1.19745220427068,2,3.81210190060202,6.41878981667609,81.210190060202,100,100,100,9.00988858273045,2,2,2,4.23089171727811,100,100,100,100,7.36012744187899,2,7,10,10,100,100,100,100,12.1612103349622,1.19745220427068,2,2,2,81.210190060202,100,100,100
E01026301,East Midlands,E07000141,South Kesteven,750.96598815918,9.36340051580838,1,2.60374639134121,4.81988471594823,8.28242073142,100,100,100,100,8.36328530626913,2,2,2,4.60374639134121,100,100,100,100,6.95567731516318,2,7,10,10,100,100,100,100,9.63233427439297,1,2,2,2,100,100,100,100
E01026302,East Midlands,E07000141,South Kesteven,531.303016662598,5.55763750782687,1.49083503543398,2,3.72708758140506,6.24236253192161,100,100,100,100,7.20969437042625,2,2,2,4.23625254597108,100,100,100,100,6.51376786423502,2,7,10,10,100,100,100,100,5.55763750782687,1.49083503543398,2,2,2,100,100,100,100
E01026303,East Midlands,E07000141,South Kesteven,563.765533447266,16.2859306575197,0.280230340062281,1,7,10,28.0230340062281,100,100,100,12.6747602025131,1,1,1,10,100,100,100,100,9.3956236763149,1,10,10,10,100,100,100,100,22.6706715264365,0,1,1,1,0,100,100,100
E01026304,East Midlands,E07000141,South Kesteven,658.988891601563,37.962347859621,0,0.20525452552285,1.23645320858611,6.71592777687319,0,20.525452552285,77.0114942528736,100,18.7328732671817,0,1,1.22988505747126,10,0,100,100,100,11.4055498079907,1,10,10,10,100,100,100,100,42.8731844665167,0,0,0.770114942528736,1,0,0,77.0114942528736,100
E01026305,East Midlands,E07000141,South Kesteven,644.921813964844,16.3306709458024,0,1,5.23657715603963,10,0,100,100,100,11.6522483042486,1,1,1,10,100,100,100,100,9.10377509820994,1,10,10,10,100,100,100,100,19.2760741123311,0,1,1,1,0,100,100,100
E01026306,East Midlands,E07000141,South Kesteven,767.197250366211,25.5726232950459,0,0.794076155671949,3.84485190737237,10,0,79.4076155671949,100,100,15.3974470500521,0.320169245876,1,1.16925245926041,10,32.0169245876,100,100,100,10.3722285217461,1,10,10,10,100,100,100,100,32.5237236465877,0,0.320169245876,1,1,0,32.0169245876,100,100
E01026307,East Midlands,E07000141,South Kesteven,595.145957946777,23.2279091693271,0,1,4.98909096213978,10,0,100,100,100,13.6927816522994,0.701818187505319,1,1.40363636219127,10,70.1818187505319,100,100,100,9.52087289105099,1,10,10,10,100,100,100,100,25.7453278141036,0,0.701818187505319,1,1,0,70.1818187505319,100,100
E01026308,East Midlands,E07000141,South Kesteven,644.921813964844,7.16273483076415,1,5.01006712409781,7.31543624748602,10,100,100,100,100,9.42323785708043,2.98825505737574,5,6,9.66275168579191,100,100,100,100,7.5503354378247,4.66275168579191,10,10,10,100,100,100,100,7.16273483076415,1,2.98825505737574,4,5,100,100,100,100
E01026309,East Midlands,E07000141,South Kesteven,749.883888244629,14.0467242096185,1.67388167119501,5.75324675152905,7,10,75.3246751529048,100,100,100,12.1654834220718,3.75324675152905,5,5,10,100,100,100,100,9.83670971772255,5,10,10,10,100,100,100,100,19.5411109246594,0,3.75324675152905,4,5,0,100,100,100
E01026310,East Midlands,E07000141,South Kesteven,491.265922546387,13.9671585595057,2,6,7,10,100,100,100,100,13.7351319926046,3.25770923971032,5,5.27973567881714,9.49118942591028,100,100,100,100,9.46151956454385,4.49118942591028,10,10,10,100,100,100,100,21.6503742313506,0,2.69823788207604,4,5,0,100,100,100
E01026311,East Midlands,E07000141,South Kesteven,720.66764831543,13.1996844594227,1.53153154240422,5.53003002879016,7.19669669545683,10,73.2732736356962,100,100,100,11.1910209879314,4,5,5.15465465303329,10,100,100,100,100,8.98531519410979,5,10,10,10,100,100,100,100,14.7472371651549,0.536036040900133,4,4.19669669545683,5,53.6036040900133,100,100,100
E01026312,East Midlands,E07000141,South Kesteven,489.101768493652,8.98630520136331,1.23893806137989,5.741150460803,7.23893806137989,10,100,100,100,100,10.3444685497562,4,5,5.50000002339818,10,100,100,100,100,7.98725674800324,5,10,10,10,100,100,100,100,8.98630520136331,1,4,4,5,100,100,100,100
E01026313,East Midlands,E07000141,South Kesteven,706.600563049316,18.5764162347728,0,3.1332312244891,6.243491565331,9.27105664514282,0,100,100,100,20.278376409809,0.704441043695589,3.1332312244891,4.79938742251585,7.6217457826655,53.7519148107625,100,100,100,11.9088056453166,3.37978559086229,10,10,10,100,100,100,100,49.2744409192929,0,0.868300159836012,1.52986218329279,1.86064319502117,0,53.7519148107625,53.7519148107625,53.7519148107625
E01026314,East Midlands,E07000141,South Kesteven,607.048881530762,6.12509784031934,1,1.58288769589737,5.58288769589737,9.49019609371013,100,100,100,100,6.98896609739154,1,1,2.41711230410263,6,100,100,100,100,5.92743308941397,1,10,10,10,100,100,100,100,6.12509784031934,1,1,1,1,100,100,100,100
E01026315,East Midlands,E07000141,South Kesteven,997.681060791016,21.6361282702863,0,3.73318873022594,5.75813449450176,7.79175705699126,0,100,100,100,23.3402387190751,0,3.11279826971805,6.27548806798774,7.89587852849563,0,100,100,100,12.9338721330297,2.69739698347728,10,10,10,80.0433839910684,100,100,100,56.3288830615641,0,0,0.260303694055181,1.10303686408053,0,0,26.0303694055181,48.4815618420316
E01026316,East Midlands,E07000141,South Kesteven,1123.20273590088,19.6994798560407,0.402697495196132,2.19845858484762,4.91329479823755,6.26204238951104,40.2697495196132,76.2042392907305,91.3294798237546,100,16.6086613492239,0.402697495196132,1.10019268453565,2.56743738329957,5.33333331748408,40.2697495196132,84.8747594669759,100,100,10.1205685345813,1.10019268453565,7.33429671638846,10,10,84.8747594669759,100,100,100,37.5514354643399,0.402697495196132,0.402697495196132,0.641618494400665,0.848747594669759,40.2697495196132,40.2697495196132,64.1618494400665,84.8747594669759
E01026317,East Midlands,E07000141,South Kesteven,1058.27772521973,8.00911042351883,2.88139059589241,6,10,10,100,100,100,100,8.40130887305129,4.15439673245396,5,5.14314928454844,10,100,100,100,100,7.93974442863623,5,10,10,10,100,100,100,100,8.25389570555737,2.88139059589241,4,5,5,100,100,100,100
E01026318,East Midlands,E07000141,South Kesteven,926.263534545898,11.7995208943906,1.10514017725504,5.0233644765129,9.84813083677219,10,75.4672897773603,100,100,100,8.79730137336982,3.82476636025928,5,5.2453271022264,9.17523363974072,100,100,100,100,8.8145444177985,5,10,10,10,100,100,100,100,11.7995208943906,1.10514017725504,4,4.60630841920151,5,75.4672897773603,100,100,100
E01026319,East Midlands,E07000141,South Kesteven,1008.50187301636,13.9912768305181,0.830472104505943,4.75858369877542,7.23712446649421,10,49.6781118278412,100,100,100,10.9848174274901,3.85407725604361,5,6.14592274395639,9.0504291866882,100,100,100,100,9.23045068486528,5,10,10,10,100,100,100,100,15.5729827411883,0.384120172915726,3.44849785273794,4.0504291866882,5,38.4120172915726,100,100,100
E01026320,East Midlands,E07000141,South Kesteven,707.682662963867,24.2314218102523,0,2.71559630693329,6,8.35779815346664,0,78.7461767732944,100,100,13.2496634437289,1.5703363857337,5,5,9.78746176773294,100,100,100,100,10.664449314825,4.59633026296495,10,10,10,100,100,100,100,24.3977063798044,0,1.35779815346664,4.18960244048285,5,0,78.7461767732944,100,100
E01026321,East Midlands,E07000141,South Kesteven,581.078872680664,20.7394413043625,0,4.73370577931565,6.45996276152896,8.91992552305793,0,100,100,100,13.8834826329501,1.23091247383742,5,5.22905028769154,10,100,100,100,100,10.3782308080399,4.45996276152896,10,10,10,100,100,100,100,26.1297020435911,0,1.69087523536639,4,5,0,100,100,100
E01026322,East Midlands,E07000141,South Kesteven,577.832626342773,12.7058428527413,0.99625467788965,5,8.51498127523793,10,76.5917592562054,100,100,100,9.75921341048647,3,5,5,10,100,100,100,100,9.8342885827933,5,10,10,10,100,100,100,100,12.7058428527413,0.99625467788965,3,5,5,76.5917592562054,100,100,100
E01026323,East Midlands,E07000141,South Kesteven,1025.81522369385,7.99893488170702,2.03691983110595,5.56540084632961,9.33227847995354,10,70.4641351152413,100,100,100,8.08938818858922,3.40611814960283,5,5,10,100,100,100,100,6.99037967466961,4.70464135115241,10,10,10,100,100,100,100,9.27549578824595,2.03691983110595,3.16244725686617,4.70464135115241,5,70.4641351152413,100,100,100
E01026324,East Midlands,E07000141,South Kesteven,957.643966674805,14.0449718615252,1.31073446201655,4,7.86666666135544,10,88.1355933553701,100,100,100,12.7285538589497,1.7536723260164,5,5,9.74576272158665,100,100,100,100,9.56349164745288,4,10,10,10,100,100,100,100,24.9400563405833,0,1.45988700952061,3,5,0,100,100,100
E01026325,East Midlands,E07000141,South Kesteven,663.317230224609,7.53270808016166,1,3.58564437137837,5.58564437137837,7.81566071922906,100,100,100,100,7.69427410423561,2.19412726479474,5,5.19738988779641,9,100,100,100,100,6.7756769415006,4,10,10,10,100,100,100,100,7.69636229573432,1,1.60032628990468,4,4.60522024741094,100,100,100,100
E01026326,East Midlands,E07000141,South Kesteven,658.988899230957,11.2488504934931,1.37602626491674,4.56486042204368,7.19540229658832,10,100,100,100,100,9.07310342162063,4,5,5,10,100,100,100,100,7.40211828858245,4,10,10,10,100,100,100,100,12.1673232881907,1.18062396832843,4,4.19540229658832,5,100,100,100,100
E01026327,East Midlands,E07000141,South Kesteven,660.070991516113,11.1343768182705,1,4.58032787264211,5.79016393632106,9.79016393632106,100,100,100,100,9.83995080509169,3.38688524457526,5,5,9.79016393632106,100,100,100,100,8.13577058558105,4,10,10,10,100,100,100,100,13.9954260511496,0.61311475542474,3.17704918089632,4,5,61.311475542474,100,100,100
E01026328,East Midlands,E07000141,South Kesteven,649.250152587891,5.09691664905964,1,4,6,7.17166665985104,100,100,100,100,6.79461675475872,3.17999998965904,5,5.61166667113208,9,100,100,100,100,6.21706670216434,4,10,10,10,100,100,100,100,5.09691664905964,1,2.56166664527969,4,5,100,100,100,100
E01026329,East Midlands,E07000141,South Kesteven,850.517684936523,27.0379895572402,0,0.801526715502986,2.97455470872582,9.27608142422881,0,80.1526715502986,100,100,35.875432304733,0,0,1.21882951213418,3.82569977674909,0,0,100,100,17.6796442271268,0,10,10,10,0,100,100,100,102.148702768501,0,0,0,0,0,0,0,0
E01026330,East Midlands,E07000141,South Kesteven,939.248527526855,23.9373505347047,0.148617508086298,1.59562210724768,3.97350230973428,5.50806452025597,14.8617508086298,64.4009212537784,100,100,29.0551948404232,0,0.563364050592392,3.29032257488054,5.93894009515115,0,41.4746542506094,100,100,13.7351843414069,0.891705064763528,8.02534561536323,10,10,74.308755667723,100,100,100,78.6538581623339,0,0,0.195852538473917,0.344470046560215,0,0,19.5852538473917,34.4470046560215
E01026331,East Midlands,E07000141,South Kesteven,1127.53106307983,14.2995011759762,0.702495192911843,2.00479847276112,5.18138193949043,7.5431861448951,70.2495192911843,90.3071013297066,90.3071013297066,100,11.8850480692423,0.702495192911843,1,2.6468330360923,9.13627638823641,70.2495192911843,100,100,100,8.07637241416805,1,10,10,10,100,100,100,100,22.1261998582565,0.533589246738083,0.702495192911843,0.758157380180454,0.855086366883388,53.3589246738083,70.2495192911843,75.8157380180454,85.5086366883388
E01026332,East Midlands,E07000141,South Kesteven,1022.56895446777,39.6637988904136,0,1.34708995866438,2.6211640442892,4.15555558772079,0,47.0899474728665,67.0899477713068,77.1428576544691,35.5674821815813,0,0.533333326369726,3.04444445256865,6.34179894796513,0,33.0158724426782,93.4391534478382,100,16.8216400991997,0.72169311327679,9.22962962559516,10,10,33.0158724426782,100,100,100,97.2660742561574,0,0,0,0,0,0,0,0
E01026333,East Midlands,E07000141,South Kesteven,1100.47896575928,34.4463609189309,0,2.82595871067465,4.44641104792385,6.6912488146048,0,70.9931170592162,84.0707967546674,84.0707967546674,27.7610522112777,0,0.72271387097372,3.72173058579569,6.51720746981709,0,72.271387097372,100,100,14.9164011248755,0.72271387097372,10,10,10,72.271387097372,100,100,100,74.8113171252194,0,0,0,0.0629301889985855,0,0,0,6.29301889985855
E01026334,East Midlands,E07000141,South Kesteven,669.809730529785,23.0014540920129,0,1,4.24878836712154,8.68174476091291,0,100,100,100,14.2688205216642,0.812600975101734,1,1.18739902489827,10,81.2600975101734,100,100,100,9.76129207918142,1,10,10,10,100,100,100,100,28.5971890898545,0,0.812600975101734,0.812600975101734,1,0,81.2600975101734,81.2600975101734,100
E01026335,East Midlands,E07000141,South Kesteven,780.182250976563,16.5370596154145,0.599167819674796,1.76976421916016,8,10,59.9167819674796,100,100,100,10.6580166488525,1,1,1,10,100,100,100,100,8.28510419200507,1,10,10,10,100,100,100,100,16.5370596154145,0.599167819674796,1,1,1,59.9167819674796,100,100,100
E01026336,East Midlands,E07000141,South Kesteven,749.883911132813,8.79704190143193,1,1.18470418761107,5.22077922949988,10,100,100,100,100,8.25200578429391,1,1,1,10,100,100,100,100,7.19997118049554,1,10,10,10,100,100,100,100,8.79704190143193,1,1,1,1,100,100,100,100
E01026337,East Midlands,E07000141,South Kesteven,706.600570678711,11.7378252398149,0.816232781644119,1,6.56049002570303,10,81.6232781644119,100,100,100,9.19728940283653,1,1,1,10,100,100,100,100,7.61825434620208,1,10,10,10,100,100,100,100,11.7378252398149,0.816232781644119,1,1,1,81.6232781644119,100,100,100
E01026338,East Midlands,E07000141,South Kesteven,570.258041381836,13.5465653559074,0.601518028088673,1,2.73624287379111,5.47438329607191,60.1518028088673,100,100,100,13.0955978533826,0.601518028088673,1.2618595777192,2.53510436610345,5.81404174644138,60.1518028088673,100,100,100,8.58123339879389,1.2618595777192,9.18595825355862,10,10,100,100,100,100,25.473586035746,0.601518028088673,0.601518028088673,0.738140422280798,0.738140422280798,60.1518028088673,60.1518028088673,73.8140422280798,73.8140422280798
E01026339,East Midlands,E07000141,South Kesteven,583.243041992188,28.6066418940039,0,0.510204085370078,3.02040817074016,5.28385900935699,0,51.0204085370078,100,100,25.0205747523443,0,1.76623376623377,3,4.51020408537008,0,100,100,100,13.6916883615998,1.28385900935699,10,10,10,100,100,100,100,64.4652485026115,0,0,0,0,0,0,0,0
E01026340,East Midlands,E07000141,South Kesteven,1045.29272460938,18.1948133261034,0,4.15942028985507,8.15942028985507,10,0,100,100,100,16.8506834201042,0.141821950340522,5,5.73084885294215,8.57660455903617,14.1821950340522,100,100,100,10.9270289646586,3.85196687787675,10,10,10,100,100,100,100,37.6841820464727,0,0.141821950340522,1.7184265093767,3.69979296483328,0,14.1821950340522,100,100
E01026341,East Midlands,E07000141,South Kesteven,669.809722900391,16.9008723140283,0.231017765592591,2,2,4,23.1017765592591,100,100,100,18.7420355837227,0,2,2.2084006410512,4,0,100,100,100,9.08554128204557,2,6,10,10,100,100,100,100,44.8201764534257,0,0,0.366720512840957,2,0,0,36.6720512840957,100
E01026342,East Midlands,E07000141,South Kesteven,616.787635803223,22.0283682892113,0,1.5596491269085,2,3.45614036259573,0,100,100,100,22.6934556805454,0,2,2,4,0,100,100,100,10.6897019074264,2,5,10,10,100,100,100,100,57.9711401385715,0,0,0,0.659649128145461,0,0,0,65.9649128145461
E01026343,East Midlands,E07000141,South Kesteven,983.613967895508,9.0696148529155,2.29262926098077,5.13971396381984,9.6897689767441,10,100,100,100,100,8.14194741115723,3.84708470283907,5,5,9.84708470283907,100,100,100,100,6.90405946024997,5,10,10,10,100,100,100,100,9.0696148529155,2.13971396381984,3.63256324547166,5,5,100,100,100,100
E01026344,East Midlands,E07000141,South Kesteven,737.980987548828,10.3089003225163,1.81818182006149,4.00586508790509,8.43841640124718,10,100,100,100,100,9.07208234526939,3,5,5,9.41202345398329,100,100,100,100,7.41636368748615,4.8387096794203,10,10,10,100,100,100,100,12.1339739124238,1.00586508790509,3.41202345398329,5,5,59.3841633921799,100,100,100
E01026345,East Midlands,E07000141,South Kesteven,679.548461914063,12.7861148335613,2.02388534130814,5.00159234710549,7.65923567608388,10,100,100,100,100,9.42826447057294,4,5,5,10,100,100,100,100,7.45571654590376,4.61942675144934,10,10,10,100,100,100,100,13.2525797044946,1.43949045072259,4,4.61942675144934,5,100,100,100,100
E01026346,East Midlands,E07000141,South Kesteven,554.026794433594,10.2630861636329,1,1,4.79101562435449,9.79101562435449,100,100,100,100,8.99556636995492,1,1,1.79101562435449,5,100,100,100,100,7.78476578717593,1,10,10,10,100,100,100,100,10.5075976997793,1,1,1,1,100,100,100,100
E01026347,East Midlands,E07000141,South Kesteven,912.196441650391,10.1155159882141,0.775800710672258,1.67141162716233,6.17912218831627,10,77.5800710672258,100,100,100,8.67138797043716,1,1,2,5.27995255772728,100,100,100,100,7.88552800720833,1,10,10,10,100,100,100,100,10.1155159882141,0.775800710672258,1,1,1,77.5800710672258,100,100,100
E01026348,East Midlands,E07000141,South Kesteven,504.250953674316,12.6935838340273,1,1,4.87768238905009,9.44206008181086,100,100,100,100,10.6949782513652,1,1,2,5,100,100,100,100,8.67639502113,1,10,10,10,100,100,100,100,14.3806006807268,0.800429184971442,1,1,1,80.0429184971442,100,100,100
E01026349,East Midlands,E07000141,South Kesteven,855.928085327148,16.7903289180821,0.185840711277619,2,5.53223769350586,10,18.5840711277619,100,100,100,11.6809734642371,1,1,2.18584071127762,5.46902655703399,100,100,100,100,10.3709609316766,1.52085967040065,10,10,10,100,100,100,100,20.2547664085585,0,1,1,1,0,100,100,100
E01026350,East Midlands,E07000141,South Kesteven,917.606857299805,13.9489857298569,0.383254714961349,2.2311320771189,8.71933962064134,10,38.3254714961349,100,100,100,9.91933991203413,1,1,3,5.38325471496135,100,100,100,100,9.46882102337652,1.31603772384801,10,10,10,100,100,100,100,13.9489857298569,0.383254714961349,1,1,1,38.3254714961349,100,100,100
E01026351,East Midlands,E07000141,South Kesteven,919.771026611328,12.6576824766006,0.705882353917045,2.14470588777877,8.77647061087545,10,70.5882353917045,100,100,100,9.81617646883585,1,1,2.85058824169582,6,100,100,100,100,8.7441175375003,1.17647058433182,10,10,10,100,100,100,100,14.2296469073507,0.529411769585226,1,1,1,52.9411769585226,100,100,100
E01026352,East Midlands,E07000141,South Kesteven,607.048873901367,13.211568579299,1.33868091979211,4.77005348064043,7.79857395851125,10,100,100,100,100,11.2921925630778,3.10873440043254,5,5,10,100,100,100,100,9.45402867395322,4,10,10,10,100,100,100,100,18.2425311765542,0.33868091979211,3.10873440043254,4,5,33.868091979211,100,100,100
E01026353,East Midlands,E07000141,South Kesteven,927.34561920166,5.94166864814082,2.7386230965451,6,9.29171528250181,10,100,100,100,100,7.07170363867279,3.88214702139371,5,5,10,100,100,100,100,6.94008162953771,5,10,10,10,100,100,100,100,5.94166864814082,2.14235705430676,3.74095682117453,5,5,100,100,100,100
E01026354,East Midlands,E07000141,South Kesteven,529.138870239258,15.5274841677445,0.484662583056029,4.26175869209112,6.48466258305603,10,48.4662583056029,100,100,100,14.1394883417296,1.23721881921336,5,5,9.48466258305603,75.2556236157328,100,100,100,11.2343147709336,4,10,10,10,100,100,100,100,26.3195503134892,0,1.47852762204585,4,4.75255623615733,0,75.2556236157328,100,100
E01026355,East Midlands,E07000141,South Kesteven,1081.00147247314,10.7811813600629,0.477477475760737,2.25325328479041,8.98098097576718,9.73373373131758,47.7477475760737,100,100,100,10.2900300692406,0.853853846478229,1,4.83583584543686,9.08408406367395,85.3853846478229,100,100,100,7.51486485931175,2,10,10,10,100,100,100,100,16.6458361859818,0.477477475760737,0.853853846478229,0.853853846478229,1,47.7477475760737,85.3853846478229,85.3853846478229,100
E01026356,East Midlands,E07000141,South Kesteven,627.608459472656,18.6964310670205,0,2,3,5.22068966171166,0,100,100,100,20.1353622484427,0,1,2,4,0,100,100,100,12.4940865904577,2,10,10,10,100,100,100,100,48.2311205540452,0,0,0.193103450958631,1,0,0,19.3103450958631,100
E01026357,East Midlands,E07000141,South Kesteven,636.26513671875,17.257228234806,0,2,3.79591837762486,6.784013627711,0,100,100,100,17.8401866554339,0,1,2,4,0,100,100,100,12.1679932419015,2,10,10,10,100,100,100,100,40.0905617016661,0,0,1,1,0,0,100,100
E01026358,East Midlands,E07000141,South Kesteven,675.220138549805,19.1265708373968,0,2,3.59775639667574,8.00320515406273,0,100,100,100,15.0399839124397,0.395833340395284,1,2,4,39.5833340395284,100,100,100,11.92370203774,2,10,10,10,100,100,100,100,31.6369394587822,0,0.395833340395284,1,1,0,39.5833340395284,100,100
E01026359,East Midlands,E07000141,South Kesteven,721.749740600586,17.8450224373125,0.185907042895088,2,3.41379311729953,8.39730137832739,18.5907042895088,100,100,100,15.4432686299611,0.370314844480484,1,2,4,37.0314844480484,100,100,100,11.7967018544644,2,10,10,10,100,100,100,100,32.3902700022871,0,0.370314844480484,1,1,0,37.0314844480484,100,100
E01026360,East Midlands,E07000141,South Kesteven,957.643936157227,24.3800225812729,0,2.14576271029805,3.13333334289354,6.14689267886265,0,85.7627115727395,100,100,22.385841651653,0,2,3,4.42711863688414,0,100,100,100,11.981751235821,2.13333334289354,10,10,10,100,100,100,100,56.2218647818463,0,0,0,0.988700569292749,0,0,0,55.8192090449493
E01026361,East Midlands,E07000141,South Kesteven,1222.75442504883,14.1606464694338,0.52300884785684,1.35752212338581,4.48318581747267,7.58495575073258,52.300884785684,100,100,100,14.395389503153,0.688495572327871,1,1,2.99999998752097,68.8495572327871,100,100,100,9.10044252284035,0.870796454368168,7.55929202669604,10,10,87.0796454368168,100,100,100,29.067425169692,0.52300884785684,0.688495572327871,0.688495572327871,0.688495572327871,52.300884785684,68.8495572327871,68.8495572327871,68.8495572327871
E01026362,East Midlands,E07000141,South Kesteven,726.078079223633,23.1464239049402,0,1.40536511101687,3.78688521179475,9.15648283897616,0,100,100,100,19.3498061333748,0,1,2.57824141948808,4.82712369152879,0,100,100,100,10.9893890281071,1,10,10,10,100,100,100,100,45.5108493010675,0,0,0.578241419488082,1,0,0,57.8241419488081,100
E01026363,East Midlands,E07000141,South Kesteven,574.586357116699,20.284689627457,0.209039552073534,0.887005652193085,1.74576271411493,2.64030131751725,20.9039552073534,88.7005652193085,100,100,24.3920151586927,0,0.555555559981577,1.85875706192184,6.13559321471269,0,55.5555559981577,100,100,13.0120902517675,0.555555559981577,10,10,10,55.5555559981577,100,100,100,61.3985303478909,0,0,0.414312621903418,0.555555559981577,0,0,41.4312621903418,55.5555559981577
E01026364,East Midlands,E07000141,South Kesteven,767.197235107422,22.1145420782965,0,2.39069110669938,4.02115655036996,9.60507756731543,0,100,100,100,23.9279830496006,0,1,3,4.19464033898182,0,100,100,100,11.7417488309764,1.61212975077208,10,10,10,100,100,100,100,60.3488424872808,0,0,0.194640338981824,0.413258105694067,0,0,19.4640338981824,41.3258105694067
E01026365,East Midlands,E07000141,South Kesteven,1074.50897979736,22.2857602976957,0,1.84290030702713,2.76535750025094,5.86505538656278,0,100,100,100,29.08654647672,0,0.597180253309544,5.29405840713164,9.14904329718702,0,59.7180253309544,100,100,13.7032830338313,1.05337361941863,10,10,10,77.7442090379545,100,100,100,79.3198095136933,0,0,0,0.214501506734249,0,0,0,21.4501506734249
E01026366,East Midlands,E07000142,West Lindsey,999.241493225098,35.1921210800611,0,0.231693990973576,3.64153006956471,6.66448086565538,0,23.1693990973576,92.2404369506928,92.2404369506928,44.7207545807685,0,0,0.603278696935811,2.781420769283,0,0,60.3278696935811,100,21.3298253568745,0,4.94426230326789,10,10,0,100,100,100,117.040841866868,0,0,0,0,0,0,0,0
E01026367,East Midlands,E07000142,West Lindsey,809.221809387207,14.9521998822949,0.591093114278943,2.18218622855789,8.42510120625377,10,59.1093114278942,100,100,100,16.1822939708361,0.684210523338506,0.684210523338506,1.76113361186535,6.28205129317156,68.4210523338506,68.4210523338506,100,100,9.3249122305492,0.851551954932047,10,10,10,85.1551954932047,100,100,100,36.1595950459934,0.591093114278943,0.684210523338506,0.684210523338506,0.684210523338506,59.1093114278942,68.4210523338506,68.4210523338506,68.4210523338506
E01026368,East Midlands,E07000142,West Lindsey,750.250183105469,15.7148619524888,0.365356620541374,1,5.23726344459152,10,36.5356620541374,100,100,100,10.0170013181872,1,1,1,4,100,100,100,100,7.53393009083326,1,10,10,10,100,100,100,100,15.7148619524888,0.365356620541374,1,1,1,36.5356620541374,100,100,100
E01026369,East Midlands,E07000142,West Lindsey,530.744674682617,23.3876957006824,0,7,10,10,0,100,100,100,19.9580046252225,0,4.75720163851858,10,10,0,100,100,100,11.3384773340727,2.48559672296284,10,10,10,100,100,100,100,48.0858839429602,0,0,0.242798361481422,2,0,0,24.2798361481422,100
E01026370,East Midlands,E07000142,West Lindsey,1026.54317474365,22.1721278062009,0,1.89361703092254,9.61276596936983,10,0,80.6382984684915,100,100,22.1676701685224,0,6.15744677074913,10,10,0,100,100,100,12.9371276895272,2.50425530256107,10,10,10,100,100,100,100,54.6906802388148,0,0,0.193617015315085,1.42765955917689,0,0,19.3617015315085,71.4893617305911
E01026371,East Midlands,E07000142,West Lindsey,573.335296630859,25.4999236317882,0,6.2247619118083,10,10,0,100,100,100,18.6544572344971,0,4,10,10,0,100,100,100,11.2136382632764,3.02476189583985,10,10,10,100,100,100,100,42.6753721458433,0,0,0.737142859728224,1.48761905208007,0,0,73.7142859728225,100
E01026372,East Midlands,E07000142,West Lindsey,1124.8292388916,19.4039710989963,0.243689319216191,2.32912621054989,8.79514564988835,9.63106796307475,24.3689319216191,84.2718449736477,100,100,16.6742135972375,0.842718449736477,1.30776699789054,6.91844661235947,9.27766992057402,84.2718449736477,84.2718449736477,100,100,10.5319610060996,3.12427186043823,10,10,10,84.2718449736477,100,100,100,36.6925431879083,0,0.842718449736477,0.842718449736477,0.842718449736477,0,84.2718449736477,84.2718449736477,84.2718449736477
E01026373,East Midlands,E07000142,West Lindsey,904.231662750244,20.0885259146758,0,2.19927538055409,9.0821256282803,9.65217393321995,0,94.2028988869992,100,100,26.3355071963728,0.086956518804371,1.08816426147429,7.87922709143463,9.13043482039372,8.6956518804371,93.5990338801135,100,100,13.1744443996268,1.09299516465451,10,10,10,67.6328491308209,100,100,100,67.1300721346492,0,0,0.086956518804371,0.144927529934379,0,0,8.6956518804371,14.4927529934379
E01026374,East Midlands,E07000142,West Lindsey,700.015075683594,18.4032133072449,0,2,3,7.25897036170486,0,100,100,100,13.6763493418579,0.77691108511457,2,3,4,77.691108511457,100,100,100,9.88583489570164,2,5,10,10,100,100,100,100,23.7729954606661,0,1,2,2,0,100,100,100
E01026375,East Midlands,E07000142,West Lindsey,725.132629394531,18.5812050750991,0,1.51807229752302,4.03614459504605,9.13253011870724,0,100,100,100,15.1237949825329,0.518072297523024,2,3,4,51.8072297523024,100,100,100,9.74996965345441,2,6.22590364538815,10,10,100,100,100,100,30.0849697865947,0,0.340361445529605,2,2,0,34.0361445529605,100,100
E01026376,East Midlands,E07000142,West Lindsey,849.628311157227,18.1642416778413,0,2.16323907004874,3.8688945707945,10,0,100,100,100,12.8722749575955,1.40359897869374,2,3,4,100,100,100,100,9.10740335741155,2,5.54241643069701,10,10,100,100,100,100,21.0243577768717,0,1,2,2,0,100,100,100
E01026377,East Midlands,E07000142,West Lindsey,980.676368713379,18.6110250079001,0,2,2.77171492406757,7.73608019523194,0,100,100,100,12.6288195811353,1.51002228401694,2,3,4,100,100,100,100,8.94622504941223,2,5.12249443288563,10,10,100,100,100,100,22.1791649078595,0,1.27282851031615,2,2,0,100,100,100
E01026378,East Midlands,E07000142,West Lindsey,787.380462646484,10.5477530657915,2,2,3.52427188247782,10,100,100,100,100,8.40214981910632,2,2,2,4,100,100,100,100,6.98173378803653,2,7.44937586050834,10,10,100,100,100,100,10.5477530657915,1.69902912818914,2,2,2,100,100,100,100
E01026379,East Midlands,E07000142,West Lindsey,800.485282897949,9.36004089985766,1.84856753506467,2,3.15143246493533,10,100,100,100,100,8.50918140324266,2,2,2.84856753506467,4,100,100,100,100,7.1127558100572,2,6.84447475904466,10,10,100,100,100,100,9.6117053613918,1.33287857620624,2,2,2,100,100,100,100
E01026380,East Midlands,E07000142,West Lindsey,803.761474609375,15.0337232940099,0.711956523389933,2,3,9.81929348610218,45.2445654237416,100,100,100,10.8246196427031,2,2,2.82201086915252,4,100,100,100,100,8.00605991799663,2,5,10,10,100,100,100,100,16.8154349082212,0.259510869152517,2,2,2,25.9510869152517,100,100,100
E01026381,East Midlands,E07000142,West Lindsey,872.561706542969,7.44102637541782,1.46057570373805,2,3.55193995530654,10,100,100,100,100,7.69028781785687,2,2,2,4,100,100,100,100,6.63914892598829,2,5.30538170995613,10,10,100,100,100,100,7.44102637541782,1,2,2,2,100,100,100,100
E01026382,East Midlands,E07000142,West Lindsey,808.129753112793,17.1701217280021,0,3,7.43108115434937,10,0,100,100,100,12.4357837476445,0.70810811076174,2,3,4,70.8108110761739,100,100,100,8.38397291754628,2,9.70810811076174,10,10,100,100,100,100,22.1689189727523,0,1,1.53783783102515,2,0,100,100,100
E01026383,East Midlands,E07000142,West Lindsey,670.529266357422,12.5578664906022,1.44625406365575,3,5.81433224058927,10,81.4332240589265,100,100,100,9.23096106402718,1.81433224058927,2,3,4,100,100,100,100,7.04737771133573,2,10,10,10,100,100,100,100,12.7920846956758,0.814332240589265,1.40553744935065,2,2,81.4332240589265,100,100,100
E01026384,East Midlands,E07000142,West Lindsey,974.123962402344,5.90531384086962,1.71973093187006,2.60986548159915,4.63340809710648,10,100,100,100,100,7.32520187676685,2,2,2.85986546593503,4,100,100,100,100,6.2957397901192,2,8.82735426781638,10,10,100,100,100,100,5.90531384086962,1,2,2,2,100,100,100,100
E01026385,East Midlands,E07000142,West Lindsey,558.046352386475,25.7009976384832,0,1.81604696576873,2.22504892951157,5.99412908067013,0,90.8023482884366,100,100,32.865166093852,0,0.225048929511569,2.64970647078123,4.35029352921877,0,22.5048929511569,100,100,15.6917413198277,0.0919765171156342,6.9354206803251,10,10,9.19765171156342,100,100,100,88.5692167326401,0,0,0,0,0,0,0,0
E01026386,East Midlands,E07000142,West Lindsey,570.05908203125,18.8066093068114,0.107279690204808,1.91379310321753,4.6685823273034,10,10.7279690204808,100,100,100,31.058333660049,0.107279690204808,0.469348651337795,1.10727969020481,3.72030650284673,10.7279690204808,46.9348651337795,100,100,14.5411495000135,0.559386967539515,8.89655174259795,10,10,55.9386967539515,100,100,100,85.7299427845016,0,0,0.107279690204808,0.193486586987283,0,0,10.7279690204808,19.3486586987283
E01026387,East Midlands,E07000142,West Lindsey,1189.26119995117,38.0119928661848,0,0.245179057140044,0.90817263823178,0.90817263823178,0,24.5179057140044,90.817263823178,90.817263823178,32.5713321658115,0,0.458218544397211,2.84297518270023,4.95316805146438,0,45.8218544397212,100,100,16.8074198815364,0.121212125488947,7.42607896168386,10,10,12.1212125488947,100,100,100,90.8360326262368,0,0,0.121212125488947,0.121212125488947,0,0,12.1212125488947,12.1212125488947
E01026388,East Midlands,E07000142,West Lindsey,1018.89869689941,15.5022726053172,0.51554125902318,2.13826367517742,5.35691319199554,9.56270096636375,51.554125902318,100,100,100,17.8221436283217,0.1543408345201,1.75455519764305,3,4.74598070267645,15.43408345201,100,100,100,10.1262484385948,1.75455519764305,6.84351554173825,10,10,100,100,100,100,41.6870197997143,0,0.1543408345201,0.617363345568285,0.972132906334293,0,15.43408345201,61.7363345568285,85.7449092315043
E01026389,East Midlands,E07000142,West Lindsey,856.180694580078,10.7188650465011,0.802295902500377,2.14030610726397,9.17474485863274,10,80.2295902500377,100,100,100,8.57863515632756,1,1,1,3.80229590250038,100,100,100,100,7.14859708054697,1,8.17474485863274,10,10,100,100,100,100,10.9699489637367,0.802295902500377,1,1,1,80.2295902500377,100,100,100
E01026390,East Midlands,E07000142,West Lindsey,918.428527832031,7.98768138615932,0.932223541227655,1.37574315337936,7.67776453788139,9.86444708245531,93.2223541227655,100,100,100,7.9367777365652,0.932223541227655,1,1.06777645877234,3.93222354122766,93.2223541227655,100,100,100,6.68140317004989,1,8.25564803546203,10,10,100,100,100,100,9.03414994580086,0.932223541227655,0.932223541227655,0.932223541227655,1,93.2223541227655,93.2223541227655,93.2223541227655,100
E01026391,East Midlands,E07000142,West Lindsey,893.310989379883,27.4623470397359,0.268948657428412,1.39853299129788,4.49022002739169,6.41809291089276,26.8948657428412,88.630806397011,88.630806397011,88.630806397011,23.4232396334757,0.268948657428412,0.88630806397011,1.86308068240401,3.15525672139852,26.8948657428412,88.630806397011,100,100,13.0444742638099,0.558679699000559,4.92909539075283,10,10,55.8679699000559,100,100,100,60.6808305708956,0,0.268948657428412,0.268948657428412,0.268948657428412,0,26.8948657428412,26.8948657428412,26.8948657428412
E01026392,East Midlands,E07000142,West Lindsey,1398.93811035156,31.2655813344656,0,1.11241219100076,2.85245903919171,7.15925065800031,0,80.0936772939436,91.3348947579083,91.3348947579083,19.6669630700705,0.574551137245649,0.800936772939436,1.08665105242092,2.84231070476604,57.4551137245649,80.0936772939436,100,100,11.3883214441788,0.800936772939436,7.51131933741247,10,10,80.0936772939436,100,100,100,47.5139651364852,0,0.402810307910899,0.693989078935692,0.693989078935692,0,40.2810307910899,69.3989078935692,69.3989078935692
E01026393,East Midlands,E07000142,West Lindsey,694.554748535156,9.94265714310618,0.794025155574654,5.42138364448264,10,10,79.4025155574654,100,100,100,8.6227673117491,1,7.42452831100607,10,10,100,100,100,100,6.92400957428329,5.80660377773003,10,10,10,100,100,100,100,11.2639464729337,0.794025155574654,1,1.61792453327604,4,79.4025155574654,100,100,100
E01026394,East Midlands,E07000142,West Lindsey,840.89176940918,17.8746493540213,0.223376613808753,5.56233769912447,9.67792207990164,10,11.1688306904377,91.9480519975409,100,100,11.776973977808,1.29610389164989,8.31168832323574,10,10,91.9480519975409,100,100,100,8.4479609779303,5.88441558293091,10,10,10,100,100,100,100,21.1507141828995,0.223376613808753,1.29610389164989,2.8493506549594,5.62337661925254,11.1688306904377,91.9480519975409,100,100
E01026395,East Midlands,E07000142,West Lindsey,718.580230712891,14.2904709210791,0.407294827663311,5.99088146542086,10,10,40.7294827663311,100,100,100,10.3699390857062,1,8.17781155170101,10,10,100,100,100,100,7.62737079305118,6,10,10,10,100,100,100,100,17.1962615133894,0.208206681121224,1,2.15349547364639,4,20.8206681121224,100,100,100
E01026396,East Midlands,E07000142,West Lindsey,595.176635742188,12.5417431353429,1.25137613940353,5.20000000769122,9.77614680249163,10,62.5688069701767,100,100,100,8.9760733120529,2,2,8.17431192260701,10,100,100,100,100,7.47300935506766,2,10,10,10,100,100,100,100,12.5417431353429,1.25137613940353,2,2,2,62.5688069701767,100,100,100
E01026397,East Midlands,E07000142,West Lindsey,1084.42275619507,18.3449345771763,0.700906350447329,3.56394764815675,8.7643504666692,10,35.0453175223664,92.5478350061547,100,100,15.0634340458094,1.06948640094415,4.56394765870991,8.69184291984619,10,53.4743200472075,100,100,100,10.0045214421276,2.77744211053667,10,10,10,100,100,100,100,32.6247532847351,0.700906350447329,1.06948640094415,1.18026182957069,2.41087614204896,35.0453175223664,53.4743200472075,64.5518629098616,87.1097685547138
E01026398,East Midlands,E07000142,West Lindsey,772.091529846191,9.49983027351179,1.55869872623287,4.59971714705024,9.17114569871589,10,77.9349363116434,100,100,100,8.34097594238344,1.85572843429065,2,7.18387553403013,10,92.7864217145326,100,100,100,6.68456857304914,2,10,10,10,100,100,100,100,10.5547524482691,1.55869872623287,1.85572843429065,2,2,77.9349363116434,92.7864217145326,100,100
E01026399,East Midlands,E07000142,West Lindsey,662.884788513184,10.9367876241125,0.642504114748082,1,3.83855020453036,9.67710047811701,64.2504114748082,100,100,100,13.6785667604913,0.642504114748082,0.803953875689577,1.80395387568958,7.49752880323658,64.2504114748082,80.3953875689577,100,100,7.98540361228883,1,10,10,10,100,100,100,100,26.488204951005,0.642504114748082,0.642504114748082,0.642504114748082,0.803953875689577,64.2504114748082,64.2504114748082,64.2504114748082,80.3953875689577
E01026400,East Midlands,E07000142,West Lindsey,679.265796661377,23.468231023776,0.294212224310574,0.657556280723358,5.63504829316892,9.65755628072336,29.4212224310574,65.7556280723359,100,100,22.4324920293599,0.0803858511510371,1,8.60128616863149,10,8.03858511510371,100,100,100,13.0767685284183,0.36816720984053,10,10,10,36.816720984053,100,100,100,54.3201761115486,0,0.0803858511510371,0.236334405641278,0.657556280723358,0,8.03858511510371,23.6334405641278,65.7556280723359
E01026401,East Midlands,E07000142,West Lindsey,678.173759460449,30.5477619015453,0,2.66183570357524,8.4315619811998,8.81159419442036,0,61.9967786779444,86.7954910491151,100,36.2244127086794,0,0,4.90660229272514,10,0,0,100,100,17.4021903018582,0,10,10,10,0,100,100,100,100.935120896966,0,0,0,0,0,0,0,0
E01026402,East Midlands,E07000142,West Lindsey,904.231658935547,24.9350730707316,0,4.9263285321299,10,10,0,100,100,100,32.9387077822334,0,0,6.74396135412438,10,0,0,100,100,15.744106380355,0,10,10,10,0,100,100,100,91.5417260267243,0,0,0,0,0,0,0,0
E01026403,East Midlands,E07000142,West Lindsey,609.373527526855,25.9543008572781,0,2.17204303390807,5.45519713858483,8.05197129194786,0,63.4408596765565,100,100,34.8015231268395,0,0.532258059467717,1.82974910033023,6.50537633385457,0,31.5412182924571,85.1254473308711,100,16.389032390652,0.315412182924571,7.11827957016172,10,10,31.5412182924571,100,100,100,95.8055731970148,0,0,0,0,0,0,0,0
E01026404,East Midlands,E07000142,West Lindsey,1050.56867218018,12.5827442728125,0.588357591830137,3.24844075500085,9.09563410238292,10,58.8357591830137,100,100,100,18.3739294514794,0.219334720051876,1.82328481633973,4.21933472005188,7.85446983251731,21.9334720051876,100,100,100,10.5021931260861,1.82328481633973,9.12266111979249,10,10,100,100,100,100,44.0646354116459,0.219334720051876,0.219334720051876,0.380457391992282,0.729729738758357,21.9334720051876,21.9334720051876,38.0457391992282,72.9729738758357
E01026405,East Midlands,E07000142,West Lindsey,571.151145935059,19.316998005287,0,3.65965584399963,9.33269596881715,10,0,100,100,100,18.5799232873787,0,2,9.12428295490085,10,0,100,100,100,11.357820226084,1.65965584399963,10,10,10,100,100,100,100,43.7910517404003,0,0,0.548757169916674,1.65965584399963,0,0,54.8757169916674,100
E01026406,East Midlands,E07000142,West Lindsey,573.33528137207,22.3124571864973,0,3.5028571408801,10,10,0,100,100,100,16.9891812254616,0,2.4971428591199,10,10,0,100,100,100,9.8175807703774,4,10,10,10,100,100,100,100,38.5739614722928,0,0,1,1,0,0,100,100
E01026407,East Midlands,E07000142,West Lindsey,609.373512268066,16.9826341603312,0.274193553031636,1.84408602009182,6.26164875077006,9.68817204018364,27.4193553031636,100,100,100,27.5078137924051,0,0.818996415568673,2.33691756433951,4.33691756433951,0,66.3082435660494,100,100,10.7176522434082,2,10,10,10,100,100,100,100,73.6920790485565,0,0,0,0,0,0,0,0
E01026408,East Midlands,E07000142,West Lindsey,633.399002075195,11.9739308260562,0.893103438058241,2,3,8.30862069700687,67.7586193563802,100,100,100,8.92912108632033,1.6775861935638,2,2,4,100,100,100,100,7.18420686164304,2,5,10,10,100,100,100,100,11.9739308260562,0.677586193563802,1.43620689900229,2,2,67.7586193563802,100,100,100
E01026409,East Midlands,E07000142,West Lindsey,558.046356201172,27.5279445274761,0,0.645792590783484,5.61056756722319,9.64187868104796,0,32.2896295391742,100,100,39.4676521255161,0,0,2,6.31898238565622,0,0,100,100,15.4972994277352,0.637964771312447,10,10,10,31.8982385656224,100,100,100,111.857692400834,0,0,0,0,0,0,0,0
E01026410,East Midlands,E07000142,West Lindsey,814.682144165039,27.0277208267176,0,1.84718500075546,5.62064344953661,9.59517427363098,0,79.7587136815489,100,100,29.2395841878969,0,0.805630007853944,3.80160856296984,5.19839141830041,0,60.3217144669433,100,100,15.6204693113307,0.400804281484922,10,10,10,40.0804281484922,100,100,100,79.7953232488621,0,0,0,0,0,0,0,0
E01026411,East Midlands,E07000142,West Lindsey,1141.2102432251,62.8001441871132,0,0.308133972008382,0.518660290612742,1.44306220663789,0,30.8133972008382,51.8660290612742,51.8660290612742,40.8943444113423,0,0,1.44784688779621,3.67081340014239,0,0,78.947368139564,100,17.7633970679024,0,9.57894736279128,10,10,0,100,100,100,106.622230962632,0,0,0,0,0,0,0,0
E01026412,East Midlands,E07000142,West Lindsey,788.472557067871,9.36545729057128,1,1.87257616173912,8.99722993507048,10,100,100,100,100,8.46619136924583,1,1,7.19113573803898,10,100,100,100,100,7.2275900077475,1,10,10,10,100,100,100,100,9.39300558896122,1,1,1,1,100,100,100,100
E01026413,East Midlands,E07000142,West Lindsey,951.190536499023,9.3894948969557,1,2.39609645428061,9.85189438098646,10,100,100,100,100,8.46382307125448,1,1.14810561901354,7.56257173984154,10,100,100,100,100,7.21173353681717,1,10,10,10,100,100,100,100,9.41877170259602,1,1,1,1,100,100,100,100
E01026414,East Midlands,E07000142,West Lindsey,757.894653320313,27.1633862788117,0.128242067588356,0.955331417035492,4.56484142223306,7.57636885530934,12.8242067588356,71.7579243583935,71.7579243583935,100,28.2756636168232,0.226224770574968,0.608069137720734,2.90489908229987,6.33285290995354,22.6224770574968,47.9827070132378,100,100,14.413458426751,0.845821311172291,9.43515848716787,10,10,71.7579243583935,100,100,100,76.0154338097595,0,0.226224770574968,0.226224770574968,0.354466838163324,0,22.6224770574968,22.6224770574968,35.4466838163324
E01026415,East Midlands,E07000142,West Lindsey,443.379287719727,16.281329880126,0.662561583051147,1,2.98768474915344,3.58620691079231,66.2561583051147,100,100,100,15.8024876173939,0.662561583051147,1,1.20689654460384,4.73399016185431,66.2561583051147,100,100,100,10.0733004346706,1,7.7906404258757,10,10,100,100,100,100,35.0455410371917,0,0.662561583051147,0.793103455396156,0.793103455396156,0,66.2561583051147,79.3103455396156,79.3103455396156
E01026416,East Midlands,E07000142,West Lindsey,602.821083068848,26.2620109939805,0,1.2246376654768,4.65217386792155,6.48913038512097,0,69.9275353101861,83.6956517199424,100,18.8507965719531,0.525362312374937,0.826086959273076,1.47463768762506,3.2246376654768,52.5362312374937,82.6086959273076,100,100,10.6252899432421,0.826086959273076,7.95652173032616,10,10,82.6086959273076,100,100,100,45.0440942174136,0,0.525362312374937,0.525362312374937,0.688405795175513,0,52.5362312374937,52.5362312374937,68.8405795175513
E01032683,East Midlands,E07000142,West Lindsey,1089.88307952881,31.0110720978297,0,0.68136271824028,3.76753507474161,9.47695391816863,0,68.136271824028,94.1883768685403,100,29.9435469686059,0,0.35370742074265,3.40681361920218,10,0,35.370742074265,100,100,14.71135260451,0.797595180869474,10,10,10,73.9478949554877,100,100,100,81.3109410463273,0,0,0,0.0581162313145971,0,0,0,5.81162313145971
E01032986,East Midlands,E07000137,East Lindsey,633.094940185547,5.24414831090454,1.71838111895949,3,5.48229342083286,8.2967959420118,100,100,100,100,6.80986509027334,2,2,2,3,100,100,100,100,6.82637430001829,2,4.76391230187337,10,10,100,100,100,100,5.24414831090454,1.71838111895949,2,2,2,100,100,100,100
E01032987,East Midlands,E07000137,East Lindsey,683.272796630859,6.85664067928376,1.49843750300085,2.93593751137532,4.71718750718808,8.30781248946213,100,100,100,100,7.26381261181928,2,2,2,3,100,100,100,100,6.47187502336532,2,4.80937498646128,10,10,100,100,100,100,6.85664067928376,1,2,2,2,100,100,100,100
E01032988,East Midlands,E07000139,North Kesteven,659.965835571289,12.4135226412453,1.4156928030346,4.44574289075291,10,10,81.1352252791295,100,100,100,9.3584474490351,2,7.20868112360719,10,10,100,100,100,100,7.56948258032984,4.62270450558259,10,10,10,100,100,100,100,12.4684808958311,0.811352252791295,2,2.8130216738505,4.20868112360719,81.1352252791295,100,100,100
E01032989,East Midlands,E07000139,North Kesteven,607.080429077148,16.2582217767357,0.57350271981414,2,9.78221414303353,10,57.350271981414,100,100,100,11.6623592782073,1.79128857678061,7,10,10,100,100,100,100,9.07889327088486,4.33575316892738,10,10,10,100,100,100,100,19.776243115244,0.188747729299099,1.79128857678061,2,3,18.8747729299099,100,100,100
E01032990,East Midlands,E07000139,North Kesteven,1012.53522491455,20.9135801023876,0,1.13928182671295,6.54080522779122,10,0,100,100,100,25.3212510949513,0,1,4.88030468322963,10,0,100,100,100,14.2829597016828,1.23068553726667,10,10,10,88.030468322963,100,100,100,66.1484545157574,0,0,0,0.139281826712948,0,0,0,13.9281826712948
E01032991,East Midlands,E07000139,North Kesteven,694.120994567871,14.5711905710335,0.569841268218723,4.87619045483566,10,10,56.9841268218723,100,100,100,10.8953650517491,2.97460317219552,9.59365079909418,10,10,100,100,100,100,8.77400010260685,6.26666666446838,10,10,10,100,100,100,100,15.6962378568175,0.569841268218723,2.43015873178128,3.78571427707815,7.97460317219552,56.9841268218723,100,100,100
E01032992,East Midlands,E07000139,North Kesteven,661.067596435547,8.48151658817704,1.44666668328574,4.68000005355033,10,10,100,100,100,100,8.19188311866221,2,7.67000001338758,10,10,100,100,100,100,7.27608318628542,6.67000001338758,10,10,10,100,100,100,100,8.56731666022728,1,2,2.67000001338758,6.34000002677517,100,100,100,100
E01032993,East Midlands,E07000139,North Kesteven,686.40852355957,11.5566293508452,2,4.11556982033066,10,10,100,100,100,100,8.9313319153466,2,7,10,10,100,100,100,100,7.1928250565326,5,10,10,10,100,100,100,100,11.5566293508452,1.64205457221247,2,2.1845906861766,4.5537720585298,100,100,100,100
E01032994,East Midlands,E07000139,North Kesteven,612.589309692383,15.9930036628027,0.314748205784427,2.69064746194409,8.61870507611182,10,31.4748205784427,100,100,100,15.5340287808941,0.654676269027956,4.93345328189625,9.30935253805591,10,65.4676269027956,100,100,100,10.5378056499441,3.96402880708387,10,10,10,100,100,100,100,33.2362951428724,0,0.654676269027956,1.30935253805591,2.30935253805591,0,65.4676269027956,65.4676269027956,100
E01032995,East Midlands,E07000140,South Holland,735.510009765625,8.53630038265391,2.25144509449989,4.99710983174608,9.83526011908457,10,83.5260119084566,100,100,100,8.38838154327416,3,3,5,7.59248555009229,100,100,100,100,6.92028903048647,3.59248555009229,10,10,10,100,100,100,100,8.53630038265391,2.00867052550762,3,3,3,83.5260119084566,100,100,100
E01032996,East Midlands,E07000140,South Holland,576.078620910645,6.07498149808233,1.5276752750912,3.94649445182315,9.31549815060772,10,100,100,100,100,7.93356082441527,3,3.21217712448348,5,8,100,100,100,100,6.71669748172256,3.68450184939228,10,10,10,100,100,100,100,6.07498149808233,1.5276752750912,3,3,3,100,100,100,100
E01032997,East Midlands,E07000141,South Kesteven,510.743446350098,19.1332629119997,0,2.25211864245375,3.25211864245375,9.00211863125039,0,100,100,100,13.0338983858593,1.74999998879663,2,2.75211866486048,4,100,100,100,100,8.70408890019439,2,10,10,10,100,100,100,100,25.0693429557797,0,1.25000001120337,2,2,0,100,100,100
E01032998,East Midlands,E07000141,South Kesteven,521.564270019531,25.5707886375018,0,2,3,5.4896265892784,0,100,100,100,15.2942740412852,0.244813294639199,2,2.2448132946392,4,24.4813294639199,100,100,100,9.98979247302422,2,9.49792532370684,10,10,100,100,100,100,32.3557672667747,0,0,2,2,0,0,100,100
E01032999,East Midlands,E07000141,South Kesteven,563.765518188477,15.7170059944866,0.675623800695576,2.20921305330399,4.3934741193837,10,46.641074739159,100,100,100,10.5466989930681,2,2,2,4,100,100,100,100,7.53383860400854,2,8.43378118191503,10,10,100,100,100,100,16.8541650691339,0.46641074739159,2,2,2,46.641074739159,100,100,100
