LSOA_code,Region,LA_Code,LA_Name,Hosp_pop,HospPTt,HospPT15n,HospPT30n,HospPT45n,HospPT60n,HospPT15pct,HospPT30pct,HospPT45pct,HospPT60pct,HospCyct,HospCyc15n,HospCyc30n,HospCyc45n,HospCyc60n,HospCyc15pct,HospCyc30pct,HospCyc45pct,HospCyc60pct,HospCart,HospCar15n,HospCar30n,HospCar45n,HospCar60n,HospCar15pct,HospCar30pct,HospCar45pct,HospCar60pct,HospWalkt,HospWalk15n,HospWalk30n,HospWalk45n,HospWalk60n,HospWalk15pct,HospWalk30pct,HospWalk45pct,HospWalk60pct
E01026006,East Midlands,E07000136,Boston,1216.02606964111,22.3446909055892,0,1,1,1,0,100,100,100,20.5896782240028,0,1,1,1,0,100,100,100,13.8944124272796,0.892950382913675,1,1,2.6161879958957,89.2950382913675,100,100,100,40.9855093731608,0,0,0.799825925543512,1,0,0,79.9825925543512,100
E01026007,East Midlands,E07000136,Boston,501.650436401367,24.7115611096062,0,1,1,1,0,100,100,100,30.2833119852658,0,0.504219424876315,1,1,0,50.4219424876315,100,100,15.1698312744956,0.504219424876315,1,1,1,50.4219424876315,100,100,100,74.2788397333302,0,0,0,0,0,0,0,0
E01026008,East Midlands,E07000136,Boston,557.742149353027,39.5883681867769,0,0.740037953130003,0.740037953130003,0.740037953130003,0,74.0037953130003,74.0037953130003,74.0037953130003,29.3979696121646,0,0.569259961841684,1,1,0,56.9259961841684,100,100,14.8836433488741,0.569259961841684,1,1,1,56.9259961841684,100,100,100,71.4135680705262,0,0,0,0.26944971381263,0,0,0,26.9449713812629
E01026009,East Midlands,E07000136,Boston,546.100463867188,26.0348456350038,0,0.720930229309144,1,1,0,72.0930229309144,100,100,38.729379187345,0,0,1,1,0,0,100,100,17.738875627523,0,1,1,1,0,100,100,100,102.477401819261,0,0,0,0,0,0,0,0
E01026010,East Midlands,E07000136,Boston,667.808898925781,33.2886998894871,0,0,1,1,0,0,100,100,23.3116801356467,0,1,1,1,0,100,100,100,14.8256895465787,0.755942942668755,1,1,1,75.5942942668755,100,100,100,48.4773848340151,0,0,0,1,0,0,0,100
E01026011,East Midlands,E07000136,Boston,1175.80935668945,34.0889564372002,0,0.259225920186034,1,1,0,25.9225920186034,100,100,21.5334385762507,0,1,1,1,0,100,100,100,13.7535823521513,0.892889292176129,1,1,1.13231323036531,89.2889292176129,100,100,100,44.1994686254674,0,0,0.517551750281302,1,0,0,51.7551750281302,100
E01026012,East Midlands,E07000136,Boston,581.025497436523,25.8783423705257,0,1,1,1,0,100,100,100,20.4387615743441,0,1,1,1,0,100,100,100,12.2248085047787,1,1,1,1,100,100,100,100,39.4344077068238,0,0,1,1,0,0,100,100
E01026013,East Midlands,E07000136,Boston,661.45890045166,23.1252158518425,0,1,1,1,0,100,100,100,17.3347843134859,0.214399999187993,1,1,1,21.4399999187993,100,100,100,11.4968318305961,1,1,1,1,100,100,100,100,29.77609593226,0,0.425599998043801,1,1,0,42.5599998043801,100,100
E01026014,East Midlands,E07000136,Boston,845.609046936035,34.1027286067637,0,0.211514381710458,1,1,0,21.1514381710458,100,100,25.7153937807125,0,1,1,1,0,100,100,100,14.6689987429953,0.81602002149687,1,1,1,81.602002149687,100,100,100,56.2980360657777,0,0,0,0.650813512029237,0,0,0,65.0813512029237
E01026015,East Midlands,E07000136,Boston,680.508934020996,31.9255988979272,0,0.399688944531353,1,1,0,39.9688944531353,100,100,20.6631572535414,0,1,1,1,0,100,100,100,13.2725347682307,1,1,1,1,100,100,100,100,39.8220687457126,0,0,0.777604981641092,1,0,0,77.7604981641093,100
E01026016,East Midlands,E07000136,Boston,1044.57592010498,76.2394220401359,0,0,0,0.148936167570959,0,0,0,14.8936167570959,63.0531806626745,0,0,0,0.390070924109621,0,0,0,39.0070924109621,28.5433943865605,0,0.594731513584137,1,5,0,59.4731513584137,100,100,120,0,0,0,0,0,0,0,0
E01026017,East Midlands,E07000136,Boston,731.308971405029,82.65412461564,0,0,0,0,0,0,0,0,60.416859313218,0,0,0,0.684515198690527,0,0,0,68.4515198690527,26.1370623447259,0,1,1,4.44717801125094,0,100,100,100,120,0,0,0,0,0,0,0,0
E01026018,East Midlands,E07000136,Boston,756.708999633789,46.3514691071629,0,0,0.524475526449688,1,0,0,52.4475526449688,100,39.2090912943228,0,0,0.783216785896005,1,0,0,78.3216785896005,100,20.5582934951729,0,1,1,3.47972027808454,0,100,100,100,101.628280306708,0,0,0,0,0,0,0,0
E01026019,East Midlands,E07000136,Boston,1228.72608184814,52.3722481152742,0,0,0.228251500908855,0.927648579180391,0,0,22.8251500908855,92.7648579180391,41.9983197467129,0,0,0.927648579180391,1,0,0,92.7648579180391,100,21.2186821018707,0,1,1,3.36692506938072,0,100,100,100,111.519043570064,0,0,0,0,0,0,0,0
E01026020,East Midlands,E07000136,Boston,980.017547607422,48.0029481913496,0,0,0.47408208738988,0.832613396073859,0,0,47.408208738988,83.2613396073859,41.7807773680553,0,0,0.865010806298902,1,0,0,86.5010806298902,100,21.3836286262876,0,1,1,3.83045356872552,0,100,100,100,111.895680050578,0,0,0,0,0,0,0,0
E01026021,East Midlands,E07000136,Boston,811.742378234863,17.7739894256773,0.176010426338705,1,1,1,17.6010426338705,100,100,100,14.7867407548557,0.679269883725808,1,1,1,67.9269883725808,100,100,100,10.2333768464206,1,1,1,1,100,100,100,100,21.2026857849348,0,1,1,1,0,100,100,100
E01026022,East Midlands,E07000136,Boston,917.575775146484,17.6857439756551,0.354094570338506,1,1,1,35.4094570338506,100,100,100,14.2843830650028,0.626297567612305,1,1,1,62.6297567612305,100,100,100,10.0954901137046,1,1,1,1,100,100,100,100,18.8453291381676,0.354094570338506,1,1,1,35.4094570338506,100,100,100
E01026023,East Midlands,E07000136,Boston,623.358879089355,32.1307975685378,0,0.490662132299417,0.850594226943196,1,0,49.0662132299417,85.0594226943196,100,60.0370968568857,0,0,0,0.633276745536482,0,0,0,63.3276745536482,25.3048559407469,0,1,1,1,0,100,100,100,120,0,0,0,0,0,0,0,0
E01026024,East Midlands,E07000136,Boston,877.359085083008,70.6288894942758,0,0,0.618817865233426,0.618817865233426,0,0,61.8817865233426,61.8817865233426,51.8989867859592,0,0,0,1,0,0,0,100,23.1629190126517,0,1,1,1,0,100,100,100,120,0,0,0,0,0,0,0,0
E01026025,East Midlands,E07000136,Boston,1045.63421630859,21.3542612277146,0,1,1,1,0,100,100,100,18.526073328081,0,1,1,1,0,100,100,100,12.4694534482497,1,1,1,1.97064776985269,100,100,100,100,34.6139374946581,0,0.32388664830185,1,1,0,32.388664830185,100,100
E01026026,East Midlands,E07000136,Boston,866.775756835938,28.8491819133675,0,0.625152627366569,1,1,0,62.5152627366569,100,100,19.2169712858333,0,1,1,1,0,100,100,100,12.5943590003588,1,1,1,1,100,100,100,100,35.90769284821,0,0,1,1,0,0,100,100
E01026027,East Midlands,E07000136,Boston,805.392349243164,32.2480291478268,0,0.278580808493501,1,1,0,27.8580808493501,100,100,21.5468334141745,0,1,1,1,0,100,100,100,13.5891193723996,1,1,1,1,100,100,100,100,42.7649940399459,0,0,0.823915899060882,1,0,0,82.3915899060882,100
E01026028,East Midlands,E07000136,Boston,900.642448425293,21.7314454254693,0,1,1,1,0,100,100,100,16.8322322722591,0,1,1,1,0,100,100,100,11.2892714948777,1,1,1,1,100,100,100,100,28.967990314996,0,0.693302002955434,1,1,0,69.3302002955433,100,100
E01026029,East Midlands,E07000136,Boston,1065.74256896973,31.5173484724997,0,0.305858993488464,1,1,0,30.5858993488464,100,100,25.8547966292638,0,1,1,1,0,100,100,100,16.8786493130227,0,1,1,3.36643495433177,0,100,100,100,58.7165343817612,0,0,0,0.792452835051233,0,0,0,79.2452835051233
E01026030,East Midlands,E07000136,Boston,1051.98427581787,27.3528672250518,0,0.876257537194779,1,1,0,87.6257537194779,100,100,21.5959759468314,0,1,1,1,0,100,100,100,14.3807645410619,0.893360168510026,1,1,1.37826960613453,89.3360168510026,100,100,100,44.7061667721741,0,0,0.46881287160176,1,0,0,46.881287160176,100
E01026031,East Midlands,E07000136,Boston,654.050567626953,32.7086238233204,0,0,1,1,0,0,100,100,23.7627184102679,0,1,1,1,0,100,100,100,15.4206150034071,0,1,1,1,0,100,100,100,51.9090932763327,0,0,0,1,0,0,0,100
E01026032,East Midlands,E07000136,Boston,829.734046936035,29.1501143309268,0,0.526785712397458,1,1,0,52.6785712397458,100,100,21.5648085976151,0,1,1,1,0,100,100,100,13.8288649251909,1,1,1,1.70153060964122,100,100,100,100,43.0755351698598,0,0,0.848214288751916,1,0,0,84.8214288751916,100
E01026033,East Midlands,E07000136,Boston,835.025718688965,55.32776918427,0,0,0,0.709759187086462,0,0,0,70.9759187086462,57.5958686051722,0,0,0.160963242517432,0.514575408810342,0,0,16.0963242517432,51.4575408810342,27.6479216541507,0,0.837769330232246,1,4.0443599720347,0,83.7769330232246,100,100,118.683320627085,0,0,0,0,0,0,0,0
E01026034,East Midlands,E07000136,Boston,839.259071350098,60.0479568293264,0,0,0,0.848675910959633,0,0,0,84.8675910959633,58.9651443224072,0,0,0,0.766708700229307,0,0,0,76.6708700229307,27.7914625926729,0,1,1,5.23329129977069,0,100,100,100,120,0,0,0,0,0,0,0,0
E01026035,East Midlands,E07000136,Boston,919.692459106445,36.8620021207738,0,0,1,1,0,0,100,100,25.8523473186864,0,1,1,1,0,100,100,100,15.8056044708038,0,1,1,2.74798619911929,0,100,100,100,58.581875945881,0,0,0,0.753739923031827,0,0,0,75.3739923031827
E01026036,East Midlands,E07000136,Boston,727.075630187988,20.6355605976972,0,1,1,1,0,100,100,100,16.5525620976127,0,1,1,1,0,100,100,100,11.6195631280069,1,1,1,1.41921397141638,100,100,100,100,27.7347453972474,0,0.580786028583623,1,1,0,58.0786028583623,100,100
E01026037,East Midlands,E07000136,Boston,633.94221496582,26.8744740767542,0,0.799666102930588,1,1,0,79.9666102930588,100,100,18.3321702755026,0,1,1,1,0,100,100,100,12.7111853946403,1,1,1,1.24373956534049,100,100,100,100,33.3922206929591,0,0,1,1,0,0,100,100
E01026038,East Midlands,E07000136,Boston,606.42552947998,33.6369637709026,0,0.20942408963195,1,1,0,20.942408963195,100,100,20.9290573274452,0,1,1,1,0,100,100,100,13.0669457083286,1,1,1,1,100,100,100,100,34.6872254515151,0,0,1,1,0,0,100,100
E01026039,East Midlands,E07000136,Boston,521.758773803711,31.5922924017073,0,0.73022312141876,1,1,0,73.022312141876,100,100,29.3239959707032,0,1,1,1,0,100,100,100,17.4611356468571,0,1,1,3.78093306649886,0,100,100,100,70.5749715874932,0,0,0,0,0,0,0,0
E01026040,East Midlands,E07000136,Boston,525.992118835449,34.4600412255104,0,0.490945680377334,0.734406440674716,1,0,49.0945680377334,73.4406440674716,100,29.5494361655128,0,0.490945680377334,1,1,0,49.0945680377334,100,100,18.0632397358112,0,1,1,3,0,100,100,100,70.3701803535964,0,0,0,0,0,0,0,0
E01026041,East Midlands,E07000136,Boston,648.758911132813,30.7489397226292,0,0.404567693103174,1,1,0,40.4567693103174,100,100,31.1913213376938,0,0,1,1,0,0,100,100,18.3610604635099,0,1,1,3,0,100,100,100,76.4631148884356,0,0,0,0,0,0,0,0
E01026042,East Midlands,E07000137,East Lindsey,717.436431884766,72.5294338272043,0,0,0,0,0,0,0,0,120,0,0,0,0,0,0,0,0,56.7253121939127,0,0,0,2,0,0,0,100,120,0,0,0,0,0,0,0,0
E01026043,East Midlands,E07000137,East Lindsey,768.681900024414,74.7831802328668,0,0,0,0,0,0,0,0,120,0,0,0,0,0,0,0,0,56.5184172202581,0,0,0,2,0,0,0,100,120,0,0,0,0,0,0,0,0
E01026044,East Midlands,E07000137,East Lindsey,626.689254760742,98.2136295784823,0,0,0,0,0,0,0,0,120,0,0,0,0,0,0,0,0,63.3280410531744,0,0,0,0.616695069310592,0,0,0,40.2044296437361,120,0,0,0,0,0,0,0,0
E01026045,East Midlands,E07000137,East Lindsey,919.215438842773,74.6869343329746,0,0,0,0.428571425014329,0,0,0,42.8571425014329,67.2054342383226,0,0,0,0,0,0,0,0,29.5389549848513,0,0.766550515678483,1,2.15331010811564,0,76.6550515678483,100,100,120,0,0,0,0,0,0,0,0
E01026046,East Midlands,E07000137,East Lindsey,566.902877807617,94.4631456333979,0,0,0,0,0,0,0,0,120,0,0,0,0,0,0,0,0,52.6216761260088,0,0,0,1,0,0,0,100,120,0,0,0,0,0,0,0,0
E01026047,East Midlands,E07000137,East Lindsey,627.756858825684,96.2334525979754,0,0,0,0,0,0,0,0,120,0,0,0,0,0,0,0,0,51.2925338828059,0,0,0,1,0,0,0,100,120,0,0,0,0,0,0,0,0
E01026048,East Midlands,E07000137,East Lindsey,807.115982055664,98.4043646142668,0,0,0,0,0,0,0,0,120,0,0,0,0,0,0,0,0,66.1638879708272,0,0,0,0,0,0,0,0,120,0,0,0,0,0,0,0,0
E01026049,East Midlands,E07000137,East Lindsey,776.155166625977,110.388626163671,0,0,0,0,0,0,0,0,120,0,0,0,0,0,0,0,0,68.1956945857382,0,0,0,0,0,0,0,0,120,0,0,0,0,0,0,0,0
E01026050,East Midlands,E07000137,East Lindsey,851.955749511719,100.835149437258,0,0,0,0,0,0,0,0,120,0,0,0,0,0,0,0,0,66.7025310910965,0,0,0,0,0,0,0,0,120,0,0,0,0,0,0,0,0
E01026051,East Midlands,E07000137,East Lindsey,560.497222900391,55.1295803358475,0,0,0,1,0,0,0,100,83.151790308737,0,0,0,0,0,0,0,0,38.2153331409694,0,0,1,1,0,0,100,100,120,0,0,0,0,0,0,0,0
E01026052,East Midlands,E07000137,East Lindsey,687.54320526123,43.2182765670278,0,0,0.543478252426497,1,0,0,54.3478252426497,100,84.2941603395438,0,0,0,0,0,0,0,0,38.2240218340806,0,0,1,1,0,0,100,100,120,0,0,0,0,0,0,0,0
E01026053,East Midlands,E07000137,East Lindsey,814.589263916016,52.7429102339184,0,0,0,1,0,0,0,100,90.9899856353715,0,0,0,0,0,0,0,0,41.4432631742565,0,0,1,1.13630405791358,0,0,100,100,120,0,0,0,0,0,0,0,0
E01026054,East Midlands,E07000137,East Lindsey,774.019958496094,46.8169650241532,0,0,0.379310348906281,1,0,0,37.9310348906281,100,89.0832963698973,0,0,0,0,0,0,0,0,40.655461820249,0,0,1,1,0,0,100,100,120,0,0,0,0,0,0,0,0
E01026055,East Midlands,E07000137,East Lindsey,517.792663574219,120,0,0,0,0,0,0,0,0,109.956948783794,0,0,0,0,0,0,0,0,46.6429275106569,0,0,0.18350514203134,1,0,0,18.350514203134,100,120,0,0,0,0,0,0,0,0
E01026056,East Midlands,E07000137,East Lindsey,506.048896789551,61.2645367413785,0,0,0,0.72362870022107,0,0,0,72.362870022107,111.757235215935,0,0,0,0,0,0,0,0,43.641560743911,0,0,0.761603372505785,1,0,0,76.1603372505785,100,120,0,0,0,0,0,0,0,0
E01026057,East Midlands,E07000137,East Lindsey,880.781318664551,48.3183390922141,0,0.20727273253297,0.368484859761296,0.804848491242672,0,20.727273253297,36.8484859761296,80.4848491242672,44.7318541345578,0,0,0.663030309928465,0.801212125842394,0,0,66.3030309928465,80.1212125842394,21.5246909468688,0,1,1,1,0,100,100,100,105.244508605428,0,0,0,0,0,0,0,0
E01026058,East Midlands,E07000137,East Lindsey,974.731330871582,120,0,0,0,0,0,0,0,0,110.500899196787,0,0,0,0,0,0,0,0,45.613001139791,0,0,0.196056957896481,1,0,0,19.6056957896481,100,120,0,0,0,0,0,0,0,0
E01026059,East Midlands,E07000137,East Lindsey,482.561401367188,55.2939828098694,0,0,0,0.57743360789124,0,0,0,57.743360789124,94.0180316789499,0,0,0,0,0,0,0,0,39.3734066070644,0,0,1,1,0,0,100,100,120,0,0,0,0,0,0,0,0
E01026060,East Midlands,E07000137,East Lindsey,603.201759338379,74.6120513462018,0,0,0,0.546902672798547,0,0,0,54.6902672798547,84.0512027765286,0,0,0,0,0,0,0,0,34.0046724735374,0,0,1,1,0,0,100,100,120,0,0,0,0,0,0,0,0
E01026061,East Midlands,E07000137,East Lindsey,537.009704589844,31.5881100517701,0,0.254473159621552,1,1,0,25.4473159621552,100,100,28.8120673075675,0,1,1,1,0,100,100,100,16.3684483527278,0,1,1,3,0,100,100,100,77.0059050825403,0,0,0,0,0,0,0,0
E01026062,East Midlands,E07000137,East Lindsey,560.497207641602,28.2276190515469,0,0.754285719730448,1,1,0,75.4285719730448,100,100,28.4608378155619,0,1,1,1,0,100,100,100,16.2443430345494,0,1,1,3,0,100,100,100,75.2519415805424,0,0,0,0,0,0,0,0
E01026063,East Midlands,E07000137,East Lindsey,592.525619506836,29.5678205637812,0,0.518918908618072,1,1,0,51.8918908618072,100,100,25.2662160054516,0,1,1,1,0,100,100,100,14.9603063434828,0.518918908618072,1,1,4,51.8918908618072,100,100,100,65.5000370015968,0,0,0,0,0,0,0,0
E01026064,East Midlands,E07000137,East Lindsey,698.219383239746,62.5753515075462,0,0,0,0.399082570561663,0,0,0,39.9082570561663,115.264189738812,0,0,0,0,0,0,0,0,48.6525232174894,0,0,0,2,0,0,0,100,120,0,0,0,0,0,0,0,0
E01026065,East Midlands,E07000137,East Lindsey,883.984161376953,59.5629824548965,0,0,0,0.526570023751318,0,0,0,52.6570023751318,118.832114237808,0,0,0,0,0,0,0,0,48.5765945378187,0,0,0,2,0,0,0,100,120,0,0,0,0,0,0,0,0
E01026066,East Midlands,E07000137,East Lindsey,935.229614257813,52.3486534776045,0,0,0,0.871004565614044,0,0,0,87.1004565614044,119.193640937561,0,0,0,0,0,0,0,0,46.4127172526137,0,0,0,2,0,0,0,100,120,0,0,0,0,0,0,0,0
E01026067,East Midlands,E07000137,East Lindsey,996.083618164063,54.9138379070864,0,0,0,0.814576637237854,0,0,0,81.4576637237854,117.609603142964,0,0,0,0,0,0,0,0,47.9348763025971,0,0,0,2,0,0,0,100,120,0,0,0,0,0,0,0,0
E01026068,East Midlands,E07000137,East Lindsey,1005.69212722778,90.2446079205071,0,0,0,0.232484074633207,0,0,0,23.2484074633207,110.864553079138,0,0,0,0,0,0,0,0,44.0311467642074,0,0,0.626326964703859,1.62101911537119,0,0,62.6326964703859,100,120,0,0,0,0,0,0,0,0
E01026069,East Midlands,E07000137,East Lindsey,1044.12620544434,91.8916983891232,0,0,0,0,0,0,0,0,120,0,0,0,0,0,0,0,0,59.1479245554266,0,0,0,0.794478520479708,0,0,0,79.4478520479708,120,0,0,0,0,0,0,0,0
E01026070,East Midlands,E07000137,East Lindsey,893.592674255371,104.306463452897,0,0,0,0.106332134326359,0,0,0,10.6332134326359,104.038602081764,0,0,0,0,0,0,0,0,39.5710994492814,0,0,1,1.22102747185978,0,0,100,100,120,0,0,0,0,0,0,0,0
E01026071,East Midlands,E07000137,East Lindsey,1015.30067825317,92.267402739171,0,0,0.12828601543249,0.208201897224685,0,0,12.828601543249,20.8201897224685,108.113890851101,0,0,0,0,0,0,0,0,44.6601900475756,0,0,0.495268131014238,2,0,0,49.5268131014238,100,120,0,0,0,0,0,0,0,0
E01026072,East Midlands,E07000137,East Lindsey,948.040977478027,120,0,0,0,0,0,0,0,0,120,0,0,0,0,0,0,0,0,70.7056873437604,0,0,0,0,0,0,0,0,120,0,0,0,0,0,0,0,0
E01026073,East Midlands,E07000137,East Lindsey,1006.759765625,111.40303242605,0,0,0,0,0,0,0,0,120,0,0,0,0,0,0,0,0,71.7519503195986,0,0,0,0,0,0,0,0,120,0,0,0,0,0,0,0,0
E01026074,East Midlands,E07000137,East Lindsey,1031.31485748291,120,0,0,0,0,0,0,0,0,120,0,0,0,0,0,0,0,0,71.3434676365386,0,0,0,0,0,0,0,0,120,0,0,0,0,0,0,0,0
E01026075,East Midlands,E07000137,East Lindsey,989.677940368652,57.4911004874747,0,0,0.235167201749917,0.509169357500852,0,0,23.5167201749917,50.9169357500852,79.4588036812264,0,0,0,0,0,0,0,0,35.4537435233946,0,0.0787486545829072,1,1.08737863493884,0,7.87486545829072,100,100,120,0,0,0,0,0,0,0,0
E01026076,East Midlands,E07000137,East Lindsey,995.016014099121,93.822950408281,0,0,0,0,0,0,0,0,74.9990348130686,0,0,0,0,0,0,0,0,35.1110414955461,0,0,1,1,0,0,100,100,120,0,0,0,0,0,0,0,0
E01026077,East Midlands,E07000137,East Lindsey,537.009712219238,56.7799206596397,0,0,0,0.502982108739865,0,0,0,50.2982108739865,85.8380708730716,0,0,0,0,0,0,0,0,32.98679812461,0,0,1,1,0,0,100,100,120,0,0,0,0,0,0,0,0
E01026078,East Midlands,E07000137,East Lindsey,503.913688659668,54.9783050261879,0,0,0,1,0,0,0,100,85.8782399169014,0,0,0,0,0,0,0,0,33.1627976366752,0,0,1,1,0,0,100,100,120,0,0,0,0,0,0,0,0
E01026079,East Midlands,E07000137,East Lindsey,899.998359680176,97.6192647959935,0,0,0,0,0,0,0,0,99.6238884917002,0,0,0,0,0,0,0,0,46.2307942275993,0,0,0,1,0,0,0,100,120,0,0,0,0,0,0,0,0
E01026080,East Midlands,E07000137,East Lindsey,910.674514770508,58.5043969885003,0,0,0.74912075197256,0.74912075197256,0,0,74.912075197256,74.912075197256,49.8425785248298,0,0,0.2110199370949,0.74912075197256,0,0,21.10199370949,74.912075197256,23.3903164795917,0,1,1,2.49824150394512,0,100,100,100,119.366236999646,0,0,0,0,0,0,0,0
E01026081,East Midlands,E07000137,East Lindsey,1254.44613647461,62.8416764822518,0,0,0,0.220425536697583,0,0,0,22.0425536697583,89.7738987174625,0,0,0,0,0,0,0,0,34.7421105123332,0,0,1,1,0,0,100,100,120,0,0,0,0,0,0,0,0
E01026082,East Midlands,E07000137,East Lindsey,1070.81657409668,86.2421238252555,0,0,0.0967098638464848,0.0967098638464848,0,0,9.67098638464848,9.67098638464848,105.358255647956,0,0,0,0,0,0,0,0,46.7089436769784,0,0,0.367896299694052,1.72881356415243,0,0,36.7896299694052,100,120,0,0,0,0,0,0,0,0
E01026083,East Midlands,E07000137,East Lindsey,848.752883911133,65.9751960066394,0,0,0,0,0,0,0,0,120,0,0,0,0,0,0,0,0,50.4938489431942,0,0,0,1,0,0,0,100,120,0,0,0,0,0,0,0,0
E01026084,East Midlands,E07000137,East Lindsey,729.180183410645,66.3787843817067,0,0,0,0,0,0,0,0,120,0,0,0,0,0,0,0,0,50.8614649424164,0,0,0,1,0,0,0,100,120,0,0,0,0,0,0,0,0
E01026085,East Midlands,E07000137,East Lindsey,1167.96939849854,80.3496991009556,0,0,0,0,0,0,0,0,120,0,0,0,0,0,0,0,0,51.3343053283264,0,0,0,1,0,0,0,100,120,0,0,0,0,0,0,0,0
E01026087,East Midlands,E07000137,East Lindsey,523.130722045898,63.8963856196218,0,0,0,0,0,0,0,0,89.1329798056994,0,0,0,0,0,0,0,0,34.3718765272778,0,0,1,1,0,0,100,100,120,0,0,0,0,0,0,0,0
E01026088,East Midlands,E07000137,East Lindsey,585.052322387695,64.5177913253873,0,0,0,0,0,0,0,0,89.3255276737762,0,0,0,0,0,0,0,0,34.4410402186553,0,0,1,1,0,0,100,100,120,0,0,0,0,0,0,0,0
E01026089,East Midlands,E07000137,East Lindsey,1036.65292358398,64.3364474642351,0,0,0,0.490216268382951,0,0,0,24.5108134191475,90.6027001037774,0,0,0,0,0,0,0,0,34.8730186684505,0,0,1,1,0,0,100,100,120,0,0,0,0,0,0,0,0
E01026090,East Midlands,E07000137,East Lindsey,651.244369506836,72.0909491415586,0,0,0,0,0,0,0,0,93.1397208066198,0,0,0,0,0,0,0,0,36.0301981992646,0,0,1,1,0,0,100,100,120,0,0,0,0,0,0,0,0
E01026091,East Midlands,E07000137,East Lindsey,509.251739501953,75.6357871703684,0,0,0,0,0,0,0,0,94.4976509844304,0,0,0,0,0,0,0,0,36.5703973873539,0,0,1,1,0,0,100,100,120,0,0,0,0,0,0,0,0
E01026092,East Midlands,E07000137,East Lindsey,672.596641540527,56.4853174162098,0,0,0,1,0,0,0,100,120,0,0,0,0,0,0,0,0,49.5050000386958,0,0,0,1,0,0,0,100,120,0,0,0,0,0,0,0,0
E01026093,East Midlands,E07000137,East Lindsey,909.606895446777,59.613955790157,0,0,0,0.589201871653437,0,0,0,58.9201871653437,120,0,0,0,0,0,0,0,0,50.3059152098935,0,0,0,1,0,0,0,100,120,0,0,0,0,0,0,0,0
E01026094,East Midlands,E07000137,East Lindsey,892.525100708008,61.6863415910521,0,0,0,0.419856443195092,0,0,0,41.9856443195092,120,0,0,0,0,0,0,0,0,49.9202163831293,0,0,0,1,0,0,0,100,120,0,0,0,0,0,0,0,0
E01026095,East Midlands,E07000137,East Lindsey,515.657417297363,68.6067878823434,0,0,0,0,0,0,0,0,120,0,0,0,0,0,0,0,0,51.5406413410303,0,0,0,1,0,0,0,100,120,0,0,0,0,0,0,0,0
E01026096,East Midlands,E07000137,East Lindsey,655.514839172363,73.2176547692731,0,0,0,0,0,0,0,0,120,0,0,0,0,0,0,0,0,52.2271000482066,0,0,0,1,0,0,0,100,120,0,0,0,0,0,0,0,0
E01026097,East Midlands,E07000137,East Lindsey,823.130180358887,60.9247601806366,0,0,0,0.661478593631683,0,0,0,66.1478593631683,120,0,0,0,0,0,0,0,0,51.0218162103741,0,0,0,1,0,0,0,100,120,0,0,0,0,0,0,0,0
E01026098,East Midlands,E07000137,East Lindsey,939.50008392334,24.9414891712182,0,0.843181808861474,1,1,0,84.3181808861474,100,100,33.1883525687126,0,0,1,1,0,0,100,100,16.014068030312,0.329545442825814,1,1,1,32.9545442825814,100,100,100,84.0313304053179,0,0,0,0,0,0,0,0
E01026099,East Midlands,E07000137,East Lindsey,949.108612060547,114.609910324412,0,0,0,0,0,0,0,0,118.508424802222,0,0,0,0,0,0,0,0,55.6097746262868,0,0,0,0.653543302719249,0,0,0,65.3543302719249,120,0,0,0,0,0,0,0,0
E01026100,East Midlands,E07000137,East Lindsey,862.631874084473,57.5098894921365,0,0,0,0.863861386116722,0,0,0,86.3861386116722,101.38368845809,0,0,0,0,0,0,0,0,39.2874011540731,0,0,1,1,0,0,100,100,120,0,0,0,0,0,0,0,0
E01026101,East Midlands,E07000137,East Lindsey,629.892120361328,53.2589319218242,0,0,0,1,0,0,0,100,99.3500330790967,0,0,0,0,0,0,0,0,38.7435587561032,0,0,1,1,0,0,100,100,120,0,0,0,0,0,0,0,0
E01026102,East Midlands,E07000137,East Lindsey,1009.96256637573,37.0034883022084,0,0.267441870083464,0.782241017298567,1,0,26.7441870083464,78.2241017298567,100,61.5043557126406,0,0,0,0.470401696127123,0,0,0,47.0401696127123,26.4143979152782,0,0.749471462602757,1,1,0,74.9471462602757,100,100,120,0,0,0,0,0,0,0,0
E01026103,East Midlands,E07000137,East Lindsey,1077.22222900391,91.2312488459653,0,0,0,0,0,0,0,0,120,0,0,0,0,0,0,0,0,73.2183559145378,0,0,0,0,0,0,0,0,120,0,0,0,0,0,0,0,0
E01026104,East Midlands,E07000137,East Lindsey,1159.42854309082,106.375193824025,0,0,0,0,0,0,0,0,120,0,0,0,0,0,0,0,0,74.5189975279005,0,0,0,0,0,0,0,0,120,0,0,0,0,0,0,0,0
E01026105,East Midlands,E07000137,East Lindsey,1023.84155654907,102.032773970877,0,0,0,0,0,0,0,0,115.352304490514,0,0,0,0,0,0,0,0,48.6275180855945,0,0,0.332638174767006,2.41814389678371,0,0,33.2638174767006,100,120,0,0,0,0,0,0,0,0
E01026106,East Midlands,E07000137,East Lindsey,533.806869506836,55.0369204956159,0,0,0,1,0,0,0,100,40.6458807390633,0,0,1,1,0,0,100,100,21.4113200335341,0,1,1,1.71199997987627,0,100,100,100,115.298720217139,0,0,0,0,0,0,0,0
E01026107,East Midlands,E07000137,East Lindsey,516.725044250488,63.5265297962806,0,0,0,0.280991761406274,0,0,0,28.0991761406274,54.5304951856548,0,0,0.280991761406274,0.448347124612892,0,0,28.0991761406274,44.8347124612892,27.5371486286403,0,0.448347124612892,1,1.28099176140627,0,44.8347124612892,100,100,116.580330778197,0,0,0,0,0,0,0,0
E01026108,East Midlands,E07000137,East Lindsey,1122.06200408936,72.1873080947494,0,0,0,0,0,0,0,0,91.842989239728,0,0,0,0,0,0,0,0,35.5946622349834,0,0,1,1,0,0,100,100,120,0,0,0,0,0,0,0,0
E01026109,East Midlands,E07000137,East Lindsey,1226.68817138672,102.711104514791,0,0,0,0,0,0,0,0,120,0,0,0,0,0,0,0,0,73.7029419717228,0,0,0,0,0,0,0,0,120,0,0,0,0,0,0,0,0
E01026110,East Midlands,E07000137,East Lindsey,687.543251037598,51.3538362214931,0,0,0.473602485212972,0.913043478743331,0,0,47.3602485212972,91.3043478743331,103.146396042435,0,0,0,0,0,0,0,0,40.3101240809885,0,0,1,1,0,0,100,100,120,0,0,0,0,0,0,0,0
E01026111,East Midlands,E07000137,East Lindsey,696.084144592285,48.9049386147707,0,0,0.222392632842364,0.831288345609164,0,0,22.2392632842364,83.1288345609164,83.1506611837047,0,0,0,0,0,0,0,0,33.861472477225,0,0,1,1,0,0,100,100,120,0,0,0,0,0,0,0,0
E01026112,East Midlands,E07000137,East Lindsey,535.942092895508,44.3928883009375,0,0,0.737051781939391,1,0,0,73.7051781939391,100,103.723903065096,0,0,0,0,0,0,0,0,40.2406370558404,0,0,1,1,0,0,100,100,120,0,0,0,0,0,0,0,0
E01026113,East Midlands,E07000137,East Lindsey,945.90576171875,92.7564776745471,0,0,0,0.0790067748675289,0,0,0,7.90067748675289,120,0,0,0,0,0,0,0,0,56.8164893172565,0,0,0,0.787810392431919,0,0,0,71.4446955745749,120,0,0,0,0,0,0,0,0
E01026114,East Midlands,E07000137,East Lindsey,779.358016967773,64.4681102028196,0,0,0,0.147945198613509,0,0,0,14.7945198613509,120,0,0,0,0,0,0,0,0,50.8435886832051,0,0,0,1,0,0,0,100,120,0,0,0,0,0,0,0,0
E01026115,East Midlands,E07000137,East Lindsey,856.226226806641,82.5807863922615,0,0,0,0,0,0,0,0,120,0,0,0,0,0,0,0,0,53.9051127809091,0,0,0,1,0,0,0,100,120,0,0,0,0,0,0,0,0
E01026116,East Midlands,E07000137,East Lindsey,761.208595275879,73.8064369973743,0,0,0,0,0,0,0,0,120,0,0,0,0,0,0,0,0,52.3453709873392,0,0,0,1,0,0,0,100,120,0,0,0,0,0,0,0,0
E01026117,East Midlands,E07000137,East Lindsey,830.603458404541,120,0,0,0,0,0,0,0,0,120,0,0,0,0,0,0,0,0,56.714293003378,0,0,0,0.771208215087664,0,0,0,66.5809762592666,120,0,0,0,0,0,0,0,0
E01026118,East Midlands,E07000137,East Lindsey,829.535873413086,77.2640032789485,0,0,0,0,0,0,0,0,110.958751252851,0,0,0,0,0,0,0,0,49.4016738525617,0,0,0,2,0,0,0,100,120,0,0,0,0,0,0,0,0
E01026119,East Midlands,E07000137,East Lindsey,535.942085266113,77.2403183493497,0,0,0,0,0,0,0,0,107.348644966345,0,0,0,0,0,0,0,0,48.158984415538,0,0,0,2,0,0,0,100,120,0,0,0,0,0,0,0,0
E01026120,East Midlands,E07000137,East Lindsey,707.827903747559,71.1347507792245,0,0,0,0,0,0,0,0,109.499593090276,0,0,0,0,0,0,0,0,48.780542724061,0,0,0,2,0,0,0,100,120,0,0,0,0,0,0,0,0
E01026121,East Midlands,E07000137,East Lindsey,1179.7131652832,36.1586335457763,0,0.212669686330551,0.948416290663792,0.948416290663792,0,21.2669686330551,94.8416290663792,94.8416290663792,76.0646796729861,0,0,0,0,0,0,0,0,28.7356196681572,0,0.72850678615979,1,2.08868778879267,0,72.850678615979,100,100,120,0,0,0,0,0,0,0,0
E01026122,East Midlands,E07000138,Lincoln,777.116882324219,15.0765021500897,0.499332435117881,1,1,1.68891856432974,49.9332435117881,100,100,100,11.9045528787069,1,1,1,1,100,100,100,100,10.0276768566524,1,1,2,5,100,100,100,100,17.1257539453977,0.311081435670256,1,1,1,31.1081435670257,100,100,100
E01026123,East Midlands,E07000138,Lincoln,1046.87706756592,12.8420615902475,0.881070365190146,1,1,1,88.1070365190146,100,100,100,11.1582360842999,1,1,1,1,100,100,100,100,8.84506436085109,1,1,2,5,100,100,100,100,18.4313875328965,0.549058471352862,0.781962337396561,1,1,54.9058471352862,78.1962337396561,100,100
E01026124,East Midlands,E07000138,Lincoln,669.212799072266,15.9684806701547,0,1,1,1,0,100,100,100,11.070402788808,1,1,1,1,100,100,100,100,8.98333335649284,1,1,2,5,100,100,100,100,16.5874265146601,0,1,1,1,0,100,100,100
E01026125,East Midlands,E07000138,Lincoln,518.769622802734,10.7745599772518,0.744000000470615,1,1,1,74.4000000470615,100,100,100,9.6970001025556,1,1,1,1,100,100,100,100,8.03704007304809,1,1,2,5,100,100,100,100,10.7745599772518,0.744000000470615,1,1,1,74.4000000470615,100,100,100
E01026126,East Midlands,E07000138,Lincoln,883.983421325684,17.9926059760645,0,1,1,1.67370892839304,0,100,100,100,12.509776873703,1,1,1,1,100,100,100,100,9.79739453242286,1,1,2,5,100,100,100,100,18.3983803171452,0,1,1,1,0,100,100,100
E01026127,East Midlands,E07000138,Lincoln,662.987571716309,53.1177477497389,0,0,0,1,0,0,0,100,37.014053276841,0,0,1,1,0,0,100,100,22.8557274760714,0,1,2,5,0,100,100,100,98.5619561199188,0,0,0,0,0,0,0,0
E01026128,East Midlands,E07000138,Lincoln,1229.48396682739,56.8335525162786,0,0,0,1,0,0,0,100,39.5529958316808,0,0,1,1,0,0,100,100,23.4870799503685,0,1.77215190003023,2.94936708786138,4.70042193832307,0,100,100,100,102.778336038006,0,0,0,0,0,0,0,0
E01026129,East Midlands,E07000138,Lincoln,731.465171813965,54.07652519706,0,0,0,1,0,0,0,100,38.7667804213492,0,0,1,1,0,0,100,100,23.5449931704744,0,1,2.4382978670587,4.83262412048788,0,100,100,100,101.707731234152,0,0,0,0,0,0,0,0
E01026130,East Midlands,E07000138,Lincoln,610.073066711426,50.4106132133948,0,0,0,1,0,0,0,100,35.2447277249147,0,0,1,1,0,0,100,100,21.2055445598858,0,1,2,5,0,100,100,100,91.7644400547976,0,0,0,0,0,0,0,0
E01026131,East Midlands,E07000138,Lincoln,619.410911560059,51.0801169219436,0,0,0,1,0,0,0,100,35.3952930226549,0,0,1,1,0,0,100,100,21.9353602860172,0,1,2.2077051906079,5,0,100,100,100,93.2000329857029,0,0,0,0,0,0,0,0
E01026132,East Midlands,E07000138,Lincoln,813.430763244629,26.1697451656319,0,1,1,2,0,100,100,100,17.3882652203841,0,1,1,1,0,100,100,100,13.6671939151173,1,1,2,5,100,100,100,100,36.6086220109363,0,0,1,1,0,0,100,100
E01026133,East Midlands,E07000138,Lincoln,1032.35153198242,29.5806432318663,0,0.595979909598811,1,1.59597990959881,0,59.5979909598811,100,100,19.4120703268419,0,1,1,1,0,100,100,100,14.3889346461455,0.738693473575736,1,2,5,73.8693473575736,100,100,100,42.7797797345472,0,0,0.720603022428546,1,0,0,72.0603022428546,100
E01026134,East Midlands,E07000138,Lincoln,792.679977416992,29.8550651277924,0,0.492146587788137,1,1.17931936227931,0,49.2146587788137,100,100,20.1770545648487,0,1,1,1,0,100,100,100,15.414973840278,0.179319362279309,1,2,4.33638742364518,17.9319362279309,100,100,100,45.8148825528868,0,0,0.352094238444092,1,0,0,35.2094238444092,100
E01026135,East Midlands,E07000138,Lincoln,701.376525878906,32.5456655020531,0,0.161242599109087,1,1,0,16.1242599109087,100,100,23.5737871509798,0,1,1,1,0,100,100,100,16.3012725303694,0,1,2,4,0,100,100,100,55.2685062298473,0,0,0,0.856508878893547,0,0,0,85.6508878893547
E01026136,East Midlands,E07000138,Lincoln,639.124160766602,39.918115696402,0,0,0.777597411007748,1,0,0,77.7597411007748,100,27.0186522199623,0,1,1,1,0,100,100,100,18.2468021602972,0,1,2,4,0,100,100,100,66.5955686189709,0,0,0,0.188311693737718,0,0,0,18.8311693737718
E01026137,East Midlands,E07000138,Lincoln,482.45573425293,42.5412909894659,0,0,1,1,0,0,100,100,30.354580439639,0,0.292473114946797,1,1,0,29.2473114946797,100,100,20.2795057361248,0,1,2,4,0,100,100,100,77.3565597511427,0,0,0,0,0,0,0,0
E01026138,East Midlands,E07000138,Lincoln,641.199249267578,44.9772815378323,0,0,0.679611649561271,1,0,0,67.9611649561271,100,31.467735486642,0,0,1,1,0,0,100,100,20.8349191158633,0,1,2,3.64077670087746,0,100,100,100,82.5396447332605,0,0,0,0,0,0,0,0
E01026139,East Midlands,E07000138,Lincoln,514.619453430176,41.8377210393386,0,0,0.764112901223194,1,0,0,76.4112901223194,100,32.6178212631072,0,0,1,1,0,0,100,100,21.0451824729096,0,1,2,4,0,100,100,100,86.4149400316372,0,0,0,0,0,0,0,0
E01026140,East Midlands,E07000138,Lincoln,647.424499511719,45.0143746352029,0,0,0.607371792605598,1.19070512593893,0,0,60.7371792605598,100,32.3635106508996,0,0,1,1,0,0,100,100,21.2393109958126,0,1,2,4,0,100,100,100,85.316233141183,0,0,0,0,0,0,0,0
E01026141,East Midlands,E07000138,Lincoln,577.909355163574,39.1849192651453,0,0,1,1,0,0,100,100,29.6451702867874,0,0.448833024512218,1,1,0,44.8833024512218,100,100,19.8081328276206,0,1,2,4,0,100,100,100,77.2528026088611,0,0,0,0,0,0,0,0
E01026142,East Midlands,E07000138,Lincoln,527.069923400879,41.0464760569767,0,0,1,1,0,0,100,100,28.1505905411441,0,1,1,1,0,100,100,100,19.5338381703714,0,1,2,4,0,100,100,100,70.5082679994603,0,0,0,0,0,0,0,0
E01026143,East Midlands,E07000138,Lincoln,737.690399169922,23.7707595498339,0,1,1,2,0,100,100,100,15.0696340933429,0.414908577007252,1,1,1,41.4908577007252,100,100,100,12.2697049352313,1,1,2,5,100,100,100,100,28.2881995732337,0,0.617440228598954,1,1,0,61.7440228598954,100,100
E01026144,East Midlands,E07000138,Lincoln,651.574645996094,27.3457482251034,0,1,1,2,0,100,100,100,17.640859861031,0,1,1,1,0,100,100,100,13.6592518124569,1,1,2,5,100,100,100,100,37.6371180596507,0,0,1,1,0,0,100,100
E01026145,East Midlands,E07000138,Lincoln,642.236770629883,27.371680599713,0,1,1,1.78029079324981,0,100,100,100,15.4729081135356,0.400646201942051,1,1,1,40.0646201942051,100,100,100,12.3215186408503,1,1,2,5,100,100,100,100,30.2673672358926,0,0.400646201942051,1,1,0,40.0646201942051,100,100
E01026146,East Midlands,E07000138,Lincoln,753.253479003906,25.0786223920099,0,1,1,2,0,100,100,100,16.653691206544,0,1,1,1,0,100,100,100,13.2367214620184,1,1,2,5,100,100,100,100,34.4504406408314,0,0,1,1,0,0,100,100
E01026147,East Midlands,E07000138,Lincoln,1063.47772216797,30.9567996164483,0,0.359024387542277,1,1,0,35.9024387542277,100,100,18.5885757641974,0,1,1,1,0,100,100,100,13.4257464746239,1,1,2,5,100,100,100,100,38.7363515650376,0,0.254634141813091,0.872195129034237,1,0,25.4634141813091,87.2195129034237,100
E01026148,East Midlands,E07000138,Lincoln,971.136726379395,23.8859188546125,0,1,1,1.11752136968684,0,100,100,100,14.1135788920037,0.869658118399121,1,1,1,86.9658118399121,100,100,100,10.7516451139182,1,1,2,5,100,100,100,100,25.6984184130165,0,1,1,1,0,100,100,100
E01026149,East Midlands,E07000138,Lincoln,820.693534851074,29.3955246707481,0,0.848293300666711,1,1,0,84.8293300666711,100,100,20.1199114183814,0,1,1,1,0,100,100,100,14.3000758204426,1,1,2,5,100,100,100,100,45.5256759518105,0,0,0.384323648846779,1,0,0,38.4323648846779,100
E01026150,East Midlands,E07000138,Lincoln,794.75505065918,29.8334854221494,0,0.496083560764163,1,1,0,49.6083560764163,100,100,18.912062634832,0,1,1,1,0,100,100,100,12.7407180314738,1,1,2,5,100,100,100,100,41.713575822487,0,0,0.826370752292591,1,0,0,82.6370752292591,100
E01026151,East Midlands,E07000138,Lincoln,866.345252990723,27.7471854977334,0,0.754491017700407,1,1,0,75.4491017700407,100,100,16.5306945452985,0.306586831831539,1,1,1,30.6586831831539,100,100,100,11.970575142316,1,1,2,5,100,100,100,100,33.1967912319929,0,0.306586831831539,1,1,0,30.6586831831539,100,100
E01026152,East Midlands,E07000138,Lincoln,586.209671020508,15.5138764778795,0.299115043879227,1,1,1,29.9115043879227,100,100,100,14.6434866067555,0.773451326788648,1,1,1,77.3451326788648,100,100,100,10.4383361229938,1,1,2,5,100,100,100,100,28.3125135926282,0,1,1,1,0,100,100,100
E01026153,East Midlands,E07000138,Lincoln,1130.91777038574,15.3879909787516,0.502752300126126,1,1,1,50.2752300126126,100,100,100,14.321376109492,0.793577983012994,1,1,1,79.3577983012994,100,100,100,11.8546237954943,1,1,2,5,100,100,100,100,28.8218624180507,0,0.793577983012994,1,1,0,79.3577983012994,100,100
E01026154,East Midlands,E07000138,Lincoln,531.220085144043,15.4810548871011,0.234374999775593,1,1,1,23.4374999775593,100,100,100,12.7423630721535,1,1,1,1,100,100,100,100,9.42328110387764,1,1,2,5,100,100,100,100,21.5648049415123,0,1,1,1,0,100,100,100
E01026155,East Midlands,E07000138,Lincoln,771.929183959961,19.339072211692,0.297043016199264,1,1,1,29.7043016199264,100,100,100,16.6298258870946,0,1,1,1,0,100,100,100,12.8880108961152,1,1,2,5,100,100,100,100,36.0535216105316,0,0,1,1,0,0,100,100
E01026156,East Midlands,E07000138,Lincoln,491.793594360352,18.62147684896,0.240506329703041,1,1,1,24.0506329703041,100,100,100,13.6749157550294,1,1,1,1,100,100,100,100,9.7163081024941,1,1,2,5,100,100,100,100,22.4900633725456,0,1,1,1,0,100,100,100
E01026157,East Midlands,E07000138,Lincoln,651.574645996094,16.4371975834111,0.457006361073717,1,1,1,45.7006361073717,100,100,100,17.1108601958649,0,1,1,1,0,100,100,100,11.3848088983032,1,1,2,5,100,100,100,100,35.9068952800898,0,0,1,1,0,0,100,100
E01026158,East Midlands,E07000138,Lincoln,672.325408935547,53.2036880498229,0,0,0,1,0,0,0,100,34.3717429938421,0,0,1,1,0,0,100,100,22.4529626173997,0,1,2,4.44907406503789,0,100,100,100,86.658504204414,0,0,0,0,0,0,0,0
E01026159,East Midlands,E07000138,Lincoln,667.137710571289,55.6268118380163,0,0,0,1,0,0,0,100,35.0620210357547,0,0,1,1,0,0,100,100,22.9181336260987,0,1.18351477442342,2.18351477442342,4.20373249915711,0,100,100,100,88.9151945730036,0,0,0,0,0,0,0,0
E01026160,East Midlands,E07000138,Lincoln,628.74877166748,58.6454789808999,0,0,0,1,0,0,0,100,38.5241255325772,0,0,1,1,0,0,100,100,23.5544886675125,0,1.78382839190894,2.78382839190894,4.37953795908159,0,100,100,100,94.8348839007736,0,0,0,0,0,0,0,0
E01026161,East Midlands,E07000138,Lincoln,700.338989257813,41.9914663950238,0,0,1,1,0,0,100,100,28.0844592733371,0,1,1,1,0,100,100,100,18.9641632716217,0,1,2,4,0,100,100,100,71.7223264944865,0,0,0,0,0,0,0,0
E01026162,East Midlands,E07000138,Lincoln,644.311859130859,48.3914657879983,0,0,0.652173909954482,1,0,0,65.2173909954482,100,32.4489533207689,0,0.442834139897335,1,1,0,44.2834139897335,100,100,21.4112558833381,0,1.34782609004552,2.34782609004552,4.18035426452688,0,100,100,100,82.7637202851912,0,0,0,0,0,0,0,0
E01026163,East Midlands,E07000138,Lincoln,624.598617553711,57.7166935508605,0,0,0,1,0,0,0,100,38.4066614887396,0,0,1,1,0,0,100,100,23.6021597250234,0,2,3,5,0,100,100,100,100.860715443092,0,0,0,0,0,0,0,0
E01026164,East Midlands,E07000138,Lincoln,578.946891784668,23.5873654554623,0,1,1,1,0,100,100,100,13.7920248272715,0.767025096171146,1,1,1,76.7025096171146,100,100,100,10.0142118907075,1,1,2,5,100,100,100,100,24.2418458357591,0,0.767025096171146,1,1,0,76.7025096171146,100,100
E01026165,East Midlands,E07000138,Lincoln,741.840553283691,19.9217904630459,0,1,1,1,0,100,100,100,16.6801395995309,0,1,1,1,0,100,100,100,11.3969373100775,1,1,2,5,100,100,100,100,33.6249511181135,0,0.15524475488516,1,1,0,15.524475488516,100,100
E01026166,East Midlands,E07000138,Lincoln,557.158569335938,27.3616758089563,0,1,1,1,0,100,100,100,16.7978211583282,0,1,1,1,0,100,100,100,11.2471880302467,1,1,2,5,100,100,100,100,34.8297204001843,0,0,1,1,0,0,100,100
E01026167,East Midlands,E07000138,Lincoln,804.092910766602,14.8948643976168,0.531612899344826,1,1,1.16645161028326,53.1612899344826,100,100,100,11.2148643667772,1,1,1,1,100,100,100,100,9.04069696646193,1,1,2,5,100,100,100,100,16.3274835438055,0.365161289061568,1,1,1,36.5161289061568,100,100,100
E01026168,East Midlands,E07000138,Lincoln,639.124160766602,28.6164127144778,0,0.8116883062622819,1,1,0,81.1688306262282,100,100,18.947192059685,0,1,1,1,0,100,100,100,12.1770779896506,1,1,2,5,100,100,100,100,40.7560224157956,0,0,1,1,0,0,100,100
E01026169,East Midlands,E07000138,Lincoln,780.229499816895,46.9572073766089,0,0,0.340425536908118,1,0,0,34.0425536908118,100,30.7192686633849,0,0.340425536908118,1,1,0,34.0425536908118,100,100,19.9976869065802,0,1,2,4,0,100,100,100,80.3951340469357,0,0,0,0,0,0,0,0
E01026170,East Midlands,E07000138,Lincoln,613.185668945313,40.914061007613,0,0,0.747884946041551,1,0,0,74.7884946041551,100,28.4612179750172,0,1,1,1,0,100,100,100,18.5916245724294,0,1,2,4,0,100,100,100,70.2863942303016,0,0,0,0,0,0,0,0
E01026171,East Midlands,E07000138,Lincoln,692.03865814209,49.7800900931709,0,0,0,1,0,0,0,100,32.0473164052467,0,0,1,1,0,0,100,100,21.650465175966,0,1,2,4,0,100,100,100,84.6454703629962,0,0,0,0,0,0,0,0
E01026172,East Midlands,E07000138,Lincoln,596.585060119629,37.4404690909357,0,0,1,1,0,0,100,100,26.3875132154373,0,1,1,1,0,100,100,100,17.5927999472154,0,1,2,4,0,100,100,100,65.9296182732372,0,0,0,0,0,0,0,0
E01026173,East Midlands,E07000138,Lincoln,723.164848327637,41.0915063136157,0,0,1,1,0,0,100,100,27.5929268748619,0,1,1,1,0,100,100,100,18.3742897877897,0,1,2,4,0,100,100,100,69.4634859165097,0,0,0,0,0,0,0,0
E01026174,East Midlands,E07000138,Lincoln,626.673698425293,31.4887248308321,0,0.225165555496374,1,1,0,22.5165555496374,100,100,21.780679199244,0,1,1,1,0,100,100,100,16.3158279927003,0,1,2,4,0,100,100,100,50.9715561179579,0,0,0.225165555496374,1,0,0,22.5165555496374,100
E01026175,East Midlands,E07000138,Lincoln,916.14714050293,33.7917891579298,0,0,1,1,0,0,100,100,24.3879616635074,0,1,1,1,0,100,100,100,17.4041448291857,0,1,2,4,0,100,100,100,59.8697398677764,0,0,0,0.490373725160961,0,0,0,49.0373725160961
E01026176,East Midlands,E07000138,Lincoln,923.40991973877,21.7867075573419,0,1,1,2,0,100,100,100,16.5082812791309,0,1,1,1,0,100,100,100,13.6910335566571,1,1,2,5,100,100,100,100,33.8866403938665,0,0.178651697879387,1,1,0,17.8651697879387,100,100
E01026177,East Midlands,E07000138,Lincoln,806.167984008789,23.5854053796953,0,1,1,2,0,100,100,100,17.0831790487546,0,1,1,1,0,100,100,100,14.0340412170715,1,1,2,5,100,100,100,100,35.6711453119628,0,0,1,1,0,0,100,100
E01026178,East Midlands,E07000138,Lincoln,799.942741394043,27.5462386521264,0,1,1,1.82749675143356,0,100,100,100,18.328508124578,0,1,1,1,0,100,100,100,14.3896108215689,0.827496751433559,1,2,4.82749675143356,82.7496751433558,100,100,100,39.7987288376026,0,0,1,1,0,0,100,100
E01026179,East Midlands,E07000139,North Kesteven,481.477584838867,58.8566813143306,0,0,0,0.736842120274963,0,0,0,73.6842120274963,84.3042109624081,0,0,0,0,0,0,0,0,38.7624716190332,0,0,2.33638443036669,4,0,0,100,100,120,0,0,0,0,0,0,0,0
E01026180,East Midlands,E07000139,North Kesteven,665.474723815918,76.8573689811476,0,0,0,0,0,0,0,0,91.8012244859964,0,0,0,0,0,0,0,0,42.1724500854319,0,0,1.43211920311519,4,0,0,100,100,120,0,0,0,0,0,0,0,0
E01026182,East Midlands,E07000139,North Kesteven,637.930252075195,67.0754901181878,0,0,0,0,0,0,0,0,63.1715385570603,0,0,0,0,0,0,0,0,28.6207945072577,0,1,3,4,0,100,100,100,120,0,0,0,0,0,0,0,0
E01026183,East Midlands,E07000139,North Kesteven,1207.55017852783,120,0,0,0,0,0,0,0,0,107.515054438625,0,0,0,0,0,0,0,0,49.8854835750775,0,0,0,3.85127736693046,0,0,0,100,120,0,0,0,0,0,0,0,0
E01026184,East Midlands,E07000139,North Kesteven,559.703887939453,48.3156679642833,0,0,0,1,0,0,0,100,41.1033667149066,0,0,1,1,0,0,100,100,25.478228436382,0,1,2,4.38779528632372,0,100,100,100,114.688288476786,0,0,0,0,0,0,0,0
E01026185,East Midlands,E07000139,North Kesteven,892.441268920898,49.3926172508292,0,0,0,1,0,0,0,100,41.8421350331277,0,0,1,1,0,0,100,100,25.4311476849024,0,1,2.17037036809066,4.84074074473023,0,100,100,100,116.380679814347,0,0,0,0,0,0,0,0
E01026186,East Midlands,E07000139,North Kesteven,760.227722167969,43.8630140981678,0,0,0.623188411033103,1,0,0,62.3188411033103,100,29.9082468605277,0,0.613043472675801,1,1,0,61.3043472675801,100,100,20.9135357825122,0,1,2,3.42898551178425,0,100,100,100,77.2881720421795,0,0,0,0,0,0,0,0
E01026187,East Midlands,E07000139,North Kesteven,826.334518432617,48.316546647999,0,0,0.315999995494386,1,0,0,31.5999995494386,100,29.6061334759674,0,0.684000004505614,1,1,0,68.4000004505614,100,100,20.9473600407749,0,1,2,3.54133333200381,0,100,100,100,77.3661873258215,0,0,0,0,0,0,0,0
E01026188,East Midlands,E07000139,North Kesteven,1146.95230102539,44.8088281520722,0,0,0.539865516983286,1,0,0,53.9865516983286,100,32.0416049333862,0,0.143131611025558,1,1,0,14.3131611025558,100,100,23.3280978840306,0,1,2,4,0,100,100,100,84.5664738822632,0,0,0,0,0,0,0,0
E01026189,East Midlands,E07000139,North Kesteven,891.339508056641,43.2382576450681,0,0,0.698393075757856,1,0,0,69.8393075757856,100,34.8108292930593,0,0,1,1,0,0,100,100,21.4440052065797,0,1,1.32014833015166,3,0,100,100,100,95.0095068128301,0,0,0,0,0,0,0,0
E01026190,East Midlands,E07000139,North Kesteven,711.749420166016,49.2942257275566,0,0,0.222910219505926,1,0,0,22.2910219505926,100,38.6347673479303,0,0,1,1,0,0,100,100,22.918545232467,0,1,1.45510835946499,3,0,100,100,100,106.424272317831,0,0,0,0,0,0,0,0
E01026191,East Midlands,E07000139,North Kesteven,767.94017791748,53.42982770172,0,0,0,1,0,0,0,100,47.5538870847944,0,0,0.380200854489208,1,0,0,38.0200854489208,100,26.6082496362683,0,1,1.20946914402205,3,0,100,100,100,116.045208080625,0,0,0,0,0,0,0,0
E01026192,East Midlands,E07000139,North Kesteven,546.482559204102,74.5410486139393,0,0,0,0.346774182064412,0,0,0,34.6774182064412,50.2472190922466,0,0,0.368951620165151,1,0,0,36.8951620165151,100,19.1501812161596,0,1,3.36895162016515,8.10685486049545,0,100,100,100,117.037318940454,0,0,0,0,0,0,0,0
E01026193,East Midlands,E07000139,North Kesteven,677.594306945801,79.746373190988,0,0,0,0,0,0,0,0,56.9896748099906,0,0,0,1,0,0,0,100,24.3733818307732,0,1,3.35447153889345,5.95447154339726,0,100,100,100,120,0,0,0,0,0,0,0,0
E01026194,East Midlands,E07000139,North Kesteven,884.728820800781,54.3080579201975,0,0,0,1.30136984175045,0,0,0,100,68.5532485928214,0,0,0,0,0,0,0,0,31.9849938221927,0,0,3,5,0,0,100,100,120,0,0,0,0,0,0,0,0
E01026195,East Midlands,E07000139,North Kesteven,896.84838104248,55.5675804412421,0,0,0,1.53562652950241,0,0,0,88.4520881197552,58.9724448943474,0,0,0,0.55651106601077,0,0,0,55.651106601077,30.3375430144276,0,0.348894351695145,3,5,0,34.8894351695145,100,100,120,0,0,0,0,0,0,0,0
E01026196,East Midlands,E07000139,North Kesteven,717.258361816406,45.6980795673009,0,0,0.268817202242323,1.29800306954965,0,0,26.8817202242323,100,73.5284034222355,0,0,0,0,0,0,0,0,27.3333180687781,0,1,3,5.26881720224232,0,100,100,100,120,0,0,0,0,0,0,0,0
E01026197,East Midlands,E07000139,North Kesteven,666.576507568359,85.329123148929,0,0,0,0,0,0,0,0,87.4285960554169,0,0,0,0,0,0,0,0,32.5263967609157,0,0,3.2049586952044,5,0,0,100,100,120,0,0,0,0,0,0,0,0
E01026198,East Midlands,E07000139,North Kesteven,491.393585205078,93.2256946979233,0,0,0,0,0,0,0,0,82.3293720026497,0,0,0,0,0,0,0,0,30.2056949803057,0,0.356502257330385,3,5,0,35.6502257330385,100,100,120,0,0,0,0,0,0,0,0
E01026199,East Midlands,E07000139,North Kesteven,1051.0975189209,76.5151456829489,0,0,0,0.259958074596129,0,0,0,25.9958074596129,59.5463303458753,0,0,0,0.556603773721859,0,0,0,55.6603773721859,28.0457546349659,0,1.42243186940408,3.11320756196072,4.73794551004027,0,100,100,100,120,0,0,0,0,0,0,0,0
E01026200,East Midlands,E07000139,North Kesteven,766.838439941406,77.3847561832013,0,0,0,0,0,0,0,0,88.9110635246444,0,0,0,0,0,0,0,0,34.8136490514156,0,0,3,4,0,0,100,100,120,0,0,0,0,0,0,0,0
E01026201,East Midlands,E07000139,North Kesteven,945.32666015625,78.4211175045041,0,0,0,0,0,0,0,0,96.9222477587638,0,0,0,0,0,0,0,0,39.0260025161444,0,0,2.09207459896004,4,0,0,100,100,120,0,0,0,0,0,0,0,0
E01026202,East Midlands,E07000139,North Kesteven,938.71598815918,72.0422903557857,0,0,0,0,0,0,0,0,92.0634376576873,0,0,0,0,0,0,0,0,36.228450858045,0,0,3,4,0,0,100,100,120,0,0,0,0,0,0,0,0
E01026203,East Midlands,E07000139,North Kesteven,883.627029418945,39.0860478059305,0,0,1,1,0,0,100,100,30.4902877451846,0,0.184538650136841,1,1,0,18.4538650136841,100,100,19.4856236280457,0,1,1.18453865013684,3.33915213150008,0,100,100,100,66.5026416660917,0,0,0,0.184538650136841,0,0,0,18.4538650136841
E01026204,East Midlands,E07000139,North Kesteven,813.113151550293,41.6261921807298,0,0,1,1,0,0,100,100,37.3610831056943,0,0,1,1,0,0,100,100,22.517601735785,0,1,1,3,0,100,100,100,82.7407730902441,0,0,0,0,0,0,0,0
E01026205,East Midlands,E07000139,North Kesteven,732.683288574219,42.5026304039712,0,0,0.804511273184746,1,0,0,80.4511273184746,100,38.6837884686233,0,0,1,1,0,0,100,100,23.0889769675882,0,1,1,3,0,100,100,100,89.2716694505484,0,0,0,0,0,0,0,0
E01026206,East Midlands,E07000139,North Kesteven,859.387878417969,43.3889621496612,0,0,0.685897427247362,1,0,0,68.5897427247362,100,38.2563331406365,0,0,1,1,0,0,100,100,23.086282111457,0,1,1,3,0,100,100,100,89.3000375454444,0,0,0,0,0,0,0,0
E01026207,East Midlands,E07000139,North Kesteven,576.230590820313,120,0,0,0,0,0,0,0,0,106.812889529009,0,0,0,0,0,0,0,0,42.4866734044009,0,0,0.961759087686191,3.69598468884845,0,0,63.2887199418873,100,120,0,0,0,0,0,0,0,0
E01026208,East Midlands,E07000139,North Kesteven,729.377914428711,92.3417984129463,0,0,0,0,0,0,0,0,91.5818284492405,0,0,0,0,0,0,0,0,35.8336250977839,0,0,3,4,0,0,100,100,120,0,0,0,0,0,0,0,0
E01026209,East Midlands,E07000139,North Kesteven,1058.80994415283,70.0580440066218,0,0,0.177939645729496,0.242455781037626,0,0,17.7939645729496,24.2455781037626,84.1436520202137,0,0,0,0,0,0,0,0,32.6665242246962,0,0.177939645729496,3.51508843792475,4.24245578103763,0,17.7939645729496,100,100,120,0,0,0,0,0,0,0,0
E01026210,East Midlands,E07000139,North Kesteven,1054.40283966064,98.3692797226722,0,0,0,0.0616509929123014,0,0,0,6.16509929123014,96.9318814620025,0,0,0,0,0,0,0,0,45.029989353958,0,0,0.601880879466824,3.70114943277261,0,0,60.1880879466824,100,120,0,0,0,0,0,0,0,0
E01026211,East Midlands,E07000139,North Kesteven,821.927383422852,59.6822388979239,0,0,0,0.416890090607157,0,0,0,41.6890090607157,61.3224930038505,0,0,0,0.226541562997828,0,0,0,22.6541562997828,31.7975593672727,0,0.226541562997828,1,3.19034852760933,0,22.6541562997828,100,100,120,0,0,0,0,0,0,0,0
E01026212,East Midlands,E07000139,North Kesteven,730.479705810547,54.9405732131316,0,0,0,1,0,0,0,100,66.9686590889018,0,0,0,0,0,0,0,0,34.0571056117566,0,0,1,3.38612367904409,0,0,100,100,120,0,0,0,0,0,0,0,0
E01026213,East Midlands,E07000139,North Kesteven,874.812805175781,50.9067126625234,0,0,0,1,0,0,0,100,67.9699768131805,0,0,0,0,0,0,0,0,34.4129992170622,0,0,1,3.5415617131539,0,0,100,100,120,0,0,0,0,0,0,0,0
E01026214,East Midlands,E07000139,North Kesteven,565.212799072266,47.1684988713002,0,0,0,2,0,0,0,100,35.4963345614645,0,0,1,1,0,0,100,100,22.1579720802614,0,1,2.51851851851852,4,0,100,100,100,96.487640509461,0,0,0,0,0,0,0,0
E01026215,East Midlands,E07000139,North Kesteven,511.225624084473,45.2841385439261,0,0,0.499999992538134,1.24137930211104,0,0,49.9999992538134,100,34.1745692696787,0,0,1,1,0,0,100,100,22.2146339121288,0,1,2,4,0,100,100,100,91.3971960270311,0,0,0,0,0,0,0,0
E01026218,East Midlands,E07000139,North Kesteven,622.505325317383,46.3889912736943,0,0,0.265486711130112,2,0,0,26.5486711130112,100,39.7687615714637,0,0,1,1,0,0,100,100,24.3669557061186,0,1.52389377238136,2.74336282057859,4.51681412250249,0,100,100,100,111.174991571894,0,0,0,0,0,0,0,0
E01026219,East Midlands,E07000139,North Kesteven,557.500350952148,49.1885575220661,0,0,0,1.75691699631789,0,0,0,100,37.0951176785588,0,0,1,1,0,0,100,100,23.0566207470195,0,1,2.50395257127951,4,0,100,100,100,101.569406645343,0,0,0,0,0,0,0,0
E01026220,East Midlands,E07000139,North Kesteven,1122.71312713623,49.0941604738316,0,0,0.135426890280675,1.52796860045127,0,0,13.5426890280675,100,37.1063695463028,0,0,1,1,0,0,100,100,22.9823258644936,0,1,2,4,0,100,100,100,101.946605258573,0,0,0,0,0,0,0,0
E01026221,East Midlands,E07000139,North Kesteven,1144.74875640869,95.4660830011781,0,0,0.18094321598933,0.18094321598933,0,0,18.094321598933,18.094321598933,74.2689410889676,0,0,0,0.18094321598933,0,0,0,18.094321598933,32.4304910537312,0,0.18094321598933,1.57651588569629,4.45813281311081,0,18.094321598933,100,100,120,0,0,0,0,0,0,0,0
E01026222,East Midlands,E07000139,North Kesteven,900.153701782227,59.248959467523,0,0,0,0.580171355081181,0,0,0,58.0171355081181,102.891236898277,0,0,0,0,0,0,0,0,38.0450556502783,0,0,3.60832313302072,4,0,0,100,100,120,0,0,0,0,0,0,0,0
E01026223,East Midlands,E07000139,North Kesteven,990.499649047852,69.5069194490539,0,0,0,0,0,0,0,0,103.459510237311,0,0,0,0,0,0,0,0,39.4370073431106,0,0,3.17575082550386,4,0,0,100,100,120,0,0,0,0,0,0,0,0
E01026224,East Midlands,E07000139,North Kesteven,840.657638549805,61.5369199898577,0,0,0,0.230668411656807,0,0,0,23.0668411656807,105.10736694653,0,0,0,0,0,0,0,0,39.1454522326769,0,0,2.95150720489096,4,0,0,100,100,120,0,0,0,0,0,0,0,0
E01026225,East Midlands,E07000139,North Kesteven,747.00638961792,55.7132304473556,0,0,0,1,0,0,0,100,42.0404730857676,0,0,1,1,0,0,100,100,21.8255460066311,0,1,2,5,0,100,100,100,103.809957761036,0,0,0,0,0,0,0,0
E01026226,East Midlands,E07000139,North Kesteven,894.644821166992,53.2534842456863,0,0,0,1,0,0,0,100,39.5600120107801,0,0,1,1,0,0,100,100,21.0849626245577,0,1,2,5,0,100,100,100,101.74114611288,0,0,0,0,0,0,0,0
E01026227,East Midlands,E07000139,North Kesteven,828.538070678711,53.5412770288081,0,0,0,1,0,0,0,100,79.1952919417642,0,0,0,0,0,0,0,0,30.9276193652711,0,0,2.77393616918418,4,0,0,100,100,120,0,0,0,0,0,0,0,0
E01026228,East Midlands,E07000139,North Kesteven,680.899627685547,52.898365132993,0,0,0,1,0,0,0,100,77.3315195823631,0,0,0,0,0,0,0,0,30.1795632196031,0,0.406148894220118,2.17799352438958,4,0,40.6148894220118,100,100,120,0,0,0,0,0,0,0,0
E01026229,East Midlands,E07000139,North Kesteven,676.49250793457,83.8622462572207,0,0,0,0,0,0,0,0,84.8243165405009,0,0,0,0,0,0,0,0,33.5386478489726,0,0,3.46091206435026,4,0,0,100,100,120,0,0,0,0,0,0,0,0
E01026230,East Midlands,E07000139,North Kesteven,588.350173950195,74.6086505295369,0,0,0,0,0,0,0,0,85.8977147697874,0,0,0,0,0,0,0,0,33.8861246859992,0,0,3,4,0,0,100,100,120,0,0,0,0,0,0,0,0
E01026231,East Midlands,E07000139,North Kesteven,1202.04124450684,55.1014119478803,0,0,0,1,0,0,0,100,80.1012905700406,0,0,0,0,0,0,0,0,31.564326111126,0,0,2,4,0,0,100,100,120,0,0,0,0,0,0,0,0
E01026232,East Midlands,E07000139,North Kesteven,1118.30602264404,62.3722162113963,0,0,0,0.28078819169021,0,0,0,28.078819169021,83.522296135245,0,0,0,0,0,0,0,0,33.300038994421,0,0,3,4,0,0,100,100,120,0,0,0,0,0,0,0,0
E01026233,East Midlands,E07000139,North Kesteven,796.586463928223,52.0481597878069,0,0,0,1,0,0,0,100,76.1514103896503,0,0,0,0,0,0,0,0,29.929875045725,0,0.663900419825917,2.14384509112191,4,0,66.3900419825917,100,100,120,0,0,0,0,0,0,0,0
E01026234,East Midlands,E07000139,North Kesteven,1157.97007751465,51.9323018924357,0,0,0,1,0,0,0,100,73.3712270480633,0,0,0,0,0,0,0,0,28.8916652049615,0,0.730732629103134,2.30827782893235,4,0,73.0732629103134,100,100,120,0,0,0,0,0,0,0,0
E01026235,East Midlands,E07000139,North Kesteven,805.40071105957,61.8954576017554,0,0,0,0.393980846883264,0,0,0,39.3980846883264,82.1892070706676,0,0,0,0,0,0,0,0,32.0664701655896,0,0,3.16142270822957,4,0,0,100,100,120,0,0,0,0,0,0,0,0
E01026236,East Midlands,E07000139,North Kesteven,577.332374572754,68.0561059739378,0,0,0,0,0,0,0,0,83.7284726249402,0,0,0,0,0,0,0,0,32.9138159061271,0,0,3.32824426764688,4,0,0,100,100,120,0,0,0,0,0,0,0,0
E01026237,East Midlands,E07000139,North Kesteven,542.075439453125,45.73672699637,0,0,0.245934943101082,1.25203254252387,0,0,24.5934943101082,100,34.5978865386338,0,0,1,1,0,0,100,100,22.0250209304131,0,1,2,4,0,100,100,100,92.7860386298974,0,0,0,0,0,0,0,0
E01026238,East Midlands,E07000139,North Kesteven,579.535949707031,48.5421288974453,0,0,0,1,0,0,0,100,37.2978321460025,0,0,1,1,0,0,100,100,23.5252094300927,0,1,2,4,0,100,100,100,101.343269186611,0,0,0,0,0,0,0,0
E01026239,East Midlands,E07000140,South Holland,826.917282104492,80.9961565387238,0,0,0,0,0,0,0,0,63.0104134514251,0,0,0,0,0,0,0,0,23.6353339460241,0,1,1,4,0,100,100,100,120,0,0,0,0,0,0,0,0
E01026240,East Midlands,E07000140,South Holland,1024.61217498779,80.319688431122,0,0,0,0,0,0,0,0,61.9186296478252,0,0,0,0.41390041295264,0,0,0,41.390041295264,23.1427900629795,0,1,1.14004149444794,4,0,100,100,100,120,0,0,0,0,0,0,0,0
E01026241,East Midlands,E07000140,South Holland,820.5400390625,85.0015938145328,0,0,0,0,0,0,0,0,89.435568415893,0,0,0,0,0,0,0,0,34.7753618381099,0,0,1.31476683774025,2.98704663617116,0,0,100,100,120,0,0,0,0,0,0,0,0
E01026242,East Midlands,E07000140,South Holland,660.045822143555,70.123237026102,0,0,0,0,0,0,0,0,80.9539765555849,0,0,0,0,0,0,0,0,32.9476002555007,0,0,1,4.84219001777826,0,0,100,100,120,0,0,0,0,0,0,0,0
E01026243,East Midlands,E07000140,South Holland,605.839141845703,65.4945267442684,0,0,0,0,0,0,0,0,80.2575106720033,0,0,0,0,0,0,0,0,32.3412455869594,0,0,1,5,0,0,100,100,120,0,0,0,0,0,0,0,0
E01026244,East Midlands,E07000140,South Holland,579.267250061035,94.3930996947003,0,0,0,0,0,0,0,0,86.4241841078785,0,0,0,0,0,0,0,0,36.7949899518966,0,0,1,3.17981651724145,0,0,100,100,120,0,0,0,0,0,0,0,0
E01026245,East Midlands,E07000140,South Holland,991.663024902344,95.8560774981095,0,0,0,0,0,0,0,0,113.299721176147,0,0,0,0,0,0,0,0,37.5559161849552,0,0,1.67845659925919,3,0,0,83.9228299629596,100,120,0,0,0,0,0,0,0,0
E01026246,East Midlands,E07000140,South Holland,1010.79479980469,113.471336253974,0,0,0,0,0,0,0,0,117.027876175755,0,0,0,0,0,0,0,0,38.0138269771201,0,0,1.69821240283265,2.69821240283265,0,0,100,100,120,0,0,0,0,0,0,0,0
E01026247,East Midlands,E07000140,South Holland,866.243682861328,79.2557923203322,0,0,0,0,0,0,0,0,81.3719637664409,0,0,0,0,0,0,0,0,34.3821337282294,0,0,1,3.83803680899464,0,0,100,100,120,0,0,0,0,0,0,0,0
E01026248,East Midlands,E07000140,South Holland,948.085117340088,108.180526224327,0,0,0,0,0,0,0,0,101.274776354749,0,0,0,0,0,0,0,0,37.2368942082269,0,0,1.71973094716203,2.82847533740996,0,0,100,100,120,0,0,0,0,0,0,0,0
E01026249,East Midlands,E07000140,South Holland,821.602928161621,118.038796591752,0,0,0,0,0,0,0,0,99.723297646095,0,0,0,0,0,0,0,0,36.0126392275389,0,0,1.25743855190448,3.46959896299292,0,0,100,100,120,0,0,0,0,0,0,0,0
E01026250,East Midlands,E07000140,South Holland,893.878479003906,99.3210106532791,0,0,0,0,0,0,0,0,103.695756149151,0,0,0,0,0,0,0,0,36.5283822633278,0,0,2,3,0,0,100,100,120,0,0,0,0,0,0,0,0
E01026251,East Midlands,E07000140,South Holland,841.797561645508,95.6448221969146,0,0,0,0,0,0,0,0,103.292096752385,0,0,0,0,0,0,0,0,36.3369451296156,0,0,2,3,0,0,100,100,120,0,0,0,0,0,0,0,0
E01026252,East Midlands,E07000140,South Holland,827.980163574219,96.4351740605808,0,0,0,0,0,0,0,0,100.925094988541,0,0,0,0,0,0,0,0,35.4256610389362,0,0,2,3,0,0,100,100,120,0,0,0,0,0,0,0,0
E01026253,East Midlands,E07000140,South Holland,847.111938476563,104.18646105287,0,0,0,0,0,0,0,0,105.716085597972,0,0,0,0,0,0,0,0,37.3559974030419,0,0,2,3,0,0,100,100,120,0,0,0,0,0,0,0,0
E01026254,East Midlands,E07000140,South Holland,887.501205444336,114.249603871741,0,0,0,0,0,0,0,0,105.203606784558,0,0,0,0,0,0,0,0,33.0084325918735,0,0,1.4562874283618,3,0,0,100,100,120,0,0,0,0,0,0,0,0
E01026255,East Midlands,E07000140,South Holland,918.324600219727,97.4068869257475,0,0,0,0,0,0,0,0,101.910346753554,0,0,0,0,0,0,0,0,31.5406133766912,0,0,2,3,0,0,100,100,120,0,0,0,0,0,0,0,0
E01026256,East Midlands,E07000140,South Holland,731.258480072021,107.463822687632,0,0,0,0,0,0,0,0,105.679884302416,0,0,0,0,0,0,0,0,33.3942149623098,0,0,1.92732557798332,3,0,0,100,100,120,0,0,0,0,0,0,0,0
E01026257,East Midlands,E07000140,South Holland,909.821594238281,105.510548324839,0,0,0,0,0,0,0,0,106.140537441199,0,0,0,0,0,0,0,0,33.1277330177362,0,0,2,3,0,0,100,100,120,0,0,0,0,0,0,0,0
E01026258,East Midlands,E07000140,South Holland,793.968147277832,90.2581787065591,0,0,0,0,0,0,0,0,100.103817557195,0,0,0,0,0,0,0,0,36.3721284392296,0,0,2,3,0,0,100,100,120,0,0,0,0,0,0,0,0
E01026259,East Midlands,E07000140,South Holland,747.201614379883,105.565675559449,0,0,0,0,0,0,0,0,111.228390547611,0,0,0,0,0,0,0,0,40.9710529125622,0,0,1.3413940319517,2,0,0,100,100,120,0,0,0,0,0,0,0,0
E01026260,East Midlands,E07000140,South Holland,910.884475708008,86.4956350772797,0,0,0,0,0,0,0,0,97.3097077175794,0,0,0,0,0,0,0,0,35.4239681180332,0,0,2,3,0,0,100,100,120,0,0,0,0,0,0,0,0
E01026262,East Midlands,E07000140,South Holland,678.114700317383,82.9764260916268,0,0,0,0,0,0,0,0,113.868337909697,0,0,0,0,0,0,0,0,38.5557369999495,0,0,2,3,0,0,100,100,120,0,0,0,0,0,0,0,0
E01026263,East Midlands,E07000140,South Holland,855.614944458008,79.2301606189531,0,0,0,0,0,0,0,0,113.887652280799,0,0,0,0,0,0,0,0,37.7485342402963,0,0,2,3,0,0,100,100,120,0,0,0,0,0,0,0,0
E01026264,East Midlands,E07000140,South Holland,675.988945007324,71.5386472279407,0,0,0,0,0,0,0,0,111.354290969817,0,0,0,0,0,0,0,0,37.2960533224964,0,0,2,3.21540880064826,0,0,100,100,120,0,0,0,0,0,0,0,0
E01026265,East Midlands,E07000140,South Holland,543.129486083984,82.8468684290031,0,0,0,0,0,0,0,0,109.222290082943,0,0,0,0,0,0,0,0,35.0841291806949,0,0,2,4,0,0,100,100,120,0,0,0,0,0,0,0,0
E01026266,East Midlands,E07000140,South Holland,976.782791137695,66.5188469011941,0,0,0,0,0,0,0,0,108.696799884264,0,0,0,0,0,0,0,0,35.6306845732058,0,0,2,4,0,0,100,100,120,0,0,0,0,0,0,0,0
E01026267,East Midlands,E07000140,South Holland,1251.00470733643,74.5707385985855,0,0,0,0,0,0,0,0,111.858028862433,0,0,0,0,0,0,0,0,35.8412147283029,0,0,2,3.86745964420724,0,0,100,100,120,0,0,0,0,0,0,0,0
E01026268,East Midlands,E07000140,South Holland,927.890480041504,79.4593814338529,0,0,0,0,0,0,0,0,109.976151324464,0,0,0,0,0,0,0,0,35.1632412487223,0,0,2,4,0,0,100,100,120,0,0,0,0,0,0,0,0
E01026269,East Midlands,E07000140,South Holland,983.160018920898,78.4954054649874,0,0,0,0,0,0,0,0,108.694713556895,0,0,0,0,0,0,0,0,36.1180440374816,0,0,2,4,0,0,100,100,120,0,0,0,0,0,0,0,0
E01026270,East Midlands,E07000140,South Holland,790.779495239258,83.3917605226066,0,0,0,0,0,0,0,0,103.770013723823,0,0,0,0,0,0,0,0,36.5790998295783,0,0,2,3.4489247320646,0,0,100,100,120,0,0,0,0,0,0,0,0
E01026271,East Midlands,E07000140,South Holland,803.534027099609,79.8320241446771,0,0,0,0,0,0,0,0,104.15869039202,0,0,0,0,0,0,0,0,37.2252375171071,0,0,2,3.18518518448187,0,0,100,100,120,0,0,0,0,0,0,0,0
E01026272,East Midlands,E07000140,South Holland,594.147521972656,72.5188564616607,0,0,0,0,0,0,0,0,105.445705437735,0,0,0,0,0,0,0,0,36.1478166240515,0,0,2,4,0,0,100,100,120,0,0,0,0,0,0,0,0
E01026273,East Midlands,E07000140,South Holland,761.019012451172,72.3532549016601,0,0,0,0,0,0,0,0,107.110614294794,0,0,0,0,0,0,0,0,38.3699721918733,0,0,2,3,0,0,100,100,120,0,0,0,0,0,0,0,0
E01026274,East Midlands,E07000140,South Holland,802.471160888672,78.9138278856253,0,0,0,0,0,0,0,0,108.989894848659,0,0,0,0,0,0,0,0,39.5436960811634,0,0,2,3,0,0,100,100,120,0,0,0,0,0,0,0,0
E01026275,East Midlands,E07000140,South Holland,913.010231018066,69.4683103817742,0,0,0,0,0,0,0,0,109.176740055479,0,0,0,0,0,0,0,0,37.8118736609479,0,0,2,3,0,0,100,100,120,0,0,0,0,0,0,0,0
E01026276,East Midlands,E07000140,South Holland,1033.11518859863,103.964260963016,0,0,0,0,0,0,0,0,88.3750704209502,0,0,0,0,0,0,0,0,34.5273972700661,0,0.148148153618403,1.5792181006899,3.1316872476608,0,14.8148153618403,100,100,120,0,0,0,0,0,0,0,0
E01026277,East Midlands,E07000140,South Holland,748.264495849609,85.2769474998168,0,0,0,0,0,0,0,0,84.8001853011418,0,0,0,0,0,0,0,0,26.8001132923736,0,1,1,3,0,100,100,100,120,0,0,0,0,0,0,0,0
E01026278,East Midlands,E07000140,South Holland,647.291309356689,93.6665183537719,0,0,0,0,0,0,0,0,85.9818062415304,0,0,0,0,0,0,0,0,27.9963216856881,0,0.7898193868936,1,2.20197045284294,0,78.98193868936,100,100,120,0,0,0,0,0,0,0,0
E01026279,East Midlands,E07000140,South Holland,652.605682373047,89.4584673494909,0,0,0,0,0,0,0,0,87.1317728409196,0,0,0,0,0,0,0,0,27.6802281056408,0,1,1,3,0,100,100,100,120,0,0,0,0,0,0,0,0
E01026280,East Midlands,E07000140,South Holland,1084.13321685791,120,0,0,0,0,0,0,0,0,110.976059102266,0,0,0,0,0,0,0,0,39.2298634001087,0,0,1,3.28137254154763,0,0,100,100,120,0,0,0,0,0,0,0,0
E01026281,East Midlands,E07000140,South Holland,571.827117919922,101.134703245898,0,0,0,0,0,0,0,0,109.135484409831,0,0,0,0,0,0,0,0,36.5934386597804,0,0,2,3.52230484739506,0,0,100,100,120,0,0,0,0,0,0,0,0
E01026282,East Midlands,E07000140,South Holland,757.830390930176,103.224194202339,0,0,0,0,0,0,0,0,105.415189590772,0,0,0,0,0,0,0,0,37.618653207663,0,0,1.61009817291987,3.38990182708013,0,0,100,100,120,0,0,0,0,0,0,0,0
E01026283,East Midlands,E07000140,South Holland,771.647796630859,107.787424254976,0,0,0,0,0,0,0,0,94.7112386119512,0,0,0,0,0,0,0,0,36.7242834488884,0,0,2,3,0,0,100,100,120,0,0,0,0,0,0,0,0
E01026284,East Midlands,E07000140,South Holland,830.10591506958,106.319884779166,0,0,0,0,0,0,0,0,99.3365692926338,0,0,0,0,0,0,0,0,31.450602498564,0,0,1.81562098897562,4,0,0,100,100,120,0,0,0,0,0,0,0,0
E01026285,East Midlands,E07000140,South Holland,647.291305541992,104.971675184429,0,0,0,0,0,0,0,0,110.619376202851,0,0,0,0,0,0,0,0,39.6448770400689,0,0,2.5632184035396,3,0,0,100,100,120,0,0,0,0,0,0,0,0
E01026286,East Midlands,E07000140,South Holland,529.312118530273,85.2850989595141,0,0,0,0,0,0,0,0,98.6298810157359,0,0,0,0,0,0,0,0,35.6694376238503,0,0,2.38152611437419,3,0,0,100,100,120,0,0,0,0,0,0,0,0
E01026287,East Midlands,E07000141,South Kesteven,674.138053894043,79.6655702743828,0,0,0,0,0,0,0,0,82.1455073208556,0,0,0,0,0,0,0,0,29.5877048572681,0,0.804173358985937,3,6,0,80.4173358985936,100,100,120,0,0,0,0,0,0,0,0
E01026288,East Midlands,E07000141,South Kesteven,805.070182800293,70.5192076069921,0,0,0,0,0,0,0,0,79.8214524829472,0,0,0,0,0,0,0,0,28.6377962453023,0,1,3,6,0,100,100,100,120,0,0,0,0,0,0,0,0
E01026289,East Midlands,E07000141,South Kesteven,928.427703857422,80.55941732267,0,0,0,0,0,0,0,0,82.0829018717922,0,0,0,0,0,0,0,0,28.2592308148253,0,1,3,6,0,100,100,100,120,0,0,0,0,0,0,0,0
E01026290,East Midlands,E07000141,South Kesteven,979.285614013672,84.5728950025403,0,0,0,0,0,0,0,0,106.492884993262,0,0,0,0,0,0,0,0,44.1525416085131,0,0,0.569060777741916,3.13038674875069,0,0,56.9060777741916,100,120,0,0,0,0,0,0,0,0
E01026291,East Midlands,E07000141,South Kesteven,908.9501953125,20.478809858047,0,1,1,1,0,100,100,100,22.1041907084806,0,1,1,1,0,100,100,100,15.3807141731282,0.3309523785542,2,2,9.4559523785542,33.09523785542,100,100,100,55.1550712170107,0,0,0,1,0,0,0,100
E01026292,East Midlands,E07000141,South Kesteven,668.727638244629,15.8451131353304,0.208737859259381,1,1,1,20.8737859259381,100,100,100,16.3868447000954,0,1,1,1,0,100,100,100,13.2991911877375,1,1,2,5.80906146592934,100,100,100,100,35.8608901355996,0,0,1,1,0,0,100,100
E01026293,East Midlands,E07000141,South Kesteven,913.278533935547,21.9730213176825,0.296208527004882,0.851895728143706,0.851895728143706,1,29.6208527004882,85.1895728143706,85.1895728143706,100,17.8507705798175,0,1,1,1,0,100,100,100,14.0373105661406,0.579383873942899,1,2,5.84360188932074,57.9383873942899,100,100,100,39.7827607978805,0,0,0.851895728143706,1,0,0,85.1895728143706,100
E01026294,East Midlands,E07000141,South Kesteven,700.108055114746,15.9664295313369,0.428129832645746,1,1,1,42.8129832645746,100,100,100,14.2160898477276,0.853168472016807,1,1,1,85.3168472016807,100,100,100,11.3840803153024,1,2,2,6,100,100,100,100,27.703106533919,0,0.853168472016807,1,1,0,85.3168472016807,100,100
E01026296,East Midlands,E07000141,South Kesteven,704.436393737793,88.4923059831564,0,0,0,0,0,0,0,0,104.745055277141,0,0,0,0,0,0,0,0,37.4990178112474,0,0,1,3.52380952638821,0,0,100,100,120,0,0,0,0,0,0,0,0
E01026297,East Midlands,E07000141,South Kesteven,634.100967407227,78.9423377621953,0,0,0,0,0,0,0,0,100.904452565298,0,0,0,0,0,0,0,0,35.9177121564919,0,0,1,3.79180887987978,0,0,100,100,120,0,0,0,0,0,0,0,0
E01026298,East Midlands,E07000141,South Kesteven,939.24853515625,75.4468544975657,0,0,0,0,0,0,0,0,98.4151839895973,0,0,0,0,0,0,0,0,35.0107491316434,0,0,1,3.19354838709677,0,0,100,100,120,0,0,0,0,0,0,0,0
E01026299,East Midlands,E07000141,South Kesteven,776.936004638672,77.5312946861799,0,0,0,0,0,0,0,0,101.077757719374,0,0,0,0,0,0,0,0,35.908899641728,0,0,1,3,0,0,100,100,120,0,0,0,0,0,0,0,0
E01026300,East Midlands,E07000141,South Kesteven,679.548477172852,84.0465755081274,0,0,0,0,0,0,0,0,103.007723167572,0,0,0,0,0,0,0,0,36.3976916283851,0,0,1,3.19108279353744,0,0,100,100,120,0,0,0,0,0,0,0,0
E01026301,East Midlands,E07000141,South Kesteven,750.96598815918,80.1768878854397,0,0,0,0,0,0,0,0,101.598472725156,0,0,0,0,0,0,0,0,35.9258923149114,0,0,1,3,0,0,100,100,120,0,0,0,0,0,0,0,0
E01026302,East Midlands,E07000141,South Kesteven,531.303016662598,79.6329752779206,0,0,0,0,0,0,0,0,102.426335299125,0,0,0,0,0,0,0,0,36.3827073438279,0,0,1,3.75763746807839,0,0,100,100,120,0,0,0,0,0,0,0,0
E01026303,East Midlands,E07000141,South Kesteven,563.765533447266,58.9222457071033,0,0,0,1,0,0,0,100,55.8825520487056,0,0,0,1,0,0,0,100,24.8440695340356,0,1,1,3.54510555110142,0,100,100,100,120,0,0,0,0,0,0,0,0
E01026304,East Midlands,E07000141,South Kesteven,658.988891601563,82.344466432992,0,0,0,0,0,0,0,0,56.721246221506,0,0,0,1,0,0,0,100,25.0952873949228,0,1,1,3,0,100,100,100,120,0,0,0,0,0,0,0,0
E01026305,East Midlands,E07000141,South Kesteven,644.921813964844,61.5356364918861,0,0,0,0,0,0,0,0,57.5769115864595,0,0,0,1,0,0,0,100,25.2750169344864,0,1,1,3.22315435939907,0,100,100,100,120,0,0,0,0,0,0,0,0
E01026306,East Midlands,E07000141,South Kesteven,767.197250366211,63.0309320113867,0,0,0,0.150916786615591,0,0,0,15.0916786615591,53.9680543676508,0,0,0,1,0,0,0,100,24.1743161606899,0,1,1,3,0,100,100,100,120,0,0,0,0,0,0,0,0
E01026307,East Midlands,E07000141,South Kesteven,595.145957946777,61.8440357152023,0,0,0,0.227272739509396,0,0,0,22.7272739509396,53.7030729309892,0,0,0,1,0,0,0,100,23.8229090868705,0,1,1.20181818109564,3.42909092060503,0,100,100,100,120,0,0,0,0,0,0,0,0
E01026308,East Midlands,E07000141,South Kesteven,644.921813964844,26.631124164135,0,1,1,1.66275168579191,0,100,100,100,18.172483128935,0,1,1,1,0,100,100,100,15.0819294463,0,2,2,9,0,100,100,100,41.638791562254,0,0,0.662751685791915,1,0,0,66.2751685791915,100
E01026309,East Midlands,E07000141,South Kesteven,749.883888244629,17.6786580411396,0,1,1,1.75324675152905,0,100,100,100,16.219090824649,0.167388168136911,1,1,1,16.7388168136911,100,100,100,14.7327993752925,0.753246751529048,2,2,8.58585858339214,75.3246751529048,100,100,100,35.1197975497487,0,0,1,1,0,0,100,100
E01026310,East Midlands,E07000141,South Kesteven,491.265922546387,17.5971586739466,0,1,1,1.49118942591028,0,100,100,100,17.81442694533,0,1,1,1,0,100,100,100,14.1261896123837,1,2,2,9,100,100,100,100,40.9411235622094,0,0,1,1,0,0,100,100
E01026311,East Midlands,E07000141,South Kesteven,720.66764831543,19.1163514531183,0,1,1,2,0,100,100,100,15.4630179730798,0.196696695456829,1,1,1,19.6696695456829,100,100,100,14.5422522081257,0.821321319699956,2,2,9,82.1321319699956,100,100,100,32.4224472628563,0,0.196696695456829,1,1,0,19.6696695456829,100,100
E01026312,East Midlands,E07000141,South Kesteven,489.101768493652,23.6543363140576,0,1,1,2,0,100,100,100,16.6503096662921,0,1,1,1,0,100,100,100,14.7097786665632,1,2,2,9,100,100,100,100,37.0807968187677,0,0,1,1,0,0,100,100
E01026313,East Midlands,E07000141,South Kesteven,706.600563049316,20.4674277473205,0.330781011728387,0.793261863620762,1,1,33.0781011728387,79.3261863620762,100,100,24.9186988146899,0.330781011728387,0.793261863620762,0.793261863620762,1,33.0781011728387,79.3261863620762,79.3261863620762,100,12.4074120868441,0.793261863620762,1.79326186362076,2,6.1531393502834,79.3261863620762,100,100,100,59.9589125413547,0,0.330781011728387,0.330781011728387,0.433384376958128,0,33.0781011728387,33.0781011728387,43.3384376958128
E01026314,East Midlands,E07000141,South Kesteven,607.048881530762,30.3562041238073,0,0.417112304102634,1,1,0,41.7112304102634,100,100,50.0089660740681,0,0,0,1,0,0,0,100,21.3974331337488,0,1,2,6,0,100,100,100,120,0,0,0,0,0,0,0,0
E01026315,East Midlands,E07000141,South Kesteven,997.681060791016,34.2939697390671,0,0.308026030700526,1,1.13665943421716,0,30.8026030700526,100,100,33.8661819476825,0,0.484815618420316,0.800433839910684,1,0,48.4815618420316,80.0433839910684,100,20.0482101908542,0,1.52494577192295,2.27548806798774,7.53687636946676,0,100,100,100,88.8468875968724,0,0,0,0,0,0,0,0
E01026316,East Midlands,E07000141,South Kesteven,1123.20273590088,68.7414455963002,0,0,0,0.402697495196132,0,0,0,40.2697495196132,76.343295441983,0,0,0,0.151252405330241,0,0,0,15.1252405330241,35.8513290754955,0,0,1.28227359668949,3.41329478804874,0,0,100,100,120,0,0,0,0,0,0,0,0
E01026317,East Midlands,E07000141,South Kesteven,1058.27772521973,15.6320145313693,0.345603274755297,1,1.27198364785128,2,34.5603274755297,100,100,100,13.0647853185177,1,1,1,1,100,100,100,100,13.3333742946122,0.763803680495081,2,2,7.97852760010848,76.3803680495081,100,100,100,23.6825769160795,0,1,1,1,0,100,100,100
E01026318,East Midlands,E07000141,South Kesteven,926.263534545898,23.037593296822,0.175233639740716,1,1.17523363974072,2,17.5233639740716,100,100,100,15.1272078149377,0.175233639740716,1,1,1,17.5233639740716,100,100,100,14.8308530327805,0.420560741967112,2,2,8.34579439406294,42.0560741967112,100,100,100,31.2094277646495,0,0.175233639740716,1,1,0,17.5233639740716,100,100
E01026319,East Midlands,E07000141,South Kesteven,1008.50187301636,27.8092271530789,0,0.7618025748232,1,1.85407725604361,0,76.18025748232,100,100,17.3398500410521,0.0504291866881951,1,1,1,5.04291866881951,100,100,100,14.9231330913403,0.381974247985462,2,2.14592274395639,9,38.1974247985463,100,100,100,38.5471461915206,0,0,1,1,0,0,100,100
E01026320,East Midlands,E07000141,South Kesteven,707.682662963867,29.5758414022368,0,0.570336385733698,1,1,0,57.0336385733698,100,100,15.9296635680857,0,1,1,1,0,100,100,100,13.4321255594111,1,2,2,8.3792048809657,100,100,100,100,32.1955350803713,0,0.18960244048285,1,1,0,18.960244048285,100,100
E01026321,East Midlands,E07000141,South Kesteven,581.078872680664,24.3744135942224,0,1,1,1,0,100,100,100,16.5634819418292,0,1,1,1,0,100,100,100,13.4664059620409,1,2,2,9,100,100,100,100,34.7080816127528,0,0,1,1,0,0,100,100
E01026322,East Midlands,E07000141,South Kesteven,577.832626342773,17.8929954635257,0.230337085327596,1,1,1.51498127523793,23.0337085327596,100,100,100,12.444063299559,1,1,1,1,100,100,100,100,12.5891386578145,1,2,2,8,100,100,100,100,20.4983517726524,0,1,1,1,0,100,100,100
E01026323,East Midlands,E07000141,South Kesteven,1025.81522369385,14.6454117260665,0.704641351152413,1,1,1.70464135115241,70.4641351152413,100,100,100,11.2381223169409,1,1,1,1,100,100,100,100,11.2468882814739,1,2,2,7.47995781181473,100,100,100,100,18.5785759707588,0.310126588727363,1,1,1,31.0126588727363,100,100,100
E01026324,East Midlands,E07000141,South Kesteven,957.643966674805,17.6237853296885,0.305084746842961,1,1,1.45762712026444,30.5084746842961,100,100,100,15.2370058605905,0.459887009520611,1,1,1,45.9887009520611,100,100,100,12.1863728179599,1,2,2,7,100,100,100,100,31.791660938035,0,0.160451977851234,1,1,0,16.0451977851234,100,100
E01026325,East Midlands,E07000141,South Kesteven,663.317230224609,15.5766890354518,0.389885818086558,1,1,1,38.9885818086558,100,100,100,13.5339316238007,1,1,1,1,100,100,100,100,12.3415823391795,1,1,2,6,100,100,100,100,26.1869982149888,0,1,1,1,0,100,100,100
E01026326,East Midlands,E07000141,South Kesteven,658.988899230957,11.7080460536915,0.798029552372873,1,1,1,79.8029552372873,100,100,100,10.3372413059544,1,1,1,1,100,100,100,100,10.8462234788762,1,1.37602626491674,2,6.79802955237287,100,100,100,100,15.3425783590288,0.376026264916745,1,1,1,37.6026264916745,100,100,100
E01026327,East Midlands,E07000141,South Kesteven,660.070991516113,16.0330327603139,0.199999988441555,1,1,1,19.9999988441555,100,100,100,11.0543116858007,1,1,1,1,100,100,100,100,11.01775428896,1,1.59180328219395,2,6.79016393632106,100,100,100,100,18.169180524956,0,1,1,1,0,100,100,100
E01026328,East Midlands,E07000141,South Kesteven,649.250152587891,13.2202335275117,1,1,1,1,100,100,100,100,13.1278497509634,1,1,1,1,100,100,100,100,11.9722999420617,1,1,2,6,100,100,100,100,25.2472337950161,0,1,1,1,0,100,100,100
E01026329,East Midlands,E07000141,South Kesteven,850.517684936523,37.6608655988549,0,0,1,1,0,0,100,100,58.1343759083952,0,0,0,0.702290082224774,0,0,0,70.2290082224774,24.6703561471144,0,1.29770991777523,2.16539439776732,5,0,100,100,100,120,0,0,0,0,0,0,0,0
E01026330,East Midlands,E07000141,South Kesteven,939.248527526855,89.2405875374236,0,0,0,0,0,0,0,0,94.2531098496363,0,0,0,0,0,0,0,0,37.6747689218909,0,0,1.2661290344198,3.84447004249878,0,0,100,100,120,0,0,0,0,0,0,0,0
E01026331,East Midlands,E07000141,South Kesteven,1127.53106307983,51.2388962423555,0,0,0.702495192911843,0.903071013297066,0,0,70.2495192911843,90.3071013297066,55.070000023508,0,0,0.0969289867029339,0.944337812731389,0,0,9.69289867029339,94.4337812731389,25.0983012977923,0,1,3,4.79942417961478,0,100,100,100,120,0,0,0,0,0,0,0,0
E01026332,East Midlands,E07000141,South Kesteven,1022.56895446777,61.3429831823446,0,0,0.470899474728665,0.670899477713068,0,0,47.0899474728665,67.0899477713068,48.9614819113746,0,0,0.188359786907063,0.825396825988969,0,0,18.8359786907063,82.5396825988969,25.6019683690339,0,0.699470898183974,1.69947089818397,3.93544972915722,0,69.9470898183974,100,100,113.971111200657,0,0,0,0,0,0,0,0
E01026333,East Midlands,E07000141,South Kesteven,1100.47896575928,46.2841883911887,0,0.568338257477735,0.72271387097372,1.25172075599434,0,56.8338257477735,72.271387097372,72.271387097372,38.7079064960393,0,0,1,1,0,0,100,100,18.699469550953,0.0629301889985855,1.64700098159358,2.52900688502062,5.94886922620495,6.29301889985855,100,100,100,107.128190976408,0,0,0,0,0,0,0,0
E01026334,East Midlands,E07000141,South Kesteven,669.809730529785,65.1021000597149,0,0,0,0.1922455564121,0,0,0,19.22455564121,57.9710978785615,0,0,0,1,0,0,0,100,24.8343299003648,0,1,1,4.18739902489827,0,100,100,100,120,0,0,0,0,0,0,0,0
E01026335,East Midlands,E07000141,South Kesteven,780.182250976563,55.0880989287184,0,0,0,1,0,0,0,100,55.7367961092202,0,0,0,1,0,0,0,100,23.5963939537124,0,1,1,4,0,100,100,100,120,0,0,0,0,0,0,0,0
E01026336,East Midlands,E07000141,South Kesteven,749.883911132813,60.7293505289815,0,0,0,0.184704187611071,0,0,0,18.4704187611071,59.0821066216886,0,0,0,1,0,0,0,100,25.156262615857,0,1,1,4,0,100,100,100,120,0,0,0,0,0,0,0,0
E01026337,East Midlands,E07000141,South Kesteven,706.600570678711,58.4833851231963,0,0,0,0.819295550261268,0,0,0,81.9295550261268,56.5643801109315,0,0,0,1,0,0,0,100,24.253966304676,0,1,1,4,0,100,100,100,120,0,0,0,0,0,0,0,0
E01026338,East Midlands,E07000141,South Kesteven,570.258041381836,69.9328085810849,0,0,0,0.261859577719202,0,0,0,26.1859577719202,86.6217258031582,0,0,0,0,0,0,0,0,33.5630542573428,0,0.398481971911327,2.39848197191133,4.61100569026403,0,39.8481971911327,100,100,120,0,0,0,0,0,0,0,0
E01026339,East Midlands,E07000141,South Kesteven,583.243041992188,58.320149049102,0,0,0,0.510204085370078,0,0,0,51.0204085370078,75.6280721535521,0,0,0,0,0,0,0,0,30.1637664786741,0,0.510204085370078,3,5,0,51.0204085370078,100,100,120,0,0,0,0,0,0,0,0
E01026340,East Midlands,E07000141,South Kesteven,1045.29272460938,18.8854141172989,0,1,1,1.85817804965948,0,100,100,100,19.3577022005295,0,1,1,1,0,100,100,100,13.1193995490656,1,2,2,8.01552794405444,100,100,100,100,44.4585815443734,0,0,0.417184269181101,1,0,0,41.7184269181101,100
E01026341,East Midlands,E07000141,South Kesteven,669.809722900391,85.989371219889,0,0,0,0,0,0,0,0,112.507109129286,0,0,0,0,0,0,0,0,39.1255409265207,0,0,1,3,0,0,100,100,120,0,0,0,0,0,0,0,0
E01026342,East Midlands,E07000141,South Kesteven,616.787635803223,95.7981912433014,0,0,0,0,0,0,0,0,115.817139441103,0,0,0,0,0,0,0,0,40.729701952935,0,0,1,3,0,0,100,100,120,0,0,0,0,0,0,0,0
E01026343,East Midlands,E07000141,South Kesteven,983.613967895508,17.9912538868226,0.146314630490385,1,1,2,14.6314630490385,100,100,100,13.1975796891063,1,1,1,1,100,100,100,100,12.890692857426,1,2,2,8,100,100,100,100,24.4411333855478,0,1,1,1,0,100,100,100
E01026344,East Midlands,E07000141,South Kesteven,737.980987548828,20.7954693354497,0,1,1,1.8387096794203,0,100,100,100,15.606187719798,0.209677414685975,1,1,1,20.9677414685974,100,100,100,14.2642521519117,0.838709679420297,1.8387096794203,2,7.23020527404478,83.8709679420297,100,100,100,32.4091054574565,0,0.41202345398329,1,1,0,41.202345398329,100,100
E01026345,East Midlands,E07000141,South Kesteven,679.548461914063,15.8354300986619,0.382165595656152,1,1,1.21974522536129,38.2165595656152,100,100,100,11.4497452195467,1,1,1,1,100,100,100,100,11.4196177480929,1,1.4219745202907,2,7,100,100,100,100,19.0710671486783,0.202229294929405,1,1,1,20.2229294929405,100,100,100
E01026346,East Midlands,E07000141,South Kesteven,554.026794433594,78.9625584352906,0,0,0,0,0,0,0,0,80.9911345944374,0,0,0,0,0,0,0,0,29.4419142302652,0,1,3,6,0,100,100,100,120,0,0,0,0,0,0,0,0
E01026347,East Midlands,E07000141,South Kesteven,912.196441650391,69.4525502402405,0,0,0,0,0,0,0,0,78.5183038452672,0,0,0,0,0,0,0,0,28.1753022268756,0,1,3,6,0,100,100,100,120,0,0,0,0,0,0,0,0
E01026348,East Midlands,E07000141,South Kesteven,504.250953674316,75.7558561339999,0,0,0,0,0,0,0,0,80.6297863950451,0,0,0,0,0,0,0,0,29.447038619682,0,0.72103004090543,3,6,0,72.103004090543,100,100,120,0,0,0,0,0,0,0,0
E01026349,East Midlands,E07000141,South Kesteven,855.928085327148,66.2627314384383,0,0,0,0,0,0,0,0,78.8367380551079,0,0,0,0,0,0,0,0,27.3071426597778,0,1,3,6,0,100,100,100,120,0,0,0,0,0,0,0,0
E01026350,East Midlands,E07000141,South Kesteven,917.606857299805,60.0269216237688,0,0,0,0.509433963519162,0,0,0,50.9433963519162,74.9833008803465,0,0,0,0,0,0,0,0,25.081167317137,0,1,3.61674528503865,6.50943396351916,0,100,100,100,120,0,0,0,0,0,0,0,0
E01026351,East Midlands,E07000141,South Kesteven,919.771026611328,61.333282251791,0,0,0,0.144705887778772,0,0,0,14.4705887778772,76.6405887069941,0,0,0,0,0,0,0,0,26.0130237132296,0,1,3.32117647211059,6,0,100,100,100,120,0,0,0,0,0,0,0,0
E01026352,East Midlands,E07000141,South Kesteven,607.048873901367,7.74682709093392,1,1,1,1,100,100,100,100,8.25219243122935,1,1,1,1,100,100,100,100,7.1540284815184,1,2,2,6.77005348064043,100,100,100,100,8.94714798339322,0.77005348064043,1,1,1,77.005348064043,100,100,100
E01026353,East Midlands,E07000141,South Kesteven,927.34561920166,9.58841317369805,1,1,1,2,100,100,100,100,8.75554254915764,1,1,1,1,100,100,100,100,9.29576447905258,1,2,2,8,100,100,100,100,10.3745974807038,1,1,1,1,100,100,100,100
E01026354,East Midlands,E07000141,South Kesteven,529.138870239258,12.0730875164404,0.752556236157328,1,1,1,75.2556236157328,100,100,100,11.0994888459874,1,1,1,1,100,100,100,100,8.93163630589607,1,1.75255623615733,2,6,100,100,100,100,18.107136819457,0.484662583056029,1,1,1,48.4662583056029,100,100,100
E01026355,East Midlands,E07000141,South Kesteven,1081.00147247314,36.5165061604772,0,0,1.7597597696787,2,0,0,87.9879884839352,100,43.4738235172093,0,0,0.623623629282508,1.85385384647823,0,0,62.3623629282508,100,16.9233630867666,0,2,3.47747747576074,9.47747747576074,0,100,100,100,120,0,0,0,0,0,0,0,0
E01026356,East Midlands,E07000141,South Kesteven,627.608459472656,88.298552322712,0,0,0,0,0,0,0,0,86.8492431720911,0,0,0,0,0,0,0,0,25.6774137045588,0,1,3.80689654904137,6.21206897540995,0,100,100,100,120,0,0,0,0,0,0,0,0
E01026357,East Midlands,E07000141,South Kesteven,636.26513671875,80.7874325551298,0,0,0,0,0,0,0,0,84.5583851591835,0,0,0,0,0,0,0,0,25.849949171469,0,1,4,6,0,100,100,100,120,0,0,0,0,0,0,0,0
E01026358,East Midlands,E07000141,South Kesteven,675.220138549805,78.505241970684,0,0,0,0,0,0,0,0,81.7540041861999,0,0,0,0,0,0,0,0,26.9882212337,0,1,3.19551281594971,6,0,100,100,100,120,0,0,0,0,0,0,0,0
E01026359,East Midlands,E07000141,South Kesteven,721.749740600586,77.2924894618982,0,0,0,0,0,0,0,0,82.0395505446314,0,0,0,0,0,0,0,0,25.852833103551,0,1,4,6,0,100,100,100,120,0,0,0,0,0,0,0,0
E01026360,East Midlands,E07000141,South Kesteven,957.643936157227,72.7943150055287,0,0,0,0,0,0,0,0,88.466495865101,0,0,0,0,0,0,0,0,31.6110175116889,0,0,1,3.13333334289354,0,0,100,100,120,0,0,0,0,0,0,0,0
E01026361,East Midlands,E07000141,South Kesteven,1222.75442504883,71.109760275174,0,0,0,0,0,0,0,0,95.1830080064654,0,0,0,0,0,0,0,0,39.8397435550734,0,0,1.68849557232787,4,0,0,100,100,120,0,0,0,0,0,0,0,0
E01026362,East Midlands,E07000141,South Kesteven,726.078079223633,64.8524886662799,0,0,0,0.202682555508437,0,0,0,20.2682555508437,68.2318315151439,0,0,0,0,0,0,0,0,26.807421635271,0,1,1,4,0,100,100,100,120,0,0,0,0,0,0,0,0
E01026363,East Midlands,E07000141,South Kesteven,574.586357116699,92.5797174397804,0,0,0,0,0,0,0,0,66.1607164551234,0,0,0,0.331450092211508,0,0,0,33.1450092211508,30.6983243257489,0,0.331450092211508,2.09604520426662,5.11111111996315,0,33.1450092211508,100,100,120,0,0,0,0,0,0,0,0
E01026364,East Midlands,E07000141,South Kesteven,767.197235107422,63.822595613355,0,0,0,0.194640338981824,0,0,0,19.4640338981824,72.8179829207941,0,0,0,0,0,0,0,0,27.5575884437605,0,1,1,4,0,100,100,100,120,0,0,0,0,0,0,0,0
E01026365,East Midlands,E07000141,South Kesteven,1074.50897979736,45.9923062793018,0,0,0.352467271253794,1,0,0,35.2467271253794,100,40.6196983441761,0,0,0.92749244502769,1.21450150673425,0,0,92.749244502769,100,19.5084283275829,0,2,2.13796576451954,8.50855991386588,0,100,100,100,113.929899045908,0,0,0,0,0,0,0,0
E01026366,East Midlands,E07000142,West Lindsey,999.241493225098,55.9434213568773,0,0,0.144262301740851,0.813114754148427,0,0,14.4262301740851,81.3114754148427,70.3483271169352,0,0,0,0,0,0,0,0,33.6661203843619,0,0,1,1.8907103846415,0,0,100,100,120,0,0,0,0,0,0,0,0
E01026367,East Midlands,E07000142,West Lindsey,809.221809387207,43.3580835186581,0,0,0.758434545872483,1,0,0,75.8434545872483,100,68.8508496103755,0,0,0,0.16734143159354,0,0,0,16.734143159354,27.0558433237271,0,0.906882590940436,1.44534413520386,5.29689609013591,0,90.6882590940436,100,100,120,0,0,0,0,0,0,0,0
E01026368,East Midlands,E07000142,West Lindsey,750.250183105469,48.1803930051682,0,0,0.180494905711384,1,0,0,18.0494905711384,100,75.354439437185,0,0,0,0,0,0,0,0,30.3049781411252,0,0.365356620541374,1,5,0,36.5356620541374,100,100,120,0,0,0,0,0,0,0,0
E01026369,East Midlands,E07000142,West Lindsey,530.744674682617,16.2209463011074,0.253086410347296,1,1,1,25.3086410347296,100,100,100,26.7033949545245,0,1,1,1,0,100,100,100,15.2073252095814,0.757201638518578,1,1.24279836148142,4.51440327703716,75.7201638518578,100,100,100,66.8248780177664,0,0,0,0,0,0,0,0
E01026370,East Midlands,E07000142,West Lindsey,1026.54317474365,19.0780321772997,0.148936165626988,1,1,1,14.8936165626988,100,100,100,23.2131594387645,0,1,1,1,0,100,100,100,13.8100533224186,1,1,1.19361701531508,3.35106381579271,100,100,100,100,58.1791283452124,0,0,0,0.731914887007176,0,0,0,73.1914887007176
E01026371,East Midlands,E07000142,West Lindsey,573.335296630859,19.0533145575043,0,1,1,1,0,100,100,100,29.1313714024309,0,0.487619052080074,1,1,0,48.7619052080074,100,100,16.5229146964338,0,1,1.51238094791993,4.51238094791993,0,100,100,100,74.9968565135489,0,0,0,0,0,0,0,0
E01026372,East Midlands,E07000142,West Lindsey,1124.8292388916,35.55297155787,0,0,0.926213592614949,1,0,0,92.6213592614949,100,46.4035147339688,0,0,0.842718449736477,0.842718449736477,0,0,84.2718449736477,84.2718449736477,19.6379317034701,0,1,1.84271844973648,4.75922330685801,0,100,100,100,119.230135619383,0,0,0,0,0,0,0,0
E01026373,East Midlands,E07000142,West Lindsey,904.231662750244,28.4684540447392,0,0.855072470065621,0.942028988869992,0.942028988869992,0,85.5072470065621,94.2028988869992,94.2028988869992,39.4053863396235,0,0.228260858697436,0.791062808866755,0.855072470065621,0,22.8260858697436,79.1062808866755,85.5072470065621,19.0314009746823,0,1,1.11352657066991,2.78140098563145,0,100,100,100,99.5445764633583,0,0,0,0,0,0,0,0
E01026374,East Midlands,E07000142,West Lindsey,700.015075683594,67.4783932890358,0,0,0,0,0,0,0,0,108.723947356688,0,0,0,0,0,0,0,0,43.0676128475895,0,0,1,5,0,0,100,100,120,0,0,0,0,0,0,0,0
E01026375,East Midlands,E07000142,West Lindsey,725.132629394531,63.7006319172419,0,0,0,0.346385544703947,0,0,0,34.6385544703947,110.331775671849,0,0,0,0,0,0,0,0,44.0484034411018,0,0,1.17771085199342,6,0,0,100,100,120,0,0,0,0,0,0,0,0
E01026376,East Midlands,E07000142,West Lindsey,849.628311157227,63.913149608493,0,0,0,0,0,0,0,0,108.855333924451,0,0,0,0,0,0,0,0,42.1827636074086,0,0,1,5.46143957172219,0,0,100,100,120,0,0,0,0,0,0,0,0
E01026377,East Midlands,E07000142,West Lindsey,980.676368713379,65.6422501550405,0,0,0,0,0,0,0,0,107.511915084442,0,0,0,0,0,0,0,0,41.6809576027309,0,0,1,5,0,0,100,100,120,0,0,0,0,0,0,0,0
E01026378,East Midlands,E07000142,West Lindsey,787.380462646484,66.9684608899904,0,0,0,0,0,0,0,0,102.113384001305,0,0,0,0,0,0,0,0,39.3950770071538,0,0,1,6,0,0,100,100,120,0,0,0,0,0,0,0,0
E01026379,East Midlands,E07000142,West Lindsey,800.485282897949,58.9582394491777,0,0,0,0.695770817809978,0,0,0,69.5770817809978,102.930313550819,0,0,0,0,0,0,0,0,39.6279128142755,0,0,1,5.66848567611312,0,0,100,100,120,0,0,0,0,0,0,0,0
E01026380,East Midlands,E07000142,West Lindsey,803.761474609375,61.5372820888092,0,0,0,0.259510869152517,0,0,0,25.9510869152517,104.294578514663,0,0,0,0,0,0,0,0,39.9312633054587,0,0,1,5,0,0,100,100,120,0,0,0,0,0,0,0,0
E01026381,East Midlands,E07000142,West Lindsey,872.561706542969,70.0175981868957,0,0,0,0,0,0,0,0,100.72790991311,0,0,0,0,0,0,0,0,38.4213642362863,0,0,1,5.84355443681615,0,0,100,100,120,0,0,0,0,0,0,0,0
E01026382,East Midlands,E07000142,West Lindsey,808.129753112793,52.6584860611561,0,0,0,2,0,0,0,100,108.913662739658,0,0,0,0,0,0,0,0,42.7109728310396,0,0,1.70810811076174,6,0,0,100,100,120,0,0,0,0,0,0,0,0
E01026383,East Midlands,E07000142,West Lindsey,670.529266357422,56.918485164717,0,0,0,1.36807817693351,0,0,0,100,107.725945600498,0,0,0,0,0,0,0,0,42.1419377460887,0,0,2,6,0,0,100,100,120,0,0,0,0,0,0,0,0
E01026384,East Midlands,E07000142,West Lindsey,974.123962402344,60.5066700939466,0,0,0,0.329596413469208,0,0,0,32.9596413469208,104.637265098447,0,0,0,0,0,0,0,0,40.6102140619856,0,0,1.41367713390819,6,0,0,100,100,120,0,0,0,0,0,0,0,0
E01026385,East Midlands,E07000142,West Lindsey,558.046352386475,82.6017814678217,0,0,0,0,0,0,0,0,94.6390411323961,0,0,0,0,0,0,0,0,37.3988657611383,0,0,2,5.91780817526036,0,0,100,100,120,0,0,0,0,0,0,0,0
E01026386,East Midlands,E07000142,West Lindsey,570.05908203125,60.8914354317727,0,0,0,0.469348651337795,0,0,0,46.9348651337795,86.0545971044609,0,0,0,0,0,0,0,0,31.4536014554935,0,0.530651348662205,2,8,0,53.0651348662205,100,100,120,0,0,0,0,0,0,0,0
E01026387,East Midlands,E07000142,West Lindsey,1189.26119995117,115.742543725362,0,0,0,0,0,0,0,0,95.5874016077877,0,0,0,0,0,0,0,0,38.229448294097,0,0,2.77318639853398,5.87327823011056,0,0,100,100,120,0,0,0,0,0,0,0,0
E01026388,East Midlands,E07000142,West Lindsey,1018.89869689941,68.5519934090356,0,0,0,0,0,0,0,0,98.6249632969429,0,0,0,0,0,0,0,0,40.2640090160997,0,0,1.11468381401925,5.11468381401925,0,0,100,100,120,0,0,0,0,0,0,0,0
E01026389,East Midlands,E07000142,West Lindsey,856.180694580078,53.4497959461278,0,0,0,1.37244895613236,0,0,0,80.2295902500377,101.892028221932,0,0,0,0,0,0,0,0,32.6864156431651,0,0,1,4,0,0,100,100,120,0,0,0,0,0,0,0,0
E01026390,East Midlands,E07000142,West Lindsey,918.428527832031,54.2738759383429,0,0,0,1.18787157668968,0,0,0,100,100.835517168541,0,0,0,0,0,0,0,0,32.6497270215958,0,0,1,4,0,0,100,100,120,0,0,0,0,0,0,0,0
E01026391,East Midlands,E07000142,West Lindsey,893.310989379883,75.9646572479194,0,0,0.0770171198842498,0.345965777312662,0,0,7.70171198842498,34.5965777312662,95.0636175754371,0,0,0,0,0,0,0,0,37.2009407712675,0,0,1.45476771849782,2.74694377457349,0,0,100,100,120,0,0,0,0,0,0,0,0
E01026392,East Midlands,E07000142,West Lindsey,1398.93811035156,65.8555892393618,0,0,0,0.786104617446216,0,0,0,69.3989078935692,102.149179908701,0,0,0,0,0,0,0,0,33.3714292452198,0,0.217017955382767,1.08665105242092,3.78064013135661,0,21.7017955382767,100,100,120,0,0,0,0,0,0,0,0
E01026393,East Midlands,E07000142,West Lindsey,694.554748535156,24.816588073134,0,1,1,1,0,100,100,100,28.0605976041603,0,1,1,1,0,100,100,100,15.7248424075988,0.205974844425346,1,2,5,20.5974844425346,100,100,100,73.4920928210022,0,0,0,0,0,0,0,0
E01026394,East Midlands,E07000142,West Lindsey,840.89176940918,22.4218829515471,0.310389616823178,0.919480519975409,0.919480519975409,1,31.0389616823178,91.9480519975409,91.9480519975409,100,23.206428994342,0,1,1,1,0,100,100,100,14.4090647869006,0.502597403752146,1,2,5,50.2597403752146,100,100,100,58.2210395534059,0,0,0.26883116586183,0.57532468159328,0,0,26.883116586183,57.532468159328
E01026395,East Midlands,E07000142,West Lindsey,718.580230712891,21.7467631027499,0,1,1,1,0,100,100,100,27.4398933991375,0,1,1,1,0,100,100,100,15.200410245111,0.384498491215465,1,2,5,38.4498491215465,100,100,100,71.5990738906625,0,0,0,0,0,0,0,0
E01026396,East Midlands,E07000142,West Lindsey,595.176635742188,48.3827900939232,0,0,0,1,0,0,0,100,50.7175773161681,0,0,0,1,0,0,0,100,22.1101097039495,0,1,3,7,0,100,100,100,120,0,0,0,0,0,0,0,0
E01026397,East Midlands,E07000142,West Lindsey,1084.42275619507,49.2641393122358,0,0,0.11077542862654,1,0,0,11.077542862654,100,41.3215906137512,0,0.336354485075062,0.465256799527925,1,0,33.6354485075062,46.5256799527925,100,20.6742699888537,0,1,2.7603222569206,5.92849949945813,0,100,100,100,101.360664857243,0,0,0,0,0,0,0,0
E01026398,East Midlands,E07000142,West Lindsey,772.091529846191,46.0499716175125,0,0,0.352192367278675,1.10608204988517,0,0,35.2192367278675,92.7864217145326,50.6969305038668,0,0,0,1,0,0,0,100,22.1244413263301,0,1,3,6.72984441506729,0,100,100,100,120,0,0,0,0,0,0,0,0
E01026399,East Midlands,E07000142,West Lindsey,662.884788513184,57.3371336114327,0,0,0,0.642504114748082,0,0,0,64.2504114748082,67.1962603164132,0,0,0,0.200988460290358,0,0,0,20.0988460290358,26.4572982575593,0,1,2,6.7545304698527,0,100,100,100,120,0,0,0,0,0,0,0,0
E01026400,East Midlands,E07000142,West Lindsey,679.265796661377,47.8118810753167,0,0,0.42122187508208,1,0,0,42.122187508208,100,44.7675404419351,0,0,0.763665594358722,1,0,0,76.3665594358722,100,21.2636816261216,0,1,2.84565916331901,6.08681671677212,0,100,100,100,116.915111444615,0,0,0,0,0,0,0,0
E01026401,East Midlands,E07000142,West Lindsey,678.173759460449,55.0076484839577,0,0,0.400966171618452,0.867954910491151,0,0,40.0966171618452,86.7954910491151,53.667680717631,0,0,0,0.867954910491151,0,0,0,86.7954910491151,24.9774395246112,0,1,1,7,0,100,100,100,120,0,0,0,0,0,0,0,0
E01026402,East Midlands,E07000142,West Lindsey,904.231658935547,43.0963772842334,0,0,0.711352664708575,1,0,0,71.1352664708575,100,49.0228023853014,0,0,0,1,0,0,0,100,23.0809899314469,0,1,1,7,0,100,100,100,120,0,0,0,0,0,0,0,0
E01026403,East Midlands,E07000142,West Lindsey,609.373527526855,68.299552303646,0,0,0.225806460094236,0.53584229038414,0,0,22.5806460094236,53.584229038414,73.2709493298886,0,0,0,0.225806460094236,0,0,0,22.5806460094236,33.2601979715656,0,0.225806460094236,1.09856630638142,5.4444444333155,0,22.5806460094236,100,100,120,0,0,0,0,0,0,0,0
E01026404,East Midlands,E07000142,West Lindsey,1050.56867218018,58.5561750757504,0,0,0,0.780665279948124,0,0,0,78.0665279948124,70.0679519025469,0,0,0,0,0,0,0,0,30.8095213721007,0,0.619542608007718,1,4.13617463575944,0,61.9542608007718,100,100,120,0,0,0,0,0,0,0,0
E01026405,East Midlands,E07000142,West Lindsey,571.151145935059,32.5371123292839,0,0.340344156000374,1,1,0,34.0344156000374,100,100,38.2223138977978,0,0,1,1,0,0,100,100,20.0742831030682,0,1,1.34034415600037,4.56214147745043,0,100,100,100,108.128527101274,0,0,0,0,0,0,0,0
E01026406,East Midlands,E07000142,West Lindsey,573.33528137207,24.1476951879267,0,1,1,1,0,100,100,100,33.6830671239144,0,0,1,1,0,0,100,100,18.1389137443924,0,1,2,5,0,100,100,100,93.7534853628632,0,0,0,0,0,0,0,0
E01026407,East Midlands,E07000142,West Lindsey,609.373512268066,58.6687083660892,0,0,0,0.844086020091821,0,0,0,84.4086020091821,77.9786551908555,0,0,0,0,0,0,0,0,32.8759856148056,0,0,1,7.84408602009182,0,0,100,100,120,0,0,0,0,0,0,0,0
E01026408,East Midlands,E07000142,West Lindsey,633.399002075195,73.819726140194,0,0,0,0,0,0,0,0,100.886000533863,0,0,0,0,0,0,0,0,38.8017946526189,0,0,1,5.43620689900229,0,0,100,100,120,0,0,0,0,0,0,0,0
E01026409,East Midlands,E07000142,West Lindsey,558.046356201172,64.0286485772567,0,0,0,0.322896295391742,0,0,0,32.2896295391742,75.3808978426131,0,0,0,0,0,0,0,0,28.0605282347419,0,1,3,7.99608609026448,0,100,100,100,120,0,0,0,0,0,0,0,0
E01026410,East Midlands,E07000142,West Lindsey,814.682144165039,62.5497871868657,0,0,0,0.199731906171693,0,0,0,19.9731906171693,79.9276530429523,0,0,0,0,0,0,0,0,32.4187927991401,0,0,3,6.39678285533057,0,0,100,100,120,0,0,0,0,0,0,0,0
E01026411,East Midlands,E07000142,West Lindsey,1141.2102432251,99.0393496601609,0,0,0,0,0,0,0,0,86.4492820343684,0,0,0,0,0,0,0,0,31.097598668954,0,0,2.24976076293367,8.092822958875,0,0,100,100,120,0,0,0,0,0,0,0,0
E01026412,East Midlands,E07000142,West Lindsey,788.472557067871,33.9210248559037,0,0.149584483487253,1,1,0,14.9584483487253,100,100,44.2576727496896,0,0,0.826869804955021,1,0,0,82.6869804955022,100,21.2749859420035,0,1,1,4.04155125455173,0,100,100,100,119.71130190122,0,0,0,0,0,0,0,0
E01026413,East Midlands,E07000142,West Lindsey,951.190536499023,32.6234680485653,0,0.148105619013539,1,1,0,14.8105619013539,100,100,43.7307696497564,0,0,0.804822040276,1,0,0,80.4822040276,100,20.8429272592744,0,1,1,4.50287026741631,0,100,100,100,119.634178940244,0,0,0,0,0,0,0,0
E01026414,East Midlands,E07000142,West Lindsey,757.894653320313,52.8518286321096,0,0,0.463976944026525,0.463976944026525,0,0,46.3976944026525,46.3976944026525,64.2594815818244,0,0,0,0.354466838163324,0,0,0,35.4466838163324,24.81487031933,0,1,1.25360229955741,4.48270890575168,0,100,100,100,120,0,0,0,0,0,0,0,0
E01026415,East Midlands,E07000142,West Lindsey,443.379287719727,105.465959682504,0,0,0,0,0,0,0,0,64.72361944039,0,0,0,0,0,0,0,0,30.1642610121499,0,0.470443353229076,1,3.47044335322908,0,47.0443353229076,100,100,120,0,0,0,0,0,0,0,0
E01026416,East Midlands,E07000142,West Lindsey,602.821083068848,65.6117211194479,0,0,0,0.525362312374937,0,0,0,52.5362312374937,82.6238768633636,0,0,0,0,0,0,0,0,33.2908332078851,0,0.163043482800576,1.31159420482449,4.65217391854615,0,16.3043482800576,100,100,120,0,0,0,0,0,0,0,0
E01032683,East Midlands,E07000142,West Lindsey,1089.88307952881,45.9346198912745,0,0,0.941883768685403,0.941883768685403,0,0,94.1883768685403,94.1883768685403,57.1859315660179,0,0,0,1,0,0,0,100,20.5243783047146,0,1,4,6.9418837686854,0,100,100,100,120,0,0,0,0,0,0,0,0
E01032986,East Midlands,E07000137,East Lindsey,633.094940185547,60.0220730776281,0,0,0,0.281618881040508,0,0,0,28.1618881040508,87.6613307071059,0,0,0,0,0,0,0,0,33.7903874810427,0,0,1,1,0,0,100,100,120,0,0,0,0,0,0,0,0
E01032987,East Midlands,E07000137,East Lindsey,683.272796630859,58.063781740266,0,0,0,0.809374986461277,0,0,0,80.9374986461277,87.5892981178945,0,0,0,0,0,0,0,0,33.574734019765,0,0,1,1,0,0,100,100,120,0,0,0,0,0,0,0,0
E01032988,East Midlands,E07000139,North Kesteven,659.965835571289,53.5344742318712,0,0,0,1.79298829745201,0,0,0,100,41.3186304224493,0,0,1,1,0,0,100,100,25.03325563248,0,1.80300500877183,2.80300500877183,4.37729549441741,0,100,100,100,115.237396789623,0,0,0,0,0,0,0,0
E01032989,East Midlands,E07000139,North Kesteven,607.080429077148,54.7131395106034,0,0,0,1.78221414303353,0,0,0,100,43.7561702423774,0,0,1,1,0,0,100,100,25.7948458898209,0,2,3,6,0,100,100,100,119.6470412278,0,0,0,0,0,0,0,0
E01032990,East Midlands,E07000139,North Kesteven,1012.53522491455,66.5575089478551,0,0,0,0,0,0,0,0,62.8928505439247,0,0,0,0,0,0,0,0,22.7843848355735,0,1,3.14254625006001,7.36670294063256,0,100,100,100,120,0,0,0,0,0,0,0,0
E01032991,East Midlands,E07000139,North Kesteven,694.120994567871,48.4919516975289,0,0,0,1.82222222735156,0,0,0,100,36.3720953961345,0,0,1,1,0,0,100,100,22.6029522924927,0,1.20317460045291,2.20317460045291,4,0,100,100,100,98.9313177086306,0,0,0,0,0,0,0,0
E01032992,East Midlands,E07000139,North Kesteven,661.067596435547,45.6518999925722,0,0,0.446666683285736,2,0,0,44.6666683285736,100,39.9135004699264,0,0,1,1,0,0,100,100,24.1970331186175,0,2,3,5.08333332179231,0,100,100,100,111.089800062286,0,0,0,0,0,0,0,0
E01032993,East Midlands,E07000139,North Kesteven,686.40852355957,52.6840769296998,0,0,0,2,0,0,0,100,40.8613327930331,0,0,1,1,0,0,100,100,24.6906740296088,0,1.8154093138234,3,4,0,100,100,100,114.663594904553,0,0,0,0,0,0,0,0
E01032994,East Midlands,E07000139,North Kesteven,612.589309692383,60.6757387044991,0,0,0,0.969424474812383,0,0,0,65.4676269027956,49.9131640111613,0,0,0.314748205784427,1,0,0,31.4748205784427,100,25.4296043444066,0,1.65467626902796,3,6,0,100,100,100,120,0,0,0,0,0,0,0,0
E01032995,East Midlands,E07000140,South Holland,735.510009765625,66.4230920368473,0,0,0,0,0,0,0,0,105.687975613481,0,0,0,0,0,0,0,0,37.342947854673,0,0,2,3,0,0,100,100,120,0,0,0,0,0,0,0,0
E01032996,East Midlands,E07000140,South Holland,576.078620910645,75.984079676301,0,0,0,0,0,0,0,0,103.737195736333,0,0,0,0,0,0,0,0,37.1981739735161,0,0,2,3,0,0,100,100,120,0,0,0,0,0,0,0,0
E01032997,East Midlands,E07000141,South Kesteven,510.743446350098,69.3707605062302,0,0,0,0,0,0,0,0,93.4550851901905,0,0,0,0,0,0,0,0,32.7310372449673,0,0,1,3,0,0,100,100,120,0,0,0,0,0,0,0,0
E01032998,East Midlands,E07000141,South Kesteven,521.564270019531,75.1782556874227,0,0,0,0,0,0,0,0,94.1018255556772,0,0,0,0,0,0,0,0,33.3573863924882,0,0,1,3,0,0,100,100,120,0,0,0,0,0,0,0,0
E01032999,East Midlands,E07000141,South Kesteven,563.765518188477,72.9817242984997,0,0,0,0,0,0,0,0,96.5103459372822,0,0,0,0,0,0,0,0,34.1778112300296,0,0,1,3,0,0,100,100,120,0,0,0,0,0,0,0,0
