LSOA_code,Region,LA_Code,LA_Name,Hosp_pop,HospPTt,HospPT15n,HospPT30n,HospPT45n,HospPT60n,HospPT15pct,HospPT30pct,HospPT45pct,HospPT60pct,HospCyct,HospCyc15n,HospCyc30n,HospCyc45n,HospCyc60n,HospCyc15pct,HospCyc30pct,HospCyc45pct,HospCyc60pct,HospCart,HospCar15n,HospCar30n,HospCar45n,HospCar60n,HospCar15pct,HospCar30pct,HospCar45pct,HospCar60pct
E01026006,East Midlands,E07000136,Boston,1179,21.8596941445646,0,1,1,1.63528413910093,0,100,100,100,18.6550498220641,0,1,1,1,0,91.2637828668363,91.2637828668363,91.2637828668363,14.2953274021352,1,1,2,6.61577608142494,91.2637828668363,91.2637828668363,91.2637828668363,91.2637828668363
E01026007,East Midlands,E07000136,Boston,486,23.9925258926221,0,1,1,1,0,100,100,100,28.1630102516309,0,1,1,1,0,91.5637860082305,91.5637860082305,91.5637860082305,14.5156197576887,0.759259259259259,1,2,3,67.4897119341564,91.5637860082305,91.5637860082305,91.5637860082305
E01026008,East Midlands,E07000136,Boston,541,51.0350927250656,0,0.739371534195933,0.739371534195933,0.739371534195933,0,73.9371534195933,73.9371534195933,73.9371534195933,29.0388453608247,0,0.739371534195933,1,1,0,73.9371534195933,100,100,14.9940206185567,0.739371534195933,1,2,3.00924214417745,73.9371534195933,100,100,100
E01026009,East Midlands,E07000136,Boston,530,31.9730090273105,0,0.445283018867925,1,1.50188679245283,0,44.5283018867925,100,100,35.9705853658537,0,0,1,1,0,0,91.3207547169811,91.3207547169811,15.8574634146341,0.445283018867925,1,2,3,44.5283018867925,91.3207547169811,91.3207547169811,91.3207547169811
E01026010,East Midlands,E07000136,Boston,648,31.9230207638167,0,0,1,1,0,0,100,100,20.9637839586028,0,1,1,1,0,100,100,100,15.3486351875809,0,1,2,5,0,100,100,100
E01026011,East Midlands,E07000136,Boston,1140,28.8537548565474,0,0.65,1,1.38245614035088,0,65,100,100,19.2730568948891,0,1,1,1,0,90.6140350877193,90.6140350877193,90.6140350877193,14.6163709418193,0.65,1,2,5,57.9824561403509,90.6140350877193,90.6140350877193,90.6140350877193
E01026012,East Midlands,E07000136,Boston,563,24.1961067429991,0,1,1,1,0,100,100,100,18.2970691163605,0,1,1,1,0,100,100,100,12.2246981627297,1,1,2,5,100,100,100,100
E01026013,East Midlands,E07000136,Boston,640,22.0001661247861,0,1,1,1,0,100,100,100,15.512124567474,0.425,1,1,1,37.03125,95.78125,95.78125,95.78125,12.2787958477509,1,1,2,4.70625,95.78125,95.78125,95.78125,95.78125
E01026014,East Midlands,E07000136,Boston,819,32.6526492334495,0,0.211233211233211,1,1,0,21.1233211233211,100,100,23.2265084226646,0,1,1,1,0,93.4065934065934,93.4065934065934,93.4065934065934,14.7159928534967,0.84981684981685,1,2,3.87912087912088,80.9523809523809,93.4065934065934,93.4065934065934,93.4065934065934
E01026015,East Midlands,E07000136,Boston,659,31.21563637591,0,0.585735963581184,1,1,0,58.5735963581184,100,100,18.8018003913894,0,1,1,1,0,88.0121396054628,88.0121396054628,88.0121396054628,14.0175799086758,0.776934749620637,1,2,5,72.5341426403642,88.0121396054628,88.0121396054628,88.0121396054628
E01026016,East Midlands,E07000136,Boston,1012,65.264593446516,0,0,0,0.714426877470356,0,0,0,71.4426877470356,60.4930038676407,0,0,0,0.594861660079051,0,0,0,59.4861660079051,26.0178727975935,0,1,1.6096837944664,6.8102766798419,0,100,100,100
E01026017,East Midlands,E07000136,Boston,709,70.5399933518196,0,0,0,0.325811001410437,0,0,0,32.5811001410437,58.0896109693877,0,0,0,0.684062059238364,0,0,0,57.4047954866008,24.7124170918367,0,1,1,6,0,86.8829337094499,86.8829337094499,86.8829337094499
E01026018,East Midlands,E07000136,Boston,734,41.5245253338204,0,0,0.692098092643052,1,0,0,69.2098092643052,100,36.4076553341149,0,0,1,1,0,0,87.7384196185286,87.7384196185286,19.062631887456,0,1,1,6.95776566757493,0,87.7384196185286,87.7384196185286,87.7384196185286
E01026019,East Midlands,E07000136,Boston,1191,49.8727970656767,0,0,0.71872376154492,0.927791771620487,0,0,71.872376154492,92.7791771620487,40.1003632401017,0,0,0.927791771620487,1,0,0,69.1855583543241,76.4063811922754,20.5175263349074,0,1,1,6,0,76.4063811922754,76.4063811922754,76.4063811922754
E01026020,East Midlands,E07000136,Boston,949,45.7538536229152,0,0,0.83245521601686,0.83245521601686,0,0,83.245521601686,83.245521601686,39.7507305543618,0,0,1,1,0,0,91.5700737618546,91.5700737618546,20.0106746884401,0,1,1,6.16754478398314,0,91.5700737618546,91.5700737618546,91.5700737618546
E01026021,East Midlands,E07000136,Boston,786,16.9224305477164,0.384223918575064,1,1,1,38.4223918575064,100,100,100,12.5767112597547,0.88676844783715,1,1,1,85.2417302798982,96.5648854961832,96.5648854961832,96.5648854961832,10.3666053511706,1,1,2,5.20737913486005,96.5648854961832,96.5648854961832,96.5648854961832,96.5648854961832
E01026022,East Midlands,E07000136,Boston,890,17.6240226883028,0.353932584269663,1,1,1,35.3932584269663,100,100,100,11.9648630783758,0.838202247191011,1,1,1,71.3483146067416,87.5280898876404,87.5280898876404,87.5280898876404,10.6913739376771,1,1,2,5,87.5280898876404,87.5280898876404,87.5280898876404,87.5280898876404
E01026023,East Midlands,E07000136,Boston,603,40.2953691671183,0,0,1.70149253731343,1.85074626865672,0,0,85.0746268656716,100,58.2533846153846,0,0,0,0.850746268656716,0,0,0,74.6268656716418,21.9802637362637,0,2,2,3,0,89.5522388059701,89.5522388059701,89.5522388059701
E01026024,East Midlands,E07000136,Boston,850,69.2513506970098,0,0,0.618823529411765,1.23764705882353,0,0,61.8823529411765,61.8823529411765,49.4145715725806,0,0,0,1,0,0,0,93.0588235294118,20.3507157258065,0,1.61882352941176,2,3,0,93.0588235294118,93.0588235294118,93.0588235294118
E01026025,East Midlands,E07000136,Boston,1013,21.7720317379307,0,1,1,1.11451135241856,0,100,100,100,16.7677106005643,0.323790720631787,1,1,1,32.3790720631787,93.0898321816387,93.0898321816387,93.0898321816387,12.7257114066909,1,1,2,6.11451135241856,93.0898321816387,93.0898321816387,93.0898321816387,93.0898321816387
E01026026,East Midlands,E07000136,Boston,840,27.522196526213,0,0.808333333333333,1,1,0,80.8333333333333,100,100,17.0967228557263,0,1,1,1,0,97.0238095238095,97.0238095238095,97.0238095238095,12.9553197818542,1,1,2,5,97.0238095238095,97.0238095238095,97.0238095238095,97.0238095238095
E01026027,East Midlands,E07000136,Boston,780,30.5459647820838,0,0.279487179487179,1,1,0,27.9487179487179,100,100,19.0643266171792,0,1,1,1,0,95.6410256410256,95.6410256410256,95.6410256410256,13.5361611876988,1,1,2,5.27948717948718,95.6410256410256,95.6410256410256,95.6410256410256,95.6410256410256
E01026028,East Midlands,E07000136,Boston,872,20.2184390130349,0,1,1,1,0,100,100,100,14.5999575146044,0.838302752293578,1,1,1,76.1467889908257,92.3165137614679,92.3165137614679,92.3165137614679,11.8085236325013,1,1,2,5.40252293577982,92.3165137614679,92.3165137614679,92.3165137614679,92.3165137614679
E01026029,East Midlands,E07000136,Boston,1033,41.5707876107306,0,0,0.602129719264279,1,0,0,60.2129719264279,100,24.6296464823241,0,1,1,1,0,85.9632139399806,85.9632139399806,85.9632139399806,16.6661743087154,0,1,1.30590513068732,6.60212971926428,0,85.9632139399806,85.9632139399806,85.9632139399806
E01026030,East Midlands,E07000136,Boston,1020,25.935790659619,0,1,1,2,0,100,100,100,20.0020238095238,0,1,1,1,0,98.3333333333333,98.3333333333333,98.3333333333333,14.8170110544218,0.611764705882353,1,2,5.97352941176471,59.5098039215686,98.3333333333333,98.3333333333333,98.3333333333333
E01026031,East Midlands,E07000136,Boston,633,31.3986512592861,0,0.210110584518167,1,1.20379146919431,0,21.0110584518167,100,100,21.8749132176235,0,1,1,1,0,92.8909952606635,92.8909952606635,92.8909952606635,15.9704606141522,0,1,2,5.21011058451817,0,92.8909952606635,92.8909952606635,92.8909952606635
E01026032,East Midlands,E07000136,Boston,804,25.629321061195,0,1,1,2,0,100,100,100,19.1478584995252,0,1,1,1,0,96.0199004975124,96.0199004975124,96.0199004975124,14.4144586894587,1,1,2,5.16666666666667,96.0199004975124,96.0199004975124,96.0199004975124,96.0199004975124
E01026033,East Midlands,E07000136,Boston,809,52.4954969549276,0,0,0.322620519159456,0.843016069221261,0,0,32.2620519159456,84.3016069221261,56.4330831643002,0,0,0.160692212608158,0.838071693448702,0,0,16.0692212608158,74.2892459826947,26.4272870182556,0,0.838071693448702,1.5203955500618,6.76390605686032,0,74.2892459826947,90.4820766378245,90.4820766378245
E01026034,East Midlands,E07000136,Boston,815,56.1629908102137,0,0,0,0.849079754601227,0,0,0,84.9079754601227,57.0893036211699,0,0,0,1,0,0,0,95.4601226993865,24.8056601671309,0,1,1.73006134969325,9,0,95.4601226993865,95.4601226993865,95.4601226993865
E01026035,East Midlands,E07000136,Boston,893,30.4503729507508,0,0.501679731243001,1,1,0,50.1679731243001,100,100,23.9005038236617,0,1,1,1,0,94.2889137737962,94.2889137737962,94.2889137737962,16.4914080071975,0,1,1.67301231802912,5.24636058230683,0,94.2889137737962,94.2889137737962,94.2889137737962
E01026036,East Midlands,E07000136,Boston,704,19.942476073346,0,1,1,1.59659090909091,0,100,100,100,14.5360741138561,0.580965909090909,1,1,1,58.0965909090909,91.3352272727273,91.3352272727273,91.3352272727273,11.9939205155746,1,1,2,5.41903409090909,91.3352272727273,91.3352272727273,91.3352272727273,91.3352272727273
E01026037,East Midlands,E07000136,Boston,615,25.4266294644291,0,1,1,1.8,0,100,100,100,15.9344987468672,0,1,1,1,0,93.6585365853659,93.6585365853659,93.6585365853659,13.2136466165414,1,1,2,5,93.6585365853659,93.6585365853659,93.6585365853659,93.6585365853659
E01026038,East Midlands,E07000136,Boston,588,35.0429597673386,0,0.209183673469388,1,1,0,20.9183673469388,100,100,18.7632476635514,0,1,1,1,0,85.8843537414966,85.8843537414966,85.8843537414966,13.3361682242991,1,1,2,5,85.8843537414966,85.8843537414966,85.8843537414966,85.8843537414966
E01026039,East Midlands,E07000136,Boston,505,35.7492395133026,0,0,1,1,0,0,100,100,27.0513553719008,0,1,1,1,0,100,100,100,16.9037438016529,0,1,1.24158415841584,6.73069306930693,0,100,100,100
E01026040,East Midlands,E07000136,Boston,509,43.0100766688722,0,0,0.734774066797642,1,0,0,73.4774066797642,100,27.2662251148545,0,1,1,1,0,95.8742632612967,95.8742632612967,95.8742632612967,16.9366079632466,0,1,1.49115913555992,7,0,95.8742632612967,95.8742632612967,95.8742632612967
E01026041,East Midlands,E07000136,Boston,628,37.8368048333726,0,0,1,1,0,0,100,100,29.1348229088169,0,1,1,1,0,92.6751592356688,92.6751592356688,92.6751592356688,17.2762019593067,0,1,1,7,0,92.6751592356688,92.6751592356688,92.6751592356688
E01026042,East Midlands,E07000137,East Lindsey,683,40.9295959585785,0,0,1,2.3909224011713,0,0,100,100,80.9614946619217,0,0,0,0,0,0,0,0,26.6951482799525,0,2,3,4,0,97.8038067349927,97.8038067349927,97.8038067349927
E01026043,East Midlands,E07000137,East Lindsey,733,42.5589935387062,0,0,0.552523874488404,2.4474761255116,0,0,55.2523874488404,100,80.5389819662594,0,0,0,0,0,0,0,0,26.4538219895288,0,2,3,4,0,85.5388813096862,85.5388813096862,85.5388813096862
E01026044,East Midlands,E07000137,East Lindsey,598,52.4774098002192,0,0,0.40133779264214,1.25250836120401,0,0,40.133779264214,85.1170568561873,78.8523157110946,0,0,0,0,0,0,0,0,28.6760536113179,0,0.821070234113712,2.21404682274247,4,0,71.9063545150502,89.7993311036789,89.7993311036789
E01026045,East Midlands,E07000137,East Lindsey,877,36.1304763903205,0,0.428734321550741,1.22462941847206,1.85404789053592,0,42.8734321550741,92.7023945267959,92.7023945267959,44.858313253012,0,0.258836944127708,0.501710376282782,0.501710376282782,0,25.8836944127708,44.6978335233751,44.6978335233751,17.2096659364732,0.428734321550741,2,2.12770809578107,5.49828962371722,37.400228050171,89.9657924743444,89.9657924743444,89.9657924743444
E01026046,East Midlands,E07000137,East Lindsey,540,27.6187986502127,0,0.725925925925926,1,1,0,72.5925925925926,100,100,30.4692941176471,0,0.237037037037037,1,1,0,23.7037037037037,92.962962962963,92.962962962963,13.5154789915966,1,1,3,4,92.962962962963,92.962962962963,92.962962962963,92.962962962963
E01026047,East Midlands,E07000137,East Lindsey,598,30.22689747868,0,0.376254180602007,1,1,0,37.6254180602007,100,100,33.6414101531023,0,0,1,1,0,0,95.6521739130435,95.6521739130435,14.8887912973409,0.623745819397993,1,3,4,58.0267558528428,95.6521739130435,95.6521739130435,95.6521739130435
E01026048,East Midlands,E07000137,East Lindsey,770,32.6510280855565,0,0.175324675324675,1,1,0,17.5324675324675,100,100,46.6491694133158,0,0,0.161038961038961,1,0,0,13.1168831168831,97.012987012987,21.2292155570204,0,1,2,3,0,97.012987012987,97.012987012987,97.012987012987
E01026049,East Midlands,E07000137,East Lindsey,739,53.3532691611945,0,0,0.511502029769959,0.741542625169147,0,0,51.1502029769959,74.1542625169147,53.0073759791123,0,0,0,0.741542625169147,0,0,0,73.0717185385656,23.3380483028721,0,1,2,3,0,98.9174560216509,98.9174560216509,98.9174560216509
E01026050,East Midlands,E07000137,East Lindsey,813,36.2373240564572,0,0,1,1,0,0,100,100,47.3468639798489,0,0,0,1,0,0,0,89.6678966789668,21.5989294710328,0,1,2,3,0,89.6678966789668,89.6678966789668,89.6678966789668
E01026051,East Midlands,E07000137,East Lindsey,534,49.8896263427227,0,0,0,1,0,0,0,100,79.8807321131448,0,0,0,0,0,0,0,0,31.0932529118136,0,0.0823970037453183,3,5.91760299625468,0,8.23970037453183,97.5655430711611,97.5655430711611
E01026052,East Midlands,E07000137,East Lindsey,655,42.9794572568407,0,0,0.827480916030534,1,0,0,82.7480916030534,100,80.8613893557423,0,0,0,0,0,0,0,0,33.2862464985994,0,0,1.62290076335878,5,0,0,77.7099236641221,77.7099236641221
E01026053,East Midlands,E07000137,East Lindsey,777,51.3188877989914,0,0,0,1,0,0,0,100,88.845642384106,0,0,0,0,0,0,0,0,34.6022958057395,0,0,2,5.24710424710425,0,0,97.039897039897,97.039897039897
E01026054,East Midlands,E07000137,East Lindsey,738,44.3441674834804,0,0,0.615176151761518,1,0,0,61.5176151761518,100,85.9669824561403,0,0,0,0,0,0,0,0,34.0540087719298,0,0,2.10975609756098,5.34552845528455,0,0,100,100
E01026055,East Midlands,E07000137,East Lindsey,493,120,0,0,0,0,0,0,0,0,56.6361024702653,0,0,0.13184584178499,0.553752535496957,0,0,13.184584178499,59.6348884381339,23.0894602012809,0,1,3,4,0,100,100,100
E01026056,East Midlands,E07000137,East Lindsey,482,26.9790598005311,0.238589211618257,0.45643153526971,1,1,23.8589211618257,45.643153526971,100,100,33.2744615384615,0,0.238589211618257,0.724066390041494,1,0,23.8589211618257,71.5767634854772,99.1701244813278,14.4717606837607,0.45643153526971,1,3,3.27593360995851,44.8132780082988,99.1701244813278,99.1701244813278,99.1701244813278
E01026057,East Midlands,E07000137,East Lindsey,839,43.3933561537702,0,0.368295589988081,0.368295589988081,0.860548271752086,0,36.8295589988081,36.8295589988081,86.0548271752086,42.242373319545,0,0.294398092967819,0.6626936829559,0.856972586412396,0,29.4398092967819,62.2169249106079,79.8569725864124,18.3186194415719,0.294398092967819,1,1.96901072705602,3.86054827175209,29.4398092967819,94.1597139451728,94.1597139451728,94.1597139451728
E01026058,East Midlands,E07000137,East Lindsey,930,33.7389113768908,0,0,1,1,0,0,100,100,36.1871143375681,0,0,1,1,0,0,99.4623655913979,99.4623655913979,15.5898548094374,0.280645161290323,1,2.80430107526882,4.91505376344086,27.741935483871,99.4623655913979,99.4623655913979,99.4623655913979
E01026059,East Midlands,E07000137,East Lindsey,460,49.920398843819,0,0,0.339130434782609,1,0,0,33.9130434782609,100,77.3088283378747,0,0,0,0,0,0,0,0,27.1207629427793,0,1.1,3,4.76086956521739,0,55.8695652173913,79.7826086956522,79.7826086956522
E01026060,East Midlands,E07000137,East Lindsey,576,73.3133826352819,0,0,0,0.546875,0,0,0,54.6875,81.2054709871891,0,0,0,0,0,0,0,0,27.156857573474,0,1.546875,3,5,0,100,100,100
E01026061,East Midlands,E07000137,East Lindsey,511,29.7000002105926,0,0.5146771037182,1.73972602739726,2,0,51.46771037182,100,100,28.4287139107612,0,1,1,1,0,94.3248532289628,94.3248532289628,94.3248532289628,15.4822484689414,0,2,2,3,0,94.3248532289628,94.3248532289628,94.3248532289628
E01026062,East Midlands,E07000137,East Lindsey,533,28.1859306296557,0,0.75422138836773,1.75422138836773,2,0,75.422138836773,100,100,28.3513848768054,0,1,1,1,0,88.5553470919325,88.5553470919325,88.5553470919325,15.0816737468139,0.49343339587242,2,2,3.24202626641651,37.8986866791745,88.5553470919325,88.5553470919325,88.5553470919325
E01026063,East Midlands,E07000137,East Lindsey,566,28.3005134257095,0,0.745583038869258,1,2,0,74.5583038869258,100,100,24.9881674565561,0,1,1,1,0,100,100,100,13.9715481832543,1,2,2,3,100,100,100,100
E01026064,East Midlands,E07000137,East Lindsey,665,65.5405191484242,0,0,0,0,0,0,0,0,88.6064870538838,0,0,0,0,0,0,0,0,28.0587053883835,0,1,4,5,0,92.781954887218,92.781954887218,92.781954887218
E01026065,East Midlands,E07000137,East Lindsey,843,62.4562949121709,0,0,0,0.383155397390273,0,0,0,38.3155397390273,85.8044149512459,0,0,0,0,0,0,0,0,26.2218201516793,0,1,4,5,0,93.9501779359431,93.9501779359431,93.9501779359431
E01026066,East Midlands,E07000137,East Lindsey,892,58.6289106295387,0,0,0,0.871076233183857,0,0,0,87.1076233183856,89.1951983077737,0,0,0,0,0,0,0,0,28.1714595452142,0,1,4,5,0,86.4349775784753,86.4349775784753,86.4349775784753
E01026067,East Midlands,E07000137,East Lindsey,950,57.8785102627941,0,0,0,0.814736842105263,0,0,0,81.4736842105263,86.3486391752577,0,0,0,0,0,0,0,0,26.879293814433,0,1,4,5,0,94.6315789473684,94.6315789473684,94.6315789473684
E01026068,East Midlands,E07000137,East Lindsey,960,68.9370472303784,0,0,0.205208333333333,0.83125,0,0,20.5208333333333,64.5833333333333,72.4503530534351,0,0,0,0.0895833333333333,0,0,0,8.95833333333333,23.1802528625954,0,1.80833333333333,3.29583333333333,4.86041666666667,0,100,100,100
E01026069,East Midlands,E07000137,East Lindsey,997,26.2548912952437,0,0.857572718154463,1,1,0,85.7572718154463,100,100,29.3802865329513,0,0.364092276830492,1,1,0,36.4092276830492,89.5687061183551,89.5687061183551,15.2231109291854,0.243731193580742,1,2,3,24.3731193580742,89.5687061183551,89.5687061183551,89.5687061183551
E01026070,East Midlands,E07000137,East Lindsey,853,34.8012909436263,0,0.638921453692849,0.638921453692849,0.968347010550996,0,63.8921453692849,63.8921453692849,86.1664712778429,25.2215241057543,0.0797186400937866,0.885111371629543,1,1,7.97186400937866,84.4079718640094,96.2485345838218,96.2485345838218,11.7776516329705,1,1.1348182883939,3.22157092614302,5.24150058616647,96.2485345838218,96.2485345838218,96.2485345838218,96.2485345838218
E01026071,East Midlands,E07000137,East Lindsey,968,89.1977196988869,0,0.0795454545454545,0.287190082644628,0.415289256198347,0,7.95454545454545,20.7644628099174,20.7644628099174,54.9774500696702,0,0,0,0.716942148760331,0,0,0,71.6942148760331,19.8942731072922,0,1,3,5.95454545454545,0,100,100,100
E01026072,East Midlands,E07000137,East Lindsey,903,53.5613941449171,0,0,0,1,0,0,0,100,95.6601364522417,0,0,0,0,0,0,0,0,31.9553703703704,0,0,2,4,0,0,92.0265780730897,92.0265780730897
E01026073,East Midlands,E07000137,East Lindsey,959,56.0222623726819,0,0,0,1,0,0,0,100,97.8449548592671,0,0,0,0,0,0,0,0,33.3585979819437,0,0,2,4,0,0,88.1126173096976,88.1126173096976
E01026074,East Midlands,E07000137,East Lindsey,982,63.9647012464122,0,0,0,0.259674134419552,0,0,0,25.9674134419552,95.8828004022122,0,0,0,0,0,0,0,0,33.254590246355,0,0,2,4,0,0,94.6028513238289,94.6028513238289
E01026075,East Midlands,E07000137,East Lindsey,944,57.4162137787857,0,0,0.156779661016949,0.908898305084746,0,0,15.6779661016949,90.8898305084746,77.9419368131868,0,0,0,0.0783898305084746,0,0,0,10.6991525423729,26.9831639194139,0,0.822033898305085,2.76483050847458,5.47351694915254,0,81.1440677966102,98.9406779661017,98.9406779661017
E01026076,East Midlands,E07000137,East Lindsey,948,49.3422169640379,0,0.110759493670886,0.328059071729958,0.918776371308017,0,11.0759493670886,32.8059071729958,91.8776371308017,51.7871933962264,0,0.110759493670886,0.328059071729958,0.659282700421941,0,11.0759493670886,37.4472573839662,70.5696202531646,22.8173773584906,0,1.73523206751055,2,3.32805907172996,0,96.9409282700422,96.9409282700422,96.9409282700422
E01026077,East Midlands,E07000137,East Lindsey,511,16.0676267937405,0.23091976516634,1,1,2,23.091976516634,100,100,100,10.5064436619718,1,1,1,1,100,100,100,100,8.25508450704225,1,2,3,5.73385518590998,100,100,100,100
E01026078,East Midlands,E07000137,East Lindsey,480,15.6022314259062,0.50625,1,1,2,50.625,100,100,100,10.7075298438935,1,1,1,1,94.7916666666667,94.7916666666667,94.7916666666667,94.7916666666667,8.19629935720845,1,2,3,5.23541666666667,94.7916666666667,94.7916666666667,94.7916666666667,94.7916666666667
E01026079,East Midlands,E07000137,East Lindsey,858,67.633706910992,0,0,0,0,0,0,0,0,67.5749946977731,0,0,0,0.110722610722611,0,0,0,11.0722610722611,24.8033138918346,0,1,2,3,0,89.8601398601399,89.8601398601399,89.8601398601399
E01026080,East Midlands,E07000137,East Lindsey,867,37.2529373129558,0,0,1.6078431372549,1.74855824682814,0,0,85.9284890426759,100,46.2822250903459,0,0,0.382929642445213,1.74855824682814,0,0,36.4475201845444,98.1545559400231,18.2348528652555,0,2,2,4,0,98.1545559400231,98.1545559400231,98.1545559400231
E01026081,East Midlands,E07000137,East Lindsey,1195,9.70935577722361,1,1,1,1.10794979079498,100,100,100,100,8.24,1,1,1,1,94.7280334728033,94.7280334728033,94.7280334728033,94.7280334728033,7.58458021612635,1,1.56066945606695,3,5.10794979079498,94.7280334728033,94.7280334728033,94.7280334728033,94.7280334728033
E01026082,East Midlands,E07000137,East Lindsey,1022,99.9918328014524,0,0,0,0.0968688845401174,0,0,0,9.68688845401174,99.6376331877729,0,0,0,0,0,0,0,0,33.850192139738,0,0.154598825831703,2.87671232876712,5.27397260273973,0,15.4598825831703,92.6614481409002,92.6614481409002
E01026083,East Midlands,E07000137,East Lindsey,810,13.0519914943605,1,1,1,1,100,100,100,100,10.8942130620985,1,1,1,1,96.9135802469136,96.9135802469136,96.9135802469136,96.9135802469136,8.31267130620985,1,1,3,3.42345679012346,96.9135802469136,96.9135802469136,96.9135802469136,96.9135802469136
E01026084,East Midlands,E07000137,East Lindsey,696,12.3899186301813,1,1,1,1,100,100,100,100,10.4601813633521,1,1,1,1,97.4137931034483,97.4137931034483,97.4137931034483,97.4137931034483,8.35310819262039,1,1,3,3.13505747126437,97.4137931034483,97.4137931034483,97.4137931034483,97.4137931034483
E01026085,East Midlands,E07000137,East Lindsey,1114,17.7757332109159,0.211849192100539,1,1,1,21.1849192100539,100,100,100,15.0437101572461,0.59245960502693,1,1,1,57.4506283662478,94.4344703770198,94.4344703770198,94.4344703770198,10.4495962600935,1,1,3,3.11041292639138,94.4344703770198,94.4344703770198,94.4344703770198,94.4344703770198
E01026087,East Midlands,E07000137,East Lindsey,498,20.693342013999,0,1,1,1,0,100,100,100,12.175012987013,1,1,1,1,94.1767068273092,94.1767068273092,94.1767068273092,94.1767068273092,10.1390562770563,1,1.73895582329317,3,5,94.1767068273092,94.1767068273092,94.1767068273092,94.1767068273092
E01026088,East Midlands,E07000137,East Lindsey,558,22.5650509996581,0,1,1,1,0,100,100,100,12.2278728070175,1,1,1,1,92.6523297491039,92.6523297491039,92.6523297491039,92.6523297491039,10.2560745614035,1,1.72222222222222,3,5,92.6523297491039,92.6523297491039,92.6523297491039,92.6523297491039
E01026089,East Midlands,E07000137,East Lindsey,987,11.1904486836202,0.761904761904762,1,1,1.2451874366768,76.1904761904762,100,100,100,8.81491124260355,1,1,1,1,95.339412360689,95.339412360689,95.339412360689,95.339412360689,7.47705128205128,1,1.2451874366768,3,5.38399189463019,95.339412360689,95.339412360689,95.339412360689,95.339412360689
E01026090,East Midlands,E07000137,East Lindsey,621,17.615381119966,0,1,1,1,0,100,100,100,11.5845891931902,1,1,1,1,90.1771336553945,90.1771336553945,90.1771336553945,90.1771336553945,8.63189489267209,1,1,3,5,90.1771336553945,90.1771336553945,90.1771336553945,90.1771336553945
E01026091,East Midlands,E07000137,East Lindsey,486,18.3144447946141,0,1,1,1,0,100,100,100,12.5294871794872,1,1,1,1,91.358024691358,91.358024691358,91.358024691358,91.358024691358,8.89299145299145,1,1,3,5,91.358024691358,91.358024691358,91.358024691358,91.358024691358
E01026092,East Midlands,E07000137,East Lindsey,641,4.91093023255814,1,1,1,1,100,100,100,100,7.07310533515732,1,1,1,1,98.2839313572543,98.2839313572543,98.2839313572543,98.2839313572543,6.6152462380301,1,1,3,3,98.2839313572543,98.2839313572543,98.2839313572543,98.2839313572543
E01026093,East Midlands,E07000137,East Lindsey,867,9.6187400003605,0.830449826989619,1,1,1,83.0449826989619,100,100,100,8.49287343215507,1,1,1,1,89.9653979238754,89.9653979238754,89.9653979238754,89.9653979238754,7.6611858608894,1,1,3,3,89.9653979238754,89.9653979238754,89.9653979238754,89.9653979238754
E01026094,East Midlands,E07000137,East Lindsey,850,13.3816442884393,0.708235294117647,1,1,1,70.8235294117647,100,100,100,10.2999593259733,1,1,1,1,82.7058823529412,82.7058823529412,82.7058823529412,82.7058823529412,8.0860023242301,1,1,3,3,82.7058823529412,82.7058823529412,82.7058823529412,82.7058823529412
E01026095,East Midlands,E07000137,East Lindsey,491,17.5082356000042,0,1,1,1,0,100,100,100,11.6983239775461,1,1,1,1,100,100,100,100,9.21978348035285,1,1,3,3,100,100,100,100
E01026096,East Midlands,E07000137,East Lindsey,624,17.7559325067621,0,1,1,1,0,100,100,100,13.0788564002599,0.814102564102564,1,1,1,78.6858974358974,97.275641025641,97.275641025641,97.275641025641,10.1456400259909,1,1,3,3,97.275641025641,97.275641025641,97.275641025641,97.275641025641
E01026097,East Midlands,E07000137,East Lindsey,785,12.7856056153472,0.661146496815287,1,1,1,66.1146496815287,100,100,100,9.50731690140845,1,1,1,1,92.2292993630573,92.2292993630573,92.2292993630573,92.2292993630573,8.48302816901408,1,1,3,3,92.2292993630573,92.2292993630573,92.2292993630573,92.2292993630573
E01026098,East Midlands,E07000137,East Lindsey,896,24.3150899080237,0,0.842633928571429,1,1,0,84.2633928571429,100,100,31.2439970859641,0,0.743303571428571,1,1,0,65.7366071428571,92.7455357142857,92.7455357142857,14.4399902865469,0.743303571428571,1,2.45535714285714,3,65.7366071428571,92.7455357142857,92.7455357142857,92.7455357142857
E01026099,East Midlands,E07000137,East Lindsey,905,70.3946999123776,0,0,0,0.0574585635359116,0,0,0,5.74585635359116,62.5633889161354,0,0,0.0574585635359116,0.249723756906077,0,0,11.1602209944751,30.3867403314917,23.6400196174595,0,1,2.11381215469613,3.76795580110497,0,100,100,100
E01026100,East Midlands,E07000137,East Lindsey,823,51.0679044189124,0,0,0,1.86391251518834,0,0,0,100,76.0110721982759,0,0,0,0,0,0,0,0,25.4841918103448,0,1,3,5,0,100,100,100
E01026101,East Midlands,E07000137,East Lindsey,602,46.8710262653956,0,0,0.239202657807309,2,0,0,23.9202657807309,100,77.9423435225619,0,0,0,0,0,0,0,0,24.79865356623,0,1.97508305647841,3,5,0,85.8803986710963,85.8803986710963,85.8803986710963
E01026102,East Midlands,E07000137,East Lindsey,963,48.6142159623615,0,0.328141225337487,0.531671858774663,0.863966770508827,0,32.8141225337487,53.1671858774663,86.3966770508827,59.361686440678,0,0,0,0.531671858774663,0,0,0,47.6635514018692,22.6573940677966,0,1.25025960539979,3,3.21806853582555,0,94.4963655244029,94.4963655244029,94.4963655244029
E01026103,East Midlands,E07000137,East Lindsey,1027,56.0294561372091,0,0,0,1,0,0,0,100,91.1969230769231,0,0,0,0,0,0,0,0,35.2800636942675,0,0,2,4,0,0,97.078870496592,97.078870496592
E01026104,East Midlands,E07000137,East Lindsey,1105,65.3101517280668,0,0,0,0.233484162895928,0,0,0,23.3484162895928,87.0424163407214,0,0,0,0,0,0,0,0,33.598813559322,0,0,2,3.7447963800905,0,0,94.5701357466063,94.5701357466063
E01026105,East Midlands,E07000137,East Lindsey,977,100.298172321301,0,0,0,0.15353121801433,0,0,0,15.353121801433,74.4014957264957,0,0,0,0.213920163766633,0,0,0,10.3377686796315,26.4869135802469,0,0.950870010235415,3.23643807574207,5,0,63.6642784032753,83.9303991811668,83.9303991811668
E01026106,East Midlands,E07000137,East Lindsey,509,38.0123497578081,0,0,1,2,0,0,100,100,40.5902998379254,0,0,1,1,0,0,96.2671905697446,96.2671905697446,18.1532009724473,0,2,2,3,0,96.2671905697446,96.2671905697446,96.2671905697446
E01026107,East Midlands,E07000137,East Lindsey,492,45.7222078749126,0,0,0.447154471544715,1.44715447154472,0,0,44.7154471544715,100,54.4431316434996,0,0,0.280487804878049,0.666666666666667,0,0,28.0487804878049,70.5284552845528,24.0146524938675,0,2,2,2.5,0,100,100,100
E01026108,East Midlands,E07000137,East Lindsey,1070,18.2232774088309,0,1,1,1,0,100,100,100,11.7144394435352,1,1,1,1,89.6261682242991,89.6261682242991,89.6261682242991,89.6261682242991,9.82556873977087,1,1.17196261682243,3,5,89.6261682242991,89.6261682242991,89.6261682242991,89.6261682242991
E01026109,East Midlands,E07000137,East Lindsey,1170,60.374888777563,0,0,0,0.551282051282051,0,0,0,55.1282051282051,98.3212684085511,0,0,0,0,0,0,0,0,35.3589548693587,0,0,2,4,0,0,96.0683760683761,96.0683760683761
E01026110,East Midlands,E07000137,East Lindsey,656,28.994098476179,0,0.913109756097561,0.913109756097561,1.47408536585366,0,91.3109756097561,91.3109756097561,100,40.5762978427279,0,0,0.913109756097561,1,0,0,91.3109756097561,100,16.0423103688239,0.207317073170732,1,3,3,20.7317073170732,100,100,100
E01026111,East Midlands,E07000137,East Lindsey,664,37.3491648252368,0,0.22289156626506,0.831325301204819,1.83132530120482,0,22.289156626506,83.1325301204819,100,58.2667868437698,0,0,0,0.831325301204819,0,0,0,68.2228915662651,19.9117204301075,0,1.83132530120482,2,3,0,85.0903614457831,85.0903614457831,85.0903614457831
E01026112,East Midlands,E07000137,East Lindsey,510,23.5080205414052,0,1,1,1.47647058823529,0,100,100,100,38.6266854384554,0,0,1,1,0,0,93.5294117647059,93.5294117647059,15.2688576025744,0.737254901960784,1,2.73725490196078,3,73.7254901960784,93.5294117647059,93.5294117647059,93.5294117647059
E01026113,East Midlands,E07000137,East Lindsey,903,57.1569221169441,0,0,0.0786267995570321,0.942414174972315,0,0,7.86267995570321,75.5260243632337,59.2574885145482,0,0,0.169435215946844,0.471760797342193,0,0,16.9435215946844,47.1760797342193,22.4573557937723,0,1.26024363233666,2.59911406423034,4.07862679955703,0,82.5027685492802,82.5027685492802,82.5027685492802
E01026114,East Midlands,E07000137,East Lindsey,743,12.1084141212722,1,1,1,1,100,100,100,100,9.51125414731254,1,1,1,1,87.6177658142665,87.6177658142665,87.6177658142665,87.6177658142665,8.16544790975448,1,1,3,3,87.6177658142665,87.6177658142665,87.6177658142665,87.6177658142665
E01026115,East Midlands,E07000137,East Lindsey,817,18.4253553142984,0,1,1,1,0,100,100,100,16.7451086318262,0,1,1,1,0,92.5336597307222,92.5336597307222,92.5336597307222,11.0653552554316,1,1,3,3,92.5336597307222,92.5336597307222,92.5336597307222,92.5336597307222
E01026116,East Midlands,E07000137,East Lindsey,726,15.7229521861572,0.152892561983471,1,1,1,15.2892561983471,100,100,100,12.436528588098,1,1,1,1,93.3884297520661,93.3884297520661,93.3884297520661,93.3884297520661,9.37891481913652,1,1,3,3,93.3884297520661,93.3884297520661,93.3884297520661,93.3884297520661
E01026117,East Midlands,E07000137,East Lindsey,792,52.0656530920383,0,0.108585858585859,0.676767676767677,0.676767676767677,0,10.8585858585859,67.6767676767677,67.6767676767677,63.4384513274336,0,0,0.108585858585859,0.601010101010101,0,0,12.7525252525253,65.4040404040404,23.1555696902655,0,1,2.52525252525253,4.10858585858586,0,100,100,100
E01026118,East Midlands,E07000137,East Lindsey,790,66.8837233412344,0,0,0,0,0,0,0,0,108.551308744795,0,0,0,0,0,0,0,0,38.6747709696609,0,0,3,6.28481012658228,0,0,90,90
E01026119,East Midlands,E07000137,East Lindsey,510,73.9280547432854,0,0,0,0,0,0,0,0,105.091103388358,0,0,0,0,0,0,0,0,36.6570373588184,0,0,3,6.25686274509804,0,0,94.1176470588235,94.1176470588235
E01026120,East Midlands,E07000137,East Lindsey,674,63.5608663830304,0,0,0,0.192878338278932,0,0,0,19.2878338278932,107.208251214434,0,0,0,0,0,0,0,0,37.1467661346287,0,0,3,7,0,0,90.5044510385757,90.5044510385757
E01026121,East Midlands,E07000137,East Lindsey,1126,40.0181653640729,0,0,1.32948490230906,1.81705150976909,0,0,86.8561278863233,94.8490230905861,74.9016111328891,0,0,0,0,0,0,0,0,25.8722500980008,0,1.86856127886323,2.69271758436945,6.28241563055062,0,98.5790408525755,98.5790408525755,98.5790408525755
E01026122,East Midlands,E07000138,Lincoln,771,14.852397936267,0.49935149156939,1,1,1,49.935149156939,100,100,100,10.1552466843501,1,1,1,1,89.6238651102464,89.6238651102464,89.6238651102464,89.6238651102464,8.7763925729443,1,1,2.66407263294423,8.18158236057069,89.6238651102464,89.6238651102464,89.6238651102464,89.6238651102464
E01026123,East Midlands,E07000138,Lincoln,1038,15.9667480191289,0.275529865125241,1,1,1,27.5529865125241,100,100,100,11.721613570542,0.782273603082852,1,1,1,71.7726396917148,91.4258188824663,91.4258188824663,91.4258188824663,9.55374017376913,1,1,2.33140655105973,7,91.4258188824663,91.4258188824663,91.4258188824663,91.4258188824663
E01026124,East Midlands,E07000138,Lincoln,664,10.1794871794872,1,1,1,1,100,100,100,100,8.40295809881176,1,1,1,1,93.6746987951807,93.6746987951807,93.6746987951807,93.6746987951807,7.4079612257661,1,1,2,7.79969879518072,93.6746987951807,93.6746987951807,93.6746987951807,93.6746987951807
E01026125,East Midlands,E07000138,Lincoln,515,10.9563636363636,1,1,1,1,100,100,100,100,9.01611395646607,1,1,1,1,100,100,100,100,8.0409218950064,1,1,2,7.77669902912621,100,100,100,100
E01026126,East Midlands,E07000138,Lincoln,877,13.6884210526316,0.842645381984036,1,1,1,84.2645381984036,100,100,100,9.64316326530612,1,1,1,1,92.1322690992018,92.1322690992018,92.1322690992018,92.1322690992018,8.08896348012889,1,1,2.32839224629418,8,92.1322690992018,92.1322690992018,92.1322690992018,92.1322690992018
E01026127,East Midlands,E07000138,Lincoln,658,51.3136550755971,0,0,0,1,0,0,0,100,35.6482618025751,0,0,1,1,0,0,95.7446808510638,95.7446808510638,19.6881187410587,0,1,4,7,0,95.7446808510638,95.7446808510638,95.7446808510638
E01026128,East Midlands,E07000138,Lincoln,1220,55.5412825217344,0,0,0,0.877868852459016,0,0,0,87.7868852459016,37.9428434622468,0,0,1,1,0,0,86.0655737704918,86.0655737704918,20.9283278084715,0,1,4,6.81639344262295,0,86.0655737704918,86.0655737704918,86.0655737704918
E01026129,East Midlands,E07000138,Lincoln,726,51.8333075673957,0,0,0,1,0,0,0,100,37.1620609418283,0,0,1,1,0,0,100,100,20.460675900277,0,1,4,7,0,100,100,100
E01026130,East Midlands,E07000138,Lincoln,605,51.0024861469921,0,0,0,1,0,0,0,100,33.6748060836502,0,0,1,1,0,0,94.2148760330578,94.2148760330578,19.4524942965779,0,1,4,7,0,94.2148760330578,94.2148760330578,94.2148760330578
E01026131,East Midlands,E07000138,Lincoln,614,48.9669155697981,0,0,0,1,0,0,0,100,33.5426863468635,0,0,1,1,0,0,96.5798045602606,96.5798045602606,19.0197638376384,0,1,4,7,0,96.5798045602606,96.5798045602606,96.5798045602606
E01026132,East Midlands,E07000138,Lincoln,808,27.6701986088661,0,0.918316831683168,1,1,0,91.8316831683168,100,100,15.5251431458404,0,1,1,1,0,67.3267326732673,67.3267326732673,67.3267326732673,12.3457157292017,1,1,2.48514851485149,7.91831683168317,67.3267326732673,67.3267326732673,67.3267326732673,67.3267326732673
E01026133,East Midlands,E07000138,Lincoln,1024,31.9584498186631,0,0.44921875,1,1,0,44.921875,100,100,17.6278948772679,0,1,1,1,0,91.6015625,91.6015625,91.6015625,13.482022411953,1,1,2.7080078125,7,91.6015625,91.6015625,91.6015625,91.6015625
E01026134,East Midlands,E07000138,Lincoln,788,30.4380980859175,0,0.49238578680203,1,1,0,49.238578680203,100,100,18.9406171284635,0,1,1,1,0,95.6852791878173,95.6852791878173,95.6852791878173,13.3069521410579,1,1,3,7,95.6852791878173,95.6852791878173,95.6852791878173,95.6852791878173
E01026135,East Midlands,E07000138,Lincoln,695,37.9759409452493,0,0,1,1,0,0,100,100,22.2137461679951,0,1,1,1,0,97.5539568345324,97.5539568345324,97.5539568345324,15.3540098099326,0.161151079136691,1,3,7.14388489208633,16.1151079136691,97.5539568345324,97.5539568345324,97.5539568345324
E01026136,East Midlands,E07000138,Lincoln,634,43.0593026707591,0,0,0.578864353312303,1,0,0,57.8864353312303,100,24.9809725158562,0,1,1,1,0,94.3217665615142,94.3217665615142,94.3217665615142,16.0025933756166,0,1,3.4211356466877,7.4211356466877,0,94.3217665615142,94.3217665615142,94.3217665615142
E01026137,East Midlands,E07000138,Lincoln,478,47.8574501128656,0,0,0.292887029288703,1,0,0,29.2887029288703,100,28.6621398124467,0,0.771966527196653,1,1,0,77.1966527196653,100,100,17.8138618925831,0,1,2.2928870292887,6.58577405857741,0,100,100,100
E01026138,East Midlands,E07000138,Lincoln,636,51.5506850959761,0,0,0,1,0,0,0,100,30.3781975486662,0,0.171383647798742,1,1,0,17.1383647798742,84.2767295597484,84.2767295597484,18.9939726027397,0,1,2,6,0,84.2767295597484,84.2767295597484,84.2767295597484
E01026139,East Midlands,E07000138,Lincoln,511,46.1510373949089,0,0,0.234833659491194,1,0,0,23.4833659491194,100,31.4163210445468,0,0.258317025440313,1,1,0,25.8317025440313,92.1722113502935,92.1722113502935,19.1981643625192,0,1,3.23483365949119,6.7573385518591,0,92.1722113502935,92.1722113502935,92.1722113502935
E01026140,East Midlands,E07000138,Lincoln,643,51.8220238392747,0,0,0,1,0,0,0,100,30.9816062992126,0,0,1,1,0,0,100,100,18.9795354330709,0,1,2.26594090202177,6,0,100,100,100
E01026141,East Midlands,E07000138,Lincoln,574,50.6331114089527,0,0,0,1,0,0,0,100,28.3581853035144,0,1,1,1,0,95.8188153310105,95.8188153310105,95.8188153310105,17.9205750798722,0,1,3.21602787456446,7,0,95.8188153310105,95.8188153310105,95.8188153310105
E01026142,East Midlands,E07000138,Lincoln,522,46.9703218460083,0,0,0,1,0,0,0,100,26.9475241935484,0,1,1,1,0,88.3141762452107,88.3141762452107,88.3141762452107,17.7468709677419,0,1,2.52490421455939,6,0,88.3141762452107,88.3141762452107,88.3141762452107
E01026143,East Midlands,E07000138,Lincoln,732,23.4541292298661,0,1,1,1,0,100,100,100,13.3109028340081,1,1,1,1,100,100,100,100,11.1547813765182,1,1,3.37295081967213,8,100,100,100,100
E01026144,East Midlands,E07000138,Lincoln,647,31.8333681272176,0,0,1,1,0,0,100,100,16.3402994011976,0,1,1,1,0,82.6893353941267,82.6893353941267,82.6893353941267,13.0547005988024,1,1,4,8,82.6893353941267,82.6893353941267,82.6893353941267,82.6893353941267
E01026145,East Midlands,E07000138,Lincoln,638,30.0863785486573,0,0.399686520376176,1,1,0,39.9686520376176,100,100,14.8179351969504,0.61128526645768,1,1,1,61.128526645768,100,100,100,12.0195870393901,1,1,3.78056426332288,8,100,100,100,100
E01026146,East Midlands,E07000138,Lincoln,748,27.6282822689627,0,0.834224598930481,1,1,0,83.4224598930481,100,100,15.0385553145336,0.495989304812834,1,1,1,49.5989304812834,95.5882352941177,95.5882352941177,95.5882352941177,12.5062386117137,1,1,4,8,95.5882352941177,95.5882352941177,95.5882352941177,95.5882352941177
E01026147,East Midlands,E07000138,Lincoln,1055,33.0652281456857,0,0.358293838862559,1,1,0,35.8293838862559,100,100,18.0827296027339,0.254028436018957,1,1,1,25.4028436018957,74.5023696682464,74.5023696682464,74.5023696682464,14.0844724476719,0.774407582938389,1,3.64170616113744,8.35829383886256,64.8341232227488,74.5023696682464,74.5023696682464,74.5023696682464
E01026148,East Midlands,E07000138,Lincoln,965,26.0476262034127,0,1,1,1,0,100,100,100,13.607223796034,1,1,1,1,95.0259067357513,95.0259067357513,95.0259067357513,95.0259067357513,11.6788045325779,1,1,3,8.61865284974093,95.0259067357513,95.0259067357513,95.0259067357513,95.0259067357513
E01026149,East Midlands,E07000138,Lincoln,816,31.1345367326391,0,0.307598039215686,1,1,0,30.7598039215686,100,100,19.79330472103,0,1,1,1,0,97.3039215686274,97.3039215686274,97.3039215686274,14.4100735744942,1,1,3,8.61642156862745,97.3039215686274,97.3039215686274,97.3039215686274,97.3039215686274
E01026150,East Midlands,E07000138,Lincoln,790,31.405365895686,0,0.173417721518987,1,1,0,17.3417721518987,100,100,18.8280428316478,0,1,1,1,0,94.6835443037975,94.6835443037975,94.6835443037975,13.1945508625818,1,1,3.16962025316456,9,94.6835443037975,94.6835443037975,94.6835443037975,94.6835443037975
E01026151,East Midlands,E07000138,Lincoln,860,30.8486145969473,0,0.463953488372093,1,1,0,46.3953488372093,100,100,16.5032028836251,0.306976744186047,1,1,1,26.9767441860465,96.2790697674419,96.2790697674419,96.2790697674419,13.2269567456231,1,1,3,8.46395348837209,96.2790697674419,96.2790697674419,96.2790697674419,96.2790697674419
E01026152,East Midlands,E07000138,Lincoln,582,23.9375236862681,0,1,1,1,0,100,100,100,15.0020153550864,0.77319587628866,1,1,1,64.9484536082474,87.6288659793814,87.6288659793814,87.6288659793814,11.9873896353167,1,1,3,8.47422680412371,87.6288659793814,87.6288659793814,87.6288659793814,87.6288659793814
E01026153,East Midlands,E07000138,Lincoln,1123,20.3960127931382,0,1,1,1,0,100,100,100,15.0065378356387,0.674087266251113,1,1,1,47.9073909171861,81.7453250222618,81.7453250222618,81.7453250222618,11.5758909682669,1,1,3,7.40694568121104,81.7453250222618,81.7453250222618,81.7453250222618,81.7453250222618
E01026154,East Midlands,E07000138,Lincoln,528,22.1473398258375,0,1,1,1,0,100,100,100,13.0191599115696,1,1,1,1,87.3106060606061,87.3106060606061,87.3106060606061,87.3106060606061,10.8078629329403,1,1,3,8.48674242424242,87.3106060606061,87.3106060606061,87.3106060606061,87.3106060606061
E01026155,East Midlands,E07000138,Lincoln,767,24.2790015738009,0,1,1,1.29726205997392,0,100,100,100,17.2745236737022,0,1,1,1,0,91.7861799217731,91.7861799217731,91.7861799217731,12.4311237877924,1,1,3,7.29726205997392,91.7861799217731,91.7861799217731,91.7861799217731,91.7861799217731
E01026156,East Midlands,E07000138,Lincoln,488,24.7837808812857,0,1,1,1,0,100,100,100,13.77240625,1,1,1,1,95.6967213114754,95.6967213114754,95.6967213114754,95.6967213114754,11.155125,1,1,2.47950819672131,9,95.6967213114754,95.6967213114754,95.6967213114754,95.6967213114754
E01026157,East Midlands,E07000138,Lincoln,647,22.796248190835,0,1,1,1,0,100,100,100,17.2207583892617,0,1,1,1,0,96.7542503863988,96.7542503863988,96.7542503863988,12.5806375838926,1,1,3,8.60741885625966,96.7542503863988,96.7542503863988,96.7542503863988,96.7542503863988
E01026158,East Midlands,E07000138,Lincoln,667,51.4946555958392,0,0,0,1,0,0,0,100,32.7974982578397,0,0,1,1,0,0,100,100,19.4771916376307,0,1,4,7,0,100,100,100
E01026159,East Midlands,E07000138,Lincoln,663,53.2863922222241,0,0,0,1,0,0,0,100,33.0118918918919,0,0,1,1,0,0,93.9668174962293,93.9668174962293,19.8870675675676,0,1,4,7,0,93.9668174962293,93.9668174962293,93.9668174962293
E01026160,East Midlands,E07000138,Lincoln,624,59.1157648335208,0,0,0,0.77724358974359,0,0,0,77.724358974359,36.8512207987943,0,0,1,1,0,0,94.7115384615385,94.7115384615385,20.7555915599096,0,1,4,7,0,94.7115384615385,94.7115384615385,94.7115384615385
E01026161,East Midlands,E07000138,Lincoln,695,42.9203794907942,0,0,1,1,0,0,100,100,26.5046231155779,0,1,1,1,0,100,100,100,16.064967695621,0,1,3.79280575539568,8,0,100,100,100
E01026162,East Midlands,E07000138,Lincoln,639,48.8691886804763,0,0,0.652582159624413,0.820031298904538,0,0,65.2582159624413,82.0031298904538,30.6943938379102,0,0.652582159624413,1,1,0,59.6244131455399,92.3317683881064,92.3317683881064,18.6695177494977,0,1,3.56338028169014,6.61032863849765,0,92.3317683881064,92.3317683881064,92.3317683881064
E01026163,East Midlands,E07000138,Lincoln,620,60.0852616482555,0,0,0,0.22258064516129,0,0,0,22.258064516129,36.6770036900369,0,0,1,1,0,0,95.1612903225807,95.1612903225807,21.4730774907749,0,1,4,6.56451612903226,0,95.1612903225807,95.1612903225807,95.1612903225807
E01026164,East Midlands,E07000138,Lincoln,575,27.4189291267236,0,0.76695652173913,1,1,0,76.695652173913,100,100,13.8068567454798,0.76695652173913,1,1,1,71.304347826087,94.6086956521739,94.6086956521739,94.6086956521739,11.3304867872044,1,1,2.69739130434783,9,94.6086956521739,94.6086956521739,94.6086956521739,94.6086956521739
E01026165,East Midlands,E07000138,Lincoln,737,26.3393672571677,0,0.841248303934871,1,1,0,84.1248303934871,100,100,16.7349253731343,0,1,1,1,0,95.1153324287653,95.1153324287653,95.1153324287653,12.1777967306326,1,1,3,8.83039348710991,95.1153324287653,95.1153324287653,95.1153324287653,95.1153324287653
E01026166,East Midlands,E07000138,Lincoln,553,32.1911793617902,0,0.229656419529837,1,1,0,22.9656419529837,100,100,16.9096445880452,0,1,1,1,0,95.4792043399638,95.4792043399638,95.4792043399638,12.4831017770598,1,1,3,9,95.4792043399638,95.4792043399638,95.4792043399638,95.4792043399638
E01026167,East Midlands,E07000138,Lincoln,798,18.0946840148699,0.364661654135338,1,1,1,36.4661654135338,100,100,100,10.7778996282528,1,1,1,1,98.1203007518797,98.1203007518797,98.1203007518797,98.1203007518797,9.79567534076828,1,1,2.61528822055138,9,98.1203007518797,98.1203007518797,98.1203007518797,98.1203007518797
E01026168,East Midlands,E07000138,Lincoln,634,32.4958603433383,0,0,1,1,0,0,100,100,18.5266330645161,0,1,1,1,0,94.1640378548896,94.1640378548896,94.1640378548896,13.336377688172,1,1,3,9,94.1640378548896,94.1640378548896,94.1640378548896,94.1640378548896
E01026169,East Midlands,E07000138,Lincoln,774,43.7107768523267,0,0,0.521963824289406,1,0,0,52.1963824289406,100,29.3277805178792,0,0.674418604651163,1,1,0,60.4651162790698,89.0180878552972,89.0180878552972,17.8391491985203,0,1,3.84754521963824,7,0,89.0180878552972,89.0180878552972,89.0180878552972
E01026170,East Midlands,E07000138,Lincoln,608,48.1234072710443,0,0,0,1,0,0,0,100,27.1709596662031,0,1,1,1,0,95.5592105263158,95.5592105263158,95.5592105263158,17.0719193324061,0,1,3.43914473684211,7.1875,0,95.5592105263158,95.5592105263158,95.5592105263158
E01026171,East Midlands,E07000138,Lincoln,688,43.5775110190899,0,0,0.781976744186046,1,0,0,78.1976744186046,100,30.4806040709127,0,0.363372093023256,1,1,0,36.3372093023256,100,100,19.5601838476691,0,1,4,7,0,100,100,100
E01026172,East Midlands,E07000138,Lincoln,592,42.7361855788559,0,0,1,1,0,0,100,100,25.1351633078527,0,1,1,1,0,99.1554054054054,99.1554054054054,99.1554054054054,15.7715844336345,0,1,3,7.81081081081081,0,99.1554054054054,99.1554054054054,99.1554054054054
E01026173,East Midlands,E07000138,Lincoln,718,43.2671595728123,0,0,0.71866295264624,1,0,0,71.866295264624,100,26.0718955873213,0,1,1,1,0,89.8328690807799,89.8328690807799,89.8328690807799,16.3996084524549,0,1,3.71866295264624,8,0,89.8328690807799,89.8328690807799,89.8328690807799
E01026174,East Midlands,E07000138,Lincoln,623,34.1136786382985,0,0,1,1,0,0,100,100,20.4932120796156,0,1,1,1,0,100,100,100,13.8542896362388,1,1,3,7,100,100,100,100
E01026175,East Midlands,E07000138,Lincoln,908,42.4339447041363,0,0,0.794052863436123,1,0,0,79.4052863436123,100,23.2711568525274,0,1,1,1,0,87.9955947136564,87.9955947136564,87.9955947136564,15.1006878582595,0.490088105726872,1,3,7.64096916299559,40.4185022026432,87.9955947136564,87.9955947136564,87.9955947136564
E01026176,East Midlands,E07000138,Lincoln,918,28.7598737297477,0,0.73202614379085,1,1.59694989106754,0,73.202614379085,100,100,14.6919340659341,0.596949891067538,1,1,1,59.6949891067538,97.60348583878,97.60348583878,97.60348583878,13.1580494505495,1,1,2,7,97.60348583878,97.60348583878,97.60348583878,97.60348583878
E01026177,East Midlands,E07000138,Lincoln,799,29.7743029719582,0,0.362953692115144,1,1,0,36.2953692115144,100,100,15.207920741122,0.350438047559449,1,1,1,29.7872340425532,92.7409261576971,92.7409261576971,92.7409261576971,13.1827123005661,1,1,2,7.1927409261577,92.7409261576971,92.7409261576971,92.7409261576971,92.7409261576971
E01026178,East Midlands,E07000138,Lincoln,794,29.8043361933885,0,0.663727959697733,1,1,0,66.3727959697733,100,100,17.039142699115,0,1,1,1,0,92.4433249370277,92.4433249370277,92.4433249370277,13.177782079646,1,1,2.84005037783375,7.17758186397985,92.4433249370277,92.4433249370277,92.4433249370277,92.4433249370277
E01026179,East Midlands,E07000139,North Kesteven,456,119.981670641846,0,0,0,0,0,0,0,0,83.0328159645233,0,0,0,0,0,0,0,0,32.6675314116778,0,0,2.26315789473684,5.33114035087719,0,0,96.2719298245614,96.2719298245614
E01026180,East Midlands,E07000139,North Kesteven,631,119.231490793273,0,0,0,0,0,0,0,0,90.3533199732799,0,0,0,0,0,0,0,0,33.7306546426186,0,0,2,5.22662440570523,0,0,90.9667194928685,90.9667194928685
E01026182,East Midlands,E07000139,North Kesteven,604,49.8035373774724,0,0,0,1,0,0,0,100,63.419654723127,0,0,0,0,0,0,0,0,31.5579739413681,0,0,3,5,0,0,93.8741721854305,93.8741721854305
E01026183,East Midlands,E07000139,North Kesteven,1144,94.1508428499844,0,0,0,0,0,0,0,0,105.471524861878,0,0,0,0,0,0,0,0,39.5669429097606,0,0,2.87237762237762,6,0,0,92.7447552447552,92.7447552447552
E01026184,East Midlands,E07000139,North Kesteven,530,70.1059346962372,0,0,0,0,0,0,0,0,39.8721413721414,0,0,1,1,0,0,100,100,22.0588721413721,0,1,3,5.61132075471698,0,100,100,100
E01026185,East Midlands,E07000139,North Kesteven,846,66.1948500629483,0,0,0,0,0,0,0,0,40.4392909397862,0,0,1,1,0,0,94.5626477541371,94.5626477541371,21.8315925717501,0,1,3,6.68085106382979,0,94.5626477541371,94.5626477541371,94.5626477541371
E01026186,East Midlands,E07000139,North Kesteven,721,51.8478335077031,0,0,0,0.808599167822469,0,0,0,80.8599167822469,28.3565097300691,0,0.808599167822469,1,1,0,80.8599167822469,95.1456310679612,95.1456310679612,17.828091650973,0,1,2.63661581137309,6.86130374479889,0,95.1456310679612,95.1456310679612,95.1456310679612
E01026187,East Midlands,E07000139,North Kesteven,782,56.220821783181,0,0,0,1,0,0,0,100,27.8716133942161,0,0.684143222506394,1,1,0,54.8593350383632,83.8874680306905,83.8874680306905,18.5084931506849,0,1,1.63171355498721,6.31585677749361,0,83.8874680306905,83.8874680306905,83.8874680306905
E01026188,East Midlands,E07000139,North Kesteven,1088,58.9554990608637,0,0,0,0.539522058823529,0,0,0,53.9522058823529,30.9429768270945,0,0.40625,1,1,0,40.625,93.8419117647059,93.8419117647059,18.7363146167558,0,1,2.671875,7,0,93.8419117647059,93.8419117647059,93.8419117647059
E01026189,East Midlands,E07000139,North Kesteven,845,58.3826741354497,0,0,0,0.700591715976331,0,0,0,70.0591715976331,33.0936797274276,0,0,1,1,0,0,94.2011834319527,94.2011834319527,19.8612549687677,0,1,1,6.16094674556213,0,94.2011834319527,94.2011834319527,94.2011834319527
E01026190,East Midlands,E07000139,North Kesteven,674,59.8391401348845,0,0,0,0.580118694362018,0,0,0,58.0118694362018,37.0729392338177,0,0,1,1,0,0,90.6528189910979,90.6528189910979,21.4170079260238,0,1,1.23293768545994,6.45548961424332,0,90.6528189910979,90.6528189910979,90.6528189910979
E01026191,East Midlands,E07000139,North Kesteven,727,99.4115823318709,0,0,0,0.170563961485557,0,0,0,17.0563961485557,46.4137014925373,0,0,0.379642365887208,1,0,0,37.9642365887208,100,23.7717611940299,0,1,1.14855570839065,6.97799174690509,0,100,100,100
E01026192,East Midlands,E07000139,North Kesteven,518,63.3142745070422,0,0,0,0.347490347490348,0,0,0,34.7490347490347,49.9209515996719,0,0,0.368725868725869,1,0,0,36.8725868725869,91.5057915057915,22.712551271534,0,1.34749034749035,3,8.36872586872587,0,91.5057915057915,91.5057915057915,91.5057915057915
E01026193,East Midlands,E07000139,North Kesteven,643,64.8258832955313,0,0,0.376360808709176,0.376360808709176,0,0,37.6360808709176,37.6360808709176,57.0211424819435,0,0,0,1,0,0,0,100,28.2909126723572,0,0.623639191290824,3.70917573872473,6.4307931570762,0,68.5847589424572,100,100
E01026194,East Midlands,E07000139,North Kesteven,838,58.1217574727499,0,0,0,0.801909307875895,0,0,0,80.1909307875895,67.1629103726083,0,0,0,0,0,0,0,0,29.3393252769386,0,0.498806682577566,3,6.49880668257757,0,47.1360381861575,97.255369928401,97.255369928401
E01026195,East Midlands,E07000139,North Kesteven,849,63.4465124816738,0,0,0,0.335689045936396,0,0,0,33.5689045936396,57.4999437627812,0,0,0,0.555948174322733,0,0,0,57.1260306242638,26.8618660531697,0,1,3,7,0,100,100,100
E01026196,East Midlands,E07000139,North Kesteven,681,49.7783564334612,0,0,0,1,0,0,0,100,73.4654747871644,0,0,0,0,0,0,0,0,27.7465422396857,0,1.26872246696035,3,6.57709251101322,0,82.9662261380323,82.9662261380323,82.9662261380323
E01026197,East Midlands,E07000139,North Kesteven,631,59.0447424036033,0,0,0,0.700475435816165,0,0,0,70.0475435816165,85.1708197879859,0,0,0,0,0,0,0,0,29.4613003533569,0,0.700475435816165,4,5,0,70.0475435816165,86.3708399366086,86.3708399366086
E01026198,East Midlands,E07000139,North Kesteven,465,55.5243583628734,0,0,0,0.679569892473118,0,0,0,67.9569892473118,77.8240529164161,0,0,0,0,0,0,0,0,27.0966686710764,0,0.802150537634409,3,4.80215053763441,0,66.6666666666667,88.8172043010753,88.8172043010753
E01026199,East Midlands,E07000139,North Kesteven,996,103.089948053983,0,0,0,0,0,0,0,0,58.659058524173,0,0,0,0.73995983935743,0,0,0,72.289156626506,28.1337659033079,0,0.946787148594378,4,6.14658634538153,0,92.9718875502008,98.2931726907631,98.2931726907631
E01026200,East Midlands,E07000139,North Kesteven,726,77.2517027470275,0,0,0,0,0,0,0,0,88.5635659411011,0,0,0,0,0,0,0,0,33.4434250960307,0,0,2,4.81129476584022,0,0,90.2203856749311,90.2203856749311
E01026201,East Midlands,E07000139,North Kesteven,896,97.6941004183499,0,0,0,0,0,0,0,0,95.1708733624454,0,0,0,0,0,0,0,0,36.1619068413392,0,0,2,5,0,0,84.9330357142857,84.9330357142857
E01026202,East Midlands,E07000139,North Kesteven,891,70.6163051918038,0,0,0,0,0,0,0,0,90.327933972311,0,0,0,0,0,0,0,0,34.1793237486688,0,0,2,5,0,0,93.7149270482604,93.7149270482604
E01026203,East Midlands,E07000139,North Kesteven,838,71.5457224807528,0,0,0,0.184964200477327,0,0,0,18.4964200477327,28.9371301939058,0,0.497613365155131,1,1,0,46.18138424821,92.7207637231504,92.7207637231504,19.066864265928,0,1,1.18496420047733,6.18496420047733,0,92.7207637231504,92.7207637231504,92.7207637231504
E01026204,East Midlands,E07000139,North Kesteven,770,73.1191089484671,0,0,0,0,0,0,0,0,35.8278536285363,0,0,1,1,0,0,92.3376623376623,92.3376623376623,22.0570233702337,0,1,1,6,0,92.3376623376623,92.3376623376623,92.3376623376623
E01026205,East Midlands,E07000139,North Kesteven,694,68.2756083051144,0,0,0,0,0,0,0,0,37.0837914364641,0,0,1,1,0,0,95.2449567723343,95.2449567723343,22.4657044198895,0,1,1,6,0,95.2449567723343,95.2449567723343,95.2449567723343
E01026206,East Midlands,E07000139,North Kesteven,815,67.4655265251215,0,0,0,0,0,0,0,0,36.7284150156413,0,0,1,1,0,0,93.3742331288344,93.3742331288344,22.5832638164755,0,1,1,6,0,93.3742331288344,93.3742331288344,93.3742331288344
E01026207,East Midlands,E07000139,North Kesteven,546,81.6155267225958,0,0,0,0,0,0,0,0,105.83077232502,0,0,0,0,0,0,0,0,35.9912308930008,0,0,2.6959706959707,6.32967032967033,0,0,100,100
E01026208,East Midlands,E07000139,North Kesteven,692,92.2613090393216,0,0,0,0,0,0,0,0,93.2615119852489,0,0,0,0,0,0,0,0,33.2369145666872,0,0,3.43352601156069,4.71676300578035,0,0,95.6647398843931,95.6647398843931
E01026209,East Midlands,E07000139,North Kesteven,1005,59.9077754098263,0,0,0.178109452736318,0.242786069651741,0,0,17.8109452736318,24.2786069651741,84.3006889952153,0,0,0,0,0,0,0,0,28.7915023923445,0,0.622885572139304,3.82189054726368,5,0,60.6965174129353,95.0248756218905,95.0248756218905
E01026210,East Midlands,E07000139,North Kesteven,1001,79.3862009137894,0,0,0,0,0,0,0,0,95.0518329070759,0,0,0,0,0,0,0,0,36.0858780903666,0,0.0619380619380619,1.88811188811189,5.94005994005994,0,10.2897102897103,99.8001998001998,99.8001998001998
E01026211,East Midlands,E07000139,North Kesteven,779,90.1949852350855,0,0,0,0,0,0,0,0,59.1338167170191,0,0,0,0.406931964056483,0,0,0,31.3222079589217,26.8769234642497,0,1,2.21309370988447,6.22593068035944,0,84.8523748395379,84.8523748395379,84.8523748395379
E01026212,East Midlands,E07000139,North Kesteven,692,59.9325458091539,0,0,0,0.419075144508671,0,0,0,41.907514450867,65.3815816005041,0,0,0,0,0,0,0,0,28.1140516698173,0,1,3,6,0,100,100,100
E01026213,East Midlands,E07000139,North Kesteven,829,56.0093846831499,0,0,0,0.630880579010856,0,0,0,63.0880579010856,66.1271850975754,0,0,0,0,0,0,0,0,28.2119278533412,0,1,3,6,0,95.1749095295537,95.1749095295537,95.1749095295537
E01026214,East Midlands,E07000139,North Kesteven,536,42.2119469909668,0,0,1,1.75,0,0,100,100,34.2634933333333,0,0,1,1,0,0,92.1641791044776,92.1641791044776,19.81128,0,1,3.76865671641791,7,0,92.1641791044776,92.1641791044776,92.1641791044776
E01026215,East Midlands,E07000139,North Kesteven,484,40.6717525828968,0,0,1,1,0,0,100,100,32.7279100281162,0,0,1,1,0,0,95.6611570247934,95.6611570247934,19.4566447985005,0,1,4,7,0,95.6611570247934,95.6611570247934,95.6611570247934
E01026218,East Midlands,E07000139,North Kesteven,589,46.8569153962557,0,0,0.266553480475382,2,0,0,26.6553480475382,100,38.5500866551127,0,0,1,1,0,0,87.4363327674024,87.4363327674024,22.2909272097054,0,1,3.56196943972835,5.78098471986418,0,87.4363327674024,87.4363327674024,87.4363327674024
E01026219,East Midlands,E07000139,North Kesteven,529,46.0802049539195,0,0,0.253308128544423,1.75803402646503,0,0,25.3308128544423,100,35.4969965870307,0,0,1,1,0,0,100,100,20.7547866894198,0,1,3.25330812854442,6.49338374291115,0,100,100,100
E01026220,East Midlands,E07000139,North Kesteven,1063,53.2653150315687,0,0,0,1,0,0,0,100,35.9081330951318,0,0,1,1,0,0,95.9548447789276,95.9548447789276,21.0669852612774,0,1,3.04703668861712,6.20225776105362,0,95.9548447789276,95.9548447789276,95.9548447789276
E01026221,East Midlands,E07000139,North Kesteven,1083,83.2075296920418,0,0,0.180978762696214,0.455216989843029,0,0,18.0978762696214,45.5216989843029,75.9388213087248,0,0,0,0.180978762696214,0,0,0,9.51061865189289,27.3336325503356,0,0.808864265927978,3.07294552169898,5.81902123730379,0,72.3915050784857,89.196675900277,89.196675900277
E01026222,East Midlands,E07000139,North Kesteven,853,61.7326331827556,0,0,0,0.391559202813599,0,0,0,39.1559202813599,104.675290102389,0,0,0,0,0,0,0,0,35.7367918088737,0,0,3,6,0,0,86.400937866354,86.400937866354
E01026223,East Midlands,E07000139,North Kesteven,939,73.4515510298902,0,0,0,0,0,0,0,0,104.347693079238,0,0,0,0,0,0,0,0,36.4507673019057,0,0,3.19808306709265,5.51331203407881,0,0,89.776357827476,89.776357827476
E01026224,East Midlands,E07000139,North Kesteven,797,64.966459180378,0,0,0,0.230865746549561,0,0,0,23.0865746549561,105.222268464244,0,0,0,0,0,0,0,0,36.6331125439625,0,0,3,5.65244667503137,0,0,100,100
E01026225,East Midlands,E07000139,North Kesteven,709,62.808158648316,0,0,0,0,0,0,0,0,40.697208153181,0,0,1,1,0,0,100,100,23.2522977146387,0,1,4,7.10014104372355,0,100,100,100
E01026226,East Midlands,E07000139,North Kesteven,848,59.0715146243281,0,0,0,0.670990566037736,0,0,0,67.0990566037736,37.9652957135106,0,0,1,1,0,0,94.5754716981132,94.5754716981132,22.4042159522518,0,1,4,6.33608490566038,0,94.5754716981132,94.5754716981132,94.5754716981132
E01026227,East Midlands,E07000139,North Kesteven,784,53.8490917624497,0,0,0,1,0,0,0,100,81.2982859078591,0,0,0,0,0,0,0,0,28.4641395663957,0,0.57015306122449,4,5,0,51.9132653061224,94.8979591836735,94.8979591836735
E01026228,East Midlands,E07000139,North Kesteven,645,55.9238681805308,0,0,0,0.821705426356589,0,0,0,82.1705426356589,78.9867723525682,0,0,0,0,0,0,0,0,27.1657831325301,0,0.821705426356589,4,5,0,76.8992248062015,94.7286821705426,94.7286821705426
E01026229,East Midlands,E07000139,North Kesteven,641,73.2613878568572,0,0,0,0,0,0,0,0,85.9884007029877,0,0,0,0,0,0,0,0,29.6408904510838,0,0.675507020280811,4,5,0,64.4305772230889,80.4992199687988,80.4992199687988
E01026230,East Midlands,E07000139,North Kesteven,557,70.7145526014671,0,0,0,0,0,0,0,0,86.9670217917676,0,0,0,0,0,0,0,0,29.7473123486683,0,0.491921005385996,4,5,0,49.1921005385996,100,100
E01026231,East Midlands,E07000139,North Kesteven,1139,55.7238554811588,0,0,0,1,0,0,0,100,81.4030822444274,0,0,0,0,0,0,0,0,27.9477440430438,0,1,4,5,0,82.2651448639157,82.2651448639157,82.2651448639157
E01026232,East Midlands,E07000139,North Kesteven,1059,60.8244893070266,0,0,0,0.53257790368272,0,0,0,53.2577903682719,84.543271848924,0,0,0,0,0,0,0,0,30.2327272727273,0,0.53257790368272,4,5,0,51.4636449480642,85.3635505193579,85.3635505193579
E01026233,East Midlands,E07000139,North Kesteven,755,52.3687909044926,0,0,0,1,0,0,0,100,77.268951421801,0,0,0,0,0,0,0,0,27.0185248815166,0,1,4,5.14437086092715,0,91.9205298013245,91.9205298013245,91.9205298013245
E01026234,East Midlands,E07000139,North Kesteven,1097,52.5184678128615,0,0,0,1,0,0,0,100,73.9122928267278,0,0,0,0,0,0,0,0,25.6885227644939,0,1,4,5.30446672743847,0,93.7101185050137,93.7101185050137,93.7101185050137
E01026235,East Midlands,E07000139,North Kesteven,762,62.1419728048722,0,0,0,0.393700787401575,0,0,0,39.3700787401575,83.8226225634968,0,0,0,0,0,0,0,0,29.8147312463083,0,0.589238845144357,4,5,0,52.6246719160105,90.8136482939633,90.8136482939633
E01026236,East Midlands,E07000139,North Kesteven,547,68.2793105360437,0,0,0,0,0,0,0,0,84.7326240538267,0,0,0,0,0,0,0,0,28.9500588730025,0,1,4,5,0,73.8574040219378,73.8574040219378,73.8574040219378
E01026237,East Midlands,E07000139,North Kesteven,513,54.9095771342487,0,0,0,1,0,0,0,100,33.5945148895293,0,0,1,1,0,0,100,100,20.0212103746398,0,1,3,6,0,100,100,100
E01026238,East Midlands,E07000139,North Kesteven,549,62.7318621206351,0,0,0,0,0,0,0,0,36.0416925246826,0,0,1,1,0,0,84.6994535519126,84.6994535519126,21.4151339915374,0,1,3,5.76867030965392,0,84.6994535519126,84.6994535519126,84.6994535519126
E01026239,East Midlands,E07000140,South Holland,815,71.2148750151722,0,0,0,0,0,0,0,0,61.1905982465188,0,0,0,0.337423312883436,0,0,0,33.9877300613497,20.9565497679216,0,1,2,5,0,95.8282208588957,95.8282208588957,95.8282208588957
E01026240,East Midlands,E07000140,South Holland,1009,70.300000841631,0,0,0,0,0,0,0,0,59.828787268332,0,0,0,0.543111992071358,0,0,0,51.0406342913776,20.6797179693795,0,1,2,5,0,96.7294350842418,96.7294350842418,96.7294350842418
E01026241,East Midlands,E07000140,South Holland,808,52.7226989638113,0,0,0.824257425742574,0.824257425742574,0,0,82.4257425742574,82.4257425742574,84.6357491459248,0,0,0,0,0,0,0,0,29.6719033674963,0,0.824257425742574,2.16336633663366,4.31435643564356,0,70.049504950495,87.6237623762376,87.6237623762376
E01026242,East Midlands,E07000140,South Holland,650,62.216624972092,0,0,0,0.184615384615385,0,0,0,18.4615384615385,78.9474151436031,0,0,0,0,0,0,0,0,30.586044386423,0,0,2,7.40153846153846,0,0,97.5384615384615,97.5384615384615
E01026243,East Midlands,E07000140,South Holland,597,58.5737636983395,0,0,0,0.738693467336683,0,0,0,73.8693467336683,78.0923295454545,0,0,0,0,0,0,0,0,29.874765625,0,0.519262981574539,2,8,0,51.9262981574539,99.4974874371859,99.4974874371859
E01026244,East Midlands,E07000140,South Holland,571,90.8433022150918,0,0,0,0,0,0,0,0,84.1156428571428,0,0,0,0,0,0,0,0,33.240253968254,0,0,2,4.90192644483363,0,0,99.4746059544658,99.4746059544658
E01026245,East Midlands,E07000140,South Holland,977,91.4372440930608,0,0,0,0,0,0,0,0,111.532565849228,0,0,0,0,0,0,0,0,35.4968165304269,0,0,3,4,0,0,94.7799385875128,94.7799385875128
E01026246,East Midlands,E07000140,South Holland,996,101.594642828832,0,0,0,0,0,0,0,0,114.93057008144,0,0,0,0,0,0,0,0,38.0252250321475,0,0,1.9859437751004,3.69779116465863,0,0,94.8795180722892,94.8795180722892
E01026247,East Midlands,E07000140,South Holland,853,57.6355512900497,0,0,0,0.765533411488863,0,0,0,76.5533411488863,78.8087426744806,0,0,0,0,0,0,0,0,30.1584070324987,0,0.392731535756155,2.24384525205158,6,0,41.9695193434936,100,100
E01026248,East Midlands,E07000140,South Holland,934,104.63066456573,0,0,0,0,0,0,0,0,98.8884217506631,0,0,0,0,0,0,0,0,35.7361847922193,0,0,2.25481798715203,4.53533190578158,0,0,100,100
E01026249,East Midlands,E07000140,South Holland,810,115.963661376488,0,0,0,0,0,0,0,0,97.1568008705114,0,0,0,0,0,0,0,0,29.0570946681175,0,0.61358024691358,2.38641975308642,4.61358024691358,0,61.358024691358,99.7530864197531,99.7530864197531
E01026250,East Midlands,E07000140,South Holland,881,82.0577930716671,0,0,0,0,0,0,0,0,101.541171676006,0,0,0,0,0,0,0,0,36.4735150280183,0,0,3,4.316685584563,0,0,91.3734392735528,91.3734392735528
E01026251,East Midlands,E07000140,South Holland,828,76.4323394857427,0,0,0,0,0,0,0,0,100.787553763441,0,0,0,0,0,0,0,0,34.8939731182796,0,0,3,5,0,0,89.4927536231884,89.4927536231884
E01026252,East Midlands,E07000140,South Holland,815,78.4514453175543,0,0,0,0,0,0,0,0,99.4135294117647,0,0,0,0,0,0,0,0,34.4840148486579,0,0,3,5,0,0,100,100
E01026253,East Midlands,E07000140,South Holland,834,90.3658093543124,0,0,0,0,0,0,0,0,103.415544100802,0,0,0,0,0,0,0,0,36.2800286368843,0,0,3,4.59112709832134,0,0,99.400479616307,99.400479616307
E01026254,East Midlands,E07000140,South Holland,874,108.916184889334,0,0,0,0,0,0,0,0,102.274642438453,0,0,0,0,0,0,0,0,32.204062133646,0,0.180778032036613,1.81922196796339,4,0,18.0778032036613,100,100
E01026255,East Midlands,E07000140,South Holland,905,74.3649260114054,0,0,0,0,0,0,0,0,99.1964022809746,0,0,0,0,0,0,0,0,32.0307153965785,0,0,2,4,0,0,92.0441988950276,92.0441988950276
E01026256,East Midlands,E07000140,South Holland,720,89.335802537967,0,0,0,0,0,0,0,0,102.575698717949,0,0,0,0,0,0,0,0,33.5304102564103,0,0.0722222222222222,1.92777777777778,3.92777777777778,0,14.4444444444444,100,100
E01026257,East Midlands,E07000140,South Holland,896,84.958706417999,0,0,0,0,0,0,0,0,103.161570528357,0,0,0,0,0,0,0,0,33.3044595249636,0,0,2,4,0,0,89.9553571428571,89.9553571428571
E01026258,East Midlands,E07000140,South Holland,782,59.1417511395335,0,0,0,0.667519181585678,0,0,0,66.7519181585678,98.0592250530786,0,0,0,0,0,0,0,0,36.4917197452229,0,0,3,5,0,0,96.1636828644501,96.1636828644501
E01026259,East Midlands,E07000140,South Holland,736,68.6545017348518,0,0,0,0.244565217391304,0,0,0,24.4565217391304,108.269067207416,0,0,0,0,0,0,0,0,37.3812224797219,0,0,3,4.27853260869565,0,0,84.9184782608696,84.9184782608696
E01026260,East Midlands,E07000140,South Holland,898,56.6527218595928,0,0,0,0.834075723830735,0,0,0,83.4075723830735,94.8754623450906,0,0,0,0,0,0,0,0,35.6292707340324,0,0,3,5,0,0,97.6614699331848,97.6614699331848
E01026262,East Midlands,E07000140,South Holland,668,55.1258455237254,0,0,0,0.772455089820359,0,0,0,77.2455089820359,109.430086264101,0,0,0,0,0,0,0,0,34.5618380889184,0,0,3,5,0,0,96.1077844311377,96.1077844311377
E01026263,East Midlands,E07000140,South Holland,843,56.6799081198799,0,0,0,1,0,0,0,100,110.00513127591,0,0,0,0,0,0,0,0,34.025356978351,0,0,3,5,0,0,82.5622775800712,82.5622775800712
E01026264,East Midlands,E07000140,South Holland,666,51.3277746810424,0,0,0,1,0,0,0,100,109.15242865463,0,0,0,0,0,0,0,0,33.9420034944671,0,0,3,5,0,0,100,100
E01026265,East Midlands,E07000140,South Holland,536,45.7176021141342,0,0,0.470149253731343,1,0,0,47.0149253731343,100,106.779367088608,0,0,0,0,0,0,0,0,31.9319268635724,0,0,3,4.47014925373134,0,0,96.0820895522388,96.0820895522388
E01026266,East Midlands,E07000140,South Holland,962,45.352247829972,0,0,0.3004158004158,1,0,0,30.04158004158,100,106.485004672897,0,0,0,0,0,0,0,0,32.5389672897196,0,0,3,5,0,0,87.7338877338877,87.7338877338877
E01026267,East Midlands,E07000140,South Holland,1231,48.9804238137063,0,0,0.111291632818846,1,0,0,11.1291632818846,100,109.394968301635,0,0,0,0,0,0,0,0,32.7416049382716,0,0,3,4.70105605199025,0,0,93.663688058489,93.663688058489
E01026268,East Midlands,E07000140,South Holland,914,57.6775653741202,0,0,0,0.737417943107221,0,0,0,73.7417943107221,107.932502467917,0,0,0,0,0,0,0,0,32.2362685093781,0,0.108315098468271,3,4.84573304157549,0,10.8315098468271,93.3260393873085,93.3260393873085
E01026269,East Midlands,E07000140,South Holland,968,60.2997093114104,0,0,0,0.423553719008264,0,0,0,42.3553719008264,106.311956423059,0,0,0,0,0,0,0,0,32.8321289151158,0,0,3,5,0,0,94.7314049586777,94.7314049586777
E01026270,East Midlands,E07000140,South Holland,779,64.8722471041942,0,0,0,0.725288831835687,0,0,0,72.5288831835687,101.774377952756,0,0,0,0,0,0,0,0,32.7497270341207,0,0,3,5,0,0,92.811296534018,92.811296534018
E01026271,East Midlands,E07000140,South Holland,791,61.4396976255021,0,0,0,0.202275600505689,0,0,0,20.2275600505689,102.173946091644,0,0,0,0,0,0,0,0,33.2615417789757,0,0,3,5,0,0,90.1390644753477,90.1390644753477
E01026272,East Midlands,E07000140,South Holland,585,57.4087308987901,0,0,0,0.772649572649573,0,0,0,77.2649572649573,103.219673527324,0,0,0,0,0,0,0,0,32.9167352732434,0,0,3,5,0,0,82.7350427350427,82.7350427350427
E01026273,East Midlands,E07000140,South Holland,749,55.2164597142801,0,0,0,1,0,0,0,100,105.43169550173,0,0,0,0,0,0,0,0,36.2409054209919,0,0,3,5,0,0,85.7142857142857,85.7142857142857
E01026274,East Midlands,E07000140,South Holland,790,64.1071442694413,0,0,0,0.191139240506329,0,0,0,19.1139240506329,107.25490877193,0,0,0,0,0,0,0,0,36.862147368421,0,0,3,5,0,0,92.7848101265823,92.7848101265823
E01026275,East Midlands,E07000140,South Holland,900,52.8484381411745,0,0,0,0.905555555555556,0,0,0,90.5555555555556,107.03845164364,0,0,0,0,0,0,0,0,35.0621010004764,0,0,3,5,0,0,94.8888888888889,94.8888888888889
E01026276,East Midlands,E07000140,South Holland,1018,90.0617919423472,0,0,0,0.304518664047151,0,0,0,15.2259332023576,86.2567420435511,0,0,0,0,0,0,0,0,32.1148157453936,0,0.147347740667976,2.47740667976424,5.20039292730845,0,14.7347740667976,89.2927308447937,89.2927308447937
E01026277,East Midlands,E07000140,South Holland,736,63.483474733658,0,0,0,0.157608695652174,0,0,0,15.7608695652174,81.9495475638051,0,0,0,0,0,0,0,0,27.0028944315545,0,1,1,3,0,89.6739130434783,89.6739130434783,89.6739130434783
E01026278,East Midlands,E07000140,South Holland,638,80.7524474712055,0,0,0,0,0,0,0,0,83.0870036101083,0,0,0,0,0,0,0,0,27.9578483754513,0,0.717868338557994,1,3,0,70.846394984326,95.6112852664577,95.6112852664577
E01026279,East Midlands,E07000140,South Holland,642,67.3188600486129,0,0,0,0,0,0,0,0,84.2389518413598,0,0,0,0,0,0,0,0,27.8289589235127,0,1,1,3,0,100,100,100
E01026280,East Midlands,E07000140,South Holland,1067,119.54206900761,0,0,0,0,0,0,0,0,109.616303127506,0,0,0,0,0,0,0,0,33.8389775461107,0,0.28116213683224,1.79756326148079,4.14620431115276,0,28.116213683224,97.6569821930647,97.6569821930647
E01026281,East Midlands,E07000140,South Holland,563,89.502646641474,0,0,0,0,0,0,0,0,106.17229120473,0,0,0,0,0,0,0,0,33.1458980044346,0,0,3,4,0,0,95.0266429840142,95.0266429840142
E01026282,East Midlands,E07000140,South Holland,747,91.7234544484121,0,0,0,0,0,0,0,0,103.613649764151,0,0,0,0,0,0,0,0,33.2617865566038,0,0.389558232931727,3,4.43373493975904,0,38.9558232931727,100,100
E01026283,East Midlands,E07000140,South Holland,761,97.3882198122184,0,0,0,0,0,0,0,0,92.8275656742557,0,0,0,0,0,0,0,0,32.8751488616462,0,0.168199737187911,3,5.54007884362681,0,13.6662286465177,87.7792378449409,87.7792378449409
E01026284,East Midlands,E07000140,South Holland,817,100.042287304744,0,0,0,0,0,0,0,0,96.8829829984544,0,0,0,0,0,0,0,0,28.1982637815559,0,0.795593635250918,2.59975520195838,4.14443084455324,0,61.8115055079559,82.2521419828641,82.2521419828641
E01026285,East Midlands,E07000140,South Holland,636,94.9157542170093,0,0,0,0,0,0,0,0,108.863505586592,0,0,0,0,0,0,0,0,35.3806284916201,0,0,3.77672955974843,4.56289308176101,0,0,100,100
E01026286,East Midlands,E07000140,South Holland,521,72.0677761765378,0,0,0,0,0,0,0,0,96.3572807017544,0,0,0,0,0,0,0,0,34.2458612440191,0,0,3.30902111324376,5.30902111324376,0,0,70.8253358925144,70.8253358925144
E01026287,East Midlands,E07000141,South Kesteven,652,14.9418828710186,0.621165644171779,1,1,1,62.1165644171779,100,100,100,13.3228242677824,1,1,1,1,95.2453987730061,95.2453987730061,95.2453987730061,95.2453987730061,10.5262064156206,1,1,2,7,95.2453987730061,95.2453987730061,95.2453987730061,95.2453987730061
E01026288,East Midlands,E07000141,South Kesteven,779,16.3520273801688,0.200256739409499,1,1,1,20.0256739409499,100,100,100,11.2455053507729,1,1,1,1,94.6084724005135,94.6084724005135,94.6084724005135,94.6084724005135,9.27355529131986,1,1,2,7.3183568677792,94.6084724005135,94.6084724005135,94.6084724005135,94.6084724005135
E01026289,East Midlands,E07000141,South Kesteven,898,19.4722258767134,0,1,1,1,0,100,100,100,14.6726380628717,0.822939866369711,1,1,1,70.1559020044543,87.8619153674833,87.8619153674833,87.8619153674833,11.0625361087511,1,1,2,7.65367483296214,87.8619153674833,87.8619153674833,87.8619153674833,87.8619153674833
E01026290,East Midlands,E07000141,South Kesteven,946,53.172076443696,0,0,0,0.869978858350951,0,0,0,86.9978858350951,102.370195011338,0,0,0,0,0,0,0,0,33.9042267573696,0,0,2.55919661733615,6,0,0,100,100
E01026291,East Midlands,E07000141,South Kesteven,879,21.0151994002181,0,1,1,1,0,100,100,100,22.9246086054951,0,1,1,1,0,92.4914675767918,92.4914675767918,92.4914675767918,14.7980093312597,0.675767918088737,1.64391353811149,2,5.68828213879408,60.0682593856655,92.4914675767918,92.4914675767918,92.4914675767918
E01026292,East Midlands,E07000141,South Kesteven,646,15.2991640488076,0.394736842105263,1,1,1,39.4736842105263,100,100,100,17.4419113372093,0,1,1,1,0,100,100,100,12.8492005813953,1,1,3,5,100,100,100,100
E01026293,East Midlands,E07000141,South Kesteven,884,20.3718615915469,0.296380090497738,0.860859728506787,1,1,29.6380090497738,86.0859728506787,100,100,18.4553671245855,0,1,1,1,0,86.8778280542986,86.8778280542986,86.8778280542986,13.4691236380862,0.860859728506787,1,2.56108597285068,5.28733031674208,75.1131221719457,86.8778280542986,86.8778280542986,86.8778280542986
E01026294,East Midlands,E07000141,South Kesteven,677,14.3634704459281,0.790251107828656,1,1,1,79.0251107828656,100,100,100,15.1907678571429,0.571639586410635,1,1,1,51.5509601181684,97.6366322008863,97.6366322008863,97.6366322008863,11.8116845238095,1,1,2,5,97.6366322008863,97.6366322008863,97.6366322008863,97.6366322008863
E01026296,East Midlands,E07000141,South Kesteven,681,47.1127688571276,0,0,0.355359765051395,1,0,0,35.5359765051395,100,74.7805577689243,0,0,0,0,0,0,0,0,27.3853984063745,0,1,3,4,0,100,100,100
E01026297,East Midlands,E07000141,South Kesteven,613,37.1188424423867,0,0,1,1,0,0,100,100,70.1054431263084,0,0,0,0,0,0,0,0,25.8453663642708,0,1,3,4,0,93.1484502446982,93.1484502446982,93.1484502446982
E01026298,East Midlands,E07000141,South Kesteven,908,36.9151239095701,0,0,1,1,0,0,100,100,69.1296527117031,0,0,0,0,0,0,0,0,25.8228449096099,0,1,3,4,0,98.7885462555066,98.7885462555066,98.7885462555066
E01026299,East Midlands,E07000141,South Kesteven,750,34.9906599492879,0,0,1,1,0,0,100,100,67.4847099368179,0,0,0,0,0,0,0,0,24.4831476163125,0,1,3,4,0,100,100,100
E01026300,East Midlands,E07000141,South Kesteven,658,37.1752501087472,0,0,1,1,0,0,100,100,66.9413765182186,0,0,0,0,0,0,0,0,24.2551214574899,0,1,3,4,0,96.3525835866261,96.3525835866261,96.3525835866261
E01026301,East Midlands,E07000141,South Kesteven,727,28.8096263323098,0,0.607977991746905,1,1,0,60.7977991746905,100,100,64.4665227934045,0,0,0,0,0,0,0,0,22.7380843840931,0,1,3,4,0,96.2861072902338,96.2861072902338,96.2861072902338
E01026302,East Midlands,E07000141,South Kesteven,514,37.8548588984063,0,0,1,1,0,0,100,100,69.7719574468085,0,0,0,0,0,0,0,0,25.515770212766,0,1,3,4,0,95.3307392996109,95.3307392996109,95.3307392996109
E01026303,East Midlands,E07000141,South Kesteven,546,37.0039183851173,0,0,1,2,0,0,100,100,53.776485647789,0,0,0,2,0,0,0,89.5604395604396,22.3294026377036,0,2,2,5.31135531135531,0,89.5604395604396,89.5604395604396,89.5604395604396
E01026304,East Midlands,E07000141,South Kesteven,637,48.3832615574254,0,0,0.466248037676609,1,0,0,46.6248037676609,100,53.941844207723,0,0,0,1.77080062794349,0,0,0,83.6734693877551,23.0209054593875,0,2,2,5,0,83.6734693877551,83.6734693877551,83.6734693877551
E01026305,East Midlands,E07000141,South Kesteven,624,41.2183742437018,0,0,1,1.62820512820513,0,0,100,100,55.1178689759036,0,0,0,2,0,0,0,100,22.6889156626506,0,2,2,5.22275641025641,0,100,100,100
E01026306,East Midlands,E07000141,South Kesteven,743,38.5418258202519,0,0,1,1.1507402422611,0,0,100,100,52.2227226606539,0,0,0,2,0,0,0,95.1547779273217,22.5816403607666,0,2,2,5,0,95.1547779273217,95.1547779273217,95.1547779273217
E01026307,East Midlands,E07000141,South Kesteven,576,36.4026425343583,0,0,1,1.42881944444444,0,0,100,100,51.6352365930599,0,0,0,2,0,0,0,100,22.0346687697161,0,2,2,5.42881944444444,0,100,100,100
E01026308,East Midlands,E07000141,South Kesteven,624,27.1018479600737,0,1,1,1,0,100,100,100,19.2137215189873,0,1,1,1,0,100,100,100,15.0642215189873,0.34775641025641,1,2,6.34775641025641,34.775641025641,100,100,100
E01026309,East Midlands,E07000141,South Kesteven,724,17.02724562281,0,1,1,1.80662983425414,0,100,100,100,16.5344097439101,0,1,1,1,0,95.0276243093923,95.0276243093923,95.0276243093923,13.8515990006246,1,1,2,5.39226519337017,95.0276243093923,95.0276243093923,95.0276243093923,95.0276243093923
E01026310,East Midlands,E07000141,South Kesteven,475,17.8725405251941,0,1,1,1.28,0,100,100,100,18.7878664495114,0,1,1,1,0,92.8421052631579,92.8421052631579,92.8421052631579,13.6734609120521,1,1,2,6,92.8421052631579,92.8421052631579,92.8421052631579,92.8421052631579
E01026311,East Midlands,E07000141,South Kesteven,697,20.8904857635498,0,1,1,1.57819225251076,0,100,100,100,16.4502693208431,0,1,1,1,0,96.4131994261119,96.4131994261119,96.4131994261119,13.883518735363,1,1,2,6.39885222381636,96.4131994261119,96.4131994261119,96.4131994261119,96.4131994261119
E01026312,East Midlands,E07000141,South Kesteven,472,24.1962443175914,0,1,1,1,0,100,100,100,17.6891569568197,0,1,1,1,0,100,100,100,14.5958396161755,1,1,2,6.5,100,100,100,100
E01026313,East Midlands,E07000141,South Kesteven,683,25.1188631175735,0.16398243045388,0.685212298682284,1,1,16.398243045388,68.5212298682284,100,100,26.6705684071381,0.330893118594436,0.793557833089312,0.793557833089312,1,33.0893118594436,74.3777452415813,74.3777452415813,95.0219619326501,12.4005551883675,0.793557833089312,1,2,5.16398243045388,74.3777452415813,95.0219619326501,95.0219619326501,95.0219619326501
E01026314,East Midlands,E07000141,South Kesteven,588,34.9120070546865,0,0,1,1,0,0,100,100,48.4214765625,0,0,0,1,0,0,0,84.8639455782313,18.8149140625,0,1,2.44387755102041,5,0,84.8639455782313,84.8639455782313,84.8639455782313
E01026315,East Midlands,E07000141,South Kesteven,964,36.5472886700002,0,0.136929460580913,0.828838174273859,1,0,13.6929460580913,82.8838174273859,100,34.1841016166282,0,0.364107883817427,0.799792531120332,1,0,36.4107883817427,78.7344398340249,98.7551867219917,19.6909053117783,0,1,2.27489626556017,6.1804979253112,0,98.7551867219917,98.7551867219917,98.7551867219917
E01026316,East Midlands,E07000141,South Kesteven,1086,59.0284425785747,0,0,0.511049723756906,0.914364640883978,0,0,51.1049723756906,51.1049723756906,69.4950159744409,0,0,0,0.151012891344383,0,0,0,9.57642725598527,26.3748522364217,0,1.31675874769797,2.22836095764273,4.12062615101289,0,73.9410681399632,82.5966850828729,82.5966850828729
E01026317,East Midlands,E07000141,South Kesteven,1023,20.8165240358578,0.1544477028348,1,1.34604105571847,3,15.44477028348,100,100,100,14.2309301310044,0.764418377321603,1,1,1,64.5161290322581,84.8484848484848,84.8484848484848,84.8484848484848,13.7266069868996,0.882697947214076,1,2,5.90713587487781,74.6823069403715,84.8484848484848,84.8484848484848,84.8484848484848
E01026318,East Midlands,E07000141,South Kesteven,896,27.5300579646427,0,0.699776785714286,1.17522321428571,2.17522321428571,0,69.9776785714286,100,100,16.1652003601981,0.175223214285714,1,1,1,17.5223214285714,83.4821428571429,83.4821428571429,83.4821428571429,14.0979063484917,1,1,2.52455357142857,6.22433035714286,83.4821428571429,83.4821428571429,83.4821428571429,83.4821428571429
E01026319,East Midlands,E07000141,South Kesteven,975,26.2057301606258,0,1,1,1.35487179487179,0,100,100,100,18.2890380593894,0,1,1,1,0,100,100,100,15.6479757423672,0.0502564102564103,1,2.19589743589744,6.53948717948718,10.6666666666667,100,100,100
E01026320,East Midlands,E07000141,South Kesteven,685,31.8206963266153,0,0.570802919708029,1,1,0,57.0802919708029,100,100,16.9694739556472,0,1,1,1,0,87.4452554744526,87.4452554744526,87.4452554744526,12.7851676121712,1,1,2,5.19124087591241,87.4452554744526,87.4452554744526,87.4452554744526,87.4452554744526
E01026321,East Midlands,E07000141,South Kesteven,563,24.8662717930729,0,1,1,1,0,100,100,100,17.5185345482156,0,1,1,1,0,86.6785079928952,86.6785079928952,86.6785079928952,12.8307668944571,1,1,2,5.46003552397869,86.6785079928952,86.6785079928952,86.6785079928952,86.6785079928952
E01026322,East Midlands,E07000141,South Kesteven,559,21.0883698798193,0,1,1,1.23076923076923,0,100,100,100,13.1886271450858,1,1,1,1,95.169946332737,95.169946332737,95.169946332737,95.169946332737,11.7030577223089,1,1,2,5.23076923076923,95.169946332737,95.169946332737,95.169946332737,95.169946332737
E01026323,East Midlands,E07000141,South Kesteven,991,16.6948850454346,0.479313824419778,1,1,2.57517658930373,47.9313824419778,100,100,100,12.262379707113,0.870837537840565,1,1,1,74.2684157416751,84.7628657921292,84.7628657921292,84.7628657921292,11.6639278242678,1,1,2,5.70433905146317,84.7628657921292,84.7628657921292,84.7628657921292,84.7628657921292
E01026324,East Midlands,E07000141,South Kesteven,926,18.5950751666249,0,1,1,1.84557235421166,0,100,100,100,16.3251895943563,0,1,1,1,0,95.7883369330454,95.7883369330454,95.7883369330454,13.0159920634921,1,1,2,5,95.7883369330454,95.7883369330454,95.7883369330454,95.7883369330454
E01026325,East Midlands,E07000141,South Kesteven,642,15.6322156375091,0.394080996884735,1,1,1,39.4080996884735,100,100,100,14.2490102171137,1,1,1,1,92.9906542056075,92.9906542056075,92.9906542056075,92.9906542056075,11.8343167305236,1,1,2,5,92.9906542056075,92.9906542056075,92.9906542056075,92.9906542056075
E01026326,East Midlands,E07000141,South Kesteven,638,11.8980423702875,0.797805642633229,1,1,1,79.7805642633229,100,100,100,11.1179604365621,1,1,1,1,100,100,100,100,10.2561664392906,1,1,2,6,100,100,100,100
E01026327,East Midlands,E07000141,South Kesteven,639,16.1710067349483,0.200312989045383,1,1,1,20.0312989045383,100,100,100,11.9587564766839,1,1,1,1,95.3051643192488,95.3051643192488,95.3051643192488,95.3051643192488,10.58925980755,1,1,2,5.79029733959311,95.3051643192488,95.3051643192488,95.3051643192488,95.3051643192488
E01026328,East Midlands,E07000141,South Kesteven,629,13.1621371424475,1,1,1,1,100,100,100,100,14.1450534255185,0.791732909379968,1,1,1,78.5373608903021,95.0715421303657,95.0715421303657,95.0715421303657,11.6563922061596,1,1,2,5,95.0715421303657,95.0715421303657,95.0715421303657,95.0715421303657
E01026329,East Midlands,E07000141,South Kesteven,822,43.1000590512694,0,0,0.867396593673966,1,0,0,86.7396593673966,100,59.0954749199573,0,0,0,0.701946472019465,0,0,0,66.1800486618005,21.6156510138741,0,1.29805352798054,3,5.37712895377129,0,100,100,100
E01026330,East Midlands,E07000141,South Kesteven,909,30.684437844791,0,0.643564356435644,0.88008800880088,0.88008800880088,0,64.3564356435644,88.008800880088,88.008800880088,43.1157249560633,0,0,0.419141914191419,1,0,0,30.4730473047305,90.0990099009901,17.6198901581722,0,1.11991199119912,2.74257425742574,5.29152915291529,0,90.0990099009901,90.0990099009901,90.0990099009901
E01026331,East Midlands,E07000141,South Kesteven,1090,51.6157105786272,0,0,0.421100917431193,1.03211009174312,0,0,42.1100917431193,90.2752293577982,56.0276938213302,0,0,0,0.944036697247706,0,0,0,92.5688073394495,24.774443132625,0,1,2.55779816513761,6.08807339449541,0,98.1651376146789,98.1651376146789,98.1651376146789
E01026332,East Midlands,E07000141,South Kesteven,989,42.1305249746993,0,0,0.699696663296259,0.89989888776542,0,0,69.9696663296259,89.989888776542,50.3959707629054,0,0,0.188068756319515,0.699696663296259,0,0,20.6268958543984,68.149646107179,23.9360118775697,0,0.89989888776542,1.94944388270981,5.34074823053589,0,88.169868554095,98.685540950455,98.685540950455
E01026333,East Midlands,E07000141,South Kesteven,1065,45.2830667720425,0,0.591549295774648,1.09671361502347,1.36901408450704,0,59.1549295774648,72.206572769953,84.037558685446,39.0893742757822,0,0,0.84037558685446,1,0,0,75.3990610328638,91.3615023474178,17.8302858246427,0.0629107981220657,1.27793427230047,2.29014084507042,6.82253521126761,6.29107981220657,91.3615023474178,91.3615023474178,91.3615023474178
E01026334,East Midlands,E07000141,South Kesteven,647,37.6659275856092,0,0.187017001545595,1,1.38330757341577,0,18.7017001545595,100,100,48.8055812459859,0,0,0.187017001545595,2,0,0,18.7017001545595,100,19.8174566473988,0,2,2,6,0,100,100,100
E01026335,East Midlands,E07000141,South Kesteven,754,32.0357767924737,0,0.415119363395225,1,2,0,41.5119363395225,100,100,51.1403496973773,0,0,0,2,0,0,0,81.9628647214854,20.6598318762609,0,2,2,6,0,81.9628647214854,81.9628647214854,81.9628647214854
E01026336,East Midlands,E07000141,South Kesteven,725,38.7828877882976,0,0,1,1.34758620689655,0,0,100,100,54.6364863102999,0,0,0,2,0,0,0,95.8620689655172,21.7100521512386,0,2,2,5.85103448275862,0,95.8620689655172,95.8620689655172,95.8620689655172
E01026337,East Midlands,E07000141,South Kesteven,684,35.9106140098931,0,0,1,1.82017543859649,0,0,100,100,53.3287815750371,0,0,0,2,0,0,0,92.8362573099415,21.9722288261516,0,2,2,5.55994152046784,0,92.8362573099415,92.8362573099415,92.8362573099415
E01026338,East Midlands,E07000141,South Kesteven,550,36.0682545823132,0,0.212727272727273,0.863636363636364,1.26181818181818,0,21.2727272727273,86.3636363636364,100,62.2020616113744,0,0,0,0.601818181818182,0,0,0,57.8181818181818,24.2156161137441,0,1.13636363636364,2.86363636363636,5.92181818181818,0,90.3636363636364,90.3636363636364,90.3636363636364
E01026339,East Midlands,E07000141,South Kesteven,564,48.1288216615179,0,0,0.283687943262411,1.28368794326241,0,0,28.3687943262411,100,75.5074363057325,0,0,0,0,0,0,0,0,28.6094665605096,0,1,2.28368794326241,7.25531914893617,0,100,100,100
E01026340,East Midlands,E07000141,South Kesteven,1011,19.3141600778551,0,1,1,2,0,100,100,100,20.1806372325899,0,1,1,1,0,91.4935707220574,91.4935707220574,91.4935707220574,12.6783705052344,1,1.87240356083086,2,5,91.4935707220574,91.4935707220574,91.4935707220574,91.4935707220574
E01026341,East Midlands,E07000141,South Kesteven,648,48.023427282499,0,0,0,1,0,0,0,100,83.0671639871383,0,0,0,0,0,0,0,0,28.9467717041801,0,1,3,6,0,92.9012345679012,92.9012345679012,92.9012345679012
E01026342,East Midlands,E07000141,South Kesteven,596,52.4747421360149,0,0,0,1,0,0,0,100,87.1150834492351,0,0,0,0,0,0,0,0,30.6796870653686,0,0,3,5.13758389261745,0,0,97.1476510067114,97.1476510067114
E01026343,East Midlands,E07000141,South Kesteven,951,20.9632945192481,0,1,1,2.84752891692955,0,100,100,100,13.8677311370882,0.847528916929548,1,1,1,81.0725552050473,92.0084121976867,92.0084121976867,92.0084121976867,11.8931455897981,1,1,3,6.14616193480547,92.0084121976867,92.0084121976867,92.0084121976867,92.0084121976867
E01026344,East Midlands,E07000141,South Kesteven,714,24.359733053205,0,1,1,2.59383753501401,0,100,100,100,16.0829224904701,0.210084033613445,1,1,1,21.0084033613445,98.4593837535014,98.4593837535014,98.4593837535014,13.1665311308767,1,1,3,6.59383753501401,98.4593837535014,98.4593837535014,98.4593837535014,98.4593837535014
E01026345,East Midlands,E07000141,South Kesteven,656,17.3931208432921,0.179878048780488,1,1,2.23780487804878,17.9878048780488,100,100,100,12.2753408380238,1,1,1,1,97.8658536585366,97.8658536585366,97.8658536585366,97.8658536585366,11.118330206379,1,1,2.21951219512195,5.78048780487805,97.8658536585366,97.8658536585366,97.8658536585366,97.8658536585366
E01026346,East Midlands,E07000141,South Kesteven,536,9.34928623771335,1,1,1,1,100,100,100,100,9.22470844212359,1,1,1,1,98.5074626865672,98.5074626865672,98.5074626865672,98.5074626865672,7.55185378590078,1,1,2,7,98.5074626865672,98.5074626865672,98.5074626865672,98.5074626865672
E01026347,East Midlands,E07000141,South Kesteven,883,9.60178355501814,1,1,1,1,100,100,100,100,8.55208585247884,1,1,1,1,75.6511891279728,75.6511891279728,75.6511891279728,75.6511891279728,7.71243047158404,1,1.32842582106455,2.44733861834655,7.44733861834655,75.6511891279728,75.6511891279728,75.6511891279728,75.6511891279728
E01026348,East Midlands,E07000141,South Kesteven,487,11.0451385604816,1,1,1,1,100,100,100,100,10.8346476642914,1,1,1,1,100,100,100,100,8.51590657165479,1,1,2,7,100,100,100,100
E01026349,East Midlands,E07000141,South Kesteven,828,17.8672663823191,0.185990338164251,1,1,1,18.5990338164251,100,100,100,11.19065830721,1,1,1,1,96.8599033816425,96.8599033816425,96.8599033816425,96.8599033816425,9.46163636363636,1,1,2.5012077294686,8,96.8599033816425,96.8599033816425,96.8599033816425,96.8599033816425
E01026350,East Midlands,E07000141,South Kesteven,887,11.7980398860399,0.735062006764374,1,1,1.15783540022548,73.5062006764374,100,100,100,9.29052991452991,1,1,1,1,89.6279594137542,89.6279594137542,89.6279594137542,89.6279594137542,8.70724216524217,1,2,3,8,89.6279594137542,89.6279594137542,89.6279594137542,89.6279594137542
E01026351,East Midlands,E07000141,South Kesteven,890,12.4321520613623,0.850561797752809,1,1,1,85.0561797752809,100,100,100,9.65925853018373,1,1,1,1,97.1910112359551,97.1910112359551,97.1910112359551,97.1910112359551,8.49840551181102,1,1.85056179775281,3,8,97.1910112359551,97.1910112359551,97.1910112359551,97.1910112359551
E01026352,East Midlands,E07000141,South Kesteven,587,10.7474062267343,1,1,1,1,100,100,100,100,9.56766161213089,1,1,1,1,94.7189097103918,94.7189097103918,94.7189097103918,94.7189097103918,8.82505985634477,1,1,2,5.10902896081772,94.7189097103918,94.7189097103918,94.7189097103918,94.7189097103918
E01026353,East Midlands,E07000141,South Kesteven,898,11.7428055609352,1,1,1,2.84855233853007,100,100,100,100,9.71613679544015,1,1,1,1,96.4365256124722,96.4365256124722,96.4365256124722,96.4365256124722,9.72059531348955,1,1,2,5.59799554565702,96.4365256124722,96.4365256124722,96.4365256124722,96.4365256124722
E01026354,East Midlands,E07000141,South Kesteven,512,16.6554203507831,0.484375,1,1,1,48.4375,100,100,100,12.3527015437393,1,1,1,1,95.8984375,95.8984375,95.8984375,95.8984375,10.7233018867925,1,1,2,4,95.8984375,95.8984375,95.8984375,95.8984375
E01026355,East Midlands,E07000141,South Kesteven,1046,34.9013127238811,0,0,1.87954110898662,2,0,0,100,100,43.8003641456583,0,0,0.623326959847036,1.85372848948375,0,0,58.604206500956,95.1242829827916,21.7454901960784,0,2,2,5.87954110898662,0,95.1242829827916,95.1242829827916,95.1242829827916
E01026356,East Midlands,E07000141,South Kesteven,606,27.5328189233286,0,0.787128712871287,1,1,0,78.7128712871287,100,100,20.1429237844941,0,1,1,1,0,93.7293729372937,93.7293729372937,93.7293729372937,12.9764651773982,1,1,2.61221122112211,8,93.7293729372937,93.7293729372937,93.7293729372937,93.7293729372937
E01026357,East Midlands,E07000141,South Kesteven,616,21.4712647185849,0,1,1,1,0,100,100,100,17.5306358381503,0,1,1,1,0,96.1038961038961,96.1038961038961,96.1038961038961,11.9233526011561,1,1,3,8,96.1038961038961,96.1038961038961,96.1038961038961,96.1038961038961
E01026358,East Midlands,E07000141,South Kesteven,654,19.2411095375078,0,1,1,1,0,100,100,100,14.7229949238579,0.396024464831804,1,1,1,39.6024464831804,96.3302752293578,96.3302752293578,96.3302752293578,11.1051341551849,1,1,2.19571865443425,8,96.3302752293578,96.3302752293578,96.3302752293578,96.3302752293578
E01026359,East Midlands,E07000141,South Kesteven,698,21.3459876323882,0,1,1,1,0,100,100,100,14.7194158730159,0.371060171919771,1,1,1,33.5243553008596,96.4183381088825,96.4183381088825,96.4183381088825,11.1350031746032,1,1,3,8,96.4183381088825,96.4183381088825,96.4183381088825,96.4183381088825
E01026360,East Midlands,E07000141,South Kesteven,925,57.1145857221027,0,0,0,0.574054054054054,0,0,0,57.4054054054054,60.0702651162791,0,0,0,0.427027027027027,0,0,0,41.1891891891892,23.6253348837209,0,1.13297297297297,2.71351351351351,4,0,95.3513513513514,95.3513513513514,95.3513513513514
E01026361,East Midlands,E07000141,South Kesteven,1184,59.8381750635554,0,0,0,0.357263513513513,0,0,0,35.7263513513513,96.5681168359942,0,0,0,0,0,0,0,0,32.529263425254,0,0.182432432432432,2.87077702702703,6,0,18.2432432432432,97.5506756756757,97.5506756756757
E01026362,East Midlands,E07000141,South Kesteven,702,47.4264434439951,0,0,0.202279202279202,1.2022792022792,0,0,20.2279202279202,100,48.8883162100457,0,0,0,1,0,0,0,91.4529914529915,21.3062271689498,0,2,2,5.8034188034188,0,91.4529914529915,91.4529914529915,91.4529914529915
E01026363,East Midlands,E07000141,South Kesteven,555,34.1513163086715,0,0.886486486486487,0.886486486486487,0.886486486486487,0,88.6486486486487,88.6486486486487,88.6486486486487,26.0309412597311,0,0.554954954954955,1,1.33153153153153,0,60.1801801801802,100,100,12.5550035385704,0.886486486486487,2,2,6.77297297297297,93.3333333333333,100,100,100
E01026364,East Midlands,E07000141,South Kesteven,741,47.22702711688,0,0,0.194331983805668,1.19433198380567,0,0,19.4331983805668,100,51.9734020618557,0,0,0,1,0,0,0,92.5775978407557,23.456250678242,0,2,2,5.19433198380567,0,92.5775978407557,92.5775978407557,92.5775978407557
E01026365,East Midlands,E07000141,South Kesteven,1039,40.7498485496003,0,0,0.605389797882579,1,0,0,60.5389797882579,100,41.5683846478279,0,0,0.92781520692974,1.21462945139557,0,0,83.5418671799808,90.7603464870067,18.7932770982708,0,1.8623676612127,2,5.33974975938402,0,90.7603464870067,90.7603464870067,90.7603464870067
E01026366,East Midlands,E07000142,West Lindsey,954,55.7212969456483,0,0,0.526205450733753,0.813417190775681,0,0,52.6205450733753,81.3417190775681,70.4986185657721,0,0,0,0.0775681341719078,0,0,0,10.7966457023061,26.0767135943687,0,0.890985324947589,2,7.59538784067086,0,92.1383647798742,100,100
E01026367,East Midlands,E07000142,West Lindsey,773,45.9447193634219,0,0,0.758085381630013,0.906856403622251,0,0,75.8085381630013,90.6856403622251,67.5013292682927,0,0,0,0.166882276843467,0,0,0,16.6882276843467,24.2484390243902,0,1,3.42432082794308,7.35446313065977,0,95.2134540750323,95.2134540750323,95.2134540750323
E01026368,East Midlands,E07000142,West Lindsey,715,49.7213775709279,0,0,0.18041958041958,1,0,0,18.041958041958,100,74.1227238198589,0,0,0,0,0,0,0,0,26.1901247965274,0,1,4,7.36503496503497,0,96.0839160839161,96.0839160839161,96.0839160839161
E01026369,East Midlands,E07000142,West Lindsey,506,23.1280692396493,0,1,1,1,0,100,100,100,27.2401685823755,0,1,1,1,0,100,100,100,14.7064674329502,0.756916996047431,1,3,7,75.6916996047431,100,100,100
E01026370,East Midlands,E07000142,West Lindsey,979,25.0657908798403,0,0.805924412665986,1,1,0,80.5924412665986,100,100,23.8620894874023,0,1,1,1,0,82.635342185904,82.635342185904,82.635342185904,13.3537706342311,1,1,3,6.46169560776302,82.635342185904,82.635342185904,82.635342185904,82.635342185904
E01026371,East Midlands,E07000142,West Lindsey,547,26.2117000371815,0,1,1,1,0,100,100,100,29.984747393745,0,0.488117001828154,1,1,0,45.1553930530165,91.2248628884826,91.2248628884826,16.2656856455493,0,1,3,7,0,91.2248628884826,91.2248628884826,91.2248628884826
E01026372,East Midlands,E07000142,West Lindsey,1073,39.9394274573203,0,0,0.926374650512582,0.926374650512582,0,0,92.6374650512581,92.6374650512581,46.6094671968191,0,0,0.842497670083877,0.842497670083877,0,0,71.668219944082,71.668219944082,20.0728866799205,0,1,2.9161230195713,6.9161230195713,0,88.6300093196645,88.6300093196645,88.6300093196645
E01026373,East Midlands,E07000142,West Lindsey,862,33.4581958035843,0,0.791183294663573,0.94199535962877,1.26798143851508,0,79.1183294663573,94.199535962877,94.199535962877,39.4280734809232,0,0,0.791183294663573,0.854988399071926,0,0,64.9651972157773,71.3457076566125,17.4782242110221,0.228538283062645,1.08700696055684,2.30278422273782,6.68213457076566,11.9489559164733,85.84686774942,85.84686774942,85.84686774942
E01026374,East Midlands,E07000142,West Lindsey,668,27.4641220649182,0,0.776946107784431,1,1,0,77.6946107784431,100,100,19.2523114956737,0,1,1,1,0,97.0059880239521,97.0059880239521,97.0059880239521,12.8183868974042,1,2,5,10,97.0059880239521,97.0059880239521,97.0059880239521,97.0059880239521
E01026375,East Midlands,E07000142,West Lindsey,692,31.7368252334717,0,0.169075144508671,1,1.51878612716763,0,16.9075144508671,100,100,21.7028968466061,0,1,1,1,0,93.6416184971098,93.6416184971098,93.6416184971098,13.617055050775,1,2,5,10,93.6416184971098,93.6416184971098,93.6416184971098,93.6416184971098
E01026376,East Midlands,E07000142,West Lindsey,810,28.6407917762071,0,0.728395061728395,1,1.5962962962963,0,72.8395061728395,100,100,19.2193370786517,0,1,1,1,0,96.5432098765432,96.5432098765432,96.5432098765432,12.7547134831461,1,2,5,10,96.5432098765432,96.5432098765432,96.5432098765432,96.5432098765432
E01026377,East Midlands,E07000142,West Lindsey,936,26.291350106784,0,0.889957264957265,1,1,0,88.9957264957265,100,100,17.7623972911964,0,1,1,1,0,93.3760683760684,93.3760683760684,93.3760683760684,11.8287133182844,1,2,5,10,93.3760683760684,93.3760683760684,93.3760683760684,93.3760683760684
E01026378,East Midlands,E07000142,West Lindsey,751,12.5406756078468,1,1,1,1,100,100,100,100,10.0332090856144,1,1,1,1,96.271637816245,96.271637816245,96.271637816245,96.271637816245,8.33543972044263,1,2,5,10,96.271637816245,96.271637816245,96.271637816245,96.271637816245
E01026379,East Midlands,E07000142,West Lindsey,765,17.8411061808197,0.152941176470588,1,1,1,15.2941176470588,100,100,100,12.5854245810056,1,1,1,1,86.9281045751634,86.9281045751634,86.9281045751634,86.9281045751634,9.48983798882682,1,2,5,10,86.9281045751634,86.9281045751634,86.9281045751634,86.9281045751634
E01026380,East Midlands,E07000142,West Lindsey,768,23.8654722742414,0,1,1,1,0,100,100,100,14.6166838166511,0.819010416666667,1,1,1,72.0052083333333,90.1041666666667,90.1041666666667,90.1041666666667,10.094331150608,1,2,5,10,90.1041666666667,90.1041666666667,90.1041666666667,90.1041666666667
E01026381,East Midlands,E07000142,West Lindsey,832,6.54067705212702,1,1,1,1,100,100,100,100,7.69008987417616,1,1,1,1,96.9951923076923,96.9951923076923,96.9951923076923,96.9951923076923,7.09686638705812,1,2,5,10,96.9951923076923,96.9951923076923,96.9951923076923,96.9951923076923
E01026382,East Midlands,E07000142,West Lindsey,771,29.7696509950494,0,0.538261997405966,1.16990920881971,3,0,53.8261997405966,100,100,19.8849027459954,0,1,1,1,0,80.5447470817121,80.5447470817121,80.5447470817121,12.7053718535469,1,2,5,9.70817120622568,80.5447470817121,80.5447470817121,80.5447470817121,80.5447470817121
E01026383,East Midlands,E07000142,West Lindsey,641,23.0663776529448,0,1,1,2.77691107644306,0,100,100,100,16.5397927858787,0,1,1,1,0,91.2636505460219,91.2636505460219,91.2636505460219,11.0234535686876,1,2,5.40873634945398,10,91.2636505460219,91.2636505460219,91.2636505460219,91.2636505460219
E01026384,East Midlands,E07000142,West Lindsey,929,14.890757792758,0.585575888051668,1,1,1.61033369214209,58.5575888051669,100,100,100,13.1590309278351,0.866523143164693,1,1,1,86.6523143164693,100,100,100,9.54618041237113,1,2,5,10,100,100,100,100
E01026385,East Midlands,E07000142,West Lindsey,533,42.9388525921365,0,0,0.649155722326454,0.649155722326454,0,0,64.9155722326454,64.9155722326454,42.9174260869565,0,0,0.649155722326454,1,0,0,47.8424015009381,82.9268292682927,17.9264869565217,0,1,4.42401500938086,9.55722326454034,0,82.9268292682927,82.9268292682927,82.9268292682927
E01026386,East Midlands,E07000142,West Lindsey,544,56.912959544548,0,0,0,0.658088235294118,0,0,0,65.8088235294118,63.2635440484196,0,0,0,0.275735294117647,0,0,0,27.5735294117647,23.5415736381977,0,1.63786764705882,4.36948529411765,8.84191176470588,0,100,100,100
E01026387,East Midlands,E07000142,West Lindsey,1135,117.679374775376,0,0,0,0,0,0,0,0,94.5940082956259,0,0,0,0,0,0,0,0,33.1457503770739,0,0,3.2352422907489,7.44845814977974,0,0,92.863436123348,92.863436123348
E01026388,East Midlands,E07000142,West Lindsey,973,38.2947468394303,0,0,1,1.11510791366906,0,0,100,100,34.1157264552769,0,0.484069886947585,0.845837615621788,1,0,47.7903391572456,72.6618705035971,88.0781089414183,16.7367297681022,0.484069886947585,1.62692702980473,4.69167523124358,8.93627954779034,47.7903391572456,88.0781089414183,88.0781089414183,88.0781089414183
E01026389,East Midlands,E07000142,West Lindsey,817,53.8743046206761,0,0,0,2.13831089351285,0,0,0,100,92.8745313366611,0,0,0,0,0,0,0,0,27.1204936217415,0,1,4,7,0,86.9033047735618,86.9033047735618,86.9033047735618
E01026390,East Midlands,E07000142,West Lindsey,877,54.9370086298937,0,0,0,1.37628278221209,0,0,0,100,94.4416384778013,0,0,0,0,0,0,0,0,28.7354545454545,0,1,4,6.44811858608894,0,95.4389965792474,95.4389965792474,95.4389965792474
E01026391,East Midlands,E07000142,West Lindsey,853,58.7814103321962,0,0,0.242672919109027,0.703399765533411,0,0,24.2672919109027,61.7819460726846,85.1565586490187,0,0,0,0,0,0,0,0,26.1183204016431,0,0.886283704572098,3.80890973036342,6.74443141852286,0,84.1735052754982,95.5451348182884,95.5451348182884
E01026392,East Midlands,E07000142,West Lindsey,1335,69.8702545832015,0,0,0,0.601498127340824,0,0,0,60.1498127340824,100.929877141933,0,0,0,0,0,0,0,0,31.8899256385386,0,0.183520599250936,4,6,0,15.4307116104869,87.8651685393259,87.8651685393259
E01026393,East Midlands,E07000142,West Lindsey,662,30.6222976848733,0,0.409365558912387,1,1,0,40.9365558912387,100,100,28.610583515682,0,1,1,1,0,94.8640483383686,94.8640483383686,94.8640483383686,16.0286870897155,0.206948640483384,1,3,7,15.558912386707,94.8640483383686,94.8640483383686,94.8640483383686
E01026394,East Midlands,E07000142,West Lindsey,803,29.3691689785255,0,0.463262764632628,0.919053549190536,1.15317559153176,0,46.3262764632628,91.9053549190536,100,24.2087778327561,0,0.656288916562889,1,1,0,57.7833125778331,86.052303860523,86.052303860523,14.7282632360218,0.575342465753425,1,2.80697384806974,7.08094645080946,49.6886674968867,86.052303860523,86.052303860523,86.052303860523
E01026395,East Midlands,E07000142,West Lindsey,686,27.5020029904181,0,0.791545189504373,1,1,0,79.1545189504373,100,100,28.0290295939436,0,0.791545189504373,1,1,0,75.0728862973761,95.9183673469388,95.9183673469388,15.7276324845148,0,1,3,7,0,95.9183673469388,95.9183673469388,95.9183673469388
E01026396,East Midlands,E07000142,West Lindsey,568,45.6738039378724,0,0,0.380281690140845,1.86795774647887,0,0,38.0281690140845,100,50.1516188197767,0,0,0,1,0,0,0,95.9507042253521,22.0385167464115,0,2,4,8,0,95.9507042253521,95.9507042253521,95.9507042253521
E01026397,East Midlands,E07000142,West Lindsey,1035,48.2782647917193,0,0,0.106280193236715,1.39420289855072,0,0,10.6280193236715,100,42.3081076737646,0,0.111111111111111,0.464734299516908,1,0,9.95169082125604,47.2463768115942,100,20.6309079951788,0,1.39420289855072,3.64154589371981,7.743961352657,0,100,100,100
E01026398,East Midlands,E07000142,West Lindsey,736,50.0412206680249,0,0,0,1.92798913043478,0,0,0,92.7989130434783,50.1450670926518,0,0,0,1,0,0,0,94.8369565217391,22.0358849840256,0,1.32608695652174,4,7.94972826086957,0,94.8369565217391,94.8369565217391,94.8369565217391
E01026399,East Midlands,E07000142,West Lindsey,632,54.8958299779568,0,0,0,1.48101265822785,0,0,0,83.8607594936709,64.3104149659864,0,0,0,0.200949367088608,0,0,0,20.0949367088608,24.3680136054422,0,2,4,8.19620253164557,0,96.6772151898734,96.6772151898734,96.6772151898734
E01026400,East Midlands,E07000142,West Lindsey,648,49.6227772026546,0,0,0.290123456790123,1.16203703703704,0,0,29.0123456790123,100,43.6884152401988,0,0,0.763888888888889,1,0,0,63.2716049382716,94.5987654320988,21.1181778023192,0,1.36728395061728,2.73456790123457,7.65740740740741,0,94.5987654320988,94.5987654320988,94.5987654320988
E01026401,East Midlands,E07000142,West Lindsey,647,55.8949475155362,0,0,0.401854714064915,1.73724884080371,0,0,40.1854714064915,86.8624420401855,53.3561376317421,0,0,0,1.5177743431221,0,0,0,83.9258114374034,21.0948109113453,0,2,2.86862442040185,7.73724884080371,0,97.0633693972179,97.0633693972179,97.0633693972179
E01026402,East Midlands,E07000142,West Lindsey,862,43.3584208056801,0,0,1.23781902552204,2,0,0,71.1136890951276,100,48.3151052631579,0,0,0,1.66009280742459,0,0,0,79.8143851508121,20.3738736842105,0,2,3,8.21925754060325,0,79.8143851508121,79.8143851508121,79.8143851508121
E01026403,East Midlands,E07000142,West Lindsey,580,30.4593093403992,0,0.217241379310345,1.22586206896552,1.75344827586207,0,21.7241379310345,100,100,42.1990301249082,0,0.217241379310345,0.527586206896552,1.22586206896552,0,17.7586206896552,48.7931034482759,96.0344827586207,18.302902277737,0.217241379310345,1.63448275862069,3.09827586206897,6.86551724137931,17.7586206896552,96.0344827586207,96.0344827586207,96.0344827586207
E01026404,East Midlands,E07000142,West Lindsey,1003,47.9163075008908,0,0,0.219341974077767,1.78065802592223,0,0,21.9341974077767,100,60.4439537925022,0,0,0,0.219341974077767,0,0,0,20.9371884346959,23.5849782040105,0,2,3.13659022931206,8,0,95.1146560319043,95.1146560319043,95.1146560319043
E01026405,East Midlands,E07000142,West Lindsey,545,37.2154362041168,0,0,1,1,0,0,100,100,38.7762083628632,0,0,1,1,0,0,100,100,18.5584053862509,0,1,3,7,0,100,100,100
E01026406,East Midlands,E07000142,West Lindsey,547,30.132670229478,0,0.244972577696527,1,1,0,24.4972577696526,100,100,34.4579136690647,0,0,1,1,0,0,87.3857404021938,87.3857404021938,17.503517186251,0,1,3,7,0,87.3857404021938,87.3857404021938,87.3857404021938
E01026407,East Midlands,E07000142,West Lindsey,581,27.2206426026485,0,0.843373493975904,1,1.8433734939759,0,84.3373493975904,100,100,30.3569081404033,0,0.430292598967298,1,1,0,43.0292598967298,94.4922547332186,94.4922547332186,13.0341075429425,1,1.8433734939759,4.4302925989673,8.4302925989673,94.4922547332186,94.4922547332186,94.4922547332186,94.4922547332186
E01026408,East Midlands,E07000142,West Lindsey,604,12.0791202346041,0.677152317880795,1,1,1,67.7152317880795,100,100,100,9.60877565982405,1,1,1,1,92.8807947019868,92.8807947019868,92.8807947019868,92.8807947019868,8.34431085043988,1,1.67715231788079,5,9.35430463576159,92.8807947019868,92.8807947019868,92.8807947019868,92.8807947019868
E01026409,East Midlands,E07000142,West Lindsey,533,70.8548880096758,0,0,0,0,0,0,0,0,69.233246541904,0,0,0,0,0,0,0,0,25.0081448331977,0,2.67729831144465,5,9.64165103189493,0,100,100,100
E01026410,East Midlands,E07000142,West Lindsey,776,66.3800191271283,0,0,0,0,0,0,0,0,54.0188038858531,0,0,0,0.597938144329897,0,0,0,43.9432989690722,21.1712871888282,0,1.79768041237113,4.40077319587629,9.19845360824742,0,84.1494845360825,84.1494845360825,84.1494845360825
E01026411,East Midlands,E07000142,West Lindsey,1089,93.6929387708578,0,0,0,0,0,0,0,0,82.4539031339032,0,0,0,0,0,0,0,0,29.5935042735043,0,0.49862258953168,4.45179063360882,8.42240587695133,0,43.6179981634527,93.7557392102847,93.7557392102847
E01026412,East Midlands,E07000142,West Lindsey,753,41.1003577700528,0,0,1,1,0,0,100,100,44.7814242424242,0,0,0.401062416998672,1,0,0,28.6852589641434,84.9933598937583,20.4694424242424,0,1,2.74900398406374,7,0,84.9933598937583,84.9933598937583,84.9933598937583
E01026413,East Midlands,E07000142,West Lindsey,907,38.8589364388385,0,0,1,1,0,0,100,100,44.0027770360481,0,0,0.85226019845645,1,0,0,85.226019845645,96.5821389195149,20.053044058745,0,1,2.84564498346196,7,0,96.5821389195149,96.5821389195149,96.5821389195149
E01026414,East Midlands,E07000142,West Lindsey,724,53.8040199189443,0,0,0.226519337016575,0.718232044198895,0,0,22.6519337016575,71.8232044198895,64.0099407933689,0,0,0,0.354972375690608,0,0,0,35.4972375690608,25.1024452338662,0,1,2.98342541436464,6.71823204419889,0,90.4696132596685,90.4696132596685,90.4696132596685
E01026415,East Midlands,E07000142,West Lindsey,424,44.9897377970615,0,0,1.45518867924528,1.58490566037736,0,0,79.2452830188679,79.2452830188679,63.8730806608358,0,0,0,0,0,0,0,0,24.9510981535471,0,2,2,5,0,91.9811320754717,91.9811320754717,91.9811320754717
E01026416,East Midlands,E07000142,West Lindsey,576,68.0649207507687,0,0,0,0.526041666666667,0,0,0,52.6041666666667,81.393607198748,0,0,0,0,0,0,0,0,28.1967762128326,0,0.826388888888889,3.67361111111111,7.32638888888889,0,84.2013888888889,100,100
E01032683,East Midlands,E07000142,West Lindsey,1039,45.3400546415781,0,0,0.419634263715111,1,0,0,41.9634263715111,100,56.0735665606543,0,0,0,1,0,0,0,90.567853705486,21.8811085870059,0,1,2.94225216554379,7,0,90.567853705486,90.567853705486,90.567853705486
E01032986,East Midlands,E07000137,East Lindsey,604,5.09845486111111,1,1,1,1.55298013245033,100,100,100,100,6.76371527777778,1,1,1,1,89.5695364238411,89.5695364238411,89.5695364238411,89.5695364238411,6.82819444444444,1,2,3,5.28145695364238,89.5695364238411,89.5695364238411,89.5695364238411,89.5695364238411
E01032987,East Midlands,E07000137,East Lindsey,652,12.0688771665411,0.717791411042945,1,1,1.80981595092025,71.7791411042945,100,100,100,8.97109269027882,1,1,1,1,93.558282208589,93.558282208589,93.558282208589,93.558282208589,8.41289374529013,1,2,3,5,93.558282208589,93.558282208589,93.558282208589,93.558282208589
E01032988,East Midlands,E07000139,North Kesteven,625,58.7205837236662,0,0,0,1.192,0,0,0,79.36,40.1486498855835,0,0,1,1,0,0,88.96,88.96,23.2978032036613,0,1,2.9904,5.3952,0,88.96,88.96,88.96
E01032989,East Midlands,E07000139,North Kesteven,576,59.0156879457468,0,0,0,1.19791666666667,0,0,0,59.8958333333333,42.2711954674221,0,0,1,1,0,0,89.4097222222222,89.4097222222222,24.2169518413598,0,1,4,6,0,89.4097222222222,89.4097222222222,89.4097222222222
E01032990,East Midlands,E07000139,North Kesteven,961,59.606963313754,0,0,0,0.670135275754422,0,0,0,67.0135275754422,62.616131713555,0,0,0,0,0,0,0,0,27.6388459079284,0,1,2,6.23100936524454,0,85.7440166493236,85.7440166493236,85.7440166493236
E01032991,East Midlands,E07000139,North Kesteven,658,44.7724765267153,0,0,0.633738601823708,1.45592705167173,0,0,63.3738601823708,100,34.86058177117,0,0,1,1,0,0,100,100,20.62174531351,0,1,3.63373860182371,7,0,100,100,100
E01032992,East Midlands,E07000139,North Kesteven,627,48.4514372245859,0,0,0,2,0,0,0,100,38.8586978060863,0,0,1,1,0,0,89.3141945773525,89.3141945773525,22.2834182590234,0,1,4,6.22328548644338,0,89.3141945773525,89.3141945773525,89.3141945773525
E01032993,East Midlands,E07000139,North Kesteven,651,55.2218596416971,0,0,0,1.642089093702,0,0,0,100,39.5280462300495,0,0,1,1,0,0,100,100,23.0047055586131,0,1,2.357910906298,5.357910906298,0,100,100,100
E01032994,East Midlands,E07000139,North Kesteven,580,70.5379514743192,0,0,0,0,0,0,0,0,48.5658473954512,0,0,0.655172413793103,1,0,0,49.3103448275862,83.7931034482759,25.0597285399853,0,1,4,6,0,83.7931034482759,83.7931034482759,83.7931034482759
E01032995,East Midlands,E07000140,South Holland,724,48.4909198514467,0,0,0,1,0,0,0,100,103.584630246502,0,0,0,0,0,0,0,0,35.0159027315123,0,0,3,5,0,0,78.4530386740332,78.4530386740332
E01032996,East Midlands,E07000140,South Holland,567,53.117375878252,0,0,0,1,0,0,0,100,101.535416078984,0,0,0,0,0,0,0,0,35.2447954866008,0,0,3,5,0,0,100,100
E01032997,East Midlands,E07000141,South Kesteven,493,49.7104067353679,0,0,0,1,0,0,0,100,70.1883615436696,0,0,0,0,0,0,0,0,24.8634190927556,0,1,3,4,0,84.3813387423935,84.3813387423935,84.3813387423935
E01032998,East Midlands,E07000141,South Kesteven,505,59.180946458224,0,0,0,0.497029702970297,0,0,0,49.7029702970297,70.0713888888889,0,0,0,0,0,0,0,0,24.3846995464853,0,1,3,4,0,82.3762376237624,82.3762376237624,82.3762376237624
E01032999,East Midlands,E07000141,South Kesteven,544,41.13994029074,0,0,0.775735294117647,1,0,0,77.5735294117647,100,70.2026094276094,0,0,0,0,0,0,0,0,26.0922643097643,0,1,3,4,0,96.6911764705882,96.6911764705882,96.6911764705882
