LSOA_code,Region,LA_Code,LA_Name,GP_pop,GPPTt,GPPT15n,GPPT30n,GPPT45n,GPPT60n,GPPT15pct,GPPT30pct,GPPT45pct,GPPT60pct,GPCyct,GPCyc15n,GPCyc30n,GPCyc45n,GPCyc60n,GPCyc15pct,GPCyc30pct,GPCyc45pct,GPCyc60pct,GPCart,GPCar15n,GPCar30n,GPCar45n,GPCar60n,GPCar15pct,GPCar30pct,GPCar45pct,GPCar60pct
E01026006,East Midlands,E07000136,Boston,1076,6.17920332032778,3.3996282527881,6.41635687732342,9.90520446096654,9.90520446096654,100,100,100,100,6.81305637982196,4,5,6.11710037174721,8.14869888475836,100,100,100,100,6.89385381226016,4.67657992565056,10,10,10,100,100,100,100
E01026007,East Midlands,E07000136,Boston,445,21.8057837259202,0,2.29438202247191,5,7,0,100,100,100,28.3045822102426,0,1,5,6,0,100,100,100,13.1725156772062,1,9.22921348314607,10,10,100,100,100,100
E01026008,East Midlands,E07000136,Boston,541,26.6948949274914,0,3.5268022181146,6.61182994454713,7.52125693160813,0,73.9371534195933,100,100,29.0031605562579,0,2.6173752310536,5,6.26987060998152,0,73.9371534195933,100,100,15.121624136393,2.14787430683919,9.04805914972274,10,10,73.9371534195933,100,100,100
E01026009,East Midlands,E07000136,Boston,484,18.9806925824171,0.247933884297521,2.53305785123967,4.57851239669422,7.03719008264463,24.7933884297521,100,100,100,19.3196202531646,0,1,4.27685950413223,6.48760330578512,0,100,100,100,9.72018190501611,1,9.24793388429752,10,10,100,100,100,100
E01026010,East Midlands,E07000136,Boston,648,16.8948677158293,0,4,7.24382716049383,10,0,100,100,100,11.3431952662722,4,4,5,8,100,100,100,100,9.35538484985933,4,10,10,10,100,100,100,100
E01026011,East Midlands,E07000136,Boston,1033,15.4889518967193,0.933204259438529,4.27395934172314,8.95837366892546,10,54.1142303969022,100,100,100,9.67733591981895,3.44820909970958,4,5,8.25556631171346,100,100,100,100,8.79310043043894,4,10,10,10,100,100,100,100
E01026012,East Midlands,E07000136,Boston,563,19.4945902500497,0,4.27708703374778,6.28063943161634,9.30373001776199,0,100,100,100,14.1349957007739,1.0461811722913,4,5.74600355239787,9,53.8188277087034,100,100,100,10.4548324993327,4,10,10,10,100,100,100,100
E01026013,East Midlands,E07000136,Boston,613,18.6119321122062,0.220228384991843,3.89396411092985,7.82055464926591,9.77324632952692,22.0228384991843,100,100,100,13.7946611909651,1.60032626427406,4,5.3931484502447,8.83360522022839,60.6851549755302,100,100,100,10.7002602739745,3.83360522022838,10,10,10,100,100,100,100
E01026014,East Midlands,E07000136,Boston,765,20.1789810781678,0,3.6,6,8.2,0,100,100,100,17.59375,0.4,4,5.19738562091503,7.4,26.6666666666667,100,100,100,11.5209739089012,3.20261437908497,9.62614379084967,10,10,100,100,100,100
E01026015,East Midlands,E07000136,Boston,580,20.0340193463123,0,3.3948275862069,6.57241379310345,10,0,100,100,100,12.9173228346457,2.38965517241379,4,5,8.60689655172414,100,100,100,100,9.87692924809894,4,10,10,10,100,100,100,100
E01026016,East Midlands,E07000136,Boston,1012,12.2720482951783,1.22529644268775,3.49505928853755,6.8300395256917,7.39723320158103,71.4426877470356,100,100,100,11.6631205673759,0.594861660079051,2.40909090909091,6.17094861660079,9.51383399209486,59.4861660079051,100,100,100,7.55715424498768,4.51383399209486,10,10,10,100,100,100,100
E01026017,East Midlands,E07000136,Boston,616,24.914635295904,0,0.99025974025974,5.00324675324675,8.30357142857143,0,49.512987012987,100,100,15.653434152489,0.470779220779221,1.80032467532468,5.68668831168831,10,47.0779220779221,100,100,100,9.02650925192205,2.75,10,10,10,100,100,100,100
E01026018,East Midlands,E07000136,Boston,644,16.6405202784437,0.507763975155279,4.54813664596273,9.45341614906832,9.75310559006211,34.9378881987578,100,100,100,16.2003546099291,0.453416149068323,4.71739130434783,7.24689440993789,9.24689440993789,45.3416149068323,100,100,100,9.10949181326738,5.80745341614907,10,10,10,100,100,100,100
E01026019,East Midlands,E07000136,Boston,910,10.0150569225119,0.905494505494506,4.14175824175824,8.91098901098901,9.66703296703297,90.5494505494506,90.5494505494506,100,100,7.99375688578773,0.905494505494506,4.06813186813187,7.12637362637363,8.90549450549451,90.5494505494506,100,100,100,7.20937939089447,4.30549450549451,10,10,10,100,100,100,100
E01026020,East Midlands,E07000136,Boston,869,9.86763966124919,1.0379746835443,6.06214039125432,8.69965477560414,8.69965477560414,81.7031070195627,100,100,100,8.72265625,0.817031070195627,4.46950517836594,7.30034522439586,9,81.7031070195627,100,100,100,6.86123269444539,5.46950517836594,10,10,10,100,100,100,100
E01026021,East Midlands,E07000136,Boston,759,11.9586028134302,1.13965744400527,5.74571805006588,9.78524374176548,10,71.0144927536232,100,100,100,9.41097424412094,3.88274044795784,4,5,9,100,100,100,100,9.08354993149521,4,10,10,10,100,100,100,100
E01026022,East Midlands,E07000136,Boston,779,18.280855998857,0.130937098844673,3.91142490372272,9.81514762516046,10,13.0937098844673,100,100,100,11.9372921615202,1.96919127086008,4,5,9,100,100,100,100,10.6063609909275,4,10,10,10,100,100,100,100
E01026023,East Midlands,E07000136,Boston,540,16.6805976903559,0.416666666666667,1.5,6.75740740740741,9.65925925925926,41.6666666666667,100,100,100,16.7966714905933,0.174074074074074,1,1,3.34814814814815,17.4074074074074,100,100,100,9.34089704394858,1,9.83333333333333,10,10,100,100,100,100
E01026024,East Midlands,E07000136,Boston,791,17.7885470425958,0.625790139064475,1.01896333754741,5.80151706700379,7.88369152970923,62.5790139064475,87.1049304677623,100,100,11.3682112605879,0.625790139064475,1,1.37420986093552,5.5094816687737,62.5790139064475,100,100,100,8.3266715856114,1,9.25158027812895,10,10,100,100,100,100
E01026025,East Midlands,E07000136,Boston,943,7.19025224454895,2.88547189819724,6.13785790031813,10,10,100,100,100,100,7.11671654553228,4,4.89183457051962,5.12301166489926,8.70837751855779,100,100,100,100,7.12212489170109,4,10,10,10,100,100,100,100
E01026026,East Midlands,E07000136,Boston,815,12.3673435234336,1.15950920245399,4.64294478527607,9.17423312883436,10,100,100,100,100,10.2837632776935,3.64294478527607,4,5,8.80245398773006,100,100,100,100,8.97703092340634,4,10,10,10,100,100,100,100
E01026027,East Midlands,E07000136,Boston,746,11.5013290032412,1.58176943699732,4.29222520107239,8.78820375335121,10,81.6353887399464,100,100,100,10.1914083741164,3.31501340482574,4,5,8,100,100,100,100,8.21008678880187,4,10,10,10,100,100,100,100
E01026028,East Midlands,E07000136,Boston,805,13.254412802406,1.13664596273292,5.35776397515528,9.8472049689441,10,84.7204968944099,100,100,100,9.97119565217391,3.8472049689441,4,5,9,100,100,100,100,8.76990778964499,4,10,10,10,100,100,100,100
E01026029,East Midlands,E07000136,Boston,888,21.1291771453208,0.344594594594595,3.89864864864865,8.1509009009009,9.88513513513514,11.4864864864865,100,100,100,12.4614537444934,2.05855855855856,5,6.54054054054054,7.41441441441441,100,100,100,100,9.38913707621122,5,10,10,10,100,100,100,100
E01026030,East Midlands,E07000136,Boston,1003,8.99688750555803,2.61216350947159,5.74576271186441,10,10,100,100,100,100,7.91018230324589,4,5,5.35094715852443,8,100,100,100,100,7.98937313924529,4.10169491525424,10,10,10,100,100,100,100
E01026031,East Midlands,E07000136,Boston,588,15.1494093120222,0.384353741496599,4.78401360544218,9.78401360544218,10,38.4353741496599,100,100,100,9.5823488533704,3.61054421768708,4,5,8,100,100,100,100,9.39415590327344,4,10,10,10,100,100,100,100
E01026032,East Midlands,E07000136,Boston,772,9.08888888888889,1.76943005181347,5.30829015544041,10,10,100,100,100,100,7.75942028985507,4,4.30829015544041,5.19818652849741,8,100,100,100,100,7.72259887566313,4,10,10,10,100,100,100,100
E01026033,East Midlands,E07000136,Boston,732,25.4504011264122,0.139344262295082,1.65983606557377,6.48907103825137,9.31693989071038,13.9344262295082,86.0655737704918,100,100,28.34335839599,0.35655737704918,0.64344262295082,3.47814207650273,8.72814207650273,35.655737704918,50.4098360655738,68.1693989071038,100,14.0271080600289,1.51229508196721,10,10,10,50.4098360655738,100,100,100
E01026034,East Midlands,E07000136,Boston,778,12.5473158727265,0.559125964010283,1.84190231362468,8.05269922879177,9.84190231362468,55.9125964010283,100,100,100,8.81104154809334,1,1.87532133676093,5.7892030848329,10,100,100,100,100,7.41894725160159,3.40231362467866,10,10,10,100,100,100,100
E01026035,East Midlands,E07000136,Boston,842,17.0226786911742,0,5.79334916864608,9.71377672209026,10,0,100,100,100,11.2467963929758,3,5,6.53206650831354,7.71377672209026,100,100,100,100,9.41081162024065,4.71377672209026,10,10,10,100,100,100,100
E01026036,East Midlands,E07000136,Boston,643,4.82606263982103,2.33125972006221,6.25038880248834,10,10,100,100,100,100,7.3831096196868,4,4.15863141524106,5,9,100,100,100,100,7.9845638645842,4,10,10,10,100,100,100,100
E01026037,East Midlands,E07000136,Boston,576,9.20838971583221,2.16493055555556,5.64409722222222,9.82291666666667,10,100,100,100,100,8.27266576454669,4,4,5,9,100,100,100,100,9.02302425123842,4,10,10,10,100,100,100,100
E01026038,East Midlands,E07000136,Boston,505,14.0598956132352,0.445544554455446,4,7.48712871287129,10,44.5544554455446,100,100,100,11.8656597774245,3.44554455445545,4,5,9,100,100,100,100,10.1429728968913,4,10,10,10,100,100,100,100
E01026039,East Midlands,E07000136,Boston,505,15.5802059046109,0.978217821782178,6.26930693069307,10,10,48.9108910891089,100,100,100,14.7635756056809,0.247524752475248,5,7,8.48910891089109,24.7524752475248,100,100,100,9.8426570031876,5.48316831683168,10,10,10,100,100,100,100
E01026040,East Midlands,E07000136,Boston,488,20.007385379026,0,4.43032786885246,8.42418032786885,9.73975409836066,0,100,100,100,15.0594965675057,0.938524590163934,5,7,8.25409836065574,46.9262295081967,100,100,100,9.47056464436034,5.74590163934426,10,10,10,100,100,100,100
E01026041,East Midlands,E07000136,Boston,582,13.7676120853208,0.857388316151203,6.02749140893471,10,10,64.9484536082474,100,100,100,16.3393801965231,0,5,7,9,0,100,100,100,9.36392257975883,6.20790378006873,10,10,10,100,100,100,100
E01026042,East Midlands,E07000137,East Lindsey,668,6.34858121740104,1,3.18413173652695,7.40419161676647,8,100,100,100,100,7.00460829493088,1,1,1.59580838323353,5.19610778443114,100,100,100,100,6.47277147225285,1,10,10,10,100,100,100,100
E01026043,East Midlands,E07000137,East Lindsey,627,6.58927857939648,1,2.20414673046252,8,8,100,100,100,100,6.69839381320643,1,1,1,5.02392344497608,100,100,100,100,6.32235581785494,1,10,10,10,100,100,100,100
E01026044,East Midlands,E07000137,East Lindsey,537,17.104976455521,0.426443202979516,2.99441340782123,5.76722532588454,7.70018621973929,42.6443202979516,80.074487895717,100,100,19.5087055261166,0.238361266294227,1,2.35381750465549,4.59217877094972,23.8361266294227,100,100,100,11.1096746002879,1.19925512104283,8.35195530726257,10,10,100,100,100,100
E01026045,East Midlands,E07000137,East Lindsey,789,11.4619198623861,0.503168567807351,3.94550063371356,5.48035487959442,8.33967046894804,50.3168567807351,91.8884664131812,100,100,15.3742365352582,0.503168567807351,2.1254752851711,4.4575411913815,8.18124207858048,50.3168567807351,91.8884664131812,100,100,9.10207659797097,3.42839036755387,10,10,10,91.8884664131812,100,100,100
E01026046,East Midlands,E07000137,East Lindsey,502,11.8824284190795,0.960159362549801,2,6.41035856573705,9.70517928286853,70.5179282868526,100,100,100,9.60621326616289,1,2.25498007968128,5,7,100,100,100,100,7.73303085090131,2.70517928286853,9.41035856573705,10,10,100,100,100,100
E01026047,East Midlands,E07000137,East Lindsey,572,7.46267274019654,1,2.19230769230769,6.33216783216783,9.56993006993007,100,100,100,100,7.22185702547247,1,1.60664335664336,4.63111888111888,7.19230769230769,100,100,100,100,6.52371405262191,2.43006993006993,10,10,10,100,100,100,100
E01026048,East Midlands,E07000137,East Lindsey,747,9.32765079621761,0.86479250334672,2.19812583668005,5.59170013386881,9.45381526104418,86.479250334672,100,100,100,8.20094403236682,1,2,2.13520749665328,6.68406961178045,100,100,100,100,7.04292635908017,2,7.13520749665328,10,10,100,100,100,100
E01026049,East Midlands,E07000137,East Lindsey,731,15.5400775795644,0.181942544459644,2.06292749658003,5.109439124487,7.57455540355677,18.1942544459644,100,100,100,15.5683130211674,0.181942544459644,1.36798905608755,2.44733242134063,6.29548563611491,18.1942544459644,100,100,100,10.2367800228713,1.18604651162791,7.48153214774282,10,10,100,100,100,100
E01026050,East Midlands,E07000137,East Lindsey,729,8.73982939388179,1,2.44444444444444,5.69410150891632,9.44444444444444,100,100,100,100,7.54620253164557,1,2,2.13854595336077,7,100,100,100,100,6.80294940018956,1.82304526748971,7,10,10,100,100,100,100
E01026051,East Midlands,E07000137,East Lindsey,521,9.30236608551209,0.915547024952015,1.82149712092131,6.22072936660269,10,91.5547024952015,100,100,100,9.36385542168675,0.915547024952015,1.91554702495202,4.83109404990403,7.83109404990403,91.5547024952015,100,100,100,6.96580731840019,3.65642994241843,10,10,10,100,100,100,100
E01026052,East Midlands,E07000137,East Lindsey,509,9.55477637896784,1,3.53241650294695,7.59528487229862,10,100,100,100,100,11.1927051671733,0.801571709233792,1,4.20628683693517,6.57956777996071,80.1571709233792,100,100,100,8.43693617991763,1.80157170923379,10,10,10,100,100,100,100
E01026053,East Midlands,E07000137,East Lindsey,754,15.1343652414082,0.611405835543767,4.21618037135279,7.41246684350133,9.85941644562334,61.1405835543767,100,100,100,10.9735599622285,1,1.8209549071618,5,6.40848806366048,100,100,100,100,8.06127940043737,4.21618037135279,10,10,10,100,100,100,100
E01026054,East Midlands,E07000137,East Lindsey,794,10.2419635454135,0.8727959697733,4.18387909319899,8.69269521410579,10,87.27959697733,100,100,100,8.35198633062794,1,1.3463476070529,5,6.3992443324937,100,100,100,100,7.00044852411172,3.7103274559194,10,10,10,100,100,100,100
E01026055,East Midlands,E07000137,East Lindsey,514,15.9285920600751,0.250972762645914,2.67704280155642,8.30155642023346,9.19649805447471,25.0972762645914,100,100,100,23.021978021978,0,1.24902723735409,3.07587548638132,4.94941634241245,0,100,100,100,11.574752663518,1.44552529182879,9.82295719844358,10,10,100,100,100,100
E01026056,East Midlands,E07000137,East Lindsey,478,19.612396186331,0.751046025104603,1.48117154811715,4.73012552301255,9.1652719665272,51.0460251046025,100,100,100,14.9426086956522,0.510460251046025,2.69246861924686,3.96234309623431,5.45188284518828,51.0460251046025,100,100,100,9.19539133652397,3.17364016736402,8.18200836820084,10,10,100,100,100,100
E01026057,East Midlands,E07000137,East Lindsey,790,23.1459063561984,0.279746835443038,2.52784810126582,7.30126582278481,9.04303797468354,27.9746835443038,85.1898734177215,85.1898734177215,100,29.0045778229908,0.0594936708860759,1.24810126582278,3.65063291139241,7.10253164556962,5.94936708860759,65.1898734177215,100,100,14.4332398456329,1.15569620253165,10,10,10,65.1898734177215,100,100,100
E01026058,East Midlands,E07000137,East Lindsey,925,16.1362551530057,0.523243243243243,4.16864864864865,6.64108108108108,9.31243243243243,52.3243243243243,100,100,100,13.4712853236098,0.805405405405405,1,4.08540540540541,5.78702702702703,80.5405405405405,100,100,100,10.7275568867338,2.2172972972973,9.9145945945946,10,10,91.4594594594595,100,100,100
E01026059,East Midlands,E07000137,East Lindsey,367,13.1299323371854,1,2.72479564032698,8.14986376021798,9,100,100,100,100,15.9894273127753,0.275204359673025,1,2,4.29972752043597,27.5204359673025,100,100,100,9.5564406768866,1,10,10,10,100,100,100,100
E01026060,East Midlands,E07000137,East Lindsey,576,20.4383613018711,0,3.19618055555556,9,9,0,100,100,100,24.7289293849658,0,1.19618055555556,2.70833333333333,4.16145833333333,0,100,100,100,11.6701901435128,1.99826388888889,10,10,10,100,100,100,100
E01026061,East Midlands,E07000137,East Lindsey,482,12.1830926320629,1,4.39004149377593,10,10,100,100,100,100,10.6810717372515,1,5,10,10,100,100,100,100,8.13834925447957,5,10,10,10,100,100,100,100
E01026062,East Midlands,E07000137,East Lindsey,472,9.59887104242751,1,5.15042372881356,10,10,100,100,100,100,7.9878640776699,1,5,10,10,100,100,100,100,7.08350333040972,5,10,10,10,100,100,100,100
E01026063,East Midlands,E07000137,East Lindsey,566,13.9809101672946,0.745583038869258,4.26501766784452,10,10,74.5583038869258,100,100,100,10.044996121024,1.51590106007067,6.03180212014134,10,10,100,100,100,100,7.80740098235587,5.78091872791519,10,10,10,100,100,100,100
E01026064,East Midlands,E07000137,East Lindsey,617,15.7326388888889,0.210696920583468,2,6.70502431118314,10,21.0696920583468,100,100,100,9.37847222222222,1,1,5.78930307941653,7,100,100,100,100,8.16226377288501,1.21555915721232,10,10,10,100,100,100,100
E01026065,East Midlands,E07000137,East Lindsey,792,11.5905856595512,0.662878787878788,1.60479797979798,7.86111111111111,10,66.2878787878788,100,100,100,8.24137931034483,1,1.36237373737374,4.56944444444444,7,100,100,100,100,7.13575257012671,1.68686868686869,10,10,10,100,100,100,100
E01026066,East Midlands,E07000137,East Lindsey,771,19.2801682784027,0,1.30479896238651,8.50453955901427,9.70168612191958,0,100,100,100,11.2854100106496,0.850843060959792,1,3.58495460440986,6.715953307393,85.0843060959792,100,100,100,9.14255614072497,1.56679636835279,10,10,10,100,100,100,100
E01026067,East Midlands,E07000137,East Lindsey,899,10.4393545028631,0.804226918798665,3.31034482758621,9.25027808676307,10,80.4226918798665,100,100,100,8.03279541905258,1,1,5.14238042269188,7,100,100,100,100,7.42027579937547,1.80422691879867,10,10,10,100,100,100,100
E01026068,East Midlands,E07000137,East Lindsey,995,17.5256063177901,0.141708542713568,2.46934673366834,6.80301507537688,9.55376884422111,14.1708542713568,100,100,100,23.1650943396226,0.2,0.736683417085427,1.98693467336683,5.29346733668342,20,73.6683417085427,100,100,11.7454668452155,1.11557788944724,10,10,10,89.8492462311558,100,100,100
E01026069,East Midlands,E07000137,East Lindsey,893,15.6014795417817,0.727883538633819,2.95408734602464,6.7939529675252,9.11310190369541,72.7883538633819,100,100,100,10.7379966887417,1,2.43113101903695,5,5.54423292273236,100,100,100,100,8.44084416675252,2.38521836506159,8.77379619260918,10,10,100,100,100,100
E01026070,East Midlands,E07000137,East Lindsey,821,19.6377448248952,0.140073081607795,3.92570036540804,6.70523751522533,9.64555420219245,14.0073081607795,100,100,100,22.9611495476317,0.248477466504263,2.80389768574909,3.85627283800244,6.01583434835566,8.28258221680877,87.6979293544458,100,100,11.3188982695071,3.1400730816078,10,10,10,100,100,100,100
E01026071,East Midlands,E07000137,East Lindsey,1061,16.4774208935928,0.556079170593779,2.29877474081056,7.74458058435438,9.9048067860509,36.1922714420358,100,100,100,26.5340963280877,0.194156456173421,0.985862393967955,2.55513666352498,5.97926484448633,19.4156456173421,59.7549481621112,100,100,12.2234381949498,1.27144203581527,10,10,10,69.2742695570217,100,100,100
E01026072,East Midlands,E07000137,East Lindsey,831,7.78199791883455,0.851985559566787,3,5.96389891696751,9.31046931407942,85.1985559566787,100,100,100,7.03590010405827,1,2,2,3,100,100,100,100,6.90001556503661,2,5.44043321299639,10,10,100,100,100,100
E01026073,East Midlands,E07000137,East Lindsey,845,10.0223046761425,1.30650887573965,3,6.5491124260355,9.28402366863905,100,100,100,100,7.89473684210526,1,2,2,3,100,100,100,100,7.58421566365796,2,4.88047337278107,10,10,100,100,100,100
E01026074,East Midlands,E07000137,East Lindsey,929,14.1399229668536,0.396124865446717,2.39612486544672,4.51022604951561,8.51668460710441,39.6124865446717,100,100,100,10.3984220907298,1,2,2,3,100,100,100,100,8.91415675598724,1.53498385360603,4.29601722282024,10,10,100,100,100,100
E01026075,East Midlands,E07000137,East Lindsey,934,13.569615819799,0.799785867237687,4.42826552462527,7.98501070663812,8.66916488222698,79.9785867237687,90.7922912205567,90.7922912205567,100,14.9453603391427,0.553533190578158,0.983940042826552,2.80085653104925,6.51070663811563,55.3533190578158,89.186295503212,100,100,8.36822882498203,2,10,10,10,100,100,100,100
E01026076,East Midlands,E07000137,East Lindsey,919,21.8323992123928,0.196953210010881,2.48204570184984,6.1512513601741,9.36235038084875,19.6953210010881,91.6213275299238,100,100,24.7765807962529,0,1.2285092491839,3.74319912948857,7.2752992383025,0,100,100,100,12.9319624331293,1.04352557127312,10,10,10,81.5016322089227,100,100,100
E01026077,East Midlands,E07000137,East Lindsey,511,13.737948242872,1.24461839530333,3.50293542074364,5.76320939334638,10,75.5381604696673,100,100,100,9.73159509202454,3,3,3.49706457925636,6.48923679060665,100,100,100,100,8.09818263397626,3,10,10,10,100,100,100,100
E01026078,East Midlands,E07000137,East Lindsey,455,13.3414199941299,1.45494505494505,3.49450549450549,5.50549450549451,10,72.7472527472527,100,100,100,9.57013574660633,3,3,3.50549450549451,6.50549450549451,100,100,100,100,8.12800882952246,3,10,10,10,100,100,100,100
E01026079,East Midlands,E07000137,East Lindsey,771,10.4035861341259,0.610894941634241,1.5473411154345,4.74837872892348,7.71725032425422,61.0894941634241,100,100,100,9.12341772151899,0.876783398184176,1,1.12321660181582,3.36964980544747,87.6783398184176,100,100,100,7.05314333705459,1,9.87678339818418,10,10,100,100,100,100
E01026080,East Midlands,E07000137,East Lindsey,851,6.48155838536126,0.881316098707403,2.60634547591069,8.99412455934195,9.71327849588719,88.1316098707403,100,100,100,7.52910602910603,0.881316098707403,2.62514688601645,5.24676850763807,10,88.1316098707403,100,100,100,6.64710498079193,3.41245593419506,10,10,10,100,100,100,100
E01026081,East Midlands,E07000137,East Lindsey,1132,5.23669646658152,2.90282685512368,3.20053003533569,9.43551236749117,10,100,100,100,100,6.40187313750532,3,3,4,7.15724381625442,100,100,100,100,6.39380582011269,3,10,10,10,100,100,100,100
E01026082,East Midlands,E07000137,East Lindsey,947,24.310347923003,0.229144667370644,2.65153115100317,7.5649419218585,9.75079197465681,22.9144667370644,82.5765575501584,100,100,27.5479094076655,0,1.24181626187962,3.610348468849,6.39281942977825,0,67.4762407602957,100,100,13.1709060303426,1.51742344244984,10,10,10,78.6694825765575,100,100,100
E01026083,East Midlands,E07000137,East Lindsey,785,9.14695020051571,1,3.39363057324841,6.28917197452229,9.36305732484076,100,100,100,100,7.69955406911929,2,3.27898089171975,5,6,100,100,100,100,7.51566894131494,3,9,10,10,100,100,100,100
E01026084,East Midlands,E07000137,East Lindsey,678,10.024090348644,0.834808259587021,4.25221238938053,7.04572271386431,9.41740412979351,83.4808259587021,100,100,100,8.14074074074074,2,3.3716814159292,5.13864306784661,6,100,100,100,100,7.39580237423932,3.25221238938053,9,10,10,100,100,100,100
E01026085,East Midlands,E07000137,East Lindsey,1052,12.4245118907558,0.704372623574145,2.60836501901141,4.7680608365019,7.95437262357414,70.4372623574145,100,100,100,9.83250564334086,1.3393536121673,3.10171102661597,5.75,6,94.2015209125475,100,100,100,8.424988807351,3,8.70437262357414,10,10,100,100,100,100
E01026087,East Midlands,E07000137,East Lindsey,469,15.5756802721088,0.266524520255864,3,6.02345415778252,10,26.6524520255864,100,100,100,9.52721088435374,3,3,4,6,100,100,100,100,8.50344385743952,3,10,10,10,100,100,100,100
E01026088,East Midlands,E07000137,East Lindsey,517,16.1928650329082,0.452611218568665,3,6.45261121856867,10,45.2611218568665,100,100,100,9.8238851095994,3,3,4,6,100,100,100,100,8.24357543132203,3,10,10,10,100,100,100,100
E01026089,East Midlands,E07000137,East Lindsey,941,7.08417997097242,2.36450584484591,3,7.34006376195537,10,100,100,100,100,6.64779874213836,3,3,4,7.53772582359192,100,100,100,100,6.77103521400566,3,10,10,10,100,100,100,100
E01026090,East Midlands,E07000137,East Lindsey,560,9.49177877428999,1.58214285714286,3,6.28392857142857,10,100,100,100,100,7.95067264573991,3,3,4,6.18035714285714,100,100,100,100,7.01233921778042,3,10,10,10,100,100,100,100
E01026091,East Midlands,E07000137,East Lindsey,444,10.9934875435785,1.26126126126126,3,5.54504504504505,10,100,100,100,100,8.79266055045871,3,3,4,6.77027027027027,100,100,100,100,7.11799996577272,3,10,10,10,100,100,100,100
E01026092,East Midlands,E07000137,East Lindsey,630,13.0111596417234,0.815873015873016,4.96666666666667,6,10,62.2222222222222,100,100,100,9.23180592991914,2,3,5,6,100,100,100,100,7.48392854610865,3.62222222222222,9,10,10,100,100,100,100
E01026093,East Midlands,E07000137,East Lindsey,780,16.4643251940889,0.726923076923077,5.68974358974359,6.56025641025641,10,43.0769230769231,100,100,100,11.4504716981132,1.87820512820513,2.68974358974359,5,6,100,100,100,100,9.09705164972341,2.43076923076923,8.68974358974359,10,10,100,100,100,100
E01026094,East Midlands,E07000137,East Lindsey,703,12.9002689885405,1.35988620199147,3.7126600284495,6,9.53911806543385,85.6330014224751,100,100,100,8.95492788461539,2,2.32290184921764,5,6,100,100,100,100,7.69952537148045,3.33428165007112,9,10,10,100,100,100,100
E01026095,East Midlands,E07000137,East Lindsey,491,19.6408783390689,0,1.96741344195519,6,8.42769857433809,0,100,100,100,14.7810699588477,0.468431771894094,2,5,6,46.8431771894094,100,100,100,10.5942795718158,2,7.46843177189409,10,10,100,100,100,100
E01026096,East Midlands,E07000137,East Lindsey,607,18.2704021116085,0,1.38220757825371,5.22240527182867,6.81383855024712,0,100,100,100,16.1086240947992,0,2,5,6,0,100,100,100,11.0564780910208,2,7.21581548599671,10,10,100,100,100,100
E01026097,East Midlands,E07000137,East Lindsey,724,15.1400517721768,0.301104972375691,4.37016574585635,6,10,30.1104972375691,100,100,100,12.614860259032,1.63259668508287,2.49309392265193,5,6,100,100,100,100,9.49443079487515,2,8.13950276243094,10,10,100,100,100,100
E01026098,East Midlands,E07000137,East Lindsey,831,19.1949551851621,0.262334536702768,2.22743682310469,5.51263537906137,6.81829121540313,26.2334536702768,100,100,100,27.4291539245668,0,1,5.49097472924188,6.70878459687124,0,100,100,100,11.5034300184882,1.42117930204573,10,10,10,100,100,100,100
E01026099,East Midlands,E07000137,East Lindsey,963,19.302330378492,0.248182762201454,3.40602284527518,6.95742471443406,9.75181723779855,24.8182762201454,100,100,100,24.4174378957623,0,0.795430944963655,1.9190031152648,4.28660436137072,0,79.5430944963655,100,100,11.9241357488395,1,8.94288681204569,10,10,100,100,100,100
E01026100,East Midlands,E07000137,East Lindsey,847,6.82869612656847,1,1.76151121605667,8,9,100,100,100,100,6.66012002182215,1,1,1,4.6788665879575,100,100,100,100,6.44692859972232,1,10,10,10,100,100,100,100
E01026101,East Midlands,E07000137,East Lindsey,517,9.77303884234577,1,1.80464216634429,8.60928433268859,9,100,100,100,100,7.77760853008378,1,1,1,5.19535783365571,100,100,100,100,7.04954303972429,1,10,10,10,100,100,100,100
E01026102,East Midlands,E07000137,East Lindsey,910,12.0240886295151,0.504395604395604,2.35824175824176,7.2032967032967,9.76923076923077,50.4395604395604,100,100,100,15.6782534972446,0.393406593406593,0.856043956043956,1.82857142857143,4.83846153846154,39.3406593406593,85.6043956043956,100,100,9.43232283707441,0.965934065934066,8.57472527472527,10,10,73.5164835164835,100,100,100
E01026103,East Midlands,E07000137,East Lindsey,997,7.02446043165468,1,2.7863590772317,4,9.69909729187563,100,100,100,100,6.82014388489209,1,2,2.10130391173521,4,100,100,100,100,6.69188488678966,2,5,10,10,100,100,100,100
E01026104,East Midlands,E07000137,East Lindsey,1045,10.5736020429286,1,2,3.63349282296651,6.66698564593301,100,100,100,100,10.1011931064958,1,1.85167464114833,2.37416267942584,4,100,100,100,100,7.91426884258842,1.26028708133971,5.09282296650718,10,10,100,100,100,100
E01026105,East Midlands,E07000137,East Lindsey,820,19.6300830520651,0.123170731707317,2.27073170731707,6.09756097560976,9.59634146341463,12.3170731707317,89.390243902439,89.390243902439,100,19.6131591227252,0.123170731707317,1.19756097560976,2.93658536585366,5.37073170731707,12.3170731707317,79.1463414634146,100,100,10.70211375188,1.76829268292683,9.75365853658537,10,10,100,100,100,100
E01026106,East Midlands,E07000137,East Lindsey,490,21.8954986527349,0,4.2265306122449,9.73265306122449,10,0,100,100,100,20.2144659377628,0,3.02040816326531,10,10,0,100,100,100,11.8628090841616,5.43265306122449,10,10,10,100,100,100,100
E01026107,East Midlands,E07000137,East Lindsey,511,21.8360317418338,0,2.73776908023483,9.35812133072407,10,0,100,100,100,31.5068714632175,0,1.08023483365949,5.16242661448141,9.03718199608611,0,27.0058708414873,100,100,15.4735972590281,1.29158512720157,10,10,10,48.1409001956947,100,100,100
E01026108,East Midlands,E07000137,East Lindsey,959,14.3279259949552,0.697601668404588,3.28050052137643,5.8029197080292,10,47.5495307612096,100,100,100,10.0004142502071,3,3,4,6,100,100,100,100,8.03444890889039,3,10,10,10,100,100,100,100
E01026109,East Midlands,E07000137,East Lindsey,1124,13.858334436077,1.04003558718861,2.44306049822064,3.64946619217082,9.38790035587189,69.3950177935943,100,100,100,11.1541705716963,1,2,2,3.53291814946619,100,100,100,100,8.80686033163098,2,5,10,10,100,100,100,100
E01026110,East Midlands,E07000137,East Lindsey,700,15.4237366791143,0.411428571428571,1.26714285714286,5.09,9.62857142857143,41.1428571428571,85.5714285714286,100,100,9.90327070285317,0.855714285714286,1,3.71142857142857,4.73285714285714,85.5714285714286,100,100,100,8.26832317028431,1.85571428571429,7,10,10,100,100,100,100
E01026111,East Midlands,E07000137,East Lindsey,565,24.0848078816082,0,1.93982300884956,3.73451327433628,7.5929203539823,0,100,100,100,28.9923322683706,0,0.59646017699115,2,4.80176991150443,0,59.646017699115,100,100,14.5785433760085,0.623008849557522,7.60353982300885,10,10,62.3008849557522,100,100,100
E01026112,East Midlands,E07000137,East Lindsey,477,9.47805446933625,0.788259958071279,2.26415094339623,6.35010482180294,10,78.8259958071279,100,100,100,8.34390651085142,1,1,3.78825995807128,5,100,100,100,100,7.38920685842957,1.78825995807128,7,10,10,100,100,100,100
E01026113,East Midlands,E07000137,East Lindsey,745,20.2927481673955,0.183892617449664,2.5744966442953,5.00671140939597,6.73825503355705,18.3892617449664,100,100,100,25.1692774128348,0,0.791946308724832,3.27785234899329,6.62281879194631,0,79.1946308724832,100,100,12.5735775517237,0.887248322147651,9.52080536912752,10,10,79.1946308724832,100,100,100
E01026114,East Midlands,E07000137,East Lindsey,651,15.4225066016105,0.324116743471582,5.83870967741936,6.32411674347158,10,32.4116743471582,100,100,100,9.64114513981358,2,3,5.31643625192012,6,100,100,100,100,8.25181748482898,3.65745007680492,8.83870967741935,10,10,100,100,100,100
E01026115,East Midlands,E07000137,East Lindsey,756,19.3146915937151,0,3.61111111111111,7.21164021164021,9.34391534391534,0,100,100,100,16.488,0,3,5,6,0,100,100,100,10.6924229224069,3,7.46031746031746,10,10,100,100,100,100
E01026116,East Midlands,E07000137,East Lindsey,678,17.5659025963747,0,4.16371681415929,6.30383480825959,9.80678466076696,0,100,100,100,11.9899764150943,1.16371681415929,3,5.69616519174041,6,100,100,100,100,9.12462841789677,3.16371681415929,7.97050147492625,10,10,100,100,100,100
E01026117,East Midlands,E07000137,East Lindsey,834,18.2284728568567,0.402877697841727,2.96882494004796,7.30095923261391,8.00719424460432,40.2877697841727,100,100,100,30.2550629447181,0,0.317745803357314,2.59592326139089,5.64868105515588,0,31.7745803357314,100,100,14.624450187182,0.622302158273381,9.30815347721822,10,10,37.8896882494005,100,100,100
E01026118,East Midlands,E07000137,East Lindsey,711,11.7931189748788,1.19831223628692,6.59071729957806,9.30661040787623,10,71.5893108298172,100,100,100,9.66844286560095,2,2.17018284106892,4.14205344585091,8.44303797468354,100,100,100,100,7.97809943650304,3.30661040787623,10,10,10,100,100,100,100
E01026119,East Midlands,E07000137,East Lindsey,480,8.60538014528754,1.75,5.49375,9.49375,9.74375,100,100,100,100,11.370112945265,1.4875,2.25625,4.75625,7,74.375,100,100,100,8.57627296447754,3.75,10,10,10,100,100,100,100
E01026120,East Midlands,E07000137,East Lindsey,610,6.18970380818054,2.05737704918033,7.11311475409836,9.72459016393443,10,100,100,100,100,6.5444287729196,2,2,4.27540983606557,7.61147540983607,100,100,100,100,6.59228490807946,3.72459016393443,10,10,10,100,100,100,100
E01026121,East Midlands,E07000137,East Lindsey,1110,11.0648141905232,0.714414414414414,3.59099099099099,8.5981981981982,10,71.4414414414414,100,100,100,11.7297403619197,0.714414414414414,1,1.19459459459459,4.03873873873874,71.4414414414414,100,100,100,7.62546811546518,1.14234234234234,10,10,10,100,100,100,100
E01026122,East Midlands,E07000138,Lincoln,673,4.46923879040667,3.29717682020802,10,10,10,100,100,100,100,6.30761209593326,9.70876671619614,10,10,10,100,100,100,100,6.89051099440104,10,10,10,10,100,100,100,100
E01026123,East Midlands,E07000138,Lincoln,925,13.4858445341789,1.46486486486486,9.78594594594595,10,10,78.5945945945946,100,100,100,10.5579680458828,3.09081081081081,10,10,10,100,100,100,100,8.52239651427998,10,10,10,10,100,100,100,100
E01026124,East Midlands,E07000138,Lincoln,608,6.93899201310862,2,10,10,10,100,100,100,100,7.1444089456869,8.09868421052632,10,10,10,100,100,100,100,6.41301588326597,10,10,10,10,100,100,100,100
E01026125,East Midlands,E07000138,Lincoln,571,12.4626955475331,1.47985989492119,10,10,10,82.661996497373,100,100,100,9.25691937424789,8.46760070052539,10,10,10,100,100,100,100,8.2635319046452,10,10,10,10,100,100,100,100
E01026126,East Midlands,E07000138,Lincoln,789,3.01840490797546,2.46768060836502,10,10,10,100,100,100,100,5.85722253206916,8.76045627376426,10,10,10,100,100,100,100,5.99102614009706,10,10,10,10,100,100,100,100
E01026127,East Midlands,E07000138,Lincoln,616,8.41890909090909,1,4.9237012987013,10,10,100,100,100,100,7.80581818181818,1.60227272727273,10,10,10,100,100,100,100,7.6681091669256,4.60227272727273,10,10,10,100,100,100,100
E01026128,East Midlands,E07000138,Lincoln,1022,10.8812996097422,0.857142857142857,4.54011741682975,10,10,85.7142857142857,100,100,100,9.46123043319986,1,8.80626223091977,10,10,100,100,100,100,8.16769936929237,4.49608610567515,10,10,10,100,100,100,100
E01026129,East Midlands,E07000138,Lincoln,710,8.66610644257703,1,4.23380281690141,10,10,100,100,100,100,8.94677871148459,1.17042253521127,9.22816901408451,10,10,100,100,100,100,8.23299735013176,3.83239436619718,10,10,10,100,100,100,100
E01026130,East Midlands,E07000138,Lincoln,555,12.7963493987974,0.821621621621622,6.56756756756757,10,10,82.1621621621622,100,100,100,10.2355154251317,2,10,10,10,100,100,100,100,8.47282949724621,7.35855855855856,10,10,10,100,100,100,100
E01026131,East Midlands,E07000138,Lincoln,579,8.74349118924501,1.23834196891192,7.26079447322971,10,10,100,100,100,100,7.90869877785766,1.78411053540587,10,10,10,100,100,100,100,7.60598108084574,6.43177892918826,10,10,10,100,100,100,100
E01026132,East Midlands,E07000138,Lincoln,529,4.13224972294052,3.37429111531191,10,10,10,100,100,100,100,6.40450683413373,10,10,10,10,100,100,100,100,6.55973774575641,10,10,10,10,100,100,100,100
E01026133,East Midlands,E07000138,Lincoln,916,9.70850357652628,2.44323144104803,10,10,10,100,100,100,100,8.43536853685369,8.59934497816594,10,10,10,100,100,100,100,7.83125683039066,10,10,10,10,100,100,100,100
E01026134,East Midlands,E07000138,Lincoln,736,5.70780051150895,3.15760869565217,10,10,10,100,100,100,100,6.97506393861893,8.29891304347826,10,10,10,100,100,100,100,7.36318413833218,10,10,10,10,100,100,100,100
E01026135,East Midlands,E07000138,Lincoln,660,6.87414760403269,2.92424242424242,9.82878787878788,10,10,100,100,100,100,6.79100059206631,5.66666666666667,10,10,10,100,100,100,100,6.5281645620695,10,10,10,10,100,100,100,100
E01026136,East Midlands,E07000138,Lincoln,584,11.2211056036698,1.1027397260274,9.09075342465753,10,10,76.3698630136986,100,100,100,8.65263157894737,3.15239726027397,10,10,10,100,100,100,100,8.0697612270556,9.52739726027397,10,10,10,100,100,100,100
E01026137,East Midlands,E07000138,Lincoln,467,8.40013647440404,3.29336188436831,10,10,10,100,100,100,100,8.67872161480235,3.35974304068522,10,10,10,100,100,100,100,8.29077391708669,8.81370449678801,10,10,10,100,100,100,100
E01026138,East Midlands,E07000138,Lincoln,522,6.45798898071625,1.97509578544061,9.01340996168582,10,10,100,100,100,100,8.52410468319559,2.42911877394636,10,10,10,100,100,100,100,8.32464189437467,8.18965517241379,10,10,10,100,100,100,100
E01026139,East Midlands,E07000138,Lincoln,459,15.1939392321564,0.562091503267974,9.71241830065359,10,10,28.1045751633987,100,100,100,10.4927866362946,3.28104575163399,10,10,10,100,100,100,100,8.21850413016143,6.7843137254902,10,10,10,100,100,100,100
E01026140,East Midlands,E07000138,Lincoln,629,3.03549382716049,3.14626391096979,10,10,10,100,100,100,100,7.29166666666667,1.54372019077901,10,10,10,100,100,100,100,7.73416668691753,7.77106518282989,10,10,10,100,100,100,100
E01026141,East Midlands,E07000138,Lincoln,537,7.43469656992084,1.45065176908752,10,10,10,100,100,100,100,8.11675461741425,4.4096834264432,10,10,10,100,100,100,100,7.68691935451175,7.87895716945996,10,10,10,100,100,100,100
E01026142,East Midlands,E07000138,Lincoln,450,11.680718759633,3.51555555555556,10,10,10,100,100,100,100,9.73343848580442,5,10,10,10,100,100,100,100,9.53482632381307,7.44,10,10,10,100,100,100,100
E01026143,East Midlands,E07000138,Lincoln,716,3.20689655172414,6.66899441340782,10,10,10,100,100,100,100,5.72025862068966,9.82960893854749,10,10,10,100,100,100,100,6.06801290080465,10,10,10,10,100,100,100,100
E01026144,East Midlands,E07000138,Lincoln,520,5.40469031870114,4,10,10,10,100,100,100,100,6.23211064341551,8.61923076923077,10,10,10,100,100,100,100,6.3950751695157,10,10,10,10,100,100,100,100
E01026145,East Midlands,E07000138,Lincoln,623,5.06282051282051,4.7800963081862,10,10,10,100,100,100,100,6.37051282051282,9.80417335473515,10,10,10,100,100,100,100,6.58588475478001,10,10,10,10,100,100,100,100
E01026146,East Midlands,E07000138,Lincoln,698,2.98846708313311,4.46991404011461,10,10,10,100,100,100,100,5.68620855358001,9.14183381088825,10,10,10,100,100,100,100,6.13332525759234,10,10,10,10,100,100,100,100
E01026147,East Midlands,E07000138,Lincoln,766,10.0448357001005,2.65274151436031,9.87075718015666,10,10,74.1514360313316,100,100,100,9.26908150064683,7.02741514360313,10,10,10,100,100,100,100,8.10945253281719,10,10,10,10,100,100,100,100
E01026148,East Midlands,E07000138,Lincoln,893,4.1085141903172,4.64277715565509,10,10,10,100,100,100,100,6.13299944351697,10,10,10,10,100,100,100,100,6.57322758625266,10,10,10,10,100,100,100,100
E01026149,East Midlands,E07000138,Lincoln,775,10.9048151767188,2.15483870967742,10,10,10,100,100,100,100,9.60998151571165,5.73935483870968,10,10,10,100,100,100,100,7.95136795055697,10,10,10,10,100,100,100,100
E01026150,East Midlands,E07000138,Lincoln,730,11.7289215137927,3.17945205479452,10,10,10,100,100,100,100,9.11492816989382,5,10,10,10,100,100,100,100,7.98820098082324,10,10,10,10,100,100,100,100
E01026151,East Midlands,E07000138,Lincoln,808,7.7565445026178,2.84653465346535,10,10,10,100,100,100,100,7.62984293193717,8.30693069306931,10,10,10,100,100,100,100,7.20064918308358,10,10,10,10,100,100,100,100
E01026152,East Midlands,E07000138,Lincoln,498,9.74,2.02610441767068,10,10,10,100,100,100,100,7.98375,5.0281124497992,10,10,10,100,100,100,100,7.26341246902943,10,10,10,10,100,100,100,100
E01026153,East Midlands,E07000138,Lincoln,894,6.50721649484536,1,9.88926174496644,10,10,100,100,100,100,7.28824742268041,2.55704697986577,10,10,10,100,100,100,100,7.48179395164411,10,10,10,10,100,100,100,100
E01026154,East Midlands,E07000138,Lincoln,449,11.011544011544,1.22048997772829,10,10,10,100,100,100,100,8.48412698412698,7.38752783964365,10,10,10,100,100,100,100,7.9058151575394,10,10,10,10,100,100,100,100
E01026155,East Midlands,E07000138,Lincoln,686,10.2205707491082,1,7.68221574344023,10,10,100,100,100,100,8.30202140309156,2.32507288629738,10,10,10,100,100,100,100,7.29769929070535,10,10,10,10,100,100,100,100
E01026156,East Midlands,E07000138,Lincoln,456,8.54032889584965,3,10,10,10,100,100,100,100,8.27016444792482,8.28947368421053,10,10,10,100,100,100,100,7.59534850228832,10,10,10,10,100,100,100,100
E01026157,East Midlands,E07000138,Lincoln,611,10.0431154381085,2.33224222585925,10,10,10,100,100,100,100,8.3643949930459,4.44844517184943,10,10,10,100,100,100,100,7.57164133672754,10,10,10,10,100,100,100,100
E01026158,East Midlands,E07000138,Lincoln,653,14.6963402724721,0.183767228177642,6.66309341500766,10,10,18.3767228177642,100,100,100,10.8269754768392,1.21745788667688,10,10,10,100,100,100,100,8.94361006726361,5.49617151607963,10,10,10,100,100,100,100
E01026159,East Midlands,E07000138,Lincoln,607,11.1746666666667,0.799011532125206,6.41845140032949,10,10,79.9011532125206,100,100,100,9.05733333333333,1,10,10,10,100,100,100,100,7.94170017878215,4.38056013179572,10,10,10,100,100,100,100
E01026160,East Midlands,E07000138,Lincoln,576,10.8506997856412,1,4.74479166666667,10,10,100,100,100,100,8.78280207561156,1,9.63715277777778,10,10,100,100,100,100,8.12699761118511,5.36979166666667,10,10,10,100,100,100,100
E01026161,East Midlands,E07000138,Lincoln,680,12.8567341638255,1.00441176470588,10,10,10,80.8823529411765,100,100,100,10.4070021881838,1.40294117647059,10,10,10,100,100,100,100,9.7811524094151,8.78382352941176,10,10,10,100,100,100,100
E01026162,East Midlands,E07000138,Lincoln,575,13.4778435809002,0.827826086956522,7.77913043478261,10,10,82.7826086956522,100,100,100,11.4155672823219,1,10,10,10,100,100,100,100,10.3295515426545,5.79130434782609,10,10,10,100,100,100,100
E01026163,East Midlands,E07000138,Lincoln,575,13.6526778306418,1.23478260869565,4.81739130434783,10,10,100,100,100,100,10.7494456762749,1,9.81739130434783,10,10,100,100,100,100,9.12788629637589,5.59304347826087,10,10,10,100,100,100,100
E01026164,East Midlands,E07000138,Lincoln,531,4.91234221598878,2.5593220338983,10,10,10,100,100,100,100,7.11220196353436,8.67608286252354,10,10,10,100,100,100,100,6.83019626558579,10,10,10,10,100,100,100,100
E01026165,East Midlands,E07000138,Lincoln,683,5.95114942528736,2.49487554904832,9.85505124450952,10,10,100,100,100,100,6.96336206896552,5.45534407027818,10,10,10,100,100,100,100,6.61905901459442,10,10,10,10,100,100,100,100
E01026166,East Midlands,E07000138,Lincoln,516,3.82450331125828,2.19186046511628,9.74031007751938,10,10,100,100,100,100,6.28725165562914,5.2906976744186,10,10,10,100,100,100,100,6.28134935936391,10,10,10,10,100,100,100,100
E01026167,East Midlands,E07000138,Lincoln,765,8.99344262295082,4.45490196078431,10,10,10,100,100,100,100,8.15147540983607,10,10,10,10,100,100,100,100,7.96485908383229,10,10,10,10,100,100,100,100
E01026168,East Midlands,E07000138,Lincoln,584,9.2465564738292,2,9.18493150684932,10,10,100,100,100,100,7.54545454545455,5,10,10,10,100,100,100,100,7.3025826182904,10,10,10,10,100,100,100,100
E01026169,East Midlands,E07000138,Lincoln,672,11.3999165496708,1.38392857142857,9.70535714285714,10,10,100,100,100,100,8.47777777777778,2.14732142857143,10,10,10,100,100,100,100,7.4998210394824,8.76785714285714,10,10,10,100,100,100,100
E01026170,East Midlands,E07000138,Lincoln,566,8.28312816799421,2.56713780918728,10,10,10,100,100,100,100,7.65966690803765,4.55300353356891,10,10,10,100,100,100,100,7.03535838027004,9.73498233215548,10,10,10,100,100,100,100
E01026171,East Midlands,E07000138,Lincoln,672,14.6314355745192,0.601190476190476,9.34375,10,10,60.1190476190476,100,100,100,10.6872875594833,2.65029761904762,10,10,10,100,100,100,100,9.3039160144321,7.54613095238095,10,10,10,100,100,100,100
E01026172,East Midlands,E07000138,Lincoln,573,8.62357954545455,1,10,10,10,100,100,100,100,7.29261363636364,3.7783595113438,10,10,10,100,100,100,100,6.88346589864655,10,10,10,10,100,100,100,100
E01026173,East Midlands,E07000138,Lincoln,628,9.84268455432432,1.68630573248408,10,10,10,100,100,100,100,8.08158062460166,3.28662420382166,10,10,10,100,100,100,100,7.02374132398286,10,10,10,10,100,100,100,100
E01026174,East Midlands,E07000138,Lincoln,608,3.96077127659574,3.22532894736842,10,10,10,100,100,100,100,6.1968085106383,7.34046052631579,10,10,10,100,100,100,100,6.51349725812039,10,10,10,10,100,100,100,100
E01026175,East Midlands,E07000138,Lincoln,781,7.87144587996627,3.23431498079385,10,10,10,100,100,100,100,7.7563025210084,5.33290653008963,10,10,10,100,100,100,100,7.74354518937464,9.22535211267606,10,10,10,100,100,100,100
E01026176,East Midlands,E07000138,Lincoln,875,3.17154105736783,2.28114285714286,10,10,10,100,100,100,100,5.71259842519685,9.864,10,10,10,100,100,100,100,6.06776715880438,10,10,10,10,100,100,100,100
E01026177,East Midlands,E07000138,Lincoln,723,4.75181347150259,2.02489626556017,10,10,10,100,100,100,100,6.13523316062176,9.67911479944675,10,10,10,100,100,100,100,6.5873574459491,10,10,10,10,100,100,100,100
E01026178,East Midlands,E07000138,Lincoln,717,8.24443175328384,3,10,10,10,100,100,100,100,7.48086807538549,9.33054393305439,10,10,10,100,100,100,100,7.76512846464705,10,10,10,10,100,100,100,100
E01026179,East Midlands,E07000139,North Kesteven,439,11.2826287307149,2.03189066059226,6.874715261959,9.53075170842825,10,100,100,100,100,12.2855133614627,0.765375854214123,2.34396355353075,5.76537585421412,9.76537585421412,76.5375854214123,100,100,100,9.28700432059802,3.10933940774487,10,10,10,100,100,100,100
E01026180,East Midlands,E07000139,North Kesteven,574,19.7068455117985,0,5.29965156794425,7.24912891986063,9.24912891986063,0,100,100,100,20.2710721510452,0,2.06968641114983,6.42857142857143,9.54529616724739,0,100,100,100,10.7909707939472,4.06968641114983,10,10,10,100,100,100,100
E01026182,East Midlands,E07000139,North Kesteven,567,8.89645776566758,0.818342151675485,5.55908289241623,6.74074074074074,10,81.8342151675485,100,100,100,8.08038147138965,1,1,5.33509700176367,10,100,100,100,100,7.03532699473223,1,10,10,10,100,100,100,100
E01026183,East Midlands,E07000139,North Kesteven,1061,9.34808627661408,0.94062205466541,5.19321394910462,9.03298774740811,9.74269557021678,94.062205466541,100,100,100,9.29992378048781,0.839773798303487,1.2196041470311,3.10084825636192,7.84542884071631,83.9773798303487,100,100,100,7.07502683724572,2.19415645617342,10,10,10,100,100,100,100
E01026184,East Midlands,E07000139,North Kesteven,554,10.8994018200409,1.41335740072202,7.76895306859206,10,10,100,100,100,100,8.23933402705515,1,7.42599277978339,10,10,100,100,100,100,7.47447451443628,3.83935018050542,10,10,10,100,100,100,100
E01026185,East Midlands,E07000139,North Kesteven,800,8.43614456694005,1.48625,9.82,10,10,100,100,100,100,7.85536723163842,1,8.5175,10,10,100,100,100,100,7.30258186550464,7.86625,10,10,10,100,100,100,100
E01026186,East Midlands,E07000139,North Kesteven,686,7.10131523804095,2.10204081632653,9.42711370262391,10,10,100,100,100,100,7.14528301886792,1.9067055393586,10,10,10,100,100,100,100,6.96811948512335,7.95189504373178,10,10,10,100,100,100,100
E01026187,East Midlands,E07000139,North Kesteven,656,13.2684307405083,1.1890243902439,7.56707317073171,10,10,84.2987804878049,100,100,100,9.21541602858601,1,10,10,10,100,100,100,100,7.86791741622839,7.46493902439024,10,10,10,100,100,100,100
E01026188,East Midlands,E07000139,North Kesteven,1021,10.9157277291807,1.57492654260529,9.25073457394711,10,10,100,100,100,100,8.71612046058459,1.15279138099902,10,10,10,100,100,100,100,7.55596093903399,5.89618021547502,10,10,10,100,100,100,100
E01026189,East Midlands,E07000139,North Kesteven,796,6.49911712772219,2,9.53140703517588,10,10,100,100,100,100,6.94231901118305,2,9.31281407035176,10,10,100,100,100,100,6.86743967753428,8.05527638190955,10,10,10,100,100,100,100
E01026190,East Midlands,E07000139,North Kesteven,611,6.70759837177748,1.33715220949264,7.93126022913257,10,10,100,100,100,100,7.05156037991859,2.57446808510638,4.85106382978723,10,10,100,100,100,100,6.65204199101255,6.98199672667758,10,10,10,100,100,100,100
E01026191,East Midlands,E07000139,North Kesteven,727,14.1291107127691,0.869325997248968,6.80742778541953,10,10,52.8198074277854,100,100,100,16.7567084078712,0.929848693259972,3.73727647867951,9.08253094910591,10,37.9642365887208,100,100,100,9.18903379406187,5.50068775790922,10,10,10,100,100,100,100
E01026192,East Midlands,E07000139,North Kesteven,474,5.91423650565837,1,5.80590717299578,10,10,100,100,100,100,13.0143702451395,0.59704641350211,1,4.58860759493671,10,59.704641350211,100,100,100,7.4000422666361,2,10,10,10,100,100,100,100
E01026193,East Midlands,E07000139,North Kesteven,683,20.9594416367142,0,2.37481698389458,6.54758418740849,10,0,84.9194729136164,100,100,19.4268537074148,0.354319180087848,1.35431918008785,3.8389458272328,10,35.4319180087848,100,100,100,11.8246357757884,1.20351390922401,10,10,10,84.9194729136164,100,100,100
E01026194,East Midlands,E07000139,North Kesteven,815,9.08003780334991,1,6.5680981595092,10,10,100,100,100,100,7.73110096397768,1,1,6.66134969325153,10,100,100,100,100,6.87806690096069,2,10,10,10,100,100,100,100
E01026195,East Midlands,E07000139,North Kesteven,862,13.104208593588,0.437354988399072,5.57192575406032,10,10,43.7354988399072,100,100,100,13.4984309623431,0.556844547563805,2.14733178654292,8.24013921113689,10,55.6844547563805,100,100,100,8.47891742564644,3.01508120649652,10,10,10,100,100,100,100
E01026196,East Midlands,E07000139,North Kesteven,565,13.0666616421444,1,8.26548672566372,10,10,81.7699115044248,100,100,100,17.6400523560209,0.35929203539823,1.54690265486726,4.07787610619469,8.90088495575221,35.929203539823,100,100,100,8.86308262298244,2.3646017699115,10,10,10,100,100,100,100
E01026197,East Midlands,E07000139,North Kesteven,545,18.9699235690774,0,5.14862385321101,8.72293577981651,10,0,100,100,100,26.3170028818444,0,1,5.38532110091743,8.57431192660551,0,100,100,100,15.5454467600292,0.236697247706422,10,10,10,23.6697247706422,100,100,100
E01026198,East Midlands,E07000139,North Kesteven,413,16.329181124655,0.249394673123487,4.58837772397094,10,10,24.9394673123487,100,100,100,33.4039030159669,0,0,4.75060532687651,8,0,0,100,100,14.5480427553074,0.249394673123487,10,10,10,24.9394673123487,100,100,100
E01026199,East Midlands,E07000139,North Kesteven,979,34.7022807681187,0,1.12563840653728,2.36465781409602,5.93054136874362,0,55.8733401430031,55.8733401430031,100,27.3815331010453,0,1.66802860061287,6.74259448416752,10,0,44.3309499489275,100,100,13.6744861636012,1.59448416751788,10,10,10,70.7865168539326,100,100,100
E01026200,East Midlands,E07000139,North Kesteven,655,19.9546827047914,0.842748091603053,3.7587786259542,6.61221374045802,8.38778625954198,84.2748091603053,84.2748091603053,84.2748091603053,100,10.9761306532663,0.842748091603053,1,2.68549618320611,6.42748091603053,84.2748091603053,100,100,100,8.47193466778377,1.90381679389313,10,10,10,100,100,100,100
E01026201,East Midlands,E07000139,North Kesteven,761,16.998788653093,0.248357424441524,5.23915900131406,6.69908015768725,9.28646517739816,24.8357424441524,100,100,100,17.9124087591241,0.487516425755585,1,2.58738501971091,5.59921156373193,48.7516425755585,100,100,100,11.1716252069404,1,10,10,10,100,100,100,100
E01026202,East Midlands,E07000139,North Kesteven,835,9.73271130625686,0.84311377245509,5.01197604790419,7.12335329341317,8.12335329341317,84.311377245509,100,100,100,8.13172338090011,1,1,3,7,100,100,100,100,7.05987937076162,2.71616766467066,10,10,10,100,100,100,100
E01026203,East Midlands,E07000139,North Kesteven,777,8.94589340278501,1.44658944658945,9.26126126126126,10,10,80.0514800514801,100,100,100,7.97192588433464,2.5984555984556,10,10,10,100,100,100,100,7.09472208167649,7.76447876447876,10,10,10,100,100,100,100
E01026204,East Midlands,E07000139,North Kesteven,711,8.68906456379022,1.9957805907173,8.34036568213783,10,10,100,100,100,100,7.75646422128683,2,5.94936708860759,10,10,100,100,100,100,7.19390251718224,4.14486638537271,10,10,10,100,100,100,100
E01026205,East Midlands,E07000139,North Kesteven,661,8.35293695676393,1.84417549167927,7.00302571860817,10,10,100,100,100,100,7.40469613259669,2,5.69137670196672,10,10,100,100,100,100,6.67053185642095,4.41149773071104,10,10,10,100,100,100,100
E01026206,East Midlands,E07000139,North Kesteven,761,7.67220232491787,1.99080157687254,6.35216819973719,10,10,100,100,100,100,7.13906581740977,2.29960578186597,5.14060446780552,10,10,100,100,100,100,6.55632689323142,3.96977660972405,10,10,10,100,100,100,100
E01026207,East Midlands,E07000139,North Kesteven,546,14.3420759453246,0.366300366300366,4.39194139194139,8.35531135531136,10,36.6300366300366,100,100,100,23.6251018744906,0,0.695970695970696,3.02564102564103,6.49084249084249,0,69.5970695970696,100,100,11.0490056389993,1.98901098901099,10,10,10,100,100,100,100
E01026208,East Midlands,E07000139,North Kesteven,662,13.0570916182876,1.09667673716012,3.94712990936556,6.8429003021148,9.54833836858006,54.833836858006,100,100,100,15.9010448678549,1.09667673716012,2.45166163141994,4,5.15558912386707,54.833836858006,100,100,100,9.58061481503966,2.8595166163142,10,10,10,100,100,100,100
E01026209,East Midlands,E07000139,North Kesteven,955,19.3264771804698,0.0680628272251309,5.50261780104712,8.97801047120419,10,6.80628272251309,100,100,100,20.9494900437105,0,2.93193717277487,3.88062827225131,8.56439790575916,0,100,100,100,12.4178046999538,3.24712041884817,10,10,10,100,100,100,100
E01026210,East Midlands,E07000139,North Kesteven,999,13.0148957679092,1.01601601601602,6.73373373373373,8.24324324324324,9.45945945945946,70.6706706706707,93.993993993994,93.993993993994,100,12.232688172043,0.733733733733734,1.70870870870871,6.23023023023023,8.72672672672673,63.0630630630631,100,100,100,8.06655906061972,4.47847847847848,10,10,10,100,100,100,100
E01026211,East Midlands,E07000139,North Kesteven,661,16.0912027488354,1.26172465960666,6.28895612708018,9.75945537065053,9.75945537065053,63.0862329803328,100,100,100,17.1898800208659,1.26172465960666,2.68078668683812,7.57337367624811,10,63.0862329803328,100,100,100,9.93699006382599,3.77912254160363,10,10,10,100,100,100,100
E01026212,East Midlands,E07000139,North Kesteven,692,9.61837906828334,1.79335260115607,6.66618497109827,9.80491329479769,9.80491329479769,100,100,100,100,7.84492661135929,2,2.38583815028902,6.96676300578035,10,100,100,100,100,6.70525197094234,5.20664739884393,10,10,10,100,100,100,100
E01026213,East Midlands,E07000139,North Kesteven,789,5.04521432765708,2.36248415716096,6.83269961977186,9.51837769328264,10,100,100,100,100,6.57193188490898,2,3.13054499366286,6.56147021546261,10,100,100,100,100,6.07326475340551,5,10,10,10,100,100,100,100
E01026214,East Midlands,E07000139,North Kesteven,494,10.8579892243855,1.72874493927126,9.74898785425101,10,10,100,100,100,100,9.05699020480855,3,10,10,10,100,100,100,100,7.60374896863902,6.54048582995951,10,10,10,100,100,100,100
E01026215,East Midlands,E07000139,North Kesteven,463,11.852438692572,1.25269978401728,10,10,10,100,100,100,100,10.2805687203791,3,10,10,10,100,100,100,100,7.93610427729891,7,10,10,10,100,100,100,100
E01026218,East Midlands,E07000139,North Kesteven,515,5.27842435094002,1.70485436893204,8.61941747572816,10,10,100,100,100,100,6.49686660698299,2,9.50485436893204,10,10,100,100,100,100,6.68952549923288,4.2,10,10,10,100,100,100,100
E01026219,East Midlands,E07000139,North Kesteven,529,8.46553989920286,1.5047258979206,9.00945179584121,10,10,100,100,100,100,7.2450495049505,2.25330812854442,10,10,10,100,100,100,100,6.99853964725343,5.48393194706994,10,10,10,100,100,100,100
E01026220,East Midlands,E07000139,North Kesteven,1020,9.08069363254971,1.30588235294118,7.03039215686275,10,10,87.6470588235294,100,100,100,7.76044444444444,2.2156862745098,10,10,10,100,100,100,100,6.84272886657715,6.36078431372549,10,10,10,100,100,100,100
E01026221,East Midlands,E07000139,North Kesteven,966,17.0302562814591,0.32712215320911,4.89233954451346,8.84782608695652,10,32.712215320911,100,100,100,25.9803837953092,0.106625258799172,0.591097308488613,3.49896480331263,7.2463768115942,10.6625258799172,44.4099378881988,100,100,13.360571276862,0.779503105590062,10,10,10,55.0724637681159,100,100,100
E01026222,East Midlands,E07000139,North Kesteven,737,16.903373855557,0,8.10990502035278,9,10,0,100,100,100,10.8859357696567,1,2.62550881953867,4.87245590230665,9.1112618724559,100,100,100,100,8.85427480414592,3.13975576662144,10,10,10,100,100,100,100
E01026223,East Midlands,E07000139,North Kesteven,843,10.4446945424173,0.507710557532622,7.93238434163701,9.62989323843416,10,50.7710557532622,100,100,100,7.93382352941176,1,1.56583629893238,4.17437722419929,10,100,100,100,100,7.53139710309459,1.66666666666667,10,10,10,100,100,100,100
E01026224,East Midlands,E07000139,North Kesteven,797,16.4552967573748,0.161856963613551,7.57465495608532,9.10790464240903,10,16.1856963613551,100,100,100,10.5994397759104,1,1.62609786700125,4.83814303638645,9.21831869510665,100,100,100,100,8.80066115969703,2.04767879548306,10,10,10,100,100,100,100
E01026225,East Midlands,E07000139,North Kesteven,761,13.3406470798085,0.650459921156373,3.99737187910644,9.32325886990802,10,65.0459921156373,100,100,100,9.47332506203474,1,3.71222076215506,10,10,100,100,100,100,7.56368472824617,3.82917214191853,10,10,10,100,100,100,100
E01026226,East Midlands,E07000139,North Kesteven,802,8.54845396253682,1,6.48129675810474,10,10,100,100,100,100,7.89167120304845,1,6.20199501246883,10,10,100,100,100,100,7.24464351039382,4.97381546134663,10,10,10,100,100,100,100
E01026227,East Midlands,E07000139,North Kesteven,744,8.77543859649123,2,3.92069892473118,10,10,100,100,100,100,7.3340350877193,2,2,5,6,100,100,100,100,8.13573354419909,2.13844086021505,10,10,10,100,100,100,100
E01026228,East Midlands,E07000139,North Kesteven,611,15.6906289477114,0.5810147299509,2.74959083469722,7.49099836333879,10,39.2798690671031,100,100,100,10.511768661735,2,2,5,5.18821603927987,100,100,100,100,9.40256209716592,2.37315875613748,10,10,10,100,100,100,100
E01026229,East Midlands,E07000139,North Kesteven,516,17.6412592305617,0,3,9.73255813953488,10,0,100,100,100,11.8436189334931,2,3,4,7,100,100,100,100,9.91153982744165,2.73255813953488,10,10,10,100,100,100,100
E01026230,East Midlands,E07000139,North Kesteven,557,13.932368692976,1.50448833034111,2.491921005386,9.491921005386,10,75.2244165170557,100,100,100,11.140536149472,2,2,4,7,100,100,100,100,10.0126645237716,2,10,10,10,100,100,100,100
E01026231,East Midlands,E07000139,North Kesteven,937,11.4610989936638,1.62433297758805,2.27321237993597,9.78014941302028,10,89.0074706510139,100,100,100,8.46517789553369,2,2,5,5.89007470651014,100,100,100,100,8.72132837637007,2,10,10,10,100,100,100,100
E01026232,East Midlands,E07000139,North Kesteven,904,8.77482583797197,2,3.35508849557522,9.03871681415929,10,100,100,100,100,8.02463054187192,2,2.1603982300885,4.60287610619469,5.73119469026549,100,100,100,100,7.38094488879356,3.1603982300885,10,10,10,100,100,100,100
E01026233,East Midlands,E07000139,North Kesteven,694,16.5150558018808,0.357348703170029,2.85158501440922,7.87319884726225,10,35.7348703170029,100,100,100,11.4956672443674,2,2,5,5,100,100,100,100,10.1508839109741,2.29682997118156,10,10,10,100,100,100,100
E01026234,East Midlands,E07000139,North Kesteven,1028,17.2270924887409,0.212062256809339,2.85603112840467,6.08657587548638,10,21.2062256809339,100,100,100,15.9120956399437,1.09824902723735,2.10019455252918,4.59922178988327,5.80155642023346,59.9221789883268,100,100,100,11.348547901953,2.61284046692607,10,10,10,100,100,100,100
E01026235,East Midlands,E07000139,North Kesteven,692,11.764438825445,1.70231213872832,3.90751445086705,9.85115606936416,10,85.1156069364162,100,100,100,8.52171326591315,2,2,4.72832369942197,7,100,100,100,100,8.59394425682054,2.40173410404624,10,10,10,100,100,100,100
E01026236,East Midlands,E07000139,North Kesteven,404,15.9444426754753,0.891089108910891,3.63613861386139,9.49009900990099,10,44.5544554455446,100,100,100,10.6915167095116,2,2.7450495049505,4.2549504950495,7,100,100,100,100,9.69035956179268,2.7450495049505,10,10,10,100,100,100,100
E01026237,East Midlands,E07000139,North Kesteven,513,11.2190978468918,1.25146198830409,8.50292397660819,10,10,100,100,100,100,10.0300187617261,1,10,10,10,100,100,100,100,9.25221420363235,8.74853801169591,10,10,10,100,100,100,100
E01026238,East Midlands,E07000139,North Kesteven,465,14.6313385210539,0.778494623655914,9.49462365591398,10,10,77.8494623655914,100,100,100,12.3713049747657,1.49462365591398,10,10,10,100,100,100,100,10.1051405333923,8.44301075268817,10,10,10,100,100,100,100
E01026239,East Midlands,E07000140,South Holland,759,11.9406099518459,0.72068511198946,2.27931488801054,8.55862977602108,10,72.068511198946,100,100,100,8.55912252541466,1,1.72068511198946,4.94202898550725,10,100,100,100,100,7.03576782720493,1.95388669301713,10,10,10,100,100,100,100
E01026240,East Midlands,E07000140,South Holland,951,13.3688088415882,0.533123028391167,1.84963196635121,8,8,53.3123028391167,100,100,100,8.69627507163324,1,1.52786540483701,5.45005257623554,10,100,100,100,100,7.23524355800533,2.53732912723449,10,10,10,100,100,100,100
E01026241,East Midlands,E07000140,South Holland,689,29.284216690831,0,1.04499274310595,8.2844702467344,10,0,34.833091436865,100,100,34.4426559356137,0,0,4.23802612481858,7.79825834542816,0,0,100,100,16.2380080865902,0.293178519593614,9.79825834542816,10,10,14.6589259796807,100,100,100
E01026242,East Midlands,E07000140,South Holland,617,10.8121252498334,1,3.34683954619125,6.51053484602917,7,100,100,100,100,8.14390406395736,1,2.67260940032415,4,7,100,100,100,100,6.81335098849861,3.83792544570502,10,10,10,100,100,100,100
E01026243,East Midlands,E07000140,South Holland,578,7.22102231821454,1.25951557093426,3.43425605536332,6.73702422145329,7,100,100,100,100,6.8776097912167,1,3,4.30276816608997,7,100,100,100,100,6.20671700229741,4,10,10,10,100,100,100,100
E01026244,East Midlands,E07000140,South Holland,552,25.6207690893071,1.15217391304348,2.80072463768116,5.44746376811594,7.44384057971014,72.6449275362319,72.6449275362319,81.7028985507246,81.7028985507246,15.8183943881528,0.817028985507246,2.09057971014493,4.54166666666667,8.98188405797101,81.7028985507246,100,100,100,9.08317232169124,3.01268115942029,10,10,10,100,100,100,100
E01026245,East Midlands,E07000140,South Holland,900,18.0041491473646,0.834444444444444,4.34,9.15,10,55.4444444444444,83,100,100,18.0744292237443,0.504444444444444,2.81555555555556,5.81555555555556,7.50444444444444,25.2222222222222,83,100,100,9.789552511581,3.93444444444444,10,10,10,100,100,100,100
E01026246,East Midlands,E07000140,South Holland,920,25.6565879034552,0,3.00978260869565,5.76304347826087,8.26739130434783,0,68.1521739130435,100,100,24.2581203984409,0.219565217391304,2.16304347826087,4.72608695652174,6.68152173913044,10.9782608695652,68.1521739130435,100,100,12.8767905249746,3.36847826086957,8.88152173913043,10,10,68.1521739130435,100,100,100
E01026247,East Midlands,E07000140,South Holland,853,9.60576069765642,1.16764361078546,5.53575615474795,7.23681125439625,9.11840562719812,88.1594372801876,100,100,100,7.4954954954955,1,2.62837045720985,6.63188745603751,9.72332942555686,100,100,100,100,6.3935612532975,4,10,10,10,100,100,100,100
E01026248,East Midlands,E07000140,South Holland,946,29.3727962524428,0.0898520084566596,1.46088794926004,3.52959830866808,7.52642706131078,8.98520084566596,73.0443974630021,89.5348837209302,89.5348837209302,20.2232103156959,0.513742071881607,1.86892177589852,4.17864693446089,7.69238900634249,25.6871035940803,83.5095137420719,100,100,12.0697285981643,2.61945031712474,10,10,10,73.0443974630021,100,100,100
E01026249,East Midlands,E07000140,South Holland,786,39.9140249842664,0.256997455470738,0.770992366412214,2.79389312977099,4.94910941475827,12.8498727735369,25.6997455470738,85.4961832061069,100,30.5788894997251,0.256997455470738,0.639949109414758,2.20865139949109,6.29770992366412,12.8498727735369,25.5725190839695,100,100,11.8011271530223,1.51272264631043,10,10,10,100,100,100,100
E01026250,East Midlands,E07000140,South Holland,784,5.15171288743883,2,4.37117346938776,10,10,100,100,100,100,6.30233822729744,2,2.87117346938776,5,9.68367346938776,100,100,100,100,6.49752584263447,3.44132653061224,10,10,10,100,100,100,100
E01026251,East Midlands,E07000140,South Holland,721,15.8256311818118,0.309292649098474,3.58945908460472,8.75866851595007,10,30.9292649098474,100,100,100,10.2460360852925,2,3,5.14008321775312,9.85991678224688,100,100,100,100,8.45832138311804,3,10,10,10,100,100,100,100
E01026252,East Midlands,E07000140,South Holland,795,8.62626832018038,1.83522012578616,3.51572327044025,9.83522012578616,10,100,100,100,100,7.16178128523112,2,3,5,10,100,100,100,100,6.85831459587295,4.34339622641509,10,10,10,100,100,100,100
E01026253,East Midlands,E07000140,South Holland,808,13.1839729119639,0.913366336633663,2.69306930693069,7.46534653465347,10,58.7871287128713,100,100,100,8.72404063205418,2,2.32549504950495,5,9,100,100,100,100,7.38927763283387,4.17326732673267,10,10,10,100,100,100,100
E01026254,East Midlands,E07000140,South Holland,852,25.8836718086803,0.647887323943662,1.40727699530516,5.34389671361502,8.78051643192488,32.3943661971831,45.6572769953052,100,100,18.1399082568807,0.913145539906103,3.27464788732394,5.45539906103286,9.35211267605634,45.6572769953052,100,100,100,10.2271215374317,4.45657276995305,10,10,10,100,100,100,100
E01026255,East Midlands,E07000140,South Holland,811,11.706940874036,1.01109741060419,4.8039457459926,9,10,50.5548705302096,100,100,100,8.31928020565553,2,4,6,8.68310727496917,100,100,100,100,7.02242673025646,4.24907521578298,10,10,10,100,100,100,100
E01026256,East Midlands,E07000140,South Holland,752,15.9099375670123,1.03457446808511,3.43218085106383,7.125,9.65159574468085,51.7287234042553,100,100,100,11.471974522293,1.2313829787234,3.5,5.7313829787234,7.1875,61.5691489361702,100,100,100,8.24130585360679,3.5,10,10,10,100,100,100,100
E01026257,East Midlands,E07000140,South Holland,785,11.0121628672099,1.74267515923567,4.04203821656051,8.40127388535032,9.87133757961784,87.1337579617834,100,100,100,8.3967112024666,1.87133757961783,3.74267515923567,6,7.87133757961783,100,100,100,100,7.12284157602049,4.95286624203822,10,10,10,100,100,100,100
E01026258,East Midlands,E07000140,South Holland,732,12.8318059299191,0.655737704918033,4.36475409836066,9.22404371584699,10,65.5737704918033,100,100,100,8.54393530997305,1.1775956284153,4,6,8.3551912568306,100,100,100,100,7.48606464894955,4.8620218579235,10,10,10,100,100,100,100
E01026259,East Midlands,E07000140,South Holland,608,24.4748373137518,0,2.95230263157895,6.50822368421053,8.88157894736842,0,83.3881578947369,100,100,20.7621274108708,0.166118421052632,2.50164473684211,4.71217105263158,8.23684210526316,16.6118421052632,100,100,100,11.8909993871202,2.16940789473684,10,10,10,100,100,100,100
E01026260,East Midlands,E07000140,South Holland,853,8.81514257620452,1,5.37749120750293,9.52872215709261,9.52872215709261,100,100,100,100,7.37463126843658,1,4.34349355216882,6,8,100,100,100,100,6.85807774786635,5,10,10,10,100,100,100,100
E01026262,East Midlands,E07000140,South Holland,625,10.8274354804222,0.8144,1.5392,8.816,10,81.44,100,100,100,8.82736156351791,1.3536,4,4.8144,6.7248,81.44,100,100,100,7.22626059715445,4,10,10,10,100,100,100,100
E01026263,East Midlands,E07000140,South Holland,676,14.2772503546501,0.701183431952663,1.29881656804734,8.44822485207101,10,70.1183431952663,100,100,100,9.50812619502868,1.44822485207101,4,5,6.44822485207101,100,100,100,100,8.02705068683989,3.59763313609467,10,10,10,100,100,100,100
E01026264,East Midlands,E07000140,South Holland,648,4.06060606060606,1,3.18981481481481,10,10,100,100,100,100,6.03030303030303,3,4,5,8,100,100,100,100,6.04818168437842,4,10,10,10,100,100,100,100
E01026265,East Midlands,E07000140,South Holland,501,20.6193385664022,0,3.24550898203593,9.73453093812375,10,0,100,100,100,15.8795355587808,0.403193612774451,3.75449101796407,4.75449101796407,7.24550898203593,20.1596806387226,100,100,100,10.67557312546,3,10,10,10,100,100,100,100
E01026266,East Midlands,E07000140,South Holland,823,12.7490767052481,1,3.87727825030377,10,10,87.7278250303767,100,100,100,8.98263386396527,3,4,5,8,100,100,100,100,8.53250380523873,4,10,10,10,100,100,100,100
E01026267,East Midlands,E07000140,South Holland,1123,18.0295136143103,0.231522707034728,2.78361531611754,9.1193232413179,10,23.1522707034728,100,100,100,10.8253052917232,2.41139804096171,4,5,7.68032056990205,100,100,100,100,8.99663850119188,3.5013357079252,10,10,10,100,100,100,100
E01026268,East Midlands,E07000140,South Holland,831,15.9137385928577,0.48014440433213,2.40312876052948,5.19735258724428,10,48.014440433213,100,100,100,10.1405082212257,1.60048134777377,4,5,8.28158844765343,88.3273164861613,100,100,100,8.39642749761668,3.35860409145608,10,10,10,100,100,100,100
E01026269,East Midlands,E07000140,South Holland,894,14.0431747604895,0.289709172259508,2.73713646532438,6.05592841163311,10,28.9709172259508,100,100,100,9.18334087822544,2.17673378076063,4.14653243847875,5,8,100,100,100,100,8.14560416512168,4.15771812080537,10,10,10,100,100,100,100
E01026270,East Midlands,E07000140,South Holland,704,14.9572820653382,0.704545454545455,2.59090909090909,7.11363636363636,10,70.4545454545455,70.4545454545455,100,100,10.2719112988384,1.70454545454545,5,5.33380681818182,9,100,100,100,100,8.11704322831054,5,10,10,10,100,100,100,100
E01026271,East Midlands,E07000140,South Holland,695,14.7614628820961,0.635971223021583,3.43021582733813,8.22446043165468,10,43.0215827338129,100,100,100,9.57805676855895,2,5,5.22446043165468,8.85467625899281,100,100,100,100,8.63159962564577,5,10,10,10,100,100,100,100
E01026272,East Midlands,E07000140,South Holland,472,9.93896006028636,1,3.74576271186441,8.17372881355932,10,100,100,100,100,7.81763376036172,2.78601694915254,4.51059322033898,5,8.51059322033898,100,100,100,100,7.09370013009181,4.78601694915254,10,10,10,100,100,100,100
E01026273,East Midlands,E07000140,South Holland,624,13.693287037037,0.806089743589744,4.63621794871795,8.37339743589744,10,80.6089743589744,100,100,100,9.16550925925926,3,4,6,8.44551282051282,100,100,100,100,8.22923601860249,4,10,10,10,100,100,100,100
E01026274,East Midlands,E07000140,South Holland,714,19.6591359159802,0,3.62745098039216,5.97478991596639,10,0,100,100,100,11.1540656205421,2.20588235294118,4,5.76890756302521,8,100,100,100,100,8.73472185085005,4,10,10,10,100,100,100,100
E01026275,East Midlands,E07000140,South Holland,830,11.3571077225775,1.0289156626506,4.15060240963855,9.09759036144578,10,87.8313253012048,100,100,100,8.49631087063453,2.87831325301205,4,5.44457831325301,8,100,100,100,100,7.37186420391888,4,10,10,10,100,100,100,100
E01026276,East Midlands,E07000140,South Holland,885,21.3364958136017,0.341242937853107,3.36949152542373,6.95254237288136,8.82033898305085,17.0621468926554,100,100,100,20.3196856906534,0,1.7864406779661,6.40225988700565,10,0,100,100,100,10.2406576675655,3.51186440677966,10,10,10,100,100,100,100
E01026277,East Midlands,E07000140,South Holland,642,4.80148131361229,1.50155763239875,5.84267912772586,9.34423676012461,10,100,100,100,100,6.44566544566545,2,4,5,9.15732087227414,100,100,100,100,6.55004273986351,4.15732087227414,10,10,10,100,100,100,100
E01026278,East Midlands,E07000140,South Holland,594,17.3838601603278,0.609427609427609,4.25420875420875,6.94612794612795,9.04377104377104,60.9427609427609,91.0774410774411,100,100,10.1634269258459,1.65151515151515,3.65993265993266,4.91077441077441,8.99326599326599,91.0774410774411,100,100,100,8.71603321119381,4.0016835016835,10,10,10,100,100,100,100
E01026279,East Midlands,E07000140,South Holland,626,9.85714285714286,2,5.54952076677316,8.7779552715655,10,100,100,100,100,7.78680203045685,2,4,5,9,100,100,100,100,7.12217558113192,4,10,10,10,100,100,100,100
E01026280,East Midlands,E07000140,South Holland,1016,40.2333436937475,0,1.00590551181102,2.35137795275591,5.7746062992126,0,40.0590551181102,54.7244094488189,100,31.9338442920532,0,0.146653543307087,2.66338582677165,6.08858267716535,0,14.6653543307087,100,100,15.1014559169891,0.146653543307087,10,10,10,14.6653543307087,100,100,100
E01026281,East Midlands,E07000140,South Holland,521,19.2470146048401,0.4510556621881,2.8042226487524,5.92514395393474,7.8637236084453,45.10556621881,100,100,100,18.4928409947249,0,3.24376199616123,6.38963531669866,8.24376199616123,0,100,100,100,10.3358705430078,3,10,10,10,100,100,100,100
E01026282,East Midlands,E07000140,South Holland,726,16.4674596543417,0.433884297520661,3.0068870523416,7.45454545454545,9.83195592286501,43.3884297520661,100,100,100,15.8713692946058,0.433884297520661,2.4228650137741,6.27410468319559,8.43388429752066,43.3884297520661,100,100,100,9.37652038863656,2.24931129476584,10,10,10,100,100,100,100
E01026283,East Midlands,E07000140,South Holland,649,18.6408431736073,0.420647149460709,2.68567026194145,7.57935285053929,9.15254237288136,42.0647149460709,84.4375963020031,100,100,14.2157985117344,0.420647149460709,2.84437596302003,5.68567026194145,9.73497688751926,42.0647149460709,100,100,100,8.26718965829545,3.0462249614792,10,10,10,100,100,100,100
E01026284,East Midlands,E07000140,South Holland,654,29.7960953022884,0,1.06422018348624,7.12232415902141,7.79204892966361,0,57.9510703363914,100,100,29.0225641025641,0,1.15902140672783,5.25688073394495,7.24006116207951,0,66.0550458715596,100,100,14.3096515269157,2.00305810397554,10,10,10,81.4984709480122,100,100,100
E01026285,East Midlands,E07000140,South Holland,621,27.9510048565818,0.183574879227053,2.9549114331723,5.80032206119163,8.27697262479871,18.3574879227053,78.5829307568438,78.5829307568438,100,18.4444444444444,0.561996779388084,2.34782608695652,4.74074074074074,8.77616747181965,56.1996779388084,100,100,100,9.74979634492877,3,10,10,10,100,100,100,100
E01026286,East Midlands,E07000140,South Holland,359,16.6336578616247,0.562674094707521,3.12534818941504,6.8133704735376,10,28.133704735376,100,100,100,16.297975708502,0,3,4.12534818941504,10,0,100,100,100,9.39190308265841,3,10,10,10,100,100,100,100
E01026287,East Midlands,E07000141,South Kesteven,611,15.6322664518257,0.229132569558101,4,6.95908346972177,10,22.9132569558101,100,100,100,11.7294117647059,3,3,5,9,100,100,100,100,10.5382974195645,3,10,10,10,100,100,100,100
E01026288,East Midlands,E07000141,South Kesteven,723,12.4859112171477,1.81327800829876,4,9.78838174273859,10,100,100,100,100,9.78944211157769,3,3,5,10,100,100,100,100,9.41753455987574,3,10,10,10,100,100,100,100
E01026289,East Midlands,E07000141,South Kesteven,775,17.7259544638958,0,4,7.60129032258065,10,0,100,100,100,11.9170013386881,2.59870967741935,3,5,9.49806451612903,100,100,100,100,10.1342569357154,3.69935483870968,10,10,10,100,100,100,100
E01026290,East Midlands,E07000141,South Kesteven,951,8.95678853614658,1.07045215562566,6.14300736067298,8.92534174553102,10,87.2765509989485,100,100,100,11.6339869281046,0.545741324921136,1.39642481598318,3.58044164037855,5.87592008412198,54.5741324921136,100,100,100,7.82011763587237,2.42586750788644,10,10,10,100,100,100,100
E01026291,East Midlands,E07000141,South Kesteven,799,18.9215539377069,0,5.87234042553191,10,10,0,100,100,100,16.8580121703854,0,7,10,10,0,100,100,100,9.18590262308566,9.64956195244055,10,10,10,100,100,100,100
E01026292,East Midlands,E07000141,South Kesteven,636,9.42970903357065,1,4,6.39465408805031,10,100,100,100,100,7.95643007730148,1,5,9,10,100,100,100,100,7.01145468542296,5,10,10,10,100,100,100,100
E01026293,East Midlands,E07000141,South Kesteven,754,12.0392441830698,0.712201591511936,4,8.51193633952255,10,71.2201591511936,100,100,100,11.3081285444234,1.16976127320955,4.98143236074271,8.40583554376658,10,86.4721485411141,100,100,100,8.4571975226213,5.03580901856764,10,10,10,100,100,100,100
E01026294,East Midlands,E07000141,South Kesteven,648,11.9376885138883,1,4,7.68518518518519,10,100,100,100,100,12.4370900417412,1.52777777777778,5,9,10,100,100,100,100,9.16974343667801,4.47222222222222,10,10,10,100,100,100,100
E01026296,East Midlands,E07000141,South Kesteven,669,12.2460244243656,0.690582959641256,2.84902840059791,7.11509715994021,10,69.0582959641256,100,100,100,10.01026957638,1.38116591928251,2,3,6.31091180866966,69.0582959641256,100,100,100,7.63620670034582,2.47832585949178,10,10,10,100,100,100,100
E01026297,East Midlands,E07000141,South Kesteven,561,8.39715302491103,1.63636363636364,2.36363636363636,7.18181818181818,7.54545454545455,100,100,100,100,7.51814946619217,2,2,3,6.36363636363636,100,100,100,100,6.97790747299737,2.36363636363636,10,10,10,100,100,100,100
E01026298,East Midlands,E07000141,South Kesteven,882,11.3758467810062,1.68480725623583,3.03174603174603,8.39909297052154,10,84.2403628117914,100,100,100,8.6860772895712,2,2,3,6,100,100,100,100,8.15328747005675,2,10,10,10,100,100,100,100
E01026299,East Midlands,E07000141,South Kesteven,743,7.27718040621266,2,2.21938088829071,7.21938088829071,7.21938088829071,100,100,100,100,7.00537634408602,2,2,3,6,100,100,100,100,6.78713259246899,2,10,10,10,100,100,100,100
E01026300,East Midlands,E07000141,South Kesteven,622,12.0163748126702,1.37138263665595,2.64147909967846,7.10771704180064,8.27009646302251,80.5466237942122,100,100,100,8.41946308724832,2,2,3,6.2395498392283,100,100,100,100,7.49596645944071,2,10,10,10,100,100,100,100
E01026301,East Midlands,E07000141,South Kesteven,687,8.44173961203801,1.07569141193595,2.77583697234352,7.2197962154294,8.5924308588064,85.1528384279476,100,100,100,7.55654101995565,2,2,3,6.4075691411936,100,100,100,100,6.90936232881906,2,10,10,10,100,100,100,100
E01026302,East Midlands,E07000141,South Kesteven,481,4.77596075224857,1.46569646569647,2.53430353430353,7.24740124740125,7.82120582120582,100,100,100,100,6.28618152085037,2,2,3,6.53430353430353,100,100,100,100,6.37843012361378,2.24740124740125,10,10,10,100,100,100,100
E01026303,East Midlands,E07000141,South Kesteven,480,13.2872165093895,1,3,10,10,100,100,100,100,11.9053435114504,1,2,7,10,100,100,100,100,9.4739542393284,2,10,10,10,100,100,100,100
E01026304,East Midlands,E07000141,South Kesteven,523,22.0862861839326,0,1.24665391969407,4.23326959847036,10,0,100,100,100,17.5740489130435,0,2,7.19502868068834,10,0,100,100,100,11.5118342741676,2,10,10,10,100,100,100,100
E01026305,East Midlands,E07000141,South Kesteven,613,17.0572808546343,0.223491027732463,2,10,10,22.3491027732463,100,100,100,10.9202049780381,1,2,7,10,100,100,100,100,9.52096634902507,1.41435562805873,10,10,10,100,100,100,100
E01026306,East Midlands,E07000141,South Kesteven,693,19.6845858923613,0,1.93073593073593,8.91774891774892,10,0,100,100,100,15.0400235432607,0.324675324675325,2.17748917748918,7.17748917748918,10,32.4675324675325,100,100,100,10.7052619113439,2.32467532467532,10,10,10,100,100,100,100
E01026307,East Midlands,E07000141,South Kesteven,566,17.0424573671971,0,2.65724381625442,9.70141342756184,10,0,100,100,100,13.1239606953893,0.701413427561837,2.20141342756184,7.40282685512368,10,70.1413427561837,100,100,100,10.07928167359,2.92932862190813,10,10,10,100,100,100,100
E01026308,East Midlands,E07000141,South Kesteven,613,8.09274447949527,1,7.6068515497553,10,10,100,100,100,100,8.29905362776025,2.98694942903752,7,10,10,100,100,100,100,7.22508532015683,7.71778140293638,10,10,10,100,100,100,100
E01026309,East Midlands,E07000141,South Kesteven,677,12.9960217729528,2,5.36041358936485,10,10,100,100,100,100,10.8510638297872,4,6.20384047267356,10,10,100,100,100,100,8.72073212493495,8.79615952732644,10,10,10,100,100,100,100
E01026310,East Midlands,E07000141,South Kesteven,433,15.011133436807,0.471131639722864,5.95842956120092,10,10,47.1131639722864,100,100,100,10.7074939564867,3.04157043879908,7,10,10,100,100,100,100,8.04915389276915,9.72286374133949,10,10,10,100,100,100,100
E01026311,East Midlands,E07000141,South Kesteven,661,14.6784703810167,0.983358547655068,6.94251134644478,10,10,56.8835098335855,100,100,100,10.075382803298,4,7,9.7231467473525,10,100,100,100,100,8.14630172502587,7.75642965204236,10,10,10,100,100,100,100
E01026312,East Midlands,E07000141,South Kesteven,464,11.2673267326733,1,8.24137931034483,10,10,100,100,100,100,9.02970297029703,4,7,10,10,100,100,100,100,7.47487981923062,7.02155172413793,10,10,10,100,100,100,100
E01026313,East Midlands,E07000141,South Kesteven,638,16.3521822920934,0.332288401253919,5.76489028213166,8.37460815047022,9.78213166144201,33.2288401253918,100,100,100,18.4304461942257,0.913793103448276,3.72884012539185,8.14263322884013,10,56.5830721003135,100,100,100,10.4131560951393,4.27429467084639,10,10,10,100,100,100,100
E01026314,East Midlands,E07000141,South Kesteven,490,5.54279219006735,1.26938775510204,7.37755102040816,10,10,100,100,100,100,6.70396825396825,1,1,4.49183673469388,10,100,100,100,100,6.0545315871163,1,10,10,10,100,100,100,100
E01026315,East Midlands,E07000141,South Kesteven,937,8.40468168082874,1.23479188900747,7.3906083244397,8.87299893276414,10,89.4343649946638,100,100,100,11.3571428571429,0.983991462113127,6.06189967982924,10,10,72.0384204909285,100,100,100,7.37041928581378,7.21237993596585,10,10,10,100,100,100,100
E01026316,East Midlands,E07000141,South Kesteven,882,9.05566324600598,2.01927437641723,5.34467120181406,7.43197278911565,9.64852607709751,100,100,100,100,15.0800487606664,0.773242630385488,2.1156462585034,4.01587301587302,8.20975056689342,38.6621315192744,100,100,100,9.11908573505598,2.79478458049887,10,10,10,100,100,100,100
E01026317,East Midlands,E07000141,South Kesteven,852,10.5584658559401,2.46361502347418,9.54107981220657,10,10,88.0281690140845,100,100,100,8.21094480823199,4.30164319248826,6.88028169014085,10,10,100,100,100,100,8.31280654763595,6.57863849765258,10,10,10,100,100,100,100
E01026318,East Midlands,E07000141,South Kesteven,735,11.9925093632959,1.41904761904762,9.04897959183674,10,10,100,100,100,100,8.57443820224719,4,6.79047619047619,10,10,100,100,100,100,8.74560837352767,6.4734693877551,10,10,10,100,100,100,100
E01026319,East Midlands,E07000141,South Kesteven,1033,13.8568689774233,0.605033881897386,8.62633107454017,10,10,60.5033881897386,100,100,100,9.58474576271187,3.74443368828654,6.86447241045499,9.86447241045498,10,100,100,100,100,8.61586092371264,7.53533397870281,10,10,10,100,100,100,100
E01026320,East Midlands,E07000141,South Kesteven,589,24.7495750708215,0,2.74363327674024,7.39898132427844,10,0,100,100,100,13.100283286119,2.30730050933786,6,10,10,100,100,100,100,10.2697504054386,8.78777589134126,10,10,10,100,100,100,100
E01026321,East Midlands,E07000141,South Kesteven,479,21.8310487988573,0,4.48016701461378,8.96033402922756,10,0,100,100,100,12.5194099378882,2.26722338204593,6,10,10,100,100,100,100,9.04083085282249,8.96033402922756,10,10,10,100,100,100,100
E01026322,East Midlands,E07000141,South Kesteven,523,13.2015177065767,1.04780114722753,5.24282982791587,10,10,80.4971319311663,100,100,100,9.04047217537943,3,6,10,10,100,100,100,100,9.17003353691423,8.72275334608031,10,10,10,100,100,100,100
E01026323,East Midlands,E07000141,South Kesteven,827,8.71480184551962,2.21281741233374,7.92140266021765,10,10,67.956469165659,100,100,100,7.98217179902755,3.35550181378476,5.67956469165659,10,10,100,100,100,100,7.64171803210118,5.43288996372431,10,10,10,100,100,100,100
E01026324,East Midlands,E07000141,South Kesteven,871,14.0382446362719,1.01492537313433,7.96555683122847,10,10,87.6004592422503,100,100,100,12.2896273013022,1.73478760045924,5.15958668197474,10,10,100,100,100,100,10.2967400433078,4.45235361653272,10,10,10,100,100,100,100
E01026325,East Midlands,E07000141,South Kesteven,587,7.06609123506124,1,4.23168654173765,7.72742759795571,10,100,100,100,100,7.03971812940423,2.61158432708688,5,9.17376490630324,10,100,100,100,100,6.89713635893681,4,10,10,10,100,100,100,100
E01026326,East Midlands,E07000141,South Kesteven,626,9.95130410731854,1.55591054313099,5,10,10,100,100,100,100,8.51441677588467,4,5.57827476038339,9.7667731629393,10,100,100,100,100,7.24494092023857,4.61661341853035,10,10,10,100,100,100,100
E01026327,East Midlands,E07000141,South Kesteven,598,11.6319500523092,1.21571906354515,5,9.07357859531773,10,100,100,100,100,9.08714918759232,3.40635451505017,5,9.82943143812709,10,100,100,100,100,8.07310193328069,4,10,10,10,100,100,100,100
E01026328,East Midlands,E07000141,South Kesteven,587,4.60808080808081,1,4,10,10,100,100,100,100,6.32592592592593,2.88074957410562,5,9.82623509369676,10,100,100,100,100,6.45035017604378,4.39011925042589,10,10,10,100,100,100,100
E01026329,East Midlands,E07000141,South Kesteven,815,7.8329848768431,1.13128834355828,8.21226993865031,9.01349693251534,10,100,100,100,100,8.99062327633756,0.874846625766871,1.34233128834356,4.21717791411043,7.77055214723926,87.4846625766871,100,100,100,6.94897404758561,2.46748466257669,10,10,10,100,100,100,100
E01026330,East Midlands,E07000141,South Kesteven,804,18.1385452270934,0.461442786069652,6.12437810945274,10,10,46.1442786069652,100,100,100,28.9552972731337,0,0.626865671641791,4.25124378109453,9.30970149253731,0,46.1442786069652,100,100,13.6371345929285,1.00746268656716,10,10,10,71.5174129353234,100,100,100
E01026331,East Midlands,E07000141,South Kesteven,1052,9.38475649489511,0.846007604562738,4.52566539923954,7.01996197718631,10,84.6007604562738,100,100,100,11.1027397260274,0.698669201520913,1.75570342205323,5.21577946768061,10,69.8669201520913,100,100,100,7.88785265358488,2.84410646387833,10,10,10,100,100,100,100
E01026332,East Midlands,E07000141,South Kesteven,958,12.7407373389446,0.659707724425887,5.04592901878914,9.160751565762,10,65.9707724425887,100,100,100,19.6037735849057,0.374739039665971,1.55114822546973,4.36951983298539,9.20668058455115,37.4739039665971,92.4843423799583,100,100,11.4875472221734,1.4446764091858,10,10,10,81.8371607515658,100,100,100
E01026333,East Midlands,E07000141,South Kesteven,957,14.5509829654505,1.08568443051202,8.74503657262278,9.71368861024033,10,70.2194357366771,100,100,100,23.5459459459459,0,1.25809822361546,6.41588296760711,10,0,87.1473354231975,100,100,12.2143941120752,1.81191222570533,10,10,10,87.1473354231975,100,100,100
E01026334,East Midlands,E07000141,South Kesteven,636,19.8288674472328,0,3.13207547169811,9.43867924528302,9.81289308176101,0,100,100,100,13.0265991133629,0.812893081761006,1.81289308176101,6.43081761006289,10,81.2893081761006,100,100,100,9.66431937842825,2,10,10,10,100,100,100,100
E01026335,East Midlands,E07000141,South Kesteven,608,16.1418873902614,0.601973684210526,4.39638157894737,10,10,60.1973684210526,100,100,100,10.0565681961031,1,2,7,10,100,100,100,100,8.72189826713576,2.79440789473684,10,10,10,100,100,100,100
E01026336,East Midlands,E07000141,South Kesteven,683,8.34630102040816,1,2.49341142020498,9.67496339677892,10,100,100,100,100,7.82079081632653,1,2,6,10,100,100,100,100,7.5294451257404,1.51976573938507,10,10,10,100,100,100,100
E01026337,East Midlands,E07000141,South Kesteven,623,11.2928804137336,1,2.32744783306581,10,10,100,100,100,100,8.6928529238039,1,2,7,10,100,100,100,100,7.93672174908885,2,10,10,10,100,100,100,100
E01026338,East Midlands,E07000141,South Kesteven,489,6.81844547811288,1.20858895705521,6.05725971370143,7.48875255623722,10,100,100,100,100,7.60855784469097,0.848670756646217,1.56850715746421,4.73415132924335,9.58282208588957,84.8670756646217,100,100,100,6.57059434930043,2.41717791411043,10,10,10,100,100,100,100
E01026339,East Midlands,E07000141,South Kesteven,555,12.5939788445891,0.50990990990991,3.32972972972973,8.64144144144144,9.15135135135135,50.990990990991,100,100,100,8.48413344182262,1,2.50990990990991,4,7.28288288288288,100,100,100,100,7.26192862702347,2.56576576576577,10,10,10,100,100,100,100
E01026340,East Midlands,E07000141,South Kesteven,908,16.6582397951748,0.174008810572687,7.06167400881057,7.90638766519824,9.86013215859031,17.4008810572687,100,100,100,16.3058608058608,0.155286343612335,6.84581497797357,10,10,15.5286343612335,100,100,100,11.6207326646253,7.59251101321586,10,10,10,100,100,100,100
E01026341,East Midlands,E07000141,South Kesteven,592,17.0135523309436,0,3.44087837837838,8.1875,10,0,100,100,100,18.4220305242203,0,3,3.22466216216216,6,0,100,100,100,9.21709355377724,3,10,10,10,100,100,100,100
E01026342,East Midlands,E07000141,South Kesteven,570,21.5808665289198,0,3.10526315789474,4.68245614035088,9.64912280701754,0,100,100,100,21.5464285714286,0,3,3,6,0,100,100,100,10.9610500723975,3,10,10,10,100,100,100,100
E01026343,East Midlands,E07000141,South Kesteven,860,9.39940814181473,2.40232558139535,7.11162790697674,10,10,100,100,100,100,8.11625403659849,3.88139534883721,6,9.64767441860465,10,100,100,100,100,7.5972927240304,6.52325581395349,10,10,10,100,100,100,100
E01026344,East Midlands,E07000141,South Kesteven,691,9.65915273345589,1.4616497829233,6.63096960926194,10,10,100,100,100,100,8.41786179921773,3.41823444283647,6,9.41823444283647,10,100,100,100,100,7.73173391461528,7.39073806078148,10,10,10,100,100,100,100
E01026345,East Midlands,E07000141,South Kesteven,632,11.4966934307201,1.81803797468354,5.44936708860759,10,10,100,100,100,100,8.78635778635779,4,6,10,10,100,100,100,100,7.92476191269078,5.01740506329114,10,10,10,100,100,100,100
E01026346,East Midlands,E07000141,South Kesteven,518,8.9794517578643,1.28957528957529,4.38223938223938,10,10,100,100,100,100,8.24476110645432,3,3,4.8030888030888,10,100,100,100,100,7.45384732635703,3,10,10,10,100,100,100,100
E01026347,East Midlands,E07000141,South Kesteven,655,7.16862260654725,2.68854961832061,4,10,10,100,100,100,100,7.43298332303891,3,3,5.18931297709924,10,100,100,100,100,7.62819032598381,3,10,10,10,100,100,100,100
E01026348,East Midlands,E07000141,South Kesteven,480,11.633571554232,1,4,9.6,10,100,100,100,100,9.72521008403361,3,3,5,10,100,100,100,100,8.39058833082183,3,10,10,10,100,100,100,100
E01026349,East Midlands,E07000141,South Kesteven,787,11.1633568225496,1.87928843710292,4,10,10,84.3710292249047,100,100,100,8.48366431774503,3,3,5.19186785260483,10,100,100,100,100,8.57379251134312,3.75222363405337,10,10,10,100,100,100,100
E01026350,East Midlands,E07000141,South Kesteven,782,5.13294117647059,2.61892583120205,4.72250639386189,10,10,100,100,100,100,6.44235294117647,3,3,5.83375959079284,10,100,100,100,100,6.83329417116502,3.1304347826087,10,10,10,100,100,100,100
E01026351,East Midlands,E07000141,South Kesteven,850,5.54330708661417,2.84588235294118,4.57529411764706,10,10,100,100,100,100,6.73359580052493,3,3.15411764705882,5.84588235294118,10,100,100,100,100,7.02038710010959,4.28235294117647,10,10,10,100,100,100,100
E01026352,East Midlands,E07000141,South Kesteven,546,15.9694260690846,0.578754578754579,5.35714285714286,10,10,57.8754578754579,100,100,100,10.6568236233041,2.71428571428571,5.35714285714286,10,10,100,100,100,100,9.93572253298017,4,10,10,10,100,100,100,100
E01026353,East Midlands,E07000141,South Kesteven,851,5.768,2.29612220916569,6.4289071680376,10,10,100,100,100,100,6.56307692307692,3.88014101057579,6,10,10,100,100,100,100,7.01715073160025,5,10,10,10,100,100,100,100
E01026354,East Midlands,E07000141,South Kesteven,482,19.2830860718078,0,4.22821576763485,10,10,0,100,100,100,13.8864818024263,1.20539419087137,5,9.48547717842324,10,74.2738589211618,100,100,100,11.8990553627808,3.46265560165975,10,10,10,100,100,100,100
E01026355,East Midlands,E07000141,South Kesteven,976,8.53545061410566,1.28586065573771,5.91290983606557,7.61168032786885,9.15368852459016,87.3975409836066,100,100,100,9.6806517311609,0.846311475409836,3,7.80122950819672,10,84.6311475409836,100,100,100,7.52225673057882,4,10,10,10,100,100,100,100
E01026356,East Midlands,E07000141,South Kesteven,559,19.290672702256,0,4,8.61001788908766,10,0,100,100,100,16.7982689747004,0,3.61001788908766,5.45796064400716,9.61001788908766,0,100,100,100,11.6995274242802,5,10,10,10,100,100,100,100
E01026357,East Midlands,E07000141,South Kesteven,581,17.556368906167,0,4.3631669535284,10,10,0,100,100,100,14.2004249291785,1.40619621342513,4,5,10,79.6901893287435,100,100,100,10.9494973586571,5,10,10,10,100,100,100,100
E01026358,East Midlands,E07000141,South Kesteven,620,16.2065312166008,0.411290322580645,4,9.79193548387097,10,41.1290322580645,100,100,100,11.8352517985612,2.41129032258065,3.16451612903226,5,10,100,100,100,100,10.0555468298548,4.3741935483871,10,10,10,100,100,100,100
E01026359,East Midlands,E07000141,South Kesteven,663,16.440509772211,0.153846153846154,4,9.3921568627451,10,15.3846153846154,100,100,100,11.1668757841907,2.34690799396682,3.80693815987934,5,10,100,100,100,100,9.54864509371921,5,10,10,10,100,100,100,100
E01026360,East Midlands,E07000141,South Kesteven,868,22.39525658725,0,2.40783410138249,5.8110599078341,10,0,100,100,100,21.7375171781951,0,2,3,6.75921658986175,0,100,100,100,13.3517591622353,1.52534562211982,10,10,10,85.0230414746544,100,100,100
E01026361,East Midlands,E07000141,South Kesteven,1133,11.0218775131915,0.867608120035305,3.04854368932039,5.07060900264784,8.55957634598411,86.7608120035304,100,100,100,13.0822526861801,0.680494263018535,1,2.48896734333628,5.46954986760812,68.0494263018535,100,100,100,8.63026666853242,1.52868490732568,10,10,10,100,100,100,100
E01026362,East Midlands,E07000141,South Kesteven,631,22.1611879931707,0.161648177496038,1.80824088748019,7.04754358161648,10,16.1648177496038,100,100,100,18.6607854297097,0,1,3.70047543581616,10,0,100,100,100,11.2777288558474,1.16164817749604,10,10,10,100,100,100,100
E01026363,East Midlands,E07000141,South Kesteven,571,21.8366971697126,0.19614711033275,3.51313485113835,9.45709281961471,10,19.614711033275,100,100,100,24.6886446886447,0,1.72329246935201,4.13835376532399,9.89141856392294,0,57.4430823117338,100,100,12.2726959221529,2.67425569176883,10,10,10,89.1418563922942,100,100,100
E01026364,East Midlands,E07000141,South Kesteven,675,22.1815800753803,0,3.41925925925926,8.32888888888889,10,0,100,100,100,23.8358038768529,0,1,3.99703703703704,10,0,100,100,100,12.4062257905914,1,10,10,10,100,100,100,100
E01026365,East Midlands,E07000141,South Kesteven,927,6.89829615267561,1.37864077669903,5.49514563106796,7.79719525350593,9.88996763754045,64.940668824164,100,100,100,8.23991416309013,0.84789644012945,3.15210355987055,9.09816612729234,10,84.789644012945,100,100,100,6.98760499524456,4.32578209277238,10,10,10,100,100,100,100
E01026366,East Midlands,E07000142,West Lindsey,957,26.6249140869284,0,2.07419017763845,8.41692789968652,8.94461859979101,0,89.4461859979101,89.4461859979101,89.4461859979101,14.031455399061,0.788923719958203,1,1.90595611285266,7.83908045977012,78.8923719958203,100,100,100,11.2041269159093,1.03448275862069,10,10,10,89.4461859979101,100,100,100
E01026367,East Midlands,E07000142,West Lindsey,718,12.1344412036319,0.571030640668524,7.40111420612813,9.33704735376045,10,57.1030640668524,100,100,100,12.1331673926571,0.668523676880223,1.17548746518106,4.3008356545961,10,66.8523676880223,100,100,100,7.77632223246776,1.83844011142061,10,10,10,100,100,100,100
E01026368,East Midlands,E07000142,West Lindsey,671,15.0986997635934,0.380029806259314,4.0327868852459,10,10,38.0029806259314,100,100,100,9.06501182033097,1,1,2,9,100,100,100,100,7.26837488156402,1.18777943368107,10,10,10,100,100,100,100
E01026369,East Midlands,E07000142,West Lindsey,494,5.62286469691379,1,8.52226720647773,10,10,100,100,100,100,7.29573934837093,1,6.53238866396761,10,10,100,100,100,100,6.8787468728565,6.01821862348178,10,10,10,100,100,100,100
E01026370,East Midlands,E07000142,West Lindsey,791,10.4531341106334,1,5.25158027812895,10,10,100,100,100,100,9.38991674375578,1,8.34134007585335,10,10,100,100,100,100,7.71504149053187,6.22629582806574,10,10,10,100,100,100,100
E01026371,East Midlands,E07000142,West Lindsey,487,10.7672580239401,1,5.98973305954825,10,10,100,100,100,100,10.0280759702725,1,4.49486652977413,10,10,100,100,100,100,8.23966981791741,4,10,10,10,100,100,100,100
E01026372,East Midlands,E07000142,West Lindsey,929,16.6413415645112,0.518837459634015,5.22497308934338,9.59095801937567,9.89128094725511,51.8837459634015,100,100,100,16.046418567427,0.808396124865447,1.56081808396125,8.57588805166846,9.56512378902045,80.8396124865447,89.1280947255113,100,100,10.4027373141029,2.90312163616792,10,10,10,89.1280947255113,100,100,100
E01026373,East Midlands,E07000142,West Lindsey,724,17.6624030392579,0,3.84254143646409,9.14779005524862,9.76381215469613,0,100,100,100,19.3602693602694,0.100828729281768,1.40331491712707,8.17817679558011,9.4267955801105,10.0828729281768,92.5414364640884,100,100,10.3351803697492,3,10,10,10,100,100,100,100
E01026374,East Midlands,E07000142,West Lindsey,632,19.3478989777284,0,2.77056962025316,8.18987341772152,10,0,100,100,100,13.0298120544394,1.18987341772152,3,6.83860759493671,10,77.0569620253165,100,100,100,9.98023354288671,3,10,10,10,100,100,100,100
E01026375,East Midlands,E07000142,West Lindsey,633,20.1679807975845,0,2,8.37914691943128,10,0,100,100,100,14.1412726211325,0.532385466034755,3,7.06477093206951,10,53.2385466034755,100,100,100,9.47070642472427,3.34913112164297,10,10,10,100,100,100,100
E01026376,East Midlands,E07000142,West Lindsey,763,19.8401524765897,0,2.22149410222805,8.33813892529489,10,0,100,100,100,12.7373029772329,1.22149410222805,3,7.55701179554391,10,100,100,100,100,9.30101574754687,3.35386631716907,10,10,10,100,100,100,100
E01026377,East Midlands,E07000142,West Lindsey,855,18.8030691004896,0,3,7.0187134502924,9.88187134502924,0,100,100,100,11.8146143437077,1.62573099415205,3,6.04678362573099,10,100,100,100,100,9.40087958676997,3.6140350877193,10,10,10,100,100,100,100
E01026378,East Midlands,E07000142,West Lindsey,706,9.70918043426105,2,4.46458923512748,10,10,100,100,100,100,7.64107142857143,2,2.21388101983003,5.93484419263456,10,100,100,100,100,7.04324991106987,4,10,10,10,100,100,100,100
E01026379,East Midlands,E07000142,West Lindsey,650,9.51490899627182,1.82615384615385,4.00153846153846,10,10,100,100,100,100,7.80848556275781,2,2.82615384615385,6.65230769230769,10,100,100,100,100,7.3689157843379,4,10,10,10,100,100,100,100
E01026380,East Midlands,E07000142,West Lindsey,675,15.0233757006282,0.774814814814815,3.8,8.35111111111111,10,48.7407407407407,100,100,100,10.0725681935152,2,3,6.27555555555556,10,100,100,100,100,7.90135872321097,4,10,10,10,100,100,100,100
E01026381,East Midlands,E07000142,West Lindsey,788,7.87033063633412,1.6497461928934,3.34771573604061,9.83883248730965,10,100,100,100,100,7.1467295226871,2,2.83883248730964,5,10,100,100,100,100,6.72962878125516,4,10,10,10,100,100,100,100
E01026382,East Midlands,E07000142,West Lindsey,607,16.460814060957,0,6.500823723229,9.833607907743,10,0,100,100,100,11.9163722025913,0.833607907742998,2.166392092257,8,10,83.3607907742998,100,100,100,9.43109543107283,4,10,10,10,100,100,100,100
E01026383,East Midlands,E07000142,West Lindsey,571,11.9365655011758,1.7968476357268,7.6199649737303,10,10,100,100,100,100,8.35144312393888,1.7968476357268,2.6199649737303,8,10,100,100,100,100,7.44748736804127,4.35376532399299,10,10,10,100,100,100,100
E01026384,East Midlands,E07000142,West Lindsey,907,5.59255319148936,2,7.07938257993385,10,10,100,100,100,100,6.72021276595745,2,2.58654906284454,8,10,100,100,100,100,6.42038295066103,4.13340683572216,10,10,10,100,100,100,100
E01026385,East Midlands,E07000142,West Lindsey,432,8.65931147664348,1.4212962962963,9.2337962962963,10,10,100,100,100,100,11.6789568345324,0.467592592592593,2,6.64351851851852,10,46.7592592592593,100,100,100,7.6297300728105,3.73148148148148,10,10,10,100,100,100,100
E01026386,East Midlands,E07000142,West Lindsey,584,7.75296274153124,2.01027397260274,7.90239726027397,10,10,100,100,100,100,13.1001400560224,0.671232876712329,2.17294520547945,5.69006849315068,9.32876712328767,67.1232876712329,100,100,100,8.09960767167623,3.76883561643836,10,10,10,100,100,100,100
E01026387,East Midlands,E07000142,West Lindsey,1029,11.3776725805308,0.761904761904762,6.12147716229349,9.30612244897959,10,76.1904761904762,100,100,100,16.9634789156627,0.301263362487852,1.49271137026239,3.95821185617104,8.16618075801749,30.1263362487852,100,100,100,10.04951076802,2.19630709426628,10,10,10,100,100,100,100
E01026388,East Midlands,E07000142,West Lindsey,836,15.9528448641328,0.295454545454545,5.93540669856459,9.57296650717703,10,29.5454545454545,100,100,100,17.0618216139689,0.174641148325359,2.79545454545455,6.46650717703349,10,17.4641148325359,100,100,100,9.91619639376415,3.77751196172249,10,10,10,100,100,100,100
E01026389,East Midlands,E07000142,West Lindsey,693,10.6583184257603,0.854256854256854,5.61616161616162,8.82539682539683,10,85.4256854256854,100,100,100,7.9010137149672,1,2,3,8,100,100,100,100,7.72057847288583,2.41269841269841,10,10,10,100,100,100,100
E01026390,East Midlands,E07000142,West Lindsey,817,7.30765560245152,0.929008567931457,3.65728274173807,9.43818849449204,10,92.9008567931457,100,100,100,7.49214943151056,0.929008567931457,1.47001223990208,3,7.78702570379437,92.9008567931457,100,100,100,6.99378990933388,2,10,10,10,100,100,100,100
E01026391,East Midlands,E07000142,West Lindsey,795,13.7316509600645,0.635220125786163,5.24150943396226,9.05031446540881,10,38.1132075471698,100,100,100,14.6185026227945,0.573584905660377,2.06415094339623,3.69559748427673,5.86540880503145,57.3584905660377,88.1761006289308,100,100,9.35266556009885,2.72704402515723,9.88176100628931,10,10,88.1761006289308,100,100,100
E01026392,East Midlands,E07000142,West Lindsey,1147,19.5193988023004,0,5.34176111595466,9.55274629468178,10,0,100,100,100,19.1654011224827,0.604184829991282,0.813426329555362,2.64777680906713,7.20749782040105,60.4184829991282,81.3426329555362,100,100,10.8941001677993,1.19877942458588,10,10,10,81.3426329555362,100,100,100
E01026393,East Midlands,E07000142,West Lindsey,614,9.36660015055267,0.835504885993485,7.5,10,10,83.5504885993485,100,100,100,7.83345045678145,1,10,10,10,100,100,100,100,6.94116651383572,8.58957654723127,10,10,10,100,100,100,100
E01026394,East Midlands,E07000142,West Lindsey,675,18.0361287606298,0.457777777777778,7.09481481481482,9.53333333333333,10,45.7777777777778,90.6666666666667,100,100,11.3458725182863,1.44296296296296,10,10,10,90.6666666666667,100,100,100,8.57820786851825,9.21925925925926,10,10,10,100,100,100,100
E01026395,East Midlands,E07000142,West Lindsey,641,14.3034107305634,0.641185647425897,9.25117004680187,10,10,64.1185647425897,100,100,100,9.87535211267606,1,10,10,10,100,100,100,100,7.6282745740783,9,10,10,10,100,100,100,100
E01026396,East Midlands,E07000142,West Lindsey,533,11.5298387096774,0.609756097560976,7.57786116322702,10,10,60.9756097560976,100,100,100,8.23306451612903,1,2.18198874296435,10,10,100,100,100,100,7.7824919162258,3.54784240150094,10,10,10,100,100,100,100
E01026397,East Midlands,E07000142,West Lindsey,1018,15.4722197550051,0.346758349705305,4.76522593320236,9.80157170923379,10,34.6758349705305,100,100,100,14.160447761194,0.529469548133595,5.00589390962672,9.58153241650295,10,52.9469548133595,100,100,100,9.30290229245403,5.48919449901768,10,10,10,100,100,100,100
E01026398,East Midlands,E07000142,West Lindsey,683,8.35901785855638,1,5.78184480234261,9.77159590043924,10,100,100,100,100,7.67091152815013,0.923865300146413,2.41581259150805,10,10,92.3865300146413,100,100,100,6.68672924227114,3.26207906295754,10,10,10,100,100,100,100
E01026399,East Midlands,E07000142,West Lindsey,597,9.89678132021299,0.663316582914573,6.50586264656616,9.33668341708543,10,66.3316582914573,100,100,100,10.6579301075269,0.663316582914573,1.33668341708543,5.16917922948074,9.66164154103853,66.3316582914573,100,100,100,7.64290337408743,2.33835845896147,10,10,10,100,100,100,100
E01026400,East Midlands,E07000142,West Lindsey,599,24.3983703352301,0.470784641068447,3.32888146911519,7.45409015025042,9.92153589315526,47.0784641068447,63.9398998330551,100,100,21.3530713890426,0.163606010016695,1.33722871452421,9.26043405676127,10,16.3606010016695,100,100,100,12.5528663512284,2.62270450751252,10,10,10,63.9398998330551,100,100,100
E01026401,East Midlands,E07000142,West Lindsey,612,17.3302401715414,0.82843137254902,5.00326797385621,6.86437908496732,9.86437908496732,60.9477124183007,86.437908496732,100,100,11.4993796526055,0.86437908496732,1.86437908496732,8.72058823529412,10,86.437908496732,100,100,100,8.76701010900455,2.94771241830065,10,10,10,100,100,100,100
E01026402,East Midlands,E07000142,West Lindsey,672,12.2193716893257,1.15029761904762,5.73809523809524,7.46130952380952,9.23065476190476,100,100,100,100,9.30137711864407,1,2,10,10,100,100,100,100,7.61640365674334,5.12351190476191,10,10,10,100,100,100,100
E01026403,East Midlands,E07000142,West Lindsey,545,15.4004443596894,1.43853211009174,4.13211009174312,8.32844036697248,10,66.0550458715596,100,100,100,20.1871698113208,0.234862385321101,1.79449541284404,5.29724770642202,8.4256880733945,23.4862385321101,84.5871559633027,100,100,11.7099170835963,1.84403669724771,10,10,10,84.5871559633027,100,100,100
E01026404,East Midlands,E07000142,West Lindsey,931,7.76260320537188,1.21804511278195,4.47798066595059,10,10,100,100,100,100,8.32003507233669,1,3.39205155746509,6.44253490870032,10,100,100,100,100,6.7053792379447,4.44897959183673,10,10,10,100,100,100,100
E01026405,East Midlands,E07000142,West Lindsey,532,19.2270916512585,0.208646616541353,2.54135338345865,10,10,20.8646616541353,100,100,100,17.687811831789,0,3.1109022556391,10,10,0,100,100,100,10.8233570423792,4.20112781954887,10,10,10,100,100,100,100
E01026406,East Midlands,E07000142,West Lindsey,467,23.2211276151759,0,4.35117773019272,10,10,0,100,100,100,16.5,0,3.56745182012848,10,10,0,100,100,100,10.2140436605271,4,10,10,10,100,100,100,100
E01026407,East Midlands,E07000142,West Lindsey,535,9.35314848325973,1.12523364485981,4.83551401869159,10,10,83.5514018691589,100,100,100,7.61845930232558,1,2.80747663551402,5.54579439252336,9.35700934579439,100,100,100,100,6.72478911211324,4.4785046728972,10,10,10,100,100,100,100
E01026408,East Midlands,E07000142,West Lindsey,548,12.1998530492285,0.885036496350365,3,9.12226277372263,10,65.3284671532847,100,100,100,9.07421013960323,1.65328467153285,2.46897810218978,4,10,100,100,100,100,7.42565767840372,3.65328467153285,10,10,10,100,100,100,100
E01026409,East Midlands,E07000142,West Lindsey,520,14.1816004875278,0.680769230769231,4.32307692307692,9.32307692307692,10,68.0769230769231,100,100,100,18.6057851239669,0,1.68076923076923,3.68076923076923,8.99615384615385,0,100,100,100,9.41790922890025,2.64230769230769,10,10,10,100,100,100,100
E01026410,East Midlands,E07000142,West Lindsey,638,8.09526774595268,1.12539184952978,5.28369905956113,8.50940438871473,10,76.0188087774295,100,100,100,7.51556662515567,1,2.88871473354232,5.49059561128527,8.04388714733542,100,100,100,100,6.6491345997023,2.88871473354232,10,10,10,100,100,100,100
E01026411,East Midlands,E07000142,West Lindsey,997,5.11903453954776,2.20561685055165,6.68304914744233,9.02206619859579,10,100,100,100,100,7.73063026896829,0.860581745235707,2.25977933801404,5.04413239719158,8.71815446339017,86.0581745235707,100,100,100,6.66844250159491,2.41825476429288,10,10,10,100,100,100,100
E01026412,East Midlands,E07000142,West Lindsey,624,10.505092869982,1,2.13301282051282,10,10,100,100,100,100,8.45775913720791,1,1,9.74839743589744,10,100,100,100,100,7.72447583859663,1.52884615384615,10,10,10,100,100,100,100
E01026413,East Midlands,E07000142,West Lindsey,855,9.89718372820742,1,2.13333333333333,10,10,100,100,100,100,8.01296379079124,1,1.15321637426901,9.88187134502924,10,100,100,100,100,7.53475645412331,1.99181286549708,10,10,10,100,100,100,100
E01026414,East Midlands,E07000142,West Lindsey,638,14.7469911279907,0.841692789968652,3.37774294670846,7.58777429467085,10,84.1692789968652,100,100,100,25.9304500292227,0.250783699059561,0.808777429467085,4.89341692789969,8.74764890282132,25.0783699059561,52.9780564263323,100,100,13.3687081562713,1.10501567398119,10,10,10,68.8087774294671,100,100,100
E01026415,East Midlands,E07000142,West Lindsey,380,15.8155409486081,0.634210526315789,5.20789473684211,7.91842105263158,10,63.4210526315789,100,100,100,15.0995305164319,0.634210526315789,1,3,9.06315789473684,63.4210526315789,100,100,100,9.5030799856768,1.85789473684211,10,10,10,100,100,100,100
E01026416,East Midlands,E07000142,West Lindsey,574,18.7353061670143,0.369337979094077,3.9581881533101,9.16202090592335,10,36.9337979094077,82.404181184669,100,100,18.1434078643022,0.513937282229965,0.958188153310105,2.48606271777004,8.11149825783972,51.3937282229965,82.404181184669,100,100,9.48629930521216,1.47212543554007,10,10,10,82.404181184669,100,100,100
E01032683,East Midlands,E07000142,West Lindsey,919,7.99724816979566,0.935799782372144,5.85418933623504,6.23830250272035,10,93.5799782372144,100,100,100,7.51198934280639,0.935799782372144,1.44831338411317,9.71490750816104,10,93.5799782372144,100,100,100,6.90210934663539,4.55386289445049,10,10,10,100,100,100,100
E01032986,East Midlands,E07000137,East Lindsey,541,4.50955414012739,3,3,9.21626617375231,10,100,100,100,100,6.5031847133758,3,3,4,7.47134935304991,100,100,100,100,6.72970871582587,3,10,10,10,100,100,100,100
E01032987,East Midlands,E07000137,East Lindsey,610,6.38248175182482,2.5327868852459,3.20327868852459,9.02786885245902,10,100,100,100,100,6.87591240875912,3,3,4,6.49508196721311,100,100,100,100,6.64351823590968,3,10,10,10,100,100,100,100
E01032988,East Midlands,E07000139,North Kesteven,556,11.212461115462,1.6294964028777,6.2589928057554,10,10,81.4748201438849,100,100,100,8.34640102827763,2,9,10,10,100,100,100,100,7.68072623458803,5.03597122302158,10,10,10,100,100,100,100
E01032989,East Midlands,E07000139,North Kesteven,515,14.4422796803929,0.6,3.8,10,10,60,100,100,100,10.616060961313,1.8,7.4,10,10,100,100,100,100,8.89222741825779,3.2,10,10,10,100,100,100,100
E01032990,East Midlands,E07000139,North Kesteven,824,20.2764792129983,0,3.125,8.125,10,0,100,100,100,25.1095342066958,0,1.125,5.5,10,0,100,100,100,13.6684570812242,1.5,10,10,10,87.5,100,100,100
E01032991,East Midlands,E07000139,North Kesteven,658,14.4804022857309,0.633738601823708,7.24164133738602,10,10,63.3738601823708,100,100,100,10.4628099173554,3.17781155015198,10,10,10,100,100,100,100,9.27843660165456,6.17781155015198,10,10,10,100,100,100,100
E01032992,East Midlands,E07000139,North Kesteven,560,8.62562994960403,1.44642857142857,8.52142857142857,10,10,100,100,100,100,7.44780417566595,2,9.26071428571429,10,10,100,100,100,100,7.34141110549993,4.89285714285714,10,10,10,100,100,100,100
E01032993,East Midlands,E07000139,North Kesteven,651,9.10414238091206,2,7.48387096774194,10,10,100,100,100,100,7.80818242790074,2,9,10,10,100,100,100,100,7.35021452324891,4.08448540706605,10,10,10,100,100,100,100
E01032994,East Midlands,E07000139,North Kesteven,486,15.1857361294212,0.376543209876543,4.74074074074074,8.76543209876543,8.76543209876543,37.6543209876543,100,100,100,14.5736724008975,0.965020576131687,5.14197530864198,10,10,58.8477366255144,100,100,100,10.5648841914974,4.5761316872428,10,10,10,100,100,100,100
E01032995,East Midlands,E07000140,South Holland,552,7.2395044735031,1.30978260869565,5.63405797101449,10,10,100,100,100,100,7.1885753613214,3,4,6,8.50724637681159,100,100,100,100,7.12613211052219,4.32427536231884,10,10,10,100,100,100,100
E01032996,East Midlands,E07000140,South Holland,552,6.34090909090909,1.31521739130435,5.56340579710145,10,10,100,100,100,100,6.81378299120235,3.31521739130435,4.21195652173913,6,9.31521739130435,100,100,100,100,6.66387106421406,4.68478260869565,10,10,10,100,100,100,100
E01032997,East Midlands,E07000141,South Kesteven,408,18.0871877485247,0.25,2.75,7.5,10,25,100,100,100,12.5208955223881,1.75,2,3.5,6,100,100,100,100,10.3918509647028,2,10,10,10,100,100,100,100
E01032998,East Midlands,E07000141,South Kesteven,408,24.3652805103239,0,1.75,6.5,9.75,0,100,100,100,14.6045901639344,0.5,2,2.25,6,50,100,100,100,10.7485836573116,2,10,10,10,100,100,100,100
E01032999,East Midlands,E07000141,South Kesteven,518,15.2378548002323,0.698841698841699,3.01930501930502,8.85714285714286,10,48.2625482625483,100,100,100,10.0234505862647,2,2,3,6,100,100,100,100,9.0590280687789,2,10,10,10,100,100,100,100
