PUBLICATION,EXTRACT_DATE,PRACTICE_CODE,PRACTICE_NAME,LSOA_CODE,SEX,NUMBER_OF_PATIENTS
GP_PRAC_PAT_LIST,01/04/2026,C82076,THE WELBY PRACTICE,E01001889,ALL,1
GP_PRAC_PAT_LIST,01/04/2026,C82076,THE WELBY PRACTICE,E01001903,ALL,1
GP_PRAC_PAT_LIST,01/04/2026,C82076,THE WELBY PRACTICE,E01001955,ALL,1
GP_PRAC_PAT_LIST,01/04/2026,C82076,THE WELBY PRACTICE,E01004716,ALL,1
GP_PRAC_PAT_LIST,01/04/2026,C82076,THE WELBY PRACTICE,E01008107,ALL,1
GP_PRAC_PAT_LIST,01/04/2026,C82076,THE WELBY PRACTICE,E01008373,ALL,1
GP_PRAC_PAT_LIST,01/04/2026,C82076,THE WELBY PRACTICE,E01010540,ALL,1
GP_PRAC_PAT_LIST,01/04/2026,C82076,THE WELBY PRACTICE,E01011938,ALL,1
GP_PRAC_PAT_LIST,01/04/2026,C82076,THE WELBY PRACTICE,E01013788,ALL,1
GP_PRAC_PAT_LIST,01/04/2026,C82076,THE WELBY PRACTICE,E01013937,ALL,1
GP_PRAC_PAT_LIST,01/04/2026,C82076,THE WELBY PRACTICE,E01013941,ALL,2
GP_PRAC_PAT_LIST,01/04/2026,C82076,THE WELBY PRACTICE,E01013972,ALL,1
GP_PRAC_PAT_LIST,01/04/2026,C82076,THE WELBY PRACTICE,E01017827,ALL,2
GP_PRAC_PAT_LIST,01/04/2026,C82076,THE WELBY PRACTICE,E01020295,ALL,1
GP_PRAC_PAT_LIST,01/04/2026,C82076,THE WELBY PRACTICE,E01025645,ALL,1
GP_PRAC_PAT_LIST,01/04/2026,C82076,THE WELBY PRACTICE,E01025690,ALL,1
GP_PRAC_PAT_LIST,01/04/2026,C82076,THE WELBY PRACTICE,E01025695,ALL,1
GP_PRAC_PAT_LIST,01/04/2026,C82076,THE WELBY PRACTICE,E01025787,ALL,1
GP_PRAC_PAT_LIST,01/04/2026,C82076,THE WELBY PRACTICE,E01025833,ALL,1
GP_PRAC_PAT_LIST,01/04/2026,C82076,THE WELBY PRACTICE,E01025883,ALL,1
GP_PRAC_PAT_LIST,01/04/2026,C82076,THE WELBY PRACTICE,E01025884,ALL,2
GP_PRAC_PAT_LIST,01/04/2026,C82076,THE WELBY PRACTICE,E01025885,ALL,1523
GP_PRAC_PAT_LIST,01/04/2026,C82076,THE WELBY PRACTICE,E01025886,ALL,1299
GP_PRAC_PAT_LIST,01/04/2026,C82076,THE WELBY PRACTICE,E01025887,ALL,303
GP_PRAC_PAT_LIST,01/04/2026,C82076,THE WELBY PRACTICE,E01025890,ALL,32
GP_PRAC_PAT_LIST,01/04/2026,C82076,THE WELBY PRACTICE,E01025891,ALL,22
GP_PRAC_PAT_LIST,01/04/2026,C82076,THE WELBY PRACTICE,E01025892,ALL,466
GP_PRAC_PAT_LIST,01/04/2026,C82076,THE WELBY PRACTICE,E01025893,ALL,4
GP_PRAC_PAT_LIST,01/04/2026,C82076,THE WELBY PRACTICE,E01025894,ALL,3
GP_PRAC_PAT_LIST,01/04/2026,C82076,THE WELBY PRACTICE,E01025895,ALL,4
GP_PRAC_PAT_LIST,01/04/2026,C82076,THE WELBY PRACTICE,E01025896,ALL,10
GP_PRAC_PAT_LIST,01/04/2026,C82076,THE WELBY PRACTICE,E01025897,ALL,2
GP_PRAC_PAT_LIST,01/04/2026,C82076,THE WELBY PRACTICE,E01025898,ALL,4
GP_PRAC_PAT_LIST,01/04/2026,C82076,THE WELBY PRACTICE,E01025899,ALL,3
GP_PRAC_PAT_LIST,01/04/2026,C82076,THE WELBY PRACTICE,E01025900,ALL,1
GP_PRAC_PAT_LIST,01/04/2026,C82076,THE WELBY PRACTICE,E01025901,ALL,6
GP_PRAC_PAT_LIST,01/04/2026,C82076,THE WELBY PRACTICE,E01025902,ALL,23
GP_PRAC_PAT_LIST,01/04/2026,C82076,THE WELBY PRACTICE,E01025903,ALL,2
GP_PRAC_PAT_LIST,01/04/2026,C82076,THE WELBY PRACTICE,E01025904,ALL,13
GP_PRAC_PAT_LIST,01/04/2026,C82076,THE WELBY PRACTICE,E01025905,ALL,2
GP_PRAC_PAT_LIST,01/04/2026,C82076,THE WELBY PRACTICE,E01025906,ALL,7
GP_PRAC_PAT_LIST,01/04/2026,C82076,THE WELBY PRACTICE,E01025907,ALL,6
GP_PRAC_PAT_LIST,01/04/2026,C82076,THE WELBY PRACTICE,E01025908,ALL,6
GP_PRAC_PAT_LIST,01/04/2026,C82076,THE WELBY PRACTICE,E01025910,ALL,3
GP_PRAC_PAT_LIST,01/04/2026,C82076,THE WELBY PRACTICE,E01025911,ALL,544
GP_PRAC_PAT_LIST,01/04/2026,C82076,THE WELBY PRACTICE,E01025912,ALL,138
GP_PRAC_PAT_LIST,01/04/2026,C82076,THE WELBY PRACTICE,E01026221,ALL,1
GP_PRAC_PAT_LIST,01/04/2026,C82076,THE WELBY PRACTICE,E01026231,ALL,2
GP_PRAC_PAT_LIST,01/04/2026,C82076,THE WELBY PRACTICE,E01026248,ALL,1
GP_PRAC_PAT_LIST,01/04/2026,C82076,THE WELBY PRACTICE,E01026291,ALL,362
GP_PRAC_PAT_LIST,01/04/2026,C82076,THE WELBY PRACTICE,E01026292,ALL,3
GP_PRAC_PAT_LIST,01/04/2026,C82076,THE WELBY PRACTICE,E01026293,ALL,6
GP_PRAC_PAT_LIST,01/04/2026,C82076,THE WELBY PRACTICE,E01026294,ALL,3
GP_PRAC_PAT_LIST,01/04/2026,C82076,THE WELBY PRACTICE,E01026308,ALL,6
GP_PRAC_PAT_LIST,01/04/2026,C82076,THE WELBY PRACTICE,E01026309,ALL,12
GP_PRAC_PAT_LIST,01/04/2026,C82076,THE WELBY PRACTICE,E01026310,ALL,7
GP_PRAC_PAT_LIST,01/04/2026,C82076,THE WELBY PRACTICE,E01026311,ALL,1
GP_PRAC_PAT_LIST,01/04/2026,C82076,THE WELBY PRACTICE,E01026312,ALL,2
GP_PRAC_PAT_LIST,01/04/2026,C82076,THE WELBY PRACTICE,E01026313,ALL,3
GP_PRAC_PAT_LIST,01/04/2026,C82076,THE WELBY PRACTICE,E01026315,ALL,794
GP_PRAC_PAT_LIST,01/04/2026,C82076,THE WELBY PRACTICE,E01026317,ALL,12
GP_PRAC_PAT_LIST,01/04/2026,C82076,THE WELBY PRACTICE,E01026318,ALL,5
GP_PRAC_PAT_LIST,01/04/2026,C82076,THE WELBY PRACTICE,E01026319,ALL,107
GP_PRAC_PAT_LIST,01/04/2026,C82076,THE WELBY PRACTICE,E01026321,ALL,30
GP_PRAC_PAT_LIST,01/04/2026,C82076,THE WELBY PRACTICE,E01026322,ALL,8
GP_PRAC_PAT_LIST,01/04/2026,C82076,THE WELBY PRACTICE,E01026323,ALL,8
GP_PRAC_PAT_LIST,01/04/2026,C82076,THE WELBY PRACTICE,E01026324,ALL,21
GP_PRAC_PAT_LIST,01/04/2026,C82076,THE WELBY PRACTICE,E01026325,ALL,1
GP_PRAC_PAT_LIST,01/04/2026,C82076,THE WELBY PRACTICE,E01026326,ALL,1
GP_PRAC_PAT_LIST,01/04/2026,C82076,THE WELBY PRACTICE,E01026327,ALL,3
GP_PRAC_PAT_LIST,01/04/2026,C82076,THE WELBY PRACTICE,E01026328,ALL,2
GP_PRAC_PAT_LIST,01/04/2026,C82076,THE WELBY PRACTICE,E01026329,ALL,1
GP_PRAC_PAT_LIST,01/04/2026,C82076,THE WELBY PRACTICE,E01026331,ALL,69
GP_PRAC_PAT_LIST,01/04/2026,C82076,THE WELBY PRACTICE,E01026332,ALL,2
GP_PRAC_PAT_LIST,01/04/2026,C82076,THE WELBY PRACTICE,E01026333,ALL,6
GP_PRAC_PAT_LIST,01/04/2026,C82076,THE WELBY PRACTICE,E01026338,ALL,1
GP_PRAC_PAT_LIST,01/04/2026,C82076,THE WELBY PRACTICE,E01026340,ALL,45
GP_PRAC_PAT_LIST,01/04/2026,C82076,THE WELBY PRACTICE,E01026343,ALL,10
GP_PRAC_PAT_LIST,01/04/2026,C82076,THE WELBY PRACTICE,E01026344,ALL,7
GP_PRAC_PAT_LIST,01/04/2026,C82076,THE WELBY PRACTICE,E01026345,ALL,5
GP_PRAC_PAT_LIST,01/04/2026,C82076,THE WELBY PRACTICE,E01026352,ALL,3
GP_PRAC_PAT_LIST,01/04/2026,C82076,THE WELBY PRACTICE,E01026353,ALL,4
GP_PRAC_PAT_LIST,01/04/2026,C82076,THE WELBY PRACTICE,E01026354,ALL,4
GP_PRAC_PAT_LIST,01/04/2026,C82076,THE WELBY PRACTICE,E01026355,ALL,38
GP_PRAC_PAT_LIST,01/04/2026,C82076,THE WELBY PRACTICE,E01026365,ALL,269
GP_PRAC_PAT_LIST,01/04/2026,C82076,THE WELBY PRACTICE,E01026367,ALL,1
GP_PRAC_PAT_LIST,01/04/2026,C82076,THE WELBY PRACTICE,E01026394,ALL,1
GP_PRAC_PAT_LIST,01/04/2026,C82076,THE WELBY PRACTICE,E01028170,ALL,1
GP_PRAC_PAT_LIST,01/04/2026,C82076,THE WELBY PRACTICE,E01028185,ALL,1
GP_PRAC_PAT_LIST,01/04/2026,C82076,THE WELBY PRACTICE,E01028187,ALL,1
GP_PRAC_PAT_LIST,01/04/2026,C82076,THE WELBY PRACTICE,E01028285,ALL,1
GP_PRAC_PAT_LIST,01/04/2026,C82076,THE WELBY PRACTICE,E01028304,ALL,1
GP_PRAC_PAT_LIST,01/04/2026,C82076,THE WELBY PRACTICE,E01028325,ALL,52
GP_PRAC_PAT_LIST,01/04/2026,C82076,THE WELBY PRACTICE,E01028357,ALL,6
GP_PRAC_PAT_LIST,01/04/2026,C82076,THE WELBY PRACTICE,E01028358,ALL,2
GP_PRAC_PAT_LIST,01/04/2026,C82076,THE WELBY PRACTICE,E01028359,ALL,4
GP_PRAC_PAT_LIST,01/04/2026,C82076,THE WELBY PRACTICE,E01028360,ALL,7
GP_PRAC_PAT_LIST,01/04/2026,C82076,THE WELBY PRACTICE,E01028361,ALL,1
GP_PRAC_PAT_LIST,01/04/2026,C82076,THE WELBY PRACTICE,E01028371,ALL,113
GP_PRAC_PAT_LIST,01/04/2026,C82076,THE WELBY PRACTICE,E01028380,ALL,2
GP_PRAC_PAT_LIST,01/04/2026,C82076,THE WELBY PRACTICE,E01028403,ALL,2
GP_PRAC_PAT_LIST,01/04/2026,C82076,THE WELBY PRACTICE,E01028410,ALL,2
GP_PRAC_PAT_LIST,01/04/2026,C82076,THE WELBY PRACTICE,E01028411,ALL,231
GP_PRAC_PAT_LIST,01/04/2026,C82076,THE WELBY PRACTICE,E01028415,ALL,2
GP_PRAC_PAT_LIST,01/04/2026,C82076,THE WELBY PRACTICE,E01028420,ALL,23
GP_PRAC_PAT_LIST,01/04/2026,C82076,THE WELBY PRACTICE,E01029616,ALL,1
GP_PRAC_PAT_LIST,01/04/2026,C82076,THE WELBY PRACTICE,E01031140,ALL,1
GP_PRAC_PAT_LIST,01/04/2026,C82076,THE WELBY PRACTICE,E01031897,ALL,1
GP_PRAC_PAT_LIST,01/04/2026,C82076,THE WELBY PRACTICE,E01032038,ALL,1
GP_PRAC_PAT_LIST,01/04/2026,C82076,THE WELBY PRACTICE,E01032971,ALL,1
GP_PRAC_PAT_LIST,01/04/2026,C82076,THE WELBY PRACTICE,E01033394,ALL,1
GP_PRAC_PAT_LIST,01/04/2026,C82076,THE WELBY PRACTICE,E01034695,ALL,1
GP_PRAC_PAT_LIST,01/04/2026,C82076,THE WELBY PRACTICE,E01034701,ALL,12
GP_PRAC_PAT_LIST,01/04/2026,C82076,THE WELBY PRACTICE,E01034702,ALL,31
GP_PRAC_PAT_LIST,01/04/2026,C82076,THE WELBY PRACTICE,E01035501,ALL,1
GP_PRAC_PAT_LIST,01/04/2026,C82076,THE WELBY PRACTICE,EMPTY,ALL,6
GP_PRAC_PAT_LIST,01/04/2026,C83001,HEART OF LINCOLN HEALTH GROUP,CLOSED,ALL,63
GP_PRAC_PAT_LIST,01/04/2026,C83001,HEART OF LINCOLN HEALTH GROUP,E01000219,ALL,1
GP_PRAC_PAT_LIST,01/04/2026,C83001,HEART OF LINCOLN HEALTH GROUP,E01000237,ALL,1
GP_PRAC_PAT_LIST,01/04/2026,C83001,HEART OF LINCOLN HEALTH GROUP,E01000259,ALL,1
GP_PRAC_PAT_LIST,01/04/2026,C83001,HEART OF LINCOLN HEALTH GROUP,E01000523,ALL,1
GP_PRAC_PAT_LIST,01/04/2026,C83001,HEART OF LINCOLN HEALTH GROUP,E01000644,ALL,1
GP_PRAC_PAT_LIST,01/04/2026,C83001,HEART OF LINCOLN HEALTH GROUP,E01000820,ALL,1
GP_PRAC_PAT_LIST,01/04/2026,C83001,HEART OF LINCOLN HEALTH GROUP,E01000954,ALL,1
GP_PRAC_PAT_LIST,01/04/2026,C83001,HEART OF LINCOLN HEALTH GROUP,E01001239,ALL,1
GP_PRAC_PAT_LIST,01/04/2026,C83001,HEART OF LINCOLN HEALTH GROUP,E01001273,ALL,1
GP_PRAC_PAT_LIST,01/04/2026,C83001,HEART OF LINCOLN HEALTH GROUP,E01001478,ALL,1
GP_PRAC_PAT_LIST,01/04/2026,C83001,HEART OF LINCOLN HEALTH GROUP,E01001876,ALL,1
GP_PRAC_PAT_LIST,01/04/2026,C83001,HEART OF LINCOLN HEALTH GROUP,E01001911,ALL,1
GP_PRAC_PAT_LIST,01/04/2026,C83001,HEART OF LINCOLN HEALTH GROUP,E01002386,ALL,1
GP_PRAC_PAT_LIST,01/04/2026,C83001,HEART OF LINCOLN HEALTH GROUP,E01002444,ALL,1
GP_PRAC_PAT_LIST,01/04/2026,C83001,HEART OF LINCOLN HEALTH GROUP,E01002744,ALL,1
GP_PRAC_PAT_LIST,01/04/2026,C83001,HEART OF LINCOLN HEALTH GROUP,E01002912,ALL,1
GP_PRAC_PAT_LIST,01/04/2026,C83001,HEART OF LINCOLN HEALTH GROUP,E01002997,ALL,1
GP_PRAC_PAT_LIST,01/04/2026,C83001,HEART OF LINCOLN HEALTH GROUP,E01003032,ALL,1
GP_PRAC_PAT_LIST,01/04/2026,C83001,HEART OF LINCOLN HEALTH GROUP,E01003194,ALL,1
GP_PRAC_PAT_LIST,01/04/2026,C83001,HEART OF LINCOLN HEALTH GROUP,E01003353,ALL,1
GP_PRAC_PAT_LIST,01/04/2026,C83001,HEART OF LINCOLN HEALTH GROUP,E01003645,ALL,1
GP_PRAC_PAT_LIST,01/04/2026,C83001,HEART OF LINCOLN HEALTH GROUP,E01003679,ALL,1
GP_PRAC_PAT_LIST,01/04/2026,C83001,HEART OF LINCOLN HEALTH GROUP,E01003753,ALL,1
GP_PRAC_PAT_LIST,01/04/2026,C83001,HEART OF LINCOLN HEALTH GROUP,E01003783,ALL,1
GP_PRAC_PAT_LIST,01/04/2026,C83001,HEART OF LINCOLN HEALTH GROUP,E01003812,ALL,1
GP_PRAC_PAT_LIST,01/04/2026,C83001,HEART OF LINCOLN HEALTH GROUP,E01004172,ALL,1
GP_PRAC_PAT_LIST,01/04/2026,C83001,HEART OF LINCOLN HEALTH GROUP,E01004345,ALL,1
GP_PRAC_PAT_LIST,01/04/2026,C83001,HEART OF LINCOLN HEALTH GROUP,E01004386,ALL,1
GP_PRAC_PAT_LIST,01/04/2026,C83001,HEART OF LINCOLN HEALTH GROUP,E01004955,ALL,1
GP_PRAC_PAT_LIST,01/04/2026,C83001,HEART OF LINCOLN HEALTH GROUP,E01005182,ALL,1
GP_PRAC_PAT_LIST,01/04/2026,C83001,HEART OF LINCOLN HEALTH GROUP,E01005300,ALL,1
GP_PRAC_PAT_LIST,01/04/2026,C83001,HEART OF LINCOLN HEALTH GROUP,E01005317,ALL,1
GP_PRAC_PAT_LIST,01/04/2026,C83001,HEART OF LINCOLN HEALTH GROUP,E01005325,ALL,1
GP_PRAC_PAT_LIST,01/04/2026,C83001,HEART OF LINCOLN HEALTH GROUP,E01006058,ALL,1
GP_PRAC_PAT_LIST,01/04/2026,C83001,HEART OF LINCOLN HEALTH GROUP,E01006544,ALL,1
GP_PRAC_PAT_LIST,01/04/2026,C83001,HEART OF LINCOLN HEALTH GROUP,E01006688,ALL,1
GP_PRAC_PAT_LIST,01/04/2026,C83001,HEART OF LINCOLN HEALTH GROUP,E01006693,ALL,1
GP_PRAC_PAT_LIST,01/04/2026,C83001,HEART OF LINCOLN HEALTH GROUP,E01007125,ALL,1
GP_PRAC_PAT_LIST,01/04/2026,C83001,HEART OF LINCOLN HEALTH GROUP,E01007329,ALL,1
GP_PRAC_PAT_LIST,01/04/2026,C83001,HEART OF LINCOLN HEALTH GROUP,E01007361,ALL,1
GP_PRAC_PAT_LIST,01/04/2026,C83001,HEART OF LINCOLN HEALTH GROUP,E01007368,ALL,1
GP_PRAC_PAT_LIST,01/04/2026,C83001,HEART OF LINCOLN HEALTH GROUP,E01007385,ALL,1
GP_PRAC_PAT_LIST,01/04/2026,C83001,HEART OF LINCOLN HEALTH GROUP,E01007409,ALL,1
GP_PRAC_PAT_LIST,01/04/2026,C83001,HEART OF LINCOLN HEALTH GROUP,E01007410,ALL,1
GP_PRAC_PAT_LIST,01/04/2026,C83001,HEART OF LINCOLN HEALTH GROUP,E01007419,ALL,1
GP_PRAC_PAT_LIST,01/04/2026,C83001,HEART OF LINCOLN HEALTH GROUP,E01007456,ALL,1
GP_PRAC_PAT_LIST,01/04/2026,C83001,HEART OF LINCOLN HEALTH GROUP,E01007469,ALL,1
GP_PRAC_PAT_LIST,01/04/2026,C83001,HEART OF LINCOLN HEALTH GROUP,E01007593,ALL,2
GP_PRAC_PAT_LIST,01/04/2026,C83001,HEART OF LINCOLN HEALTH GROUP,E01007753,ALL,1
GP_PRAC_PAT_LIST,01/04/2026,C83001,HEART OF LINCOLN HEALTH GROUP,E01007796,ALL,1
GP_PRAC_PAT_LIST,01/04/2026,C83001,HEART OF LINCOLN HEALTH GROUP,E01007848,ALL,1
GP_PRAC_PAT_LIST,01/04/2026,C83001,HEART OF LINCOLN HEALTH GROUP,E01007878,ALL,1
GP_PRAC_PAT_LIST,01/04/2026,C83001,HEART OF LINCOLN HEALTH GROUP,E01007879,ALL,1
GP_PRAC_PAT_LIST,01/04/2026,C83001,HEART OF LINCOLN HEALTH GROUP,E01007989,ALL,1
GP_PRAC_PAT_LIST,01/04/2026,C83001,HEART OF LINCOLN HEALTH GROUP,E01008044,ALL,1
GP_PRAC_PAT_LIST,01/04/2026,C83001,HEART OF LINCOLN HEALTH GROUP,E01008087,ALL,1
GP_PRAC_PAT_LIST,01/04/2026,C83001,HEART OF LINCOLN HEALTH GROUP,E01008130,ALL,1
GP_PRAC_PAT_LIST,01/04/2026,C83001,HEART OF LINCOLN HEALTH GROUP,E01008178,ALL,1
GP_PRAC_PAT_LIST,01/04/2026,C83001,HEART OF LINCOLN HEALTH GROUP,E01008507,ALL,1
GP_PRAC_PAT_LIST,01/04/2026,C83001,HEART OF LINCOLN HEALTH GROUP,E01008570,ALL,1
GP_PRAC_PAT_LIST,01/04/2026,C83001,HEART OF LINCOLN HEALTH GROUP,E01009146,ALL,1
GP_PRAC_PAT_LIST,01/04/2026,C83001,HEART OF LINCOLN HEALTH GROUP,E01009416,ALL,1
GP_PRAC_PAT_LIST,01/04/2026,C83001,HEART OF LINCOLN HEALTH GROUP,E01009467,ALL,1
GP_PRAC_PAT_LIST,01/04/2026,C83001,HEART OF LINCOLN HEALTH GROUP,E01009549,ALL,1
GP_PRAC_PAT_LIST,01/04/2026,C83001,HEART OF LINCOLN HEALTH GROUP,E01009567,ALL,1
GP_PRAC_PAT_LIST,01/04/2026,C83001,HEART OF LINCOLN HEALTH GROUP,E01009640,ALL,1
GP_PRAC_PAT_LIST,01/04/2026,C83001,HEART OF LINCOLN HEALTH GROUP,E01009649,ALL,1
GP_PRAC_PAT_LIST,01/04/2026,C83001,HEART OF LINCOLN HEALTH GROUP,E01009682,ALL,1
GP_PRAC_PAT_LIST,01/04/2026,C83001,HEART OF LINCOLN HEALTH GROUP,E01009707,ALL,1
GP_PRAC_PAT_LIST,01/04/2026,C83001,HEART OF LINCOLN HEALTH GROUP,E01009735,ALL,1
GP_PRAC_PAT_LIST,01/04/2026,C83001,HEART OF LINCOLN HEALTH GROUP,E01009943,ALL,1
GP_PRAC_PAT_LIST,01/04/2026,C83001,HEART OF LINCOLN HEALTH GROUP,E01009960,ALL,1
GP_PRAC_PAT_LIST,01/04/2026,C83001,HEART OF LINCOLN HEALTH GROUP,E01010022,ALL,1
GP_PRAC_PAT_LIST,01/04/2026,C83001,HEART OF LINCOLN HEALTH GROUP,E01010048,ALL,1
GP_PRAC_PAT_LIST,01/04/2026,C83001,HEART OF LINCOLN HEALTH GROUP,E01010213,ALL,1
GP_PRAC_PAT_LIST,01/04/2026,C83001,HEART OF LINCOLN HEALTH GROUP,E01010237,ALL,1
GP_PRAC_PAT_LIST,01/04/2026,C83001,HEART OF LINCOLN HEALTH GROUP,E01010330,ALL,1
GP_PRAC_PAT_LIST,01/04/2026,C83001,HEART OF LINCOLN HEALTH GROUP,E01010402,ALL,1
GP_PRAC_PAT_LIST,01/04/2026,C83001,HEART OF LINCOLN HEALTH GROUP,E01010686,ALL,1
GP_PRAC_PAT_LIST,01/04/2026,C83001,HEART OF LINCOLN HEALTH GROUP,E01010859,ALL,1
GP_PRAC_PAT_LIST,01/04/2026,C83001,HEART OF LINCOLN HEALTH GROUP,E01010880,ALL,1
GP_PRAC_PAT_LIST,01/04/2026,C83001,HEART OF LINCOLN HEALTH GROUP,E01011102,ALL,1
GP_PRAC_PAT_LIST,01/04/2026,C83001,HEART OF LINCOLN HEALTH GROUP,E01011177,ALL,1
GP_PRAC_PAT_LIST,01/04/2026,C83001,HEART OF LINCOLN HEALTH GROUP,E01011392,ALL,1
GP_PRAC_PAT_LIST,01/04/2026,C83001,HEART OF LINCOLN HEALTH GROUP,E01011569,ALL,1
GP_PRAC_PAT_LIST,01/04/2026,C83001,HEART OF LINCOLN HEALTH GROUP,E01011787,ALL,1
GP_PRAC_PAT_LIST,01/04/2026,C83001,HEART OF LINCOLN HEALTH GROUP,E01011819,ALL,1
GP_PRAC_PAT_LIST,01/04/2026,C83001,HEART OF LINCOLN HEALTH GROUP,E01012312,ALL,1
GP_PRAC_PAT_LIST,01/04/2026,C83001,HEART OF LINCOLN HEALTH GROUP,E01012767,ALL,1
GP_PRAC_PAT_LIST,01/04/2026,C83001,HEART OF LINCOLN HEALTH GROUP,E01012795,ALL,1
GP_PRAC_PAT_LIST,01/04/2026,C83001,HEART OF LINCOLN HEALTH GROUP,E01012800,ALL,1
GP_PRAC_PAT_LIST,01/04/2026,C83001,HEART OF LINCOLN HEALTH GROUP,E01012825,ALL,1
GP_PRAC_PAT_LIST,01/04/2026,C83001,HEART OF LINCOLN HEALTH GROUP,E01012924,ALL,1
GP_PRAC_PAT_LIST,01/04/2026,C83001,HEART OF LINCOLN HEALTH GROUP,E01012955,ALL,1
GP_PRAC_PAT_LIST,01/04/2026,C83001,HEART OF LINCOLN HEALTH GROUP,E01012985,ALL,1
GP_PRAC_PAT_LIST,01/04/2026,C83001,HEART OF LINCOLN HEALTH GROUP,E01013149,ALL,1
GP_PRAC_PAT_LIST,01/04/2026,C83001,HEART OF LINCOLN HEALTH GROUP,E01013158,ALL,1
GP_PRAC_PAT_LIST,01/04/2026,C83001,HEART OF LINCOLN HEALTH GROUP,E01013164,ALL,1
GP_PRAC_PAT_LIST,01/04/2026,C83001,HEART OF LINCOLN HEALTH GROUP,E01013170,ALL,1
GP_PRAC_PAT_LIST,01/04/2026,C83001,HEART OF LINCOLN HEALTH GROUP,E01013203,ALL,1
GP_PRAC_PAT_LIST,01/04/2026,C83001,HEART OF LINCOLN HEALTH GROUP,E01013228,ALL,2
GP_PRAC_PAT_LIST,01/04/2026,C83001,HEART OF LINCOLN HEALTH GROUP,E01013248,ALL,1
GP_PRAC_PAT_LIST,01/04/2026,C83001,HEART OF LINCOLN HEALTH GROUP,E01013269,ALL,1
GP_PRAC_PAT_LIST,01/04/2026,C83001,HEART OF LINCOLN HEALTH GROUP,E01013272,ALL,1
GP_PRAC_PAT_LIST,01/04/2026,C83001,HEART OF LINCOLN HEALTH GROUP,E01013279,ALL,1
GP_PRAC_PAT_LIST,01/04/2026,C83001,HEART OF LINCOLN HEALTH GROUP,E01013307,ALL,1
GP_PRAC_PAT_LIST,01/04/2026,C83001,HEART OF LINCOLN HEALTH GROUP,E01013322,ALL,1
GP_PRAC_PAT_LIST,01/04/2026,C83001,HEART OF LINCOLN HEALTH GROUP,E01013485,ALL,1
GP_PRAC_PAT_LIST,01/04/2026,C83001,HEART OF LINCOLN HEALTH GROUP,E01013509,ALL,1
GP_PRAC_PAT_LIST,01/04/2026,C83001,HEART OF LINCOLN HEALTH GROUP,E01013511,ALL,1
GP_PRAC_PAT_LIST,01/04/2026,C83001,HEART OF LINCOLN HEALTH GROUP,E01013515,ALL,1
GP_PRAC_PAT_LIST,01/04/2026,C83001,HEART OF LINCOLN HEALTH GROUP,E01013519,ALL,1
GP_PRAC_PAT_LIST,01/04/2026,C83001,HEART OF LINCOLN HEALTH GROUP,E01013524,ALL,1
GP_PRAC_PAT_LIST,01/04/2026,C83001,HEART OF LINCOLN HEALTH GROUP,E01013557,ALL,1
GP_PRAC_PAT_LIST,01/04/2026,C83001,HEART OF LINCOLN HEALTH GROUP,E01013632,ALL,1
GP_PRAC_PAT_LIST,01/04/2026,C83001,HEART OF LINCOLN HEALTH GROUP,E01013681,ALL,1
GP_PRAC_PAT_LIST,01/04/2026,C83001,HEART OF LINCOLN HEALTH GROUP,E01013703,ALL,1
GP_PRAC_PAT_LIST,01/04/2026,C83001,HEART OF LINCOLN HEALTH GROUP,E01013947,ALL,1
GP_PRAC_PAT_LIST,01/04/2026,C83001,HEART OF LINCOLN HEALTH GROUP,E01013983,ALL,1
GP_PRAC_PAT_LIST,01/04/2026,C83001,HEART OF LINCOLN HEALTH GROUP,E01014096,ALL,1
GP_PRAC_PAT_LIST,01/04/2026,C83001,HEART OF LINCOLN HEALTH GROUP,E01014481,ALL,1
GP_PRAC_PAT_LIST,01/04/2026,C83001,HEART OF LINCOLN HEALTH GROUP,E01015599,ALL,1
GP_PRAC_PAT_LIST,01/04/2026,C83001,HEART OF LINCOLN HEALTH GROUP,E01015650,ALL,1
GP_PRAC_PAT_LIST,01/04/2026,C83001,HEART OF LINCOLN HEALTH GROUP,E01015661,ALL,1
GP_PRAC_PAT_LIST,01/04/2026,C83001,HEART OF LINCOLN HEALTH GROUP,E01015669,ALL,1
GP_PRAC_PAT_LIST,01/04/2026,C83001,HEART OF LINCOLN HEALTH GROUP,E01015806,ALL,1
GP_PRAC_PAT_LIST,01/04/2026,C83001,HEART OF LINCOLN HEALTH GROUP,E01015859,ALL,1
GP_PRAC_PAT_LIST,01/04/2026,C83001,HEART OF LINCOLN HEALTH GROUP,E01015970,ALL,1
GP_PRAC_PAT_LIST,01/04/2026,C83001,HEART OF LINCOLN HEALTH GROUP,E01016054,ALL,1
GP_PRAC_PAT_LIST,01/04/2026,C83001,HEART OF LINCOLN HEALTH GROUP,E01016164,ALL,1
GP_PRAC_PAT_LIST,01/04/2026,C83001,HEART OF LINCOLN HEALTH GROUP,E01016365,ALL,1
GP_PRAC_PAT_LIST,01/04/2026,C83001,HEART OF LINCOLN HEALTH GROUP,E01016379,ALL,1
GP_PRAC_PAT_LIST,01/04/2026,C83001,HEART OF LINCOLN HEALTH GROUP,E01016403,ALL,2
GP_PRAC_PAT_LIST,01/04/2026,C83001,HEART OF LINCOLN HEALTH GROUP,E01016605,ALL,1
GP_PRAC_PAT_LIST,01/04/2026,C83001,HEART OF LINCOLN HEALTH GROUP,E01016710,ALL,1
GP_PRAC_PAT_LIST,01/04/2026,C83001,HEART OF LINCOLN HEALTH GROUP,E01016714,ALL,1
GP_PRAC_PAT_LIST,01/04/2026,C83001,HEART OF LINCOLN HEALTH GROUP,E01016724,ALL,1
GP_PRAC_PAT_LIST,01/04/2026,C83001,HEART OF LINCOLN HEALTH GROUP,E01016774,ALL,1
GP_PRAC_PAT_LIST,01/04/2026,C83001,HEART OF LINCOLN HEALTH GROUP,E01016890,ALL,1
GP_PRAC_PAT_LIST,01/04/2026,C83001,HEART OF LINCOLN HEALTH GROUP,E01017324,ALL,1
GP_PRAC_PAT_LIST,01/04/2026,C83001,HEART OF LINCOLN HEALTH GROUP,E01017444,ALL,1
GP_PRAC_PAT_LIST,01/04/2026,C83001,HEART OF LINCOLN HEALTH GROUP,E01017478,ALL,1
GP_PRAC_PAT_LIST,01/04/2026,C83001,HEART OF LINCOLN HEALTH GROUP,E01017606,ALL,1
GP_PRAC_PAT_LIST,01/04/2026,C83001,HEART OF LINCOLN HEALTH GROUP,E01017613,ALL,1
GP_PRAC_PAT_LIST,01/04/2026,C83001,HEART OF LINCOLN HEALTH GROUP,E01017623,ALL,1
GP_PRAC_PAT_LIST,01/04/2026,C83001,HEART OF LINCOLN HEALTH GROUP,E01017827,ALL,1
GP_PRAC_PAT_LIST,01/04/2026,C83001,HEART OF LINCOLN HEALTH GROUP,E01017963,ALL,1
GP_PRAC_PAT_LIST,01/04/2026,C83001,HEART OF LINCOLN HEALTH GROUP,E01018013,ALL,1
GP_PRAC_PAT_LIST,01/04/2026,C83001,HEART OF LINCOLN HEALTH GROUP,E01018021,ALL,1
GP_PRAC_PAT_LIST,01/04/2026,C83001,HEART OF LINCOLN HEALTH GROUP,E01018039,ALL,1
GP_PRAC_PAT_LIST,01/04/2026,C83001,HEART OF LINCOLN HEALTH GROUP,E01018054,ALL,1
GP_PRAC_PAT_LIST,01/04/2026,C83001,HEART OF LINCOLN HEALTH GROUP,E01018080,ALL,1
GP_PRAC_PAT_LIST,01/04/2026,C83001,HEART OF LINCOLN HEALTH GROUP,E01018115,ALL,1
GP_PRAC_PAT_LIST,01/04/2026,C83001,HEART OF LINCOLN HEALTH GROUP,E01018137,ALL,1
GP_PRAC_PAT_LIST,01/04/2026,C83001,HEART OF LINCOLN HEALTH GROUP,E01018143,ALL,1
GP_PRAC_PAT_LIST,01/04/2026,C83001,HEART OF LINCOLN HEALTH GROUP,E01018144,ALL,1
GP_PRAC_PAT_LIST,01/04/2026,C83001,HEART OF LINCOLN HEALTH GROUP,E01018146,ALL,1
GP_PRAC_PAT_LIST,01/04/2026,C83001,HEART OF LINCOLN HEALTH GROUP,E01018160,ALL,1
GP_PRAC_PAT_LIST,01/04/2026,C83001,HEART OF LINCOLN HEALTH GROUP,E01018168,ALL,1
GP_PRAC_PAT_LIST,01/04/2026,C83001,HEART OF LINCOLN HEALTH GROUP,E01018214,ALL,1
GP_PRAC_PAT_LIST,01/04/2026,C83001,HEART OF LINCOLN HEALTH GROUP,E01018232,ALL,1
GP_PRAC_PAT_LIST,01/04/2026,C83001,HEART OF LINCOLN HEALTH GROUP,E01018264,ALL,1
GP_PRAC_PAT_LIST,01/04/2026,C83001,HEART OF LINCOLN HEALTH GROUP,E01018273,ALL,1
GP_PRAC_PAT_LIST,01/04/2026,C83001,HEART OF LINCOLN HEALTH GROUP,E01018283,ALL,1
GP_PRAC_PAT_LIST,01/04/2026,C83001,HEART OF LINCOLN HEALTH GROUP,E01018290,ALL,1
GP_PRAC_PAT_LIST,01/04/2026,C83001,HEART OF LINCOLN HEALTH GROUP,E01018334,ALL,1
GP_PRAC_PAT_LIST,01/04/2026,C83001,HEART OF LINCOLN HEALTH GROUP,E01018338,ALL,1
GP_PRAC_PAT_LIST,01/04/2026,C83001,HEART OF LINCOLN HEALTH GROUP,E01018340,ALL,1
GP_PRAC_PAT_LIST,01/04/2026,C83001,HEART OF LINCOLN HEALTH GROUP,E01018399,ALL,1
GP_PRAC_PAT_LIST,01/04/2026,C83001,HEART OF LINCOLN HEALTH GROUP,E01018541,ALL,1
GP_PRAC_PAT_LIST,01/04/2026,C83001,HEART OF LINCOLN HEALTH GROUP,E01019270,ALL,1
GP_PRAC_PAT_LIST,01/04/2026,C83001,HEART OF LINCOLN HEALTH GROUP,E01019392,ALL,1
GP_PRAC_PAT_LIST,01/04/2026,C83001,HEART OF LINCOLN HEALTH GROUP,E01019483,ALL,1
GP_PRAC_PAT_LIST,01/04/2026,C83001,HEART OF LINCOLN HEALTH GROUP,E01019495,ALL,1
GP_PRAC_PAT_LIST,01/04/2026,C83001,HEART OF LINCOLN HEALTH GROUP,E01019522,ALL,1
GP_PRAC_PAT_LIST,01/04/2026,C83001,HEART OF LINCOLN HEALTH GROUP,E01019524,ALL,1
GP_PRAC_PAT_LIST,01/04/2026,C83001,HEART OF LINCOLN HEALTH GROUP,E01019557,ALL,1
GP_PRAC_PAT_LIST,01/04/2026,C83001,HEART OF LINCOLN HEALTH GROUP,E01019581,ALL,1
GP_PRAC_PAT_LIST,01/04/2026,C83001,HEART OF LINCOLN HEALTH GROUP,E01019592,ALL,1
GP_PRAC_PAT_LIST,01/04/2026,C83001,HEART OF LINCOLN HEALTH GROUP,E01019614,ALL,1
GP_PRAC_PAT_LIST,01/04/2026,C83001,HEART OF LINCOLN HEALTH GROUP,E01019700,ALL,1
GP_PRAC_PAT_LIST,01/04/2026,C83001,HEART OF LINCOLN HEALTH GROUP,E01019724,ALL,1
GP_PRAC_PAT_LIST,01/04/2026,C83001,HEART OF LINCOLN HEALTH GROUP,E01019783,ALL,1
GP_PRAC_PAT_LIST,01/04/2026,C83001,HEART OF LINCOLN HEALTH GROUP,E01019968,ALL,1
GP_PRAC_PAT_LIST,01/04/2026,C83001,HEART OF LINCOLN HEALTH GROUP,E01020189,ALL,1
GP_PRAC_PAT_LIST,01/04/2026,C83001,HEART OF LINCOLN HEALTH GROUP,E01020708,ALL,1
GP_PRAC_PAT_LIST,01/04/2026,C83001,HEART OF LINCOLN HEALTH GROUP,E01020863,ALL,1
GP_PRAC_PAT_LIST,01/04/2026,C83001,HEART OF LINCOLN HEALTH GROUP,E01021055,ALL,1
GP_PRAC_PAT_LIST,01/04/2026,C83001,HEART OF LINCOLN HEALTH GROUP,E01021115,ALL,1
GP_PRAC_PAT_LIST,01/04/2026,C83001,HEART OF LINCOLN HEALTH GROUP,E01021467,ALL,1
GP_PRAC_PAT_LIST,01/04/2026,C83001,HEART OF LINCOLN HEALTH GROUP,E01021588,ALL,1
GP_PRAC_PAT_LIST,01/04/2026,C83001,HEART OF LINCOLN HEALTH GROUP,E01021643,ALL,1
GP_PRAC_PAT_LIST,01/04/2026,C83001,HEART OF LINCOLN HEALTH GROUP,E01021721,ALL,1
GP_PRAC_PAT_LIST,01/04/2026,C83001,HEART OF LINCOLN HEALTH GROUP,E01021965,ALL,1
GP_PRAC_PAT_LIST,01/04/2026,C83001,HEART OF LINCOLN HEALTH GROUP,E01022014,ALL,1
GP_PRAC_PAT_LIST,01/04/2026,C83001,HEART OF LINCOLN HEALTH GROUP,E01022022,ALL,1
GP_PRAC_PAT_LIST,01/04/2026,C83001,HEART OF LINCOLN HEALTH GROUP,E01022071,ALL,1
GP_PRAC_PAT_LIST,01/04/2026,C83001,HEART OF LINCOLN HEALTH GROUP,E01022094,ALL,1
GP_PRAC_PAT_LIST,01/04/2026,C83001,HEART OF LINCOLN HEALTH GROUP,E01022137,ALL,1
GP_PRAC_PAT_LIST,01/04/2026,C83001,HEART OF LINCOLN HEALTH GROUP,E01023240,ALL,1
GP_PRAC_PAT_LIST,01/04/2026,C83001,HEART OF LINCOLN HEALTH GROUP,E01023339,ALL,1
GP_PRAC_PAT_LIST,01/04/2026,C83001,HEART OF LINCOLN HEALTH GROUP,E01023503,ALL,1
GP_PRAC_PAT_LIST,01/04/2026,C83001,HEART OF LINCOLN HEALTH GROUP,E01023541,ALL,1
GP_PRAC_PAT_LIST,01/04/2026,C83001,HEART OF LINCOLN HEALTH GROUP,E01023577,ALL,1
GP_PRAC_PAT_LIST,01/04/2026,C83001,HEART OF LINCOLN HEALTH GROUP,E01023588,ALL,1
GP_PRAC_PAT_LIST,01/04/2026,C83001,HEART OF LINCOLN HEALTH GROUP,E01023617,ALL,1
GP_PRAC_PAT_LIST,01/04/2026,C83001,HEART OF LINCOLN HEALTH GROUP,E01023649,ALL,1
GP_PRAC_PAT_LIST,01/04/2026,C83001,HEART OF LINCOLN HEALTH GROUP,E01023657,ALL,1
GP_PRAC_PAT_LIST,01/04/2026,C83001,HEART OF LINCOLN HEALTH GROUP,E01023695,ALL,1
GP_PRAC_PAT_LIST,01/04/2026,C83001,HEART OF LINCOLN HEALTH GROUP,E01024057,ALL,1
GP_PRAC_PAT_LIST,01/04/2026,C83001,HEART OF LINCOLN HEALTH GROUP,E01024157,ALL,1
GP_PRAC_PAT_LIST,01/04/2026,C83001,HEART OF LINCOLN HEALTH GROUP,E01024382,ALL,1
GP_PRAC_PAT_LIST,01/04/2026,C83001,HEART OF LINCOLN HEALTH GROUP,E01024605,ALL,1
GP_PRAC_PAT_LIST,01/04/2026,C83001,HEART OF LINCOLN HEALTH GROUP,E01024723,ALL,1
GP_PRAC_PAT_LIST,01/04/2026,C83001,HEART OF LINCOLN HEALTH GROUP,E01024834,ALL,1
GP_PRAC_PAT_LIST,01/04/2026,C83001,HEART OF LINCOLN HEALTH GROUP,E01025446,ALL,1
GP_PRAC_PAT_LIST,01/04/2026,C83001,HEART OF LINCOLN HEALTH GROUP,E01025649,ALL,1
GP_PRAC_PAT_LIST,01/04/2026,C83001,HEART OF LINCOLN HEALTH GROUP,E01025681,ALL,1
GP_PRAC_PAT_LIST,01/04/2026,C83001,HEART OF LINCOLN HEALTH GROUP,E01025699,ALL,1
GP_PRAC_PAT_LIST,01/04/2026,C83001,HEART OF LINCOLN HEALTH GROUP,E01025701,ALL,1
GP_PRAC_PAT_LIST,01/04/2026,C83001,HEART OF LINCOLN HEALTH GROUP,E01025715,ALL,1
GP_PRAC_PAT_LIST,01/04/2026,C83001,HEART OF LINCOLN HEALTH GROUP,E01025728,ALL,1
GP_PRAC_PAT_LIST,01/04/2026,C83001,HEART OF LINCOLN HEALTH GROUP,E01025776,ALL,1
GP_PRAC_PAT_LIST,01/04/2026,C83001,HEART OF LINCOLN HEALTH GROUP,E01025783,ALL,1
GP_PRAC_PAT_LIST,01/04/2026,C83001,HEART OF LINCOLN HEALTH GROUP,E01025786,ALL,1
GP_PRAC_PAT_LIST,01/04/2026,C83001,HEART OF LINCOLN HEALTH GROUP,E01025819,ALL,1
GP_PRAC_PAT_LIST,01/04/2026,C83001,HEART OF LINCOLN HEALTH GROUP,E01025823,ALL,1
GP_PRAC_PAT_LIST,01/04/2026,C83001,HEART OF LINCOLN HEALTH GROUP,E01025829,ALL,1
GP_PRAC_PAT_LIST,01/04/2026,C83001,HEART OF LINCOLN HEALTH GROUP,E01025846,ALL,1
GP_PRAC_PAT_LIST,01/04/2026,C83001,HEART OF LINCOLN HEALTH GROUP,E01025926,ALL,1
GP_PRAC_PAT_LIST,01/04/2026,C83001,HEART OF LINCOLN HEALTH GROUP,E01025943,ALL,1
GP_PRAC_PAT_LIST,01/04/2026,C83001,HEART OF LINCOLN HEALTH GROUP,E01025956,ALL,1
GP_PRAC_PAT_LIST,01/04/2026,C83001,HEART OF LINCOLN HEALTH GROUP,E01026007,ALL,1
GP_PRAC_PAT_LIST,01/04/2026,C83001,HEART OF LINCOLN HEALTH GROUP,E01026013,ALL,1
GP_PRAC_PAT_LIST,01/04/2026,C83001,HEART OF LINCOLN HEALTH GROUP,E01026032,ALL,1
GP_PRAC_PAT_LIST,01/04/2026,C83001,HEART OF LINCOLN HEALTH GROUP,E01026035,ALL,1
GP_PRAC_PAT_LIST,01/04/2026,C83001,HEART OF LINCOLN HEALTH GROUP,E01026042,ALL,1
GP_PRAC_PAT_LIST,01/04/2026,C83001,HEART OF LINCOLN HEALTH GROUP,E01026052,ALL,1
GP_PRAC_PAT_LIST,01/04/2026,C83001,HEART OF LINCOLN HEALTH GROUP,E01026053,ALL,1
GP_PRAC_PAT_LIST,01/04/2026,C83001,HEART OF LINCOLN HEALTH GROUP,E01026054,ALL,1
GP_PRAC_PAT_LIST,01/04/2026,C83001,HEART OF LINCOLN HEALTH GROUP,E01026061,ALL,1
GP_PRAC_PAT_LIST,01/04/2026,C83001,HEART OF LINCOLN HEALTH GROUP,E01026078,ALL,1
GP_PRAC_PAT_LIST,01/04/2026,C83001,HEART OF LINCOLN HEALTH GROUP,E01026081,ALL,1
GP_PRAC_PAT_LIST,01/04/2026,C83001,HEART OF LINCOLN HEALTH GROUP,E01026083,ALL,1
GP_PRAC_PAT_LIST,01/04/2026,C83001,HEART OF LINCOLN HEALTH GROUP,E01026094,ALL,1
GP_PRAC_PAT_LIST,01/04/2026,C83001,HEART OF LINCOLN HEALTH GROUP,E01026099,ALL,1
GP_PRAC_PAT_LIST,01/04/2026,C83001,HEART OF LINCOLN HEALTH GROUP,E01026103,ALL,1
GP_PRAC_PAT_LIST,01/04/2026,C83001,HEART OF LINCOLN HEALTH GROUP,E01026107,ALL,1
GP_PRAC_PAT_LIST,01/04/2026,C83001,HEART OF LINCOLN HEALTH GROUP,E01026112,ALL,2
GP_PRAC_PAT_LIST,01/04/2026,C83001,HEART OF LINCOLN HEALTH GROUP,E01026113,ALL,1
GP_PRAC_PAT_LIST,01/04/2026,C83001,HEART OF LINCOLN HEALTH GROUP,E01026121,ALL,1
GP_PRAC_PAT_LIST,01/04/2026,C83001,HEART OF LINCOLN HEALTH GROUP,E01026122,ALL,442
GP_PRAC_PAT_LIST,01/04/2026,C83001,HEART OF LINCOLN HEALTH GROUP,E01026123,ALL,221
GP_PRAC_PAT_LIST,01/04/2026,C83001,HEART OF LINCOLN HEALTH GROUP,E01026124,ALL,269
GP_PRAC_PAT_LIST,01/04/2026,C83001,HEART OF LINCOLN HEALTH GROUP,E01026125,ALL,93
GP_PRAC_PAT_LIST,01/04/2026,C83001,HEART OF LINCOLN HEALTH GROUP,E01026126,ALL,421
GP_PRAC_PAT_LIST,01/04/2026,C83001,HEART OF LINCOLN HEALTH GROUP,E01026127,ALL,41
GP_PRAC_PAT_LIST,01/04/2026,C83001,HEART OF LINCOLN HEALTH GROUP,E01026129,ALL,29
GP_PRAC_PAT_LIST,01/04/2026,C83001,HEART OF LINCOLN HEALTH GROUP,E01026130,ALL,32
GP_PRAC_PAT_LIST,01/04/2026,C83001,HEART OF LINCOLN HEALTH GROUP,E01026131,ALL,35
GP_PRAC_PAT_LIST,01/04/2026,C83001,HEART OF LINCOLN HEALTH GROUP,E01026132,ALL,2984
GP_PRAC_PAT_LIST,01/04/2026,C83001,HEART OF LINCOLN HEALTH GROUP,E01026134,ALL,899
GP_PRAC_PAT_LIST,01/04/2026,C83001,HEART OF LINCOLN HEALTH GROUP,E01026135,ALL,143
GP_PRAC_PAT_LIST,01/04/2026,C83001,HEART OF LINCOLN HEALTH GROUP,E01026136,ALL,138
GP_PRAC_PAT_LIST,01/04/2026,C83001,HEART OF LINCOLN HEALTH GROUP,E01026137,ALL,172
GP_PRAC_PAT_LIST,01/04/2026,C83001,HEART OF LINCOLN HEALTH GROUP,E01026138,ALL,163
GP_PRAC_PAT_LIST,01/04/2026,C83001,HEART OF LINCOLN HEALTH GROUP,E01026139,ALL,507
GP_PRAC_PAT_LIST,01/04/2026,C83001,HEART OF LINCOLN HEALTH GROUP,E01026140,ALL,160
GP_PRAC_PAT_LIST,01/04/2026,C83001,HEART OF LINCOLN HEALTH GROUP,E01026141,ALL,840
GP_PRAC_PAT_LIST,01/04/2026,C83001,HEART OF LINCOLN HEALTH GROUP,E01026142,ALL,310
GP_PRAC_PAT_LIST,01/04/2026,C83001,HEART OF LINCOLN HEALTH GROUP,E01026144,ALL,563
GP_PRAC_PAT_LIST,01/04/2026,C83001,HEART OF LINCOLN HEALTH GROUP,E01026145,ALL,287
GP_PRAC_PAT_LIST,01/04/2026,C83001,HEART OF LINCOLN HEALTH GROUP,E01026146,ALL,816
GP_PRAC_PAT_LIST,01/04/2026,C83001,HEART OF LINCOLN HEALTH GROUP,E01026147,ALL,175
GP_PRAC_PAT_LIST,01/04/2026,C83001,HEART OF LINCOLN HEALTH GROUP,E01026148,ALL,121
GP_PRAC_PAT_LIST,01/04/2026,C83001,HEART OF LINCOLN HEALTH GROUP,E01026149,ALL,103
GP_PRAC_PAT_LIST,01/04/2026,C83001,HEART OF LINCOLN HEALTH GROUP,E01026150,ALL,125
GP_PRAC_PAT_LIST,01/04/2026,C83001,HEART OF LINCOLN HEALTH GROUP,E01026151,ALL,100
GP_PRAC_PAT_LIST,01/04/2026,C83001,HEART OF LINCOLN HEALTH GROUP,E01026152,ALL,75
GP_PRAC_PAT_LIST,01/04/2026,C83001,HEART OF LINCOLN HEALTH GROUP,E01026153,ALL,73
GP_PRAC_PAT_LIST,01/04/2026,C83001,HEART OF LINCOLN HEALTH GROUP,E01026154,ALL,64
GP_PRAC_PAT_LIST,01/04/2026,C83001,HEART OF LINCOLN HEALTH GROUP,E01026155,ALL,23
GP_PRAC_PAT_LIST,01/04/2026,C83001,HEART OF LINCOLN HEALTH GROUP,E01026156,ALL,47
GP_PRAC_PAT_LIST,01/04/2026,C83001,HEART OF LINCOLN HEALTH GROUP,E01026157,ALL,55
GP_PRAC_PAT_LIST,01/04/2026,C83001,HEART OF LINCOLN HEALTH GROUP,E01026158,ALL,47
GP_PRAC_PAT_LIST,01/04/2026,C83001,HEART OF LINCOLN HEALTH GROUP,E01026159,ALL,58
GP_PRAC_PAT_LIST,01/04/2026,C83001,HEART OF LINCOLN HEALTH GROUP,E01026160,ALL,31
GP_PRAC_PAT_LIST,01/04/2026,C83001,HEART OF LINCOLN HEALTH GROUP,E01026161,ALL,135
GP_PRAC_PAT_LIST,01/04/2026,C83001,HEART OF LINCOLN HEALTH GROUP,E01026162,ALL,152
GP_PRAC_PAT_LIST,01/04/2026,C83001,HEART OF LINCOLN HEALTH GROUP,E01026163,ALL,76
GP_PRAC_PAT_LIST,01/04/2026,C83001,HEART OF LINCOLN HEALTH GROUP,E01026164,ALL,33
GP_PRAC_PAT_LIST,01/04/2026,C83001,HEART OF LINCOLN HEALTH GROUP,E01026165,ALL,65
GP_PRAC_PAT_LIST,01/04/2026,C83001,HEART OF LINCOLN HEALTH GROUP,E01026166,ALL,60
GP_PRAC_PAT_LIST,01/04/2026,C83001,HEART OF LINCOLN HEALTH GROUP,E01026167,ALL,123
GP_PRAC_PAT_LIST,01/04/2026,C83001,HEART OF LINCOLN HEALTH GROUP,E01026168,ALL,92
GP_PRAC_PAT_LIST,01/04/2026,C83001,HEART OF LINCOLN HEALTH GROUP,E01026169,ALL,661
GP_PRAC_PAT_LIST,01/04/2026,C83001,HEART OF LINCOLN HEALTH GROUP,E01026170,ALL,664
GP_PRAC_PAT_LIST,01/04/2026,C83001,HEART OF LINCOLN HEALTH GROUP,E01026171,ALL,577
GP_PRAC_PAT_LIST,01/04/2026,C83001,HEART OF LINCOLN HEALTH GROUP,E01026172,ALL,198
GP_PRAC_PAT_LIST,01/04/2026,C83001,HEART OF LINCOLN HEALTH GROUP,E01026173,ALL,205
GP_PRAC_PAT_LIST,01/04/2026,C83001,HEART OF LINCOLN HEALTH GROUP,E01026174,ALL,592
GP_PRAC_PAT_LIST,01/04/2026,C83001,HEART OF LINCOLN HEALTH GROUP,E01026175,ALL,819
GP_PRAC_PAT_LIST,01/04/2026,C83001,HEART OF LINCOLN HEALTH GROUP,E01026176,ALL,1937
GP_PRAC_PAT_LIST,01/04/2026,C83001,HEART OF LINCOLN HEALTH GROUP,E01026177,ALL,2229
GP_PRAC_PAT_LIST,01/04/2026,C83001,HEART OF LINCOLN HEALTH GROUP,E01026178,ALL,1423
GP_PRAC_PAT_LIST,01/04/2026,C83001,HEART OF LINCOLN HEALTH GROUP,E01026179,ALL,1
GP_PRAC_PAT_LIST,01/04/2026,C83001,HEART OF LINCOLN HEALTH GROUP,E01026180,ALL,6
GP_PRAC_PAT_LIST,01/04/2026,C83001,HEART OF LINCOLN HEALTH GROUP,E01026182,ALL,1
GP_PRAC_PAT_LIST,01/04/2026,C83001,HEART OF LINCOLN HEALTH GROUP,E01026183,ALL,1
GP_PRAC_PAT_LIST,01/04/2026,C83001,HEART OF LINCOLN HEALTH GROUP,E01026184,ALL,15
GP_PRAC_PAT_LIST,01/04/2026,C83001,HEART OF LINCOLN HEALTH GROUP,E01026185,ALL,28
GP_PRAC_PAT_LIST,01/04/2026,C83001,HEART OF LINCOLN HEALTH GROUP,E01026186,ALL,32
GP_PRAC_PAT_LIST,01/04/2026,C83001,HEART OF LINCOLN HEALTH GROUP,E01026187,ALL,34
GP_PRAC_PAT_LIST,01/04/2026,C83001,HEART OF LINCOLN HEALTH GROUP,E01026188,ALL,46
GP_PRAC_PAT_LIST,01/04/2026,C83001,HEART OF LINCOLN HEALTH GROUP,E01026189,ALL,5
GP_PRAC_PAT_LIST,01/04/2026,C83001,HEART OF LINCOLN HEALTH GROUP,E01026190,ALL,5
GP_PRAC_PAT_LIST,01/04/2026,C83001,HEART OF LINCOLN HEALTH GROUP,E01026191,ALL,12
GP_PRAC_PAT_LIST,01/04/2026,C83001,HEART OF LINCOLN HEALTH GROUP,E01026192,ALL,2
GP_PRAC_PAT_LIST,01/04/2026,C83001,HEART OF LINCOLN HEALTH GROUP,E01026193,ALL,2
GP_PRAC_PAT_LIST,01/04/2026,C83001,HEART OF LINCOLN HEALTH GROUP,E01026194,ALL,2
GP_PRAC_PAT_LIST,01/04/2026,C83001,HEART OF LINCOLN HEALTH GROUP,E01026195,ALL,5
GP_PRAC_PAT_LIST,01/04/2026,C83001,HEART OF LINCOLN HEALTH GROUP,E01026196,ALL,2
GP_PRAC_PAT_LIST,01/04/2026,C83001,HEART OF LINCOLN HEALTH GROUP,E01026199,ALL,23
GP_PRAC_PAT_LIST,01/04/2026,C83001,HEART OF LINCOLN HEALTH GROUP,E01026203,ALL,38
GP_PRAC_PAT_LIST,01/04/2026,C83001,HEART OF LINCOLN HEALTH GROUP,E01026204,ALL,2
GP_PRAC_PAT_LIST,01/04/2026,C83001,HEART OF LINCOLN HEALTH GROUP,E01026205,ALL,5
GP_PRAC_PAT_LIST,01/04/2026,C83001,HEART OF LINCOLN HEALTH GROUP,E01026206,ALL,5
GP_PRAC_PAT_LIST,01/04/2026,C83001,HEART OF LINCOLN HEALTH GROUP,E01026210,ALL,2
GP_PRAC_PAT_LIST,01/04/2026,C83001,HEART OF LINCOLN HEALTH GROUP,E01026211,ALL,2
GP_PRAC_PAT_LIST,01/04/2026,C83001,HEART OF LINCOLN HEALTH GROUP,E01026212,ALL,6
GP_PRAC_PAT_LIST,01/04/2026,C83001,HEART OF LINCOLN HEALTH GROUP,E01026213,ALL,1
GP_PRAC_PAT_LIST,01/04/2026,C83001,HEART OF LINCOLN HEALTH GROUP,E01026214,ALL,218
GP_PRAC_PAT_LIST,01/04/2026,C83001,HEART OF LINCOLN HEALTH GROUP,E01026215,ALL,289
GP_PRAC_PAT_LIST,01/04/2026,C83001,HEART OF LINCOLN HEALTH GROUP,E01026218,ALL,91
GP_PRAC_PAT_LIST,01/04/2026,C83001,HEART OF LINCOLN HEALTH GROUP,E01026219,ALL,153
GP_PRAC_PAT_LIST,01/04/2026,C83001,HEART OF LINCOLN HEALTH GROUP,E01026220,ALL,300
GP_PRAC_PAT_LIST,01/04/2026,C83001,HEART OF LINCOLN HEALTH GROUP,E01026223,ALL,1
GP_PRAC_PAT_LIST,01/04/2026,C83001,HEART OF LINCOLN HEALTH GROUP,E01026224,ALL,1
GP_PRAC_PAT_LIST,01/04/2026,C83001,HEART OF LINCOLN HEALTH GROUP,E01026225,ALL,24
GP_PRAC_PAT_LIST,01/04/2026,C83001,HEART OF LINCOLN HEALTH GROUP,E01026226,ALL,11
GP_PRAC_PAT_LIST,01/04/2026,C83001,HEART OF LINCOLN HEALTH GROUP,E01026229,ALL,1
GP_PRAC_PAT_LIST,01/04/2026,C83001,HEART OF LINCOLN HEALTH GROUP,E01026232,ALL,1
GP_PRAC_PAT_LIST,01/04/2026,C83001,HEART OF LINCOLN HEALTH GROUP,E01026235,ALL,1
GP_PRAC_PAT_LIST,01/04/2026,C83001,HEART OF LINCOLN HEALTH GROUP,E01026237,ALL,92
GP_PRAC_PAT_LIST,01/04/2026,C83001,HEART OF LINCOLN HEALTH GROUP,E01026238,ALL,84
GP_PRAC_PAT_LIST,01/04/2026,C83001,HEART OF LINCOLN HEALTH GROUP,E01026262,ALL,1
GP_PRAC_PAT_LIST,01/04/2026,C83001,HEART OF LINCOLN HEALTH GROUP,E01026282,ALL,1
GP_PRAC_PAT_LIST,01/04/2026,C83001,HEART OF LINCOLN HEALTH GROUP,E01026283,ALL,1
GP_PRAC_PAT_LIST,01/04/2026,C83001,HEART OF LINCOLN HEALTH GROUP,E01026300,ALL,1
GP_PRAC_PAT_LIST,01/04/2026,C83001,HEART OF LINCOLN HEALTH GROUP,E01026311,ALL,1
GP_PRAC_PAT_LIST,01/04/2026,C83001,HEART OF LINCOLN HEALTH GROUP,E01026318,ALL,1
GP_PRAC_PAT_LIST,01/04/2026,C83001,HEART OF LINCOLN HEALTH GROUP,E01026319,ALL,2
GP_PRAC_PAT_LIST,01/04/2026,C83001,HEART OF LINCOLN HEALTH GROUP,E01026324,ALL,1
GP_PRAC_PAT_LIST,01/04/2026,C83001,HEART OF LINCOLN HEALTH GROUP,E01026333,ALL,1
GP_PRAC_PAT_LIST,01/04/2026,C83001,HEART OF LINCOLN HEALTH GROUP,E01026366,ALL,6
GP_PRAC_PAT_LIST,01/04/2026,C83001,HEART OF LINCOLN HEALTH GROUP,E01026368,ALL,2
GP_PRAC_PAT_LIST,01/04/2026,C83001,HEART OF LINCOLN HEALTH GROUP,E01026369,ALL,5
GP_PRAC_PAT_LIST,01/04/2026,C83001,HEART OF LINCOLN HEALTH GROUP,E01026370,ALL,24
GP_PRAC_PAT_LIST,01/04/2026,C83001,HEART OF LINCOLN HEALTH GROUP,E01026371,ALL,8
GP_PRAC_PAT_LIST,01/04/2026,C83001,HEART OF LINCOLN HEALTH GROUP,E01026372,ALL,3
GP_PRAC_PAT_LIST,01/04/2026,C83001,HEART OF LINCOLN HEALTH GROUP,E01026373,ALL,12
GP_PRAC_PAT_LIST,01/04/2026,C83001,HEART OF LINCOLN HEALTH GROUP,E01026374,ALL,1
GP_PRAC_PAT_LIST,01/04/2026,C83001,HEART OF LINCOLN HEALTH GROUP,E01026375,ALL,2
GP_PRAC_PAT_LIST,01/04/2026,C83001,HEART OF LINCOLN HEALTH GROUP,E01026376,ALL,1
GP_PRAC_PAT_LIST,01/04/2026,C83001,HEART OF LINCOLN HEALTH GROUP,E01026377,ALL,3
GP_PRAC_PAT_LIST,01/04/2026,C83001,HEART OF LINCOLN HEALTH GROUP,E01026380,ALL,1
GP_PRAC_PAT_LIST,01/04/2026,C83001,HEART OF LINCOLN HEALTH GROUP,E01026382,ALL,2
GP_PRAC_PAT_LIST,01/04/2026,C83001,HEART OF LINCOLN HEALTH GROUP,E01026385,ALL,1
GP_PRAC_PAT_LIST,01/04/2026,C83001,HEART OF LINCOLN HEALTH GROUP,E01026386,ALL,1
GP_PRAC_PAT_LIST,01/04/2026,C83001,HEART OF LINCOLN HEALTH GROUP,E01026387,ALL,1
GP_PRAC_PAT_LIST,01/04/2026,C83001,HEART OF LINCOLN HEALTH GROUP,E01026389,ALL,1
GP_PRAC_PAT_LIST,01/04/2026,C83001,HEART OF LINCOLN HEALTH GROUP,E01026393,ALL,5
GP_PRAC_PAT_LIST,01/04/2026,C83001,HEART OF LINCOLN HEALTH GROUP,E01026394,ALL,49
GP_PRAC_PAT_LIST,01/04/2026,C83001,HEART OF LINCOLN HEALTH GROUP,E01026395,ALL,3
GP_PRAC_PAT_LIST,01/04/2026,C83001,HEART OF LINCOLN HEALTH GROUP,E01026398,ALL,13
GP_PRAC_PAT_LIST,01/04/2026,C83001,HEART OF LINCOLN HEALTH GROUP,E01026399,ALL,1
GP_PRAC_PAT_LIST,01/04/2026,C83001,HEART OF LINCOLN HEALTH GROUP,E01026400,ALL,8
GP_PRAC_PAT_LIST,01/04/2026,C83001,HEART OF LINCOLN HEALTH GROUP,E01026405,ALL,1
GP_PRAC_PAT_LIST,01/04/2026,C83001,HEART OF LINCOLN HEALTH GROUP,E01026406,ALL,3
GP_PRAC_PAT_LIST,01/04/2026,C83001,HEART OF LINCOLN HEALTH GROUP,E01026409,ALL,4
GP_PRAC_PAT_LIST,01/04/2026,C83001,HEART OF LINCOLN HEALTH GROUP,E01026412,ALL,7
GP_PRAC_PAT_LIST,01/04/2026,C83001,HEART OF LINCOLN HEALTH GROUP,E01026414,ALL,2
GP_PRAC_PAT_LIST,01/04/2026,C83001,HEART OF LINCOLN HEALTH GROUP,E01026467,ALL,1
GP_PRAC_PAT_LIST,01/04/2026,C83001,HEART OF LINCOLN HEALTH GROUP,E01026484,ALL,2
GP_PRAC_PAT_LIST,01/04/2026,C83001,HEART OF LINCOLN HEALTH GROUP,E01026574,ALL,1
GP_PRAC_PAT_LIST,01/04/2026,C83001,HEART OF LINCOLN HEALTH GROUP,E01026578,ALL,1
GP_PRAC_PAT_LIST,01/04/2026,C83001,HEART OF LINCOLN HEALTH GROUP,E01026605,ALL,2
GP_PRAC_PAT_LIST,01/04/2026,C83001,HEART OF LINCOLN HEALTH GROUP,E01026625,ALL,1
GP_PRAC_PAT_LIST,01/04/2026,C83001,HEART OF LINCOLN HEALTH GROUP,E01026701,ALL,1
GP_PRAC_PAT_LIST,01/04/2026,C83001,HEART OF LINCOLN HEALTH GROUP,E01026716,ALL,1
GP_PRAC_PAT_LIST,01/04/2026,C83001,HEART OF LINCOLN HEALTH GROUP,E01026744,ALL,1
GP_PRAC_PAT_LIST,01/04/2026,C83001,HEART OF LINCOLN HEALTH GROUP,E01026745,ALL,1
GP_PRAC_PAT_LIST,01/04/2026,C83001,HEART OF LINCOLN HEALTH GROUP,E01026786,ALL,1
GP_PRAC_PAT_LIST,01/04/2026,C83001,HEART OF LINCOLN HEALTH GROUP,E01026791,ALL,1
GP_PRAC_PAT_LIST,01/04/2026,C83001,HEART OF LINCOLN HEALTH GROUP,E01026869,ALL,1
GP_PRAC_PAT_LIST,01/04/2026,C83001,HEART OF LINCOLN HEALTH GROUP,E01026878,ALL,1
GP_PRAC_PAT_LIST,01/04/2026,C83001,HEART OF LINCOLN HEALTH GROUP,E01026918,ALL,1
GP_PRAC_PAT_LIST,01/04/2026,C83001,HEART OF LINCOLN HEALTH GROUP,E01026954,ALL,1
GP_PRAC_PAT_LIST,01/04/2026,C83001,HEART OF LINCOLN HEALTH GROUP,E01026955,ALL,2
GP_PRAC_PAT_LIST,01/04/2026,C83001,HEART OF LINCOLN HEALTH GROUP,E01027031,ALL,2
GP_PRAC_PAT_LIST,01/04/2026,C83001,HEART OF LINCOLN HEALTH GROUP,E01027035,ALL,1
GP_PRAC_PAT_LIST,01/04/2026,C83001,HEART OF LINCOLN HEALTH GROUP,E01027052,ALL,1
GP_PRAC_PAT_LIST,01/04/2026,C83001,HEART OF LINCOLN HEALTH GROUP,E01027156,ALL,1
GP_PRAC_PAT_LIST,01/04/2026,C83001,HEART OF LINCOLN HEALTH GROUP,E01027204,ALL,1
GP_PRAC_PAT_LIST,01/04/2026,C83001,HEART OF LINCOLN HEALTH GROUP,E01027257,ALL,1
GP_PRAC_PAT_LIST,01/04/2026,C83001,HEART OF LINCOLN HEALTH GROUP,E01027261,ALL,1
GP_PRAC_PAT_LIST,01/04/2026,C83001,HEART OF LINCOLN HEALTH GROUP,E01027343,ALL,1
GP_PRAC_PAT_LIST,01/04/2026,C83001,HEART OF LINCOLN HEALTH GROUP,E01027626,ALL,1
GP_PRAC_PAT_LIST,01/04/2026,C83001,HEART OF LINCOLN HEALTH GROUP,E01027837,ALL,1
GP_PRAC_PAT_LIST,01/04/2026,C83001,HEART OF LINCOLN HEALTH GROUP,E01027839,ALL,1
GP_PRAC_PAT_LIST,01/04/2026,C83001,HEART OF LINCOLN HEALTH GROUP,E01027894,ALL,1
GP_PRAC_PAT_LIST,01/04/2026,C83001,HEART OF LINCOLN HEALTH GROUP,E01027906,ALL,1
GP_PRAC_PAT_LIST,01/04/2026,C83001,HEART OF LINCOLN HEALTH GROUP,E01027933,ALL,1
GP_PRAC_PAT_LIST,01/04/2026,C83001,HEART OF LINCOLN HEALTH GROUP,E01027942,ALL,1
GP_PRAC_PAT_LIST,01/04/2026,C83001,HEART OF LINCOLN HEALTH GROUP,E01027974,ALL,1
GP_PRAC_PAT_LIST,01/04/2026,C83001,HEART OF LINCOLN HEALTH GROUP,E01028002,ALL,1
GP_PRAC_PAT_LIST,01/04/2026,C83001,HEART OF LINCOLN HEALTH GROUP,E01028039,ALL,3
GP_PRAC_PAT_LIST,01/04/2026,C83001,HEART OF LINCOLN HEALTH GROUP,E01028062,ALL,1
GP_PRAC_PAT_LIST,01/04/2026,C83001,HEART OF LINCOLN HEALTH GROUP,E01028106,ALL,1
GP_PRAC_PAT_LIST,01/04/2026,C83001,HEART OF LINCOLN HEALTH GROUP,E01028139,ALL,1
GP_PRAC_PAT_LIST,01/04/2026,C83001,HEART OF LINCOLN HEALTH GROUP,E01028290,ALL,1
GP_PRAC_PAT_LIST,01/04/2026,C83001,HEART OF LINCOLN HEALTH GROUP,E01028294,ALL,1
GP_PRAC_PAT_LIST,01/04/2026,C83001,HEART OF LINCOLN HEALTH GROUP,E01028310,ALL,1
GP_PRAC_PAT_LIST,01/04/2026,C83001,HEART OF LINCOLN HEALTH GROUP,E01028316,ALL,1
GP_PRAC_PAT_LIST,01/04/2026,C83001,HEART OF LINCOLN HEALTH GROUP,E01028348,ALL,1
GP_PRAC_PAT_LIST,01/04/2026,C83001,HEART OF LINCOLN HEALTH GROUP,E01028371,ALL,1
GP_PRAC_PAT_LIST,01/04/2026,C83001,HEART OF LINCOLN HEALTH GROUP,E01028415,ALL,1
GP_PRAC_PAT_LIST,01/04/2026,C83001,HEART OF LINCOLN HEALTH GROUP,E01028443,ALL,1
GP_PRAC_PAT_LIST,01/04/2026,C83001,HEART OF LINCOLN HEALTH GROUP,E01028496,ALL,1
GP_PRAC_PAT_LIST,01/04/2026,C83001,HEART OF LINCOLN HEALTH GROUP,E01028503,ALL,1
GP_PRAC_PAT_LIST,01/04/2026,C83001,HEART OF LINCOLN HEALTH GROUP,E01028609,ALL,1
GP_PRAC_PAT_LIST,01/04/2026,C83001,HEART OF LINCOLN HEALTH GROUP,E01028943,ALL,1
GP_PRAC_PAT_LIST,01/04/2026,C83001,HEART OF LINCOLN HEALTH GROUP,E01029203,ALL,1
GP_PRAC_PAT_LIST,01/04/2026,C83001,HEART OF LINCOLN HEALTH GROUP,E01029617,ALL,1
GP_PRAC_PAT_LIST,01/04/2026,C83001,HEART OF LINCOLN HEALTH GROUP,E01029641,ALL,1
GP_PRAC_PAT_LIST,01/04/2026,C83001,HEART OF LINCOLN HEALTH GROUP,E01029743,ALL,1
GP_PRAC_PAT_LIST,01/04/2026,C83001,HEART OF LINCOLN HEALTH GROUP,E01029745,ALL,1
GP_PRAC_PAT_LIST,01/04/2026,C83001,HEART OF LINCOLN HEALTH GROUP,E01029885,ALL,1
GP_PRAC_PAT_LIST,01/04/2026,C83001,HEART OF LINCOLN HEALTH GROUP,E01029897,ALL,2
GP_PRAC_PAT_LIST,01/04/2026,C83001,HEART OF LINCOLN HEALTH GROUP,E01030000,ALL,1
GP_PRAC_PAT_LIST,01/04/2026,C83001,HEART OF LINCOLN HEALTH GROUP,E01030007,ALL,1
GP_PRAC_PAT_LIST,01/04/2026,C83001,HEART OF LINCOLN HEALTH GROUP,E01030037,ALL,1
GP_PRAC_PAT_LIST,01/04/2026,C83001,HEART OF LINCOLN HEALTH GROUP,E01030053,ALL,1
GP_PRAC_PAT_LIST,01/04/2026,C83001,HEART OF LINCOLN HEALTH GROUP,E01030064,ALL,1
GP_PRAC_PAT_LIST,01/04/2026,C83001,HEART OF LINCOLN HEALTH GROUP,E01030088,ALL,1
GP_PRAC_PAT_LIST,01/04/2026,C83001,HEART OF LINCOLN HEALTH GROUP,E01030090,ALL,1
GP_PRAC_PAT_LIST,01/04/2026,C83001,HEART OF LINCOLN HEALTH GROUP,E01030121,ALL,1
GP_PRAC_PAT_LIST,01/04/2026,C83001,HEART OF LINCOLN HEALTH GROUP,E01030128,ALL,1
GP_PRAC_PAT_LIST,01/04/2026,C83001,HEART OF LINCOLN HEALTH GROUP,E01030206,ALL,1
GP_PRAC_PAT_LIST,01/04/2026,C83001,HEART OF LINCOLN HEALTH GROUP,E01030256,ALL,1
GP_PRAC_PAT_LIST,01/04/2026,C83001,HEART OF LINCOLN HEALTH GROUP,E01030275,ALL,2
GP_PRAC_PAT_LIST,01/04/2026,C83001,HEART OF LINCOLN HEALTH GROUP,E01030279,ALL,1
GP_PRAC_PAT_LIST,01/04/2026,C83001,HEART OF LINCOLN HEALTH GROUP,E01030291,ALL,1
GP_PRAC_PAT_LIST,01/04/2026,C83001,HEART OF LINCOLN HEALTH GROUP,E01030305,ALL,1
GP_PRAC_PAT_LIST,01/04/2026,C83001,HEART OF LINCOLN HEALTH GROUP,E01030457,ALL,1
GP_PRAC_PAT_LIST,01/04/2026,C83001,HEART OF LINCOLN HEALTH GROUP,E01030582,ALL,1
GP_PRAC_PAT_LIST,01/04/2026,C83001,HEART OF LINCOLN HEALTH GROUP,E01030714,ALL,1
GP_PRAC_PAT_LIST,01/04/2026,C83001,HEART OF LINCOLN HEALTH GROUP,E01030750,ALL,3
GP_PRAC_PAT_LIST,01/04/2026,C83001,HEART OF LINCOLN HEALTH GROUP,E01030800,ALL,1
GP_PRAC_PAT_LIST,01/04/2026,C83001,HEART OF LINCOLN HEALTH GROUP,E01031011,ALL,1
GP_PRAC_PAT_LIST,01/04/2026,C83001,HEART OF LINCOLN HEALTH GROUP,E01031016,ALL,1
GP_PRAC_PAT_LIST,01/04/2026,C83001,HEART OF LINCOLN HEALTH GROUP,E01031091,ALL,1
GP_PRAC_PAT_LIST,01/04/2026,C83001,HEART OF LINCOLN HEALTH GROUP,E01031114,ALL,1
GP_PRAC_PAT_LIST,01/04/2026,C83001,HEART OF LINCOLN HEALTH GROUP,E01031159,ALL,1
GP_PRAC_PAT_LIST,01/04/2026,C83001,HEART OF LINCOLN HEALTH GROUP,E01031181,ALL,1
GP_PRAC_PAT_LIST,01/04/2026,C83001,HEART OF LINCOLN HEALTH GROUP,E01031220,ALL,1
GP_PRAC_PAT_LIST,01/04/2026,C83001,HEART OF LINCOLN HEALTH GROUP,E01031333,ALL,1
GP_PRAC_PAT_LIST,01/04/2026,C83001,HEART OF LINCOLN HEALTH GROUP,E01031337,ALL,1
GP_PRAC_PAT_LIST,01/04/2026,C83001,HEART OF LINCOLN HEALTH GROUP,E01031420,ALL,1
GP_PRAC_PAT_LIST,01/04/2026,C83001,HEART OF LINCOLN HEALTH GROUP,E01031430,ALL,1
GP_PRAC_PAT_LIST,01/04/2026,C83001,HEART OF LINCOLN HEALTH GROUP,E01032035,ALL,1
GP_PRAC_PAT_LIST,01/04/2026,C83001,HEART OF LINCOLN HEALTH GROUP,E01032148,ALL,1
GP_PRAC_PAT_LIST,01/04/2026,C83001,HEART OF LINCOLN HEALTH GROUP,E01032267,ALL,1
GP_PRAC_PAT_LIST,01/04/2026,C83001,HEART OF LINCOLN HEALTH GROUP,E01032361,ALL,1
GP_PRAC_PAT_LIST,01/04/2026,C83001,HEART OF LINCOLN HEALTH GROUP,E01032536,ALL,1
GP_PRAC_PAT_LIST,01/04/2026,C83001,HEART OF LINCOLN HEALTH GROUP,E01032779,ALL,1
GP_PRAC_PAT_LIST,01/04/2026,C83001,HEART OF LINCOLN HEALTH GROUP,E01032988,ALL,125
GP_PRAC_PAT_LIST,01/04/2026,C83001,HEART OF LINCOLN HEALTH GROUP,E01032989,ALL,100
GP_PRAC_PAT_LIST,01/04/2026,C83001,HEART OF LINCOLN HEALTH GROUP,E01032991,ALL,304
GP_PRAC_PAT_LIST,01/04/2026,C83001,HEART OF LINCOLN HEALTH GROUP,E01032992,ALL,87
GP_PRAC_PAT_LIST,01/04/2026,C83001,HEART OF LINCOLN HEALTH GROUP,E01032993,ALL,160
GP_PRAC_PAT_LIST,01/04/2026,C83001,HEART OF LINCOLN HEALTH GROUP,E01032994,ALL,43
GP_PRAC_PAT_LIST,01/04/2026,C83001,HEART OF LINCOLN HEALTH GROUP,E01033037,ALL,1
GP_PRAC_PAT_LIST,01/04/2026,C83001,HEART OF LINCOLN HEALTH GROUP,E01033104,ALL,1
GP_PRAC_PAT_LIST,01/04/2026,C83001,HEART OF LINCOLN HEALTH GROUP,E01033114,ALL,1
GP_PRAC_PAT_LIST,01/04/2026,C83001,HEART OF LINCOLN HEALTH GROUP,E01033261,ALL,1
GP_PRAC_PAT_LIST,01/04/2026,C83001,HEART OF LINCOLN HEALTH GROUP,E01033263,ALL,1
GP_PRAC_PAT_LIST,01/04/2026,C83001,HEART OF LINCOLN HEALTH GROUP,E01033329,ALL,1
GP_PRAC_PAT_LIST,01/04/2026,C83001,HEART OF LINCOLN HEALTH GROUP,E01033520,ALL,1
GP_PRAC_PAT_LIST,01/04/2026,C83001,HEART OF LINCOLN HEALTH GROUP,E01033550,ALL,1
GP_PRAC_PAT_LIST,01/04/2026,C83001,HEART OF LINCOLN HEALTH GROUP,E01033653,ALL,1
GP_PRAC_PAT_LIST,01/04/2026,C83001,HEART OF LINCOLN HEALTH GROUP,E01033989,ALL,1
GP_PRAC_PAT_LIST,01/04/2026,C83001,HEART OF LINCOLN HEALTH GROUP,E01034020,ALL,1
GP_PRAC_PAT_LIST,01/04/2026,C83001,HEART OF LINCOLN HEALTH GROUP,E01034088,ALL,1
GP_PRAC_PAT_LIST,01/04/2026,C83001,HEART OF LINCOLN HEALTH GROUP,E01034129,ALL,1
GP_PRAC_PAT_LIST,01/04/2026,C83001,HEART OF LINCOLN HEALTH GROUP,E01034217,ALL,1
GP_PRAC_PAT_LIST,01/04/2026,C83001,HEART OF LINCOLN HEALTH GROUP,E01034239,ALL,1
GP_PRAC_PAT_LIST,01/04/2026,C83001,HEART OF LINCOLN HEALTH GROUP,E01034247,ALL,1
GP_PRAC_PAT_LIST,01/04/2026,C83001,HEART OF LINCOLN HEALTH GROUP,E01034385,ALL,1
GP_PRAC_PAT_LIST,01/04/2026,C83001,HEART OF LINCOLN HEALTH GROUP,E01034617,ALL,1
GP_PRAC_PAT_LIST,01/04/2026,C83001,HEART OF LINCOLN HEALTH GROUP,E01034682,ALL,1
GP_PRAC_PAT_LIST,01/04/2026,C83001,HEART OF LINCOLN HEALTH GROUP,E01034685,ALL,1
GP_PRAC_PAT_LIST,01/04/2026,C83001,HEART OF LINCOLN HEALTH GROUP,E01034687,ALL,277
GP_PRAC_PAT_LIST,01/04/2026,C83001,HEART OF LINCOLN HEALTH GROUP,E01034688,ALL,594
GP_PRAC_PAT_LIST,01/04/2026,C83001,HEART OF LINCOLN HEALTH GROUP,E01034689,ALL,30
GP_PRAC_PAT_LIST,01/04/2026,C83001,HEART OF LINCOLN HEALTH GROUP,E01034690,ALL,42
GP_PRAC_PAT_LIST,01/04/2026,C83001,HEART OF LINCOLN HEALTH GROUP,E01034691,ALL,1560
GP_PRAC_PAT_LIST,01/04/2026,C83001,HEART OF LINCOLN HEALTH GROUP,E01034692,ALL,814
GP_PRAC_PAT_LIST,01/04/2026,C83001,HEART OF LINCOLN HEALTH GROUP,E01034693,ALL,17
GP_PRAC_PAT_LIST,01/04/2026,C83001,HEART OF LINCOLN HEALTH GROUP,E01034694,ALL,9
GP_PRAC_PAT_LIST,01/04/2026,C83001,HEART OF LINCOLN HEALTH GROUP,E01034706,ALL,10
GP_PRAC_PAT_LIST,01/04/2026,C83001,HEART OF LINCOLN HEALTH GROUP,E01034707,ALL,10
GP_PRAC_PAT_LIST,01/04/2026,C83001,HEART OF LINCOLN HEALTH GROUP,E01034743,ALL,1
GP_PRAC_PAT_LIST,01/04/2026,C83001,HEART OF LINCOLN HEALTH GROUP,E01035086,ALL,1
GP_PRAC_PAT_LIST,01/04/2026,C83001,HEART OF LINCOLN HEALTH GROUP,E01035149,ALL,1
GP_PRAC_PAT_LIST,01/04/2026,C83001,HEART OF LINCOLN HEALTH GROUP,E01035324,ALL,1
GP_PRAC_PAT_LIST,01/04/2026,C83001,HEART OF LINCOLN HEALTH GROUP,E01035403,ALL,1
GP_PRAC_PAT_LIST,01/04/2026,C83001,HEART OF LINCOLN HEALTH GROUP,E01035440,ALL,1
GP_PRAC_PAT_LIST,01/04/2026,C83001,HEART OF LINCOLN HEALTH GROUP,E01035478,ALL,1
GP_PRAC_PAT_LIST,01/04/2026,C83001,HEART OF LINCOLN HEALTH GROUP,E01035479,ALL,1
GP_PRAC_PAT_LIST,01/04/2026,C83001,HEART OF LINCOLN HEALTH GROUP,E01035485,ALL,2
GP_PRAC_PAT_LIST,01/04/2026,C83001,HEART OF LINCOLN HEALTH GROUP,E01035494,ALL,1
GP_PRAC_PAT_LIST,01/04/2026,C83001,HEART OF LINCOLN HEALTH GROUP,E01035526,ALL,1
GP_PRAC_PAT_LIST,01/04/2026,C83001,HEART OF LINCOLN HEALTH GROUP,E01035547,ALL,1
GP_PRAC_PAT_LIST,01/04/2026,C83001,HEART OF LINCOLN HEALTH GROUP,E01035593,ALL,1
GP_PRAC_PAT_LIST,01/04/2026,C83001,HEART OF LINCOLN HEALTH GROUP,E01035737,ALL,1
GP_PRAC_PAT_LIST,01/04/2026,C83001,HEART OF LINCOLN HEALTH GROUP,EMPTY,ALL,31
GP_PRAC_PAT_LIST,01/04/2026,C83001,HEART OF LINCOLN HEALTH GROUP,S01017383,ALL,1
GP_PRAC_PAT_LIST,01/04/2026,C83001,HEART OF LINCOLN HEALTH GROUP,S01018173,ALL,1
GP_PRAC_PAT_LIST,01/04/2026,C83001,HEART OF LINCOLN HEALTH GROUP,W01000489,ALL,1
GP_PRAC_PAT_LIST,01/04/2026,C83002,NAVENBY CLIFF VILLAGES SURGERY,CLOSED,ALL,1
GP_PRAC_PAT_LIST,01/04/2026,C83002,NAVENBY CLIFF VILLAGES SURGERY,E01007887,ALL,1
GP_PRAC_PAT_LIST,01/04/2026,C83002,NAVENBY CLIFF VILLAGES SURGERY,E01019587,ALL,1
GP_PRAC_PAT_LIST,01/04/2026,C83002,NAVENBY CLIFF VILLAGES SURGERY,E01019834,ALL,1
GP_PRAC_PAT_LIST,01/04/2026,C83002,NAVENBY CLIFF VILLAGES SURGERY,E01024230,ALL,1
GP_PRAC_PAT_LIST,01/04/2026,C83002,NAVENBY CLIFF VILLAGES SURGERY,E01025752,ALL,1
GP_PRAC_PAT_LIST,01/04/2026,C83002,NAVENBY CLIFF VILLAGES SURGERY,E01026134,ALL,1
GP_PRAC_PAT_LIST,01/04/2026,C83002,NAVENBY CLIFF VILLAGES SURGERY,E01026135,ALL,1
GP_PRAC_PAT_LIST,01/04/2026,C83002,NAVENBY CLIFF VILLAGES SURGERY,E01026137,ALL,7
GP_PRAC_PAT_LIST,01/04/2026,C83002,NAVENBY CLIFF VILLAGES SURGERY,E01026138,ALL,3
GP_PRAC_PAT_LIST,01/04/2026,C83002,NAVENBY CLIFF VILLAGES SURGERY,E01026140,ALL,5
GP_PRAC_PAT_LIST,01/04/2026,C83002,NAVENBY CLIFF VILLAGES SURGERY,E01026142,ALL,2
GP_PRAC_PAT_LIST,01/04/2026,C83002,NAVENBY CLIFF VILLAGES SURGERY,E01026149,ALL,1
GP_PRAC_PAT_LIST,01/04/2026,C83002,NAVENBY CLIFF VILLAGES SURGERY,E01026174,ALL,1
GP_PRAC_PAT_LIST,01/04/2026,C83002,NAVENBY CLIFF VILLAGES SURGERY,E01026175,ALL,1
GP_PRAC_PAT_LIST,01/04/2026,C83002,NAVENBY CLIFF VILLAGES SURGERY,E01026177,ALL,1
GP_PRAC_PAT_LIST,01/04/2026,C83002,NAVENBY CLIFF VILLAGES SURGERY,E01026178,ALL,1
GP_PRAC_PAT_LIST,01/04/2026,C83002,NAVENBY CLIFF VILLAGES SURGERY,E01026179,ALL,5
GP_PRAC_PAT_LIST,01/04/2026,C83002,NAVENBY CLIFF VILLAGES SURGERY,E01026180,ALL,4
GP_PRAC_PAT_LIST,01/04/2026,C83002,NAVENBY CLIFF VILLAGES SURGERY,E01026182,ALL,2
GP_PRAC_PAT_LIST,01/04/2026,C83002,NAVENBY CLIFF VILLAGES SURGERY,E01026184,ALL,1261
GP_PRAC_PAT_LIST,01/04/2026,C83002,NAVENBY CLIFF VILLAGES SURGERY,E01026185,ALL,1935
GP_PRAC_PAT_LIST,01/04/2026,C83002,NAVENBY CLIFF VILLAGES SURGERY,E01026186,ALL,172
GP_PRAC_PAT_LIST,01/04/2026,C83002,NAVENBY CLIFF VILLAGES SURGERY,E01026187,ALL,125
GP_PRAC_PAT_LIST,01/04/2026,C83002,NAVENBY CLIFF VILLAGES SURGERY,E01026188,ALL,149
GP_PRAC_PAT_LIST,01/04/2026,C83002,NAVENBY CLIFF VILLAGES SURGERY,E01026190,ALL,7
GP_PRAC_PAT_LIST,01/04/2026,C83002,NAVENBY CLIFF VILLAGES SURGERY,E01026192,ALL,8
GP_PRAC_PAT_LIST,01/04/2026,C83002,NAVENBY CLIFF VILLAGES SURGERY,E01026193,ALL,1
GP_PRAC_PAT_LIST,01/04/2026,C83002,NAVENBY CLIFF VILLAGES SURGERY,E01026194,ALL,1998
GP_PRAC_PAT_LIST,01/04/2026,C83002,NAVENBY CLIFF VILLAGES SURGERY,E01026195,ALL,1577
GP_PRAC_PAT_LIST,01/04/2026,C83002,NAVENBY CLIFF VILLAGES SURGERY,E01026196,ALL,778
GP_PRAC_PAT_LIST,01/04/2026,C83002,NAVENBY CLIFF VILLAGES SURGERY,E01026197,ALL,83
GP_PRAC_PAT_LIST,01/04/2026,C83002,NAVENBY CLIFF VILLAGES SURGERY,E01026203,ALL,14
GP_PRAC_PAT_LIST,01/04/2026,C83002,NAVENBY CLIFF VILLAGES SURGERY,E01026206,ALL,2
GP_PRAC_PAT_LIST,01/04/2026,C83002,NAVENBY CLIFF VILLAGES SURGERY,E01026210,ALL,19
GP_PRAC_PAT_LIST,01/04/2026,C83002,NAVENBY CLIFF VILLAGES SURGERY,E01026211,ALL,5
GP_PRAC_PAT_LIST,01/04/2026,C83002,NAVENBY CLIFF VILLAGES SURGERY,E01026237,ALL,35
GP_PRAC_PAT_LIST,01/04/2026,C83002,NAVENBY CLIFF VILLAGES SURGERY,E01026238,ALL,442
GP_PRAC_PAT_LIST,01/04/2026,C83002,NAVENBY CLIFF VILLAGES SURGERY,E01026329,ALL,10
GP_PRAC_PAT_LIST,01/04/2026,C83002,NAVENBY CLIFF VILLAGES SURGERY,E01026392,ALL,1
GP_PRAC_PAT_LIST,01/04/2026,C83002,NAVENBY CLIFF VILLAGES SURGERY,E01026400,ALL,1
GP_PRAC_PAT_LIST,01/04/2026,C83002,NAVENBY CLIFF VILLAGES SURGERY,E01028316,ALL,1
GP_PRAC_PAT_LIST,01/04/2026,C83002,NAVENBY CLIFF VILLAGES SURGERY,E01028317,ALL,1
GP_PRAC_PAT_LIST,01/04/2026,C83002,NAVENBY CLIFF VILLAGES SURGERY,E01032953,ALL,1
GP_PRAC_PAT_LIST,01/04/2026,C83002,NAVENBY CLIFF VILLAGES SURGERY,E01032993,ALL,1
GP_PRAC_PAT_LIST,01/04/2026,C83002,NAVENBY CLIFF VILLAGES SURGERY,E01032994,ALL,1
GP_PRAC_PAT_LIST,01/04/2026,C83002,NAVENBY CLIFF VILLAGES SURGERY,E01034691,ALL,1
GP_PRAC_PAT_LIST,01/04/2026,C83002,NAVENBY CLIFF VILLAGES SURGERY,E01034693,ALL,1
GP_PRAC_PAT_LIST,01/04/2026,C83002,NAVENBY CLIFF VILLAGES SURGERY,E01034694,ALL,1
GP_PRAC_PAT_LIST,01/04/2026,C83002,NAVENBY CLIFF VILLAGES SURGERY,EMPTY,ALL,5
GP_PRAC_PAT_LIST,01/04/2026,C83003,BEECHFIELD MEDICAL CENTRE,CLOSED,ALL,8
GP_PRAC_PAT_LIST,01/04/2026,C83003,BEECHFIELD MEDICAL CENTRE,E01000867,ALL,1
GP_PRAC_PAT_LIST,01/04/2026,C83003,BEECHFIELD MEDICAL CENTRE,E01001597,ALL,1
GP_PRAC_PAT_LIST,01/04/2026,C83003,BEECHFIELD MEDICAL CENTRE,E01002444,ALL,1
GP_PRAC_PAT_LIST,01/04/2026,C83003,BEECHFIELD MEDICAL CENTRE,E01002876,ALL,1
GP_PRAC_PAT_LIST,01/04/2026,C83003,BEECHFIELD MEDICAL CENTRE,E01003582,ALL,1
GP_PRAC_PAT_LIST,01/04/2026,C83003,BEECHFIELD MEDICAL CENTRE,E01003702,ALL,1
GP_PRAC_PAT_LIST,01/04/2026,C83003,BEECHFIELD MEDICAL CENTRE,E01004622,ALL,2
GP_PRAC_PAT_LIST,01/04/2026,C83003,BEECHFIELD MEDICAL CENTRE,E01006899,ALL,1
GP_PRAC_PAT_LIST,01/04/2026,C83003,BEECHFIELD MEDICAL CENTRE,E01007561,ALL,1
GP_PRAC_PAT_LIST,01/04/2026,C83003,BEECHFIELD MEDICAL CENTRE,E01007915,ALL,1
GP_PRAC_PAT_LIST,01/04/2026,C83003,BEECHFIELD MEDICAL CENTRE,E01013019,ALL,1
GP_PRAC_PAT_LIST,01/04/2026,C83003,BEECHFIELD MEDICAL CENTRE,E01013524,ALL,1
GP_PRAC_PAT_LIST,01/04/2026,C83003,BEECHFIELD MEDICAL CENTRE,E01013940,ALL,1
GP_PRAC_PAT_LIST,01/04/2026,C83003,BEECHFIELD MEDICAL CENTRE,E01014903,ALL,1
GP_PRAC_PAT_LIST,01/04/2026,C83003,BEECHFIELD MEDICAL CENTRE,E01015244,ALL,1
GP_PRAC_PAT_LIST,01/04/2026,C83003,BEECHFIELD MEDICAL CENTRE,E01015632,ALL,1
GP_PRAC_PAT_LIST,01/04/2026,C83003,BEECHFIELD MEDICAL CENTRE,E01015661,ALL,1
GP_PRAC_PAT_LIST,01/04/2026,C83003,BEECHFIELD MEDICAL CENTRE,E01015749,ALL,1
GP_PRAC_PAT_LIST,01/04/2026,C83003,BEECHFIELD MEDICAL CENTRE,E01016332,ALL,1
GP_PRAC_PAT_LIST,01/04/2026,C83003,BEECHFIELD MEDICAL CENTRE,E01016540,ALL,1
GP_PRAC_PAT_LIST,01/04/2026,C83003,BEECHFIELD MEDICAL CENTRE,E01017478,ALL,1
GP_PRAC_PAT_LIST,01/04/2026,C83003,BEECHFIELD MEDICAL CENTRE,E01018075,ALL,1
GP_PRAC_PAT_LIST,01/04/2026,C83003,BEECHFIELD MEDICAL CENTRE,E01020588,ALL,1
GP_PRAC_PAT_LIST,01/04/2026,C83003,BEECHFIELD MEDICAL CENTRE,E01026016,ALL,1
GP_PRAC_PAT_LIST,01/04/2026,C83003,BEECHFIELD MEDICAL CENTRE,E01026017,ALL,1
GP_PRAC_PAT_LIST,01/04/2026,C83003,BEECHFIELD MEDICAL CENTRE,E01026020,ALL,1
GP_PRAC_PAT_LIST,01/04/2026,C83003,BEECHFIELD MEDICAL CENTRE,E01026021,ALL,1
GP_PRAC_PAT_LIST,01/04/2026,C83003,BEECHFIELD MEDICAL CENTRE,E01026025,ALL,1
GP_PRAC_PAT_LIST,01/04/2026,C83003,BEECHFIELD MEDICAL CENTRE,E01026036,ALL,1
GP_PRAC_PAT_LIST,01/04/2026,C83003,BEECHFIELD MEDICAL CENTRE,E01026037,ALL,1
GP_PRAC_PAT_LIST,01/04/2026,C83003,BEECHFIELD MEDICAL CENTRE,E01026057,ALL,1
GP_PRAC_PAT_LIST,01/04/2026,C83003,BEECHFIELD MEDICAL CENTRE,E01026100,ALL,1
GP_PRAC_PAT_LIST,01/04/2026,C83003,BEECHFIELD MEDICAL CENTRE,E01026125,ALL,1
GP_PRAC_PAT_LIST,01/04/2026,C83003,BEECHFIELD MEDICAL CENTRE,E01026154,ALL,1
GP_PRAC_PAT_LIST,01/04/2026,C83003,BEECHFIELD MEDICAL CENTRE,E01026183,ALL,1
GP_PRAC_PAT_LIST,01/04/2026,C83003,BEECHFIELD MEDICAL CENTRE,E01026201,ALL,1
GP_PRAC_PAT_LIST,01/04/2026,C83003,BEECHFIELD MEDICAL CENTRE,E01026209,ALL,1
GP_PRAC_PAT_LIST,01/04/2026,C83003,BEECHFIELD MEDICAL CENTRE,E01026239,ALL,11
GP_PRAC_PAT_LIST,01/04/2026,C83003,BEECHFIELD MEDICAL CENTRE,E01026240,ALL,15
GP_PRAC_PAT_LIST,01/04/2026,C83003,BEECHFIELD MEDICAL CENTRE,E01026241,ALL,307
GP_PRAC_PAT_LIST,01/04/2026,C83003,BEECHFIELD MEDICAL CENTRE,E01026242,ALL,4
GP_PRAC_PAT_LIST,01/04/2026,C83003,BEECHFIELD MEDICAL CENTRE,E01026243,ALL,2
GP_PRAC_PAT_LIST,01/04/2026,C83003,BEECHFIELD MEDICAL CENTRE,E01026244,ALL,2
GP_PRAC_PAT_LIST,01/04/2026,C83003,BEECHFIELD MEDICAL CENTRE,E01026245,ALL,1
GP_PRAC_PAT_LIST,01/04/2026,C83003,BEECHFIELD MEDICAL CENTRE,E01026246,ALL,1
GP_PRAC_PAT_LIST,01/04/2026,C83003,BEECHFIELD MEDICAL CENTRE,E01026247,ALL,9
GP_PRAC_PAT_LIST,01/04/2026,C83003,BEECHFIELD MEDICAL CENTRE,E01026248,ALL,3
GP_PRAC_PAT_LIST,01/04/2026,C83003,BEECHFIELD MEDICAL CENTRE,E01026249,ALL,11
GP_PRAC_PAT_LIST,01/04/2026,C83003,BEECHFIELD MEDICAL CENTRE,E01026251,ALL,1
GP_PRAC_PAT_LIST,01/04/2026,C83003,BEECHFIELD MEDICAL CENTRE,E01026252,ALL,9
GP_PRAC_PAT_LIST,01/04/2026,C83003,BEECHFIELD MEDICAL CENTRE,E01026253,ALL,4
GP_PRAC_PAT_LIST,01/04/2026,C83003,BEECHFIELD MEDICAL CENTRE,E01026258,ALL,734
GP_PRAC_PAT_LIST,01/04/2026,C83003,BEECHFIELD MEDICAL CENTRE,E01026259,ALL,397
GP_PRAC_PAT_LIST,01/04/2026,C83003,BEECHFIELD MEDICAL CENTRE,E01026260,ALL,448
GP_PRAC_PAT_LIST,01/04/2026,C83003,BEECHFIELD MEDICAL CENTRE,E01026262,ALL,843
GP_PRAC_PAT_LIST,01/04/2026,C83003,BEECHFIELD MEDICAL CENTRE,E01026263,ALL,1458
GP_PRAC_PAT_LIST,01/04/2026,C83003,BEECHFIELD MEDICAL CENTRE,E01026264,ALL,982
GP_PRAC_PAT_LIST,01/04/2026,C83003,BEECHFIELD MEDICAL CENTRE,E01026265,ALL,872
GP_PRAC_PAT_LIST,01/04/2026,C83003,BEECHFIELD MEDICAL CENTRE,E01026266,ALL,1546
GP_PRAC_PAT_LIST,01/04/2026,C83003,BEECHFIELD MEDICAL CENTRE,E01026268,ALL,1297
GP_PRAC_PAT_LIST,01/04/2026,C83003,BEECHFIELD MEDICAL CENTRE,E01026269,ALL,1316
GP_PRAC_PAT_LIST,01/04/2026,C83003,BEECHFIELD MEDICAL CENTRE,E01026270,ALL,1008
GP_PRAC_PAT_LIST,01/04/2026,C83003,BEECHFIELD MEDICAL CENTRE,E01026271,ALL,871
GP_PRAC_PAT_LIST,01/04/2026,C83003,BEECHFIELD MEDICAL CENTRE,E01026272,ALL,890
GP_PRAC_PAT_LIST,01/04/2026,C83003,BEECHFIELD MEDICAL CENTRE,E01026273,ALL,766
GP_PRAC_PAT_LIST,01/04/2026,C83003,BEECHFIELD MEDICAL CENTRE,E01026275,ALL,1351
GP_PRAC_PAT_LIST,01/04/2026,C83003,BEECHFIELD MEDICAL CENTRE,E01026276,ALL,221
GP_PRAC_PAT_LIST,01/04/2026,C83003,BEECHFIELD MEDICAL CENTRE,E01026280,ALL,5
GP_PRAC_PAT_LIST,01/04/2026,C83003,BEECHFIELD MEDICAL CENTRE,E01026281,ALL,348
GP_PRAC_PAT_LIST,01/04/2026,C83003,BEECHFIELD MEDICAL CENTRE,E01026282,ALL,236
GP_PRAC_PAT_LIST,01/04/2026,C83003,BEECHFIELD MEDICAL CENTRE,E01026283,ALL,80
GP_PRAC_PAT_LIST,01/04/2026,C83003,BEECHFIELD MEDICAL CENTRE,E01026284,ALL,587
GP_PRAC_PAT_LIST,01/04/2026,C83003,BEECHFIELD MEDICAL CENTRE,E01026285,ALL,67
GP_PRAC_PAT_LIST,01/04/2026,C83003,BEECHFIELD MEDICAL CENTRE,E01026286,ALL,39
GP_PRAC_PAT_LIST,01/04/2026,C83003,BEECHFIELD MEDICAL CENTRE,E01026298,ALL,1
GP_PRAC_PAT_LIST,01/04/2026,C83003,BEECHFIELD MEDICAL CENTRE,E01026334,ALL,1
GP_PRAC_PAT_LIST,01/04/2026,C83003,BEECHFIELD MEDICAL CENTRE,E01026335,ALL,1
GP_PRAC_PAT_LIST,01/04/2026,C83003,BEECHFIELD MEDICAL CENTRE,E01026349,ALL,1
GP_PRAC_PAT_LIST,01/04/2026,C83003,BEECHFIELD MEDICAL CENTRE,E01026384,ALL,1
GP_PRAC_PAT_LIST,01/04/2026,C83003,BEECHFIELD MEDICAL CENTRE,E01026696,ALL,1
GP_PRAC_PAT_LIST,01/04/2026,C83003,BEECHFIELD MEDICAL CENTRE,E01027362,ALL,1
GP_PRAC_PAT_LIST,01/04/2026,C83003,BEECHFIELD MEDICAL CENTRE,E01030354,ALL,1
GP_PRAC_PAT_LIST,01/04/2026,C83003,BEECHFIELD MEDICAL CENTRE,E01032995,ALL,761
GP_PRAC_PAT_LIST,01/04/2026,C83003,BEECHFIELD MEDICAL CENTRE,E01032996,ALL,363
GP_PRAC_PAT_LIST,01/04/2026,C83003,BEECHFIELD MEDICAL CENTRE,E01033000,ALL,1
GP_PRAC_PAT_LIST,01/04/2026,C83003,BEECHFIELD MEDICAL CENTRE,E01033871,ALL,1
GP_PRAC_PAT_LIST,01/04/2026,C83003,BEECHFIELD MEDICAL CENTRE,E01034278,ALL,1
GP_PRAC_PAT_LIST,01/04/2026,C83003,BEECHFIELD MEDICAL CENTRE,E01034697,ALL,582
GP_PRAC_PAT_LIST,01/04/2026,C83003,BEECHFIELD MEDICAL CENTRE,E01034698,ALL,850
GP_PRAC_PAT_LIST,01/04/2026,C83003,BEECHFIELD MEDICAL CENTRE,E01034699,ALL,761
GP_PRAC_PAT_LIST,01/04/2026,C83003,BEECHFIELD MEDICAL CENTRE,E01034700,ALL,803
GP_PRAC_PAT_LIST,01/04/2026,C83003,BEECHFIELD MEDICAL CENTRE,E01035025,ALL,1
GP_PRAC_PAT_LIST,01/04/2026,C83003,BEECHFIELD MEDICAL CENTRE,E01035517,ALL,1
GP_PRAC_PAT_LIST,01/04/2026,C83003,BEECHFIELD MEDICAL CENTRE,E01035521,ALL,1
GP_PRAC_PAT_LIST,01/04/2026,C83003,BEECHFIELD MEDICAL CENTRE,E01035540,ALL,1
GP_PRAC_PAT_LIST,01/04/2026,C83003,BEECHFIELD MEDICAL CENTRE,E01035542,ALL,1
GP_PRAC_PAT_LIST,01/04/2026,C83003,BEECHFIELD MEDICAL CENTRE,E01035544,ALL,1
GP_PRAC_PAT_LIST,01/04/2026,C83003,BEECHFIELD MEDICAL CENTRE,EMPTY,ALL,13
GP_PRAC_PAT_LIST,01/04/2026,C83003,BEECHFIELD MEDICAL CENTRE,N21000084,ALL,1
GP_PRAC_PAT_LIST,01/04/2026,C83003,BEECHFIELD MEDICAL CENTRE,N21000688,ALL,1
GP_PRAC_PAT_LIST,01/04/2026,C83004,LIQUORPOND SURGERY,CLOSED,ALL,4
GP_PRAC_PAT_LIST,01/04/2026,C83004,LIQUORPOND SURGERY,E01002444,ALL,1
GP_PRAC_PAT_LIST,01/04/2026,C83004,LIQUORPOND SURGERY,E01006329,ALL,1
GP_PRAC_PAT_LIST,01/04/2026,C83004,LIQUORPOND SURGERY,E01009633,ALL,1
GP_PRAC_PAT_LIST,01/04/2026,C83004,LIQUORPOND SURGERY,E01013181,ALL,1
GP_PRAC_PAT_LIST,01/04/2026,C83004,LIQUORPOND SURGERY,E01014677,ALL,1
GP_PRAC_PAT_LIST,01/04/2026,C83004,LIQUORPOND SURGERY,E01015614,ALL,1
GP_PRAC_PAT_LIST,01/04/2026,C83004,LIQUORPOND SURGERY,E01015661,ALL,1
GP_PRAC_PAT_LIST,01/04/2026,C83004,LIQUORPOND SURGERY,E01016975,ALL,1
GP_PRAC_PAT_LIST,01/04/2026,C83004,LIQUORPOND SURGERY,E01026007,ALL,128
GP_PRAC_PAT_LIST,01/04/2026,C83004,LIQUORPOND SURGERY,E01026008,ALL,185
GP_PRAC_PAT_LIST,01/04/2026,C83004,LIQUORPOND SURGERY,E01026009,ALL,81
GP_PRAC_PAT_LIST,01/04/2026,C83004,LIQUORPOND SURGERY,E01026010,ALL,343
GP_PRAC_PAT_LIST,01/04/2026,C83004,LIQUORPOND SURGERY,E01026012,ALL,204
GP_PRAC_PAT_LIST,01/04/2026,C83004,LIQUORPOND SURGERY,E01026013,ALL,327
GP_PRAC_PAT_LIST,01/04/2026,C83004,LIQUORPOND SURGERY,E01026014,ALL,355
GP_PRAC_PAT_LIST,01/04/2026,C83004,LIQUORPOND SURGERY,E01026015,ALL,352
GP_PRAC_PAT_LIST,01/04/2026,C83004,LIQUORPOND SURGERY,E01026016,ALL,15
GP_PRAC_PAT_LIST,01/04/2026,C83004,LIQUORPOND SURGERY,E01026017,ALL,6
GP_PRAC_PAT_LIST,01/04/2026,C83004,LIQUORPOND SURGERY,E01026018,ALL,195
GP_PRAC_PAT_LIST,01/04/2026,C83004,LIQUORPOND SURGERY,E01026019,ALL,191
GP_PRAC_PAT_LIST,01/04/2026,C83004,LIQUORPOND SURGERY,E01026020,ALL,198
GP_PRAC_PAT_LIST,01/04/2026,C83004,LIQUORPOND SURGERY,E01026021,ALL,312
GP_PRAC_PAT_LIST,01/04/2026,C83004,LIQUORPOND SURGERY,E01026022,ALL,309
GP_PRAC_PAT_LIST,01/04/2026,C83004,LIQUORPOND SURGERY,E01026023,ALL,4
GP_PRAC_PAT_LIST,01/04/2026,C83004,LIQUORPOND SURGERY,E01026024,ALL,25
GP_PRAC_PAT_LIST,01/04/2026,C83004,LIQUORPOND SURGERY,E01026025,ALL,558
GP_PRAC_PAT_LIST,01/04/2026,C83004,LIQUORPOND SURGERY,E01026026,ALL,512
GP_PRAC_PAT_LIST,01/04/2026,C83004,LIQUORPOND SURGERY,E01026027,ALL,408
GP_PRAC_PAT_LIST,01/04/2026,C83004,LIQUORPOND SURGERY,E01026028,ALL,317
GP_PRAC_PAT_LIST,01/04/2026,C83004,LIQUORPOND SURGERY,E01026030,ALL,621
GP_PRAC_PAT_LIST,01/04/2026,C83004,LIQUORPOND SURGERY,E01026031,ALL,376
GP_PRAC_PAT_LIST,01/04/2026,C83004,LIQUORPOND SURGERY,E01026032,ALL,456
GP_PRAC_PAT_LIST,01/04/2026,C83004,LIQUORPOND SURGERY,E01026033,ALL,69
GP_PRAC_PAT_LIST,01/04/2026,C83004,LIQUORPOND SURGERY,E01026034,ALL,31
GP_PRAC_PAT_LIST,01/04/2026,C83004,LIQUORPOND SURGERY,E01026035,ALL,490
GP_PRAC_PAT_LIST,01/04/2026,C83004,LIQUORPOND SURGERY,E01026036,ALL,295
GP_PRAC_PAT_LIST,01/04/2026,C83004,LIQUORPOND SURGERY,E01026037,ALL,251
GP_PRAC_PAT_LIST,01/04/2026,C83004,LIQUORPOND SURGERY,E01026038,ALL,215
GP_PRAC_PAT_LIST,01/04/2026,C83004,LIQUORPOND SURGERY,E01026039,ALL,241
GP_PRAC_PAT_LIST,01/04/2026,C83004,LIQUORPOND SURGERY,E01026040,ALL,334
GP_PRAC_PAT_LIST,01/04/2026,C83004,LIQUORPOND SURGERY,E01026041,ALL,291
GP_PRAC_PAT_LIST,01/04/2026,C83004,LIQUORPOND SURGERY,E01026043,ALL,1
GP_PRAC_PAT_LIST,01/04/2026,C83004,LIQUORPOND SURGERY,E01026051,ALL,4
GP_PRAC_PAT_LIST,01/04/2026,C83004,LIQUORPOND SURGERY,E01026057,ALL,143
GP_PRAC_PAT_LIST,01/04/2026,C83004,LIQUORPOND SURGERY,E01026072,ALL,1
GP_PRAC_PAT_LIST,01/04/2026,C83004,LIQUORPOND SURGERY,E01026075,ALL,8
GP_PRAC_PAT_LIST,01/04/2026,C83004,LIQUORPOND SURGERY,E01026093,ALL,2
GP_PRAC_PAT_LIST,01/04/2026,C83004,LIQUORPOND SURGERY,E01026098,ALL,97
GP_PRAC_PAT_LIST,01/04/2026,C83004,LIQUORPOND SURGERY,E01026100,ALL,1
GP_PRAC_PAT_LIST,01/04/2026,C83004,LIQUORPOND SURGERY,E01026102,ALL,4
GP_PRAC_PAT_LIST,01/04/2026,C83004,LIQUORPOND SURGERY,E01026117,ALL,1
GP_PRAC_PAT_LIST,01/04/2026,C83004,LIQUORPOND SURGERY,E01026120,ALL,1
GP_PRAC_PAT_LIST,01/04/2026,C83004,LIQUORPOND SURGERY,E01026125,ALL,2
GP_PRAC_PAT_LIST,01/04/2026,C83004,LIQUORPOND SURGERY,E01026193,ALL,2
GP_PRAC_PAT_LIST,01/04/2026,C83004,LIQUORPOND SURGERY,E01026200,ALL,1
GP_PRAC_PAT_LIST,01/04/2026,C83004,LIQUORPOND SURGERY,E01026206,ALL,1
GP_PRAC_PAT_LIST,01/04/2026,C83004,LIQUORPOND SURGERY,E01026233,ALL,1
GP_PRAC_PAT_LIST,01/04/2026,C83004,LIQUORPOND SURGERY,E01026243,ALL,1
GP_PRAC_PAT_LIST,01/04/2026,C83004,LIQUORPOND SURGERY,E01026250,ALL,1
GP_PRAC_PAT_LIST,01/04/2026,C83004,LIQUORPOND SURGERY,E01026257,ALL,1
GP_PRAC_PAT_LIST,01/04/2026,C83004,LIQUORPOND SURGERY,E01026263,ALL,5
GP_PRAC_PAT_LIST,01/04/2026,C83004,LIQUORPOND SURGERY,E01026266,ALL,2
GP_PRAC_PAT_LIST,01/04/2026,C83004,LIQUORPOND SURGERY,E01026269,ALL,1
GP_PRAC_PAT_LIST,01/04/2026,C83004,LIQUORPOND SURGERY,E01026275,ALL,1
GP_PRAC_PAT_LIST,01/04/2026,C83004,LIQUORPOND SURGERY,E01026437,ALL,1
GP_PRAC_PAT_LIST,01/04/2026,C83004,LIQUORPOND SURGERY,E01031130,ALL,1
GP_PRAC_PAT_LIST,01/04/2026,C83004,LIQUORPOND SURGERY,E01032991,ALL,1
GP_PRAC_PAT_LIST,01/04/2026,C83004,LIQUORPOND SURGERY,E01033272,ALL,1
GP_PRAC_PAT_LIST,01/04/2026,C83004,LIQUORPOND SURGERY,E01034233,ALL,1
GP_PRAC_PAT_LIST,01/04/2026,C83004,LIQUORPOND SURGERY,E01034679,ALL,255
GP_PRAC_PAT_LIST,01/04/2026,C83004,LIQUORPOND SURGERY,E01034680,ALL,320
GP_PRAC_PAT_LIST,01/04/2026,C83004,LIQUORPOND SURGERY,E01034681,ALL,477
GP_PRAC_PAT_LIST,01/04/2026,C83004,LIQUORPOND SURGERY,E01034682,ALL,796
GP_PRAC_PAT_LIST,01/04/2026,C83004,LIQUORPOND SURGERY,E01034683,ALL,392
GP_PRAC_PAT_LIST,01/04/2026,C83004,LIQUORPOND SURGERY,E01034684,ALL,409
GP_PRAC_PAT_LIST,01/04/2026,C83004,LIQUORPOND SURGERY,E01034698,ALL,1
GP_PRAC_PAT_LIST,01/04/2026,C83004,LIQUORPOND SURGERY,E01035748,ALL,1
GP_PRAC_PAT_LIST,01/04/2026,C83004,LIQUORPOND SURGERY,EMPTY,ALL,19
GP_PRAC_PAT_LIST,01/04/2026,C83004,LIQUORPOND SURGERY,L99999999,ALL,1
GP_PRAC_PAT_LIST,01/04/2026,C83005,SPILSBY SURGERY,CLOSED,ALL,1
GP_PRAC_PAT_LIST,01/04/2026,C83005,SPILSBY SURGERY,E01001280,ALL,1
GP_PRAC_PAT_LIST,01/04/2026,C83005,SPILSBY SURGERY,E01016812,ALL,1
GP_PRAC_PAT_LIST,01/04/2026,C83005,SPILSBY SURGERY,E01026022,ALL,1
GP_PRAC_PAT_LIST,01/04/2026,C83005,SPILSBY SURGERY,E01026044,ALL,1
GP_PRAC_PAT_LIST,01/04/2026,C83005,SPILSBY SURGERY,E01026046,ALL,6
GP_PRAC_PAT_LIST,01/04/2026,C83005,SPILSBY SURGERY,E01026047,ALL,12
GP_PRAC_PAT_LIST,01/04/2026,C83005,SPILSBY SURGERY,E01026055,ALL,881
GP_PRAC_PAT_LIST,01/04/2026,C83005,SPILSBY SURGERY,E01026056,ALL,98
GP_PRAC_PAT_LIST,01/04/2026,C83005,SPILSBY SURGERY,E01026057,ALL,2
GP_PRAC_PAT_LIST,01/04/2026,C83005,SPILSBY SURGERY,E01026059,ALL,948
GP_PRAC_PAT_LIST,01/04/2026,C83005,SPILSBY SURGERY,E01026060,ALL,541
GP_PRAC_PAT_LIST,01/04/2026,C83005,SPILSBY SURGERY,E01026066,ALL,2
GP_PRAC_PAT_LIST,01/04/2026,C83005,SPILSBY SURGERY,E01026068,ALL,1143
GP_PRAC_PAT_LIST,01/04/2026,C83005,SPILSBY SURGERY,E01026070,ALL,1
GP_PRAC_PAT_LIST,01/04/2026,C83005,SPILSBY SURGERY,E01026073,ALL,1
GP_PRAC_PAT_LIST,01/04/2026,C83005,SPILSBY SURGERY,E01026075,ALL,19
GP_PRAC_PAT_LIST,01/04/2026,C83005,SPILSBY SURGERY,E01026077,ALL,1
GP_PRAC_PAT_LIST,01/04/2026,C83005,SPILSBY SURGERY,E01026089,ALL,1
GP_PRAC_PAT_LIST,01/04/2026,C83005,SPILSBY SURGERY,E01026092,ALL,2
GP_PRAC_PAT_LIST,01/04/2026,C83005,SPILSBY SURGERY,E01026093,ALL,1
GP_PRAC_PAT_LIST,01/04/2026,C83005,SPILSBY SURGERY,E01026094,ALL,1
GP_PRAC_PAT_LIST,01/04/2026,C83005,SPILSBY SURGERY,E01026097,ALL,2
GP_PRAC_PAT_LIST,01/04/2026,C83005,SPILSBY SURGERY,E01026098,ALL,3
GP_PRAC_PAT_LIST,01/04/2026,C83005,SPILSBY SURGERY,E01026100,ALL,1831
GP_PRAC_PAT_LIST,01/04/2026,C83005,SPILSBY SURGERY,E01026101,ALL,1326
GP_PRAC_PAT_LIST,01/04/2026,C83005,SPILSBY SURGERY,E01026102,ALL,68
GP_PRAC_PAT_LIST,01/04/2026,C83005,SPILSBY SURGERY,E01026104,ALL,1
GP_PRAC_PAT_LIST,01/04/2026,C83005,SPILSBY SURGERY,E01026105,ALL,124
GP_PRAC_PAT_LIST,01/04/2026,C83005,SPILSBY SURGERY,E01026112,ALL,1
GP_PRAC_PAT_LIST,01/04/2026,C83005,SPILSBY SURGERY,E01026113,ALL,245
GP_PRAC_PAT_LIST,01/04/2026,C83005,SPILSBY SURGERY,E01026114,ALL,1
GP_PRAC_PAT_LIST,01/04/2026,C83005,SPILSBY SURGERY,E01026115,ALL,2
GP_PRAC_PAT_LIST,01/04/2026,C83005,SPILSBY SURGERY,E01026116,ALL,1
GP_PRAC_PAT_LIST,01/04/2026,C83005,SPILSBY SURGERY,E01026117,ALL,1
GP_PRAC_PAT_LIST,01/04/2026,C83005,SPILSBY SURGERY,E01026362,ALL,1
GP_PRAC_PAT_LIST,01/04/2026,C83005,SPILSBY SURGERY,E01026389,ALL,1
GP_PRAC_PAT_LIST,01/04/2026,C83005,SPILSBY SURGERY,E01030208,ALL,1
GP_PRAC_PAT_LIST,01/04/2026,C83005,SPILSBY SURGERY,E01032987,ALL,1
GP_PRAC_PAT_LIST,01/04/2026,C83005,SPILSBY SURGERY,E01034686,ALL,1
GP_PRAC_PAT_LIST,01/04/2026,C83005,SPILSBY SURGERY,EMPTY,ALL,3
GP_PRAC_PAT_LIST,01/04/2026,C83007,LAKESIDE HEALTHCARE STAMFORD,CLOSED,ALL,12
GP_PRAC_PAT_LIST,01/04/2026,C83007,LAKESIDE HEALTHCARE STAMFORD,E01000524,ALL,1
GP_PRAC_PAT_LIST,01/04/2026,C83007,LAKESIDE HEALTHCARE STAMFORD,E01001047,ALL,1
GP_PRAC_PAT_LIST,01/04/2026,C83007,LAKESIDE HEALTHCARE STAMFORD,E01001896,ALL,1
GP_PRAC_PAT_LIST,01/04/2026,C83007,LAKESIDE HEALTHCARE STAMFORD,E01001906,ALL,1
GP_PRAC_PAT_LIST,01/04/2026,C83007,LAKESIDE HEALTHCARE STAMFORD,E01001907,ALL,1
GP_PRAC_PAT_LIST,01/04/2026,C83007,LAKESIDE HEALTHCARE STAMFORD,E01001988,ALL,1
GP_PRAC_PAT_LIST,01/04/2026,C83007,LAKESIDE HEALTHCARE STAMFORD,E01003102,ALL,1
GP_PRAC_PAT_LIST,01/04/2026,C83007,LAKESIDE HEALTHCARE STAMFORD,E01003198,ALL,1
GP_PRAC_PAT_LIST,01/04/2026,C83007,LAKESIDE HEALTHCARE STAMFORD,E01003466,ALL,1
GP_PRAC_PAT_LIST,01/04/2026,C83007,LAKESIDE HEALTHCARE STAMFORD,E01004115,ALL,1
GP_PRAC_PAT_LIST,01/04/2026,C83007,LAKESIDE HEALTHCARE STAMFORD,E01004203,ALL,1
GP_PRAC_PAT_LIST,01/04/2026,C83007,LAKESIDE HEALTHCARE STAMFORD,E01004540,ALL,1
GP_PRAC_PAT_LIST,01/04/2026,C83007,LAKESIDE HEALTHCARE STAMFORD,E01004564,ALL,1
GP_PRAC_PAT_LIST,01/04/2026,C83007,LAKESIDE HEALTHCARE STAMFORD,E01004902,ALL,1
GP_PRAC_PAT_LIST,01/04/2026,C83007,LAKESIDE HEALTHCARE STAMFORD,E01005853,ALL,1
GP_PRAC_PAT_LIST,01/04/2026,C83007,LAKESIDE HEALTHCARE STAMFORD,E01007187,ALL,1
GP_PRAC_PAT_LIST,01/04/2026,C83007,LAKESIDE HEALTHCARE STAMFORD,E01007863,ALL,1
GP_PRAC_PAT_LIST,01/04/2026,C83007,LAKESIDE HEALTHCARE STAMFORD,E01007879,ALL,1
GP_PRAC_PAT_LIST,01/04/2026,C83007,LAKESIDE HEALTHCARE STAMFORD,E01008420,ALL,1
GP_PRAC_PAT_LIST,01/04/2026,C83007,LAKESIDE HEALTHCARE STAMFORD,E01009670,ALL,1
GP_PRAC_PAT_LIST,01/04/2026,C83007,LAKESIDE HEALTHCARE STAMFORD,E01010324,ALL,1
GP_PRAC_PAT_LIST,01/04/2026,C83007,LAKESIDE HEALTHCARE STAMFORD,E01011444,ALL,1
GP_PRAC_PAT_LIST,01/04/2026,C83007,LAKESIDE HEALTHCARE STAMFORD,E01011706,ALL,1
GP_PRAC_PAT_LIST,01/04/2026,C83007,LAKESIDE HEALTHCARE STAMFORD,E01013076,ALL,1
GP_PRAC_PAT_LIST,01/04/2026,C83007,LAKESIDE HEALTHCARE STAMFORD,E01013524,ALL,1
GP_PRAC_PAT_LIST,01/04/2026,C83007,LAKESIDE HEALTHCARE STAMFORD,E01013787,ALL,4
GP_PRAC_PAT_LIST,01/04/2026,C83007,LAKESIDE HEALTHCARE STAMFORD,E01013788,ALL,5
GP_PRAC_PAT_LIST,01/04/2026,C83007,LAKESIDE HEALTHCARE STAMFORD,E01013789,ALL,4
GP_PRAC_PAT_LIST,01/04/2026,C83007,LAKESIDE HEALTHCARE STAMFORD,E01013790,ALL,13
GP_PRAC_PAT_LIST,01/04/2026,C83007,LAKESIDE HEALTHCARE STAMFORD,E01013791,ALL,538
GP_PRAC_PAT_LIST,01/04/2026,C83007,LAKESIDE HEALTHCARE STAMFORD,E01013792,ALL,371
GP_PRAC_PAT_LIST,01/04/2026,C83007,LAKESIDE HEALTHCARE STAMFORD,E01013794,ALL,4
GP_PRAC_PAT_LIST,01/04/2026,C83007,LAKESIDE HEALTHCARE STAMFORD,E01013795,ALL,2
GP_PRAC_PAT_LIST,01/04/2026,C83007,LAKESIDE HEALTHCARE STAMFORD,E01013796,ALL,25
GP_PRAC_PAT_LIST,01/04/2026,C83007,LAKESIDE HEALTHCARE STAMFORD,E01013797,ALL,29
GP_PRAC_PAT_LIST,01/04/2026,C83007,LAKESIDE HEALTHCARE STAMFORD,E01013800,ALL,2
GP_PRAC_PAT_LIST,01/04/2026,C83007,LAKESIDE HEALTHCARE STAMFORD,E01013804,ALL,1093
GP_PRAC_PAT_LIST,01/04/2026,C83007,LAKESIDE HEALTHCARE STAMFORD,E01013805,ALL,724
GP_PRAC_PAT_LIST,01/04/2026,C83007,LAKESIDE HEALTHCARE STAMFORD,E01013807,ALL,1
GP_PRAC_PAT_LIST,01/04/2026,C83007,LAKESIDE HEALTHCARE STAMFORD,E01013874,ALL,1
GP_PRAC_PAT_LIST,01/04/2026,C83007,LAKESIDE HEALTHCARE STAMFORD,E01013965,ALL,2
GP_PRAC_PAT_LIST,01/04/2026,C83007,LAKESIDE HEALTHCARE STAMFORD,E01015356,ALL,1
GP_PRAC_PAT_LIST,01/04/2026,C83007,LAKESIDE HEALTHCARE STAMFORD,E01015552,ALL,1
GP_PRAC_PAT_LIST,01/04/2026,C83007,LAKESIDE HEALTHCARE STAMFORD,E01015589,ALL,390
GP_PRAC_PAT_LIST,01/04/2026,C83007,LAKESIDE HEALTHCARE STAMFORD,E01015590,ALL,935
GP_PRAC_PAT_LIST,01/04/2026,C83007,LAKESIDE HEALTHCARE STAMFORD,E01015594,ALL,1
GP_PRAC_PAT_LIST,01/04/2026,C83007,LAKESIDE HEALTHCARE STAMFORD,E01015595,ALL,1
GP_PRAC_PAT_LIST,01/04/2026,C83007,LAKESIDE HEALTHCARE STAMFORD,E01015597,ALL,1
GP_PRAC_PAT_LIST,01/04/2026,C83007,LAKESIDE HEALTHCARE STAMFORD,E01015612,ALL,1
GP_PRAC_PAT_LIST,01/04/2026,C83007,LAKESIDE HEALTHCARE STAMFORD,E01015613,ALL,1
GP_PRAC_PAT_LIST,01/04/2026,C83007,LAKESIDE HEALTHCARE STAMFORD,E01015618,ALL,1
GP_PRAC_PAT_LIST,01/04/2026,C83007,LAKESIDE HEALTHCARE STAMFORD,E01015622,ALL,1
GP_PRAC_PAT_LIST,01/04/2026,C83007,LAKESIDE HEALTHCARE STAMFORD,E01015624,ALL,2
GP_PRAC_PAT_LIST,01/04/2026,C83007,LAKESIDE HEALTHCARE STAMFORD,E01015626,ALL,296
GP_PRAC_PAT_LIST,01/04/2026,C83007,LAKESIDE HEALTHCARE STAMFORD,E01015627,ALL,1
GP_PRAC_PAT_LIST,01/04/2026,C83007,LAKESIDE HEALTHCARE STAMFORD,E01015628,ALL,349
GP_PRAC_PAT_LIST,01/04/2026,C83007,LAKESIDE HEALTHCARE STAMFORD,E01015635,ALL,1
GP_PRAC_PAT_LIST,01/04/2026,C83007,LAKESIDE HEALTHCARE STAMFORD,E01015636,ALL,8
GP_PRAC_PAT_LIST,01/04/2026,C83007,LAKESIDE HEALTHCARE STAMFORD,E01015641,ALL,1
GP_PRAC_PAT_LIST,01/04/2026,C83007,LAKESIDE HEALTHCARE STAMFORD,E01015645,ALL,1
GP_PRAC_PAT_LIST,01/04/2026,C83007,LAKESIDE HEALTHCARE STAMFORD,E01015650,ALL,1
GP_PRAC_PAT_LIST,01/04/2026,C83007,LAKESIDE HEALTHCARE STAMFORD,E01015654,ALL,1
GP_PRAC_PAT_LIST,01/04/2026,C83007,LAKESIDE HEALTHCARE STAMFORD,E01015656,ALL,1
GP_PRAC_PAT_LIST,01/04/2026,C83007,LAKESIDE HEALTHCARE STAMFORD,E01015659,ALL,2
GP_PRAC_PAT_LIST,01/04/2026,C83007,LAKESIDE HEALTHCARE STAMFORD,E01015661,ALL,1
GP_PRAC_PAT_LIST,01/04/2026,C83007,LAKESIDE HEALTHCARE STAMFORD,E01015667,ALL,1
GP_PRAC_PAT_LIST,01/04/2026,C83007,LAKESIDE HEALTHCARE STAMFORD,E01015668,ALL,1
GP_PRAC_PAT_LIST,01/04/2026,C83007,LAKESIDE HEALTHCARE STAMFORD,E01015669,ALL,1
GP_PRAC_PAT_LIST,01/04/2026,C83007,LAKESIDE HEALTHCARE STAMFORD,E01015680,ALL,1
GP_PRAC_PAT_LIST,01/04/2026,C83007,LAKESIDE HEALTHCARE STAMFORD,E01015759,ALL,1
GP_PRAC_PAT_LIST,01/04/2026,C83007,LAKESIDE HEALTHCARE STAMFORD,E01017437,ALL,1
GP_PRAC_PAT_LIST,01/04/2026,C83007,LAKESIDE HEALTHCARE STAMFORD,E01017522,ALL,1
GP_PRAC_PAT_LIST,01/04/2026,C83007,LAKESIDE HEALTHCARE STAMFORD,E01017674,ALL,1
GP_PRAC_PAT_LIST,01/04/2026,C83007,LAKESIDE HEALTHCARE STAMFORD,E01018058,ALL,1
GP_PRAC_PAT_LIST,01/04/2026,C83007,LAKESIDE HEALTHCARE STAMFORD,E01018074,ALL,1
GP_PRAC_PAT_LIST,01/04/2026,C83007,LAKESIDE HEALTHCARE STAMFORD,E01018090,ALL,1
GP_PRAC_PAT_LIST,01/04/2026,C83007,LAKESIDE HEALTHCARE STAMFORD,E01018097,ALL,1
GP_PRAC_PAT_LIST,01/04/2026,C83007,LAKESIDE HEALTHCARE STAMFORD,E01018098,ALL,1
GP_PRAC_PAT_LIST,01/04/2026,C83007,LAKESIDE HEALTHCARE STAMFORD,E01018115,ALL,1
GP_PRAC_PAT_LIST,01/04/2026,C83007,LAKESIDE HEALTHCARE STAMFORD,E01018127,ALL,1
GP_PRAC_PAT_LIST,01/04/2026,C83007,LAKESIDE HEALTHCARE STAMFORD,E01018128,ALL,6
GP_PRAC_PAT_LIST,01/04/2026,C83007,LAKESIDE HEALTHCARE STAMFORD,E01018217,ALL,1
GP_PRAC_PAT_LIST,01/04/2026,C83007,LAKESIDE HEALTHCARE STAMFORD,E01018226,ALL,1
GP_PRAC_PAT_LIST,01/04/2026,C83007,LAKESIDE HEALTHCARE STAMFORD,E01018749,ALL,1
GP_PRAC_PAT_LIST,01/04/2026,C83007,LAKESIDE HEALTHCARE STAMFORD,E01018900,ALL,1
GP_PRAC_PAT_LIST,01/04/2026,C83007,LAKESIDE HEALTHCARE STAMFORD,E01019807,ALL,1
GP_PRAC_PAT_LIST,01/04/2026,C83007,LAKESIDE HEALTHCARE STAMFORD,E01019812,ALL,1
GP_PRAC_PAT_LIST,01/04/2026,C83007,LAKESIDE HEALTHCARE STAMFORD,E01020280,ALL,1
GP_PRAC_PAT_LIST,01/04/2026,C83007,LAKESIDE HEALTHCARE STAMFORD,E01020395,ALL,1
GP_PRAC_PAT_LIST,01/04/2026,C83007,LAKESIDE HEALTHCARE STAMFORD,E01021633,ALL,1
GP_PRAC_PAT_LIST,01/04/2026,C83007,LAKESIDE HEALTHCARE STAMFORD,E01023451,ALL,1
GP_PRAC_PAT_LIST,01/04/2026,C83007,LAKESIDE HEALTHCARE STAMFORD,E01023656,ALL,1
GP_PRAC_PAT_LIST,01/04/2026,C83007,LAKESIDE HEALTHCARE STAMFORD,E01025645,ALL,1
GP_PRAC_PAT_LIST,01/04/2026,C83007,LAKESIDE HEALTHCARE STAMFORD,E01025906,ALL,1
GP_PRAC_PAT_LIST,01/04/2026,C83007,LAKESIDE HEALTHCARE STAMFORD,E01025912,ALL,1
GP_PRAC_PAT_LIST,01/04/2026,C83007,LAKESIDE HEALTHCARE STAMFORD,E01025983,ALL,1
GP_PRAC_PAT_LIST,01/04/2026,C83007,LAKESIDE HEALTHCARE STAMFORD,E01026041,ALL,1
GP_PRAC_PAT_LIST,01/04/2026,C83007,LAKESIDE HEALTHCARE STAMFORD,E01026046,ALL,1
GP_PRAC_PAT_LIST,01/04/2026,C83007,LAKESIDE HEALTHCARE STAMFORD,E01026092,ALL,1
GP_PRAC_PAT_LIST,01/04/2026,C83007,LAKESIDE HEALTHCARE STAMFORD,E01026122,ALL,1
GP_PRAC_PAT_LIST,01/04/2026,C83007,LAKESIDE HEALTHCARE STAMFORD,E01026175,ALL,1
GP_PRAC_PAT_LIST,01/04/2026,C83007,LAKESIDE HEALTHCARE STAMFORD,E01026198,ALL,1
GP_PRAC_PAT_LIST,01/04/2026,C83007,LAKESIDE HEALTHCARE STAMFORD,E01026221,ALL,1
GP_PRAC_PAT_LIST,01/04/2026,C83007,LAKESIDE HEALTHCARE STAMFORD,E01026226,ALL,1
GP_PRAC_PAT_LIST,01/04/2026,C83007,LAKESIDE HEALTHCARE STAMFORD,E01026228,ALL,1
GP_PRAC_PAT_LIST,01/04/2026,C83007,LAKESIDE HEALTHCARE STAMFORD,E01026240,ALL,3
GP_PRAC_PAT_LIST,01/04/2026,C83007,LAKESIDE HEALTHCARE STAMFORD,E01026241,ALL,3
GP_PRAC_PAT_LIST,01/04/2026,C83007,LAKESIDE HEALTHCARE STAMFORD,E01026242,ALL,1
GP_PRAC_PAT_LIST,01/04/2026,C83007,LAKESIDE HEALTHCARE STAMFORD,E01026252,ALL,1
GP_PRAC_PAT_LIST,01/04/2026,C83007,LAKESIDE HEALTHCARE STAMFORD,E01026282,ALL,1
GP_PRAC_PAT_LIST,01/04/2026,C83007,LAKESIDE HEALTHCARE STAMFORD,E01026284,ALL,1
GP_PRAC_PAT_LIST,01/04/2026,C83007,LAKESIDE HEALTHCARE STAMFORD,E01026287,ALL,1289
GP_PRAC_PAT_LIST,01/04/2026,C83007,LAKESIDE HEALTHCARE STAMFORD,E01026288,ALL,1625
GP_PRAC_PAT_LIST,01/04/2026,C83007,LAKESIDE HEALTHCARE STAMFORD,E01026289,ALL,2137
GP_PRAC_PAT_LIST,01/04/2026,C83007,LAKESIDE HEALTHCARE STAMFORD,E01026290,ALL,1
GP_PRAC_PAT_LIST,01/04/2026,C83007,LAKESIDE HEALTHCARE STAMFORD,E01026297,ALL,3
GP_PRAC_PAT_LIST,01/04/2026,C83007,LAKESIDE HEALTHCARE STAMFORD,E01026298,ALL,2
GP_PRAC_PAT_LIST,01/04/2026,C83007,LAKESIDE HEALTHCARE STAMFORD,E01026299,ALL,5
GP_PRAC_PAT_LIST,01/04/2026,C83007,LAKESIDE HEALTHCARE STAMFORD,E01026304,ALL,3
GP_PRAC_PAT_LIST,01/04/2026,C83007,LAKESIDE HEALTHCARE STAMFORD,E01026305,ALL,2
GP_PRAC_PAT_LIST,01/04/2026,C83007,LAKESIDE HEALTHCARE STAMFORD,E01026306,ALL,6
GP_PRAC_PAT_LIST,01/04/2026,C83007,LAKESIDE HEALTHCARE STAMFORD,E01026308,ALL,1
GP_PRAC_PAT_LIST,01/04/2026,C83007,LAKESIDE HEALTHCARE STAMFORD,E01026312,ALL,1
GP_PRAC_PAT_LIST,01/04/2026,C83007,LAKESIDE HEALTHCARE STAMFORD,E01026316,ALL,5
GP_PRAC_PAT_LIST,01/04/2026,C83007,LAKESIDE HEALTHCARE STAMFORD,E01026317,ALL,1
GP_PRAC_PAT_LIST,01/04/2026,C83007,LAKESIDE HEALTHCARE STAMFORD,E01026326,ALL,1
GP_PRAC_PAT_LIST,01/04/2026,C83007,LAKESIDE HEALTHCARE STAMFORD,E01026330,ALL,426
GP_PRAC_PAT_LIST,01/04/2026,C83007,LAKESIDE HEALTHCARE STAMFORD,E01026331,ALL,2
GP_PRAC_PAT_LIST,01/04/2026,C83007,LAKESIDE HEALTHCARE STAMFORD,E01026332,ALL,2
GP_PRAC_PAT_LIST,01/04/2026,C83007,LAKESIDE HEALTHCARE STAMFORD,E01026334,ALL,12
GP_PRAC_PAT_LIST,01/04/2026,C83007,LAKESIDE HEALTHCARE STAMFORD,E01026335,ALL,1
GP_PRAC_PAT_LIST,01/04/2026,C83007,LAKESIDE HEALTHCARE STAMFORD,E01026336,ALL,3
GP_PRAC_PAT_LIST,01/04/2026,C83007,LAKESIDE HEALTHCARE STAMFORD,E01026338,ALL,37
GP_PRAC_PAT_LIST,01/04/2026,C83007,LAKESIDE HEALTHCARE STAMFORD,E01026339,ALL,5
GP_PRAC_PAT_LIST,01/04/2026,C83007,LAKESIDE HEALTHCARE STAMFORD,E01026340,ALL,1
GP_PRAC_PAT_LIST,01/04/2026,C83007,LAKESIDE HEALTHCARE STAMFORD,E01026341,ALL,1
GP_PRAC_PAT_LIST,01/04/2026,C83007,LAKESIDE HEALTHCARE STAMFORD,E01026343,ALL,1
GP_PRAC_PAT_LIST,01/04/2026,C83007,LAKESIDE HEALTHCARE STAMFORD,E01026344,ALL,1
GP_PRAC_PAT_LIST,01/04/2026,C83007,LAKESIDE HEALTHCARE STAMFORD,E01026346,ALL,1041
GP_PRAC_PAT_LIST,01/04/2026,C83007,LAKESIDE HEALTHCARE STAMFORD,E01026347,ALL,1400
GP_PRAC_PAT_LIST,01/04/2026,C83007,LAKESIDE HEALTHCARE STAMFORD,E01026348,ALL,1233
GP_PRAC_PAT_LIST,01/04/2026,C83007,LAKESIDE HEALTHCARE STAMFORD,E01026349,ALL,1313
GP_PRAC_PAT_LIST,01/04/2026,C83007,LAKESIDE HEALTHCARE STAMFORD,E01026350,ALL,2162
GP_PRAC_PAT_LIST,01/04/2026,C83007,LAKESIDE HEALTHCARE STAMFORD,E01026351,ALL,1419
GP_PRAC_PAT_LIST,01/04/2026,C83007,LAKESIDE HEALTHCARE STAMFORD,E01026356,ALL,1162
GP_PRAC_PAT_LIST,01/04/2026,C83007,LAKESIDE HEALTHCARE STAMFORD,E01026357,ALL,1157
GP_PRAC_PAT_LIST,01/04/2026,C83007,LAKESIDE HEALTHCARE STAMFORD,E01026358,ALL,1113
GP_PRAC_PAT_LIST,01/04/2026,C83007,LAKESIDE HEALTHCARE STAMFORD,E01026359,ALL,2190
GP_PRAC_PAT_LIST,01/04/2026,C83007,LAKESIDE HEALTHCARE STAMFORD,E01026360,ALL,3
GP_PRAC_PAT_LIST,01/04/2026,C83007,LAKESIDE HEALTHCARE STAMFORD,E01026361,ALL,1
GP_PRAC_PAT_LIST,01/04/2026,C83007,LAKESIDE HEALTHCARE STAMFORD,E01026362,ALL,10
GP_PRAC_PAT_LIST,01/04/2026,C83007,LAKESIDE HEALTHCARE STAMFORD,E01026363,ALL,1185
GP_PRAC_PAT_LIST,01/04/2026,C83007,LAKESIDE HEALTHCARE STAMFORD,E01026364,ALL,11
GP_PRAC_PAT_LIST,01/04/2026,C83007,LAKESIDE HEALTHCARE STAMFORD,E01026400,ALL,1
GP_PRAC_PAT_LIST,01/04/2026,C83007,LAKESIDE HEALTHCARE STAMFORD,E01026411,ALL,1
GP_PRAC_PAT_LIST,01/04/2026,C83007,LAKESIDE HEALTHCARE STAMFORD,E01026913,ALL,1
GP_PRAC_PAT_LIST,01/04/2026,C83007,LAKESIDE HEALTHCARE STAMFORD,E01026959,ALL,1
GP_PRAC_PAT_LIST,01/04/2026,C83007,LAKESIDE HEALTHCARE STAMFORD,E01026969,ALL,1
GP_PRAC_PAT_LIST,01/04/2026,C83007,LAKESIDE HEALTHCARE STAMFORD,E01026979,ALL,1
GP_PRAC_PAT_LIST,01/04/2026,C83007,LAKESIDE HEALTHCARE STAMFORD,E01027030,ALL,1
GP_PRAC_PAT_LIST,01/04/2026,C83007,LAKESIDE HEALTHCARE STAMFORD,E01027033,ALL,841
GP_PRAC_PAT_LIST,01/04/2026,C83007,LAKESIDE HEALTHCARE STAMFORD,E01027043,ALL,10
GP_PRAC_PAT_LIST,01/04/2026,C83007,LAKESIDE HEALTHCARE STAMFORD,E01027044,ALL,2
GP_PRAC_PAT_LIST,01/04/2026,C83007,LAKESIDE HEALTHCARE STAMFORD,E01027046,ALL,1
GP_PRAC_PAT_LIST,01/04/2026,C83007,LAKESIDE HEALTHCARE STAMFORD,E01027050,ALL,4
GP_PRAC_PAT_LIST,01/04/2026,C83007,LAKESIDE HEALTHCARE STAMFORD,E01027079,ALL,1
GP_PRAC_PAT_LIST,01/04/2026,C83007,LAKESIDE HEALTHCARE STAMFORD,E01027103,ALL,1
GP_PRAC_PAT_LIST,01/04/2026,C83007,LAKESIDE HEALTHCARE STAMFORD,E01027107,ALL,1
GP_PRAC_PAT_LIST,01/04/2026,C83007,LAKESIDE HEALTHCARE STAMFORD,E01027113,ALL,1
GP_PRAC_PAT_LIST,01/04/2026,C83007,LAKESIDE HEALTHCARE STAMFORD,E01027320,ALL,1
GP_PRAC_PAT_LIST,01/04/2026,C83007,LAKESIDE HEALTHCARE STAMFORD,E01027367,ALL,1
GP_PRAC_PAT_LIST,01/04/2026,C83007,LAKESIDE HEALTHCARE STAMFORD,E01028411,ALL,1
GP_PRAC_PAT_LIST,01/04/2026,C83007,LAKESIDE HEALTHCARE STAMFORD,E01029408,ALL,1
GP_PRAC_PAT_LIST,01/04/2026,C83007,LAKESIDE HEALTHCARE STAMFORD,E01029736,ALL,1
GP_PRAC_PAT_LIST,01/04/2026,C83007,LAKESIDE HEALTHCARE STAMFORD,E01030200,ALL,1
GP_PRAC_PAT_LIST,01/04/2026,C83007,LAKESIDE HEALTHCARE STAMFORD,E01031443,ALL,1
GP_PRAC_PAT_LIST,01/04/2026,C83007,LAKESIDE HEALTHCARE STAMFORD,E01031656,ALL,1
GP_PRAC_PAT_LIST,01/04/2026,C83007,LAKESIDE HEALTHCARE STAMFORD,E01032054,ALL,1
GP_PRAC_PAT_LIST,01/04/2026,C83007,LAKESIDE HEALTHCARE STAMFORD,E01032612,ALL,1
GP_PRAC_PAT_LIST,01/04/2026,C83007,LAKESIDE HEALTHCARE STAMFORD,E01032782,ALL,1
GP_PRAC_PAT_LIST,01/04/2026,C83007,LAKESIDE HEALTHCARE STAMFORD,E01032986,ALL,1
GP_PRAC_PAT_LIST,01/04/2026,C83007,LAKESIDE HEALTHCARE STAMFORD,E01032997,ALL,3
GP_PRAC_PAT_LIST,01/04/2026,C83007,LAKESIDE HEALTHCARE STAMFORD,E01032998,ALL,4
GP_PRAC_PAT_LIST,01/04/2026,C83007,LAKESIDE HEALTHCARE STAMFORD,E01033174,ALL,3
GP_PRAC_PAT_LIST,01/04/2026,C83007,LAKESIDE HEALTHCARE STAMFORD,E01033175,ALL,1
GP_PRAC_PAT_LIST,01/04/2026,C83007,LAKESIDE HEALTHCARE STAMFORD,E01033177,ALL,1
GP_PRAC_PAT_LIST,01/04/2026,C83007,LAKESIDE HEALTHCARE STAMFORD,E01033182,ALL,1
GP_PRAC_PAT_LIST,01/04/2026,C83007,LAKESIDE HEALTHCARE STAMFORD,E01033272,ALL,1
GP_PRAC_PAT_LIST,01/04/2026,C83007,LAKESIDE HEALTHCARE STAMFORD,E01034219,ALL,1
GP_PRAC_PAT_LIST,01/04/2026,C83007,LAKESIDE HEALTHCARE STAMFORD,E01034445,ALL,1
GP_PRAC_PAT_LIST,01/04/2026,C83007,LAKESIDE HEALTHCARE STAMFORD,E01034702,ALL,2
GP_PRAC_PAT_LIST,01/04/2026,C83007,LAKESIDE HEALTHCARE STAMFORD,E01034703,ALL,3
GP_PRAC_PAT_LIST,01/04/2026,C83007,LAKESIDE HEALTHCARE STAMFORD,E01034704,ALL,10
GP_PRAC_PAT_LIST,01/04/2026,C83007,LAKESIDE HEALTHCARE STAMFORD,E01034705,ALL,8
GP_PRAC_PAT_LIST,01/04/2026,C83007,LAKESIDE HEALTHCARE STAMFORD,E01034930,ALL,1
GP_PRAC_PAT_LIST,01/04/2026,C83007,LAKESIDE HEALTHCARE STAMFORD,E01034936,ALL,1
GP_PRAC_PAT_LIST,01/04/2026,C83007,LAKESIDE HEALTHCARE STAMFORD,E01035103,ALL,2
GP_PRAC_PAT_LIST,01/04/2026,C83007,LAKESIDE HEALTHCARE STAMFORD,E01035104,ALL,2
GP_PRAC_PAT_LIST,01/04/2026,C83007,LAKESIDE HEALTHCARE STAMFORD,E01035106,ALL,2
GP_PRAC_PAT_LIST,01/04/2026,C83007,LAKESIDE HEALTHCARE STAMFORD,E01035393,ALL,1
GP_PRAC_PAT_LIST,01/04/2026,C83007,LAKESIDE HEALTHCARE STAMFORD,E01035396,ALL,1
GP_PRAC_PAT_LIST,01/04/2026,C83007,LAKESIDE HEALTHCARE STAMFORD,E01035538,ALL,1
GP_PRAC_PAT_LIST,01/04/2026,C83007,LAKESIDE HEALTHCARE STAMFORD,E01035543,ALL,1
GP_PRAC_PAT_LIST,01/04/2026,C83007,LAKESIDE HEALTHCARE STAMFORD,E01035544,ALL,1
GP_PRAC_PAT_LIST,01/04/2026,C83007,LAKESIDE HEALTHCARE STAMFORD,E01035545,ALL,2
GP_PRAC_PAT_LIST,01/04/2026,C83007,LAKESIDE HEALTHCARE STAMFORD,E01035552,ALL,1
GP_PRAC_PAT_LIST,01/04/2026,C83007,LAKESIDE HEALTHCARE STAMFORD,E01035554,ALL,2
GP_PRAC_PAT_LIST,01/04/2026,C83007,LAKESIDE HEALTHCARE STAMFORD,EMPTY,ALL,24
GP_PRAC_PAT_LIST,01/04/2026,C83007,LAKESIDE HEALTHCARE STAMFORD,W01000505,ALL,1
GP_PRAC_PAT_LIST,01/04/2026,C83008,SWINGBRIDGE SURGERY,CLOSED,ALL,2
GP_PRAC_PAT_LIST,01/04/2026,C83008,SWINGBRIDGE SURGERY,E01002341,ALL,1
GP_PRAC_PAT_LIST,01/04/2026,C83008,SWINGBRIDGE SURGERY,E01008040,ALL,1
GP_PRAC_PAT_LIST,01/04/2026,C83008,SWINGBRIDGE SURGERY,E01012000,ALL,1
GP_PRAC_PAT_LIST,01/04/2026,C83008,SWINGBRIDGE SURGERY,E01013172,ALL,1
GP_PRAC_PAT_LIST,01/04/2026,C83008,SWINGBRIDGE SURGERY,E01013790,ALL,1
GP_PRAC_PAT_LIST,01/04/2026,C83008,SWINGBRIDGE SURGERY,E01013799,ALL,1
GP_PRAC_PAT_LIST,01/04/2026,C83008,SWINGBRIDGE SURGERY,E01013822,ALL,1
GP_PRAC_PAT_LIST,01/04/2026,C83008,SWINGBRIDGE SURGERY,E01013920,ALL,1
GP_PRAC_PAT_LIST,01/04/2026,C83008,SWINGBRIDGE SURGERY,E01015599,ALL,1
GP_PRAC_PAT_LIST,01/04/2026,C83008,SWINGBRIDGE SURGERY,E01018068,ALL,1
GP_PRAC_PAT_LIST,01/04/2026,C83008,SWINGBRIDGE SURGERY,E01019157,ALL,1
GP_PRAC_PAT_LIST,01/04/2026,C83008,SWINGBRIDGE SURGERY,E01023547,ALL,1
GP_PRAC_PAT_LIST,01/04/2026,C83008,SWINGBRIDGE SURGERY,E01023843,ALL,1
GP_PRAC_PAT_LIST,01/04/2026,C83008,SWINGBRIDGE SURGERY,E01025885,ALL,1
GP_PRAC_PAT_LIST,01/04/2026,C83008,SWINGBRIDGE SURGERY,E01025886,ALL,3
GP_PRAC_PAT_LIST,01/04/2026,C83008,SWINGBRIDGE SURGERY,E01025887,ALL,1
GP_PRAC_PAT_LIST,01/04/2026,C83008,SWINGBRIDGE SURGERY,E01025892,ALL,1
GP_PRAC_PAT_LIST,01/04/2026,C83008,SWINGBRIDGE SURGERY,E01025936,ALL,1
GP_PRAC_PAT_LIST,01/04/2026,C83008,SWINGBRIDGE SURGERY,E01026016,ALL,1
GP_PRAC_PAT_LIST,01/04/2026,C83008,SWINGBRIDGE SURGERY,E01026125,ALL,2
GP_PRAC_PAT_LIST,01/04/2026,C83008,SWINGBRIDGE SURGERY,E01026177,ALL,1
GP_PRAC_PAT_LIST,01/04/2026,C83008,SWINGBRIDGE SURGERY,E01026207,ALL,1
GP_PRAC_PAT_LIST,01/04/2026,C83008,SWINGBRIDGE SURGERY,E01026221,ALL,1
GP_PRAC_PAT_LIST,01/04/2026,C83008,SWINGBRIDGE SURGERY,E01026224,ALL,1
GP_PRAC_PAT_LIST,01/04/2026,C83008,SWINGBRIDGE SURGERY,E01026228,ALL,3
GP_PRAC_PAT_LIST,01/04/2026,C83008,SWINGBRIDGE SURGERY,E01026232,ALL,1
GP_PRAC_PAT_LIST,01/04/2026,C83008,SWINGBRIDGE SURGERY,E01026288,ALL,1
GP_PRAC_PAT_LIST,01/04/2026,C83008,SWINGBRIDGE SURGERY,E01026291,ALL,829
GP_PRAC_PAT_LIST,01/04/2026,C83008,SWINGBRIDGE SURGERY,E01026292,ALL,59
GP_PRAC_PAT_LIST,01/04/2026,C83008,SWINGBRIDGE SURGERY,E01026293,ALL,90
GP_PRAC_PAT_LIST,01/04/2026,C83008,SWINGBRIDGE SURGERY,E01026294,ALL,68
GP_PRAC_PAT_LIST,01/04/2026,C83008,SWINGBRIDGE SURGERY,E01026298,ALL,1
GP_PRAC_PAT_LIST,01/04/2026,C83008,SWINGBRIDGE SURGERY,E01026308,ALL,691
GP_PRAC_PAT_LIST,01/04/2026,C83008,SWINGBRIDGE SURGERY,E01026309,ALL,484
GP_PRAC_PAT_LIST,01/04/2026,C83008,SWINGBRIDGE SURGERY,E01026310,ALL,519
GP_PRAC_PAT_LIST,01/04/2026,C83008,SWINGBRIDGE SURGERY,E01026311,ALL,489
GP_PRAC_PAT_LIST,01/04/2026,C83008,SWINGBRIDGE SURGERY,E01026312,ALL,640
GP_PRAC_PAT_LIST,01/04/2026,C83008,SWINGBRIDGE SURGERY,E01026313,ALL,19
GP_PRAC_PAT_LIST,01/04/2026,C83008,SWINGBRIDGE SURGERY,E01026315,ALL,102
GP_PRAC_PAT_LIST,01/04/2026,C83008,SWINGBRIDGE SURGERY,E01026316,ALL,4
GP_PRAC_PAT_LIST,01/04/2026,C83008,SWINGBRIDGE SURGERY,E01026317,ALL,310
GP_PRAC_PAT_LIST,01/04/2026,C83008,SWINGBRIDGE SURGERY,E01026318,ALL,237
GP_PRAC_PAT_LIST,01/04/2026,C83008,SWINGBRIDGE SURGERY,E01026319,ALL,655
GP_PRAC_PAT_LIST,01/04/2026,C83008,SWINGBRIDGE SURGERY,E01026321,ALL,465
GP_PRAC_PAT_LIST,01/04/2026,C83008,SWINGBRIDGE SURGERY,E01026322,ALL,213
GP_PRAC_PAT_LIST,01/04/2026,C83008,SWINGBRIDGE SURGERY,E01026323,ALL,98
GP_PRAC_PAT_LIST,01/04/2026,C83008,SWINGBRIDGE SURGERY,E01026324,ALL,163
GP_PRAC_PAT_LIST,01/04/2026,C83008,SWINGBRIDGE SURGERY,E01026325,ALL,62
GP_PRAC_PAT_LIST,01/04/2026,C83008,SWINGBRIDGE SURGERY,E01026326,ALL,32
GP_PRAC_PAT_LIST,01/04/2026,C83008,SWINGBRIDGE SURGERY,E01026327,ALL,52
GP_PRAC_PAT_LIST,01/04/2026,C83008,SWINGBRIDGE SURGERY,E01026328,ALL,107
GP_PRAC_PAT_LIST,01/04/2026,C83008,SWINGBRIDGE SURGERY,E01026329,ALL,2
GP_PRAC_PAT_LIST,01/04/2026,C83008,SWINGBRIDGE SURGERY,E01026331,ALL,15
GP_PRAC_PAT_LIST,01/04/2026,C83008,SWINGBRIDGE SURGERY,E01026332,ALL,17
GP_PRAC_PAT_LIST,01/04/2026,C83008,SWINGBRIDGE SURGERY,E01026333,ALL,9
GP_PRAC_PAT_LIST,01/04/2026,C83008,SWINGBRIDGE SURGERY,E01026339,ALL,1
GP_PRAC_PAT_LIST,01/04/2026,C83008,SWINGBRIDGE SURGERY,E01026340,ALL,105
GP_PRAC_PAT_LIST,01/04/2026,C83008,SWINGBRIDGE SURGERY,E01026343,ALL,70
GP_PRAC_PAT_LIST,01/04/2026,C83008,SWINGBRIDGE SURGERY,E01026344,ALL,104
GP_PRAC_PAT_LIST,01/04/2026,C83008,SWINGBRIDGE SURGERY,E01026345,ALL,71
GP_PRAC_PAT_LIST,01/04/2026,C83008,SWINGBRIDGE SURGERY,E01026352,ALL,60
GP_PRAC_PAT_LIST,01/04/2026,C83008,SWINGBRIDGE SURGERY,E01026353,ALL,66
GP_PRAC_PAT_LIST,01/04/2026,C83008,SWINGBRIDGE SURGERY,E01026354,ALL,45
GP_PRAC_PAT_LIST,01/04/2026,C83008,SWINGBRIDGE SURGERY,E01026355,ALL,7
GP_PRAC_PAT_LIST,01/04/2026,C83008,SWINGBRIDGE SURGERY,E01026365,ALL,22
GP_PRAC_PAT_LIST,01/04/2026,C83008,SWINGBRIDGE SURGERY,E01028112,ALL,1
GP_PRAC_PAT_LIST,01/04/2026,C83008,SWINGBRIDGE SURGERY,E01028290,ALL,2
GP_PRAC_PAT_LIST,01/04/2026,C83008,SWINGBRIDGE SURGERY,E01028310,ALL,1
GP_PRAC_PAT_LIST,01/04/2026,C83008,SWINGBRIDGE SURGERY,E01028320,ALL,1
GP_PRAC_PAT_LIST,01/04/2026,C83008,SWINGBRIDGE SURGERY,E01028334,ALL,1
GP_PRAC_PAT_LIST,01/04/2026,C83008,SWINGBRIDGE SURGERY,E01030672,ALL,1
GP_PRAC_PAT_LIST,01/04/2026,C83008,SWINGBRIDGE SURGERY,E01033184,ALL,1
GP_PRAC_PAT_LIST,01/04/2026,C83008,SWINGBRIDGE SURGERY,E01033780,ALL,1
GP_PRAC_PAT_LIST,01/04/2026,C83008,SWINGBRIDGE SURGERY,E01034691,ALL,1
GP_PRAC_PAT_LIST,01/04/2026,C83008,SWINGBRIDGE SURGERY,E01034701,ALL,460
GP_PRAC_PAT_LIST,01/04/2026,C83008,SWINGBRIDGE SURGERY,E01034702,ALL,334
GP_PRAC_PAT_LIST,01/04/2026,C83008,SWINGBRIDGE SURGERY,E01034704,ALL,1
GP_PRAC_PAT_LIST,01/04/2026,C83008,SWINGBRIDGE SURGERY,E01035090,ALL,1
GP_PRAC_PAT_LIST,01/04/2026,C83008,SWINGBRIDGE SURGERY,E01035455,ALL,1
GP_PRAC_PAT_LIST,01/04/2026,C83008,SWINGBRIDGE SURGERY,EMPTY,ALL,7
GP_PRAC_PAT_LIST,01/04/2026,C83009,LINDUM MEDICAL PRACTICE,E01005719,ALL,1
GP_PRAC_PAT_LIST,01/04/2026,C83009,LINDUM MEDICAL PRACTICE,E01013208,ALL,1
GP_PRAC_PAT_LIST,01/04/2026,C83009,LINDUM MEDICAL PRACTICE,E01015661,ALL,1
GP_PRAC_PAT_LIST,01/04/2026,C83009,LINDUM MEDICAL PRACTICE,E01018466,ALL,1
GP_PRAC_PAT_LIST,01/04/2026,C83009,LINDUM MEDICAL PRACTICE,E01026073,ALL,1
GP_PRAC_PAT_LIST,01/04/2026,C83009,LINDUM MEDICAL PRACTICE,E01026122,ALL,79
GP_PRAC_PAT_LIST,01/04/2026,C83009,LINDUM MEDICAL PRACTICE,E01026123,ALL,258
GP_PRAC_PAT_LIST,01/04/2026,C83009,LINDUM MEDICAL PRACTICE,E01026124,ALL,23
GP_PRAC_PAT_LIST,01/04/2026,C83009,LINDUM MEDICAL PRACTICE,E01026125,ALL,105
GP_PRAC_PAT_LIST,01/04/2026,C83009,LINDUM MEDICAL PRACTICE,E01026126,ALL,45
GP_PRAC_PAT_LIST,01/04/2026,C83009,LINDUM MEDICAL PRACTICE,E01026131,ALL,1
GP_PRAC_PAT_LIST,01/04/2026,C83009,LINDUM MEDICAL PRACTICE,E01026132,ALL,18
GP_PRAC_PAT_LIST,01/04/2026,C83009,LINDUM MEDICAL PRACTICE,E01026135,ALL,1
GP_PRAC_PAT_LIST,01/04/2026,C83009,LINDUM MEDICAL PRACTICE,E01026140,ALL,2
GP_PRAC_PAT_LIST,01/04/2026,C83009,LINDUM MEDICAL PRACTICE,E01026142,ALL,9
GP_PRAC_PAT_LIST,01/04/2026,C83009,LINDUM MEDICAL PRACTICE,E01026144,ALL,45
GP_PRAC_PAT_LIST,01/04/2026,C83009,LINDUM MEDICAL PRACTICE,E01026145,ALL,65
GP_PRAC_PAT_LIST,01/04/2026,C83009,LINDUM MEDICAL PRACTICE,E01026146,ALL,22
GP_PRAC_PAT_LIST,01/04/2026,C83009,LINDUM MEDICAL PRACTICE,E01026147,ALL,234
GP_PRAC_PAT_LIST,01/04/2026,C83009,LINDUM MEDICAL PRACTICE,E01026148,ALL,153
GP_PRAC_PAT_LIST,01/04/2026,C83009,LINDUM MEDICAL PRACTICE,E01026149,ALL,434
GP_PRAC_PAT_LIST,01/04/2026,C83009,LINDUM MEDICAL PRACTICE,E01026150,ALL,574
GP_PRAC_PAT_LIST,01/04/2026,C83009,LINDUM MEDICAL PRACTICE,E01026151,ALL,280
GP_PRAC_PAT_LIST,01/04/2026,C83009,LINDUM MEDICAL PRACTICE,E01026152,ALL,580
GP_PRAC_PAT_LIST,01/04/2026,C83009,LINDUM MEDICAL PRACTICE,E01026153,ALL,300
GP_PRAC_PAT_LIST,01/04/2026,C83009,LINDUM MEDICAL PRACTICE,E01026154,ALL,444
GP_PRAC_PAT_LIST,01/04/2026,C83009,LINDUM MEDICAL PRACTICE,E01026155,ALL,244
GP_PRAC_PAT_LIST,01/04/2026,C83009,LINDUM MEDICAL PRACTICE,E01026156,ALL,480
GP_PRAC_PAT_LIST,01/04/2026,C83009,LINDUM MEDICAL PRACTICE,E01026157,ALL,483
GP_PRAC_PAT_LIST,01/04/2026,C83009,LINDUM MEDICAL PRACTICE,E01026163,ALL,1
GP_PRAC_PAT_LIST,01/04/2026,C83009,LINDUM MEDICAL PRACTICE,E01026164,ALL,351
GP_PRAC_PAT_LIST,01/04/2026,C83009,LINDUM MEDICAL PRACTICE,E01026165,ALL,680
GP_PRAC_PAT_LIST,01/04/2026,C83009,LINDUM MEDICAL PRACTICE,E01026166,ALL,580
GP_PRAC_PAT_LIST,01/04/2026,C83009,LINDUM MEDICAL PRACTICE,E01026167,ALL,194
GP_PRAC_PAT_LIST,01/04/2026,C83009,LINDUM MEDICAL PRACTICE,E01026168,ALL,757
GP_PRAC_PAT_LIST,01/04/2026,C83009,LINDUM MEDICAL PRACTICE,E01026172,ALL,1
GP_PRAC_PAT_LIST,01/04/2026,C83009,LINDUM MEDICAL PRACTICE,E01026173,ALL,2
GP_PRAC_PAT_LIST,01/04/2026,C83009,LINDUM MEDICAL PRACTICE,E01026174,ALL,2
GP_PRAC_PAT_LIST,01/04/2026,C83009,LINDUM MEDICAL PRACTICE,E01026176,ALL,1
GP_PRAC_PAT_LIST,01/04/2026,C83009,LINDUM MEDICAL PRACTICE,E01026178,ALL,1
GP_PRAC_PAT_LIST,01/04/2026,C83009,LINDUM MEDICAL PRACTICE,E01026196,ALL,1
GP_PRAC_PAT_LIST,01/04/2026,C83009,LINDUM MEDICAL PRACTICE,E01026220,ALL,1
GP_PRAC_PAT_LIST,01/04/2026,C83009,LINDUM MEDICAL PRACTICE,E01026313,ALL,2
GP_PRAC_PAT_LIST,01/04/2026,C83009,LINDUM MEDICAL PRACTICE,E01026369,ALL,68
GP_PRAC_PAT_LIST,01/04/2026,C83009,LINDUM MEDICAL PRACTICE,E01026370,ALL,155
GP_PRAC_PAT_LIST,01/04/2026,C83009,LINDUM MEDICAL PRACTICE,E01026371,ALL,41
GP_PRAC_PAT_LIST,01/04/2026,C83009,LINDUM MEDICAL PRACTICE,E01026372,ALL,41
GP_PRAC_PAT_LIST,01/04/2026,C83009,LINDUM MEDICAL PRACTICE,E01026373,ALL,22
GP_PRAC_PAT_LIST,01/04/2026,C83009,LINDUM MEDICAL PRACTICE,E01026388,ALL,1
GP_PRAC_PAT_LIST,01/04/2026,C83009,LINDUM MEDICAL PRACTICE,E01026393,ALL,33
GP_PRAC_PAT_LIST,01/04/2026,C83009,LINDUM MEDICAL PRACTICE,E01026394,ALL,331
GP_PRAC_PAT_LIST,01/04/2026,C83009,LINDUM MEDICAL PRACTICE,E01026395,ALL,60
GP_PRAC_PAT_LIST,01/04/2026,C83009,LINDUM MEDICAL PRACTICE,E01026398,ALL,2
GP_PRAC_PAT_LIST,01/04/2026,C83009,LINDUM MEDICAL PRACTICE,E01026400,ALL,35
GP_PRAC_PAT_LIST,01/04/2026,C83009,LINDUM MEDICAL PRACTICE,E01026404,ALL,3
GP_PRAC_PAT_LIST,01/04/2026,C83009,LINDUM MEDICAL PRACTICE,E01026405,ALL,32
GP_PRAC_PAT_LIST,01/04/2026,C83009,LINDUM MEDICAL PRACTICE,E01026406,ALL,45
GP_PRAC_PAT_LIST,01/04/2026,C83009,LINDUM MEDICAL PRACTICE,E01026412,ALL,41
GP_PRAC_PAT_LIST,01/04/2026,C83009,LINDUM MEDICAL PRACTICE,E01026413,ALL,16
GP_PRAC_PAT_LIST,01/04/2026,C83009,LINDUM MEDICAL PRACTICE,E01026414,ALL,11
GP_PRAC_PAT_LIST,01/04/2026,C83009,LINDUM MEDICAL PRACTICE,E01027057,ALL,1
GP_PRAC_PAT_LIST,01/04/2026,C83009,LINDUM MEDICAL PRACTICE,E01028296,ALL,1
GP_PRAC_PAT_LIST,01/04/2026,C83009,LINDUM MEDICAL PRACTICE,E01028317,ALL,1
GP_PRAC_PAT_LIST,01/04/2026,C83009,LINDUM MEDICAL PRACTICE,E01029637,ALL,1
GP_PRAC_PAT_LIST,01/04/2026,C83009,LINDUM MEDICAL PRACTICE,E01032988,ALL,1
GP_PRAC_PAT_LIST,01/04/2026,C83009,LINDUM MEDICAL PRACTICE,E01033179,ALL,1
GP_PRAC_PAT_LIST,01/04/2026,C83009,LINDUM MEDICAL PRACTICE,E01033938,ALL,1
GP_PRAC_PAT_LIST,01/04/2026,C83009,LINDUM MEDICAL PRACTICE,E01034687,ALL,21
GP_PRAC_PAT_LIST,01/04/2026,C83009,LINDUM MEDICAL PRACTICE,E01034688,ALL,37
GP_PRAC_PAT_LIST,01/04/2026,C83009,LINDUM MEDICAL PRACTICE,E01034689,ALL,1
GP_PRAC_PAT_LIST,01/04/2026,C83009,LINDUM MEDICAL PRACTICE,E01034691,ALL,6
GP_PRAC_PAT_LIST,01/04/2026,C83009,LINDUM MEDICAL PRACTICE,E01034693,ALL,1
GP_PRAC_PAT_LIST,01/04/2026,C83009,LINDUM MEDICAL PRACTICE,E01034707,ALL,72
GP_PRAC_PAT_LIST,01/04/2026,C83009,LINDUM MEDICAL PRACTICE,EMPTY,ALL,4
GP_PRAC_PAT_LIST,01/04/2026,C83010,PARKSIDE MEDICAL CENTRE,CLOSED,ALL,6
GP_PRAC_PAT_LIST,01/04/2026,C83010,PARKSIDE MEDICAL CENTRE,E01001035,ALL,1
GP_PRAC_PAT_LIST,01/04/2026,C83010,PARKSIDE MEDICAL CENTRE,E01001876,ALL,1
GP_PRAC_PAT_LIST,01/04/2026,C83010,PARKSIDE MEDICAL CENTRE,E01002444,ALL,1
GP_PRAC_PAT_LIST,01/04/2026,C83010,PARKSIDE MEDICAL CENTRE,E01004622,ALL,2
GP_PRAC_PAT_LIST,01/04/2026,C83010,PARKSIDE MEDICAL CENTRE,E01006920,ALL,1
GP_PRAC_PAT_LIST,01/04/2026,C83010,PARKSIDE MEDICAL CENTRE,E01009345,ALL,1
GP_PRAC_PAT_LIST,01/04/2026,C83010,PARKSIDE MEDICAL CENTRE,E01009548,ALL,1
GP_PRAC_PAT_LIST,01/04/2026,C83010,PARKSIDE MEDICAL CENTRE,E01011446,ALL,1
GP_PRAC_PAT_LIST,01/04/2026,C83010,PARKSIDE MEDICAL CENTRE,E01011625,ALL,1
GP_PRAC_PAT_LIST,01/04/2026,C83010,PARKSIDE MEDICAL CENTRE,E01011999,ALL,1
GP_PRAC_PAT_LIST,01/04/2026,C83010,PARKSIDE MEDICAL CENTRE,E01012534,ALL,1
GP_PRAC_PAT_LIST,01/04/2026,C83010,PARKSIDE MEDICAL CENTRE,E01012674,ALL,1
GP_PRAC_PAT_LIST,01/04/2026,C83010,PARKSIDE MEDICAL CENTRE,E01013138,ALL,1
GP_PRAC_PAT_LIST,01/04/2026,C83010,PARKSIDE MEDICAL CENTRE,E01013524,ALL,1
GP_PRAC_PAT_LIST,01/04/2026,C83010,PARKSIDE MEDICAL CENTRE,E01013967,ALL,1
GP_PRAC_PAT_LIST,01/04/2026,C83010,PARKSIDE MEDICAL CENTRE,E01014034,ALL,2
GP_PRAC_PAT_LIST,01/04/2026,C83010,PARKSIDE MEDICAL CENTRE,E01015601,ALL,1
GP_PRAC_PAT_LIST,01/04/2026,C83010,PARKSIDE MEDICAL CENTRE,E01015622,ALL,1
GP_PRAC_PAT_LIST,01/04/2026,C83010,PARKSIDE MEDICAL CENTRE,E01015623,ALL,1
GP_PRAC_PAT_LIST,01/04/2026,C83010,PARKSIDE MEDICAL CENTRE,E01015661,ALL,1
GP_PRAC_PAT_LIST,01/04/2026,C83010,PARKSIDE MEDICAL CENTRE,E01015680,ALL,1
GP_PRAC_PAT_LIST,01/04/2026,C83010,PARKSIDE MEDICAL CENTRE,E01017207,ALL,1
GP_PRAC_PAT_LIST,01/04/2026,C83010,PARKSIDE MEDICAL CENTRE,E01017478,ALL,1
GP_PRAC_PAT_LIST,01/04/2026,C83010,PARKSIDE MEDICAL CENTRE,E01017995,ALL,1
GP_PRAC_PAT_LIST,01/04/2026,C83010,PARKSIDE MEDICAL CENTRE,E01018100,ALL,1
GP_PRAC_PAT_LIST,01/04/2026,C83010,PARKSIDE MEDICAL CENTRE,E01018106,ALL,1
GP_PRAC_PAT_LIST,01/04/2026,C83010,PARKSIDE MEDICAL CENTRE,E01021627,ALL,1
GP_PRAC_PAT_LIST,01/04/2026,C83010,PARKSIDE MEDICAL CENTRE,E01021859,ALL,1
GP_PRAC_PAT_LIST,01/04/2026,C83010,PARKSIDE MEDICAL CENTRE,E01025482,ALL,1
GP_PRAC_PAT_LIST,01/04/2026,C83010,PARKSIDE MEDICAL CENTRE,E01026007,ALL,263
GP_PRAC_PAT_LIST,01/04/2026,C83010,PARKSIDE MEDICAL CENTRE,E01026008,ALL,297
GP_PRAC_PAT_LIST,01/04/2026,C83010,PARKSIDE MEDICAL CENTRE,E01026009,ALL,119
GP_PRAC_PAT_LIST,01/04/2026,C83010,PARKSIDE MEDICAL CENTRE,E01026010,ALL,556
GP_PRAC_PAT_LIST,01/04/2026,C83010,PARKSIDE MEDICAL CENTRE,E01026012,ALL,431
GP_PRAC_PAT_LIST,01/04/2026,C83010,PARKSIDE MEDICAL CENTRE,E01026013,ALL,737
GP_PRAC_PAT_LIST,01/04/2026,C83010,PARKSIDE MEDICAL CENTRE,E01026014,ALL,584
GP_PRAC_PAT_LIST,01/04/2026,C83010,PARKSIDE MEDICAL CENTRE,E01026015,ALL,624
GP_PRAC_PAT_LIST,01/04/2026,C83010,PARKSIDE MEDICAL CENTRE,E01026016,ALL,12
GP_PRAC_PAT_LIST,01/04/2026,C83010,PARKSIDE MEDICAL CENTRE,E01026017,ALL,9
GP_PRAC_PAT_LIST,01/04/2026,C83010,PARKSIDE MEDICAL CENTRE,E01026018,ALL,164
GP_PRAC_PAT_LIST,01/04/2026,C83010,PARKSIDE MEDICAL CENTRE,E01026019,ALL,146
GP_PRAC_PAT_LIST,01/04/2026,C83010,PARKSIDE MEDICAL CENTRE,E01026020,ALL,169
GP_PRAC_PAT_LIST,01/04/2026,C83010,PARKSIDE MEDICAL CENTRE,E01026021,ALL,1263
GP_PRAC_PAT_LIST,01/04/2026,C83010,PARKSIDE MEDICAL CENTRE,E01026022,ALL,1095
GP_PRAC_PAT_LIST,01/04/2026,C83010,PARKSIDE MEDICAL CENTRE,E01026023,ALL,13
GP_PRAC_PAT_LIST,01/04/2026,C83010,PARKSIDE MEDICAL CENTRE,E01026024,ALL,82
GP_PRAC_PAT_LIST,01/04/2026,C83010,PARKSIDE MEDICAL CENTRE,E01026025,ALL,951
GP_PRAC_PAT_LIST,01/04/2026,C83010,PARKSIDE MEDICAL CENTRE,E01026026,ALL,651
GP_PRAC_PAT_LIST,01/04/2026,C83010,PARKSIDE MEDICAL CENTRE,E01026027,ALL,587
GP_PRAC_PAT_LIST,01/04/2026,C83010,PARKSIDE MEDICAL CENTRE,E01026028,ALL,781
GP_PRAC_PAT_LIST,01/04/2026,C83010,PARKSIDE MEDICAL CENTRE,E01026030,ALL,650
GP_PRAC_PAT_LIST,01/04/2026,C83010,PARKSIDE MEDICAL CENTRE,E01026031,ALL,459
GP_PRAC_PAT_LIST,01/04/2026,C83010,PARKSIDE MEDICAL CENTRE,E01026032,ALL,778
GP_PRAC_PAT_LIST,01/04/2026,C83010,PARKSIDE MEDICAL CENTRE,E01026033,ALL,63
GP_PRAC_PAT_LIST,01/04/2026,C83010,PARKSIDE MEDICAL CENTRE,E01026034,ALL,6
GP_PRAC_PAT_LIST,01/04/2026,C83010,PARKSIDE MEDICAL CENTRE,E01026035,ALL,531
GP_PRAC_PAT_LIST,01/04/2026,C83010,PARKSIDE MEDICAL CENTRE,E01026036,ALL,1201
GP_PRAC_PAT_LIST,01/04/2026,C83010,PARKSIDE MEDICAL CENTRE,E01026037,ALL,731
GP_PRAC_PAT_LIST,01/04/2026,C83010,PARKSIDE MEDICAL CENTRE,E01026038,ALL,620
GP_PRAC_PAT_LIST,01/04/2026,C83010,PARKSIDE MEDICAL CENTRE,E01026039,ALL,252
GP_PRAC_PAT_LIST,01/04/2026,C83010,PARKSIDE MEDICAL CENTRE,E01026040,ALL,320
GP_PRAC_PAT_LIST,01/04/2026,C83010,PARKSIDE MEDICAL CENTRE,E01026041,ALL,221
GP_PRAC_PAT_LIST,01/04/2026,C83010,PARKSIDE MEDICAL CENTRE,E01026043,ALL,1
GP_PRAC_PAT_LIST,01/04/2026,C83010,PARKSIDE MEDICAL CENTRE,E01026045,ALL,1
GP_PRAC_PAT_LIST,01/04/2026,C83010,PARKSIDE MEDICAL CENTRE,E01026053,ALL,1
GP_PRAC_PAT_LIST,01/04/2026,C83010,PARKSIDE MEDICAL CENTRE,E01026054,ALL,1
GP_PRAC_PAT_LIST,01/04/2026,C83010,PARKSIDE MEDICAL CENTRE,E01026057,ALL,297
GP_PRAC_PAT_LIST,01/04/2026,C83010,PARKSIDE MEDICAL CENTRE,E01026060,ALL,1
GP_PRAC_PAT_LIST,01/04/2026,C83010,PARKSIDE MEDICAL CENTRE,E01026069,ALL,1
GP_PRAC_PAT_LIST,01/04/2026,C83010,PARKSIDE MEDICAL CENTRE,E01026075,ALL,6
GP_PRAC_PAT_LIST,01/04/2026,C83010,PARKSIDE MEDICAL CENTRE,E01026094,ALL,1
GP_PRAC_PAT_LIST,01/04/2026,C83010,PARKSIDE MEDICAL CENTRE,E01026098,ALL,234
GP_PRAC_PAT_LIST,01/04/2026,C83010,PARKSIDE MEDICAL CENTRE,E01026102,ALL,5
GP_PRAC_PAT_LIST,01/04/2026,C83010,PARKSIDE MEDICAL CENTRE,E01026111,ALL,1
GP_PRAC_PAT_LIST,01/04/2026,C83010,PARKSIDE MEDICAL CENTRE,E01026114,ALL,1
GP_PRAC_PAT_LIST,01/04/2026,C83010,PARKSIDE MEDICAL CENTRE,E01026118,ALL,1
GP_PRAC_PAT_LIST,01/04/2026,C83010,PARKSIDE MEDICAL CENTRE,E01026122,ALL,2
GP_PRAC_PAT_LIST,01/04/2026,C83010,PARKSIDE MEDICAL CENTRE,E01026125,ALL,3
GP_PRAC_PAT_LIST,01/04/2026,C83010,PARKSIDE MEDICAL CENTRE,E01026175,ALL,1
GP_PRAC_PAT_LIST,01/04/2026,C83010,PARKSIDE MEDICAL CENTRE,E01026177,ALL,1
GP_PRAC_PAT_LIST,01/04/2026,C83010,PARKSIDE MEDICAL CENTRE,E01026200,ALL,1
GP_PRAC_PAT_LIST,01/04/2026,C83010,PARKSIDE MEDICAL CENTRE,E01026202,ALL,1
GP_PRAC_PAT_LIST,01/04/2026,C83010,PARKSIDE MEDICAL CENTRE,E01026212,ALL,1
GP_PRAC_PAT_LIST,01/04/2026,C83010,PARKSIDE MEDICAL CENTRE,E01026231,ALL,2
GP_PRAC_PAT_LIST,01/04/2026,C83010,PARKSIDE MEDICAL CENTRE,E01026247,ALL,2
GP_PRAC_PAT_LIST,01/04/2026,C83010,PARKSIDE MEDICAL CENTRE,E01026250,ALL,1
GP_PRAC_PAT_LIST,01/04/2026,C83010,PARKSIDE MEDICAL CENTRE,E01026268,ALL,1
GP_PRAC_PAT_LIST,01/04/2026,C83010,PARKSIDE MEDICAL CENTRE,E01026275,ALL,1
GP_PRAC_PAT_LIST,01/04/2026,C83010,PARKSIDE MEDICAL CENTRE,E01026345,ALL,1
GP_PRAC_PAT_LIST,01/04/2026,C83010,PARKSIDE MEDICAL CENTRE,E01026360,ALL,1
GP_PRAC_PAT_LIST,01/04/2026,C83010,PARKSIDE MEDICAL CENTRE,E01026389,ALL,1
GP_PRAC_PAT_LIST,01/04/2026,C83010,PARKSIDE MEDICAL CENTRE,E01028427,ALL,1
GP_PRAC_PAT_LIST,01/04/2026,C83010,PARKSIDE MEDICAL CENTRE,E01029217,ALL,1
GP_PRAC_PAT_LIST,01/04/2026,C83010,PARKSIDE MEDICAL CENTRE,E01029408,ALL,1
GP_PRAC_PAT_LIST,01/04/2026,C83010,PARKSIDE MEDICAL CENTRE,E01029425,ALL,1
GP_PRAC_PAT_LIST,01/04/2026,C83010,PARKSIDE MEDICAL CENTRE,E01032281,ALL,1
GP_PRAC_PAT_LIST,01/04/2026,C83010,PARKSIDE MEDICAL CENTRE,E01032520,ALL,1
GP_PRAC_PAT_LIST,01/04/2026,C83010,PARKSIDE MEDICAL CENTRE,E01033129,ALL,1
GP_PRAC_PAT_LIST,01/04/2026,C83010,PARKSIDE MEDICAL CENTRE,E01033175,ALL,1
GP_PRAC_PAT_LIST,01/04/2026,C83010,PARKSIDE MEDICAL CENTRE,E01034679,ALL,516
GP_PRAC_PAT_LIST,01/04/2026,C83010,PARKSIDE MEDICAL CENTRE,E01034680,ALL,474
GP_PRAC_PAT_LIST,01/04/2026,C83010,PARKSIDE MEDICAL CENTRE,E01034681,ALL,524
GP_PRAC_PAT_LIST,01/04/2026,C83010,PARKSIDE MEDICAL CENTRE,E01034682,ALL,600
GP_PRAC_PAT_LIST,01/04/2026,C83010,PARKSIDE MEDICAL CENTRE,E01034683,ALL,275
GP_PRAC_PAT_LIST,01/04/2026,C83010,PARKSIDE MEDICAL CENTRE,E01034684,ALL,288
GP_PRAC_PAT_LIST,01/04/2026,C83010,PARKSIDE MEDICAL CENTRE,E01035551,ALL,1
GP_PRAC_PAT_LIST,01/04/2026,C83010,PARKSIDE MEDICAL CENTRE,E01035655,ALL,1
GP_PRAC_PAT_LIST,01/04/2026,C83010,PARKSIDE MEDICAL CENTRE,E01035748,ALL,1
GP_PRAC_PAT_LIST,01/04/2026,C83010,PARKSIDE MEDICAL CENTRE,EMPTY,ALL,15
GP_PRAC_PAT_LIST,01/04/2026,C83011,MILLVIEW MEDICAL CENTRE,CLOSED,ALL,1
GP_PRAC_PAT_LIST,01/04/2026,C83011,MILLVIEW MEDICAL CENTRE,E01003744,ALL,1
GP_PRAC_PAT_LIST,01/04/2026,C83011,MILLVIEW MEDICAL CENTRE,E01013237,ALL,6
GP_PRAC_PAT_LIST,01/04/2026,C83011,MILLVIEW MEDICAL CENTRE,E01015598,ALL,1
GP_PRAC_PAT_LIST,01/04/2026,C83011,MILLVIEW MEDICAL CENTRE,E01018108,ALL,1
GP_PRAC_PAT_LIST,01/04/2026,C83011,MILLVIEW MEDICAL CENTRE,E01022458,ALL,1
GP_PRAC_PAT_LIST,01/04/2026,C83011,MILLVIEW MEDICAL CENTRE,E01025370,ALL,1
GP_PRAC_PAT_LIST,01/04/2026,C83011,MILLVIEW MEDICAL CENTRE,E01026021,ALL,1
GP_PRAC_PAT_LIST,01/04/2026,C83011,MILLVIEW MEDICAL CENTRE,E01026022,ALL,1
GP_PRAC_PAT_LIST,01/04/2026,C83011,MILLVIEW MEDICAL CENTRE,E01026033,ALL,12
GP_PRAC_PAT_LIST,01/04/2026,C83011,MILLVIEW MEDICAL CENTRE,E01026044,ALL,1
GP_PRAC_PAT_LIST,01/04/2026,C83011,MILLVIEW MEDICAL CENTRE,E01026045,ALL,1
GP_PRAC_PAT_LIST,01/04/2026,C83011,MILLVIEW MEDICAL CENTRE,E01026054,ALL,1
GP_PRAC_PAT_LIST,01/04/2026,C83011,MILLVIEW MEDICAL CENTRE,E01026126,ALL,1
GP_PRAC_PAT_LIST,01/04/2026,C83011,MILLVIEW MEDICAL CENTRE,E01026136,ALL,1
GP_PRAC_PAT_LIST,01/04/2026,C83011,MILLVIEW MEDICAL CENTRE,E01026168,ALL,1
GP_PRAC_PAT_LIST,01/04/2026,C83011,MILLVIEW MEDICAL CENTRE,E01026180,ALL,10
GP_PRAC_PAT_LIST,01/04/2026,C83011,MILLVIEW MEDICAL CENTRE,E01026183,ALL,2
GP_PRAC_PAT_LIST,01/04/2026,C83011,MILLVIEW MEDICAL CENTRE,E01026184,ALL,1
GP_PRAC_PAT_LIST,01/04/2026,C83011,MILLVIEW MEDICAL CENTRE,E01026190,ALL,1
GP_PRAC_PAT_LIST,01/04/2026,C83011,MILLVIEW MEDICAL CENTRE,E01026194,ALL,3
GP_PRAC_PAT_LIST,01/04/2026,C83011,MILLVIEW MEDICAL CENTRE,E01026196,ALL,1
GP_PRAC_PAT_LIST,01/04/2026,C83011,MILLVIEW MEDICAL CENTRE,E01026197,ALL,155
GP_PRAC_PAT_LIST,01/04/2026,C83011,MILLVIEW MEDICAL CENTRE,E01026198,ALL,41
GP_PRAC_PAT_LIST,01/04/2026,C83011,MILLVIEW MEDICAL CENTRE,E01026200,ALL,1384
GP_PRAC_PAT_LIST,01/04/2026,C83011,MILLVIEW MEDICAL CENTRE,E01026201,ALL,1257
GP_PRAC_PAT_LIST,01/04/2026,C83011,MILLVIEW MEDICAL CENTRE,E01026202,ALL,1734
GP_PRAC_PAT_LIST,01/04/2026,C83011,MILLVIEW MEDICAL CENTRE,E01026207,ALL,122
GP_PRAC_PAT_LIST,01/04/2026,C83011,MILLVIEW MEDICAL CENTRE,E01026208,ALL,599
GP_PRAC_PAT_LIST,01/04/2026,C83011,MILLVIEW MEDICAL CENTRE,E01026209,ALL,287
GP_PRAC_PAT_LIST,01/04/2026,C83011,MILLVIEW MEDICAL CENTRE,E01026210,ALL,1
GP_PRAC_PAT_LIST,01/04/2026,C83011,MILLVIEW MEDICAL CENTRE,E01026221,ALL,282
GP_PRAC_PAT_LIST,01/04/2026,C83011,MILLVIEW MEDICAL CENTRE,E01026222,ALL,106
GP_PRAC_PAT_LIST,01/04/2026,C83011,MILLVIEW MEDICAL CENTRE,E01026223,ALL,118
GP_PRAC_PAT_LIST,01/04/2026,C83011,MILLVIEW MEDICAL CENTRE,E01026224,ALL,90
GP_PRAC_PAT_LIST,01/04/2026,C83011,MILLVIEW MEDICAL CENTRE,E01026227,ALL,467
GP_PRAC_PAT_LIST,01/04/2026,C83011,MILLVIEW MEDICAL CENTRE,E01026228,ALL,581
GP_PRAC_PAT_LIST,01/04/2026,C83011,MILLVIEW MEDICAL CENTRE,E01026229,ALL,620
GP_PRAC_PAT_LIST,01/04/2026,C83011,MILLVIEW MEDICAL CENTRE,E01026230,ALL,634
GP_PRAC_PAT_LIST,01/04/2026,C83011,MILLVIEW MEDICAL CENTRE,E01026231,ALL,1287
GP_PRAC_PAT_LIST,01/04/2026,C83011,MILLVIEW MEDICAL CENTRE,E01026232,ALL,533
GP_PRAC_PAT_LIST,01/04/2026,C83011,MILLVIEW MEDICAL CENTRE,E01026233,ALL,517
GP_PRAC_PAT_LIST,01/04/2026,C83011,MILLVIEW MEDICAL CENTRE,E01026235,ALL,476
GP_PRAC_PAT_LIST,01/04/2026,C83011,MILLVIEW MEDICAL CENTRE,E01026236,ALL,338
GP_PRAC_PAT_LIST,01/04/2026,C83011,MILLVIEW MEDICAL CENTRE,E01026242,ALL,1
GP_PRAC_PAT_LIST,01/04/2026,C83011,MILLVIEW MEDICAL CENTRE,E01026249,ALL,1
GP_PRAC_PAT_LIST,01/04/2026,C83011,MILLVIEW MEDICAL CENTRE,E01026291,ALL,1
GP_PRAC_PAT_LIST,01/04/2026,C83011,MILLVIEW MEDICAL CENTRE,E01026310,ALL,2
GP_PRAC_PAT_LIST,01/04/2026,C83011,MILLVIEW MEDICAL CENTRE,E01026312,ALL,3
GP_PRAC_PAT_LIST,01/04/2026,C83011,MILLVIEW MEDICAL CENTRE,E01026313,ALL,1
GP_PRAC_PAT_LIST,01/04/2026,C83011,MILLVIEW MEDICAL CENTRE,E01026317,ALL,5
GP_PRAC_PAT_LIST,01/04/2026,C83011,MILLVIEW MEDICAL CENTRE,E01026319,ALL,1
GP_PRAC_PAT_LIST,01/04/2026,C83011,MILLVIEW MEDICAL CENTRE,E01026321,ALL,1
GP_PRAC_PAT_LIST,01/04/2026,C83011,MILLVIEW MEDICAL CENTRE,E01026322,ALL,2
GP_PRAC_PAT_LIST,01/04/2026,C83011,MILLVIEW MEDICAL CENTRE,E01026326,ALL,1
GP_PRAC_PAT_LIST,01/04/2026,C83011,MILLVIEW MEDICAL CENTRE,E01026327,ALL,2
GP_PRAC_PAT_LIST,01/04/2026,C83011,MILLVIEW MEDICAL CENTRE,E01026328,ALL,1
GP_PRAC_PAT_LIST,01/04/2026,C83011,MILLVIEW MEDICAL CENTRE,E01026340,ALL,2
GP_PRAC_PAT_LIST,01/04/2026,C83011,MILLVIEW MEDICAL CENTRE,E01026352,ALL,1
GP_PRAC_PAT_LIST,01/04/2026,C83011,MILLVIEW MEDICAL CENTRE,E01026354,ALL,4
GP_PRAC_PAT_LIST,01/04/2026,C83011,MILLVIEW MEDICAL CENTRE,E01026361,ALL,2
GP_PRAC_PAT_LIST,01/04/2026,C83011,MILLVIEW MEDICAL CENTRE,E01026492,ALL,1
GP_PRAC_PAT_LIST,01/04/2026,C83011,MILLVIEW MEDICAL CENTRE,E01028035,ALL,1
GP_PRAC_PAT_LIST,01/04/2026,C83011,MILLVIEW MEDICAL CENTRE,E01028288,ALL,1
GP_PRAC_PAT_LIST,01/04/2026,C83011,MILLVIEW MEDICAL CENTRE,E01032994,ALL,1
GP_PRAC_PAT_LIST,01/04/2026,C83011,MILLVIEW MEDICAL CENTRE,E01034695,ALL,333
GP_PRAC_PAT_LIST,01/04/2026,C83011,MILLVIEW MEDICAL CENTRE,E01034696,ALL,547
GP_PRAC_PAT_LIST,01/04/2026,C83011,MILLVIEW MEDICAL CENTRE,EMPTY,ALL,4
GP_PRAC_PAT_LIST,01/04/2026,C83013,RUSKINGTON SURGERY,CLOSED,ALL,1
GP_PRAC_PAT_LIST,01/04/2026,C83013,RUSKINGTON SURGERY,E01003833,ALL,1
GP_PRAC_PAT_LIST,01/04/2026,C83013,RUSKINGTON SURGERY,E01026034,ALL,1
GP_PRAC_PAT_LIST,01/04/2026,C83013,RUSKINGTON SURGERY,E01026042,ALL,1
GP_PRAC_PAT_LIST,01/04/2026,C83013,RUSKINGTON SURGERY,E01026124,ALL,2
GP_PRAC_PAT_LIST,01/04/2026,C83013,RUSKINGTON SURGERY,E01026139,ALL,1
GP_PRAC_PAT_LIST,01/04/2026,C83013,RUSKINGTON SURGERY,E01026179,ALL,375
GP_PRAC_PAT_LIST,01/04/2026,C83013,RUSKINGTON SURGERY,E01026180,ALL,568
GP_PRAC_PAT_LIST,01/04/2026,C83013,RUSKINGTON SURGERY,E01026183,ALL,8
GP_PRAC_PAT_LIST,01/04/2026,C83013,RUSKINGTON SURGERY,E01026184,ALL,1
GP_PRAC_PAT_LIST,01/04/2026,C83013,RUSKINGTON SURGERY,E01026196,ALL,1
GP_PRAC_PAT_LIST,01/04/2026,C83013,RUSKINGTON SURGERY,E01026197,ALL,241
GP_PRAC_PAT_LIST,01/04/2026,C83013,RUSKINGTON SURGERY,E01026198,ALL,87
GP_PRAC_PAT_LIST,01/04/2026,C83013,RUSKINGTON SURGERY,E01026200,ALL,8
GP_PRAC_PAT_LIST,01/04/2026,C83013,RUSKINGTON SURGERY,E01026201,ALL,1
GP_PRAC_PAT_LIST,01/04/2026,C83013,RUSKINGTON SURGERY,E01026202,ALL,13
GP_PRAC_PAT_LIST,01/04/2026,C83013,RUSKINGTON SURGERY,E01026203,ALL,1
GP_PRAC_PAT_LIST,01/04/2026,C83013,RUSKINGTON SURGERY,E01026206,ALL,1
GP_PRAC_PAT_LIST,01/04/2026,C83013,RUSKINGTON SURGERY,E01026207,ALL,161
GP_PRAC_PAT_LIST,01/04/2026,C83013,RUSKINGTON SURGERY,E01026208,ALL,167
GP_PRAC_PAT_LIST,01/04/2026,C83013,RUSKINGTON SURGERY,E01026209,ALL,568
GP_PRAC_PAT_LIST,01/04/2026,C83013,RUSKINGTON SURGERY,E01026210,ALL,7
GP_PRAC_PAT_LIST,01/04/2026,C83013,RUSKINGTON SURGERY,E01026211,ALL,1
GP_PRAC_PAT_LIST,01/04/2026,C83013,RUSKINGTON SURGERY,E01026212,ALL,6
GP_PRAC_PAT_LIST,01/04/2026,C83013,RUSKINGTON SURGERY,E01026213,ALL,7
GP_PRAC_PAT_LIST,01/04/2026,C83013,RUSKINGTON SURGERY,E01026221,ALL,10
GP_PRAC_PAT_LIST,01/04/2026,C83013,RUSKINGTON SURGERY,E01026222,ALL,1402
GP_PRAC_PAT_LIST,01/04/2026,C83013,RUSKINGTON SURGERY,E01026223,ALL,1738
GP_PRAC_PAT_LIST,01/04/2026,C83013,RUSKINGTON SURGERY,E01026224,ALL,1334
GP_PRAC_PAT_LIST,01/04/2026,C83013,RUSKINGTON SURGERY,E01026227,ALL,55
GP_PRAC_PAT_LIST,01/04/2026,C83013,RUSKINGTON SURGERY,E01026228,ALL,89
GP_PRAC_PAT_LIST,01/04/2026,C83013,RUSKINGTON SURGERY,E01026229,ALL,163
GP_PRAC_PAT_LIST,01/04/2026,C83013,RUSKINGTON SURGERY,E01026230,ALL,146
GP_PRAC_PAT_LIST,01/04/2026,C83013,RUSKINGTON SURGERY,E01026231,ALL,186
GP_PRAC_PAT_LIST,01/04/2026,C83013,RUSKINGTON SURGERY,E01026232,ALL,112
GP_PRAC_PAT_LIST,01/04/2026,C83013,RUSKINGTON SURGERY,E01026233,ALL,120
GP_PRAC_PAT_LIST,01/04/2026,C83013,RUSKINGTON SURGERY,E01026235,ALL,60
GP_PRAC_PAT_LIST,01/04/2026,C83013,RUSKINGTON SURGERY,E01026236,ALL,72
GP_PRAC_PAT_LIST,01/04/2026,C83013,RUSKINGTON SURGERY,E01026242,ALL,1
GP_PRAC_PAT_LIST,01/04/2026,C83013,RUSKINGTON SURGERY,E01026332,ALL,1
GP_PRAC_PAT_LIST,01/04/2026,C83013,RUSKINGTON SURGERY,E01026345,ALL,1
GP_PRAC_PAT_LIST,01/04/2026,C83013,RUSKINGTON SURGERY,E01028415,ALL,1
GP_PRAC_PAT_LIST,01/04/2026,C83013,RUSKINGTON SURGERY,E01033024,ALL,1
GP_PRAC_PAT_LIST,01/04/2026,C83013,RUSKINGTON SURGERY,E01033394,ALL,1
GP_PRAC_PAT_LIST,01/04/2026,C83013,RUSKINGTON SURGERY,E01034683,ALL,1
GP_PRAC_PAT_LIST,01/04/2026,C83013,RUSKINGTON SURGERY,E01034693,ALL,1
GP_PRAC_PAT_LIST,01/04/2026,C83013,RUSKINGTON SURGERY,E01034695,ALL,80
GP_PRAC_PAT_LIST,01/04/2026,C83013,RUSKINGTON SURGERY,E01034696,ALL,110
GP_PRAC_PAT_LIST,01/04/2026,C83013,RUSKINGTON SURGERY,EMPTY,ALL,1
GP_PRAC_PAT_LIST,01/04/2026,C83014,BOULTHAM PARK MEDICAL PRACTICE,E01001244,ALL,1
GP_PRAC_PAT_LIST,01/04/2026,C83014,BOULTHAM PARK MEDICAL PRACTICE,E01008104,ALL,1
GP_PRAC_PAT_LIST,01/04/2026,C83014,BOULTHAM PARK MEDICAL PRACTICE,E01011334,ALL,1
GP_PRAC_PAT_LIST,01/04/2026,C83014,BOULTHAM PARK MEDICAL PRACTICE,E01026122,ALL,3
GP_PRAC_PAT_LIST,01/04/2026,C83014,BOULTHAM PARK MEDICAL PRACTICE,E01026125,ALL,1
GP_PRAC_PAT_LIST,01/04/2026,C83014,BOULTHAM PARK MEDICAL PRACTICE,E01026126,ALL,1
GP_PRAC_PAT_LIST,01/04/2026,C83014,BOULTHAM PARK MEDICAL PRACTICE,E01026127,ALL,19
GP_PRAC_PAT_LIST,01/04/2026,C83014,BOULTHAM PARK MEDICAL PRACTICE,E01026129,ALL,5
GP_PRAC_PAT_LIST,01/04/2026,C83014,BOULTHAM PARK MEDICAL PRACTICE,E01026130,ALL,102
GP_PRAC_PAT_LIST,01/04/2026,C83014,BOULTHAM PARK MEDICAL PRACTICE,E01026131,ALL,28
GP_PRAC_PAT_LIST,01/04/2026,C83014,BOULTHAM PARK MEDICAL PRACTICE,E01026132,ALL,2
GP_PRAC_PAT_LIST,01/04/2026,C83014,BOULTHAM PARK MEDICAL PRACTICE,E01026134,ALL,109
GP_PRAC_PAT_LIST,01/04/2026,C83014,BOULTHAM PARK MEDICAL PRACTICE,E01026135,ALL,1536
GP_PRAC_PAT_LIST,01/04/2026,C83014,BOULTHAM PARK MEDICAL PRACTICE,E01026136,ALL,1340
GP_PRAC_PAT_LIST,01/04/2026,C83014,BOULTHAM PARK MEDICAL PRACTICE,E01026137,ALL,16
GP_PRAC_PAT_LIST,01/04/2026,C83014,BOULTHAM PARK MEDICAL PRACTICE,E01026138,ALL,22
GP_PRAC_PAT_LIST,01/04/2026,C83014,BOULTHAM PARK MEDICAL PRACTICE,E01026139,ALL,54
GP_PRAC_PAT_LIST,01/04/2026,C83014,BOULTHAM PARK MEDICAL PRACTICE,E01026140,ALL,11
GP_PRAC_PAT_LIST,01/04/2026,C83014,BOULTHAM PARK MEDICAL PRACTICE,E01026141,ALL,118
GP_PRAC_PAT_LIST,01/04/2026,C83014,BOULTHAM PARK MEDICAL PRACTICE,E01026142,ALL,30
GP_PRAC_PAT_LIST,01/04/2026,C83014,BOULTHAM PARK MEDICAL PRACTICE,E01026145,ALL,1
GP_PRAC_PAT_LIST,01/04/2026,C83014,BOULTHAM PARK MEDICAL PRACTICE,E01026146,ALL,1
GP_PRAC_PAT_LIST,01/04/2026,C83014,BOULTHAM PARK MEDICAL PRACTICE,E01026147,ALL,4
GP_PRAC_PAT_LIST,01/04/2026,C83014,BOULTHAM PARK MEDICAL PRACTICE,E01026149,ALL,1
GP_PRAC_PAT_LIST,01/04/2026,C83014,BOULTHAM PARK MEDICAL PRACTICE,E01026152,ALL,1
GP_PRAC_PAT_LIST,01/04/2026,C83014,BOULTHAM PARK MEDICAL PRACTICE,E01026156,ALL,1
GP_PRAC_PAT_LIST,01/04/2026,C83014,BOULTHAM PARK MEDICAL PRACTICE,E01026158,ALL,60
GP_PRAC_PAT_LIST,01/04/2026,C83014,BOULTHAM PARK MEDICAL PRACTICE,E01026159,ALL,14
GP_PRAC_PAT_LIST,01/04/2026,C83014,BOULTHAM PARK MEDICAL PRACTICE,E01026160,ALL,12
GP_PRAC_PAT_LIST,01/04/2026,C83014,BOULTHAM PARK MEDICAL PRACTICE,E01026161,ALL,607
GP_PRAC_PAT_LIST,01/04/2026,C83014,BOULTHAM PARK MEDICAL PRACTICE,E01026162,ALL,376
GP_PRAC_PAT_LIST,01/04/2026,C83014,BOULTHAM PARK MEDICAL PRACTICE,E01026163,ALL,18
GP_PRAC_PAT_LIST,01/04/2026,C83014,BOULTHAM PARK MEDICAL PRACTICE,E01026164,ALL,1
GP_PRAC_PAT_LIST,01/04/2026,C83014,BOULTHAM PARK MEDICAL PRACTICE,E01026169,ALL,857
GP_PRAC_PAT_LIST,01/04/2026,C83014,BOULTHAM PARK MEDICAL PRACTICE,E01026170,ALL,933
GP_PRAC_PAT_LIST,01/04/2026,C83014,BOULTHAM PARK MEDICAL PRACTICE,E01026171,ALL,345
GP_PRAC_PAT_LIST,01/04/2026,C83014,BOULTHAM PARK MEDICAL PRACTICE,E01026172,ALL,1296
GP_PRAC_PAT_LIST,01/04/2026,C83014,BOULTHAM PARK MEDICAL PRACTICE,E01026173,ALL,1343
GP_PRAC_PAT_LIST,01/04/2026,C83014,BOULTHAM PARK MEDICAL PRACTICE,E01026174,ALL,36
GP_PRAC_PAT_LIST,01/04/2026,C83014,BOULTHAM PARK MEDICAL PRACTICE,E01026175,ALL,62
GP_PRAC_PAT_LIST,01/04/2026,C83014,BOULTHAM PARK MEDICAL PRACTICE,E01026176,ALL,8
GP_PRAC_PAT_LIST,01/04/2026,C83014,BOULTHAM PARK MEDICAL PRACTICE,E01026177,ALL,2
GP_PRAC_PAT_LIST,01/04/2026,C83014,BOULTHAM PARK MEDICAL PRACTICE,E01026178,ALL,12
GP_PRAC_PAT_LIST,01/04/2026,C83014,BOULTHAM PARK MEDICAL PRACTICE,E01026183,ALL,1
GP_PRAC_PAT_LIST,01/04/2026,C83014,BOULTHAM PARK MEDICAL PRACTICE,E01026187,ALL,2
GP_PRAC_PAT_LIST,01/04/2026,C83014,BOULTHAM PARK MEDICAL PRACTICE,E01026214,ALL,18
GP_PRAC_PAT_LIST,01/04/2026,C83014,BOULTHAM PARK MEDICAL PRACTICE,E01026215,ALL,26
GP_PRAC_PAT_LIST,01/04/2026,C83014,BOULTHAM PARK MEDICAL PRACTICE,E01026218,ALL,1
GP_PRAC_PAT_LIST,01/04/2026,C83014,BOULTHAM PARK MEDICAL PRACTICE,E01026219,ALL,9
GP_PRAC_PAT_LIST,01/04/2026,C83014,BOULTHAM PARK MEDICAL PRACTICE,E01026220,ALL,17
GP_PRAC_PAT_LIST,01/04/2026,C83014,BOULTHAM PARK MEDICAL PRACTICE,E01026226,ALL,1
GP_PRAC_PAT_LIST,01/04/2026,C83014,BOULTHAM PARK MEDICAL PRACTICE,E01026237,ALL,3
GP_PRAC_PAT_LIST,01/04/2026,C83014,BOULTHAM PARK MEDICAL PRACTICE,E01026345,ALL,1
GP_PRAC_PAT_LIST,01/04/2026,C83014,BOULTHAM PARK MEDICAL PRACTICE,E01026369,ALL,1
GP_PRAC_PAT_LIST,01/04/2026,C83014,BOULTHAM PARK MEDICAL PRACTICE,E01026373,ALL,1
GP_PRAC_PAT_LIST,01/04/2026,C83014,BOULTHAM PARK MEDICAL PRACTICE,E01026378,ALL,5
GP_PRAC_PAT_LIST,01/04/2026,C83014,BOULTHAM PARK MEDICAL PRACTICE,E01026380,ALL,1
GP_PRAC_PAT_LIST,01/04/2026,C83014,BOULTHAM PARK MEDICAL PRACTICE,E01028125,ALL,4
GP_PRAC_PAT_LIST,01/04/2026,C83014,BOULTHAM PARK MEDICAL PRACTICE,E01028297,ALL,1
GP_PRAC_PAT_LIST,01/04/2026,C83014,BOULTHAM PARK MEDICAL PRACTICE,E01032988,ALL,2
GP_PRAC_PAT_LIST,01/04/2026,C83014,BOULTHAM PARK MEDICAL PRACTICE,E01032989,ALL,2
GP_PRAC_PAT_LIST,01/04/2026,C83014,BOULTHAM PARK MEDICAL PRACTICE,E01032991,ALL,48
GP_PRAC_PAT_LIST,01/04/2026,C83014,BOULTHAM PARK MEDICAL PRACTICE,E01032992,ALL,5
GP_PRAC_PAT_LIST,01/04/2026,C83014,BOULTHAM PARK MEDICAL PRACTICE,E01032993,ALL,2
GP_PRAC_PAT_LIST,01/04/2026,C83014,BOULTHAM PARK MEDICAL PRACTICE,E01032994,ALL,1
GP_PRAC_PAT_LIST,01/04/2026,C83014,BOULTHAM PARK MEDICAL PRACTICE,E01033515,ALL,1
GP_PRAC_PAT_LIST,01/04/2026,C83014,BOULTHAM PARK MEDICAL PRACTICE,E01034090,ALL,1
GP_PRAC_PAT_LIST,01/04/2026,C83014,BOULTHAM PARK MEDICAL PRACTICE,E01034689,ALL,14
GP_PRAC_PAT_LIST,01/04/2026,C83014,BOULTHAM PARK MEDICAL PRACTICE,E01034690,ALL,15
GP_PRAC_PAT_LIST,01/04/2026,C83014,BOULTHAM PARK MEDICAL PRACTICE,E01034691,ALL,358
GP_PRAC_PAT_LIST,01/04/2026,C83014,BOULTHAM PARK MEDICAL PRACTICE,E01034692,ALL,293
GP_PRAC_PAT_LIST,01/04/2026,C83014,BOULTHAM PARK MEDICAL PRACTICE,E01034694,ALL,1
GP_PRAC_PAT_LIST,01/04/2026,C83014,BOULTHAM PARK MEDICAL PRACTICE,EMPTY,ALL,2
GP_PRAC_PAT_LIST,01/04/2026,C83015,SWINESHEAD SURGERY,CLOSED,ALL,3
GP_PRAC_PAT_LIST,01/04/2026,C83015,SWINESHEAD SURGERY,E01008114,ALL,1
GP_PRAC_PAT_LIST,01/04/2026,C83015,SWINESHEAD SURGERY,E01011440,ALL,1
GP_PRAC_PAT_LIST,01/04/2026,C83015,SWINESHEAD SURGERY,E01013556,ALL,1
GP_PRAC_PAT_LIST,01/04/2026,C83015,SWINESHEAD SURGERY,E01015661,ALL,1
GP_PRAC_PAT_LIST,01/04/2026,C83015,SWINESHEAD SURGERY,E01017757,ALL,1
GP_PRAC_PAT_LIST,01/04/2026,C83015,SWINESHEAD SURGERY,E01018094,ALL,3
GP_PRAC_PAT_LIST,01/04/2026,C83015,SWINESHEAD SURGERY,E01018097,ALL,1
GP_PRAC_PAT_LIST,01/04/2026,C83015,SWINESHEAD SURGERY,E01018159,ALL,2
GP_PRAC_PAT_LIST,01/04/2026,C83015,SWINESHEAD SURGERY,E01019491,ALL,1
GP_PRAC_PAT_LIST,01/04/2026,C83015,SWINESHEAD SURGERY,E01019570,ALL,1
GP_PRAC_PAT_LIST,01/04/2026,C83015,SWINESHEAD SURGERY,E01021372,ALL,1
GP_PRAC_PAT_LIST,01/04/2026,C83015,SWINESHEAD SURGERY,E01025880,ALL,1
GP_PRAC_PAT_LIST,01/04/2026,C83015,SWINESHEAD SURGERY,E01026007,ALL,3
GP_PRAC_PAT_LIST,01/04/2026,C83015,SWINESHEAD SURGERY,E01026008,ALL,2
GP_PRAC_PAT_LIST,01/04/2026,C83015,SWINESHEAD SURGERY,E01026009,ALL,2
GP_PRAC_PAT_LIST,01/04/2026,C83015,SWINESHEAD SURGERY,E01026010,ALL,4
GP_PRAC_PAT_LIST,01/04/2026,C83015,SWINESHEAD SURGERY,E01026013,ALL,5
GP_PRAC_PAT_LIST,01/04/2026,C83015,SWINESHEAD SURGERY,E01026014,ALL,8
GP_PRAC_PAT_LIST,01/04/2026,C83015,SWINESHEAD SURGERY,E01026015,ALL,5
GP_PRAC_PAT_LIST,01/04/2026,C83015,SWINESHEAD SURGERY,E01026016,ALL,982
GP_PRAC_PAT_LIST,01/04/2026,C83015,SWINESHEAD SURGERY,E01026017,ALL,127
GP_PRAC_PAT_LIST,01/04/2026,C83015,SWINESHEAD SURGERY,E01026018,ALL,378
GP_PRAC_PAT_LIST,01/04/2026,C83015,SWINESHEAD SURGERY,E01026019,ALL,110
GP_PRAC_PAT_LIST,01/04/2026,C83015,SWINESHEAD SURGERY,E01026020,ALL,221
GP_PRAC_PAT_LIST,01/04/2026,C83015,SWINESHEAD SURGERY,E01026021,ALL,5
GP_PRAC_PAT_LIST,01/04/2026,C83015,SWINESHEAD SURGERY,E01026022,ALL,2
GP_PRAC_PAT_LIST,01/04/2026,C83015,SWINESHEAD SURGERY,E01026024,ALL,2
GP_PRAC_PAT_LIST,01/04/2026,C83015,SWINESHEAD SURGERY,E01026025,ALL,2
GP_PRAC_PAT_LIST,01/04/2026,C83015,SWINESHEAD SURGERY,E01026026,ALL,7
GP_PRAC_PAT_LIST,01/04/2026,C83015,SWINESHEAD SURGERY,E01026027,ALL,2
GP_PRAC_PAT_LIST,01/04/2026,C83015,SWINESHEAD SURGERY,E01026028,ALL,7
GP_PRAC_PAT_LIST,01/04/2026,C83015,SWINESHEAD SURGERY,E01026030,ALL,4
GP_PRAC_PAT_LIST,01/04/2026,C83015,SWINESHEAD SURGERY,E01026031,ALL,7
GP_PRAC_PAT_LIST,01/04/2026,C83015,SWINESHEAD SURGERY,E01026032,ALL,9
GP_PRAC_PAT_LIST,01/04/2026,C83015,SWINESHEAD SURGERY,E01026033,ALL,1854
GP_PRAC_PAT_LIST,01/04/2026,C83015,SWINESHEAD SURGERY,E01026034,ALL,1602
GP_PRAC_PAT_LIST,01/04/2026,C83015,SWINESHEAD SURGERY,E01026035,ALL,106
GP_PRAC_PAT_LIST,01/04/2026,C83015,SWINESHEAD SURGERY,E01026036,ALL,1
GP_PRAC_PAT_LIST,01/04/2026,C83015,SWINESHEAD SURGERY,E01026039,ALL,79
GP_PRAC_PAT_LIST,01/04/2026,C83015,SWINESHEAD SURGERY,E01026040,ALL,82
GP_PRAC_PAT_LIST,01/04/2026,C83015,SWINESHEAD SURGERY,E01026041,ALL,32
GP_PRAC_PAT_LIST,01/04/2026,C83015,SWINESHEAD SURGERY,E01026047,ALL,2
GP_PRAC_PAT_LIST,01/04/2026,C83015,SWINESHEAD SURGERY,E01026052,ALL,4
GP_PRAC_PAT_LIST,01/04/2026,C83015,SWINESHEAD SURGERY,E01026053,ALL,1
GP_PRAC_PAT_LIST,01/04/2026,C83015,SWINESHEAD SURGERY,E01026057,ALL,51
GP_PRAC_PAT_LIST,01/04/2026,C83015,SWINESHEAD SURGERY,E01026075,ALL,5
GP_PRAC_PAT_LIST,01/04/2026,C83015,SWINESHEAD SURGERY,E01026098,ALL,2
GP_PRAC_PAT_LIST,01/04/2026,C83015,SWINESHEAD SURGERY,E01026101,ALL,1
GP_PRAC_PAT_LIST,01/04/2026,C83015,SWINESHEAD SURGERY,E01026111,ALL,5
GP_PRAC_PAT_LIST,01/04/2026,C83015,SWINESHEAD SURGERY,E01026200,ALL,120
GP_PRAC_PAT_LIST,01/04/2026,C83015,SWINESHEAD SURGERY,E01026201,ALL,86
GP_PRAC_PAT_LIST,01/04/2026,C83015,SWINESHEAD SURGERY,E01026202,ALL,106
GP_PRAC_PAT_LIST,01/04/2026,C83015,SWINESHEAD SURGERY,E01026203,ALL,1
GP_PRAC_PAT_LIST,01/04/2026,C83015,SWINESHEAD SURGERY,E01026207,ALL,30
GP_PRAC_PAT_LIST,01/04/2026,C83015,SWINESHEAD SURGERY,E01026208,ALL,3
GP_PRAC_PAT_LIST,01/04/2026,C83015,SWINESHEAD SURGERY,E01026209,ALL,1
GP_PRAC_PAT_LIST,01/04/2026,C83015,SWINESHEAD SURGERY,E01026213,ALL,3
GP_PRAC_PAT_LIST,01/04/2026,C83015,SWINESHEAD SURGERY,E01026221,ALL,9
GP_PRAC_PAT_LIST,01/04/2026,C83015,SWINESHEAD SURGERY,E01026223,ALL,1
GP_PRAC_PAT_LIST,01/04/2026,C83015,SWINESHEAD SURGERY,E01026229,ALL,6
GP_PRAC_PAT_LIST,01/04/2026,C83015,SWINESHEAD SURGERY,E01026231,ALL,2
GP_PRAC_PAT_LIST,01/04/2026,C83015,SWINESHEAD SURGERY,E01026233,ALL,3
GP_PRAC_PAT_LIST,01/04/2026,C83015,SWINESHEAD SURGERY,E01026235,ALL,2
GP_PRAC_PAT_LIST,01/04/2026,C83015,SWINESHEAD SURGERY,E01026241,ALL,1
GP_PRAC_PAT_LIST,01/04/2026,C83015,SWINESHEAD SURGERY,E01026242,ALL,1041
GP_PRAC_PAT_LIST,01/04/2026,C83015,SWINESHEAD SURGERY,E01026243,ALL,786
GP_PRAC_PAT_LIST,01/04/2026,C83015,SWINESHEAD SURGERY,E01026244,ALL,283
GP_PRAC_PAT_LIST,01/04/2026,C83015,SWINESHEAD SURGERY,E01026247,ALL,148
GP_PRAC_PAT_LIST,01/04/2026,C83015,SWINESHEAD SURGERY,E01026258,ALL,13
GP_PRAC_PAT_LIST,01/04/2026,C83015,SWINESHEAD SURGERY,E01026259,ALL,5
GP_PRAC_PAT_LIST,01/04/2026,C83015,SWINESHEAD SURGERY,E01026260,ALL,20
GP_PRAC_PAT_LIST,01/04/2026,C83015,SWINESHEAD SURGERY,E01026262,ALL,2
GP_PRAC_PAT_LIST,01/04/2026,C83015,SWINESHEAD SURGERY,E01026263,ALL,3
GP_PRAC_PAT_LIST,01/04/2026,C83015,SWINESHEAD SURGERY,E01026265,ALL,2
GP_PRAC_PAT_LIST,01/04/2026,C83015,SWINESHEAD SURGERY,E01026268,ALL,3
GP_PRAC_PAT_LIST,01/04/2026,C83015,SWINESHEAD SURGERY,E01026269,ALL,8
GP_PRAC_PAT_LIST,01/04/2026,C83015,SWINESHEAD SURGERY,E01026270,ALL,1
GP_PRAC_PAT_LIST,01/04/2026,C83015,SWINESHEAD SURGERY,E01026271,ALL,1
GP_PRAC_PAT_LIST,01/04/2026,C83015,SWINESHEAD SURGERY,E01026273,ALL,1
GP_PRAC_PAT_LIST,01/04/2026,C83015,SWINESHEAD SURGERY,E01026276,ALL,107
GP_PRAC_PAT_LIST,01/04/2026,C83015,SWINESHEAD SURGERY,E01026281,ALL,7
GP_PRAC_PAT_LIST,01/04/2026,C83015,SWINESHEAD SURGERY,E01026282,ALL,3
GP_PRAC_PAT_LIST,01/04/2026,C83015,SWINESHEAD SURGERY,E01026283,ALL,1
GP_PRAC_PAT_LIST,01/04/2026,C83015,SWINESHEAD SURGERY,E01026284,ALL,2
GP_PRAC_PAT_LIST,01/04/2026,C83015,SWINESHEAD SURGERY,E01026290,ALL,1
GP_PRAC_PAT_LIST,01/04/2026,C83015,SWINESHEAD SURGERY,E01026346,ALL,1
GP_PRAC_PAT_LIST,01/04/2026,C83015,SWINESHEAD SURGERY,E01026361,ALL,16
GP_PRAC_PAT_LIST,01/04/2026,C83015,SWINESHEAD SURGERY,E01026390,ALL,1
GP_PRAC_PAT_LIST,01/04/2026,C83015,SWINESHEAD SURGERY,E01026781,ALL,1
GP_PRAC_PAT_LIST,01/04/2026,C83015,SWINESHEAD SURGERY,E01031870,ALL,1
GP_PRAC_PAT_LIST,01/04/2026,C83015,SWINESHEAD SURGERY,E01032527,ALL,1
GP_PRAC_PAT_LIST,01/04/2026,C83015,SWINESHEAD SURGERY,E01032947,ALL,1
GP_PRAC_PAT_LIST,01/04/2026,C83015,SWINESHEAD SURGERY,E01032995,ALL,4
GP_PRAC_PAT_LIST,01/04/2026,C83015,SWINESHEAD SURGERY,E01033407,ALL,1
GP_PRAC_PAT_LIST,01/04/2026,C83015,SWINESHEAD SURGERY,E01034679,ALL,12
GP_PRAC_PAT_LIST,01/04/2026,C83015,SWINESHEAD SURGERY,E01034683,ALL,45
GP_PRAC_PAT_LIST,01/04/2026,C83015,SWINESHEAD SURGERY,E01034684,ALL,47
GP_PRAC_PAT_LIST,01/04/2026,C83015,SWINESHEAD SURGERY,E01034695,ALL,2
GP_PRAC_PAT_LIST,01/04/2026,C83015,SWINESHEAD SURGERY,E01034697,ALL,1
GP_PRAC_PAT_LIST,01/04/2026,C83015,SWINESHEAD SURGERY,E01034701,ALL,7
GP_PRAC_PAT_LIST,01/04/2026,C83015,SWINESHEAD SURGERY,EMPTY,ALL,6
GP_PRAC_PAT_LIST,01/04/2026,C83018,CLEVELAND SURGERY,CLOSED,ALL,7
GP_PRAC_PAT_LIST,01/04/2026,C83018,CLEVELAND SURGERY,E01001423,ALL,1
GP_PRAC_PAT_LIST,01/04/2026,C83018,CLEVELAND SURGERY,E01001540,ALL,1
GP_PRAC_PAT_LIST,01/04/2026,C83018,CLEVELAND SURGERY,E01003240,ALL,1
GP_PRAC_PAT_LIST,01/04/2026,C83018,CLEVELAND SURGERY,E01004622,ALL,1
GP_PRAC_PAT_LIST,01/04/2026,C83018,CLEVELAND SURGERY,E01004948,ALL,1
GP_PRAC_PAT_LIST,01/04/2026,C83018,CLEVELAND SURGERY,E01005284,ALL,1
GP_PRAC_PAT_LIST,01/04/2026,C83018,CLEVELAND SURGERY,E01007626,ALL,3
GP_PRAC_PAT_LIST,01/04/2026,C83018,CLEVELAND SURGERY,E01007866,ALL,1
GP_PRAC_PAT_LIST,01/04/2026,C83018,CLEVELAND SURGERY,E01011084,ALL,1
GP_PRAC_PAT_LIST,01/04/2026,C83018,CLEVELAND SURGERY,E01011492,ALL,1
GP_PRAC_PAT_LIST,01/04/2026,C83018,CLEVELAND SURGERY,E01013159,ALL,2
GP_PRAC_PAT_LIST,01/04/2026,C83018,CLEVELAND SURGERY,E01013188,ALL,1
GP_PRAC_PAT_LIST,01/04/2026,C83018,CLEVELAND SURGERY,E01013236,ALL,1
GP_PRAC_PAT_LIST,01/04/2026,C83018,CLEVELAND SURGERY,E01013247,ALL,1
GP_PRAC_PAT_LIST,01/04/2026,C83018,CLEVELAND SURGERY,E01013249,ALL,1
GP_PRAC_PAT_LIST,01/04/2026,C83018,CLEVELAND SURGERY,E01013250,ALL,1
GP_PRAC_PAT_LIST,01/04/2026,C83018,CLEVELAND SURGERY,E01013253,ALL,1
GP_PRAC_PAT_LIST,01/04/2026,C83018,CLEVELAND SURGERY,E01013260,ALL,1
GP_PRAC_PAT_LIST,01/04/2026,C83018,CLEVELAND SURGERY,E01013263,ALL,1
GP_PRAC_PAT_LIST,01/04/2026,C83018,CLEVELAND SURGERY,E01013279,ALL,1
GP_PRAC_PAT_LIST,01/04/2026,C83018,CLEVELAND SURGERY,E01013284,ALL,1
GP_PRAC_PAT_LIST,01/04/2026,C83018,CLEVELAND SURGERY,E01013292,ALL,1
GP_PRAC_PAT_LIST,01/04/2026,C83018,CLEVELAND SURGERY,E01013315,ALL,1
GP_PRAC_PAT_LIST,01/04/2026,C83018,CLEVELAND SURGERY,E01013318,ALL,1
GP_PRAC_PAT_LIST,01/04/2026,C83018,CLEVELAND SURGERY,E01013319,ALL,1
GP_PRAC_PAT_LIST,01/04/2026,C83018,CLEVELAND SURGERY,E01013320,ALL,1
GP_PRAC_PAT_LIST,01/04/2026,C83018,CLEVELAND SURGERY,E01013322,ALL,4
GP_PRAC_PAT_LIST,01/04/2026,C83018,CLEVELAND SURGERY,E01013323,ALL,3
GP_PRAC_PAT_LIST,01/04/2026,C83018,CLEVELAND SURGERY,E01013332,ALL,1
GP_PRAC_PAT_LIST,01/04/2026,C83018,CLEVELAND SURGERY,E01013400,ALL,1
GP_PRAC_PAT_LIST,01/04/2026,C83018,CLEVELAND SURGERY,E01013855,ALL,1
GP_PRAC_PAT_LIST,01/04/2026,C83018,CLEVELAND SURGERY,E01018092,ALL,1
GP_PRAC_PAT_LIST,01/04/2026,C83018,CLEVELAND SURGERY,E01019141,ALL,1
GP_PRAC_PAT_LIST,01/04/2026,C83018,CLEVELAND SURGERY,E01019612,ALL,1
GP_PRAC_PAT_LIST,01/04/2026,C83018,CLEVELAND SURGERY,E01019782,ALL,1
GP_PRAC_PAT_LIST,01/04/2026,C83018,CLEVELAND SURGERY,E01020867,ALL,1
GP_PRAC_PAT_LIST,01/04/2026,C83018,CLEVELAND SURGERY,E01020869,ALL,1
GP_PRAC_PAT_LIST,01/04/2026,C83018,CLEVELAND SURGERY,E01025722,ALL,1
GP_PRAC_PAT_LIST,01/04/2026,C83018,CLEVELAND SURGERY,E01026052,ALL,2
GP_PRAC_PAT_LIST,01/04/2026,C83018,CLEVELAND SURGERY,E01026076,ALL,1
GP_PRAC_PAT_LIST,01/04/2026,C83018,CLEVELAND SURGERY,E01026122,ALL,3
GP_PRAC_PAT_LIST,01/04/2026,C83018,CLEVELAND SURGERY,E01026123,ALL,2
GP_PRAC_PAT_LIST,01/04/2026,C83018,CLEVELAND SURGERY,E01026125,ALL,2
GP_PRAC_PAT_LIST,01/04/2026,C83018,CLEVELAND SURGERY,E01026127,ALL,1
GP_PRAC_PAT_LIST,01/04/2026,C83018,CLEVELAND SURGERY,E01026134,ALL,1
GP_PRAC_PAT_LIST,01/04/2026,C83018,CLEVELAND SURGERY,E01026140,ALL,1
GP_PRAC_PAT_LIST,01/04/2026,C83018,CLEVELAND SURGERY,E01026142,ALL,1
GP_PRAC_PAT_LIST,01/04/2026,C83018,CLEVELAND SURGERY,E01026145,ALL,1
GP_PRAC_PAT_LIST,01/04/2026,C83018,CLEVELAND SURGERY,E01026149,ALL,2
GP_PRAC_PAT_LIST,01/04/2026,C83018,CLEVELAND SURGERY,E01026154,ALL,1
GP_PRAC_PAT_LIST,01/04/2026,C83018,CLEVELAND SURGERY,E01026156,ALL,1
GP_PRAC_PAT_LIST,01/04/2026,C83018,CLEVELAND SURGERY,E01026168,ALL,1
GP_PRAC_PAT_LIST,01/04/2026,C83018,CLEVELAND SURGERY,E01026172,ALL,1
GP_PRAC_PAT_LIST,01/04/2026,C83018,CLEVELAND SURGERY,E01026173,ALL,3
GP_PRAC_PAT_LIST,01/04/2026,C83018,CLEVELAND SURGERY,E01026174,ALL,1
GP_PRAC_PAT_LIST,01/04/2026,C83018,CLEVELAND SURGERY,E01026175,ALL,1
GP_PRAC_PAT_LIST,01/04/2026,C83018,CLEVELAND SURGERY,E01026176,ALL,1
GP_PRAC_PAT_LIST,01/04/2026,C83018,CLEVELAND SURGERY,E01026177,ALL,1
GP_PRAC_PAT_LIST,01/04/2026,C83018,CLEVELAND SURGERY,E01026188,ALL,1
GP_PRAC_PAT_LIST,01/04/2026,C83018,CLEVELAND SURGERY,E01026220,ALL,1
GP_PRAC_PAT_LIST,01/04/2026,C83018,CLEVELAND SURGERY,E01026221,ALL,1
GP_PRAC_PAT_LIST,01/04/2026,C83018,CLEVELAND SURGERY,E01026237,ALL,1
GP_PRAC_PAT_LIST,01/04/2026,C83018,CLEVELAND SURGERY,E01026308,ALL,1
GP_PRAC_PAT_LIST,01/04/2026,C83018,CLEVELAND SURGERY,E01026312,ALL,1
GP_PRAC_PAT_LIST,01/04/2026,C83018,CLEVELAND SURGERY,E01026329,ALL,1
GP_PRAC_PAT_LIST,01/04/2026,C83018,CLEVELAND SURGERY,E01026366,ALL,1
GP_PRAC_PAT_LIST,01/04/2026,C83018,CLEVELAND SURGERY,E01026367,ALL,1
GP_PRAC_PAT_LIST,01/04/2026,C83018,CLEVELAND SURGERY,E01026374,ALL,790
GP_PRAC_PAT_LIST,01/04/2026,C83018,CLEVELAND SURGERY,E01026375,ALL,886
GP_PRAC_PAT_LIST,01/04/2026,C83018,CLEVELAND SURGERY,E01026376,ALL,801
GP_PRAC_PAT_LIST,01/04/2026,C83018,CLEVELAND SURGERY,E01026377,ALL,1194
GP_PRAC_PAT_LIST,01/04/2026,C83018,CLEVELAND SURGERY,E01026378,ALL,922
GP_PRAC_PAT_LIST,01/04/2026,C83018,CLEVELAND SURGERY,E01026379,ALL,921
GP_PRAC_PAT_LIST,01/04/2026,C83018,CLEVELAND SURGERY,E01026380,ALL,1423
GP_PRAC_PAT_LIST,01/04/2026,C83018,CLEVELAND SURGERY,E01026381,ALL,961
GP_PRAC_PAT_LIST,01/04/2026,C83018,CLEVELAND SURGERY,E01026382,ALL,1049
GP_PRAC_PAT_LIST,01/04/2026,C83018,CLEVELAND SURGERY,E01026383,ALL,464
GP_PRAC_PAT_LIST,01/04/2026,C83018,CLEVELAND SURGERY,E01026384,ALL,810
GP_PRAC_PAT_LIST,01/04/2026,C83018,CLEVELAND SURGERY,E01026385,ALL,69
GP_PRAC_PAT_LIST,01/04/2026,C83018,CLEVELAND SURGERY,E01026386,ALL,12
GP_PRAC_PAT_LIST,01/04/2026,C83018,CLEVELAND SURGERY,E01026387,ALL,1
GP_PRAC_PAT_LIST,01/04/2026,C83018,CLEVELAND SURGERY,E01026388,ALL,204
GP_PRAC_PAT_LIST,01/04/2026,C83018,CLEVELAND SURGERY,E01026389,ALL,1
GP_PRAC_PAT_LIST,01/04/2026,C83018,CLEVELAND SURGERY,E01026399,ALL,3
GP_PRAC_PAT_LIST,01/04/2026,C83018,CLEVELAND SURGERY,E01026401,ALL,9
GP_PRAC_PAT_LIST,01/04/2026,C83018,CLEVELAND SURGERY,E01026402,ALL,14
GP_PRAC_PAT_LIST,01/04/2026,C83018,CLEVELAND SURGERY,E01026403,ALL,193
GP_PRAC_PAT_LIST,01/04/2026,C83018,CLEVELAND SURGERY,E01026404,ALL,6
GP_PRAC_PAT_LIST,01/04/2026,C83018,CLEVELAND SURGERY,E01026407,ALL,161
GP_PRAC_PAT_LIST,01/04/2026,C83018,CLEVELAND SURGERY,E01026408,ALL,868
GP_PRAC_PAT_LIST,01/04/2026,C83018,CLEVELAND SURGERY,E01026409,ALL,2
GP_PRAC_PAT_LIST,01/04/2026,C83018,CLEVELAND SURGERY,E01026410,ALL,15
GP_PRAC_PAT_LIST,01/04/2026,C83018,CLEVELAND SURGERY,E01027899,ALL,2
GP_PRAC_PAT_LIST,01/04/2026,C83018,CLEVELAND SURGERY,E01027999,ALL,73
GP_PRAC_PAT_LIST,01/04/2026,C83018,CLEVELAND SURGERY,E01028008,ALL,1
GP_PRAC_PAT_LIST,01/04/2026,C83018,CLEVELAND SURGERY,E01028017,ALL,1
GP_PRAC_PAT_LIST,01/04/2026,C83018,CLEVELAND SURGERY,E01028025,ALL,1
GP_PRAC_PAT_LIST,01/04/2026,C83018,CLEVELAND SURGERY,E01028032,ALL,4
GP_PRAC_PAT_LIST,01/04/2026,C83018,CLEVELAND SURGERY,E01028033,ALL,1
GP_PRAC_PAT_LIST,01/04/2026,C83018,CLEVELAND SURGERY,E01028034,ALL,1
GP_PRAC_PAT_LIST,01/04/2026,C83018,CLEVELAND SURGERY,E01028035,ALL,1
GP_PRAC_PAT_LIST,01/04/2026,C83018,CLEVELAND SURGERY,E01028043,ALL,1
GP_PRAC_PAT_LIST,01/04/2026,C83018,CLEVELAND SURGERY,E01028057,ALL,1
GP_PRAC_PAT_LIST,01/04/2026,C83018,CLEVELAND SURGERY,E01028058,ALL,1
GP_PRAC_PAT_LIST,01/04/2026,C83018,CLEVELAND SURGERY,E01028310,ALL,1
GP_PRAC_PAT_LIST,01/04/2026,C83018,CLEVELAND SURGERY,E01029098,ALL,1
GP_PRAC_PAT_LIST,01/04/2026,C83018,CLEVELAND SURGERY,E01030563,ALL,1
GP_PRAC_PAT_LIST,01/04/2026,C83018,CLEVELAND SURGERY,E01032991,ALL,2
GP_PRAC_PAT_LIST,01/04/2026,C83018,CLEVELAND SURGERY,E01033264,ALL,1
GP_PRAC_PAT_LIST,01/04/2026,C83018,CLEVELAND SURGERY,E01034256,ALL,1
GP_PRAC_PAT_LIST,01/04/2026,C83018,CLEVELAND SURGERY,E01034595,ALL,1
GP_PRAC_PAT_LIST,01/04/2026,C83018,CLEVELAND SURGERY,E01034688,ALL,1
GP_PRAC_PAT_LIST,01/04/2026,C83018,CLEVELAND SURGERY,E01035481,ALL,2
GP_PRAC_PAT_LIST,01/04/2026,C83018,CLEVELAND SURGERY,EMPTY,ALL,10
GP_PRAC_PAT_LIST,01/04/2026,C83018,CLEVELAND SURGERY,S01018105,ALL,1
GP_PRAC_PAT_LIST,01/04/2026,C83019,BEACON MEDICAL PRACTICE,CLOSED,ALL,24
GP_PRAC_PAT_LIST,01/04/2026,C83019,BEACON MEDICAL PRACTICE,E01000518,ALL,1
GP_PRAC_PAT_LIST,01/04/2026,C83019,BEACON MEDICAL PRACTICE,E01000639,ALL,1
GP_PRAC_PAT_LIST,01/04/2026,C83019,BEACON MEDICAL PRACTICE,E01000941,ALL,1
GP_PRAC_PAT_LIST,01/04/2026,C83019,BEACON MEDICAL PRACTICE,E01001879,ALL,1
GP_PRAC_PAT_LIST,01/04/2026,C83019,BEACON MEDICAL PRACTICE,E01004773,ALL,1
GP_PRAC_PAT_LIST,01/04/2026,C83019,BEACON MEDICAL PRACTICE,E01005130,ALL,1
GP_PRAC_PAT_LIST,01/04/2026,C83019,BEACON MEDICAL PRACTICE,E01005515,ALL,1
GP_PRAC_PAT_LIST,01/04/2026,C83019,BEACON MEDICAL PRACTICE,E01006747,ALL,1
GP_PRAC_PAT_LIST,01/04/2026,C83019,BEACON MEDICAL PRACTICE,E01007005,ALL,1
GP_PRAC_PAT_LIST,01/04/2026,C83019,BEACON MEDICAL PRACTICE,E01007347,ALL,1
GP_PRAC_PAT_LIST,01/04/2026,C83019,BEACON MEDICAL PRACTICE,E01007520,ALL,1
GP_PRAC_PAT_LIST,01/04/2026,C83019,BEACON MEDICAL PRACTICE,E01007557,ALL,1
GP_PRAC_PAT_LIST,01/04/2026,C83019,BEACON MEDICAL PRACTICE,E01007777,ALL,1
GP_PRAC_PAT_LIST,01/04/2026,C83019,BEACON MEDICAL PRACTICE,E01007790,ALL,1
GP_PRAC_PAT_LIST,01/04/2026,C83019,BEACON MEDICAL PRACTICE,E01007888,ALL,1
GP_PRAC_PAT_LIST,01/04/2026,C83019,BEACON MEDICAL PRACTICE,E01007892,ALL,1
GP_PRAC_PAT_LIST,01/04/2026,C83019,BEACON MEDICAL PRACTICE,E01008022,ALL,1
GP_PRAC_PAT_LIST,01/04/2026,C83019,BEACON MEDICAL PRACTICE,E01008056,ALL,1
GP_PRAC_PAT_LIST,01/04/2026,C83019,BEACON MEDICAL PRACTICE,E01008059,ALL,1
GP_PRAC_PAT_LIST,01/04/2026,C83019,BEACON MEDICAL PRACTICE,E01008098,ALL,1
GP_PRAC_PAT_LIST,01/04/2026,C83019,BEACON MEDICAL PRACTICE,E01008989,ALL,1
GP_PRAC_PAT_LIST,01/04/2026,C83019,BEACON MEDICAL PRACTICE,E01009502,ALL,1
GP_PRAC_PAT_LIST,01/04/2026,C83019,BEACON MEDICAL PRACTICE,E01009596,ALL,2
GP_PRAC_PAT_LIST,01/04/2026,C83019,BEACON MEDICAL PRACTICE,E01009747,ALL,1
GP_PRAC_PAT_LIST,01/04/2026,C83019,BEACON MEDICAL PRACTICE,E01009751,ALL,1
GP_PRAC_PAT_LIST,01/04/2026,C83019,BEACON MEDICAL PRACTICE,E01009993,ALL,1
GP_PRAC_PAT_LIST,01/04/2026,C83019,BEACON MEDICAL PRACTICE,E01010053,ALL,1
GP_PRAC_PAT_LIST,01/04/2026,C83019,BEACON MEDICAL PRACTICE,E01010864,ALL,1
GP_PRAC_PAT_LIST,01/04/2026,C83019,BEACON MEDICAL PRACTICE,E01011918,ALL,1
GP_PRAC_PAT_LIST,01/04/2026,C83019,BEACON MEDICAL PRACTICE,E01012027,ALL,1
GP_PRAC_PAT_LIST,01/04/2026,C83019,BEACON MEDICAL PRACTICE,E01012786,ALL,1
GP_PRAC_PAT_LIST,01/04/2026,C83019,BEACON MEDICAL PRACTICE,E01012992,ALL,1
GP_PRAC_PAT_LIST,01/04/2026,C83019,BEACON MEDICAL PRACTICE,E01013140,ALL,2
GP_PRAC_PAT_LIST,01/04/2026,C83019,BEACON MEDICAL PRACTICE,E01013142,ALL,1
GP_PRAC_PAT_LIST,01/04/2026,C83019,BEACON MEDICAL PRACTICE,E01013149,ALL,1
GP_PRAC_PAT_LIST,01/04/2026,C83019,BEACON MEDICAL PRACTICE,E01013210,ALL,1
GP_PRAC_PAT_LIST,01/04/2026,C83019,BEACON MEDICAL PRACTICE,E01013278,ALL,1
GP_PRAC_PAT_LIST,01/04/2026,C83019,BEACON MEDICAL PRACTICE,E01013460,ALL,1
GP_PRAC_PAT_LIST,01/04/2026,C83019,BEACON MEDICAL PRACTICE,E01013524,ALL,1
GP_PRAC_PAT_LIST,01/04/2026,C83019,BEACON MEDICAL PRACTICE,E01013574,ALL,1
GP_PRAC_PAT_LIST,01/04/2026,C83019,BEACON MEDICAL PRACTICE,E01013616,ALL,1
GP_PRAC_PAT_LIST,01/04/2026,C83019,BEACON MEDICAL PRACTICE,E01013625,ALL,1
GP_PRAC_PAT_LIST,01/04/2026,C83019,BEACON MEDICAL PRACTICE,E01013653,ALL,1
GP_PRAC_PAT_LIST,01/04/2026,C83019,BEACON MEDICAL PRACTICE,E01013812,ALL,2
GP_PRAC_PAT_LIST,01/04/2026,C83019,BEACON MEDICAL PRACTICE,E01015617,ALL,1
GP_PRAC_PAT_LIST,01/04/2026,C83019,BEACON MEDICAL PRACTICE,E01015626,ALL,1
GP_PRAC_PAT_LIST,01/04/2026,C83019,BEACON MEDICAL PRACTICE,E01016843,ALL,1
GP_PRAC_PAT_LIST,01/04/2026,C83019,BEACON MEDICAL PRACTICE,E01018203,ALL,1
GP_PRAC_PAT_LIST,01/04/2026,C83019,BEACON MEDICAL PRACTICE,E01018251,ALL,1
GP_PRAC_PAT_LIST,01/04/2026,C83019,BEACON MEDICAL PRACTICE,E01019406,ALL,1
GP_PRAC_PAT_LIST,01/04/2026,C83019,BEACON MEDICAL PRACTICE,E01019531,ALL,2
GP_PRAC_PAT_LIST,01/04/2026,C83019,BEACON MEDICAL PRACTICE,E01019547,ALL,1
GP_PRAC_PAT_LIST,01/04/2026,C83019,BEACON MEDICAL PRACTICE,E01019627,ALL,1
GP_PRAC_PAT_LIST,01/04/2026,C83019,BEACON MEDICAL PRACTICE,E01019658,ALL,1
GP_PRAC_PAT_LIST,01/04/2026,C83019,BEACON MEDICAL PRACTICE,E01019777,ALL,1
GP_PRAC_PAT_LIST,01/04/2026,C83019,BEACON MEDICAL PRACTICE,E01023921,ALL,1
GP_PRAC_PAT_LIST,01/04/2026,C83019,BEACON MEDICAL PRACTICE,E01024975,ALL,1
GP_PRAC_PAT_LIST,01/04/2026,C83019,BEACON MEDICAL PRACTICE,E01025657,ALL,1
GP_PRAC_PAT_LIST,01/04/2026,C83019,BEACON MEDICAL PRACTICE,E01025829,ALL,1
GP_PRAC_PAT_LIST,01/04/2026,C83019,BEACON MEDICAL PRACTICE,E01025899,ALL,1
GP_PRAC_PAT_LIST,01/04/2026,C83019,BEACON MEDICAL PRACTICE,E01026007,ALL,1
GP_PRAC_PAT_LIST,01/04/2026,C83019,BEACON MEDICAL PRACTICE,E01026008,ALL,1
GP_PRAC_PAT_LIST,01/04/2026,C83019,BEACON MEDICAL PRACTICE,E01026009,ALL,1
GP_PRAC_PAT_LIST,01/04/2026,C83019,BEACON MEDICAL PRACTICE,E01026014,ALL,2
GP_PRAC_PAT_LIST,01/04/2026,C83019,BEACON MEDICAL PRACTICE,E01026020,ALL,1
GP_PRAC_PAT_LIST,01/04/2026,C83019,BEACON MEDICAL PRACTICE,E01026021,ALL,1
GP_PRAC_PAT_LIST,01/04/2026,C83019,BEACON MEDICAL PRACTICE,E01026023,ALL,1
GP_PRAC_PAT_LIST,01/04/2026,C83019,BEACON MEDICAL PRACTICE,E01026024,ALL,6
GP_PRAC_PAT_LIST,01/04/2026,C83019,BEACON MEDICAL PRACTICE,E01026025,ALL,1
GP_PRAC_PAT_LIST,01/04/2026,C83019,BEACON MEDICAL PRACTICE,E01026036,ALL,2
GP_PRAC_PAT_LIST,01/04/2026,C83019,BEACON MEDICAL PRACTICE,E01026042,ALL,8
GP_PRAC_PAT_LIST,01/04/2026,C83019,BEACON MEDICAL PRACTICE,E01026043,ALL,5
GP_PRAC_PAT_LIST,01/04/2026,C83019,BEACON MEDICAL PRACTICE,E01026044,ALL,20
GP_PRAC_PAT_LIST,01/04/2026,C83019,BEACON MEDICAL PRACTICE,E01026045,ALL,1
GP_PRAC_PAT_LIST,01/04/2026,C83019,BEACON MEDICAL PRACTICE,E01026046,ALL,602
GP_PRAC_PAT_LIST,01/04/2026,C83019,BEACON MEDICAL PRACTICE,E01026047,ALL,341
GP_PRAC_PAT_LIST,01/04/2026,C83019,BEACON MEDICAL PRACTICE,E01026048,ALL,1634
GP_PRAC_PAT_LIST,01/04/2026,C83019,BEACON MEDICAL PRACTICE,E01026049,ALL,1290
GP_PRAC_PAT_LIST,01/04/2026,C83019,BEACON MEDICAL PRACTICE,E01026050,ALL,1562
GP_PRAC_PAT_LIST,01/04/2026,C83019,BEACON MEDICAL PRACTICE,E01026054,ALL,1
GP_PRAC_PAT_LIST,01/04/2026,C83019,BEACON MEDICAL PRACTICE,E01026055,ALL,90
GP_PRAC_PAT_LIST,01/04/2026,C83019,BEACON MEDICAL PRACTICE,E01026056,ALL,381
GP_PRAC_PAT_LIST,01/04/2026,C83019,BEACON MEDICAL PRACTICE,E01026058,ALL,1
GP_PRAC_PAT_LIST,01/04/2026,C83019,BEACON MEDICAL PRACTICE,E01026059,ALL,1
GP_PRAC_PAT_LIST,01/04/2026,C83019,BEACON MEDICAL PRACTICE,E01026065,ALL,1
GP_PRAC_PAT_LIST,01/04/2026,C83019,BEACON MEDICAL PRACTICE,E01026067,ALL,1
GP_PRAC_PAT_LIST,01/04/2026,C83019,BEACON MEDICAL PRACTICE,E01026068,ALL,14
GP_PRAC_PAT_LIST,01/04/2026,C83019,BEACON MEDICAL PRACTICE,E01026069,ALL,2418
GP_PRAC_PAT_LIST,01/04/2026,C83019,BEACON MEDICAL PRACTICE,E01026072,ALL,1
GP_PRAC_PAT_LIST,01/04/2026,C83019,BEACON MEDICAL PRACTICE,E01026073,ALL,5
GP_PRAC_PAT_LIST,01/04/2026,C83019,BEACON MEDICAL PRACTICE,E01026074,ALL,2
GP_PRAC_PAT_LIST,01/04/2026,C83019,BEACON MEDICAL PRACTICE,E01026077,ALL,3
GP_PRAC_PAT_LIST,01/04/2026,C83019,BEACON MEDICAL PRACTICE,E01026078,ALL,1
GP_PRAC_PAT_LIST,01/04/2026,C83019,BEACON MEDICAL PRACTICE,E01026083,ALL,1027
GP_PRAC_PAT_LIST,01/04/2026,C83019,BEACON MEDICAL PRACTICE,E01026084,ALL,1058
GP_PRAC_PAT_LIST,01/04/2026,C83019,BEACON MEDICAL PRACTICE,E01026087,ALL,6
GP_PRAC_PAT_LIST,01/04/2026,C83019,BEACON MEDICAL PRACTICE,E01026089,ALL,1
GP_PRAC_PAT_LIST,01/04/2026,C83019,BEACON MEDICAL PRACTICE,E01026090,ALL,3
GP_PRAC_PAT_LIST,01/04/2026,C83019,BEACON MEDICAL PRACTICE,E01026091,ALL,2
GP_PRAC_PAT_LIST,01/04/2026,C83019,BEACON MEDICAL PRACTICE,E01026092,ALL,688
GP_PRAC_PAT_LIST,01/04/2026,C83019,BEACON MEDICAL PRACTICE,E01026093,ALL,980
GP_PRAC_PAT_LIST,01/04/2026,C83019,BEACON MEDICAL PRACTICE,E01026094,ALL,1408
GP_PRAC_PAT_LIST,01/04/2026,C83019,BEACON MEDICAL PRACTICE,E01026095,ALL,727
GP_PRAC_PAT_LIST,01/04/2026,C83019,BEACON MEDICAL PRACTICE,E01026096,ALL,632
GP_PRAC_PAT_LIST,01/04/2026,C83019,BEACON MEDICAL PRACTICE,E01026097,ALL,691
GP_PRAC_PAT_LIST,01/04/2026,C83019,BEACON MEDICAL PRACTICE,E01026099,ALL,1
GP_PRAC_PAT_LIST,01/04/2026,C83019,BEACON MEDICAL PRACTICE,E01026100,ALL,13
GP_PRAC_PAT_LIST,01/04/2026,C83019,BEACON MEDICAL PRACTICE,E01026101,ALL,2
GP_PRAC_PAT_LIST,01/04/2026,C83019,BEACON MEDICAL PRACTICE,E01026102,ALL,1
GP_PRAC_PAT_LIST,01/04/2026,C83019,BEACON MEDICAL PRACTICE,E01026104,ALL,3
GP_PRAC_PAT_LIST,01/04/2026,C83019,BEACON MEDICAL PRACTICE,E01026110,ALL,311
GP_PRAC_PAT_LIST,01/04/2026,C83019,BEACON MEDICAL PRACTICE,E01026111,ALL,9
GP_PRAC_PAT_LIST,01/04/2026,C83019,BEACON MEDICAL PRACTICE,E01026112,ALL,360
GP_PRAC_PAT_LIST,01/04/2026,C83019,BEACON MEDICAL PRACTICE,E01026113,ALL,479
GP_PRAC_PAT_LIST,01/04/2026,C83019,BEACON MEDICAL PRACTICE,E01026114,ALL,1118
GP_PRAC_PAT_LIST,01/04/2026,C83019,BEACON MEDICAL PRACTICE,E01026115,ALL,1153
GP_PRAC_PAT_LIST,01/04/2026,C83019,BEACON MEDICAL PRACTICE,E01026116,ALL,983
GP_PRAC_PAT_LIST,01/04/2026,C83019,BEACON MEDICAL PRACTICE,E01026117,ALL,4
GP_PRAC_PAT_LIST,01/04/2026,C83019,BEACON MEDICAL PRACTICE,E01026121,ALL,1
GP_PRAC_PAT_LIST,01/04/2026,C83019,BEACON MEDICAL PRACTICE,E01026122,ALL,1
GP_PRAC_PAT_LIST,01/04/2026,C83019,BEACON MEDICAL PRACTICE,E01026125,ALL,1
GP_PRAC_PAT_LIST,01/04/2026,C83019,BEACON MEDICAL PRACTICE,E01026131,ALL,1
GP_PRAC_PAT_LIST,01/04/2026,C83019,BEACON MEDICAL PRACTICE,E01026157,ALL,1
GP_PRAC_PAT_LIST,01/04/2026,C83019,BEACON MEDICAL PRACTICE,E01026215,ALL,1
GP_PRAC_PAT_LIST,01/04/2026,C83019,BEACON MEDICAL PRACTICE,E01026220,ALL,1
GP_PRAC_PAT_LIST,01/04/2026,C83019,BEACON MEDICAL PRACTICE,E01026244,ALL,1
GP_PRAC_PAT_LIST,01/04/2026,C83019,BEACON MEDICAL PRACTICE,E01026281,ALL,1
GP_PRAC_PAT_LIST,01/04/2026,C83019,BEACON MEDICAL PRACTICE,E01026319,ALL,1
GP_PRAC_PAT_LIST,01/04/2026,C83019,BEACON MEDICAL PRACTICE,E01026377,ALL,1
GP_PRAC_PAT_LIST,01/04/2026,C83019,BEACON MEDICAL PRACTICE,E01026384,ALL,1
GP_PRAC_PAT_LIST,01/04/2026,C83019,BEACON MEDICAL PRACTICE,E01026398,ALL,1
GP_PRAC_PAT_LIST,01/04/2026,C83019,BEACON MEDICAL PRACTICE,E01027006,ALL,1
GP_PRAC_PAT_LIST,01/04/2026,C83019,BEACON MEDICAL PRACTICE,E01027072,ALL,1
GP_PRAC_PAT_LIST,01/04/2026,C83019,BEACON MEDICAL PRACTICE,E01027263,ALL,1
GP_PRAC_PAT_LIST,01/04/2026,C83019,BEACON MEDICAL PRACTICE,E01027297,ALL,1
GP_PRAC_PAT_LIST,01/04/2026,C83019,BEACON MEDICAL PRACTICE,E01027907,ALL,1
GP_PRAC_PAT_LIST,01/04/2026,C83019,BEACON MEDICAL PRACTICE,E01027977,ALL,1
GP_PRAC_PAT_LIST,01/04/2026,C83019,BEACON MEDICAL PRACTICE,E01028018,ALL,1
GP_PRAC_PAT_LIST,01/04/2026,C83019,BEACON MEDICAL PRACTICE,E01028153,ALL,1
GP_PRAC_PAT_LIST,01/04/2026,C83019,BEACON MEDICAL PRACTICE,E01028179,ALL,1
GP_PRAC_PAT_LIST,01/04/2026,C83019,BEACON MEDICAL PRACTICE,E01028192,ALL,1
GP_PRAC_PAT_LIST,01/04/2026,C83019,BEACON MEDICAL PRACTICE,E01028197,ALL,1
GP_PRAC_PAT_LIST,01/04/2026,C83019,BEACON MEDICAL PRACTICE,E01028267,ALL,1
GP_PRAC_PAT_LIST,01/04/2026,C83019,BEACON MEDICAL PRACTICE,E01028277,ALL,1
GP_PRAC_PAT_LIST,01/04/2026,C83019,BEACON MEDICAL PRACTICE,E01028371,ALL,1
GP_PRAC_PAT_LIST,01/04/2026,C83019,BEACON MEDICAL PRACTICE,E01030373,ALL,1
GP_PRAC_PAT_LIST,01/04/2026,C83019,BEACON MEDICAL PRACTICE,E01031205,ALL,1
GP_PRAC_PAT_LIST,01/04/2026,C83019,BEACON MEDICAL PRACTICE,E01032986,ALL,1
GP_PRAC_PAT_LIST,01/04/2026,C83019,BEACON MEDICAL PRACTICE,E01032995,ALL,1
GP_PRAC_PAT_LIST,01/04/2026,C83019,BEACON MEDICAL PRACTICE,E01032997,ALL,1
GP_PRAC_PAT_LIST,01/04/2026,C83019,BEACON MEDICAL PRACTICE,E01033174,ALL,1
GP_PRAC_PAT_LIST,01/04/2026,C83019,BEACON MEDICAL PRACTICE,E01033367,ALL,1
GP_PRAC_PAT_LIST,01/04/2026,C83019,BEACON MEDICAL PRACTICE,E01033889,ALL,1
GP_PRAC_PAT_LIST,01/04/2026,C83019,BEACON MEDICAL PRACTICE,E01034265,ALL,1
GP_PRAC_PAT_LIST,01/04/2026,C83019,BEACON MEDICAL PRACTICE,E01034616,ALL,1
GP_PRAC_PAT_LIST,01/04/2026,C83019,BEACON MEDICAL PRACTICE,E01034681,ALL,1
GP_PRAC_PAT_LIST,01/04/2026,C83019,BEACON MEDICAL PRACTICE,E01034685,ALL,815
GP_PRAC_PAT_LIST,01/04/2026,C83019,BEACON MEDICAL PRACTICE,E01034686,ALL,1235
GP_PRAC_PAT_LIST,01/04/2026,C83019,BEACON MEDICAL PRACTICE,E01034757,ALL,1
GP_PRAC_PAT_LIST,01/04/2026,C83019,BEACON MEDICAL PRACTICE,E01035028,ALL,1
GP_PRAC_PAT_LIST,01/04/2026,C83019,BEACON MEDICAL PRACTICE,E01035540,ALL,1
GP_PRAC_PAT_LIST,01/04/2026,C83019,BEACON MEDICAL PRACTICE,E01035542,ALL,2
GP_PRAC_PAT_LIST,01/04/2026,C83019,BEACON MEDICAL PRACTICE,EMPTY,ALL,19
GP_PRAC_PAT_LIST,01/04/2026,C83020,CAYTHORPE & ANCASTER MEDICAL PRACTICE,CLOSED,ALL,8
GP_PRAC_PAT_LIST,01/04/2026,C83020,CAYTHORPE & ANCASTER MEDICAL PRACTICE,E01010086,ALL,1
GP_PRAC_PAT_LIST,01/04/2026,C83020,CAYTHORPE & ANCASTER MEDICAL PRACTICE,E01017875,ALL,1
GP_PRAC_PAT_LIST,01/04/2026,C83020,CAYTHORPE & ANCASTER MEDICAL PRACTICE,E01020307,ALL,1
GP_PRAC_PAT_LIST,01/04/2026,C83020,CAYTHORPE & ANCASTER MEDICAL PRACTICE,E01021790,ALL,1
GP_PRAC_PAT_LIST,01/04/2026,C83020,CAYTHORPE & ANCASTER MEDICAL PRACTICE,E01022143,ALL,2
GP_PRAC_PAT_LIST,01/04/2026,C83020,CAYTHORPE & ANCASTER MEDICAL PRACTICE,E01025027,ALL,1
GP_PRAC_PAT_LIST,01/04/2026,C83020,CAYTHORPE & ANCASTER MEDICAL PRACTICE,E01026144,ALL,1
GP_PRAC_PAT_LIST,01/04/2026,C83020,CAYTHORPE & ANCASTER MEDICAL PRACTICE,E01026192,ALL,305
GP_PRAC_PAT_LIST,01/04/2026,C83020,CAYTHORPE & ANCASTER MEDICAL PRACTICE,E01026193,ALL,1
GP_PRAC_PAT_LIST,01/04/2026,C83020,CAYTHORPE & ANCASTER MEDICAL PRACTICE,E01026194,ALL,193
GP_PRAC_PAT_LIST,01/04/2026,C83020,CAYTHORPE & ANCASTER MEDICAL PRACTICE,E01026195,ALL,57
GP_PRAC_PAT_LIST,01/04/2026,C83020,CAYTHORPE & ANCASTER MEDICAL PRACTICE,E01026196,ALL,659
GP_PRAC_PAT_LIST,01/04/2026,C83020,CAYTHORPE & ANCASTER MEDICAL PRACTICE,E01026197,ALL,429
GP_PRAC_PAT_LIST,01/04/2026,C83020,CAYTHORPE & ANCASTER MEDICAL PRACTICE,E01026198,ALL,264
GP_PRAC_PAT_LIST,01/04/2026,C83020,CAYTHORPE & ANCASTER MEDICAL PRACTICE,E01026202,ALL,1
GP_PRAC_PAT_LIST,01/04/2026,C83020,CAYTHORPE & ANCASTER MEDICAL PRACTICE,E01026208,ALL,4
GP_PRAC_PAT_LIST,01/04/2026,C83020,CAYTHORPE & ANCASTER MEDICAL PRACTICE,E01026209,ALL,373
GP_PRAC_PAT_LIST,01/04/2026,C83020,CAYTHORPE & ANCASTER MEDICAL PRACTICE,E01026221,ALL,739
GP_PRAC_PAT_LIST,01/04/2026,C83020,CAYTHORPE & ANCASTER MEDICAL PRACTICE,E01026222,ALL,1
GP_PRAC_PAT_LIST,01/04/2026,C83020,CAYTHORPE & ANCASTER MEDICAL PRACTICE,E01026223,ALL,1
GP_PRAC_PAT_LIST,01/04/2026,C83020,CAYTHORPE & ANCASTER MEDICAL PRACTICE,E01026227,ALL,1
GP_PRAC_PAT_LIST,01/04/2026,C83020,CAYTHORPE & ANCASTER MEDICAL PRACTICE,E01026228,ALL,5
GP_PRAC_PAT_LIST,01/04/2026,C83020,CAYTHORPE & ANCASTER MEDICAL PRACTICE,E01026229,ALL,6
GP_PRAC_PAT_LIST,01/04/2026,C83020,CAYTHORPE & ANCASTER MEDICAL PRACTICE,E01026230,ALL,3
GP_PRAC_PAT_LIST,01/04/2026,C83020,CAYTHORPE & ANCASTER MEDICAL PRACTICE,E01026231,ALL,8
GP_PRAC_PAT_LIST,01/04/2026,C83020,CAYTHORPE & ANCASTER MEDICAL PRACTICE,E01026232,ALL,1
GP_PRAC_PAT_LIST,01/04/2026,C83020,CAYTHORPE & ANCASTER MEDICAL PRACTICE,E01026233,ALL,13
GP_PRAC_PAT_LIST,01/04/2026,C83020,CAYTHORPE & ANCASTER MEDICAL PRACTICE,E01026236,ALL,1
GP_PRAC_PAT_LIST,01/04/2026,C83020,CAYTHORPE & ANCASTER MEDICAL PRACTICE,E01026238,ALL,1
GP_PRAC_PAT_LIST,01/04/2026,C83020,CAYTHORPE & ANCASTER MEDICAL PRACTICE,E01026291,ALL,1
GP_PRAC_PAT_LIST,01/04/2026,C83020,CAYTHORPE & ANCASTER MEDICAL PRACTICE,E01026293,ALL,52
GP_PRAC_PAT_LIST,01/04/2026,C83020,CAYTHORPE & ANCASTER MEDICAL PRACTICE,E01026294,ALL,4
GP_PRAC_PAT_LIST,01/04/2026,C83020,CAYTHORPE & ANCASTER MEDICAL PRACTICE,E01026311,ALL,1
GP_PRAC_PAT_LIST,01/04/2026,C83020,CAYTHORPE & ANCASTER MEDICAL PRACTICE,E01026313,ALL,907
GP_PRAC_PAT_LIST,01/04/2026,C83020,CAYTHORPE & ANCASTER MEDICAL PRACTICE,E01026314,ALL,1499
GP_PRAC_PAT_LIST,01/04/2026,C83020,CAYTHORPE & ANCASTER MEDICAL PRACTICE,E01026316,ALL,1
GP_PRAC_PAT_LIST,01/04/2026,C83020,CAYTHORPE & ANCASTER MEDICAL PRACTICE,E01026319,ALL,2
GP_PRAC_PAT_LIST,01/04/2026,C83020,CAYTHORPE & ANCASTER MEDICAL PRACTICE,E01026322,ALL,1
GP_PRAC_PAT_LIST,01/04/2026,C83020,CAYTHORPE & ANCASTER MEDICAL PRACTICE,E01026325,ALL,1
GP_PRAC_PAT_LIST,01/04/2026,C83020,CAYTHORPE & ANCASTER MEDICAL PRACTICE,E01026329,ALL,1984
GP_PRAC_PAT_LIST,01/04/2026,C83020,CAYTHORPE & ANCASTER MEDICAL PRACTICE,E01026331,ALL,4
GP_PRAC_PAT_LIST,01/04/2026,C83020,CAYTHORPE & ANCASTER MEDICAL PRACTICE,E01026332,ALL,897
GP_PRAC_PAT_LIST,01/04/2026,C83020,CAYTHORPE & ANCASTER MEDICAL PRACTICE,E01026333,ALL,1181
GP_PRAC_PAT_LIST,01/04/2026,C83020,CAYTHORPE & ANCASTER MEDICAL PRACTICE,E01026340,ALL,9
GP_PRAC_PAT_LIST,01/04/2026,C83020,CAYTHORPE & ANCASTER MEDICAL PRACTICE,E01026343,ALL,1
GP_PRAC_PAT_LIST,01/04/2026,C83020,CAYTHORPE & ANCASTER MEDICAL PRACTICE,E01026345,ALL,1
GP_PRAC_PAT_LIST,01/04/2026,C83020,CAYTHORPE & ANCASTER MEDICAL PRACTICE,E01026355,ALL,9
GP_PRAC_PAT_LIST,01/04/2026,C83020,CAYTHORPE & ANCASTER MEDICAL PRACTICE,E01026365,ALL,100
GP_PRAC_PAT_LIST,01/04/2026,C83020,CAYTHORPE & ANCASTER MEDICAL PRACTICE,E01026394,ALL,1
GP_PRAC_PAT_LIST,01/04/2026,C83020,CAYTHORPE & ANCASTER MEDICAL PRACTICE,E01028311,ALL,1
GP_PRAC_PAT_LIST,01/04/2026,C83020,CAYTHORPE & ANCASTER MEDICAL PRACTICE,E01028398,ALL,1
GP_PRAC_PAT_LIST,01/04/2026,C83020,CAYTHORPE & ANCASTER MEDICAL PRACTICE,E01034694,ALL,1
GP_PRAC_PAT_LIST,01/04/2026,C83020,CAYTHORPE & ANCASTER MEDICAL PRACTICE,E01034695,ALL,573
GP_PRAC_PAT_LIST,01/04/2026,C83020,CAYTHORPE & ANCASTER MEDICAL PRACTICE,E01034696,ALL,4
GP_PRAC_PAT_LIST,01/04/2026,C83020,CAYTHORPE & ANCASTER MEDICAL PRACTICE,E01034701,ALL,1
GP_PRAC_PAT_LIST,01/04/2026,C83020,CAYTHORPE & ANCASTER MEDICAL PRACTICE,E01035044,ALL,1
GP_PRAC_PAT_LIST,01/04/2026,C83020,CAYTHORPE & ANCASTER MEDICAL PRACTICE,EMPTY,ALL,1
GP_PRAC_PAT_LIST,01/04/2026,C83022,MUNRO MEDICAL CENTRE,E01002624,ALL,1
GP_PRAC_PAT_LIST,01/04/2026,C83022,MUNRO MEDICAL CENTRE,E01003237,ALL,1
GP_PRAC_PAT_LIST,01/04/2026,C83022,MUNRO MEDICAL CENTRE,E01003446,ALL,1
GP_PRAC_PAT_LIST,01/04/2026,C83022,MUNRO MEDICAL CENTRE,E01007469,ALL,1
GP_PRAC_PAT_LIST,01/04/2026,C83022,MUNRO MEDICAL CENTRE,E01012542,ALL,1
GP_PRAC_PAT_LIST,01/04/2026,C83022,MUNRO MEDICAL CENTRE,E01013456,ALL,1
GP_PRAC_PAT_LIST,01/04/2026,C83022,MUNRO MEDICAL CENTRE,E01013790,ALL,1
GP_PRAC_PAT_LIST,01/04/2026,C83022,MUNRO MEDICAL CENTRE,E01015622,ALL,1
GP_PRAC_PAT_LIST,01/04/2026,C83022,MUNRO MEDICAL CENTRE,E01015628,ALL,1
GP_PRAC_PAT_LIST,01/04/2026,C83022,MUNRO MEDICAL CENTRE,E01015635,ALL,1
GP_PRAC_PAT_LIST,01/04/2026,C83022,MUNRO MEDICAL CENTRE,E01015636,ALL,7
GP_PRAC_PAT_LIST,01/04/2026,C83022,MUNRO MEDICAL CENTRE,E01015661,ALL,1
GP_PRAC_PAT_LIST,01/04/2026,C83022,MUNRO MEDICAL CENTRE,E01015662,ALL,1
GP_PRAC_PAT_LIST,01/04/2026,C83022,MUNRO MEDICAL CENTRE,E01015681,ALL,1
GP_PRAC_PAT_LIST,01/04/2026,C83022,MUNRO MEDICAL CENTRE,E01015684,ALL,1
GP_PRAC_PAT_LIST,01/04/2026,C83022,MUNRO MEDICAL CENTRE,E01015692,ALL,1
GP_PRAC_PAT_LIST,01/04/2026,C83022,MUNRO MEDICAL CENTRE,E01016786,ALL,1
GP_PRAC_PAT_LIST,01/04/2026,C83022,MUNRO MEDICAL CENTRE,E01021631,ALL,1
GP_PRAC_PAT_LIST,01/04/2026,C83022,MUNRO MEDICAL CENTRE,E01026016,ALL,3
GP_PRAC_PAT_LIST,01/04/2026,C83022,MUNRO MEDICAL CENTRE,E01026017,ALL,3
GP_PRAC_PAT_LIST,01/04/2026,C83022,MUNRO MEDICAL CENTRE,E01026018,ALL,1
GP_PRAC_PAT_LIST,01/04/2026,C83022,MUNRO MEDICAL CENTRE,E01026019,ALL,3
GP_PRAC_PAT_LIST,01/04/2026,C83022,MUNRO MEDICAL CENTRE,E01026020,ALL,9
GP_PRAC_PAT_LIST,01/04/2026,C83022,MUNRO MEDICAL CENTRE,E01026033,ALL,1
GP_PRAC_PAT_LIST,01/04/2026,C83022,MUNRO MEDICAL CENTRE,E01026036,ALL,1
GP_PRAC_PAT_LIST,01/04/2026,C83022,MUNRO MEDICAL CENTRE,E01026037,ALL,2
GP_PRAC_PAT_LIST,01/04/2026,C83022,MUNRO MEDICAL CENTRE,E01026040,ALL,1
GP_PRAC_PAT_LIST,01/04/2026,C83022,MUNRO MEDICAL CENTRE,E01026125,ALL,3
GP_PRAC_PAT_LIST,01/04/2026,C83022,MUNRO MEDICAL CENTRE,E01026144,ALL,1
GP_PRAC_PAT_LIST,01/04/2026,C83022,MUNRO MEDICAL CENTRE,E01026221,ALL,2
GP_PRAC_PAT_LIST,01/04/2026,C83022,MUNRO MEDICAL CENTRE,E01026239,ALL,5
GP_PRAC_PAT_LIST,01/04/2026,C83022,MUNRO MEDICAL CENTRE,E01026240,ALL,18
GP_PRAC_PAT_LIST,01/04/2026,C83022,MUNRO MEDICAL CENTRE,E01026241,ALL,366
GP_PRAC_PAT_LIST,01/04/2026,C83022,MUNRO MEDICAL CENTRE,E01026242,ALL,30
GP_PRAC_PAT_LIST,01/04/2026,C83022,MUNRO MEDICAL CENTRE,E01026243,ALL,15
GP_PRAC_PAT_LIST,01/04/2026,C83022,MUNRO MEDICAL CENTRE,E01026244,ALL,16
GP_PRAC_PAT_LIST,01/04/2026,C83022,MUNRO MEDICAL CENTRE,E01026245,ALL,5
GP_PRAC_PAT_LIST,01/04/2026,C83022,MUNRO MEDICAL CENTRE,E01026246,ALL,6
GP_PRAC_PAT_LIST,01/04/2026,C83022,MUNRO MEDICAL CENTRE,E01026247,ALL,81
GP_PRAC_PAT_LIST,01/04/2026,C83022,MUNRO MEDICAL CENTRE,E01026248,ALL,7
GP_PRAC_PAT_LIST,01/04/2026,C83022,MUNRO MEDICAL CENTRE,E01026249,ALL,22
GP_PRAC_PAT_LIST,01/04/2026,C83022,MUNRO MEDICAL CENTRE,E01026250,ALL,12
GP_PRAC_PAT_LIST,01/04/2026,C83022,MUNRO MEDICAL CENTRE,E01026251,ALL,10
GP_PRAC_PAT_LIST,01/04/2026,C83022,MUNRO MEDICAL CENTRE,E01026252,ALL,5
GP_PRAC_PAT_LIST,01/04/2026,C83022,MUNRO MEDICAL CENTRE,E01026253,ALL,7
GP_PRAC_PAT_LIST,01/04/2026,C83022,MUNRO MEDICAL CENTRE,E01026256,ALL,3
GP_PRAC_PAT_LIST,01/04/2026,C83022,MUNRO MEDICAL CENTRE,E01026258,ALL,1406
GP_PRAC_PAT_LIST,01/04/2026,C83022,MUNRO MEDICAL CENTRE,E01026259,ALL,814
GP_PRAC_PAT_LIST,01/04/2026,C83022,MUNRO MEDICAL CENTRE,E01026260,ALL,1028
GP_PRAC_PAT_LIST,01/04/2026,C83022,MUNRO MEDICAL CENTRE,E01026262,ALL,775
GP_PRAC_PAT_LIST,01/04/2026,C83022,MUNRO MEDICAL CENTRE,E01026263,ALL,1273
GP_PRAC_PAT_LIST,01/04/2026,C83022,MUNRO MEDICAL CENTRE,E01026264,ALL,701
GP_PRAC_PAT_LIST,01/04/2026,C83022,MUNRO MEDICAL CENTRE,E01026265,ALL,813
GP_PRAC_PAT_LIST,01/04/2026,C83022,MUNRO MEDICAL CENTRE,E01026266,ALL,974
GP_PRAC_PAT_LIST,01/04/2026,C83022,MUNRO MEDICAL CENTRE,E01026268,ALL,935
GP_PRAC_PAT_LIST,01/04/2026,C83022,MUNRO MEDICAL CENTRE,E01026269,ALL,958
GP_PRAC_PAT_LIST,01/04/2026,C83022,MUNRO MEDICAL CENTRE,E01026270,ALL,1244
GP_PRAC_PAT_LIST,01/04/2026,C83022,MUNRO MEDICAL CENTRE,E01026271,ALL,865
GP_PRAC_PAT_LIST,01/04/2026,C83022,MUNRO MEDICAL CENTRE,E01026272,ALL,602
GP_PRAC_PAT_LIST,01/04/2026,C83022,MUNRO MEDICAL CENTRE,E01026273,ALL,1112
GP_PRAC_PAT_LIST,01/04/2026,C83022,MUNRO MEDICAL CENTRE,E01026275,ALL,1403
GP_PRAC_PAT_LIST,01/04/2026,C83022,MUNRO MEDICAL CENTRE,E01026276,ALL,401
GP_PRAC_PAT_LIST,01/04/2026,C83022,MUNRO MEDICAL CENTRE,E01026279,ALL,3
GP_PRAC_PAT_LIST,01/04/2026,C83022,MUNRO MEDICAL CENTRE,E01026280,ALL,14
GP_PRAC_PAT_LIST,01/04/2026,C83022,MUNRO MEDICAL CENTRE,E01026281,ALL,477
GP_PRAC_PAT_LIST,01/04/2026,C83022,MUNRO MEDICAL CENTRE,E01026282,ALL,305
GP_PRAC_PAT_LIST,01/04/2026,C83022,MUNRO MEDICAL CENTRE,E01026283,ALL,129
GP_PRAC_PAT_LIST,01/04/2026,C83022,MUNRO MEDICAL CENTRE,E01026284,ALL,667
GP_PRAC_PAT_LIST,01/04/2026,C83022,MUNRO MEDICAL CENTRE,E01026285,ALL,82
GP_PRAC_PAT_LIST,01/04/2026,C83022,MUNRO MEDICAL CENTRE,E01026286,ALL,66
GP_PRAC_PAT_LIST,01/04/2026,C83022,MUNRO MEDICAL CENTRE,E01026289,ALL,1
GP_PRAC_PAT_LIST,01/04/2026,C83022,MUNRO MEDICAL CENTRE,E01026290,ALL,4
GP_PRAC_PAT_LIST,01/04/2026,C83022,MUNRO MEDICAL CENTRE,E01026296,ALL,3
GP_PRAC_PAT_LIST,01/04/2026,C83022,MUNRO MEDICAL CENTRE,E01026297,ALL,1
GP_PRAC_PAT_LIST,01/04/2026,C83022,MUNRO MEDICAL CENTRE,E01026302,ALL,1
GP_PRAC_PAT_LIST,01/04/2026,C83022,MUNRO MEDICAL CENTRE,E01026304,ALL,3
GP_PRAC_PAT_LIST,01/04/2026,C83022,MUNRO MEDICAL CENTRE,E01026305,ALL,5
GP_PRAC_PAT_LIST,01/04/2026,C83022,MUNRO MEDICAL CENTRE,E01026306,ALL,1
GP_PRAC_PAT_LIST,01/04/2026,C83022,MUNRO MEDICAL CENTRE,E01026319,ALL,1
GP_PRAC_PAT_LIST,01/04/2026,C83022,MUNRO MEDICAL CENTRE,E01026323,ALL,1
GP_PRAC_PAT_LIST,01/04/2026,C83022,MUNRO MEDICAL CENTRE,E01026335,ALL,11
GP_PRAC_PAT_LIST,01/04/2026,C83022,MUNRO MEDICAL CENTRE,E01026337,ALL,1
GP_PRAC_PAT_LIST,01/04/2026,C83022,MUNRO MEDICAL CENTRE,E01026341,ALL,3
GP_PRAC_PAT_LIST,01/04/2026,C83022,MUNRO MEDICAL CENTRE,E01026347,ALL,1
GP_PRAC_PAT_LIST,01/04/2026,C83022,MUNRO MEDICAL CENTRE,E01026350,ALL,1
GP_PRAC_PAT_LIST,01/04/2026,C83022,MUNRO MEDICAL CENTRE,E01026360,ALL,2
GP_PRAC_PAT_LIST,01/04/2026,C83022,MUNRO MEDICAL CENTRE,E01026361,ALL,1
GP_PRAC_PAT_LIST,01/04/2026,C83022,MUNRO MEDICAL CENTRE,E01026363,ALL,3
GP_PRAC_PAT_LIST,01/04/2026,C83022,MUNRO MEDICAL CENTRE,E01026364,ALL,4
GP_PRAC_PAT_LIST,01/04/2026,C83022,MUNRO MEDICAL CENTRE,E01026635,ALL,1
GP_PRAC_PAT_LIST,01/04/2026,C83022,MUNRO MEDICAL CENTRE,E01026797,ALL,1
GP_PRAC_PAT_LIST,01/04/2026,C83022,MUNRO MEDICAL CENTRE,E01026845,ALL,1
GP_PRAC_PAT_LIST,01/04/2026,C83022,MUNRO MEDICAL CENTRE,E01027031,ALL,1
GP_PRAC_PAT_LIST,01/04/2026,C83022,MUNRO MEDICAL CENTRE,E01030241,ALL,1
GP_PRAC_PAT_LIST,01/04/2026,C83022,MUNRO MEDICAL CENTRE,E01030421,ALL,1
GP_PRAC_PAT_LIST,01/04/2026,C83022,MUNRO MEDICAL CENTRE,E01031144,ALL,1
GP_PRAC_PAT_LIST,01/04/2026,C83022,MUNRO MEDICAL CENTRE,E01032995,ALL,793
GP_PRAC_PAT_LIST,01/04/2026,C83022,MUNRO MEDICAL CENTRE,E01032996,ALL,1007
GP_PRAC_PAT_LIST,01/04/2026,C83022,MUNRO MEDICAL CENTRE,E01032997,ALL,3
GP_PRAC_PAT_LIST,01/04/2026,C83022,MUNRO MEDICAL CENTRE,E01032998,ALL,2
GP_PRAC_PAT_LIST,01/04/2026,C83022,MUNRO MEDICAL CENTRE,E01033182,ALL,1
GP_PRAC_PAT_LIST,01/04/2026,C83022,MUNRO MEDICAL CENTRE,E01034683,ALL,2
GP_PRAC_PAT_LIST,01/04/2026,C83022,MUNRO MEDICAL CENTRE,E01034697,ALL,1028
GP_PRAC_PAT_LIST,01/04/2026,C83022,MUNRO MEDICAL CENTRE,E01034698,ALL,922
GP_PRAC_PAT_LIST,01/04/2026,C83022,MUNRO MEDICAL CENTRE,E01034699,ALL,644
GP_PRAC_PAT_LIST,01/04/2026,C83022,MUNRO MEDICAL CENTRE,E01034700,ALL,810
GP_PRAC_PAT_LIST,01/04/2026,C83022,MUNRO MEDICAL CENTRE,E01034703,ALL,2
GP_PRAC_PAT_LIST,01/04/2026,C83022,MUNRO MEDICAL CENTRE,E01034704,ALL,4
GP_PRAC_PAT_LIST,01/04/2026,C83022,MUNRO MEDICAL CENTRE,E01034705,ALL,1
GP_PRAC_PAT_LIST,01/04/2026,C83022,MUNRO MEDICAL CENTRE,E01034777,ALL,1
GP_PRAC_PAT_LIST,01/04/2026,C83022,MUNRO MEDICAL CENTRE,E01035551,ALL,1
GP_PRAC_PAT_LIST,01/04/2026,C83022,MUNRO MEDICAL CENTRE,EMPTY,ALL,20
GP_PRAC_PAT_LIST,01/04/2026,C83022,MUNRO MEDICAL CENTRE,S01015859,ALL,1
GP_PRAC_PAT_LIST,01/04/2026,C83023,SLEAFORD MEDICAL GROUP,CLOSED,ALL,1
GP_PRAC_PAT_LIST,01/04/2026,C83023,SLEAFORD MEDICAL GROUP,E01000268,ALL,1
GP_PRAC_PAT_LIST,01/04/2026,C83023,SLEAFORD MEDICAL GROUP,E01005732,ALL,1
GP_PRAC_PAT_LIST,01/04/2026,C83023,SLEAFORD MEDICAL GROUP,E01006628,ALL,1
GP_PRAC_PAT_LIST,01/04/2026,C83023,SLEAFORD MEDICAL GROUP,E01007494,ALL,1
GP_PRAC_PAT_LIST,01/04/2026,C83023,SLEAFORD MEDICAL GROUP,E01008066,ALL,1
GP_PRAC_PAT_LIST,01/04/2026,C83023,SLEAFORD MEDICAL GROUP,E01009695,ALL,1
GP_PRAC_PAT_LIST,01/04/2026,C83023,SLEAFORD MEDICAL GROUP,E01011081,ALL,1
GP_PRAC_PAT_LIST,01/04/2026,C83023,SLEAFORD MEDICAL GROUP,E01011441,ALL,1
GP_PRAC_PAT_LIST,01/04/2026,C83023,SLEAFORD MEDICAL GROUP,E01013171,ALL,1
GP_PRAC_PAT_LIST,01/04/2026,C83023,SLEAFORD MEDICAL GROUP,E01013179,ALL,1
GP_PRAC_PAT_LIST,01/04/2026,C83023,SLEAFORD MEDICAL GROUP,E01013484,ALL,1
GP_PRAC_PAT_LIST,01/04/2026,C83023,SLEAFORD MEDICAL GROUP,E01013524,ALL,1
GP_PRAC_PAT_LIST,01/04/2026,C83023,SLEAFORD MEDICAL GROUP,E01013731,ALL,1
GP_PRAC_PAT_LIST,01/04/2026,C83023,SLEAFORD MEDICAL GROUP,E01013840,ALL,1
GP_PRAC_PAT_LIST,01/04/2026,C83023,SLEAFORD MEDICAL GROUP,E01013886,ALL,1
GP_PRAC_PAT_LIST,01/04/2026,C83023,SLEAFORD MEDICAL GROUP,E01013939,ALL,1
GP_PRAC_PAT_LIST,01/04/2026,C83023,SLEAFORD MEDICAL GROUP,E01013942,ALL,1
GP_PRAC_PAT_LIST,01/04/2026,C83023,SLEAFORD MEDICAL GROUP,E01015039,ALL,1
GP_PRAC_PAT_LIST,01/04/2026,C83023,SLEAFORD MEDICAL GROUP,E01015169,ALL,1
GP_PRAC_PAT_LIST,01/04/2026,C83023,SLEAFORD MEDICAL GROUP,E01015638,ALL,1
GP_PRAC_PAT_LIST,01/04/2026,C83023,SLEAFORD MEDICAL GROUP,E01015642,ALL,1
GP_PRAC_PAT_LIST,01/04/2026,C83023,SLEAFORD MEDICAL GROUP,E01015644,ALL,1
GP_PRAC_PAT_LIST,01/04/2026,C83023,SLEAFORD MEDICAL GROUP,E01015661,ALL,2
GP_PRAC_PAT_LIST,01/04/2026,C83023,SLEAFORD MEDICAL GROUP,E01016951,ALL,1
GP_PRAC_PAT_LIST,01/04/2026,C83023,SLEAFORD MEDICAL GROUP,E01017699,ALL,1
GP_PRAC_PAT_LIST,01/04/2026,C83023,SLEAFORD MEDICAL GROUP,E01017736,ALL,1
GP_PRAC_PAT_LIST,01/04/2026,C83023,SLEAFORD MEDICAL GROUP,E01018199,ALL,1
GP_PRAC_PAT_LIST,01/04/2026,C83023,SLEAFORD MEDICAL GROUP,E01019440,ALL,1
GP_PRAC_PAT_LIST,01/04/2026,C83023,SLEAFORD MEDICAL GROUP,E01019597,ALL,1
GP_PRAC_PAT_LIST,01/04/2026,C83023,SLEAFORD MEDICAL GROUP,E01019930,ALL,1
GP_PRAC_PAT_LIST,01/04/2026,C83023,SLEAFORD MEDICAL GROUP,E01020099,ALL,1
GP_PRAC_PAT_LIST,01/04/2026,C83023,SLEAFORD MEDICAL GROUP,E01021341,ALL,1
GP_PRAC_PAT_LIST,01/04/2026,C83023,SLEAFORD MEDICAL GROUP,E01021357,ALL,1
GP_PRAC_PAT_LIST,01/04/2026,C83023,SLEAFORD MEDICAL GROUP,E01021818,ALL,1
GP_PRAC_PAT_LIST,01/04/2026,C83023,SLEAFORD MEDICAL GROUP,E01022083,ALL,1
GP_PRAC_PAT_LIST,01/04/2026,C83023,SLEAFORD MEDICAL GROUP,E01023860,ALL,1
GP_PRAC_PAT_LIST,01/04/2026,C83023,SLEAFORD MEDICAL GROUP,E01025295,ALL,1
GP_PRAC_PAT_LIST,01/04/2026,C83023,SLEAFORD MEDICAL GROUP,E01025517,ALL,1
GP_PRAC_PAT_LIST,01/04/2026,C83023,SLEAFORD MEDICAL GROUP,E01025885,ALL,1
GP_PRAC_PAT_LIST,01/04/2026,C83023,SLEAFORD MEDICAL GROUP,E01026010,ALL,1
GP_PRAC_PAT_LIST,01/04/2026,C83023,SLEAFORD MEDICAL GROUP,E01026020,ALL,1
GP_PRAC_PAT_LIST,01/04/2026,C83023,SLEAFORD MEDICAL GROUP,E01026037,ALL,1
GP_PRAC_PAT_LIST,01/04/2026,C83023,SLEAFORD MEDICAL GROUP,E01026053,ALL,1
GP_PRAC_PAT_LIST,01/04/2026,C83023,SLEAFORD MEDICAL GROUP,E01026054,ALL,1
GP_PRAC_PAT_LIST,01/04/2026,C83023,SLEAFORD MEDICAL GROUP,E01026104,ALL,1
GP_PRAC_PAT_LIST,01/04/2026,C83023,SLEAFORD MEDICAL GROUP,E01026122,ALL,2
GP_PRAC_PAT_LIST,01/04/2026,C83023,SLEAFORD MEDICAL GROUP,E01026125,ALL,3
GP_PRAC_PAT_LIST,01/04/2026,C83023,SLEAFORD MEDICAL GROUP,E01026126,ALL,1
GP_PRAC_PAT_LIST,01/04/2026,C83023,SLEAFORD MEDICAL GROUP,E01026142,ALL,1
GP_PRAC_PAT_LIST,01/04/2026,C83023,SLEAFORD MEDICAL GROUP,E01026151,ALL,2
GP_PRAC_PAT_LIST,01/04/2026,C83023,SLEAFORD MEDICAL GROUP,E01026160,ALL,1
GP_PRAC_PAT_LIST,01/04/2026,C83023,SLEAFORD MEDICAL GROUP,E01026174,ALL,1
GP_PRAC_PAT_LIST,01/04/2026,C83023,SLEAFORD MEDICAL GROUP,E01026177,ALL,1
GP_PRAC_PAT_LIST,01/04/2026,C83023,SLEAFORD MEDICAL GROUP,E01026179,ALL,25
GP_PRAC_PAT_LIST,01/04/2026,C83023,SLEAFORD MEDICAL GROUP,E01026180,ALL,61
GP_PRAC_PAT_LIST,01/04/2026,C83023,SLEAFORD MEDICAL GROUP,E01026183,ALL,7
GP_PRAC_PAT_LIST,01/04/2026,C83023,SLEAFORD MEDICAL GROUP,E01026188,ALL,1
GP_PRAC_PAT_LIST,01/04/2026,C83023,SLEAFORD MEDICAL GROUP,E01026192,ALL,1
GP_PRAC_PAT_LIST,01/04/2026,C83023,SLEAFORD MEDICAL GROUP,E01026195,ALL,1
GP_PRAC_PAT_LIST,01/04/2026,C83023,SLEAFORD MEDICAL GROUP,E01026196,ALL,6
GP_PRAC_PAT_LIST,01/04/2026,C83023,SLEAFORD MEDICAL GROUP,E01026197,ALL,482
GP_PRAC_PAT_LIST,01/04/2026,C83023,SLEAFORD MEDICAL GROUP,E01026198,ALL,163
GP_PRAC_PAT_LIST,01/04/2026,C83023,SLEAFORD MEDICAL GROUP,E01026200,ALL,163
GP_PRAC_PAT_LIST,01/04/2026,C83023,SLEAFORD MEDICAL GROUP,E01026201,ALL,234
GP_PRAC_PAT_LIST,01/04/2026,C83023,SLEAFORD MEDICAL GROUP,E01026202,ALL,183
GP_PRAC_PAT_LIST,01/04/2026,C83023,SLEAFORD MEDICAL GROUP,E01026206,ALL,1
GP_PRAC_PAT_LIST,01/04/2026,C83023,SLEAFORD MEDICAL GROUP,E01026207,ALL,104
GP_PRAC_PAT_LIST,01/04/2026,C83023,SLEAFORD MEDICAL GROUP,E01026208,ALL,763
GP_PRAC_PAT_LIST,01/04/2026,C83023,SLEAFORD MEDICAL GROUP,E01026209,ALL,809
GP_PRAC_PAT_LIST,01/04/2026,C83023,SLEAFORD MEDICAL GROUP,E01026210,ALL,3
GP_PRAC_PAT_LIST,01/04/2026,C83023,SLEAFORD MEDICAL GROUP,E01026221,ALL,421
GP_PRAC_PAT_LIST,01/04/2026,C83023,SLEAFORD MEDICAL GROUP,E01026222,ALL,315
GP_PRAC_PAT_LIST,01/04/2026,C83023,SLEAFORD MEDICAL GROUP,E01026223,ALL,326
GP_PRAC_PAT_LIST,01/04/2026,C83023,SLEAFORD MEDICAL GROUP,E01026224,ALL,286
GP_PRAC_PAT_LIST,01/04/2026,C83023,SLEAFORD MEDICAL GROUP,E01026227,ALL,969
GP_PRAC_PAT_LIST,01/04/2026,C83023,SLEAFORD MEDICAL GROUP,E01026228,ALL,1072
GP_PRAC_PAT_LIST,01/04/2026,C83023,SLEAFORD MEDICAL GROUP,E01026229,ALL,1073
GP_PRAC_PAT_LIST,01/04/2026,C83023,SLEAFORD MEDICAL GROUP,E01026230,ALL,1430
GP_PRAC_PAT_LIST,01/04/2026,C83023,SLEAFORD MEDICAL GROUP,E01026231,ALL,2082
GP_PRAC_PAT_LIST,01/04/2026,C83023,SLEAFORD MEDICAL GROUP,E01026232,ALL,1668
GP_PRAC_PAT_LIST,01/04/2026,C83023,SLEAFORD MEDICAL GROUP,E01026233,ALL,1087
GP_PRAC_PAT_LIST,01/04/2026,C83023,SLEAFORD MEDICAL GROUP,E01026235,ALL,1172
GP_PRAC_PAT_LIST,01/04/2026,C83023,SLEAFORD MEDICAL GROUP,E01026236,ALL,730
GP_PRAC_PAT_LIST,01/04/2026,C83023,SLEAFORD MEDICAL GROUP,E01026242,ALL,1
GP_PRAC_PAT_LIST,01/04/2026,C83023,SLEAFORD MEDICAL GROUP,E01026245,ALL,1
GP_PRAC_PAT_LIST,01/04/2026,C83023,SLEAFORD MEDICAL GROUP,E01026255,ALL,1
GP_PRAC_PAT_LIST,01/04/2026,C83023,SLEAFORD MEDICAL GROUP,E01026290,ALL,4
GP_PRAC_PAT_LIST,01/04/2026,C83023,SLEAFORD MEDICAL GROUP,E01026308,ALL,1
GP_PRAC_PAT_LIST,01/04/2026,C83023,SLEAFORD MEDICAL GROUP,E01026313,ALL,2
GP_PRAC_PAT_LIST,01/04/2026,C83023,SLEAFORD MEDICAL GROUP,E01026314,ALL,5
GP_PRAC_PAT_LIST,01/04/2026,C83023,SLEAFORD MEDICAL GROUP,E01026317,ALL,2
GP_PRAC_PAT_LIST,01/04/2026,C83023,SLEAFORD MEDICAL GROUP,E01026329,ALL,1
GP_PRAC_PAT_LIST,01/04/2026,C83023,SLEAFORD MEDICAL GROUP,E01026332,ALL,3
GP_PRAC_PAT_LIST,01/04/2026,C83023,SLEAFORD MEDICAL GROUP,E01026341,ALL,1
GP_PRAC_PAT_LIST,01/04/2026,C83023,SLEAFORD MEDICAL GROUP,E01026343,ALL,2
GP_PRAC_PAT_LIST,01/04/2026,C83023,SLEAFORD MEDICAL GROUP,E01026345,ALL,1
GP_PRAC_PAT_LIST,01/04/2026,C83023,SLEAFORD MEDICAL GROUP,E01026352,ALL,2
GP_PRAC_PAT_LIST,01/04/2026,C83023,SLEAFORD MEDICAL GROUP,E01026353,ALL,1
GP_PRAC_PAT_LIST,01/04/2026,C83023,SLEAFORD MEDICAL GROUP,E01026355,ALL,1
GP_PRAC_PAT_LIST,01/04/2026,C83023,SLEAFORD MEDICAL GROUP,E01026361,ALL,8
GP_PRAC_PAT_LIST,01/04/2026,C83023,SLEAFORD MEDICAL GROUP,E01026388,ALL,1
GP_PRAC_PAT_LIST,01/04/2026,C83023,SLEAFORD MEDICAL GROUP,E01026390,ALL,1
GP_PRAC_PAT_LIST,01/04/2026,C83023,SLEAFORD MEDICAL GROUP,E01026413,ALL,2
GP_PRAC_PAT_LIST,01/04/2026,C83023,SLEAFORD MEDICAL GROUP,E01026466,ALL,1
GP_PRAC_PAT_LIST,01/04/2026,C83023,SLEAFORD MEDICAL GROUP,E01026468,ALL,1
GP_PRAC_PAT_LIST,01/04/2026,C83023,SLEAFORD MEDICAL GROUP,E01027975,ALL,1
GP_PRAC_PAT_LIST,01/04/2026,C83023,SLEAFORD MEDICAL GROUP,E01028289,ALL,1
GP_PRAC_PAT_LIST,01/04/2026,C83023,SLEAFORD MEDICAL GROUP,E01028326,ALL,1
GP_PRAC_PAT_LIST,01/04/2026,C83023,SLEAFORD MEDICAL GROUP,E01028418,ALL,1
GP_PRAC_PAT_LIST,01/04/2026,C83023,SLEAFORD MEDICAL GROUP,E01029447,ALL,1
GP_PRAC_PAT_LIST,01/04/2026,C83023,SLEAFORD MEDICAL GROUP,E01029488,ALL,1
GP_PRAC_PAT_LIST,01/04/2026,C83023,SLEAFORD MEDICAL GROUP,E01032546,ALL,1
GP_PRAC_PAT_LIST,01/04/2026,C83023,SLEAFORD MEDICAL GROUP,E01032993,ALL,2
GP_PRAC_PAT_LIST,01/04/2026,C83023,SLEAFORD MEDICAL GROUP,E01032995,ALL,1
GP_PRAC_PAT_LIST,01/04/2026,C83023,SLEAFORD MEDICAL GROUP,E01034468,ALL,1
GP_PRAC_PAT_LIST,01/04/2026,C83023,SLEAFORD MEDICAL GROUP,E01034687,ALL,1
GP_PRAC_PAT_LIST,01/04/2026,C83023,SLEAFORD MEDICAL GROUP,E01034688,ALL,1
GP_PRAC_PAT_LIST,01/04/2026,C83023,SLEAFORD MEDICAL GROUP,E01034693,ALL,3
GP_PRAC_PAT_LIST,01/04/2026,C83023,SLEAFORD MEDICAL GROUP,E01034695,ALL,745
GP_PRAC_PAT_LIST,01/04/2026,C83023,SLEAFORD MEDICAL GROUP,E01034696,ALL,953
GP_PRAC_PAT_LIST,01/04/2026,C83023,SLEAFORD MEDICAL GROUP,E01034964,ALL,1
GP_PRAC_PAT_LIST,01/04/2026,C83023,SLEAFORD MEDICAL GROUP,E01035380,ALL,1
GP_PRAC_PAT_LIST,01/04/2026,C83023,SLEAFORD MEDICAL GROUP,E01035578,ALL,1
GP_PRAC_PAT_LIST,01/04/2026,C83023,SLEAFORD MEDICAL GROUP,EMPTY,ALL,18
GP_PRAC_PAT_LIST,01/04/2026,C83024,THE GLENSIDE COUNTRY PRACTICE,E01001954,ALL,1
GP_PRAC_PAT_LIST,01/04/2026,C83024,THE GLENSIDE COUNTRY PRACTICE,E01003088,ALL,1
GP_PRAC_PAT_LIST,01/04/2026,C83024,THE GLENSIDE COUNTRY PRACTICE,E01004587,ALL,1
GP_PRAC_PAT_LIST,01/04/2026,C83024,THE GLENSIDE COUNTRY PRACTICE,E01011444,ALL,1
GP_PRAC_PAT_LIST,01/04/2026,C83024,THE GLENSIDE COUNTRY PRACTICE,E01013787,ALL,1
GP_PRAC_PAT_LIST,01/04/2026,C83024,THE GLENSIDE COUNTRY PRACTICE,E01013788,ALL,57
GP_PRAC_PAT_LIST,01/04/2026,C83024,THE GLENSIDE COUNTRY PRACTICE,E01013790,ALL,285
GP_PRAC_PAT_LIST,01/04/2026,C83024,THE GLENSIDE COUNTRY PRACTICE,E01013791,ALL,4
GP_PRAC_PAT_LIST,01/04/2026,C83024,THE GLENSIDE COUNTRY PRACTICE,E01013792,ALL,2
GP_PRAC_PAT_LIST,01/04/2026,C83024,THE GLENSIDE COUNTRY PRACTICE,E01013793,ALL,2
GP_PRAC_PAT_LIST,01/04/2026,C83024,THE GLENSIDE COUNTRY PRACTICE,E01013796,ALL,1
GP_PRAC_PAT_LIST,01/04/2026,C83024,THE GLENSIDE COUNTRY PRACTICE,E01013799,ALL,1
GP_PRAC_PAT_LIST,01/04/2026,C83024,THE GLENSIDE COUNTRY PRACTICE,E01013800,ALL,1
GP_PRAC_PAT_LIST,01/04/2026,C83024,THE GLENSIDE COUNTRY PRACTICE,E01013803,ALL,1
GP_PRAC_PAT_LIST,01/04/2026,C83024,THE GLENSIDE COUNTRY PRACTICE,E01013804,ALL,151
GP_PRAC_PAT_LIST,01/04/2026,C83024,THE GLENSIDE COUNTRY PRACTICE,E01013805,ALL,68
GP_PRAC_PAT_LIST,01/04/2026,C83024,THE GLENSIDE COUNTRY PRACTICE,E01015589,ALL,3
GP_PRAC_PAT_LIST,01/04/2026,C83024,THE GLENSIDE COUNTRY PRACTICE,E01015590,ALL,6
GP_PRAC_PAT_LIST,01/04/2026,C83024,THE GLENSIDE COUNTRY PRACTICE,E01015636,ALL,1
GP_PRAC_PAT_LIST,01/04/2026,C83024,THE GLENSIDE COUNTRY PRACTICE,E01015642,ALL,1
GP_PRAC_PAT_LIST,01/04/2026,C83024,THE GLENSIDE COUNTRY PRACTICE,E01018225,ALL,1
GP_PRAC_PAT_LIST,01/04/2026,C83024,THE GLENSIDE COUNTRY PRACTICE,E01025683,ALL,1
GP_PRAC_PAT_LIST,01/04/2026,C83024,THE GLENSIDE COUNTRY PRACTICE,E01025894,ALL,1
GP_PRAC_PAT_LIST,01/04/2026,C83024,THE GLENSIDE COUNTRY PRACTICE,E01025901,ALL,1
GP_PRAC_PAT_LIST,01/04/2026,C83024,THE GLENSIDE COUNTRY PRACTICE,E01025911,ALL,2
GP_PRAC_PAT_LIST,01/04/2026,C83024,THE GLENSIDE COUNTRY PRACTICE,E01025912,ALL,19
GP_PRAC_PAT_LIST,01/04/2026,C83024,THE GLENSIDE COUNTRY PRACTICE,E01026066,ALL,1
GP_PRAC_PAT_LIST,01/04/2026,C83024,THE GLENSIDE COUNTRY PRACTICE,E01026221,ALL,2
GP_PRAC_PAT_LIST,01/04/2026,C83024,THE GLENSIDE COUNTRY PRACTICE,E01026241,ALL,1
GP_PRAC_PAT_LIST,01/04/2026,C83024,THE GLENSIDE COUNTRY PRACTICE,E01026245,ALL,1
GP_PRAC_PAT_LIST,01/04/2026,C83024,THE GLENSIDE COUNTRY PRACTICE,E01026287,ALL,28
GP_PRAC_PAT_LIST,01/04/2026,C83024,THE GLENSIDE COUNTRY PRACTICE,E01026288,ALL,46
GP_PRAC_PAT_LIST,01/04/2026,C83024,THE GLENSIDE COUNTRY PRACTICE,E01026289,ALL,47
GP_PRAC_PAT_LIST,01/04/2026,C83024,THE GLENSIDE COUNTRY PRACTICE,E01026290,ALL,31
GP_PRAC_PAT_LIST,01/04/2026,C83024,THE GLENSIDE COUNTRY PRACTICE,E01026291,ALL,3
GP_PRAC_PAT_LIST,01/04/2026,C83024,THE GLENSIDE COUNTRY PRACTICE,E01026292,ALL,3
GP_PRAC_PAT_LIST,01/04/2026,C83024,THE GLENSIDE COUNTRY PRACTICE,E01026293,ALL,7
GP_PRAC_PAT_LIST,01/04/2026,C83024,THE GLENSIDE COUNTRY PRACTICE,E01026294,ALL,5
GP_PRAC_PAT_LIST,01/04/2026,C83024,THE GLENSIDE COUNTRY PRACTICE,E01026296,ALL,13
GP_PRAC_PAT_LIST,01/04/2026,C83024,THE GLENSIDE COUNTRY PRACTICE,E01026297,ALL,6
GP_PRAC_PAT_LIST,01/04/2026,C83024,THE GLENSIDE COUNTRY PRACTICE,E01026298,ALL,9
GP_PRAC_PAT_LIST,01/04/2026,C83024,THE GLENSIDE COUNTRY PRACTICE,E01026299,ALL,10
GP_PRAC_PAT_LIST,01/04/2026,C83024,THE GLENSIDE COUNTRY PRACTICE,E01026300,ALL,18
GP_PRAC_PAT_LIST,01/04/2026,C83024,THE GLENSIDE COUNTRY PRACTICE,E01026302,ALL,9
GP_PRAC_PAT_LIST,01/04/2026,C83024,THE GLENSIDE COUNTRY PRACTICE,E01026307,ALL,1
GP_PRAC_PAT_LIST,01/04/2026,C83024,THE GLENSIDE COUNTRY PRACTICE,E01026308,ALL,3
GP_PRAC_PAT_LIST,01/04/2026,C83024,THE GLENSIDE COUNTRY PRACTICE,E01026310,ALL,1
GP_PRAC_PAT_LIST,01/04/2026,C83024,THE GLENSIDE COUNTRY PRACTICE,E01026311,ALL,3
GP_PRAC_PAT_LIST,01/04/2026,C83024,THE GLENSIDE COUNTRY PRACTICE,E01026315,ALL,13
GP_PRAC_PAT_LIST,01/04/2026,C83024,THE GLENSIDE COUNTRY PRACTICE,E01026316,ALL,456
GP_PRAC_PAT_LIST,01/04/2026,C83024,THE GLENSIDE COUNTRY PRACTICE,E01026317,ALL,11
GP_PRAC_PAT_LIST,01/04/2026,C83024,THE GLENSIDE COUNTRY PRACTICE,E01026318,ALL,3
GP_PRAC_PAT_LIST,01/04/2026,C83024,THE GLENSIDE COUNTRY PRACTICE,E01026319,ALL,14
GP_PRAC_PAT_LIST,01/04/2026,C83024,THE GLENSIDE COUNTRY PRACTICE,E01026321,ALL,9
GP_PRAC_PAT_LIST,01/04/2026,C83024,THE GLENSIDE COUNTRY PRACTICE,E01026322,ALL,1
GP_PRAC_PAT_LIST,01/04/2026,C83024,THE GLENSIDE COUNTRY PRACTICE,E01026323,ALL,5
GP_PRAC_PAT_LIST,01/04/2026,C83024,THE GLENSIDE COUNTRY PRACTICE,E01026324,ALL,8
GP_PRAC_PAT_LIST,01/04/2026,C83024,THE GLENSIDE COUNTRY PRACTICE,E01026325,ALL,3
GP_PRAC_PAT_LIST,01/04/2026,C83024,THE GLENSIDE COUNTRY PRACTICE,E01026326,ALL,1
GP_PRAC_PAT_LIST,01/04/2026,C83024,THE GLENSIDE COUNTRY PRACTICE,E01026327,ALL,5
GP_PRAC_PAT_LIST,01/04/2026,C83024,THE GLENSIDE COUNTRY PRACTICE,E01026330,ALL,475
GP_PRAC_PAT_LIST,01/04/2026,C83024,THE GLENSIDE COUNTRY PRACTICE,E01026331,ALL,152
GP_PRAC_PAT_LIST,01/04/2026,C83024,THE GLENSIDE COUNTRY PRACTICE,E01026332,ALL,96
GP_PRAC_PAT_LIST,01/04/2026,C83024,THE GLENSIDE COUNTRY PRACTICE,E01026335,ALL,1
GP_PRAC_PAT_LIST,01/04/2026,C83024,THE GLENSIDE COUNTRY PRACTICE,E01026336,ALL,1
GP_PRAC_PAT_LIST,01/04/2026,C83024,THE GLENSIDE COUNTRY PRACTICE,E01026338,ALL,724
GP_PRAC_PAT_LIST,01/04/2026,C83024,THE GLENSIDE COUNTRY PRACTICE,E01026339,ALL,280
GP_PRAC_PAT_LIST,01/04/2026,C83024,THE GLENSIDE COUNTRY PRACTICE,E01026340,ALL,8
GP_PRAC_PAT_LIST,01/04/2026,C83024,THE GLENSIDE COUNTRY PRACTICE,E01026341,ALL,17
GP_PRAC_PAT_LIST,01/04/2026,C83024,THE GLENSIDE COUNTRY PRACTICE,E01026342,ALL,15
GP_PRAC_PAT_LIST,01/04/2026,C83024,THE GLENSIDE COUNTRY PRACTICE,E01026343,ALL,7
GP_PRAC_PAT_LIST,01/04/2026,C83024,THE GLENSIDE COUNTRY PRACTICE,E01026344,ALL,3
GP_PRAC_PAT_LIST,01/04/2026,C83024,THE GLENSIDE COUNTRY PRACTICE,E01026345,ALL,6
GP_PRAC_PAT_LIST,01/04/2026,C83024,THE GLENSIDE COUNTRY PRACTICE,E01026346,ALL,32
GP_PRAC_PAT_LIST,01/04/2026,C83024,THE GLENSIDE COUNTRY PRACTICE,E01026347,ALL,33
GP_PRAC_PAT_LIST,01/04/2026,C83024,THE GLENSIDE COUNTRY PRACTICE,E01026348,ALL,21
GP_PRAC_PAT_LIST,01/04/2026,C83024,THE GLENSIDE COUNTRY PRACTICE,E01026349,ALL,34
GP_PRAC_PAT_LIST,01/04/2026,C83024,THE GLENSIDE COUNTRY PRACTICE,E01026350,ALL,55
GP_PRAC_PAT_LIST,01/04/2026,C83024,THE GLENSIDE COUNTRY PRACTICE,E01026351,ALL,39
GP_PRAC_PAT_LIST,01/04/2026,C83024,THE GLENSIDE COUNTRY PRACTICE,E01026352,ALL,4
GP_PRAC_PAT_LIST,01/04/2026,C83024,THE GLENSIDE COUNTRY PRACTICE,E01026353,ALL,1
GP_PRAC_PAT_LIST,01/04/2026,C83024,THE GLENSIDE COUNTRY PRACTICE,E01026354,ALL,6
GP_PRAC_PAT_LIST,01/04/2026,C83024,THE GLENSIDE COUNTRY PRACTICE,E01026356,ALL,16
GP_PRAC_PAT_LIST,01/04/2026,C83024,THE GLENSIDE COUNTRY PRACTICE,E01026357,ALL,29
GP_PRAC_PAT_LIST,01/04/2026,C83024,THE GLENSIDE COUNTRY PRACTICE,E01026358,ALL,34
GP_PRAC_PAT_LIST,01/04/2026,C83024,THE GLENSIDE COUNTRY PRACTICE,E01026359,ALL,67
GP_PRAC_PAT_LIST,01/04/2026,C83024,THE GLENSIDE COUNTRY PRACTICE,E01026360,ALL,21
GP_PRAC_PAT_LIST,01/04/2026,C83024,THE GLENSIDE COUNTRY PRACTICE,E01026361,ALL,12
GP_PRAC_PAT_LIST,01/04/2026,C83024,THE GLENSIDE COUNTRY PRACTICE,E01026363,ALL,14
GP_PRAC_PAT_LIST,01/04/2026,C83024,THE GLENSIDE COUNTRY PRACTICE,E01026365,ALL,2
GP_PRAC_PAT_LIST,01/04/2026,C83024,THE GLENSIDE COUNTRY PRACTICE,E01027033,ALL,7
GP_PRAC_PAT_LIST,01/04/2026,C83024,THE GLENSIDE COUNTRY PRACTICE,E01027047,ALL,1
GP_PRAC_PAT_LIST,01/04/2026,C83024,THE GLENSIDE COUNTRY PRACTICE,E01027698,ALL,1
GP_PRAC_PAT_LIST,01/04/2026,C83024,THE GLENSIDE COUNTRY PRACTICE,E01032997,ALL,8
GP_PRAC_PAT_LIST,01/04/2026,C83024,THE GLENSIDE COUNTRY PRACTICE,E01032998,ALL,8
GP_PRAC_PAT_LIST,01/04/2026,C83024,THE GLENSIDE COUNTRY PRACTICE,E01032999,ALL,10
GP_PRAC_PAT_LIST,01/04/2026,C83024,THE GLENSIDE COUNTRY PRACTICE,E01034503,ALL,1
GP_PRAC_PAT_LIST,01/04/2026,C83024,THE GLENSIDE COUNTRY PRACTICE,E01034701,ALL,9
GP_PRAC_PAT_LIST,01/04/2026,C83024,THE GLENSIDE COUNTRY PRACTICE,E01034702,ALL,5
GP_PRAC_PAT_LIST,01/04/2026,C83024,THE GLENSIDE COUNTRY PRACTICE,E01034703,ALL,15
GP_PRAC_PAT_LIST,01/04/2026,C83024,THE GLENSIDE COUNTRY PRACTICE,E01034704,ALL,14
GP_PRAC_PAT_LIST,01/04/2026,C83024,THE GLENSIDE COUNTRY PRACTICE,E01034705,ALL,15
GP_PRAC_PAT_LIST,01/04/2026,C83024,THE GLENSIDE COUNTRY PRACTICE,E01035102,ALL,3
GP_PRAC_PAT_LIST,01/04/2026,C83024,THE GLENSIDE COUNTRY PRACTICE,E01035103,ALL,2
GP_PRAC_PAT_LIST,01/04/2026,C83024,THE GLENSIDE COUNTRY PRACTICE,E01035104,ALL,1
GP_PRAC_PAT_LIST,01/04/2026,C83024,THE GLENSIDE COUNTRY PRACTICE,EMPTY,ALL,1
GP_PRAC_PAT_LIST,01/04/2026,C83025,RICHMOND MEDICAL CENTRE,CLOSED,ALL,1
GP_PRAC_PAT_LIST,01/04/2026,C83025,RICHMOND MEDICAL CENTRE,E01004350,ALL,1
GP_PRAC_PAT_LIST,01/04/2026,C83025,RICHMOND MEDICAL CENTRE,E01012848,ALL,1
GP_PRAC_PAT_LIST,01/04/2026,C83025,RICHMOND MEDICAL CENTRE,E01013001,ALL,1
GP_PRAC_PAT_LIST,01/04/2026,C83025,RICHMOND MEDICAL CENTRE,E01019577,ALL,1
GP_PRAC_PAT_LIST,01/04/2026,C83025,RICHMOND MEDICAL CENTRE,E01019646,ALL,1
GP_PRAC_PAT_LIST,01/04/2026,C83025,RICHMOND MEDICAL CENTRE,E01026123,ALL,1
GP_PRAC_PAT_LIST,01/04/2026,C83025,RICHMOND MEDICAL CENTRE,E01026126,ALL,1
GP_PRAC_PAT_LIST,01/04/2026,C83025,RICHMOND MEDICAL CENTRE,E01026127,ALL,2
GP_PRAC_PAT_LIST,01/04/2026,C83025,RICHMOND MEDICAL CENTRE,E01026129,ALL,4
GP_PRAC_PAT_LIST,01/04/2026,C83025,RICHMOND MEDICAL CENTRE,E01026130,ALL,16
GP_PRAC_PAT_LIST,01/04/2026,C83025,RICHMOND MEDICAL CENTRE,E01026131,ALL,5
GP_PRAC_PAT_LIST,01/04/2026,C83025,RICHMOND MEDICAL CENTRE,E01026135,ALL,7
GP_PRAC_PAT_LIST,01/04/2026,C83025,RICHMOND MEDICAL CENTRE,E01026136,ALL,3
GP_PRAC_PAT_LIST,01/04/2026,C83025,RICHMOND MEDICAL CENTRE,E01026137,ALL,7
GP_PRAC_PAT_LIST,01/04/2026,C83025,RICHMOND MEDICAL CENTRE,E01026138,ALL,15
GP_PRAC_PAT_LIST,01/04/2026,C83025,RICHMOND MEDICAL CENTRE,E01026139,ALL,647
GP_PRAC_PAT_LIST,01/04/2026,C83025,RICHMOND MEDICAL CENTRE,E01026140,ALL,11
GP_PRAC_PAT_LIST,01/04/2026,C83025,RICHMOND MEDICAL CENTRE,E01026141,ALL,546
GP_PRAC_PAT_LIST,01/04/2026,C83025,RICHMOND MEDICAL CENTRE,E01026142,ALL,4
GP_PRAC_PAT_LIST,01/04/2026,C83025,RICHMOND MEDICAL CENTRE,E01026144,ALL,1
GP_PRAC_PAT_LIST,01/04/2026,C83025,RICHMOND MEDICAL CENTRE,E01026147,ALL,1
GP_PRAC_PAT_LIST,01/04/2026,C83025,RICHMOND MEDICAL CENTRE,E01026151,ALL,1
GP_PRAC_PAT_LIST,01/04/2026,C83025,RICHMOND MEDICAL CENTRE,E01026152,ALL,1
GP_PRAC_PAT_LIST,01/04/2026,C83025,RICHMOND MEDICAL CENTRE,E01026153,ALL,1
GP_PRAC_PAT_LIST,01/04/2026,C83025,RICHMOND MEDICAL CENTRE,E01026155,ALL,1
GP_PRAC_PAT_LIST,01/04/2026,C83025,RICHMOND MEDICAL CENTRE,E01026158,ALL,14
GP_PRAC_PAT_LIST,01/04/2026,C83025,RICHMOND MEDICAL CENTRE,E01026159,ALL,15
GP_PRAC_PAT_LIST,01/04/2026,C83025,RICHMOND MEDICAL CENTRE,E01026160,ALL,9
GP_PRAC_PAT_LIST,01/04/2026,C83025,RICHMOND MEDICAL CENTRE,E01026161,ALL,2
GP_PRAC_PAT_LIST,01/04/2026,C83025,RICHMOND MEDICAL CENTRE,E01026162,ALL,58
GP_PRAC_PAT_LIST,01/04/2026,C83025,RICHMOND MEDICAL CENTRE,E01026163,ALL,37
GP_PRAC_PAT_LIST,01/04/2026,C83025,RICHMOND MEDICAL CENTRE,E01026169,ALL,95
GP_PRAC_PAT_LIST,01/04/2026,C83025,RICHMOND MEDICAL CENTRE,E01026170,ALL,16
GP_PRAC_PAT_LIST,01/04/2026,C83025,RICHMOND MEDICAL CENTRE,E01026171,ALL,237
GP_PRAC_PAT_LIST,01/04/2026,C83025,RICHMOND MEDICAL CENTRE,E01026172,ALL,3
GP_PRAC_PAT_LIST,01/04/2026,C83025,RICHMOND MEDICAL CENTRE,E01026173,ALL,2
GP_PRAC_PAT_LIST,01/04/2026,C83025,RICHMOND MEDICAL CENTRE,E01026175,ALL,3
GP_PRAC_PAT_LIST,01/04/2026,C83025,RICHMOND MEDICAL CENTRE,E01026177,ALL,1
GP_PRAC_PAT_LIST,01/04/2026,C83025,RICHMOND MEDICAL CENTRE,E01026178,ALL,1
GP_PRAC_PAT_LIST,01/04/2026,C83025,RICHMOND MEDICAL CENTRE,E01026184,ALL,3
GP_PRAC_PAT_LIST,01/04/2026,C83025,RICHMOND MEDICAL CENTRE,E01026185,ALL,3
GP_PRAC_PAT_LIST,01/04/2026,C83025,RICHMOND MEDICAL CENTRE,E01026186,ALL,1
GP_PRAC_PAT_LIST,01/04/2026,C83025,RICHMOND MEDICAL CENTRE,E01026187,ALL,3
GP_PRAC_PAT_LIST,01/04/2026,C83025,RICHMOND MEDICAL CENTRE,E01026188,ALL,1
GP_PRAC_PAT_LIST,01/04/2026,C83025,RICHMOND MEDICAL CENTRE,E01026190,ALL,1
GP_PRAC_PAT_LIST,01/04/2026,C83025,RICHMOND MEDICAL CENTRE,E01026191,ALL,2
GP_PRAC_PAT_LIST,01/04/2026,C83025,RICHMOND MEDICAL CENTRE,E01026193,ALL,11
GP_PRAC_PAT_LIST,01/04/2026,C83025,RICHMOND MEDICAL CENTRE,E01026199,ALL,751
GP_PRAC_PAT_LIST,01/04/2026,C83025,RICHMOND MEDICAL CENTRE,E01026203,ALL,2
GP_PRAC_PAT_LIST,01/04/2026,C83025,RICHMOND MEDICAL CENTRE,E01026214,ALL,782
GP_PRAC_PAT_LIST,01/04/2026,C83025,RICHMOND MEDICAL CENTRE,E01026215,ALL,716
GP_PRAC_PAT_LIST,01/04/2026,C83025,RICHMOND MEDICAL CENTRE,E01026218,ALL,937
GP_PRAC_PAT_LIST,01/04/2026,C83025,RICHMOND MEDICAL CENTRE,E01026219,ALL,941
GP_PRAC_PAT_LIST,01/04/2026,C83025,RICHMOND MEDICAL CENTRE,E01026220,ALL,1946
GP_PRAC_PAT_LIST,01/04/2026,C83025,RICHMOND MEDICAL CENTRE,E01026225,ALL,5
GP_PRAC_PAT_LIST,01/04/2026,C83025,RICHMOND MEDICAL CENTRE,E01026226,ALL,3
GP_PRAC_PAT_LIST,01/04/2026,C83025,RICHMOND MEDICAL CENTRE,E01026237,ALL,15
GP_PRAC_PAT_LIST,01/04/2026,C83025,RICHMOND MEDICAL CENTRE,E01026238,ALL,25
GP_PRAC_PAT_LIST,01/04/2026,C83025,RICHMOND MEDICAL CENTRE,E01026373,ALL,1
GP_PRAC_PAT_LIST,01/04/2026,C83025,RICHMOND MEDICAL CENTRE,E01027650,ALL,1
GP_PRAC_PAT_LIST,01/04/2026,C83025,RICHMOND MEDICAL CENTRE,E01028066,ALL,1
GP_PRAC_PAT_LIST,01/04/2026,C83025,RICHMOND MEDICAL CENTRE,E01028315,ALL,1
GP_PRAC_PAT_LIST,01/04/2026,C83025,RICHMOND MEDICAL CENTRE,E01028402,ALL,1
GP_PRAC_PAT_LIST,01/04/2026,C83025,RICHMOND MEDICAL CENTRE,E01032988,ALL,1824
GP_PRAC_PAT_LIST,01/04/2026,C83025,RICHMOND MEDICAL CENTRE,E01032989,ALL,1900
GP_PRAC_PAT_LIST,01/04/2026,C83025,RICHMOND MEDICAL CENTRE,E01032991,ALL,1733
GP_PRAC_PAT_LIST,01/04/2026,C83025,RICHMOND MEDICAL CENTRE,E01032992,ALL,1413
GP_PRAC_PAT_LIST,01/04/2026,C83025,RICHMOND MEDICAL CENTRE,E01032993,ALL,2103
GP_PRAC_PAT_LIST,01/04/2026,C83025,RICHMOND MEDICAL CENTRE,E01032994,ALL,998
GP_PRAC_PAT_LIST,01/04/2026,C83025,RICHMOND MEDICAL CENTRE,E01033263,ALL,1
GP_PRAC_PAT_LIST,01/04/2026,C83025,RICHMOND MEDICAL CENTRE,E01033314,ALL,1
GP_PRAC_PAT_LIST,01/04/2026,C83025,RICHMOND MEDICAL CENTRE,E01033402,ALL,1
GP_PRAC_PAT_LIST,01/04/2026,C83025,RICHMOND MEDICAL CENTRE,E01034689,ALL,7
GP_PRAC_PAT_LIST,01/04/2026,C83025,RICHMOND MEDICAL CENTRE,E01034690,ALL,7
GP_PRAC_PAT_LIST,01/04/2026,C83025,RICHMOND MEDICAL CENTRE,E01034691,ALL,6
GP_PRAC_PAT_LIST,01/04/2026,C83025,RICHMOND MEDICAL CENTRE,E01034693,ALL,441
GP_PRAC_PAT_LIST,01/04/2026,C83025,RICHMOND MEDICAL CENTRE,E01034694,ALL,475
GP_PRAC_PAT_LIST,01/04/2026,C83025,RICHMOND MEDICAL CENTRE,EMPTY,ALL,8
GP_PRAC_PAT_LIST,01/04/2026,C83026,THE DEEPINGS PRACTICE,CLOSED,ALL,2
GP_PRAC_PAT_LIST,01/04/2026,C83026,THE DEEPINGS PRACTICE,E01003669,ALL,1
GP_PRAC_PAT_LIST,01/04/2026,C83026,THE DEEPINGS PRACTICE,E01007590,ALL,1
GP_PRAC_PAT_LIST,01/04/2026,C83026,THE DEEPINGS PRACTICE,E01009705,ALL,1
GP_PRAC_PAT_LIST,01/04/2026,C83026,THE DEEPINGS PRACTICE,E01013378,ALL,1
GP_PRAC_PAT_LIST,01/04/2026,C83026,THE DEEPINGS PRACTICE,E01013400,ALL,1
GP_PRAC_PAT_LIST,01/04/2026,C83026,THE DEEPINGS PRACTICE,E01013805,ALL,1
GP_PRAC_PAT_LIST,01/04/2026,C83026,THE DEEPINGS PRACTICE,E01014380,ALL,1
GP_PRAC_PAT_LIST,01/04/2026,C83026,THE DEEPINGS PRACTICE,E01015508,ALL,1
GP_PRAC_PAT_LIST,01/04/2026,C83026,THE DEEPINGS PRACTICE,E01015589,ALL,984
GP_PRAC_PAT_LIST,01/04/2026,C83026,THE DEEPINGS PRACTICE,E01015590,ALL,1
GP_PRAC_PAT_LIST,01/04/2026,C83026,THE DEEPINGS PRACTICE,E01015595,ALL,1
GP_PRAC_PAT_LIST,01/04/2026,C83026,THE DEEPINGS PRACTICE,E01015618,ALL,1
GP_PRAC_PAT_LIST,01/04/2026,C83026,THE DEEPINGS PRACTICE,E01015629,ALL,1423
GP_PRAC_PAT_LIST,01/04/2026,C83026,THE DEEPINGS PRACTICE,E01015630,ALL,380
GP_PRAC_PAT_LIST,01/04/2026,C83026,THE DEEPINGS PRACTICE,E01015635,ALL,1476
GP_PRAC_PAT_LIST,01/04/2026,C83026,THE DEEPINGS PRACTICE,E01015636,ALL,899
GP_PRAC_PAT_LIST,01/04/2026,C83026,THE DEEPINGS PRACTICE,E01015651,ALL,1
GP_PRAC_PAT_LIST,01/04/2026,C83026,THE DEEPINGS PRACTICE,E01015659,ALL,1
GP_PRAC_PAT_LIST,01/04/2026,C83026,THE DEEPINGS PRACTICE,E01015661,ALL,1
GP_PRAC_PAT_LIST,01/04/2026,C83026,THE DEEPINGS PRACTICE,E01015674,ALL,1
GP_PRAC_PAT_LIST,01/04/2026,C83026,THE DEEPINGS PRACTICE,E01015679,ALL,20
GP_PRAC_PAT_LIST,01/04/2026,C83026,THE DEEPINGS PRACTICE,E01015681,ALL,1
GP_PRAC_PAT_LIST,01/04/2026,C83026,THE DEEPINGS PRACTICE,E01015684,ALL,1
GP_PRAC_PAT_LIST,01/04/2026,C83026,THE DEEPINGS PRACTICE,E01015686,ALL,2
GP_PRAC_PAT_LIST,01/04/2026,C83026,THE DEEPINGS PRACTICE,E01015688,ALL,1
GP_PRAC_PAT_LIST,01/04/2026,C83026,THE DEEPINGS PRACTICE,E01016777,ALL,1
GP_PRAC_PAT_LIST,01/04/2026,C83026,THE DEEPINGS PRACTICE,E01018072,ALL,1
GP_PRAC_PAT_LIST,01/04/2026,C83026,THE DEEPINGS PRACTICE,E01020285,ALL,1
GP_PRAC_PAT_LIST,01/04/2026,C83026,THE DEEPINGS PRACTICE,E01021537,ALL,2
GP_PRAC_PAT_LIST,01/04/2026,C83026,THE DEEPINGS PRACTICE,E01023456,ALL,1
GP_PRAC_PAT_LIST,01/04/2026,C83026,THE DEEPINGS PRACTICE,E01024971,ALL,1
GP_PRAC_PAT_LIST,01/04/2026,C83026,THE DEEPINGS PRACTICE,E01025893,ALL,1
GP_PRAC_PAT_LIST,01/04/2026,C83026,THE DEEPINGS PRACTICE,E01026072,ALL,1
GP_PRAC_PAT_LIST,01/04/2026,C83026,THE DEEPINGS PRACTICE,E01026241,ALL,568
GP_PRAC_PAT_LIST,01/04/2026,C83026,THE DEEPINGS PRACTICE,E01026244,ALL,1
GP_PRAC_PAT_LIST,01/04/2026,C83026,THE DEEPINGS PRACTICE,E01026251,ALL,1
GP_PRAC_PAT_LIST,01/04/2026,C83026,THE DEEPINGS PRACTICE,E01026252,ALL,1
GP_PRAC_PAT_LIST,01/04/2026,C83026,THE DEEPINGS PRACTICE,E01026268,ALL,1
GP_PRAC_PAT_LIST,01/04/2026,C83026,THE DEEPINGS PRACTICE,E01026282,ALL,2
GP_PRAC_PAT_LIST,01/04/2026,C83026,THE DEEPINGS PRACTICE,E01026284,ALL,2
GP_PRAC_PAT_LIST,01/04/2026,C83026,THE DEEPINGS PRACTICE,E01026290,ALL,2
GP_PRAC_PAT_LIST,01/04/2026,C83026,THE DEEPINGS PRACTICE,E01026297,ALL,1
GP_PRAC_PAT_LIST,01/04/2026,C83026,THE DEEPINGS PRACTICE,E01026303,ALL,1190
GP_PRAC_PAT_LIST,01/04/2026,C83026,THE DEEPINGS PRACTICE,E01026304,ALL,1472
GP_PRAC_PAT_LIST,01/04/2026,C83026,THE DEEPINGS PRACTICE,E01026305,ALL,1503
GP_PRAC_PAT_LIST,01/04/2026,C83026,THE DEEPINGS PRACTICE,E01026306,ALL,1800
GP_PRAC_PAT_LIST,01/04/2026,C83026,THE DEEPINGS PRACTICE,E01026307,ALL,1211
GP_PRAC_PAT_LIST,01/04/2026,C83026,THE DEEPINGS PRACTICE,E01026312,ALL,1
GP_PRAC_PAT_LIST,01/04/2026,C83026,THE DEEPINGS PRACTICE,E01026318,ALL,1
GP_PRAC_PAT_LIST,01/04/2026,C83026,THE DEEPINGS PRACTICE,E01026330,ALL,186
GP_PRAC_PAT_LIST,01/04/2026,C83026,THE DEEPINGS PRACTICE,E01026331,ALL,1
GP_PRAC_PAT_LIST,01/04/2026,C83026,THE DEEPINGS PRACTICE,E01026332,ALL,2
GP_PRAC_PAT_LIST,01/04/2026,C83026,THE DEEPINGS PRACTICE,E01026334,ALL,1442
GP_PRAC_PAT_LIST,01/04/2026,C83026,THE DEEPINGS PRACTICE,E01026335,ALL,1438
GP_PRAC_PAT_LIST,01/04/2026,C83026,THE DEEPINGS PRACTICE,E01026336,ALL,1911
GP_PRAC_PAT_LIST,01/04/2026,C83026,THE DEEPINGS PRACTICE,E01026337,ALL,2160
GP_PRAC_PAT_LIST,01/04/2026,C83026,THE DEEPINGS PRACTICE,E01026347,ALL,1
GP_PRAC_PAT_LIST,01/04/2026,C83026,THE DEEPINGS PRACTICE,E01026349,ALL,1
GP_PRAC_PAT_LIST,01/04/2026,C83026,THE DEEPINGS PRACTICE,E01026356,ALL,2
GP_PRAC_PAT_LIST,01/04/2026,C83026,THE DEEPINGS PRACTICE,E01026359,ALL,1
GP_PRAC_PAT_LIST,01/04/2026,C83026,THE DEEPINGS PRACTICE,E01026362,ALL,1301
GP_PRAC_PAT_LIST,01/04/2026,C83026,THE DEEPINGS PRACTICE,E01026363,ALL,706
GP_PRAC_PAT_LIST,01/04/2026,C83026,THE DEEPINGS PRACTICE,E01026364,ALL,955
GP_PRAC_PAT_LIST,01/04/2026,C83026,THE DEEPINGS PRACTICE,E01026683,ALL,1
GP_PRAC_PAT_LIST,01/04/2026,C83026,THE DEEPINGS PRACTICE,E01026723,ALL,1
GP_PRAC_PAT_LIST,01/04/2026,C83026,THE DEEPINGS PRACTICE,E01026981,ALL,1
GP_PRAC_PAT_LIST,01/04/2026,C83026,THE DEEPINGS PRACTICE,E01027033,ALL,1
GP_PRAC_PAT_LIST,01/04/2026,C83026,THE DEEPINGS PRACTICE,E01027680,ALL,1
GP_PRAC_PAT_LIST,01/04/2026,C83026,THE DEEPINGS PRACTICE,E01032996,ALL,1
GP_PRAC_PAT_LIST,01/04/2026,C83026,THE DEEPINGS PRACTICE,E01032998,ALL,1
GP_PRAC_PAT_LIST,01/04/2026,C83026,THE DEEPINGS PRACTICE,E01033177,ALL,1
GP_PRAC_PAT_LIST,01/04/2026,C83026,THE DEEPINGS PRACTICE,E01033180,ALL,1
GP_PRAC_PAT_LIST,01/04/2026,C83026,THE DEEPINGS PRACTICE,E01034041,ALL,1
GP_PRAC_PAT_LIST,01/04/2026,C83026,THE DEEPINGS PRACTICE,E01034451,ALL,1
GP_PRAC_PAT_LIST,01/04/2026,C83026,THE DEEPINGS PRACTICE,E01034699,ALL,1
GP_PRAC_PAT_LIST,01/04/2026,C83026,THE DEEPINGS PRACTICE,E01034704,ALL,1
GP_PRAC_PAT_LIST,01/04/2026,C83026,THE DEEPINGS PRACTICE,E01034705,ALL,1
GP_PRAC_PAT_LIST,01/04/2026,C83026,THE DEEPINGS PRACTICE,E01035544,ALL,1
GP_PRAC_PAT_LIST,01/04/2026,C83026,THE DEEPINGS PRACTICE,E01035545,ALL,2
GP_PRAC_PAT_LIST,01/04/2026,C83026,THE DEEPINGS PRACTICE,E01035547,ALL,1
GP_PRAC_PAT_LIST,01/04/2026,C83026,THE DEEPINGS PRACTICE,E01035552,ALL,1
GP_PRAC_PAT_LIST,01/04/2026,C83026,THE DEEPINGS PRACTICE,EMPTY,ALL,32
GP_PRAC_PAT_LIST,01/04/2026,C83027,HORNCASTLE MEDICAL GROUP,CLOSED,ALL,2
GP_PRAC_PAT_LIST,01/04/2026,C83027,HORNCASTLE MEDICAL GROUP,E01004714,ALL,1
GP_PRAC_PAT_LIST,01/04/2026,C83027,HORNCASTLE MEDICAL GROUP,E01013224,ALL,1
GP_PRAC_PAT_LIST,01/04/2026,C83027,HORNCASTLE MEDICAL GROUP,E01015661,ALL,2
GP_PRAC_PAT_LIST,01/04/2026,C83027,HORNCASTLE MEDICAL GROUP,E01025187,ALL,1
GP_PRAC_PAT_LIST,01/04/2026,C83027,HORNCASTLE MEDICAL GROUP,E01026051,ALL,9
GP_PRAC_PAT_LIST,01/04/2026,C83027,HORNCASTLE MEDICAL GROUP,E01026052,ALL,3
GP_PRAC_PAT_LIST,01/04/2026,C83027,HORNCASTLE MEDICAL GROUP,E01026053,ALL,15
GP_PRAC_PAT_LIST,01/04/2026,C83027,HORNCASTLE MEDICAL GROUP,E01026054,ALL,7
GP_PRAC_PAT_LIST,01/04/2026,C83027,HORNCASTLE MEDICAL GROUP,E01026055,ALL,3
GP_PRAC_PAT_LIST,01/04/2026,C83027,HORNCASTLE MEDICAL GROUP,E01026060,ALL,59
GP_PRAC_PAT_LIST,01/04/2026,C83027,HORNCASTLE MEDICAL GROUP,E01026064,ALL,1494
GP_PRAC_PAT_LIST,01/04/2026,C83027,HORNCASTLE MEDICAL GROUP,E01026065,ALL,2047
GP_PRAC_PAT_LIST,01/04/2026,C83027,HORNCASTLE MEDICAL GROUP,E01026066,ALL,2229
GP_PRAC_PAT_LIST,01/04/2026,C83027,HORNCASTLE MEDICAL GROUP,E01026067,ALL,1598
GP_PRAC_PAT_LIST,01/04/2026,C83027,HORNCASTLE MEDICAL GROUP,E01026068,ALL,27
GP_PRAC_PAT_LIST,01/04/2026,C83027,HORNCASTLE MEDICAL GROUP,E01026070,ALL,2
GP_PRAC_PAT_LIST,01/04/2026,C83027,HORNCASTLE MEDICAL GROUP,E01026071,ALL,409
GP_PRAC_PAT_LIST,01/04/2026,C83027,HORNCASTLE MEDICAL GROUP,E01026072,ALL,1
GP_PRAC_PAT_LIST,01/04/2026,C83027,HORNCASTLE MEDICAL GROUP,E01026075,ALL,422
GP_PRAC_PAT_LIST,01/04/2026,C83027,HORNCASTLE MEDICAL GROUP,E01026078,ALL,1
GP_PRAC_PAT_LIST,01/04/2026,C83027,HORNCASTLE MEDICAL GROUP,E01026082,ALL,700
GP_PRAC_PAT_LIST,01/04/2026,C83027,HORNCASTLE MEDICAL GROUP,E01026088,ALL,1
GP_PRAC_PAT_LIST,01/04/2026,C83027,HORNCASTLE MEDICAL GROUP,E01026100,ALL,1
GP_PRAC_PAT_LIST,01/04/2026,C83027,HORNCASTLE MEDICAL GROUP,E01026103,ALL,1
GP_PRAC_PAT_LIST,01/04/2026,C83027,HORNCASTLE MEDICAL GROUP,E01026105,ALL,1056
GP_PRAC_PAT_LIST,01/04/2026,C83027,HORNCASTLE MEDICAL GROUP,E01026118,ALL,60
GP_PRAC_PAT_LIST,01/04/2026,C83027,HORNCASTLE MEDICAL GROUP,E01026119,ALL,57
GP_PRAC_PAT_LIST,01/04/2026,C83027,HORNCASTLE MEDICAL GROUP,E01026120,ALL,80
GP_PRAC_PAT_LIST,01/04/2026,C83027,HORNCASTLE MEDICAL GROUP,E01026121,ALL,50
GP_PRAC_PAT_LIST,01/04/2026,C83027,HORNCASTLE MEDICAL GROUP,E01026124,ALL,1
GP_PRAC_PAT_LIST,01/04/2026,C83027,HORNCASTLE MEDICAL GROUP,E01026210,ALL,7
GP_PRAC_PAT_LIST,01/04/2026,C83027,HORNCASTLE MEDICAL GROUP,E01026324,ALL,1
GP_PRAC_PAT_LIST,01/04/2026,C83027,HORNCASTLE MEDICAL GROUP,E01026366,ALL,9
GP_PRAC_PAT_LIST,01/04/2026,C83027,HORNCASTLE MEDICAL GROUP,E01026373,ALL,2
GP_PRAC_PAT_LIST,01/04/2026,C83027,HORNCASTLE MEDICAL GROUP,E01026390,ALL,1
GP_PRAC_PAT_LIST,01/04/2026,C83027,HORNCASTLE MEDICAL GROUP,E01026391,ALL,1
GP_PRAC_PAT_LIST,01/04/2026,C83027,HORNCASTLE MEDICAL GROUP,E01026414,ALL,1
GP_PRAC_PAT_LIST,01/04/2026,C83027,HORNCASTLE MEDICAL GROUP,E01026415,ALL,2
GP_PRAC_PAT_LIST,01/04/2026,C83027,HORNCASTLE MEDICAL GROUP,E01032986,ALL,1
GP_PRAC_PAT_LIST,01/04/2026,C83027,HORNCASTLE MEDICAL GROUP,EMPTY,ALL,6
GP_PRAC_PAT_LIST,01/04/2026,C83028,HOLBEACH MEDICAL CENTRE,CLOSED,ALL,1
GP_PRAC_PAT_LIST,01/04/2026,C83028,HOLBEACH MEDICAL CENTRE,E01007662,ALL,1
GP_PRAC_PAT_LIST,01/04/2026,C83028,HOLBEACH MEDICAL CENTRE,E01007817,ALL,1
GP_PRAC_PAT_LIST,01/04/2026,C83028,HOLBEACH MEDICAL CENTRE,E01015593,ALL,1
GP_PRAC_PAT_LIST,01/04/2026,C83028,HOLBEACH MEDICAL CENTRE,E01018097,ALL,1
GP_PRAC_PAT_LIST,01/04/2026,C83028,HOLBEACH MEDICAL CENTRE,E01018107,ALL,1
GP_PRAC_PAT_LIST,01/04/2026,C83028,HOLBEACH MEDICAL CENTRE,E01021318,ALL,4
GP_PRAC_PAT_LIST,01/04/2026,C83028,HOLBEACH MEDICAL CENTRE,E01026017,ALL,7
GP_PRAC_PAT_LIST,01/04/2026,C83028,HOLBEACH MEDICAL CENTRE,E01026240,ALL,1
GP_PRAC_PAT_LIST,01/04/2026,C83028,HOLBEACH MEDICAL CENTRE,E01026241,ALL,1
GP_PRAC_PAT_LIST,01/04/2026,C83028,HOLBEACH MEDICAL CENTRE,E01026245,ALL,923
GP_PRAC_PAT_LIST,01/04/2026,C83028,HOLBEACH MEDICAL CENTRE,E01026246,ALL,301
GP_PRAC_PAT_LIST,01/04/2026,C83028,HOLBEACH MEDICAL CENTRE,E01026248,ALL,1090
GP_PRAC_PAT_LIST,01/04/2026,C83028,HOLBEACH MEDICAL CENTRE,E01026249,ALL,446
GP_PRAC_PAT_LIST,01/04/2026,C83028,HOLBEACH MEDICAL CENTRE,E01026250,ALL,1020
GP_PRAC_PAT_LIST,01/04/2026,C83028,HOLBEACH MEDICAL CENTRE,E01026251,ALL,939
GP_PRAC_PAT_LIST,01/04/2026,C83028,HOLBEACH MEDICAL CENTRE,E01026252,ALL,1117
GP_PRAC_PAT_LIST,01/04/2026,C83028,HOLBEACH MEDICAL CENTRE,E01026253,ALL,1011
GP_PRAC_PAT_LIST,01/04/2026,C83028,HOLBEACH MEDICAL CENTRE,E01026254,ALL,12
GP_PRAC_PAT_LIST,01/04/2026,C83028,HOLBEACH MEDICAL CENTRE,E01026255,ALL,17
GP_PRAC_PAT_LIST,01/04/2026,C83028,HOLBEACH MEDICAL CENTRE,E01026256,ALL,44
GP_PRAC_PAT_LIST,01/04/2026,C83028,HOLBEACH MEDICAL CENTRE,E01026257,ALL,39
GP_PRAC_PAT_LIST,01/04/2026,C83028,HOLBEACH MEDICAL CENTRE,E01026258,ALL,1
GP_PRAC_PAT_LIST,01/04/2026,C83028,HOLBEACH MEDICAL CENTRE,E01026260,ALL,1
GP_PRAC_PAT_LIST,01/04/2026,C83028,HOLBEACH MEDICAL CENTRE,E01026264,ALL,1
GP_PRAC_PAT_LIST,01/04/2026,C83028,HOLBEACH MEDICAL CENTRE,E01026266,ALL,1
GP_PRAC_PAT_LIST,01/04/2026,C83028,HOLBEACH MEDICAL CENTRE,E01026268,ALL,1
GP_PRAC_PAT_LIST,01/04/2026,C83028,HOLBEACH MEDICAL CENTRE,E01026269,ALL,1
GP_PRAC_PAT_LIST,01/04/2026,C83028,HOLBEACH MEDICAL CENTRE,E01026271,ALL,1
GP_PRAC_PAT_LIST,01/04/2026,C83028,HOLBEACH MEDICAL CENTRE,E01026273,ALL,1
GP_PRAC_PAT_LIST,01/04/2026,C83028,HOLBEACH MEDICAL CENTRE,E01026275,ALL,1
GP_PRAC_PAT_LIST,01/04/2026,C83028,HOLBEACH MEDICAL CENTRE,E01026277,ALL,5
GP_PRAC_PAT_LIST,01/04/2026,C83028,HOLBEACH MEDICAL CENTRE,E01026278,ALL,4
GP_PRAC_PAT_LIST,01/04/2026,C83028,HOLBEACH MEDICAL CENTRE,E01026280,ALL,103
GP_PRAC_PAT_LIST,01/04/2026,C83028,HOLBEACH MEDICAL CENTRE,E01026281,ALL,12
GP_PRAC_PAT_LIST,01/04/2026,C83028,HOLBEACH MEDICAL CENTRE,E01026282,ALL,62
GP_PRAC_PAT_LIST,01/04/2026,C83028,HOLBEACH MEDICAL CENTRE,E01026283,ALL,115
GP_PRAC_PAT_LIST,01/04/2026,C83028,HOLBEACH MEDICAL CENTRE,E01026284,ALL,24
GP_PRAC_PAT_LIST,01/04/2026,C83028,HOLBEACH MEDICAL CENTRE,E01026285,ALL,252
GP_PRAC_PAT_LIST,01/04/2026,C83028,HOLBEACH MEDICAL CENTRE,E01026286,ALL,333
GP_PRAC_PAT_LIST,01/04/2026,C83028,HOLBEACH MEDICAL CENTRE,E01026404,ALL,1
GP_PRAC_PAT_LIST,01/04/2026,C83028,HOLBEACH MEDICAL CENTRE,E01027129,ALL,1
GP_PRAC_PAT_LIST,01/04/2026,C83028,HOLBEACH MEDICAL CENTRE,E01027151,ALL,1
GP_PRAC_PAT_LIST,01/04/2026,C83028,HOLBEACH MEDICAL CENTRE,E01032995,ALL,1
GP_PRAC_PAT_LIST,01/04/2026,C83028,HOLBEACH MEDICAL CENTRE,E01032996,ALL,1
GP_PRAC_PAT_LIST,01/04/2026,C83028,HOLBEACH MEDICAL CENTRE,E01034700,ALL,1
GP_PRAC_PAT_LIST,01/04/2026,C83028,HOLBEACH MEDICAL CENTRE,EMPTY,ALL,2
GP_PRAC_PAT_LIST,01/04/2026,C83029,BRANSTON & HEIGHINGTON FAMILY PRACTICE,E01006751,ALL,1
GP_PRAC_PAT_LIST,01/04/2026,C83029,BRANSTON & HEIGHINGTON FAMILY PRACTICE,E01012100,ALL,1
GP_PRAC_PAT_LIST,01/04/2026,C83029,BRANSTON & HEIGHINGTON FAMILY PRACTICE,E01016761,ALL,1
GP_PRAC_PAT_LIST,01/04/2026,C83029,BRANSTON & HEIGHINGTON FAMILY PRACTICE,E01020704,ALL,1
GP_PRAC_PAT_LIST,01/04/2026,C83029,BRANSTON & HEIGHINGTON FAMILY PRACTICE,E01026033,ALL,1
GP_PRAC_PAT_LIST,01/04/2026,C83029,BRANSTON & HEIGHINGTON FAMILY PRACTICE,E01026075,ALL,1
GP_PRAC_PAT_LIST,01/04/2026,C83029,BRANSTON & HEIGHINGTON FAMILY PRACTICE,E01026105,ALL,2
GP_PRAC_PAT_LIST,01/04/2026,C83029,BRANSTON & HEIGHINGTON FAMILY PRACTICE,E01026124,ALL,1
GP_PRAC_PAT_LIST,01/04/2026,C83029,BRANSTON & HEIGHINGTON FAMILY PRACTICE,E01026134,ALL,1
GP_PRAC_PAT_LIST,01/04/2026,C83029,BRANSTON & HEIGHINGTON FAMILY PRACTICE,E01026146,ALL,2
GP_PRAC_PAT_LIST,01/04/2026,C83029,BRANSTON & HEIGHINGTON FAMILY PRACTICE,E01026148,ALL,1
GP_PRAC_PAT_LIST,01/04/2026,C83029,BRANSTON & HEIGHINGTON FAMILY PRACTICE,E01026155,ALL,1
GP_PRAC_PAT_LIST,01/04/2026,C83029,BRANSTON & HEIGHINGTON FAMILY PRACTICE,E01026157,ALL,1
GP_PRAC_PAT_LIST,01/04/2026,C83029,BRANSTON & HEIGHINGTON FAMILY PRACTICE,E01026162,ALL,1
GP_PRAC_PAT_LIST,01/04/2026,C83029,BRANSTON & HEIGHINGTON FAMILY PRACTICE,E01026163,ALL,1
GP_PRAC_PAT_LIST,01/04/2026,C83029,BRANSTON & HEIGHINGTON FAMILY PRACTICE,E01026167,ALL,1
GP_PRAC_PAT_LIST,01/04/2026,C83029,BRANSTON & HEIGHINGTON FAMILY PRACTICE,E01026169,ALL,1
GP_PRAC_PAT_LIST,01/04/2026,C83029,BRANSTON & HEIGHINGTON FAMILY PRACTICE,E01026173,ALL,1
GP_PRAC_PAT_LIST,01/04/2026,C83029,BRANSTON & HEIGHINGTON FAMILY PRACTICE,E01026175,ALL,4
GP_PRAC_PAT_LIST,01/04/2026,C83029,BRANSTON & HEIGHINGTON FAMILY PRACTICE,E01026176,ALL,3
GP_PRAC_PAT_LIST,01/04/2026,C83029,BRANSTON & HEIGHINGTON FAMILY PRACTICE,E01026177,ALL,3
GP_PRAC_PAT_LIST,01/04/2026,C83029,BRANSTON & HEIGHINGTON FAMILY PRACTICE,E01026180,ALL,1
GP_PRAC_PAT_LIST,01/04/2026,C83029,BRANSTON & HEIGHINGTON FAMILY PRACTICE,E01026184,ALL,6
GP_PRAC_PAT_LIST,01/04/2026,C83029,BRANSTON & HEIGHINGTON FAMILY PRACTICE,E01026185,ALL,4
GP_PRAC_PAT_LIST,01/04/2026,C83029,BRANSTON & HEIGHINGTON FAMILY PRACTICE,E01026186,ALL,13
GP_PRAC_PAT_LIST,01/04/2026,C83029,BRANSTON & HEIGHINGTON FAMILY PRACTICE,E01026187,ALL,17
GP_PRAC_PAT_LIST,01/04/2026,C83029,BRANSTON & HEIGHINGTON FAMILY PRACTICE,E01026188,ALL,19
GP_PRAC_PAT_LIST,01/04/2026,C83029,BRANSTON & HEIGHINGTON FAMILY PRACTICE,E01026189,ALL,707
GP_PRAC_PAT_LIST,01/04/2026,C83029,BRANSTON & HEIGHINGTON FAMILY PRACTICE,E01026190,ALL,1229
GP_PRAC_PAT_LIST,01/04/2026,C83029,BRANSTON & HEIGHINGTON FAMILY PRACTICE,E01026191,ALL,854
GP_PRAC_PAT_LIST,01/04/2026,C83029,BRANSTON & HEIGHINGTON FAMILY PRACTICE,E01026193,ALL,1
GP_PRAC_PAT_LIST,01/04/2026,C83029,BRANSTON & HEIGHINGTON FAMILY PRACTICE,E01026194,ALL,1
GP_PRAC_PAT_LIST,01/04/2026,C83029,BRANSTON & HEIGHINGTON FAMILY PRACTICE,E01026195,ALL,6
GP_PRAC_PAT_LIST,01/04/2026,C83029,BRANSTON & HEIGHINGTON FAMILY PRACTICE,E01026196,ALL,1
GP_PRAC_PAT_LIST,01/04/2026,C83029,BRANSTON & HEIGHINGTON FAMILY PRACTICE,E01026200,ALL,1
GP_PRAC_PAT_LIST,01/04/2026,C83029,BRANSTON & HEIGHINGTON FAMILY PRACTICE,E01026203,ALL,103
GP_PRAC_PAT_LIST,01/04/2026,C83029,BRANSTON & HEIGHINGTON FAMILY PRACTICE,E01026204,ALL,120
GP_PRAC_PAT_LIST,01/04/2026,C83029,BRANSTON & HEIGHINGTON FAMILY PRACTICE,E01026205,ALL,378
GP_PRAC_PAT_LIST,01/04/2026,C83029,BRANSTON & HEIGHINGTON FAMILY PRACTICE,E01026206,ALL,336
GP_PRAC_PAT_LIST,01/04/2026,C83029,BRANSTON & HEIGHINGTON FAMILY PRACTICE,E01026210,ALL,1
GP_PRAC_PAT_LIST,01/04/2026,C83029,BRANSTON & HEIGHINGTON FAMILY PRACTICE,E01026211,ALL,330
GP_PRAC_PAT_LIST,01/04/2026,C83029,BRANSTON & HEIGHINGTON FAMILY PRACTICE,E01026212,ALL,44
GP_PRAC_PAT_LIST,01/04/2026,C83029,BRANSTON & HEIGHINGTON FAMILY PRACTICE,E01026213,ALL,31
GP_PRAC_PAT_LIST,01/04/2026,C83029,BRANSTON & HEIGHINGTON FAMILY PRACTICE,E01026219,ALL,1
GP_PRAC_PAT_LIST,01/04/2026,C83029,BRANSTON & HEIGHINGTON FAMILY PRACTICE,E01026224,ALL,1
GP_PRAC_PAT_LIST,01/04/2026,C83029,BRANSTON & HEIGHINGTON FAMILY PRACTICE,E01026225,ALL,1
GP_PRAC_PAT_LIST,01/04/2026,C83029,BRANSTON & HEIGHINGTON FAMILY PRACTICE,E01026227,ALL,1
GP_PRAC_PAT_LIST,01/04/2026,C83029,BRANSTON & HEIGHINGTON FAMILY PRACTICE,E01026237,ALL,2
GP_PRAC_PAT_LIST,01/04/2026,C83029,BRANSTON & HEIGHINGTON FAMILY PRACTICE,E01026238,ALL,3
GP_PRAC_PAT_LIST,01/04/2026,C83029,BRANSTON & HEIGHINGTON FAMILY PRACTICE,E01026318,ALL,1
GP_PRAC_PAT_LIST,01/04/2026,C83029,BRANSTON & HEIGHINGTON FAMILY PRACTICE,E01026366,ALL,27
GP_PRAC_PAT_LIST,01/04/2026,C83029,BRANSTON & HEIGHINGTON FAMILY PRACTICE,E01026370,ALL,1
GP_PRAC_PAT_LIST,01/04/2026,C83029,BRANSTON & HEIGHINGTON FAMILY PRACTICE,E01026412,ALL,1
GP_PRAC_PAT_LIST,01/04/2026,C83029,BRANSTON & HEIGHINGTON FAMILY PRACTICE,E01028304,ALL,1
GP_PRAC_PAT_LIST,01/04/2026,C83029,BRANSTON & HEIGHINGTON FAMILY PRACTICE,E01032196,ALL,1
GP_PRAC_PAT_LIST,01/04/2026,C83029,BRANSTON & HEIGHINGTON FAMILY PRACTICE,E01032989,ALL,2
GP_PRAC_PAT_LIST,01/04/2026,C83029,BRANSTON & HEIGHINGTON FAMILY PRACTICE,E01032991,ALL,1
GP_PRAC_PAT_LIST,01/04/2026,C83029,BRANSTON & HEIGHINGTON FAMILY PRACTICE,E01032994,ALL,1
GP_PRAC_PAT_LIST,01/04/2026,C83029,BRANSTON & HEIGHINGTON FAMILY PRACTICE,E01034687,ALL,2
GP_PRAC_PAT_LIST,01/04/2026,C83029,BRANSTON & HEIGHINGTON FAMILY PRACTICE,E01034688,ALL,1
GP_PRAC_PAT_LIST,01/04/2026,C83029,BRANSTON & HEIGHINGTON FAMILY PRACTICE,E01034689,ALL,1
GP_PRAC_PAT_LIST,01/04/2026,C83029,BRANSTON & HEIGHINGTON FAMILY PRACTICE,W01000024,ALL,2
GP_PRAC_PAT_LIST,01/04/2026,C83030,BILLINGHAY MEDICAL PRACTICE,E01026033,ALL,17
GP_PRAC_PAT_LIST,01/04/2026,C83030,BILLINGHAY MEDICAL PRACTICE,E01026051,ALL,1
GP_PRAC_PAT_LIST,01/04/2026,C83030,BILLINGHAY MEDICAL PRACTICE,E01026052,ALL,1
GP_PRAC_PAT_LIST,01/04/2026,C83030,BILLINGHAY MEDICAL PRACTICE,E01026053,ALL,3
GP_PRAC_PAT_LIST,01/04/2026,C83030,BILLINGHAY MEDICAL PRACTICE,E01026179,ALL,79
GP_PRAC_PAT_LIST,01/04/2026,C83030,BILLINGHAY MEDICAL PRACTICE,E01026180,ALL,487
GP_PRAC_PAT_LIST,01/04/2026,C83030,BILLINGHAY MEDICAL PRACTICE,E01026183,ALL,2666
GP_PRAC_PAT_LIST,01/04/2026,C83030,BILLINGHAY MEDICAL PRACTICE,E01026207,ALL,872
GP_PRAC_PAT_LIST,01/04/2026,C83030,BILLINGHAY MEDICAL PRACTICE,E01026208,ALL,1
GP_PRAC_PAT_LIST,01/04/2026,C83030,BILLINGHAY MEDICAL PRACTICE,E01026210,ALL,1071
GP_PRAC_PAT_LIST,01/04/2026,C83030,BILLINGHAY MEDICAL PRACTICE,E01026211,ALL,1
GP_PRAC_PAT_LIST,01/04/2026,C83030,BILLINGHAY MEDICAL PRACTICE,E01026221,ALL,1
GP_PRAC_PAT_LIST,01/04/2026,C83030,BILLINGHAY MEDICAL PRACTICE,E01026224,ALL,31
GP_PRAC_PAT_LIST,01/04/2026,C83030,BILLINGHAY MEDICAL PRACTICE,E01026366,ALL,1
GP_PRAC_PAT_LIST,01/04/2026,C83030,BILLINGHAY MEDICAL PRACTICE,EMPTY,ALL,1
GP_PRAC_PAT_LIST,01/04/2026,C83031,NETTLEHAM MEDICAL PRACTICE,CLOSED,ALL,1
GP_PRAC_PAT_LIST,01/04/2026,C83031,NETTLEHAM MEDICAL PRACTICE,E01007627,ALL,1
GP_PRAC_PAT_LIST,01/04/2026,C83031,NETTLEHAM MEDICAL PRACTICE,E01009274,ALL,1
GP_PRAC_PAT_LIST,01/04/2026,C83031,NETTLEHAM MEDICAL PRACTICE,E01013308,ALL,1
GP_PRAC_PAT_LIST,01/04/2026,C83031,NETTLEHAM MEDICAL PRACTICE,E01025888,ALL,1
GP_PRAC_PAT_LIST,01/04/2026,C83031,NETTLEHAM MEDICAL PRACTICE,E01026035,ALL,1
GP_PRAC_PAT_LIST,01/04/2026,C83031,NETTLEHAM MEDICAL PRACTICE,E01026054,ALL,1
GP_PRAC_PAT_LIST,01/04/2026,C83031,NETTLEHAM MEDICAL PRACTICE,E01026088,ALL,1
GP_PRAC_PAT_LIST,01/04/2026,C83031,NETTLEHAM MEDICAL PRACTICE,E01026105,ALL,1
GP_PRAC_PAT_LIST,01/04/2026,C83031,NETTLEHAM MEDICAL PRACTICE,E01026108,ALL,1
GP_PRAC_PAT_LIST,01/04/2026,C83031,NETTLEHAM MEDICAL PRACTICE,E01026121,ALL,2
GP_PRAC_PAT_LIST,01/04/2026,C83031,NETTLEHAM MEDICAL PRACTICE,E01026122,ALL,1
GP_PRAC_PAT_LIST,01/04/2026,C83031,NETTLEHAM MEDICAL PRACTICE,E01026123,ALL,45
GP_PRAC_PAT_LIST,01/04/2026,C83031,NETTLEHAM MEDICAL PRACTICE,E01026124,ALL,1
GP_PRAC_PAT_LIST,01/04/2026,C83031,NETTLEHAM MEDICAL PRACTICE,E01026125,ALL,2
GP_PRAC_PAT_LIST,01/04/2026,C83031,NETTLEHAM MEDICAL PRACTICE,E01026129,ALL,1
GP_PRAC_PAT_LIST,01/04/2026,C83031,NETTLEHAM MEDICAL PRACTICE,E01026137,ALL,2
GP_PRAC_PAT_LIST,01/04/2026,C83031,NETTLEHAM MEDICAL PRACTICE,E01026144,ALL,1
GP_PRAC_PAT_LIST,01/04/2026,C83031,NETTLEHAM MEDICAL PRACTICE,E01026149,ALL,1
GP_PRAC_PAT_LIST,01/04/2026,C83031,NETTLEHAM MEDICAL PRACTICE,E01026150,ALL,1
GP_PRAC_PAT_LIST,01/04/2026,C83031,NETTLEHAM MEDICAL PRACTICE,E01026153,ALL,84
GP_PRAC_PAT_LIST,01/04/2026,C83031,NETTLEHAM MEDICAL PRACTICE,E01026154,ALL,1
GP_PRAC_PAT_LIST,01/04/2026,C83031,NETTLEHAM MEDICAL PRACTICE,E01026155,ALL,100
GP_PRAC_PAT_LIST,01/04/2026,C83031,NETTLEHAM MEDICAL PRACTICE,E01026157,ALL,25
GP_PRAC_PAT_LIST,01/04/2026,C83031,NETTLEHAM MEDICAL PRACTICE,E01026164,ALL,1
GP_PRAC_PAT_LIST,01/04/2026,C83031,NETTLEHAM MEDICAL PRACTICE,E01026165,ALL,1
GP_PRAC_PAT_LIST,01/04/2026,C83031,NETTLEHAM MEDICAL PRACTICE,E01026166,ALL,2
GP_PRAC_PAT_LIST,01/04/2026,C83031,NETTLEHAM MEDICAL PRACTICE,E01026167,ALL,5
GP_PRAC_PAT_LIST,01/04/2026,C83031,NETTLEHAM MEDICAL PRACTICE,E01026168,ALL,1
GP_PRAC_PAT_LIST,01/04/2026,C83031,NETTLEHAM MEDICAL PRACTICE,E01026175,ALL,2
GP_PRAC_PAT_LIST,01/04/2026,C83031,NETTLEHAM MEDICAL PRACTICE,E01026176,ALL,1
GP_PRAC_PAT_LIST,01/04/2026,C83031,NETTLEHAM MEDICAL PRACTICE,E01026177,ALL,1
GP_PRAC_PAT_LIST,01/04/2026,C83031,NETTLEHAM MEDICAL PRACTICE,E01026185,ALL,1
GP_PRAC_PAT_LIST,01/04/2026,C83031,NETTLEHAM MEDICAL PRACTICE,E01026186,ALL,1
GP_PRAC_PAT_LIST,01/04/2026,C83031,NETTLEHAM MEDICAL PRACTICE,E01026188,ALL,1
GP_PRAC_PAT_LIST,01/04/2026,C83031,NETTLEHAM MEDICAL PRACTICE,E01026193,ALL,1
GP_PRAC_PAT_LIST,01/04/2026,C83031,NETTLEHAM MEDICAL PRACTICE,E01026194,ALL,1
GP_PRAC_PAT_LIST,01/04/2026,C83031,NETTLEHAM MEDICAL PRACTICE,E01026203,ALL,1
GP_PRAC_PAT_LIST,01/04/2026,C83031,NETTLEHAM MEDICAL PRACTICE,E01026205,ALL,1
GP_PRAC_PAT_LIST,01/04/2026,C83031,NETTLEHAM MEDICAL PRACTICE,E01026206,ALL,1
GP_PRAC_PAT_LIST,01/04/2026,C83031,NETTLEHAM MEDICAL PRACTICE,E01026319,ALL,1
GP_PRAC_PAT_LIST,01/04/2026,C83031,NETTLEHAM MEDICAL PRACTICE,E01026366,ALL,6
GP_PRAC_PAT_LIST,01/04/2026,C83031,NETTLEHAM MEDICAL PRACTICE,E01026369,ALL,1114
GP_PRAC_PAT_LIST,01/04/2026,C83031,NETTLEHAM MEDICAL PRACTICE,E01026370,ALL,1984
GP_PRAC_PAT_LIST,01/04/2026,C83031,NETTLEHAM MEDICAL PRACTICE,E01026371,ALL,1095
GP_PRAC_PAT_LIST,01/04/2026,C83031,NETTLEHAM MEDICAL PRACTICE,E01026372,ALL,149
GP_PRAC_PAT_LIST,01/04/2026,C83031,NETTLEHAM MEDICAL PRACTICE,E01026373,ALL,1539
GP_PRAC_PAT_LIST,01/04/2026,C83031,NETTLEHAM MEDICAL PRACTICE,E01026380,ALL,1
GP_PRAC_PAT_LIST,01/04/2026,C83031,NETTLEHAM MEDICAL PRACTICE,E01026393,ALL,1273
GP_PRAC_PAT_LIST,01/04/2026,C83031,NETTLEHAM MEDICAL PRACTICE,E01026394,ALL,1190
GP_PRAC_PAT_LIST,01/04/2026,C83031,NETTLEHAM MEDICAL PRACTICE,E01026395,ALL,1271
GP_PRAC_PAT_LIST,01/04/2026,C83031,NETTLEHAM MEDICAL PRACTICE,E01026398,ALL,1
GP_PRAC_PAT_LIST,01/04/2026,C83031,NETTLEHAM MEDICAL PRACTICE,E01026399,ALL,1
GP_PRAC_PAT_LIST,01/04/2026,C83031,NETTLEHAM MEDICAL PRACTICE,E01026400,ALL,17
GP_PRAC_PAT_LIST,01/04/2026,C83031,NETTLEHAM MEDICAL PRACTICE,E01026405,ALL,1127
GP_PRAC_PAT_LIST,01/04/2026,C83031,NETTLEHAM MEDICAL PRACTICE,E01026406,ALL,930
GP_PRAC_PAT_LIST,01/04/2026,C83031,NETTLEHAM MEDICAL PRACTICE,E01026411,ALL,1
GP_PRAC_PAT_LIST,01/04/2026,C83031,NETTLEHAM MEDICAL PRACTICE,E01026412,ALL,88
GP_PRAC_PAT_LIST,01/04/2026,C83031,NETTLEHAM MEDICAL PRACTICE,E01026413,ALL,37
GP_PRAC_PAT_LIST,01/04/2026,C83031,NETTLEHAM MEDICAL PRACTICE,E01026414,ALL,23
GP_PRAC_PAT_LIST,01/04/2026,C83031,NETTLEHAM MEDICAL PRACTICE,E01028112,ALL,1
GP_PRAC_PAT_LIST,01/04/2026,C83031,NETTLEHAM MEDICAL PRACTICE,E01028346,ALL,1
GP_PRAC_PAT_LIST,01/04/2026,C83031,NETTLEHAM MEDICAL PRACTICE,E01032989,ALL,1
GP_PRAC_PAT_LIST,01/04/2026,C83031,NETTLEHAM MEDICAL PRACTICE,E01032993,ALL,1
GP_PRAC_PAT_LIST,01/04/2026,C83031,NETTLEHAM MEDICAL PRACTICE,E01033273,ALL,1
GP_PRAC_PAT_LIST,01/04/2026,C83031,NETTLEHAM MEDICAL PRACTICE,E01034413,ALL,1
GP_PRAC_PAT_LIST,01/04/2026,C83031,NETTLEHAM MEDICAL PRACTICE,E01034691,ALL,1
GP_PRAC_PAT_LIST,01/04/2026,C83031,NETTLEHAM MEDICAL PRACTICE,E01034707,ALL,5
GP_PRAC_PAT_LIST,01/04/2026,C83031,NETTLEHAM MEDICAL PRACTICE,E01035020,ALL,1
GP_PRAC_PAT_LIST,01/04/2026,C83031,NETTLEHAM MEDICAL PRACTICE,EMPTY,ALL,4
GP_PRAC_PAT_LIST,01/04/2026,C83032,MERTON LODGE SURGERY,E01012848,ALL,1
GP_PRAC_PAT_LIST,01/04/2026,C83032,MERTON LODGE SURGERY,E01013128,ALL,1
GP_PRAC_PAT_LIST,01/04/2026,C83032,MERTON LODGE SURGERY,E01019651,ALL,1
GP_PRAC_PAT_LIST,01/04/2026,C83032,MERTON LODGE SURGERY,E01026042,ALL,1574
GP_PRAC_PAT_LIST,01/04/2026,C83032,MERTON LODGE SURGERY,E01026043,ALL,1815
GP_PRAC_PAT_LIST,01/04/2026,C83032,MERTON LODGE SURGERY,E01026044,ALL,985
GP_PRAC_PAT_LIST,01/04/2026,C83032,MERTON LODGE SURGERY,E01026046,ALL,1
GP_PRAC_PAT_LIST,01/04/2026,C83032,MERTON LODGE SURGERY,E01026047,ALL,2
GP_PRAC_PAT_LIST,01/04/2026,C83032,MERTON LODGE SURGERY,E01026048,ALL,6
GP_PRAC_PAT_LIST,01/04/2026,C83032,MERTON LODGE SURGERY,E01026049,ALL,103
GP_PRAC_PAT_LIST,01/04/2026,C83032,MERTON LODGE SURGERY,E01026050,ALL,11
GP_PRAC_PAT_LIST,01/04/2026,C83032,MERTON LODGE SURGERY,E01026055,ALL,3
GP_PRAC_PAT_LIST,01/04/2026,C83032,MERTON LODGE SURGERY,E01026068,ALL,255
GP_PRAC_PAT_LIST,01/04/2026,C83032,MERTON LODGE SURGERY,E01026070,ALL,5
GP_PRAC_PAT_LIST,01/04/2026,C83032,MERTON LODGE SURGERY,E01026071,ALL,2
GP_PRAC_PAT_LIST,01/04/2026,C83032,MERTON LODGE SURGERY,E01026072,ALL,20
GP_PRAC_PAT_LIST,01/04/2026,C83032,MERTON LODGE SURGERY,E01026073,ALL,17
GP_PRAC_PAT_LIST,01/04/2026,C83032,MERTON LODGE SURGERY,E01026074,ALL,18
GP_PRAC_PAT_LIST,01/04/2026,C83032,MERTON LODGE SURGERY,E01026099,ALL,14
GP_PRAC_PAT_LIST,01/04/2026,C83032,MERTON LODGE SURGERY,E01026103,ALL,46
GP_PRAC_PAT_LIST,01/04/2026,C83032,MERTON LODGE SURGERY,E01026104,ALL,62
GP_PRAC_PAT_LIST,01/04/2026,C83032,MERTON LODGE SURGERY,E01026105,ALL,2
GP_PRAC_PAT_LIST,01/04/2026,C83032,MERTON LODGE SURGERY,E01026109,ALL,28
GP_PRAC_PAT_LIST,01/04/2026,C83032,MERTON LODGE SURGERY,E01026111,ALL,1
GP_PRAC_PAT_LIST,01/04/2026,C83032,MERTON LODGE SURGERY,E01026112,ALL,1
GP_PRAC_PAT_LIST,01/04/2026,C83032,MERTON LODGE SURGERY,E01026113,ALL,928
GP_PRAC_PAT_LIST,01/04/2026,C83032,MERTON LODGE SURGERY,E01026114,ALL,1
GP_PRAC_PAT_LIST,01/04/2026,C83032,MERTON LODGE SURGERY,E01026117,ALL,995
GP_PRAC_PAT_LIST,01/04/2026,C83032,MERTON LODGE SURGERY,E01027048,ALL,2
GP_PRAC_PAT_LIST,01/04/2026,C83032,MERTON LODGE SURGERY,E01032986,ALL,2
GP_PRAC_PAT_LIST,01/04/2026,C83032,MERTON LODGE SURGERY,EMPTY,ALL,1
GP_PRAC_PAT_LIST,01/04/2026,C83033,HIBALDSTOW MEDICAL PRACTICE,CLOSED,ALL,4
GP_PRAC_PAT_LIST,01/04/2026,C83033,HIBALDSTOW MEDICAL PRACTICE,E01012808,ALL,1
GP_PRAC_PAT_LIST,01/04/2026,C83033,HIBALDSTOW MEDICAL PRACTICE,E01012848,ALL,1
GP_PRAC_PAT_LIST,01/04/2026,C83033,HIBALDSTOW MEDICAL PRACTICE,E01012914,ALL,1
GP_PRAC_PAT_LIST,01/04/2026,C83033,HIBALDSTOW MEDICAL PRACTICE,E01013263,ALL,1
GP_PRAC_PAT_LIST,01/04/2026,C83033,HIBALDSTOW MEDICAL PRACTICE,E01013269,ALL,2
GP_PRAC_PAT_LIST,01/04/2026,C83033,HIBALDSTOW MEDICAL PRACTICE,E01013273,ALL,1
GP_PRAC_PAT_LIST,01/04/2026,C83033,HIBALDSTOW MEDICAL PRACTICE,E01013274,ALL,9
GP_PRAC_PAT_LIST,01/04/2026,C83033,HIBALDSTOW MEDICAL PRACTICE,E01013277,ALL,1
GP_PRAC_PAT_LIST,01/04/2026,C83033,HIBALDSTOW MEDICAL PRACTICE,E01013299,ALL,3
GP_PRAC_PAT_LIST,01/04/2026,C83033,HIBALDSTOW MEDICAL PRACTICE,E01013322,ALL,73
GP_PRAC_PAT_LIST,01/04/2026,C83033,HIBALDSTOW MEDICAL PRACTICE,E01013323,ALL,330
GP_PRAC_PAT_LIST,01/04/2026,C83033,HIBALDSTOW MEDICAL PRACTICE,E01013324,ALL,15
GP_PRAC_PAT_LIST,01/04/2026,C83033,HIBALDSTOW MEDICAL PRACTICE,E01013325,ALL,587
GP_PRAC_PAT_LIST,01/04/2026,C83033,HIBALDSTOW MEDICAL PRACTICE,E01013326,ALL,257
GP_PRAC_PAT_LIST,01/04/2026,C83033,HIBALDSTOW MEDICAL PRACTICE,E01013329,ALL,1446
GP_PRAC_PAT_LIST,01/04/2026,C83033,HIBALDSTOW MEDICAL PRACTICE,E01026072,ALL,1
GP_PRAC_PAT_LIST,01/04/2026,C83033,HIBALDSTOW MEDICAL PRACTICE,E01026226,ALL,1
GP_PRAC_PAT_LIST,01/04/2026,C83033,HIBALDSTOW MEDICAL PRACTICE,E01026368,ALL,3
GP_PRAC_PAT_LIST,01/04/2026,C83033,HIBALDSTOW MEDICAL PRACTICE,E01026371,ALL,1
GP_PRAC_PAT_LIST,01/04/2026,C83033,HIBALDSTOW MEDICAL PRACTICE,E01026385,ALL,7
GP_PRAC_PAT_LIST,01/04/2026,C83033,HIBALDSTOW MEDICAL PRACTICE,E01026386,ALL,51
GP_PRAC_PAT_LIST,01/04/2026,C83033,HIBALDSTOW MEDICAL PRACTICE,E01026387,ALL,87
GP_PRAC_PAT_LIST,01/04/2026,C83033,HIBALDSTOW MEDICAL PRACTICE,E01026392,ALL,5
GP_PRAC_PAT_LIST,01/04/2026,C83033,HIBALDSTOW MEDICAL PRACTICE,E01026399,ALL,1
GP_PRAC_PAT_LIST,01/04/2026,C83033,HIBALDSTOW MEDICAL PRACTICE,E01026401,ALL,3
GP_PRAC_PAT_LIST,01/04/2026,C83033,HIBALDSTOW MEDICAL PRACTICE,E01026403,ALL,1
GP_PRAC_PAT_LIST,01/04/2026,C83033,HIBALDSTOW MEDICAL PRACTICE,E01026411,ALL,883
GP_PRAC_PAT_LIST,01/04/2026,C83033,HIBALDSTOW MEDICAL PRACTICE,E01026414,ALL,1
GP_PRAC_PAT_LIST,01/04/2026,C83033,HIBALDSTOW MEDICAL PRACTICE,E01027775,ALL,1
GP_PRAC_PAT_LIST,01/04/2026,C83033,HIBALDSTOW MEDICAL PRACTICE,E01033297,ALL,1
GP_PRAC_PAT_LIST,01/04/2026,C83035,HEREWARD MEDICAL CENTRE,CLOSED,ALL,1
GP_PRAC_PAT_LIST,01/04/2026,C83035,HEREWARD MEDICAL CENTRE,E01001390,ALL,1
GP_PRAC_PAT_LIST,01/04/2026,C83035,HEREWARD MEDICAL CENTRE,E01005016,ALL,1
GP_PRAC_PAT_LIST,01/04/2026,C83035,HEREWARD MEDICAL CENTRE,E01012276,ALL,1
GP_PRAC_PAT_LIST,01/04/2026,C83035,HEREWARD MEDICAL CENTRE,E01013498,ALL,1
GP_PRAC_PAT_LIST,01/04/2026,C83035,HEREWARD MEDICAL CENTRE,E01013804,ALL,1
GP_PRAC_PAT_LIST,01/04/2026,C83035,HEREWARD MEDICAL CENTRE,E01015593,ALL,1
GP_PRAC_PAT_LIST,01/04/2026,C83035,HEREWARD MEDICAL CENTRE,E01015627,ALL,1
GP_PRAC_PAT_LIST,01/04/2026,C83035,HEREWARD MEDICAL CENTRE,E01015672,ALL,1
GP_PRAC_PAT_LIST,01/04/2026,C83035,HEREWARD MEDICAL CENTRE,E01015682,ALL,1
GP_PRAC_PAT_LIST,01/04/2026,C83035,HEREWARD MEDICAL CENTRE,E01026051,ALL,1
GP_PRAC_PAT_LIST,01/04/2026,C83035,HEREWARD MEDICAL CENTRE,E01026056,ALL,1
GP_PRAC_PAT_LIST,01/04/2026,C83035,HEREWARD MEDICAL CENTRE,E01026221,ALL,1
GP_PRAC_PAT_LIST,01/04/2026,C83035,HEREWARD MEDICAL CENTRE,E01026240,ALL,1
GP_PRAC_PAT_LIST,01/04/2026,C83035,HEREWARD MEDICAL CENTRE,E01026241,ALL,39
GP_PRAC_PAT_LIST,01/04/2026,C83035,HEREWARD MEDICAL CENTRE,E01026259,ALL,2
GP_PRAC_PAT_LIST,01/04/2026,C83035,HEREWARD MEDICAL CENTRE,E01026268,ALL,1
GP_PRAC_PAT_LIST,01/04/2026,C83035,HEREWARD MEDICAL CENTRE,E01026273,ALL,1
GP_PRAC_PAT_LIST,01/04/2026,C83035,HEREWARD MEDICAL CENTRE,E01026284,ALL,1
GP_PRAC_PAT_LIST,01/04/2026,C83035,HEREWARD MEDICAL CENTRE,E01026288,ALL,2
GP_PRAC_PAT_LIST,01/04/2026,C83035,HEREWARD MEDICAL CENTRE,E01026290,ALL,264
GP_PRAC_PAT_LIST,01/04/2026,C83035,HEREWARD MEDICAL CENTRE,E01026296,ALL,547
GP_PRAC_PAT_LIST,01/04/2026,C83035,HEREWARD MEDICAL CENTRE,E01026297,ALL,553
GP_PRAC_PAT_LIST,01/04/2026,C83035,HEREWARD MEDICAL CENTRE,E01026298,ALL,1269
GP_PRAC_PAT_LIST,01/04/2026,C83035,HEREWARD MEDICAL CENTRE,E01026299,ALL,943
GP_PRAC_PAT_LIST,01/04/2026,C83035,HEREWARD MEDICAL CENTRE,E01026300,ALL,600
GP_PRAC_PAT_LIST,01/04/2026,C83035,HEREWARD MEDICAL CENTRE,E01026302,ALL,408
GP_PRAC_PAT_LIST,01/04/2026,C83035,HEREWARD MEDICAL CENTRE,E01026304,ALL,2
GP_PRAC_PAT_LIST,01/04/2026,C83035,HEREWARD MEDICAL CENTRE,E01026306,ALL,1
GP_PRAC_PAT_LIST,01/04/2026,C83035,HEREWARD MEDICAL CENTRE,E01026316,ALL,104
GP_PRAC_PAT_LIST,01/04/2026,C83035,HEREWARD MEDICAL CENTRE,E01026330,ALL,326
GP_PRAC_PAT_LIST,01/04/2026,C83035,HEREWARD MEDICAL CENTRE,E01026333,ALL,2
GP_PRAC_PAT_LIST,01/04/2026,C83035,HEREWARD MEDICAL CENTRE,E01026334,ALL,4
GP_PRAC_PAT_LIST,01/04/2026,C83035,HEREWARD MEDICAL CENTRE,E01026335,ALL,1
GP_PRAC_PAT_LIST,01/04/2026,C83035,HEREWARD MEDICAL CENTRE,E01026336,ALL,2
GP_PRAC_PAT_LIST,01/04/2026,C83035,HEREWARD MEDICAL CENTRE,E01026337,ALL,1
GP_PRAC_PAT_LIST,01/04/2026,C83035,HEREWARD MEDICAL CENTRE,E01026340,ALL,1
GP_PRAC_PAT_LIST,01/04/2026,C83035,HEREWARD MEDICAL CENTRE,E01026341,ALL,540
GP_PRAC_PAT_LIST,01/04/2026,C83035,HEREWARD MEDICAL CENTRE,E01026342,ALL,436
GP_PRAC_PAT_LIST,01/04/2026,C83035,HEREWARD MEDICAL CENTRE,E01026343,ALL,1
GP_PRAC_PAT_LIST,01/04/2026,C83035,HEREWARD MEDICAL CENTRE,E01026346,ALL,1
GP_PRAC_PAT_LIST,01/04/2026,C83035,HEREWARD MEDICAL CENTRE,E01026348,ALL,1
GP_PRAC_PAT_LIST,01/04/2026,C83035,HEREWARD MEDICAL CENTRE,E01026349,ALL,1
GP_PRAC_PAT_LIST,01/04/2026,C83035,HEREWARD MEDICAL CENTRE,E01026360,ALL,950
GP_PRAC_PAT_LIST,01/04/2026,C83035,HEREWARD MEDICAL CENTRE,E01026361,ALL,3
GP_PRAC_PAT_LIST,01/04/2026,C83035,HEREWARD MEDICAL CENTRE,E01026362,ALL,143
GP_PRAC_PAT_LIST,01/04/2026,C83035,HEREWARD MEDICAL CENTRE,E01026364,ALL,299
GP_PRAC_PAT_LIST,01/04/2026,C83035,HEREWARD MEDICAL CENTRE,E01028715,ALL,1
GP_PRAC_PAT_LIST,01/04/2026,C83035,HEREWARD MEDICAL CENTRE,E01032997,ALL,634
GP_PRAC_PAT_LIST,01/04/2026,C83035,HEREWARD MEDICAL CENTRE,E01032998,ALL,983
GP_PRAC_PAT_LIST,01/04/2026,C83035,HEREWARD MEDICAL CENTRE,E01032999,ALL,564
GP_PRAC_PAT_LIST,01/04/2026,C83035,HEREWARD MEDICAL CENTRE,E01034255,ALL,1
GP_PRAC_PAT_LIST,01/04/2026,C83035,HEREWARD MEDICAL CENTRE,E01034699,ALL,1
GP_PRAC_PAT_LIST,01/04/2026,C83035,HEREWARD MEDICAL CENTRE,E01034703,ALL,1061
GP_PRAC_PAT_LIST,01/04/2026,C83035,HEREWARD MEDICAL CENTRE,E01034704,ALL,1184
GP_PRAC_PAT_LIST,01/04/2026,C83035,HEREWARD MEDICAL CENTRE,E01034705,ALL,792
GP_PRAC_PAT_LIST,01/04/2026,C83035,HEREWARD MEDICAL CENTRE,E01035542,ALL,1
GP_PRAC_PAT_LIST,01/04/2026,C83035,HEREWARD MEDICAL CENTRE,EMPTY,ALL,2
GP_PRAC_PAT_LIST,01/04/2026,C83036,GOSBERTON MEDICAL CENTRE,CLOSED,ALL,1
GP_PRAC_PAT_LIST,01/04/2026,C83036,GOSBERTON MEDICAL CENTRE,E01001123,ALL,1
GP_PRAC_PAT_LIST,01/04/2026,C83036,GOSBERTON MEDICAL CENTRE,E01003699,ALL,1
GP_PRAC_PAT_LIST,01/04/2026,C83036,GOSBERTON MEDICAL CENTRE,E01008108,ALL,1
GP_PRAC_PAT_LIST,01/04/2026,C83036,GOSBERTON MEDICAL CENTRE,E01008111,ALL,1
GP_PRAC_PAT_LIST,01/04/2026,C83036,GOSBERTON MEDICAL CENTRE,E01009548,ALL,1
GP_PRAC_PAT_LIST,01/04/2026,C83036,GOSBERTON MEDICAL CENTRE,E01012609,ALL,2
GP_PRAC_PAT_LIST,01/04/2026,C83036,GOSBERTON MEDICAL CENTRE,E01015595,ALL,1
GP_PRAC_PAT_LIST,01/04/2026,C83036,GOSBERTON MEDICAL CENTRE,E01018328,ALL,1
GP_PRAC_PAT_LIST,01/04/2026,C83036,GOSBERTON MEDICAL CENTRE,E01021828,ALL,1
GP_PRAC_PAT_LIST,01/04/2026,C83036,GOSBERTON MEDICAL CENTRE,E01022746,ALL,1
GP_PRAC_PAT_LIST,01/04/2026,C83036,GOSBERTON MEDICAL CENTRE,E01026007,ALL,1
GP_PRAC_PAT_LIST,01/04/2026,C83036,GOSBERTON MEDICAL CENTRE,E01026014,ALL,2
GP_PRAC_PAT_LIST,01/04/2026,C83036,GOSBERTON MEDICAL CENTRE,E01026016,ALL,155
GP_PRAC_PAT_LIST,01/04/2026,C83036,GOSBERTON MEDICAL CENTRE,E01026017,ALL,19
GP_PRAC_PAT_LIST,01/04/2026,C83036,GOSBERTON MEDICAL CENTRE,E01026018,ALL,1
GP_PRAC_PAT_LIST,01/04/2026,C83036,GOSBERTON MEDICAL CENTRE,E01026021,ALL,1
GP_PRAC_PAT_LIST,01/04/2026,C83036,GOSBERTON MEDICAL CENTRE,E01026033,ALL,1
GP_PRAC_PAT_LIST,01/04/2026,C83036,GOSBERTON MEDICAL CENTRE,E01026034,ALL,1
GP_PRAC_PAT_LIST,01/04/2026,C83036,GOSBERTON MEDICAL CENTRE,E01026175,ALL,1
GP_PRAC_PAT_LIST,01/04/2026,C83036,GOSBERTON MEDICAL CENTRE,E01026242,ALL,939
GP_PRAC_PAT_LIST,01/04/2026,C83036,GOSBERTON MEDICAL CENTRE,E01026243,ALL,656
GP_PRAC_PAT_LIST,01/04/2026,C83036,GOSBERTON MEDICAL CENTRE,E01026244,ALL,1133
GP_PRAC_PAT_LIST,01/04/2026,C83036,GOSBERTON MEDICAL CENTRE,E01026245,ALL,2
GP_PRAC_PAT_LIST,01/04/2026,C83036,GOSBERTON MEDICAL CENTRE,E01026247,ALL,1724
GP_PRAC_PAT_LIST,01/04/2026,C83036,GOSBERTON MEDICAL CENTRE,E01026249,ALL,1
GP_PRAC_PAT_LIST,01/04/2026,C83036,GOSBERTON MEDICAL CENTRE,E01026250,ALL,1
GP_PRAC_PAT_LIST,01/04/2026,C83036,GOSBERTON MEDICAL CENTRE,E01026257,ALL,1
GP_PRAC_PAT_LIST,01/04/2026,C83036,GOSBERTON MEDICAL CENTRE,E01026258,ALL,652
GP_PRAC_PAT_LIST,01/04/2026,C83036,GOSBERTON MEDICAL CENTRE,E01026259,ALL,519
GP_PRAC_PAT_LIST,01/04/2026,C83036,GOSBERTON MEDICAL CENTRE,E01026260,ALL,562
GP_PRAC_PAT_LIST,01/04/2026,C83036,GOSBERTON MEDICAL CENTRE,E01026262,ALL,2
GP_PRAC_PAT_LIST,01/04/2026,C83036,GOSBERTON MEDICAL CENTRE,E01026263,ALL,1
GP_PRAC_PAT_LIST,01/04/2026,C83036,GOSBERTON MEDICAL CENTRE,E01026264,ALL,1
GP_PRAC_PAT_LIST,01/04/2026,C83036,GOSBERTON MEDICAL CENTRE,E01026265,ALL,3
GP_PRAC_PAT_LIST,01/04/2026,C83036,GOSBERTON MEDICAL CENTRE,E01026266,ALL,3
GP_PRAC_PAT_LIST,01/04/2026,C83036,GOSBERTON MEDICAL CENTRE,E01026268,ALL,4
GP_PRAC_PAT_LIST,01/04/2026,C83036,GOSBERTON MEDICAL CENTRE,E01026269,ALL,2
GP_PRAC_PAT_LIST,01/04/2026,C83036,GOSBERTON MEDICAL CENTRE,E01026271,ALL,5
GP_PRAC_PAT_LIST,01/04/2026,C83036,GOSBERTON MEDICAL CENTRE,E01026272,ALL,4
GP_PRAC_PAT_LIST,01/04/2026,C83036,GOSBERTON MEDICAL CENTRE,E01026273,ALL,4
GP_PRAC_PAT_LIST,01/04/2026,C83036,GOSBERTON MEDICAL CENTRE,E01026275,ALL,7
GP_PRAC_PAT_LIST,01/04/2026,C83036,GOSBERTON MEDICAL CENTRE,E01026276,ALL,1910
GP_PRAC_PAT_LIST,01/04/2026,C83036,GOSBERTON MEDICAL CENTRE,E01026281,ALL,4
GP_PRAC_PAT_LIST,01/04/2026,C83036,GOSBERTON MEDICAL CENTRE,E01026282,ALL,4
GP_PRAC_PAT_LIST,01/04/2026,C83036,GOSBERTON MEDICAL CENTRE,E01026283,ALL,3
GP_PRAC_PAT_LIST,01/04/2026,C83036,GOSBERTON MEDICAL CENTRE,E01026284,ALL,2
GP_PRAC_PAT_LIST,01/04/2026,C83036,GOSBERTON MEDICAL CENTRE,E01026285,ALL,6
GP_PRAC_PAT_LIST,01/04/2026,C83036,GOSBERTON MEDICAL CENTRE,E01026290,ALL,6
GP_PRAC_PAT_LIST,01/04/2026,C83036,GOSBERTON MEDICAL CENTRE,E01026297,ALL,1
GP_PRAC_PAT_LIST,01/04/2026,C83036,GOSBERTON MEDICAL CENTRE,E01026335,ALL,1
GP_PRAC_PAT_LIST,01/04/2026,C83036,GOSBERTON MEDICAL CENTRE,E01026414,ALL,1
GP_PRAC_PAT_LIST,01/04/2026,C83036,GOSBERTON MEDICAL CENTRE,E01026436,ALL,1
GP_PRAC_PAT_LIST,01/04/2026,C83036,GOSBERTON MEDICAL CENTRE,E01026720,ALL,1
GP_PRAC_PAT_LIST,01/04/2026,C83036,GOSBERTON MEDICAL CENTRE,E01032995,ALL,3
GP_PRAC_PAT_LIST,01/04/2026,C83036,GOSBERTON MEDICAL CENTRE,E01032996,ALL,2
GP_PRAC_PAT_LIST,01/04/2026,C83036,GOSBERTON MEDICAL CENTRE,E01034693,ALL,1
GP_PRAC_PAT_LIST,01/04/2026,C83036,GOSBERTON MEDICAL CENTRE,E01034697,ALL,2
GP_PRAC_PAT_LIST,01/04/2026,C83036,GOSBERTON MEDICAL CENTRE,E01034699,ALL,1
GP_PRAC_PAT_LIST,01/04/2026,C83036,GOSBERTON MEDICAL CENTRE,E01034700,ALL,3
GP_PRAC_PAT_LIST,01/04/2026,C83036,GOSBERTON MEDICAL CENTRE,EMPTY,ALL,2
GP_PRAC_PAT_LIST,01/04/2026,C83037,WELTON FAMILY HEALTH CENTRE,CLOSED,ALL,5
GP_PRAC_PAT_LIST,01/04/2026,C83037,WELTON FAMILY HEALTH CENTRE,E01001532,ALL,1
GP_PRAC_PAT_LIST,01/04/2026,C83037,WELTON FAMILY HEALTH CENTRE,E01004721,ALL,1
GP_PRAC_PAT_LIST,01/04/2026,C83037,WELTON FAMILY HEALTH CENTRE,E01026123,ALL,1
GP_PRAC_PAT_LIST,01/04/2026,C83037,WELTON FAMILY HEALTH CENTRE,E01026125,ALL,1
GP_PRAC_PAT_LIST,01/04/2026,C83037,WELTON FAMILY HEALTH CENTRE,E01026135,ALL,1
GP_PRAC_PAT_LIST,01/04/2026,C83037,WELTON FAMILY HEALTH CENTRE,E01026144,ALL,1
GP_PRAC_PAT_LIST,01/04/2026,C83037,WELTON FAMILY HEALTH CENTRE,E01026155,ALL,1
GP_PRAC_PAT_LIST,01/04/2026,C83037,WELTON FAMILY HEALTH CENTRE,E01026157,ALL,4
GP_PRAC_PAT_LIST,01/04/2026,C83037,WELTON FAMILY HEALTH CENTRE,E01026164,ALL,1
GP_PRAC_PAT_LIST,01/04/2026,C83037,WELTON FAMILY HEALTH CENTRE,E01026165,ALL,1
GP_PRAC_PAT_LIST,01/04/2026,C83037,WELTON FAMILY HEALTH CENTRE,E01026167,ALL,1
GP_PRAC_PAT_LIST,01/04/2026,C83037,WELTON FAMILY HEALTH CENTRE,E01026173,ALL,1
GP_PRAC_PAT_LIST,01/04/2026,C83037,WELTON FAMILY HEALTH CENTRE,E01026184,ALL,3
GP_PRAC_PAT_LIST,01/04/2026,C83037,WELTON FAMILY HEALTH CENTRE,E01026188,ALL,1
GP_PRAC_PAT_LIST,01/04/2026,C83037,WELTON FAMILY HEALTH CENTRE,E01026205,ALL,1
GP_PRAC_PAT_LIST,01/04/2026,C83037,WELTON FAMILY HEALTH CENTRE,E01026238,ALL,1
GP_PRAC_PAT_LIST,01/04/2026,C83037,WELTON FAMILY HEALTH CENTRE,E01026329,ALL,1
GP_PRAC_PAT_LIST,01/04/2026,C83037,WELTON FAMILY HEALTH CENTRE,E01026366,ALL,2
GP_PRAC_PAT_LIST,01/04/2026,C83037,WELTON FAMILY HEALTH CENTRE,E01026369,ALL,1
GP_PRAC_PAT_LIST,01/04/2026,C83037,WELTON FAMILY HEALTH CENTRE,E01026370,ALL,5
GP_PRAC_PAT_LIST,01/04/2026,C83037,WELTON FAMILY HEALTH CENTRE,E01026372,ALL,2443
GP_PRAC_PAT_LIST,01/04/2026,C83037,WELTON FAMILY HEALTH CENTRE,E01026373,ALL,111
GP_PRAC_PAT_LIST,01/04/2026,C83037,WELTON FAMILY HEALTH CENTRE,E01026379,ALL,1
GP_PRAC_PAT_LIST,01/04/2026,C83037,WELTON FAMILY HEALTH CENTRE,E01026389,ALL,1
GP_PRAC_PAT_LIST,01/04/2026,C83037,WELTON FAMILY HEALTH CENTRE,E01026390,ALL,25
GP_PRAC_PAT_LIST,01/04/2026,C83037,WELTON FAMILY HEALTH CENTRE,E01026391,ALL,1
GP_PRAC_PAT_LIST,01/04/2026,C83037,WELTON FAMILY HEALTH CENTRE,E01026392,ALL,4
GP_PRAC_PAT_LIST,01/04/2026,C83037,WELTON FAMILY HEALTH CENTRE,E01026393,ALL,51
GP_PRAC_PAT_LIST,01/04/2026,C83037,WELTON FAMILY HEALTH CENTRE,E01026394,ALL,73
GP_PRAC_PAT_LIST,01/04/2026,C83037,WELTON FAMILY HEALTH CENTRE,E01026395,ALL,85
GP_PRAC_PAT_LIST,01/04/2026,C83037,WELTON FAMILY HEALTH CENTRE,E01026399,ALL,17
GP_PRAC_PAT_LIST,01/04/2026,C83037,WELTON FAMILY HEALTH CENTRE,E01026400,ALL,748
GP_PRAC_PAT_LIST,01/04/2026,C83037,WELTON FAMILY HEALTH CENTRE,E01026405,ALL,350
GP_PRAC_PAT_LIST,01/04/2026,C83037,WELTON FAMILY HEALTH CENTRE,E01026406,ALL,154
GP_PRAC_PAT_LIST,01/04/2026,C83037,WELTON FAMILY HEALTH CENTRE,E01026411,ALL,368
GP_PRAC_PAT_LIST,01/04/2026,C83037,WELTON FAMILY HEALTH CENTRE,E01026412,ALL,2205
GP_PRAC_PAT_LIST,01/04/2026,C83037,WELTON FAMILY HEALTH CENTRE,E01026413,ALL,1962
GP_PRAC_PAT_LIST,01/04/2026,C83037,WELTON FAMILY HEALTH CENTRE,E01026414,ALL,1211
GP_PRAC_PAT_LIST,01/04/2026,C83037,WELTON FAMILY HEALTH CENTRE,E01027126,ALL,1
GP_PRAC_PAT_LIST,01/04/2026,C83037,WELTON FAMILY HEALTH CENTRE,E01027731,ALL,1
GP_PRAC_PAT_LIST,01/04/2026,C83037,WELTON FAMILY HEALTH CENTRE,E01032986,ALL,1
GP_PRAC_PAT_LIST,01/04/2026,C83037,WELTON FAMILY HEALTH CENTRE,E01034707,ALL,35
GP_PRAC_PAT_LIST,01/04/2026,C83037,WELTON FAMILY HEALTH CENTRE,EMPTY,ALL,3
GP_PRAC_PAT_LIST,01/04/2026,C83038,THE GLEBE PRACTICE,CLOSED,ALL,2
GP_PRAC_PAT_LIST,01/04/2026,C83038,THE GLEBE PRACTICE,E01004609,ALL,1
GP_PRAC_PAT_LIST,01/04/2026,C83038,THE GLEBE PRACTICE,E01008548,ALL,1
GP_PRAC_PAT_LIST,01/04/2026,C83038,THE GLEBE PRACTICE,E01012794,ALL,1
GP_PRAC_PAT_LIST,01/04/2026,C83038,THE GLEBE PRACTICE,E01012848,ALL,1
GP_PRAC_PAT_LIST,01/04/2026,C83038,THE GLEBE PRACTICE,E01012914,ALL,1
GP_PRAC_PAT_LIST,01/04/2026,C83038,THE GLEBE PRACTICE,E01013226,ALL,1
GP_PRAC_PAT_LIST,01/04/2026,C83038,THE GLEBE PRACTICE,E01013228,ALL,1
GP_PRAC_PAT_LIST,01/04/2026,C83038,THE GLEBE PRACTICE,E01013469,ALL,1
GP_PRAC_PAT_LIST,01/04/2026,C83038,THE GLEBE PRACTICE,E01013807,ALL,1
GP_PRAC_PAT_LIST,01/04/2026,C83038,THE GLEBE PRACTICE,E01025720,ALL,1
GP_PRAC_PAT_LIST,01/04/2026,C83038,THE GLEBE PRACTICE,E01026121,ALL,1
GP_PRAC_PAT_LIST,01/04/2026,C83038,THE GLEBE PRACTICE,E01026130,ALL,6
GP_PRAC_PAT_LIST,01/04/2026,C83038,THE GLEBE PRACTICE,E01026131,ALL,2
GP_PRAC_PAT_LIST,01/04/2026,C83038,THE GLEBE PRACTICE,E01026134,ALL,2
GP_PRAC_PAT_LIST,01/04/2026,C83038,THE GLEBE PRACTICE,E01026135,ALL,1
GP_PRAC_PAT_LIST,01/04/2026,C83038,THE GLEBE PRACTICE,E01026136,ALL,2
GP_PRAC_PAT_LIST,01/04/2026,C83038,THE GLEBE PRACTICE,E01026144,ALL,1
GP_PRAC_PAT_LIST,01/04/2026,C83038,THE GLEBE PRACTICE,E01026145,ALL,1
GP_PRAC_PAT_LIST,01/04/2026,C83038,THE GLEBE PRACTICE,E01026147,ALL,6
GP_PRAC_PAT_LIST,01/04/2026,C83038,THE GLEBE PRACTICE,E01026150,ALL,1
GP_PRAC_PAT_LIST,01/04/2026,C83038,THE GLEBE PRACTICE,E01026153,ALL,2
GP_PRAC_PAT_LIST,01/04/2026,C83038,THE GLEBE PRACTICE,E01026155,ALL,2
GP_PRAC_PAT_LIST,01/04/2026,C83038,THE GLEBE PRACTICE,E01026160,ALL,1
GP_PRAC_PAT_LIST,01/04/2026,C83038,THE GLEBE PRACTICE,E01026176,ALL,1
GP_PRAC_PAT_LIST,01/04/2026,C83038,THE GLEBE PRACTICE,E01026177,ALL,1
GP_PRAC_PAT_LIST,01/04/2026,C83038,THE GLEBE PRACTICE,E01026187,ALL,1
GP_PRAC_PAT_LIST,01/04/2026,C83038,THE GLEBE PRACTICE,E01026188,ALL,1
GP_PRAC_PAT_LIST,01/04/2026,C83038,THE GLEBE PRACTICE,E01026193,ALL,1
GP_PRAC_PAT_LIST,01/04/2026,C83038,THE GLEBE PRACTICE,E01026195,ALL,1
GP_PRAC_PAT_LIST,01/04/2026,C83038,THE GLEBE PRACTICE,E01026199,ALL,288
GP_PRAC_PAT_LIST,01/04/2026,C83038,THE GLEBE PRACTICE,E01026203,ALL,1
GP_PRAC_PAT_LIST,01/04/2026,C83038,THE GLEBE PRACTICE,E01026214,ALL,1
GP_PRAC_PAT_LIST,01/04/2026,C83038,THE GLEBE PRACTICE,E01026220,ALL,2
GP_PRAC_PAT_LIST,01/04/2026,C83038,THE GLEBE PRACTICE,E01026224,ALL,1
GP_PRAC_PAT_LIST,01/04/2026,C83038,THE GLEBE PRACTICE,E01026225,ALL,846
GP_PRAC_PAT_LIST,01/04/2026,C83038,THE GLEBE PRACTICE,E01026226,ALL,789
GP_PRAC_PAT_LIST,01/04/2026,C83038,THE GLEBE PRACTICE,E01026375,ALL,1
GP_PRAC_PAT_LIST,01/04/2026,C83038,THE GLEBE PRACTICE,E01026379,ALL,1
GP_PRAC_PAT_LIST,01/04/2026,C83038,THE GLEBE PRACTICE,E01026388,ALL,1
GP_PRAC_PAT_LIST,01/04/2026,C83038,THE GLEBE PRACTICE,E01026394,ALL,5
GP_PRAC_PAT_LIST,01/04/2026,C83038,THE GLEBE PRACTICE,E01026396,ALL,811
GP_PRAC_PAT_LIST,01/04/2026,C83038,THE GLEBE PRACTICE,E01026398,ALL,1053
GP_PRAC_PAT_LIST,01/04/2026,C83038,THE GLEBE PRACTICE,E01026400,ALL,14
GP_PRAC_PAT_LIST,01/04/2026,C83038,THE GLEBE PRACTICE,E01026404,ALL,698
GP_PRAC_PAT_LIST,01/04/2026,C83038,THE GLEBE PRACTICE,E01026405,ALL,1
GP_PRAC_PAT_LIST,01/04/2026,C83038,THE GLEBE PRACTICE,E01026409,ALL,556
GP_PRAC_PAT_LIST,01/04/2026,C83038,THE GLEBE PRACTICE,E01026410,ALL,290
GP_PRAC_PAT_LIST,01/04/2026,C83038,THE GLEBE PRACTICE,E01026411,ALL,1
GP_PRAC_PAT_LIST,01/04/2026,C83038,THE GLEBE PRACTICE,E01027384,ALL,1
GP_PRAC_PAT_LIST,01/04/2026,C83038,THE GLEBE PRACTICE,E01027593,ALL,1
GP_PRAC_PAT_LIST,01/04/2026,C83038,THE GLEBE PRACTICE,E01028000,ALL,1
GP_PRAC_PAT_LIST,01/04/2026,C83038,THE GLEBE PRACTICE,E01028309,ALL,1
GP_PRAC_PAT_LIST,01/04/2026,C83038,THE GLEBE PRACTICE,E01028317,ALL,444
GP_PRAC_PAT_LIST,01/04/2026,C83038,THE GLEBE PRACTICE,E01032991,ALL,1
GP_PRAC_PAT_LIST,01/04/2026,C83038,THE GLEBE PRACTICE,E01032992,ALL,1
GP_PRAC_PAT_LIST,01/04/2026,C83038,THE GLEBE PRACTICE,E01032993,ALL,1
GP_PRAC_PAT_LIST,01/04/2026,C83038,THE GLEBE PRACTICE,E01033689,ALL,1
GP_PRAC_PAT_LIST,01/04/2026,C83038,THE GLEBE PRACTICE,E01034706,ALL,1612
GP_PRAC_PAT_LIST,01/04/2026,C83038,THE GLEBE PRACTICE,E01034707,ALL,516
GP_PRAC_PAT_LIST,01/04/2026,C83038,THE GLEBE PRACTICE,EMPTY,ALL,4
GP_PRAC_PAT_LIST,01/04/2026,C83039,MOULTON MEDICAL CENTRE,CLOSED,ALL,5
GP_PRAC_PAT_LIST,01/04/2026,C83039,MOULTON MEDICAL CENTRE,E01015616,ALL,1
GP_PRAC_PAT_LIST,01/04/2026,C83039,MOULTON MEDICAL CENTRE,E01015630,ALL,1
GP_PRAC_PAT_LIST,01/04/2026,C83039,MOULTON MEDICAL CENTRE,E01026017,ALL,4
GP_PRAC_PAT_LIST,01/04/2026,C83039,MOULTON MEDICAL CENTRE,E01026175,ALL,1
GP_PRAC_PAT_LIST,01/04/2026,C83039,MOULTON MEDICAL CENTRE,E01026239,ALL,5
GP_PRAC_PAT_LIST,01/04/2026,C83039,MOULTON MEDICAL CENTRE,E01026245,ALL,20
GP_PRAC_PAT_LIST,01/04/2026,C83039,MOULTON MEDICAL CENTRE,E01026246,ALL,11
GP_PRAC_PAT_LIST,01/04/2026,C83039,MOULTON MEDICAL CENTRE,E01026248,ALL,38
GP_PRAC_PAT_LIST,01/04/2026,C83039,MOULTON MEDICAL CENTRE,E01026249,ALL,67
GP_PRAC_PAT_LIST,01/04/2026,C83039,MOULTON MEDICAL CENTRE,E01026250,ALL,4
GP_PRAC_PAT_LIST,01/04/2026,C83039,MOULTON MEDICAL CENTRE,E01026251,ALL,23
GP_PRAC_PAT_LIST,01/04/2026,C83039,MOULTON MEDICAL CENTRE,E01026252,ALL,5
GP_PRAC_PAT_LIST,01/04/2026,C83039,MOULTON MEDICAL CENTRE,E01026253,ALL,7
GP_PRAC_PAT_LIST,01/04/2026,C83039,MOULTON MEDICAL CENTRE,E01026257,ALL,1
GP_PRAC_PAT_LIST,01/04/2026,C83039,MOULTON MEDICAL CENTRE,E01026258,ALL,7
GP_PRAC_PAT_LIST,01/04/2026,C83039,MOULTON MEDICAL CENTRE,E01026259,ALL,1
GP_PRAC_PAT_LIST,01/04/2026,C83039,MOULTON MEDICAL CENTRE,E01026260,ALL,4
GP_PRAC_PAT_LIST,01/04/2026,C83039,MOULTON MEDICAL CENTRE,E01026262,ALL,15
GP_PRAC_PAT_LIST,01/04/2026,C83039,MOULTON MEDICAL CENTRE,E01026263,ALL,6
GP_PRAC_PAT_LIST,01/04/2026,C83039,MOULTON MEDICAL CENTRE,E01026264,ALL,5
GP_PRAC_PAT_LIST,01/04/2026,C83039,MOULTON MEDICAL CENTRE,E01026265,ALL,1
GP_PRAC_PAT_LIST,01/04/2026,C83039,MOULTON MEDICAL CENTRE,E01026266,ALL,4
GP_PRAC_PAT_LIST,01/04/2026,C83039,MOULTON MEDICAL CENTRE,E01026268,ALL,16
GP_PRAC_PAT_LIST,01/04/2026,C83039,MOULTON MEDICAL CENTRE,E01026269,ALL,18
GP_PRAC_PAT_LIST,01/04/2026,C83039,MOULTON MEDICAL CENTRE,E01026270,ALL,54
GP_PRAC_PAT_LIST,01/04/2026,C83039,MOULTON MEDICAL CENTRE,E01026271,ALL,1
GP_PRAC_PAT_LIST,01/04/2026,C83039,MOULTON MEDICAL CENTRE,E01026272,ALL,8
GP_PRAC_PAT_LIST,01/04/2026,C83039,MOULTON MEDICAL CENTRE,E01026273,ALL,7
GP_PRAC_PAT_LIST,01/04/2026,C83039,MOULTON MEDICAL CENTRE,E01026275,ALL,19
GP_PRAC_PAT_LIST,01/04/2026,C83039,MOULTON MEDICAL CENTRE,E01026276,ALL,4
GP_PRAC_PAT_LIST,01/04/2026,C83039,MOULTON MEDICAL CENTRE,E01026280,ALL,11
GP_PRAC_PAT_LIST,01/04/2026,C83039,MOULTON MEDICAL CENTRE,E01026281,ALL,791
GP_PRAC_PAT_LIST,01/04/2026,C83039,MOULTON MEDICAL CENTRE,E01026282,ALL,1249
GP_PRAC_PAT_LIST,01/04/2026,C83039,MOULTON MEDICAL CENTRE,E01026283,ALL,1271
GP_PRAC_PAT_LIST,01/04/2026,C83039,MOULTON MEDICAL CENTRE,E01026284,ALL,676
GP_PRAC_PAT_LIST,01/04/2026,C83039,MOULTON MEDICAL CENTRE,E01026285,ALL,756
GP_PRAC_PAT_LIST,01/04/2026,C83039,MOULTON MEDICAL CENTRE,E01026286,ALL,487
GP_PRAC_PAT_LIST,01/04/2026,C83039,MOULTON MEDICAL CENTRE,E01026330,ALL,1
GP_PRAC_PAT_LIST,01/04/2026,C83039,MOULTON MEDICAL CENTRE,E01026577,ALL,1
GP_PRAC_PAT_LIST,01/04/2026,C83039,MOULTON MEDICAL CENTRE,E01032995,ALL,5
GP_PRAC_PAT_LIST,01/04/2026,C83039,MOULTON MEDICAL CENTRE,E01032996,ALL,7
GP_PRAC_PAT_LIST,01/04/2026,C83039,MOULTON MEDICAL CENTRE,E01034697,ALL,6
GP_PRAC_PAT_LIST,01/04/2026,C83039,MOULTON MEDICAL CENTRE,E01034699,ALL,5
GP_PRAC_PAT_LIST,01/04/2026,C83039,MOULTON MEDICAL CENTRE,E01034700,ALL,3
GP_PRAC_PAT_LIST,01/04/2026,C83040,ST. PETERS HILL SURGERY,CLOSED,ALL,4
GP_PRAC_PAT_LIST,01/04/2026,C83040,ST. PETERS HILL SURGERY,E01000535,ALL,1
GP_PRAC_PAT_LIST,01/04/2026,C83040,ST. PETERS HILL SURGERY,E01002762,ALL,1
GP_PRAC_PAT_LIST,01/04/2026,C83040,ST. PETERS HILL SURGERY,E01007967,ALL,1
GP_PRAC_PAT_LIST,01/04/2026,C83040,ST. PETERS HILL SURGERY,E01012996,ALL,1
GP_PRAC_PAT_LIST,01/04/2026,C83040,ST. PETERS HILL SURGERY,E01017525,ALL,1
GP_PRAC_PAT_LIST,01/04/2026,C83040,ST. PETERS HILL SURGERY,E01022540,ALL,1
GP_PRAC_PAT_LIST,01/04/2026,C83040,ST. PETERS HILL SURGERY,E01026025,ALL,2
GP_PRAC_PAT_LIST,01/04/2026,C83040,ST. PETERS HILL SURGERY,E01026082,ALL,1
GP_PRAC_PAT_LIST,01/04/2026,C83040,ST. PETERS HILL SURGERY,E01026125,ALL,2
GP_PRAC_PAT_LIST,01/04/2026,C83040,ST. PETERS HILL SURGERY,E01026136,ALL,1
GP_PRAC_PAT_LIST,01/04/2026,C83040,ST. PETERS HILL SURGERY,E01026221,ALL,1
GP_PRAC_PAT_LIST,01/04/2026,C83040,ST. PETERS HILL SURGERY,E01026230,ALL,1
GP_PRAC_PAT_LIST,01/04/2026,C83040,ST. PETERS HILL SURGERY,E01026291,ALL,584
GP_PRAC_PAT_LIST,01/04/2026,C83040,ST. PETERS HILL SURGERY,E01026292,ALL,271
GP_PRAC_PAT_LIST,01/04/2026,C83040,ST. PETERS HILL SURGERY,E01026293,ALL,442
GP_PRAC_PAT_LIST,01/04/2026,C83040,ST. PETERS HILL SURGERY,E01026294,ALL,366
GP_PRAC_PAT_LIST,01/04/2026,C83040,ST. PETERS HILL SURGERY,E01026308,ALL,452
GP_PRAC_PAT_LIST,01/04/2026,C83040,ST. PETERS HILL SURGERY,E01026309,ALL,483
GP_PRAC_PAT_LIST,01/04/2026,C83040,ST. PETERS HILL SURGERY,E01026310,ALL,303
GP_PRAC_PAT_LIST,01/04/2026,C83040,ST. PETERS HILL SURGERY,E01026311,ALL,542
GP_PRAC_PAT_LIST,01/04/2026,C83040,ST. PETERS HILL SURGERY,E01026312,ALL,379
GP_PRAC_PAT_LIST,01/04/2026,C83040,ST. PETERS HILL SURGERY,E01026313,ALL,169
GP_PRAC_PAT_LIST,01/04/2026,C83040,ST. PETERS HILL SURGERY,E01026315,ALL,204
GP_PRAC_PAT_LIST,01/04/2026,C83040,ST. PETERS HILL SURGERY,E01026316,ALL,3
GP_PRAC_PAT_LIST,01/04/2026,C83040,ST. PETERS HILL SURGERY,E01026317,ALL,913
GP_PRAC_PAT_LIST,01/04/2026,C83040,ST. PETERS HILL SURGERY,E01026318,ALL,723
GP_PRAC_PAT_LIST,01/04/2026,C83040,ST. PETERS HILL SURGERY,E01026319,ALL,665
GP_PRAC_PAT_LIST,01/04/2026,C83040,ST. PETERS HILL SURGERY,E01026321,ALL,345
GP_PRAC_PAT_LIST,01/04/2026,C83040,ST. PETERS HILL SURGERY,E01026322,ALL,321
GP_PRAC_PAT_LIST,01/04/2026,C83040,ST. PETERS HILL SURGERY,E01026323,ALL,703
GP_PRAC_PAT_LIST,01/04/2026,C83040,ST. PETERS HILL SURGERY,E01026324,ALL,607
GP_PRAC_PAT_LIST,01/04/2026,C83040,ST. PETERS HILL SURGERY,E01026325,ALL,434
GP_PRAC_PAT_LIST,01/04/2026,C83040,ST. PETERS HILL SURGERY,E01026326,ALL,409
GP_PRAC_PAT_LIST,01/04/2026,C83040,ST. PETERS HILL SURGERY,E01026327,ALL,393
GP_PRAC_PAT_LIST,01/04/2026,C83040,ST. PETERS HILL SURGERY,E01026328,ALL,342
GP_PRAC_PAT_LIST,01/04/2026,C83040,ST. PETERS HILL SURGERY,E01026329,ALL,1
GP_PRAC_PAT_LIST,01/04/2026,C83040,ST. PETERS HILL SURGERY,E01026331,ALL,1
GP_PRAC_PAT_LIST,01/04/2026,C83040,ST. PETERS HILL SURGERY,E01026332,ALL,43
GP_PRAC_PAT_LIST,01/04/2026,C83040,ST. PETERS HILL SURGERY,E01026333,ALL,2
GP_PRAC_PAT_LIST,01/04/2026,C83040,ST. PETERS HILL SURGERY,E01026340,ALL,657
GP_PRAC_PAT_LIST,01/04/2026,C83040,ST. PETERS HILL SURGERY,E01026343,ALL,756
GP_PRAC_PAT_LIST,01/04/2026,C83040,ST. PETERS HILL SURGERY,E01026344,ALL,398
GP_PRAC_PAT_LIST,01/04/2026,C83040,ST. PETERS HILL SURGERY,E01026345,ALL,573
GP_PRAC_PAT_LIST,01/04/2026,C83040,ST. PETERS HILL SURGERY,E01026352,ALL,443
GP_PRAC_PAT_LIST,01/04/2026,C83040,ST. PETERS HILL SURGERY,E01026353,ALL,525
GP_PRAC_PAT_LIST,01/04/2026,C83040,ST. PETERS HILL SURGERY,E01026354,ALL,339
GP_PRAC_PAT_LIST,01/04/2026,C83040,ST. PETERS HILL SURGERY,E01026365,ALL,19
GP_PRAC_PAT_LIST,01/04/2026,C83040,ST. PETERS HILL SURGERY,E01028079,ALL,1
GP_PRAC_PAT_LIST,01/04/2026,C83040,ST. PETERS HILL SURGERY,E01028293,ALL,1
GP_PRAC_PAT_LIST,01/04/2026,C83040,ST. PETERS HILL SURGERY,E01028337,ALL,1
GP_PRAC_PAT_LIST,01/04/2026,C83040,ST. PETERS HILL SURGERY,E01029488,ALL,1
GP_PRAC_PAT_LIST,01/04/2026,C83040,ST. PETERS HILL SURGERY,E01031330,ALL,1
GP_PRAC_PAT_LIST,01/04/2026,C83040,ST. PETERS HILL SURGERY,E01034020,ALL,1
GP_PRAC_PAT_LIST,01/04/2026,C83040,ST. PETERS HILL SURGERY,E01034543,ALL,1
GP_PRAC_PAT_LIST,01/04/2026,C83040,ST. PETERS HILL SURGERY,E01034701,ALL,358
GP_PRAC_PAT_LIST,01/04/2026,C83040,ST. PETERS HILL SURGERY,E01034702,ALL,364
GP_PRAC_PAT_LIST,01/04/2026,C83040,ST. PETERS HILL SURGERY,EMPTY,ALL,9
GP_PRAC_PAT_LIST,01/04/2026,C83041,THE WOODLAND MEDICAL PRACTICE,E01013312,ALL,1
GP_PRAC_PAT_LIST,01/04/2026,C83041,THE WOODLAND MEDICAL PRACTICE,E01025690,ALL,1
GP_PRAC_PAT_LIST,01/04/2026,C83041,THE WOODLAND MEDICAL PRACTICE,E01025905,ALL,1
GP_PRAC_PAT_LIST,01/04/2026,C83041,THE WOODLAND MEDICAL PRACTICE,E01026069,ALL,1
GP_PRAC_PAT_LIST,01/04/2026,C83041,THE WOODLAND MEDICAL PRACTICE,E01026090,ALL,1
GP_PRAC_PAT_LIST,01/04/2026,C83041,THE WOODLAND MEDICAL PRACTICE,E01026125,ALL,1
GP_PRAC_PAT_LIST,01/04/2026,C83041,THE WOODLAND MEDICAL PRACTICE,E01026126,ALL,1
GP_PRAC_PAT_LIST,01/04/2026,C83041,THE WOODLAND MEDICAL PRACTICE,E01026127,ALL,468
GP_PRAC_PAT_LIST,01/04/2026,C83041,THE WOODLAND MEDICAL PRACTICE,E01026129,ALL,573
GP_PRAC_PAT_LIST,01/04/2026,C83041,THE WOODLAND MEDICAL PRACTICE,E01026130,ALL,394
GP_PRAC_PAT_LIST,01/04/2026,C83041,THE WOODLAND MEDICAL PRACTICE,E01026131,ALL,528
GP_PRAC_PAT_LIST,01/04/2026,C83041,THE WOODLAND MEDICAL PRACTICE,E01026134,ALL,2
GP_PRAC_PAT_LIST,01/04/2026,C83041,THE WOODLAND MEDICAL PRACTICE,E01026135,ALL,4
GP_PRAC_PAT_LIST,01/04/2026,C83041,THE WOODLAND MEDICAL PRACTICE,E01026136,ALL,114
GP_PRAC_PAT_LIST,01/04/2026,C83041,THE WOODLAND MEDICAL PRACTICE,E01026139,ALL,29
GP_PRAC_PAT_LIST,01/04/2026,C83041,THE WOODLAND MEDICAL PRACTICE,E01026141,ALL,46
GP_PRAC_PAT_LIST,01/04/2026,C83041,THE WOODLAND MEDICAL PRACTICE,E01026144,ALL,1
GP_PRAC_PAT_LIST,01/04/2026,C83041,THE WOODLAND MEDICAL PRACTICE,E01026147,ALL,2
GP_PRAC_PAT_LIST,01/04/2026,C83041,THE WOODLAND MEDICAL PRACTICE,E01026149,ALL,2
GP_PRAC_PAT_LIST,01/04/2026,C83041,THE WOODLAND MEDICAL PRACTICE,E01026152,ALL,1
GP_PRAC_PAT_LIST,01/04/2026,C83041,THE WOODLAND MEDICAL PRACTICE,E01026153,ALL,2
GP_PRAC_PAT_LIST,01/04/2026,C83041,THE WOODLAND MEDICAL PRACTICE,E01026155,ALL,3
GP_PRAC_PAT_LIST,01/04/2026,C83041,THE WOODLAND MEDICAL PRACTICE,E01026158,ALL,521
GP_PRAC_PAT_LIST,01/04/2026,C83041,THE WOODLAND MEDICAL PRACTICE,E01026159,ALL,521
GP_PRAC_PAT_LIST,01/04/2026,C83041,THE WOODLAND MEDICAL PRACTICE,E01026160,ALL,418
GP_PRAC_PAT_LIST,01/04/2026,C83041,THE WOODLAND MEDICAL PRACTICE,E01026161,ALL,281
GP_PRAC_PAT_LIST,01/04/2026,C83041,THE WOODLAND MEDICAL PRACTICE,E01026162,ALL,374
GP_PRAC_PAT_LIST,01/04/2026,C83041,THE WOODLAND MEDICAL PRACTICE,E01026163,ALL,451
GP_PRAC_PAT_LIST,01/04/2026,C83041,THE WOODLAND MEDICAL PRACTICE,E01026167,ALL,1
GP_PRAC_PAT_LIST,01/04/2026,C83041,THE WOODLAND MEDICAL PRACTICE,E01026168,ALL,2
GP_PRAC_PAT_LIST,01/04/2026,C83041,THE WOODLAND MEDICAL PRACTICE,E01026169,ALL,94
GP_PRAC_PAT_LIST,01/04/2026,C83041,THE WOODLAND MEDICAL PRACTICE,E01026170,ALL,23
GP_PRAC_PAT_LIST,01/04/2026,C83041,THE WOODLAND MEDICAL PRACTICE,E01026171,ALL,121
GP_PRAC_PAT_LIST,01/04/2026,C83041,THE WOODLAND MEDICAL PRACTICE,E01026172,ALL,57
GP_PRAC_PAT_LIST,01/04/2026,C83041,THE WOODLAND MEDICAL PRACTICE,E01026173,ALL,42
GP_PRAC_PAT_LIST,01/04/2026,C83041,THE WOODLAND MEDICAL PRACTICE,E01026174,ALL,4
GP_PRAC_PAT_LIST,01/04/2026,C83041,THE WOODLAND MEDICAL PRACTICE,E01026175,ALL,3
GP_PRAC_PAT_LIST,01/04/2026,C83041,THE WOODLAND MEDICAL PRACTICE,E01026176,ALL,1
GP_PRAC_PAT_LIST,01/04/2026,C83041,THE WOODLAND MEDICAL PRACTICE,E01026177,ALL,1
GP_PRAC_PAT_LIST,01/04/2026,C83041,THE WOODLAND MEDICAL PRACTICE,E01026178,ALL,1
GP_PRAC_PAT_LIST,01/04/2026,C83041,THE WOODLAND MEDICAL PRACTICE,E01026185,ALL,1
GP_PRAC_PAT_LIST,01/04/2026,C83041,THE WOODLAND MEDICAL PRACTICE,E01026187,ALL,1
GP_PRAC_PAT_LIST,01/04/2026,C83041,THE WOODLAND MEDICAL PRACTICE,E01026199,ALL,170
GP_PRAC_PAT_LIST,01/04/2026,C83041,THE WOODLAND MEDICAL PRACTICE,E01026210,ALL,1
GP_PRAC_PAT_LIST,01/04/2026,C83041,THE WOODLAND MEDICAL PRACTICE,E01026214,ALL,36
GP_PRAC_PAT_LIST,01/04/2026,C83041,THE WOODLAND MEDICAL PRACTICE,E01026215,ALL,30
GP_PRAC_PAT_LIST,01/04/2026,C83041,THE WOODLAND MEDICAL PRACTICE,E01026218,ALL,38
GP_PRAC_PAT_LIST,01/04/2026,C83041,THE WOODLAND MEDICAL PRACTICE,E01026219,ALL,22
GP_PRAC_PAT_LIST,01/04/2026,C83041,THE WOODLAND MEDICAL PRACTICE,E01026220,ALL,14
GP_PRAC_PAT_LIST,01/04/2026,C83041,THE WOODLAND MEDICAL PRACTICE,E01026225,ALL,322
GP_PRAC_PAT_LIST,01/04/2026,C83041,THE WOODLAND MEDICAL PRACTICE,E01026226,ALL,420
GP_PRAC_PAT_LIST,01/04/2026,C83041,THE WOODLAND MEDICAL PRACTICE,E01026230,ALL,1
GP_PRAC_PAT_LIST,01/04/2026,C83041,THE WOODLAND MEDICAL PRACTICE,E01026343,ALL,1
GP_PRAC_PAT_LIST,01/04/2026,C83041,THE WOODLAND MEDICAL PRACTICE,E01026373,ALL,1
GP_PRAC_PAT_LIST,01/04/2026,C83041,THE WOODLAND MEDICAL PRACTICE,E01026375,ALL,1
GP_PRAC_PAT_LIST,01/04/2026,C83041,THE WOODLAND MEDICAL PRACTICE,E01026396,ALL,1
GP_PRAC_PAT_LIST,01/04/2026,C83041,THE WOODLAND MEDICAL PRACTICE,E01028039,ALL,1
GP_PRAC_PAT_LIST,01/04/2026,C83041,THE WOODLAND MEDICAL PRACTICE,E01028187,ALL,1
GP_PRAC_PAT_LIST,01/04/2026,C83041,THE WOODLAND MEDICAL PRACTICE,E01028291,ALL,1
GP_PRAC_PAT_LIST,01/04/2026,C83041,THE WOODLAND MEDICAL PRACTICE,E01028334,ALL,1
GP_PRAC_PAT_LIST,01/04/2026,C83041,THE WOODLAND MEDICAL PRACTICE,E01029835,ALL,1
GP_PRAC_PAT_LIST,01/04/2026,C83041,THE WOODLAND MEDICAL PRACTICE,E01030450,ALL,1
GP_PRAC_PAT_LIST,01/04/2026,C83041,THE WOODLAND MEDICAL PRACTICE,E01032953,ALL,1
GP_PRAC_PAT_LIST,01/04/2026,C83041,THE WOODLAND MEDICAL PRACTICE,E01032988,ALL,27
GP_PRAC_PAT_LIST,01/04/2026,C83041,THE WOODLAND MEDICAL PRACTICE,E01032989,ALL,93
GP_PRAC_PAT_LIST,01/04/2026,C83041,THE WOODLAND MEDICAL PRACTICE,E01032991,ALL,181
GP_PRAC_PAT_LIST,01/04/2026,C83041,THE WOODLAND MEDICAL PRACTICE,E01032992,ALL,57
GP_PRAC_PAT_LIST,01/04/2026,C83041,THE WOODLAND MEDICAL PRACTICE,E01032993,ALL,94
GP_PRAC_PAT_LIST,01/04/2026,C83041,THE WOODLAND MEDICAL PRACTICE,E01032994,ALL,67
GP_PRAC_PAT_LIST,01/04/2026,C83041,THE WOODLAND MEDICAL PRACTICE,E01033777,ALL,1
GP_PRAC_PAT_LIST,01/04/2026,C83041,THE WOODLAND MEDICAL PRACTICE,E01034681,ALL,1
GP_PRAC_PAT_LIST,01/04/2026,C83041,THE WOODLAND MEDICAL PRACTICE,E01034689,ALL,411
GP_PRAC_PAT_LIST,01/04/2026,C83041,THE WOODLAND MEDICAL PRACTICE,E01034690,ALL,518
GP_PRAC_PAT_LIST,01/04/2026,C83041,THE WOODLAND MEDICAL PRACTICE,E01034691,ALL,4
GP_PRAC_PAT_LIST,01/04/2026,C83041,THE WOODLAND MEDICAL PRACTICE,E01034692,ALL,1
GP_PRAC_PAT_LIST,01/04/2026,C83041,THE WOODLAND MEDICAL PRACTICE,E01034694,ALL,3
GP_PRAC_PAT_LIST,01/04/2026,C83041,THE WOODLAND MEDICAL PRACTICE,E01034707,ALL,12
GP_PRAC_PAT_LIST,01/04/2026,C83041,THE WOODLAND MEDICAL PRACTICE,EMPTY,ALL,4
GP_PRAC_PAT_LIST,01/04/2026,C83042,MARSH MEDICAL PRACTICE,CLOSED,ALL,1
GP_PRAC_PAT_LIST,01/04/2026,C83042,MARSH MEDICAL PRACTICE,E01003215,ALL,1
GP_PRAC_PAT_LIST,01/04/2026,C83042,MARSH MEDICAL PRACTICE,E01008412,ALL,1
GP_PRAC_PAT_LIST,01/04/2026,C83042,MARSH MEDICAL PRACTICE,E01013132,ALL,1
GP_PRAC_PAT_LIST,01/04/2026,C83042,MARSH MEDICAL PRACTICE,E01013134,ALL,1
GP_PRAC_PAT_LIST,01/04/2026,C83042,MARSH MEDICAL PRACTICE,E01013140,ALL,2
GP_PRAC_PAT_LIST,01/04/2026,C83042,MARSH MEDICAL PRACTICE,E01013146,ALL,1
GP_PRAC_PAT_LIST,01/04/2026,C83042,MARSH MEDICAL PRACTICE,E01013150,ALL,1
GP_PRAC_PAT_LIST,01/04/2026,C83042,MARSH MEDICAL PRACTICE,E01013155,ALL,2
GP_PRAC_PAT_LIST,01/04/2026,C83042,MARSH MEDICAL PRACTICE,E01013162,ALL,1
GP_PRAC_PAT_LIST,01/04/2026,C83042,MARSH MEDICAL PRACTICE,E01013164,ALL,2
GP_PRAC_PAT_LIST,01/04/2026,C83042,MARSH MEDICAL PRACTICE,E01013171,ALL,1
GP_PRAC_PAT_LIST,01/04/2026,C83042,MARSH MEDICAL PRACTICE,E01013172,ALL,2
GP_PRAC_PAT_LIST,01/04/2026,C83042,MARSH MEDICAL PRACTICE,E01013180,ALL,1
GP_PRAC_PAT_LIST,01/04/2026,C83042,MARSH MEDICAL PRACTICE,E01013191,ALL,1
GP_PRAC_PAT_LIST,01/04/2026,C83042,MARSH MEDICAL PRACTICE,E01013193,ALL,1
GP_PRAC_PAT_LIST,01/04/2026,C83042,MARSH MEDICAL PRACTICE,E01013197,ALL,1
GP_PRAC_PAT_LIST,01/04/2026,C83042,MARSH MEDICAL PRACTICE,E01013200,ALL,4
GP_PRAC_PAT_LIST,01/04/2026,C83042,MARSH MEDICAL PRACTICE,E01013203,ALL,1
GP_PRAC_PAT_LIST,01/04/2026,C83042,MARSH MEDICAL PRACTICE,E01013204,ALL,2
GP_PRAC_PAT_LIST,01/04/2026,C83042,MARSH MEDICAL PRACTICE,E01013205,ALL,1
GP_PRAC_PAT_LIST,01/04/2026,C83042,MARSH MEDICAL PRACTICE,E01013207,ALL,1
GP_PRAC_PAT_LIST,01/04/2026,C83042,MARSH MEDICAL PRACTICE,E01013217,ALL,5
GP_PRAC_PAT_LIST,01/04/2026,C83042,MARSH MEDICAL PRACTICE,E01013219,ALL,3
GP_PRAC_PAT_LIST,01/04/2026,C83042,MARSH MEDICAL PRACTICE,E01013221,ALL,1
GP_PRAC_PAT_LIST,01/04/2026,C83042,MARSH MEDICAL PRACTICE,E01013224,ALL,4
GP_PRAC_PAT_LIST,01/04/2026,C83042,MARSH MEDICAL PRACTICE,E01013233,ALL,4
GP_PRAC_PAT_LIST,01/04/2026,C83042,MARSH MEDICAL PRACTICE,E01013557,ALL,1
GP_PRAC_PAT_LIST,01/04/2026,C83042,MARSH MEDICAL PRACTICE,E01013562,ALL,1
GP_PRAC_PAT_LIST,01/04/2026,C83042,MARSH MEDICAL PRACTICE,E01017349,ALL,1
GP_PRAC_PAT_LIST,01/04/2026,C83042,MARSH MEDICAL PRACTICE,E01024248,ALL,1
GP_PRAC_PAT_LIST,01/04/2026,C83042,MARSH MEDICAL PRACTICE,E01026025,ALL,1
GP_PRAC_PAT_LIST,01/04/2026,C83042,MARSH MEDICAL PRACTICE,E01026033,ALL,1
GP_PRAC_PAT_LIST,01/04/2026,C83042,MARSH MEDICAL PRACTICE,E01026042,ALL,24
GP_PRAC_PAT_LIST,01/04/2026,C83042,MARSH MEDICAL PRACTICE,E01026043,ALL,26
GP_PRAC_PAT_LIST,01/04/2026,C83042,MARSH MEDICAL PRACTICE,E01026044,ALL,29
GP_PRAC_PAT_LIST,01/04/2026,C83042,MARSH MEDICAL PRACTICE,E01026045,ALL,21
GP_PRAC_PAT_LIST,01/04/2026,C83042,MARSH MEDICAL PRACTICE,E01026049,ALL,1
GP_PRAC_PAT_LIST,01/04/2026,C83042,MARSH MEDICAL PRACTICE,E01026053,ALL,1
GP_PRAC_PAT_LIST,01/04/2026,C83042,MARSH MEDICAL PRACTICE,E01026058,ALL,1273
GP_PRAC_PAT_LIST,01/04/2026,C83042,MARSH MEDICAL PRACTICE,E01026060,ALL,2
GP_PRAC_PAT_LIST,01/04/2026,C83042,MARSH MEDICAL PRACTICE,E01026061,ALL,9
GP_PRAC_PAT_LIST,01/04/2026,C83042,MARSH MEDICAL PRACTICE,E01026063,ALL,5
GP_PRAC_PAT_LIST,01/04/2026,C83042,MARSH MEDICAL PRACTICE,E01026064,ALL,1
GP_PRAC_PAT_LIST,01/04/2026,C83042,MARSH MEDICAL PRACTICE,E01026066,ALL,3
GP_PRAC_PAT_LIST,01/04/2026,C83042,MARSH MEDICAL PRACTICE,E01026067,ALL,1
GP_PRAC_PAT_LIST,01/04/2026,C83042,MARSH MEDICAL PRACTICE,E01026068,ALL,14
GP_PRAC_PAT_LIST,01/04/2026,C83042,MARSH MEDICAL PRACTICE,E01026070,ALL,216
GP_PRAC_PAT_LIST,01/04/2026,C83042,MARSH MEDICAL PRACTICE,E01026071,ALL,28
GP_PRAC_PAT_LIST,01/04/2026,C83042,MARSH MEDICAL PRACTICE,E01026072,ALL,80
GP_PRAC_PAT_LIST,01/04/2026,C83042,MARSH MEDICAL PRACTICE,E01026073,ALL,51
GP_PRAC_PAT_LIST,01/04/2026,C83042,MARSH MEDICAL PRACTICE,E01026074,ALL,60
GP_PRAC_PAT_LIST,01/04/2026,C83042,MARSH MEDICAL PRACTICE,E01026076,ALL,819
GP_PRAC_PAT_LIST,01/04/2026,C83042,MARSH MEDICAL PRACTICE,E01026077,ALL,88
GP_PRAC_PAT_LIST,01/04/2026,C83042,MARSH MEDICAL PRACTICE,E01026078,ALL,29
GP_PRAC_PAT_LIST,01/04/2026,C83042,MARSH MEDICAL PRACTICE,E01026079,ALL,1822
GP_PRAC_PAT_LIST,01/04/2026,C83042,MARSH MEDICAL PRACTICE,E01026080,ALL,29
GP_PRAC_PAT_LIST,01/04/2026,C83042,MARSH MEDICAL PRACTICE,E01026081,ALL,66
GP_PRAC_PAT_LIST,01/04/2026,C83042,MARSH MEDICAL PRACTICE,E01026082,ALL,1
GP_PRAC_PAT_LIST,01/04/2026,C83042,MARSH MEDICAL PRACTICE,E01026087,ALL,75
GP_PRAC_PAT_LIST,01/04/2026,C83042,MARSH MEDICAL PRACTICE,E01026088,ALL,41
GP_PRAC_PAT_LIST,01/04/2026,C83042,MARSH MEDICAL PRACTICE,E01026089,ALL,57
GP_PRAC_PAT_LIST,01/04/2026,C83042,MARSH MEDICAL PRACTICE,E01026090,ALL,39
GP_PRAC_PAT_LIST,01/04/2026,C83042,MARSH MEDICAL PRACTICE,E01026091,ALL,142
GP_PRAC_PAT_LIST,01/04/2026,C83042,MARSH MEDICAL PRACTICE,E01026099,ALL,1292
GP_PRAC_PAT_LIST,01/04/2026,C83042,MARSH MEDICAL PRACTICE,E01026100,ALL,1
GP_PRAC_PAT_LIST,01/04/2026,C83042,MARSH MEDICAL PRACTICE,E01026103,ALL,21
GP_PRAC_PAT_LIST,01/04/2026,C83042,MARSH MEDICAL PRACTICE,E01026104,ALL,45
GP_PRAC_PAT_LIST,01/04/2026,C83042,MARSH MEDICAL PRACTICE,E01026105,ALL,11
GP_PRAC_PAT_LIST,01/04/2026,C83042,MARSH MEDICAL PRACTICE,E01026106,ALL,28
GP_PRAC_PAT_LIST,01/04/2026,C83042,MARSH MEDICAL PRACTICE,E01026107,ALL,97
GP_PRAC_PAT_LIST,01/04/2026,C83042,MARSH MEDICAL PRACTICE,E01026108,ALL,68
GP_PRAC_PAT_LIST,01/04/2026,C83042,MARSH MEDICAL PRACTICE,E01026109,ALL,60
GP_PRAC_PAT_LIST,01/04/2026,C83042,MARSH MEDICAL PRACTICE,E01026113,ALL,12
GP_PRAC_PAT_LIST,01/04/2026,C83042,MARSH MEDICAL PRACTICE,E01026114,ALL,1
GP_PRAC_PAT_LIST,01/04/2026,C83042,MARSH MEDICAL PRACTICE,E01026117,ALL,192
GP_PRAC_PAT_LIST,01/04/2026,C83042,MARSH MEDICAL PRACTICE,E01026199,ALL,1
GP_PRAC_PAT_LIST,01/04/2026,C83042,MARSH MEDICAL PRACTICE,E01026220,ALL,1
GP_PRAC_PAT_LIST,01/04/2026,C83042,MARSH MEDICAL PRACTICE,E01026325,ALL,1
GP_PRAC_PAT_LIST,01/04/2026,C83042,MARSH MEDICAL PRACTICE,E01026391,ALL,1
GP_PRAC_PAT_LIST,01/04/2026,C83042,MARSH MEDICAL PRACTICE,E01026392,ALL,1
GP_PRAC_PAT_LIST,01/04/2026,C83042,MARSH MEDICAL PRACTICE,E01026408,ALL,1
GP_PRAC_PAT_LIST,01/04/2026,C83042,MARSH MEDICAL PRACTICE,E01026414,ALL,1
GP_PRAC_PAT_LIST,01/04/2026,C83042,MARSH MEDICAL PRACTICE,E01026415,ALL,2
GP_PRAC_PAT_LIST,01/04/2026,C83042,MARSH MEDICAL PRACTICE,E01027194,ALL,1
GP_PRAC_PAT_LIST,01/04/2026,C83042,MARSH MEDICAL PRACTICE,E01027302,ALL,1
GP_PRAC_PAT_LIST,01/04/2026,C83042,MARSH MEDICAL PRACTICE,E01028122,ALL,1
GP_PRAC_PAT_LIST,01/04/2026,C83042,MARSH MEDICAL PRACTICE,E01029586,ALL,1
GP_PRAC_PAT_LIST,01/04/2026,C83042,MARSH MEDICAL PRACTICE,E01032986,ALL,24
GP_PRAC_PAT_LIST,01/04/2026,C83042,MARSH MEDICAL PRACTICE,E01032987,ALL,26
GP_PRAC_PAT_LIST,01/04/2026,C83042,MARSH MEDICAL PRACTICE,E01033268,ALL,1
GP_PRAC_PAT_LIST,01/04/2026,C83042,MARSH MEDICAL PRACTICE,E01034686,ALL,1
GP_PRAC_PAT_LIST,01/04/2026,C83042,MARSH MEDICAL PRACTICE,E01034688,ALL,1
GP_PRAC_PAT_LIST,01/04/2026,C83042,MARSH MEDICAL PRACTICE,E01034691,ALL,1
GP_PRAC_PAT_LIST,01/04/2026,C83042,MARSH MEDICAL PRACTICE,E01035476,ALL,1
GP_PRAC_PAT_LIST,01/04/2026,C83042,MARSH MEDICAL PRACTICE,E01035478,ALL,3
GP_PRAC_PAT_LIST,01/04/2026,C83042,MARSH MEDICAL PRACTICE,E01035480,ALL,3
GP_PRAC_PAT_LIST,01/04/2026,C83042,MARSH MEDICAL PRACTICE,EMPTY,ALL,4
GP_PRAC_PAT_LIST,01/04/2026,C83042,MARSH MEDICAL PRACTICE,S01015353,ALL,1
GP_PRAC_PAT_LIST,01/04/2026,C83043,MARKET RASEN SURGERY,CLOSED,ALL,3
GP_PRAC_PAT_LIST,01/04/2026,C83043,MARKET RASEN SURGERY,E01001569,ALL,1
GP_PRAC_PAT_LIST,01/04/2026,C83043,MARKET RASEN SURGERY,E01001925,ALL,1
GP_PRAC_PAT_LIST,01/04/2026,C83043,MARKET RASEN SURGERY,E01002499,ALL,1
GP_PRAC_PAT_LIST,01/04/2026,C83043,MARKET RASEN SURGERY,E01004379,ALL,1
GP_PRAC_PAT_LIST,01/04/2026,C83043,MARKET RASEN SURGERY,E01007670,ALL,1
GP_PRAC_PAT_LIST,01/04/2026,C83043,MARKET RASEN SURGERY,E01007963,ALL,1
GP_PRAC_PAT_LIST,01/04/2026,C83043,MARKET RASEN SURGERY,E01008083,ALL,1
GP_PRAC_PAT_LIST,01/04/2026,C83043,MARKET RASEN SURGERY,E01009289,ALL,1
GP_PRAC_PAT_LIST,01/04/2026,C83043,MARKET RASEN SURGERY,E01010578,ALL,1
GP_PRAC_PAT_LIST,01/04/2026,C83043,MARKET RASEN SURGERY,E01011866,ALL,1
GP_PRAC_PAT_LIST,01/04/2026,C83043,MARKET RASEN SURGERY,E01012000,ALL,1
GP_PRAC_PAT_LIST,01/04/2026,C83043,MARKET RASEN SURGERY,E01013144,ALL,1
GP_PRAC_PAT_LIST,01/04/2026,C83043,MARKET RASEN SURGERY,E01013159,ALL,1
GP_PRAC_PAT_LIST,01/04/2026,C83043,MARKET RASEN SURGERY,E01013162,ALL,1
GP_PRAC_PAT_LIST,01/04/2026,C83043,MARKET RASEN SURGERY,E01013175,ALL,1
GP_PRAC_PAT_LIST,01/04/2026,C83043,MARKET RASEN SURGERY,E01013180,ALL,1
GP_PRAC_PAT_LIST,01/04/2026,C83043,MARKET RASEN SURGERY,E01013184,ALL,1
GP_PRAC_PAT_LIST,01/04/2026,C83043,MARKET RASEN SURGERY,E01013202,ALL,1
GP_PRAC_PAT_LIST,01/04/2026,C83043,MARKET RASEN SURGERY,E01013207,ALL,2
GP_PRAC_PAT_LIST,01/04/2026,C83043,MARKET RASEN SURGERY,E01013214,ALL,1
GP_PRAC_PAT_LIST,01/04/2026,C83043,MARKET RASEN SURGERY,E01013215,ALL,1
GP_PRAC_PAT_LIST,01/04/2026,C83043,MARKET RASEN SURGERY,E01013216,ALL,1
GP_PRAC_PAT_LIST,01/04/2026,C83043,MARKET RASEN SURGERY,E01013224,ALL,3
GP_PRAC_PAT_LIST,01/04/2026,C83043,MARKET RASEN SURGERY,E01013229,ALL,1
GP_PRAC_PAT_LIST,01/04/2026,C83043,MARKET RASEN SURGERY,E01013231,ALL,2
GP_PRAC_PAT_LIST,01/04/2026,C83043,MARKET RASEN SURGERY,E01013272,ALL,1
GP_PRAC_PAT_LIST,01/04/2026,C83043,MARKET RASEN SURGERY,E01013290,ALL,1
GP_PRAC_PAT_LIST,01/04/2026,C83043,MARKET RASEN SURGERY,E01013307,ALL,1
GP_PRAC_PAT_LIST,01/04/2026,C83043,MARKET RASEN SURGERY,E01013314,ALL,1
GP_PRAC_PAT_LIST,01/04/2026,C83043,MARKET RASEN SURGERY,E01013967,ALL,1
GP_PRAC_PAT_LIST,01/04/2026,C83043,MARKET RASEN SURGERY,E01015661,ALL,1
GP_PRAC_PAT_LIST,01/04/2026,C83043,MARKET RASEN SURGERY,E01017502,ALL,1
GP_PRAC_PAT_LIST,01/04/2026,C83043,MARKET RASEN SURGERY,E01020112,ALL,1
GP_PRAC_PAT_LIST,01/04/2026,C83043,MARKET RASEN SURGERY,E01020288,ALL,1
GP_PRAC_PAT_LIST,01/04/2026,C83043,MARKET RASEN SURGERY,E01020862,ALL,1
GP_PRAC_PAT_LIST,01/04/2026,C83043,MARKET RASEN SURGERY,E01023414,ALL,1
GP_PRAC_PAT_LIST,01/04/2026,C83043,MARKET RASEN SURGERY,E01023711,ALL,1
GP_PRAC_PAT_LIST,01/04/2026,C83043,MARKET RASEN SURGERY,E01025569,ALL,1
GP_PRAC_PAT_LIST,01/04/2026,C83043,MARKET RASEN SURGERY,E01026007,ALL,1
GP_PRAC_PAT_LIST,01/04/2026,C83043,MARKET RASEN SURGERY,E01026045,ALL,11
GP_PRAC_PAT_LIST,01/04/2026,C83043,MARKET RASEN SURGERY,E01026058,ALL,3
GP_PRAC_PAT_LIST,01/04/2026,C83043,MARKET RASEN SURGERY,E01026060,ALL,1
GP_PRAC_PAT_LIST,01/04/2026,C83043,MARKET RASEN SURGERY,E01026068,ALL,2
GP_PRAC_PAT_LIST,01/04/2026,C83043,MARKET RASEN SURGERY,E01026071,ALL,277
GP_PRAC_PAT_LIST,01/04/2026,C83043,MARKET RASEN SURGERY,E01026074,ALL,1
GP_PRAC_PAT_LIST,01/04/2026,C83043,MARKET RASEN SURGERY,E01026077,ALL,1
GP_PRAC_PAT_LIST,01/04/2026,C83043,MARKET RASEN SURGERY,E01026078,ALL,1
GP_PRAC_PAT_LIST,01/04/2026,C83043,MARKET RASEN SURGERY,E01026080,ALL,1
GP_PRAC_PAT_LIST,01/04/2026,C83043,MARKET RASEN SURGERY,E01026089,ALL,2
GP_PRAC_PAT_LIST,01/04/2026,C83043,MARKET RASEN SURGERY,E01026100,ALL,1
GP_PRAC_PAT_LIST,01/04/2026,C83043,MARKET RASEN SURGERY,E01026118,ALL,1
GP_PRAC_PAT_LIST,01/04/2026,C83043,MARKET RASEN SURGERY,E01026121,ALL,118
GP_PRAC_PAT_LIST,01/04/2026,C83043,MARKET RASEN SURGERY,E01026124,ALL,1
GP_PRAC_PAT_LIST,01/04/2026,C83043,MARKET RASEN SURGERY,E01026148,ALL,1
GP_PRAC_PAT_LIST,01/04/2026,C83043,MARKET RASEN SURGERY,E01026154,ALL,1
GP_PRAC_PAT_LIST,01/04/2026,C83043,MARKET RASEN SURGERY,E01026158,ALL,2
GP_PRAC_PAT_LIST,01/04/2026,C83043,MARKET RASEN SURGERY,E01026175,ALL,1
GP_PRAC_PAT_LIST,01/04/2026,C83043,MARKET RASEN SURGERY,E01026177,ALL,1
GP_PRAC_PAT_LIST,01/04/2026,C83043,MARKET RASEN SURGERY,E01026178,ALL,1
GP_PRAC_PAT_LIST,01/04/2026,C83043,MARKET RASEN SURGERY,E01026185,ALL,1
GP_PRAC_PAT_LIST,01/04/2026,C83043,MARKET RASEN SURGERY,E01026191,ALL,1
GP_PRAC_PAT_LIST,01/04/2026,C83043,MARKET RASEN SURGERY,E01026193,ALL,1
GP_PRAC_PAT_LIST,01/04/2026,C83043,MARKET RASEN SURGERY,E01026201,ALL,1
GP_PRAC_PAT_LIST,01/04/2026,C83043,MARKET RASEN SURGERY,E01026235,ALL,1
GP_PRAC_PAT_LIST,01/04/2026,C83043,MARKET RASEN SURGERY,E01026319,ALL,1
GP_PRAC_PAT_LIST,01/04/2026,C83043,MARKET RASEN SURGERY,E01026321,ALL,1
GP_PRAC_PAT_LIST,01/04/2026,C83043,MARKET RASEN SURGERY,E01026366,ALL,8
GP_PRAC_PAT_LIST,01/04/2026,C83043,MARKET RASEN SURGERY,E01026367,ALL,14
GP_PRAC_PAT_LIST,01/04/2026,C83043,MARKET RASEN SURGERY,E01026368,ALL,39
GP_PRAC_PAT_LIST,01/04/2026,C83043,MARKET RASEN SURGERY,E01026372,ALL,165
GP_PRAC_PAT_LIST,01/04/2026,C83043,MARKET RASEN SURGERY,E01026373,ALL,39
GP_PRAC_PAT_LIST,01/04/2026,C83043,MARKET RASEN SURGERY,E01026375,ALL,1
GP_PRAC_PAT_LIST,01/04/2026,C83043,MARKET RASEN SURGERY,E01026376,ALL,1
GP_PRAC_PAT_LIST,01/04/2026,C83043,MARKET RASEN SURGERY,E01026377,ALL,2
GP_PRAC_PAT_LIST,01/04/2026,C83043,MARKET RASEN SURGERY,E01026381,ALL,1
GP_PRAC_PAT_LIST,01/04/2026,C83043,MARKET RASEN SURGERY,E01026384,ALL,1
GP_PRAC_PAT_LIST,01/04/2026,C83043,MARKET RASEN SURGERY,E01026385,ALL,2
GP_PRAC_PAT_LIST,01/04/2026,C83043,MARKET RASEN SURGERY,E01026386,ALL,2
GP_PRAC_PAT_LIST,01/04/2026,C83043,MARKET RASEN SURGERY,E01026387,ALL,61
GP_PRAC_PAT_LIST,01/04/2026,C83043,MARKET RASEN SURGERY,E01026389,ALL,1801
GP_PRAC_PAT_LIST,01/04/2026,C83043,MARKET RASEN SURGERY,E01026390,ALL,1772
GP_PRAC_PAT_LIST,01/04/2026,C83043,MARKET RASEN SURGERY,E01026391,ALL,1929
GP_PRAC_PAT_LIST,01/04/2026,C83043,MARKET RASEN SURGERY,E01026392,ALL,2972
GP_PRAC_PAT_LIST,01/04/2026,C83043,MARKET RASEN SURGERY,E01026394,ALL,3
GP_PRAC_PAT_LIST,01/04/2026,C83043,MARKET RASEN SURGERY,E01026411,ALL,327
GP_PRAC_PAT_LIST,01/04/2026,C83043,MARKET RASEN SURGERY,E01026412,ALL,7
GP_PRAC_PAT_LIST,01/04/2026,C83043,MARKET RASEN SURGERY,E01026414,ALL,553
GP_PRAC_PAT_LIST,01/04/2026,C83043,MARKET RASEN SURGERY,E01026415,ALL,50
GP_PRAC_PAT_LIST,01/04/2026,C83043,MARKET RASEN SURGERY,E01026416,ALL,368
GP_PRAC_PAT_LIST,01/04/2026,C83043,MARKET RASEN SURGERY,E01026875,ALL,1
GP_PRAC_PAT_LIST,01/04/2026,C83043,MARKET RASEN SURGERY,E01027777,ALL,1
GP_PRAC_PAT_LIST,01/04/2026,C83043,MARKET RASEN SURGERY,E01028012,ALL,1
GP_PRAC_PAT_LIST,01/04/2026,C83043,MARKET RASEN SURGERY,E01031168,ALL,1
GP_PRAC_PAT_LIST,01/04/2026,C83043,MARKET RASEN SURGERY,E01032396,ALL,1
GP_PRAC_PAT_LIST,01/04/2026,C83043,MARKET RASEN SURGERY,E01032986,ALL,1
GP_PRAC_PAT_LIST,01/04/2026,C83043,MARKET RASEN SURGERY,E01033197,ALL,1
GP_PRAC_PAT_LIST,01/04/2026,C83043,MARKET RASEN SURGERY,E01034279,ALL,1
GP_PRAC_PAT_LIST,01/04/2026,C83043,MARKET RASEN SURGERY,E01034692,ALL,1
GP_PRAC_PAT_LIST,01/04/2026,C83043,MARKET RASEN SURGERY,E01035478,ALL,1
GP_PRAC_PAT_LIST,01/04/2026,C83043,MARKET RASEN SURGERY,EMPTY,ALL,3
GP_PRAC_PAT_LIST,01/04/2026,C83043,MARKET RASEN SURGERY,S01014104,ALL,1
GP_PRAC_PAT_LIST,01/04/2026,C83044,CASKGATE STREET SURGERY,CLOSED,ALL,6
GP_PRAC_PAT_LIST,01/04/2026,C83044,CASKGATE STREET SURGERY,E01007466,ALL,1
GP_PRAC_PAT_LIST,01/04/2026,C83044,CASKGATE STREET SURGERY,E01011936,ALL,1
GP_PRAC_PAT_LIST,01/04/2026,C83044,CASKGATE STREET SURGERY,E01013138,ALL,1
GP_PRAC_PAT_LIST,01/04/2026,C83044,CASKGATE STREET SURGERY,E01013262,ALL,1
GP_PRAC_PAT_LIST,01/04/2026,C83044,CASKGATE STREET SURGERY,E01013313,ALL,1
GP_PRAC_PAT_LIST,01/04/2026,C83044,CASKGATE STREET SURGERY,E01013316,ALL,1
GP_PRAC_PAT_LIST,01/04/2026,C83044,CASKGATE STREET SURGERY,E01013830,ALL,1
GP_PRAC_PAT_LIST,01/04/2026,C83044,CASKGATE STREET SURGERY,E01013904,ALL,1
GP_PRAC_PAT_LIST,01/04/2026,C83044,CASKGATE STREET SURGERY,E01015661,ALL,1
GP_PRAC_PAT_LIST,01/04/2026,C83044,CASKGATE STREET SURGERY,E01018077,ALL,1
GP_PRAC_PAT_LIST,01/04/2026,C83044,CASKGATE STREET SURGERY,E01019557,ALL,1
GP_PRAC_PAT_LIST,01/04/2026,C83044,CASKGATE STREET SURGERY,E01025656,ALL,1
GP_PRAC_PAT_LIST,01/04/2026,C83044,CASKGATE STREET SURGERY,E01026031,ALL,1
GP_PRAC_PAT_LIST,01/04/2026,C83044,CASKGATE STREET SURGERY,E01026063,ALL,2
GP_PRAC_PAT_LIST,01/04/2026,C83044,CASKGATE STREET SURGERY,E01026124,ALL,1
GP_PRAC_PAT_LIST,01/04/2026,C83044,CASKGATE STREET SURGERY,E01026132,ALL,6
GP_PRAC_PAT_LIST,01/04/2026,C83044,CASKGATE STREET SURGERY,E01026147,ALL,1
GP_PRAC_PAT_LIST,01/04/2026,C83044,CASKGATE STREET SURGERY,E01026177,ALL,1
GP_PRAC_PAT_LIST,01/04/2026,C83044,CASKGATE STREET SURGERY,E01026276,ALL,1
GP_PRAC_PAT_LIST,01/04/2026,C83044,CASKGATE STREET SURGERY,E01026365,ALL,1
GP_PRAC_PAT_LIST,01/04/2026,C83044,CASKGATE STREET SURGERY,E01026366,ALL,1
GP_PRAC_PAT_LIST,01/04/2026,C83044,CASKGATE STREET SURGERY,E01026370,ALL,1
GP_PRAC_PAT_LIST,01/04/2026,C83044,CASKGATE STREET SURGERY,E01026374,ALL,900
GP_PRAC_PAT_LIST,01/04/2026,C83044,CASKGATE STREET SURGERY,E01026375,ALL,1151
GP_PRAC_PAT_LIST,01/04/2026,C83044,CASKGATE STREET SURGERY,E01026376,ALL,841
GP_PRAC_PAT_LIST,01/04/2026,C83044,CASKGATE STREET SURGERY,E01026377,ALL,1039
GP_PRAC_PAT_LIST,01/04/2026,C83044,CASKGATE STREET SURGERY,E01026378,ALL,878
GP_PRAC_PAT_LIST,01/04/2026,C83044,CASKGATE STREET SURGERY,E01026379,ALL,934
GP_PRAC_PAT_LIST,01/04/2026,C83044,CASKGATE STREET SURGERY,E01026380,ALL,1260
GP_PRAC_PAT_LIST,01/04/2026,C83044,CASKGATE STREET SURGERY,E01026381,ALL,666
GP_PRAC_PAT_LIST,01/04/2026,C83044,CASKGATE STREET SURGERY,E01026382,ALL,1390
GP_PRAC_PAT_LIST,01/04/2026,C83044,CASKGATE STREET SURGERY,E01026383,ALL,1076
GP_PRAC_PAT_LIST,01/04/2026,C83044,CASKGATE STREET SURGERY,E01026384,ALL,1362
GP_PRAC_PAT_LIST,01/04/2026,C83044,CASKGATE STREET SURGERY,E01026385,ALL,20
GP_PRAC_PAT_LIST,01/04/2026,C83044,CASKGATE STREET SURGERY,E01026386,ALL,2
GP_PRAC_PAT_LIST,01/04/2026,C83044,CASKGATE STREET SURGERY,E01026387,ALL,1
GP_PRAC_PAT_LIST,01/04/2026,C83044,CASKGATE STREET SURGERY,E01026388,ALL,251
GP_PRAC_PAT_LIST,01/04/2026,C83044,CASKGATE STREET SURGERY,E01026401,ALL,1
GP_PRAC_PAT_LIST,01/04/2026,C83044,CASKGATE STREET SURGERY,E01026402,ALL,2
GP_PRAC_PAT_LIST,01/04/2026,C83044,CASKGATE STREET SURGERY,E01026403,ALL,33
GP_PRAC_PAT_LIST,01/04/2026,C83044,CASKGATE STREET SURGERY,E01026407,ALL,98
GP_PRAC_PAT_LIST,01/04/2026,C83044,CASKGATE STREET SURGERY,E01026408,ALL,503
GP_PRAC_PAT_LIST,01/04/2026,C83044,CASKGATE STREET SURGERY,E01026410,ALL,12
GP_PRAC_PAT_LIST,01/04/2026,C83044,CASKGATE STREET SURGERY,E01026411,ALL,1
GP_PRAC_PAT_LIST,01/04/2026,C83044,CASKGATE STREET SURGERY,E01026414,ALL,2
GP_PRAC_PAT_LIST,01/04/2026,C83044,CASKGATE STREET SURGERY,E01027999,ALL,68
GP_PRAC_PAT_LIST,01/04/2026,C83044,CASKGATE STREET SURGERY,E01028015,ALL,1
GP_PRAC_PAT_LIST,01/04/2026,C83044,CASKGATE STREET SURGERY,E01028032,ALL,1
GP_PRAC_PAT_LIST,01/04/2026,C83044,CASKGATE STREET SURGERY,E01028033,ALL,1
GP_PRAC_PAT_LIST,01/04/2026,C83044,CASKGATE STREET SURGERY,E01028035,ALL,4
GP_PRAC_PAT_LIST,01/04/2026,C83044,CASKGATE STREET SURGERY,E01028036,ALL,1
GP_PRAC_PAT_LIST,01/04/2026,C83044,CASKGATE STREET SURGERY,E01030172,ALL,1
GP_PRAC_PAT_LIST,01/04/2026,C83044,CASKGATE STREET SURGERY,E01030299,ALL,1
GP_PRAC_PAT_LIST,01/04/2026,C83044,CASKGATE STREET SURGERY,E01033536,ALL,1
GP_PRAC_PAT_LIST,01/04/2026,C83044,CASKGATE STREET SURGERY,E01035481,ALL,1
GP_PRAC_PAT_LIST,01/04/2026,C83044,CASKGATE STREET SURGERY,EMPTY,ALL,6
GP_PRAC_PAT_LIST,01/04/2026,C83045,HAWTHORN MEDICAL PRACTICE,E01002017,ALL,1
GP_PRAC_PAT_LIST,01/04/2026,C83045,HAWTHORN MEDICAL PRACTICE,E01002410,ALL,1
GP_PRAC_PAT_LIST,01/04/2026,C83045,HAWTHORN MEDICAL PRACTICE,E01002772,ALL,1
GP_PRAC_PAT_LIST,01/04/2026,C83045,HAWTHORN MEDICAL PRACTICE,E01005263,ALL,1
GP_PRAC_PAT_LIST,01/04/2026,C83045,HAWTHORN MEDICAL PRACTICE,E01009581,ALL,1
GP_PRAC_PAT_LIST,01/04/2026,C83045,HAWTHORN MEDICAL PRACTICE,E01009697,ALL,1
GP_PRAC_PAT_LIST,01/04/2026,C83045,HAWTHORN MEDICAL PRACTICE,E01010184,ALL,1
GP_PRAC_PAT_LIST,01/04/2026,C83045,HAWTHORN MEDICAL PRACTICE,E01011153,ALL,1
GP_PRAC_PAT_LIST,01/04/2026,C83045,HAWTHORN MEDICAL PRACTICE,E01012934,ALL,1
GP_PRAC_PAT_LIST,01/04/2026,C83045,HAWTHORN MEDICAL PRACTICE,E01013460,ALL,1
GP_PRAC_PAT_LIST,01/04/2026,C83045,HAWTHORN MEDICAL PRACTICE,E01013531,ALL,1
GP_PRAC_PAT_LIST,01/04/2026,C83045,HAWTHORN MEDICAL PRACTICE,E01013624,ALL,1
GP_PRAC_PAT_LIST,01/04/2026,C83045,HAWTHORN MEDICAL PRACTICE,E01013682,ALL,1
GP_PRAC_PAT_LIST,01/04/2026,C83045,HAWTHORN MEDICAL PRACTICE,E01013814,ALL,1
GP_PRAC_PAT_LIST,01/04/2026,C83045,HAWTHORN MEDICAL PRACTICE,E01013962,ALL,1
GP_PRAC_PAT_LIST,01/04/2026,C83045,HAWTHORN MEDICAL PRACTICE,E01015044,ALL,1
GP_PRAC_PAT_LIST,01/04/2026,C83045,HAWTHORN MEDICAL PRACTICE,E01015612,ALL,1
GP_PRAC_PAT_LIST,01/04/2026,C83045,HAWTHORN MEDICAL PRACTICE,E01015661,ALL,1
GP_PRAC_PAT_LIST,01/04/2026,C83045,HAWTHORN MEDICAL PRACTICE,E01015688,ALL,1
GP_PRAC_PAT_LIST,01/04/2026,C83045,HAWTHORN MEDICAL PRACTICE,E01016039,ALL,1
GP_PRAC_PAT_LIST,01/04/2026,C83045,HAWTHORN MEDICAL PRACTICE,E01016838,ALL,1
GP_PRAC_PAT_LIST,01/04/2026,C83045,HAWTHORN MEDICAL PRACTICE,E01018060,ALL,1
GP_PRAC_PAT_LIST,01/04/2026,C83045,HAWTHORN MEDICAL PRACTICE,E01019416,ALL,1
GP_PRAC_PAT_LIST,01/04/2026,C83045,HAWTHORN MEDICAL PRACTICE,E01019612,ALL,1
GP_PRAC_PAT_LIST,01/04/2026,C83045,HAWTHORN MEDICAL PRACTICE,E01019661,ALL,1
GP_PRAC_PAT_LIST,01/04/2026,C83045,HAWTHORN MEDICAL PRACTICE,E01019818,ALL,1
GP_PRAC_PAT_LIST,01/04/2026,C83045,HAWTHORN MEDICAL PRACTICE,E01022351,ALL,1
GP_PRAC_PAT_LIST,01/04/2026,C83045,HAWTHORN MEDICAL PRACTICE,E01023688,ALL,1
GP_PRAC_PAT_LIST,01/04/2026,C83045,HAWTHORN MEDICAL PRACTICE,E01024895,ALL,1
GP_PRAC_PAT_LIST,01/04/2026,C83045,HAWTHORN MEDICAL PRACTICE,E01026013,ALL,1
GP_PRAC_PAT_LIST,01/04/2026,C83045,HAWTHORN MEDICAL PRACTICE,E01026023,ALL,4
GP_PRAC_PAT_LIST,01/04/2026,C83045,HAWTHORN MEDICAL PRACTICE,E01026024,ALL,2
GP_PRAC_PAT_LIST,01/04/2026,C83045,HAWTHORN MEDICAL PRACTICE,E01026033,ALL,1
GP_PRAC_PAT_LIST,01/04/2026,C83045,HAWTHORN MEDICAL PRACTICE,E01026043,ALL,1
GP_PRAC_PAT_LIST,01/04/2026,C83045,HAWTHORN MEDICAL PRACTICE,E01026046,ALL,1116
GP_PRAC_PAT_LIST,01/04/2026,C83045,HAWTHORN MEDICAL PRACTICE,E01026047,ALL,956
GP_PRAC_PAT_LIST,01/04/2026,C83045,HAWTHORN MEDICAL PRACTICE,E01026048,ALL,5
GP_PRAC_PAT_LIST,01/04/2026,C83045,HAWTHORN MEDICAL PRACTICE,E01026049,ALL,6
GP_PRAC_PAT_LIST,01/04/2026,C83045,HAWTHORN MEDICAL PRACTICE,E01026050,ALL,2
GP_PRAC_PAT_LIST,01/04/2026,C83045,HAWTHORN MEDICAL PRACTICE,E01026055,ALL,204
GP_PRAC_PAT_LIST,01/04/2026,C83045,HAWTHORN MEDICAL PRACTICE,E01026056,ALL,903
GP_PRAC_PAT_LIST,01/04/2026,C83045,HAWTHORN MEDICAL PRACTICE,E01026059,ALL,2
GP_PRAC_PAT_LIST,01/04/2026,C83045,HAWTHORN MEDICAL PRACTICE,E01026066,ALL,1
GP_PRAC_PAT_LIST,01/04/2026,C83045,HAWTHORN MEDICAL PRACTICE,E01026068,ALL,6
GP_PRAC_PAT_LIST,01/04/2026,C83045,HAWTHORN MEDICAL PRACTICE,E01026069,ALL,42
GP_PRAC_PAT_LIST,01/04/2026,C83045,HAWTHORN MEDICAL PRACTICE,E01026072,ALL,1
GP_PRAC_PAT_LIST,01/04/2026,C83045,HAWTHORN MEDICAL PRACTICE,E01026073,ALL,1
GP_PRAC_PAT_LIST,01/04/2026,C83045,HAWTHORN MEDICAL PRACTICE,E01026078,ALL,1
GP_PRAC_PAT_LIST,01/04/2026,C83045,HAWTHORN MEDICAL PRACTICE,E01026079,ALL,1
GP_PRAC_PAT_LIST,01/04/2026,C83045,HAWTHORN MEDICAL PRACTICE,E01026081,ALL,1
GP_PRAC_PAT_LIST,01/04/2026,C83045,HAWTHORN MEDICAL PRACTICE,E01026083,ALL,801
GP_PRAC_PAT_LIST,01/04/2026,C83045,HAWTHORN MEDICAL PRACTICE,E01026084,ALL,658
GP_PRAC_PAT_LIST,01/04/2026,C83045,HAWTHORN MEDICAL PRACTICE,E01026087,ALL,2
GP_PRAC_PAT_LIST,01/04/2026,C83045,HAWTHORN MEDICAL PRACTICE,E01026092,ALL,868
GP_PRAC_PAT_LIST,01/04/2026,C83045,HAWTHORN MEDICAL PRACTICE,E01026093,ALL,1047
GP_PRAC_PAT_LIST,01/04/2026,C83045,HAWTHORN MEDICAL PRACTICE,E01026094,ALL,1419
GP_PRAC_PAT_LIST,01/04/2026,C83045,HAWTHORN MEDICAL PRACTICE,E01026095,ALL,772
GP_PRAC_PAT_LIST,01/04/2026,C83045,HAWTHORN MEDICAL PRACTICE,E01026096,ALL,901
GP_PRAC_PAT_LIST,01/04/2026,C83045,HAWTHORN MEDICAL PRACTICE,E01026097,ALL,837
GP_PRAC_PAT_LIST,01/04/2026,C83045,HAWTHORN MEDICAL PRACTICE,E01026098,ALL,1
GP_PRAC_PAT_LIST,01/04/2026,C83045,HAWTHORN MEDICAL PRACTICE,E01026100,ALL,2
GP_PRAC_PAT_LIST,01/04/2026,C83045,HAWTHORN MEDICAL PRACTICE,E01026101,ALL,4
GP_PRAC_PAT_LIST,01/04/2026,C83045,HAWTHORN MEDICAL PRACTICE,E01026106,ALL,1
GP_PRAC_PAT_LIST,01/04/2026,C83045,HAWTHORN MEDICAL PRACTICE,E01026110,ALL,1125
GP_PRAC_PAT_LIST,01/04/2026,C83045,HAWTHORN MEDICAL PRACTICE,E01026111,ALL,516
GP_PRAC_PAT_LIST,01/04/2026,C83045,HAWTHORN MEDICAL PRACTICE,E01026112,ALL,933
GP_PRAC_PAT_LIST,01/04/2026,C83045,HAWTHORN MEDICAL PRACTICE,E01026113,ALL,321
GP_PRAC_PAT_LIST,01/04/2026,C83045,HAWTHORN MEDICAL PRACTICE,E01026114,ALL,766
GP_PRAC_PAT_LIST,01/04/2026,C83045,HAWTHORN MEDICAL PRACTICE,E01026115,ALL,588
GP_PRAC_PAT_LIST,01/04/2026,C83045,HAWTHORN MEDICAL PRACTICE,E01026116,ALL,711
GP_PRAC_PAT_LIST,01/04/2026,C83045,HAWTHORN MEDICAL PRACTICE,E01026117,ALL,1
GP_PRAC_PAT_LIST,01/04/2026,C83045,HAWTHORN MEDICAL PRACTICE,E01026124,ALL,1
GP_PRAC_PAT_LIST,01/04/2026,C83045,HAWTHORN MEDICAL PRACTICE,E01026125,ALL,3
GP_PRAC_PAT_LIST,01/04/2026,C83045,HAWTHORN MEDICAL PRACTICE,E01026146,ALL,1
GP_PRAC_PAT_LIST,01/04/2026,C83045,HAWTHORN MEDICAL PRACTICE,E01026275,ALL,1
GP_PRAC_PAT_LIST,01/04/2026,C83045,HAWTHORN MEDICAL PRACTICE,E01026317,ALL,1
GP_PRAC_PAT_LIST,01/04/2026,C83045,HAWTHORN MEDICAL PRACTICE,E01026416,ALL,1
GP_PRAC_PAT_LIST,01/04/2026,C83045,HAWTHORN MEDICAL PRACTICE,E01026716,ALL,1
GP_PRAC_PAT_LIST,01/04/2026,C83045,HAWTHORN MEDICAL PRACTICE,E01027012,ALL,1
GP_PRAC_PAT_LIST,01/04/2026,C83045,HAWTHORN MEDICAL PRACTICE,E01027035,ALL,1
GP_PRAC_PAT_LIST,01/04/2026,C83045,HAWTHORN MEDICAL PRACTICE,E01027956,ALL,1
GP_PRAC_PAT_LIST,01/04/2026,C83045,HAWTHORN MEDICAL PRACTICE,E01029447,ALL,1
GP_PRAC_PAT_LIST,01/04/2026,C83045,HAWTHORN MEDICAL PRACTICE,E01029756,ALL,1
GP_PRAC_PAT_LIST,01/04/2026,C83045,HAWTHORN MEDICAL PRACTICE,E01030076,ALL,1
GP_PRAC_PAT_LIST,01/04/2026,C83045,HAWTHORN MEDICAL PRACTICE,E01031010,ALL,1
GP_PRAC_PAT_LIST,01/04/2026,C83045,HAWTHORN MEDICAL PRACTICE,E01032063,ALL,1
GP_PRAC_PAT_LIST,01/04/2026,C83045,HAWTHORN MEDICAL PRACTICE,E01032986,ALL,1
GP_PRAC_PAT_LIST,01/04/2026,C83045,HAWTHORN MEDICAL PRACTICE,E01033394,ALL,1
GP_PRAC_PAT_LIST,01/04/2026,C83045,HAWTHORN MEDICAL PRACTICE,E01034447,ALL,1
GP_PRAC_PAT_LIST,01/04/2026,C83045,HAWTHORN MEDICAL PRACTICE,E01034590,ALL,1
GP_PRAC_PAT_LIST,01/04/2026,C83045,HAWTHORN MEDICAL PRACTICE,E01034682,ALL,1
GP_PRAC_PAT_LIST,01/04/2026,C83045,HAWTHORN MEDICAL PRACTICE,E01034685,ALL,426
GP_PRAC_PAT_LIST,01/04/2026,C83045,HAWTHORN MEDICAL PRACTICE,E01034686,ALL,643
GP_PRAC_PAT_LIST,01/04/2026,C83045,HAWTHORN MEDICAL PRACTICE,E01035400,ALL,1
GP_PRAC_PAT_LIST,01/04/2026,C83045,HAWTHORN MEDICAL PRACTICE,E01035403,ALL,1
GP_PRAC_PAT_LIST,01/04/2026,C83045,HAWTHORN MEDICAL PRACTICE,E01035533,ALL,1
GP_PRAC_PAT_LIST,01/04/2026,C83045,HAWTHORN MEDICAL PRACTICE,EMPTY,ALL,8
GP_PRAC_PAT_LIST,01/04/2026,C83045,HAWTHORN MEDICAL PRACTICE,S01016174,ALL,1
GP_PRAC_PAT_LIST,01/04/2026,C83046,THE HEATH SURGERY,CLOSED,ALL,1
GP_PRAC_PAT_LIST,01/04/2026,C83046,THE HEATH SURGERY,E01013734,ALL,1
GP_PRAC_PAT_LIST,01/04/2026,C83046,THE HEATH SURGERY,E01024471,ALL,1
GP_PRAC_PAT_LIST,01/04/2026,C83046,THE HEATH SURGERY,E01026108,ALL,1
GP_PRAC_PAT_LIST,01/04/2026,C83046,THE HEATH SURGERY,E01026122,ALL,1
GP_PRAC_PAT_LIST,01/04/2026,C83046,THE HEATH SURGERY,E01026130,ALL,6
GP_PRAC_PAT_LIST,01/04/2026,C83046,THE HEATH SURGERY,E01026132,ALL,14
GP_PRAC_PAT_LIST,01/04/2026,C83046,THE HEATH SURGERY,E01026134,ALL,238
GP_PRAC_PAT_LIST,01/04/2026,C83046,THE HEATH SURGERY,E01026135,ALL,30
GP_PRAC_PAT_LIST,01/04/2026,C83046,THE HEATH SURGERY,E01026136,ALL,7
GP_PRAC_PAT_LIST,01/04/2026,C83046,THE HEATH SURGERY,E01026137,ALL,18
GP_PRAC_PAT_LIST,01/04/2026,C83046,THE HEATH SURGERY,E01026138,ALL,15
GP_PRAC_PAT_LIST,01/04/2026,C83046,THE HEATH SURGERY,E01026139,ALL,12
GP_PRAC_PAT_LIST,01/04/2026,C83046,THE HEATH SURGERY,E01026140,ALL,8
GP_PRAC_PAT_LIST,01/04/2026,C83046,THE HEATH SURGERY,E01026141,ALL,6
GP_PRAC_PAT_LIST,01/04/2026,C83046,THE HEATH SURGERY,E01026142,ALL,24
GP_PRAC_PAT_LIST,01/04/2026,C83046,THE HEATH SURGERY,E01026144,ALL,2
GP_PRAC_PAT_LIST,01/04/2026,C83046,THE HEATH SURGERY,E01026146,ALL,1
GP_PRAC_PAT_LIST,01/04/2026,C83046,THE HEATH SURGERY,E01026148,ALL,1
GP_PRAC_PAT_LIST,01/04/2026,C83046,THE HEATH SURGERY,E01026152,ALL,2
GP_PRAC_PAT_LIST,01/04/2026,C83046,THE HEATH SURGERY,E01026153,ALL,5
GP_PRAC_PAT_LIST,01/04/2026,C83046,THE HEATH SURGERY,E01026154,ALL,1
GP_PRAC_PAT_LIST,01/04/2026,C83046,THE HEATH SURGERY,E01026155,ALL,1
GP_PRAC_PAT_LIST,01/04/2026,C83046,THE HEATH SURGERY,E01026162,ALL,3
GP_PRAC_PAT_LIST,01/04/2026,C83046,THE HEATH SURGERY,E01026169,ALL,14
GP_PRAC_PAT_LIST,01/04/2026,C83046,THE HEATH SURGERY,E01026170,ALL,11
GP_PRAC_PAT_LIST,01/04/2026,C83046,THE HEATH SURGERY,E01026171,ALL,4
GP_PRAC_PAT_LIST,01/04/2026,C83046,THE HEATH SURGERY,E01026172,ALL,4
GP_PRAC_PAT_LIST,01/04/2026,C83046,THE HEATH SURGERY,E01026173,ALL,5
GP_PRAC_PAT_LIST,01/04/2026,C83046,THE HEATH SURGERY,E01026174,ALL,243
GP_PRAC_PAT_LIST,01/04/2026,C83046,THE HEATH SURGERY,E01026175,ALL,138
GP_PRAC_PAT_LIST,01/04/2026,C83046,THE HEATH SURGERY,E01026176,ALL,7
GP_PRAC_PAT_LIST,01/04/2026,C83046,THE HEATH SURGERY,E01026177,ALL,15
GP_PRAC_PAT_LIST,01/04/2026,C83046,THE HEATH SURGERY,E01026178,ALL,110
GP_PRAC_PAT_LIST,01/04/2026,C83046,THE HEATH SURGERY,E01026184,ALL,24
GP_PRAC_PAT_LIST,01/04/2026,C83046,THE HEATH SURGERY,E01026185,ALL,29
GP_PRAC_PAT_LIST,01/04/2026,C83046,THE HEATH SURGERY,E01026186,ALL,1381
GP_PRAC_PAT_LIST,01/04/2026,C83046,THE HEATH SURGERY,E01026187,ALL,1408
GP_PRAC_PAT_LIST,01/04/2026,C83046,THE HEATH SURGERY,E01026188,ALL,1771
GP_PRAC_PAT_LIST,01/04/2026,C83046,THE HEATH SURGERY,E01026189,ALL,4
GP_PRAC_PAT_LIST,01/04/2026,C83046,THE HEATH SURGERY,E01026190,ALL,19
GP_PRAC_PAT_LIST,01/04/2026,C83046,THE HEATH SURGERY,E01026191,ALL,6
GP_PRAC_PAT_LIST,01/04/2026,C83046,THE HEATH SURGERY,E01026194,ALL,1
GP_PRAC_PAT_LIST,01/04/2026,C83046,THE HEATH SURGERY,E01026195,ALL,13
GP_PRAC_PAT_LIST,01/04/2026,C83046,THE HEATH SURGERY,E01026199,ALL,2
GP_PRAC_PAT_LIST,01/04/2026,C83046,THE HEATH SURGERY,E01026203,ALL,310
GP_PRAC_PAT_LIST,01/04/2026,C83046,THE HEATH SURGERY,E01026204,ALL,1
GP_PRAC_PAT_LIST,01/04/2026,C83046,THE HEATH SURGERY,E01026205,ALL,6
GP_PRAC_PAT_LIST,01/04/2026,C83046,THE HEATH SURGERY,E01026211,ALL,3
GP_PRAC_PAT_LIST,01/04/2026,C83046,THE HEATH SURGERY,E01026214,ALL,3
GP_PRAC_PAT_LIST,01/04/2026,C83046,THE HEATH SURGERY,E01026215,ALL,2
GP_PRAC_PAT_LIST,01/04/2026,C83046,THE HEATH SURGERY,E01026218,ALL,6
GP_PRAC_PAT_LIST,01/04/2026,C83046,THE HEATH SURGERY,E01026219,ALL,4
GP_PRAC_PAT_LIST,01/04/2026,C83046,THE HEATH SURGERY,E01026220,ALL,9
GP_PRAC_PAT_LIST,01/04/2026,C83046,THE HEATH SURGERY,E01026237,ALL,25
GP_PRAC_PAT_LIST,01/04/2026,C83046,THE HEATH SURGERY,E01026238,ALL,23
GP_PRAC_PAT_LIST,01/04/2026,C83046,THE HEATH SURGERY,E01026367,ALL,2
GP_PRAC_PAT_LIST,01/04/2026,C83046,THE HEATH SURGERY,E01026394,ALL,1
GP_PRAC_PAT_LIST,01/04/2026,C83046,THE HEATH SURGERY,E01026400,ALL,2
GP_PRAC_PAT_LIST,01/04/2026,C83046,THE HEATH SURGERY,E01026404,ALL,1
GP_PRAC_PAT_LIST,01/04/2026,C83046,THE HEATH SURGERY,E01026405,ALL,3
GP_PRAC_PAT_LIST,01/04/2026,C83046,THE HEATH SURGERY,E01028293,ALL,1
GP_PRAC_PAT_LIST,01/04/2026,C83046,THE HEATH SURGERY,E01032988,ALL,3
GP_PRAC_PAT_LIST,01/04/2026,C83046,THE HEATH SURGERY,E01032989,ALL,5
GP_PRAC_PAT_LIST,01/04/2026,C83046,THE HEATH SURGERY,E01032991,ALL,14
GP_PRAC_PAT_LIST,01/04/2026,C83046,THE HEATH SURGERY,E01032992,ALL,3
GP_PRAC_PAT_LIST,01/04/2026,C83046,THE HEATH SURGERY,E01032993,ALL,12
GP_PRAC_PAT_LIST,01/04/2026,C83046,THE HEATH SURGERY,E01034687,ALL,1
GP_PRAC_PAT_LIST,01/04/2026,C83046,THE HEATH SURGERY,E01034691,ALL,2
GP_PRAC_PAT_LIST,01/04/2026,C83046,THE HEATH SURGERY,E01034692,ALL,62
GP_PRAC_PAT_LIST,01/04/2026,C83046,THE HEATH SURGERY,EMPTY,ALL,2
GP_PRAC_PAT_LIST,01/04/2026,C83048,ST. JOHNS MEDICAL CENTRE,CLOSED,ALL,2
GP_PRAC_PAT_LIST,01/04/2026,C83048,ST. JOHNS MEDICAL CENTRE,E01003326,ALL,1
GP_PRAC_PAT_LIST,01/04/2026,C83048,ST. JOHNS MEDICAL CENTRE,E01007579,ALL,1
GP_PRAC_PAT_LIST,01/04/2026,C83048,ST. JOHNS MEDICAL CENTRE,E01008095,ALL,1
GP_PRAC_PAT_LIST,01/04/2026,C83048,ST. JOHNS MEDICAL CENTRE,E01012523,ALL,1
GP_PRAC_PAT_LIST,01/04/2026,C83048,ST. JOHNS MEDICAL CENTRE,E01013068,ALL,1
GP_PRAC_PAT_LIST,01/04/2026,C83048,ST. JOHNS MEDICAL CENTRE,E01013180,ALL,1
GP_PRAC_PAT_LIST,01/04/2026,C83048,ST. JOHNS MEDICAL CENTRE,E01013368,ALL,1
GP_PRAC_PAT_LIST,01/04/2026,C83048,ST. JOHNS MEDICAL CENTRE,E01013943,ALL,1
GP_PRAC_PAT_LIST,01/04/2026,C83048,ST. JOHNS MEDICAL CENTRE,E01017915,ALL,1
GP_PRAC_PAT_LIST,01/04/2026,C83048,ST. JOHNS MEDICAL CENTRE,E01025185,ALL,1
GP_PRAC_PAT_LIST,01/04/2026,C83048,ST. JOHNS MEDICAL CENTRE,E01025644,ALL,1
GP_PRAC_PAT_LIST,01/04/2026,C83048,ST. JOHNS MEDICAL CENTRE,E01025885,ALL,3
GP_PRAC_PAT_LIST,01/04/2026,C83048,ST. JOHNS MEDICAL CENTRE,E01025887,ALL,2
GP_PRAC_PAT_LIST,01/04/2026,C83048,ST. JOHNS MEDICAL CENTRE,E01025901,ALL,1
GP_PRAC_PAT_LIST,01/04/2026,C83048,ST. JOHNS MEDICAL CENTRE,E01025912,ALL,1
GP_PRAC_PAT_LIST,01/04/2026,C83048,ST. JOHNS MEDICAL CENTRE,E01026125,ALL,4
GP_PRAC_PAT_LIST,01/04/2026,C83048,ST. JOHNS MEDICAL CENTRE,E01026126,ALL,1
GP_PRAC_PAT_LIST,01/04/2026,C83048,ST. JOHNS MEDICAL CENTRE,E01026188,ALL,1
GP_PRAC_PAT_LIST,01/04/2026,C83048,ST. JOHNS MEDICAL CENTRE,E01026230,ALL,1
GP_PRAC_PAT_LIST,01/04/2026,C83048,ST. JOHNS MEDICAL CENTRE,E01026291,ALL,450
GP_PRAC_PAT_LIST,01/04/2026,C83048,ST. JOHNS MEDICAL CENTRE,E01026292,ALL,224
GP_PRAC_PAT_LIST,01/04/2026,C83048,ST. JOHNS MEDICAL CENTRE,E01026293,ALL,407
GP_PRAC_PAT_LIST,01/04/2026,C83048,ST. JOHNS MEDICAL CENTRE,E01026294,ALL,256
GP_PRAC_PAT_LIST,01/04/2026,C83048,ST. JOHNS MEDICAL CENTRE,E01026305,ALL,1
GP_PRAC_PAT_LIST,01/04/2026,C83048,ST. JOHNS MEDICAL CENTRE,E01026308,ALL,456
GP_PRAC_PAT_LIST,01/04/2026,C83048,ST. JOHNS MEDICAL CENTRE,E01026309,ALL,364
GP_PRAC_PAT_LIST,01/04/2026,C83048,ST. JOHNS MEDICAL CENTRE,E01026310,ALL,217
GP_PRAC_PAT_LIST,01/04/2026,C83048,ST. JOHNS MEDICAL CENTRE,E01026311,ALL,489
GP_PRAC_PAT_LIST,01/04/2026,C83048,ST. JOHNS MEDICAL CENTRE,E01026312,ALL,348
GP_PRAC_PAT_LIST,01/04/2026,C83048,ST. JOHNS MEDICAL CENTRE,E01026313,ALL,109
GP_PRAC_PAT_LIST,01/04/2026,C83048,ST. JOHNS MEDICAL CENTRE,E01026315,ALL,113
GP_PRAC_PAT_LIST,01/04/2026,C83048,ST. JOHNS MEDICAL CENTRE,E01026316,ALL,10
GP_PRAC_PAT_LIST,01/04/2026,C83048,ST. JOHNS MEDICAL CENTRE,E01026317,ALL,985
GP_PRAC_PAT_LIST,01/04/2026,C83048,ST. JOHNS MEDICAL CENTRE,E01026318,ALL,974
GP_PRAC_PAT_LIST,01/04/2026,C83048,ST. JOHNS MEDICAL CENTRE,E01026319,ALL,786
GP_PRAC_PAT_LIST,01/04/2026,C83048,ST. JOHNS MEDICAL CENTRE,E01026321,ALL,269
GP_PRAC_PAT_LIST,01/04/2026,C83048,ST. JOHNS MEDICAL CENTRE,E01026322,ALL,376
GP_PRAC_PAT_LIST,01/04/2026,C83048,ST. JOHNS MEDICAL CENTRE,E01026323,ALL,465
GP_PRAC_PAT_LIST,01/04/2026,C83048,ST. JOHNS MEDICAL CENTRE,E01026324,ALL,451
GP_PRAC_PAT_LIST,01/04/2026,C83048,ST. JOHNS MEDICAL CENTRE,E01026325,ALL,360
GP_PRAC_PAT_LIST,01/04/2026,C83048,ST. JOHNS MEDICAL CENTRE,E01026326,ALL,299
GP_PRAC_PAT_LIST,01/04/2026,C83048,ST. JOHNS MEDICAL CENTRE,E01026327,ALL,306
GP_PRAC_PAT_LIST,01/04/2026,C83048,ST. JOHNS MEDICAL CENTRE,E01026328,ALL,331
GP_PRAC_PAT_LIST,01/04/2026,C83048,ST. JOHNS MEDICAL CENTRE,E01026331,ALL,18
GP_PRAC_PAT_LIST,01/04/2026,C83048,ST. JOHNS MEDICAL CENTRE,E01026332,ALL,85
GP_PRAC_PAT_LIST,01/04/2026,C83048,ST. JOHNS MEDICAL CENTRE,E01026333,ALL,1
GP_PRAC_PAT_LIST,01/04/2026,C83048,ST. JOHNS MEDICAL CENTRE,E01026338,ALL,1
GP_PRAC_PAT_LIST,01/04/2026,C83048,ST. JOHNS MEDICAL CENTRE,E01026339,ALL,3
GP_PRAC_PAT_LIST,01/04/2026,C83048,ST. JOHNS MEDICAL CENTRE,E01026340,ALL,434
GP_PRAC_PAT_LIST,01/04/2026,C83048,ST. JOHNS MEDICAL CENTRE,E01026343,ALL,758
GP_PRAC_PAT_LIST,01/04/2026,C83048,ST. JOHNS MEDICAL CENTRE,E01026344,ALL,641
GP_PRAC_PAT_LIST,01/04/2026,C83048,ST. JOHNS MEDICAL CENTRE,E01026345,ALL,414
GP_PRAC_PAT_LIST,01/04/2026,C83048,ST. JOHNS MEDICAL CENTRE,E01026352,ALL,275
GP_PRAC_PAT_LIST,01/04/2026,C83048,ST. JOHNS MEDICAL CENTRE,E01026353,ALL,343
GP_PRAC_PAT_LIST,01/04/2026,C83048,ST. JOHNS MEDICAL CENTRE,E01026354,ALL,261
GP_PRAC_PAT_LIST,01/04/2026,C83048,ST. JOHNS MEDICAL CENTRE,E01026365,ALL,34
GP_PRAC_PAT_LIST,01/04/2026,C83048,ST. JOHNS MEDICAL CENTRE,E01028031,ALL,1
GP_PRAC_PAT_LIST,01/04/2026,C83048,ST. JOHNS MEDICAL CENTRE,E01028291,ALL,2
GP_PRAC_PAT_LIST,01/04/2026,C83048,ST. JOHNS MEDICAL CENTRE,E01028310,ALL,1
GP_PRAC_PAT_LIST,01/04/2026,C83048,ST. JOHNS MEDICAL CENTRE,E01028323,ALL,1
GP_PRAC_PAT_LIST,01/04/2026,C83048,ST. JOHNS MEDICAL CENTRE,E01028333,ALL,1
GP_PRAC_PAT_LIST,01/04/2026,C83048,ST. JOHNS MEDICAL CENTRE,E01028356,ALL,1
GP_PRAC_PAT_LIST,01/04/2026,C83048,ST. JOHNS MEDICAL CENTRE,E01030009,ALL,1
GP_PRAC_PAT_LIST,01/04/2026,C83048,ST. JOHNS MEDICAL CENTRE,E01030563,ALL,1
GP_PRAC_PAT_LIST,01/04/2026,C83048,ST. JOHNS MEDICAL CENTRE,E01030673,ALL,1
GP_PRAC_PAT_LIST,01/04/2026,C83048,ST. JOHNS MEDICAL CENTRE,E01031938,ALL,1
GP_PRAC_PAT_LIST,01/04/2026,C83048,ST. JOHNS MEDICAL CENTRE,E01032029,ALL,1
GP_PRAC_PAT_LIST,01/04/2026,C83048,ST. JOHNS MEDICAL CENTRE,E01032993,ALL,1
GP_PRAC_PAT_LIST,01/04/2026,C83048,ST. JOHNS MEDICAL CENTRE,E01033402,ALL,1
GP_PRAC_PAT_LIST,01/04/2026,C83048,ST. JOHNS MEDICAL CENTRE,E01033548,ALL,1
GP_PRAC_PAT_LIST,01/04/2026,C83048,ST. JOHNS MEDICAL CENTRE,E01033780,ALL,1
GP_PRAC_PAT_LIST,01/04/2026,C83048,ST. JOHNS MEDICAL CENTRE,E01033783,ALL,1
GP_PRAC_PAT_LIST,01/04/2026,C83048,ST. JOHNS MEDICAL CENTRE,E01034404,ALL,1
GP_PRAC_PAT_LIST,01/04/2026,C83048,ST. JOHNS MEDICAL CENTRE,E01034701,ALL,375
GP_PRAC_PAT_LIST,01/04/2026,C83048,ST. JOHNS MEDICAL CENTRE,E01034702,ALL,443
GP_PRAC_PAT_LIST,01/04/2026,C83048,ST. JOHNS MEDICAL CENTRE,EMPTY,ALL,19
GP_PRAC_PAT_LIST,01/04/2026,C83049,DR SINHA & PARTNERS,CLOSED,ALL,2
GP_PRAC_PAT_LIST,01/04/2026,C83049,DR SINHA & PARTNERS,E01001425,ALL,1
GP_PRAC_PAT_LIST,01/04/2026,C83049,DR SINHA & PARTNERS,E01001600,ALL,1
GP_PRAC_PAT_LIST,01/04/2026,C83049,DR SINHA & PARTNERS,E01001983,ALL,1
GP_PRAC_PAT_LIST,01/04/2026,C83049,DR SINHA & PARTNERS,E01003560,ALL,1
GP_PRAC_PAT_LIST,01/04/2026,C83049,DR SINHA & PARTNERS,E01007973,ALL,1
GP_PRAC_PAT_LIST,01/04/2026,C83049,DR SINHA & PARTNERS,E01012855,ALL,1
GP_PRAC_PAT_LIST,01/04/2026,C83049,DR SINHA & PARTNERS,E01013542,ALL,1
GP_PRAC_PAT_LIST,01/04/2026,C83049,DR SINHA & PARTNERS,E01013972,ALL,1
GP_PRAC_PAT_LIST,01/04/2026,C83049,DR SINHA & PARTNERS,E01014008,ALL,1
GP_PRAC_PAT_LIST,01/04/2026,C83049,DR SINHA & PARTNERS,E01014027,ALL,1
GP_PRAC_PAT_LIST,01/04/2026,C83049,DR SINHA & PARTNERS,E01015624,ALL,1
GP_PRAC_PAT_LIST,01/04/2026,C83049,DR SINHA & PARTNERS,E01015988,ALL,1
GP_PRAC_PAT_LIST,01/04/2026,C83049,DR SINHA & PARTNERS,E01018047,ALL,1
GP_PRAC_PAT_LIST,01/04/2026,C83049,DR SINHA & PARTNERS,E01024372,ALL,1
GP_PRAC_PAT_LIST,01/04/2026,C83049,DR SINHA & PARTNERS,E01024556,ALL,1
GP_PRAC_PAT_LIST,01/04/2026,C83049,DR SINHA & PARTNERS,E01024896,ALL,1
GP_PRAC_PAT_LIST,01/04/2026,C83049,DR SINHA & PARTNERS,E01026007,ALL,511
GP_PRAC_PAT_LIST,01/04/2026,C83049,DR SINHA & PARTNERS,E01026008,ALL,432
GP_PRAC_PAT_LIST,01/04/2026,C83049,DR SINHA & PARTNERS,E01026009,ALL,821
GP_PRAC_PAT_LIST,01/04/2026,C83049,DR SINHA & PARTNERS,E01026012,ALL,11
GP_PRAC_PAT_LIST,01/04/2026,C83049,DR SINHA & PARTNERS,E01026013,ALL,48
GP_PRAC_PAT_LIST,01/04/2026,C83049,DR SINHA & PARTNERS,E01026014,ALL,36
GP_PRAC_PAT_LIST,01/04/2026,C83049,DR SINHA & PARTNERS,E01026015,ALL,1
GP_PRAC_PAT_LIST,01/04/2026,C83049,DR SINHA & PARTNERS,E01026018,ALL,1
GP_PRAC_PAT_LIST,01/04/2026,C83049,DR SINHA & PARTNERS,E01026021,ALL,2
GP_PRAC_PAT_LIST,01/04/2026,C83049,DR SINHA & PARTNERS,E01026022,ALL,35
GP_PRAC_PAT_LIST,01/04/2026,C83049,DR SINHA & PARTNERS,E01026023,ALL,4559
GP_PRAC_PAT_LIST,01/04/2026,C83049,DR SINHA & PARTNERS,E01026024,ALL,2025
GP_PRAC_PAT_LIST,01/04/2026,C83049,DR SINHA & PARTNERS,E01026027,ALL,5
GP_PRAC_PAT_LIST,01/04/2026,C83049,DR SINHA & PARTNERS,E01026028,ALL,1
GP_PRAC_PAT_LIST,01/04/2026,C83049,DR SINHA & PARTNERS,E01026031,ALL,6
GP_PRAC_PAT_LIST,01/04/2026,C83049,DR SINHA & PARTNERS,E01026033,ALL,1
GP_PRAC_PAT_LIST,01/04/2026,C83049,DR SINHA & PARTNERS,E01026036,ALL,1
GP_PRAC_PAT_LIST,01/04/2026,C83049,DR SINHA & PARTNERS,E01026040,ALL,2
GP_PRAC_PAT_LIST,01/04/2026,C83049,DR SINHA & PARTNERS,E01026046,ALL,1
GP_PRAC_PAT_LIST,01/04/2026,C83049,DR SINHA & PARTNERS,E01026047,ALL,1
GP_PRAC_PAT_LIST,01/04/2026,C83049,DR SINHA & PARTNERS,E01026056,ALL,1
GP_PRAC_PAT_LIST,01/04/2026,C83049,DR SINHA & PARTNERS,E01026057,ALL,7
GP_PRAC_PAT_LIST,01/04/2026,C83049,DR SINHA & PARTNERS,E01026060,ALL,1
GP_PRAC_PAT_LIST,01/04/2026,C83049,DR SINHA & PARTNERS,E01026069,ALL,1
GP_PRAC_PAT_LIST,01/04/2026,C83049,DR SINHA & PARTNERS,E01026082,ALL,1
GP_PRAC_PAT_LIST,01/04/2026,C83049,DR SINHA & PARTNERS,E01026095,ALL,1
GP_PRAC_PAT_LIST,01/04/2026,C83049,DR SINHA & PARTNERS,E01026098,ALL,232
GP_PRAC_PAT_LIST,01/04/2026,C83049,DR SINHA & PARTNERS,E01026102,ALL,60
GP_PRAC_PAT_LIST,01/04/2026,C83049,DR SINHA & PARTNERS,E01026104,ALL,1
GP_PRAC_PAT_LIST,01/04/2026,C83049,DR SINHA & PARTNERS,E01026110,ALL,3
GP_PRAC_PAT_LIST,01/04/2026,C83049,DR SINHA & PARTNERS,E01026111,ALL,961
GP_PRAC_PAT_LIST,01/04/2026,C83049,DR SINHA & PARTNERS,E01026112,ALL,1
GP_PRAC_PAT_LIST,01/04/2026,C83049,DR SINHA & PARTNERS,E01026120,ALL,1
GP_PRAC_PAT_LIST,01/04/2026,C83049,DR SINHA & PARTNERS,E01026244,ALL,1
GP_PRAC_PAT_LIST,01/04/2026,C83049,DR SINHA & PARTNERS,E01026767,ALL,1
GP_PRAC_PAT_LIST,01/04/2026,C83049,DR SINHA & PARTNERS,E01028738,ALL,1
GP_PRAC_PAT_LIST,01/04/2026,C83049,DR SINHA & PARTNERS,E01031188,ALL,1
GP_PRAC_PAT_LIST,01/04/2026,C83049,DR SINHA & PARTNERS,E01034682,ALL,1
GP_PRAC_PAT_LIST,01/04/2026,C83049,DR SINHA & PARTNERS,E01034683,ALL,4
GP_PRAC_PAT_LIST,01/04/2026,C83049,DR SINHA & PARTNERS,E01035008,ALL,1
GP_PRAC_PAT_LIST,01/04/2026,C83049,DR SINHA & PARTNERS,E01035326,ALL,3
GP_PRAC_PAT_LIST,01/04/2026,C83049,DR SINHA & PARTNERS,EMPTY,ALL,2
GP_PRAC_PAT_LIST,01/04/2026,C83051,ABBEY MEDICAL PRACTICE,CLOSED,ALL,2
GP_PRAC_PAT_LIST,01/04/2026,C83051,ABBEY MEDICAL PRACTICE,E01003451,ALL,1
GP_PRAC_PAT_LIST,01/04/2026,C83051,ABBEY MEDICAL PRACTICE,E01005622,ALL,1
GP_PRAC_PAT_LIST,01/04/2026,C83051,ABBEY MEDICAL PRACTICE,E01008105,ALL,1
GP_PRAC_PAT_LIST,01/04/2026,C83051,ABBEY MEDICAL PRACTICE,E01017965,ALL,1
GP_PRAC_PAT_LIST,01/04/2026,C83051,ABBEY MEDICAL PRACTICE,E01026021,ALL,1
GP_PRAC_PAT_LIST,01/04/2026,C83051,ABBEY MEDICAL PRACTICE,E01026054,ALL,1
GP_PRAC_PAT_LIST,01/04/2026,C83051,ABBEY MEDICAL PRACTICE,E01026121,ALL,1
GP_PRAC_PAT_LIST,01/04/2026,C83051,ABBEY MEDICAL PRACTICE,E01026122,ALL,1183
GP_PRAC_PAT_LIST,01/04/2026,C83051,ABBEY MEDICAL PRACTICE,E01026123,ALL,1023
GP_PRAC_PAT_LIST,01/04/2026,C83051,ABBEY MEDICAL PRACTICE,E01026124,ALL,1616
GP_PRAC_PAT_LIST,01/04/2026,C83051,ABBEY MEDICAL PRACTICE,E01026125,ALL,592
GP_PRAC_PAT_LIST,01/04/2026,C83051,ABBEY MEDICAL PRACTICE,E01026126,ALL,1563
GP_PRAC_PAT_LIST,01/04/2026,C83051,ABBEY MEDICAL PRACTICE,E01026129,ALL,1
GP_PRAC_PAT_LIST,01/04/2026,C83051,ABBEY MEDICAL PRACTICE,E01026132,ALL,74
GP_PRAC_PAT_LIST,01/04/2026,C83051,ABBEY MEDICAL PRACTICE,E01026134,ALL,97
GP_PRAC_PAT_LIST,01/04/2026,C83051,ABBEY MEDICAL PRACTICE,E01026138,ALL,1
GP_PRAC_PAT_LIST,01/04/2026,C83051,ABBEY MEDICAL PRACTICE,E01026144,ALL,60
GP_PRAC_PAT_LIST,01/04/2026,C83051,ABBEY MEDICAL PRACTICE,E01026145,ALL,46
GP_PRAC_PAT_LIST,01/04/2026,C83051,ABBEY MEDICAL PRACTICE,E01026146,ALL,68
GP_PRAC_PAT_LIST,01/04/2026,C83051,ABBEY MEDICAL PRACTICE,E01026147,ALL,70
GP_PRAC_PAT_LIST,01/04/2026,C83051,ABBEY MEDICAL PRACTICE,E01026148,ALL,100
GP_PRAC_PAT_LIST,01/04/2026,C83051,ABBEY MEDICAL PRACTICE,E01026149,ALL,86
GP_PRAC_PAT_LIST,01/04/2026,C83051,ABBEY MEDICAL PRACTICE,E01026150,ALL,99
GP_PRAC_PAT_LIST,01/04/2026,C83051,ABBEY MEDICAL PRACTICE,E01026151,ALL,93
GP_PRAC_PAT_LIST,01/04/2026,C83051,ABBEY MEDICAL PRACTICE,E01026152,ALL,114
GP_PRAC_PAT_LIST,01/04/2026,C83051,ABBEY MEDICAL PRACTICE,E01026153,ALL,134
GP_PRAC_PAT_LIST,01/04/2026,C83051,ABBEY MEDICAL PRACTICE,E01026154,ALL,130
GP_PRAC_PAT_LIST,01/04/2026,C83051,ABBEY MEDICAL PRACTICE,E01026155,ALL,76
GP_PRAC_PAT_LIST,01/04/2026,C83051,ABBEY MEDICAL PRACTICE,E01026156,ALL,78
GP_PRAC_PAT_LIST,01/04/2026,C83051,ABBEY MEDICAL PRACTICE,E01026157,ALL,66
GP_PRAC_PAT_LIST,01/04/2026,C83051,ABBEY MEDICAL PRACTICE,E01026158,ALL,2
GP_PRAC_PAT_LIST,01/04/2026,C83051,ABBEY MEDICAL PRACTICE,E01026161,ALL,1
GP_PRAC_PAT_LIST,01/04/2026,C83051,ABBEY MEDICAL PRACTICE,E01026162,ALL,1
GP_PRAC_PAT_LIST,01/04/2026,C83051,ABBEY MEDICAL PRACTICE,E01026164,ALL,39
GP_PRAC_PAT_LIST,01/04/2026,C83051,ABBEY MEDICAL PRACTICE,E01026165,ALL,70
GP_PRAC_PAT_LIST,01/04/2026,C83051,ABBEY MEDICAL PRACTICE,E01026166,ALL,118
GP_PRAC_PAT_LIST,01/04/2026,C83051,ABBEY MEDICAL PRACTICE,E01026167,ALL,132
GP_PRAC_PAT_LIST,01/04/2026,C83051,ABBEY MEDICAL PRACTICE,E01026168,ALL,111
GP_PRAC_PAT_LIST,01/04/2026,C83051,ABBEY MEDICAL PRACTICE,E01026173,ALL,2
GP_PRAC_PAT_LIST,01/04/2026,C83051,ABBEY MEDICAL PRACTICE,E01026174,ALL,29
GP_PRAC_PAT_LIST,01/04/2026,C83051,ABBEY MEDICAL PRACTICE,E01026176,ALL,226
GP_PRAC_PAT_LIST,01/04/2026,C83051,ABBEY MEDICAL PRACTICE,E01026177,ALL,179
GP_PRAC_PAT_LIST,01/04/2026,C83051,ABBEY MEDICAL PRACTICE,E01026178,ALL,127
GP_PRAC_PAT_LIST,01/04/2026,C83051,ABBEY MEDICAL PRACTICE,E01026276,ALL,1
GP_PRAC_PAT_LIST,01/04/2026,C83051,ABBEY MEDICAL PRACTICE,E01026319,ALL,1
GP_PRAC_PAT_LIST,01/04/2026,C83051,ABBEY MEDICAL PRACTICE,E01026369,ALL,3
GP_PRAC_PAT_LIST,01/04/2026,C83051,ABBEY MEDICAL PRACTICE,E01026372,ALL,1
GP_PRAC_PAT_LIST,01/04/2026,C83051,ABBEY MEDICAL PRACTICE,E01026382,ALL,1
GP_PRAC_PAT_LIST,01/04/2026,C83051,ABBEY MEDICAL PRACTICE,E01026394,ALL,110
GP_PRAC_PAT_LIST,01/04/2026,C83051,ABBEY MEDICAL PRACTICE,E01026398,ALL,2
GP_PRAC_PAT_LIST,01/04/2026,C83051,ABBEY MEDICAL PRACTICE,E01026399,ALL,1
GP_PRAC_PAT_LIST,01/04/2026,C83051,ABBEY MEDICAL PRACTICE,E01026613,ALL,1
GP_PRAC_PAT_LIST,01/04/2026,C83051,ABBEY MEDICAL PRACTICE,E01031336,ALL,1
GP_PRAC_PAT_LIST,01/04/2026,C83051,ABBEY MEDICAL PRACTICE,E01032988,ALL,1
GP_PRAC_PAT_LIST,01/04/2026,C83051,ABBEY MEDICAL PRACTICE,E01032991,ALL,5
GP_PRAC_PAT_LIST,01/04/2026,C83051,ABBEY MEDICAL PRACTICE,E01034687,ALL,47
GP_PRAC_PAT_LIST,01/04/2026,C83051,ABBEY MEDICAL PRACTICE,E01034688,ALL,67
GP_PRAC_PAT_LIST,01/04/2026,C83051,ABBEY MEDICAL PRACTICE,E01034691,ALL,3
GP_PRAC_PAT_LIST,01/04/2026,C83051,ABBEY MEDICAL PRACTICE,E01034692,ALL,70
GP_PRAC_PAT_LIST,01/04/2026,C83051,ABBEY MEDICAL PRACTICE,EMPTY,ALL,13
GP_PRAC_PAT_LIST,01/04/2026,C83051,ABBEY MEDICAL PRACTICE,S01019438,ALL,1
GP_PRAC_PAT_LIST,01/04/2026,C83052,THE INGHAM SURGERY,E01007610,ALL,1
GP_PRAC_PAT_LIST,01/04/2026,C83052,THE INGHAM SURGERY,E01013214,ALL,1
GP_PRAC_PAT_LIST,01/04/2026,C83052,THE INGHAM SURGERY,E01013228,ALL,1
GP_PRAC_PAT_LIST,01/04/2026,C83052,THE INGHAM SURGERY,E01013274,ALL,3
GP_PRAC_PAT_LIST,01/04/2026,C83052,THE INGHAM SURGERY,E01013318,ALL,4
GP_PRAC_PAT_LIST,01/04/2026,C83052,THE INGHAM SURGERY,E01013322,ALL,9
GP_PRAC_PAT_LIST,01/04/2026,C83052,THE INGHAM SURGERY,E01013323,ALL,4
GP_PRAC_PAT_LIST,01/04/2026,C83052,THE INGHAM SURGERY,E01013325,ALL,1
GP_PRAC_PAT_LIST,01/04/2026,C83052,THE INGHAM SURGERY,E01013329,ALL,4
GP_PRAC_PAT_LIST,01/04/2026,C83052,THE INGHAM SURGERY,E01026070,ALL,2
GP_PRAC_PAT_LIST,01/04/2026,C83052,THE INGHAM SURGERY,E01026121,ALL,2
GP_PRAC_PAT_LIST,01/04/2026,C83052,THE INGHAM SURGERY,E01026122,ALL,1
GP_PRAC_PAT_LIST,01/04/2026,C83052,THE INGHAM SURGERY,E01026125,ALL,1
GP_PRAC_PAT_LIST,01/04/2026,C83052,THE INGHAM SURGERY,E01026126,ALL,1
GP_PRAC_PAT_LIST,01/04/2026,C83052,THE INGHAM SURGERY,E01026130,ALL,4
GP_PRAC_PAT_LIST,01/04/2026,C83052,THE INGHAM SURGERY,E01026136,ALL,2
GP_PRAC_PAT_LIST,01/04/2026,C83052,THE INGHAM SURGERY,E01026137,ALL,1
GP_PRAC_PAT_LIST,01/04/2026,C83052,THE INGHAM SURGERY,E01026138,ALL,1
GP_PRAC_PAT_LIST,01/04/2026,C83052,THE INGHAM SURGERY,E01026140,ALL,1
GP_PRAC_PAT_LIST,01/04/2026,C83052,THE INGHAM SURGERY,E01026147,ALL,8
GP_PRAC_PAT_LIST,01/04/2026,C83052,THE INGHAM SURGERY,E01026148,ALL,11
GP_PRAC_PAT_LIST,01/04/2026,C83052,THE INGHAM SURGERY,E01026149,ALL,3
GP_PRAC_PAT_LIST,01/04/2026,C83052,THE INGHAM SURGERY,E01026150,ALL,1
GP_PRAC_PAT_LIST,01/04/2026,C83052,THE INGHAM SURGERY,E01026151,ALL,12
GP_PRAC_PAT_LIST,01/04/2026,C83052,THE INGHAM SURGERY,E01026152,ALL,6
GP_PRAC_PAT_LIST,01/04/2026,C83052,THE INGHAM SURGERY,E01026153,ALL,1
GP_PRAC_PAT_LIST,01/04/2026,C83052,THE INGHAM SURGERY,E01026156,ALL,2
GP_PRAC_PAT_LIST,01/04/2026,C83052,THE INGHAM SURGERY,E01026164,ALL,6
GP_PRAC_PAT_LIST,01/04/2026,C83052,THE INGHAM SURGERY,E01026167,ALL,3
GP_PRAC_PAT_LIST,01/04/2026,C83052,THE INGHAM SURGERY,E01026170,ALL,1
GP_PRAC_PAT_LIST,01/04/2026,C83052,THE INGHAM SURGERY,E01026172,ALL,1
GP_PRAC_PAT_LIST,01/04/2026,C83052,THE INGHAM SURGERY,E01026184,ALL,3
GP_PRAC_PAT_LIST,01/04/2026,C83052,THE INGHAM SURGERY,E01026185,ALL,1
GP_PRAC_PAT_LIST,01/04/2026,C83052,THE INGHAM SURGERY,E01026189,ALL,2
GP_PRAC_PAT_LIST,01/04/2026,C83052,THE INGHAM SURGERY,E01026199,ALL,3
GP_PRAC_PAT_LIST,01/04/2026,C83052,THE INGHAM SURGERY,E01026211,ALL,3
GP_PRAC_PAT_LIST,01/04/2026,C83052,THE INGHAM SURGERY,E01026218,ALL,1
GP_PRAC_PAT_LIST,01/04/2026,C83052,THE INGHAM SURGERY,E01026220,ALL,2
GP_PRAC_PAT_LIST,01/04/2026,C83052,THE INGHAM SURGERY,E01026225,ALL,4
GP_PRAC_PAT_LIST,01/04/2026,C83052,THE INGHAM SURGERY,E01026366,ALL,4
GP_PRAC_PAT_LIST,01/04/2026,C83052,THE INGHAM SURGERY,E01026369,ALL,1
GP_PRAC_PAT_LIST,01/04/2026,C83052,THE INGHAM SURGERY,E01026370,ALL,1
GP_PRAC_PAT_LIST,01/04/2026,C83052,THE INGHAM SURGERY,E01026371,ALL,2
GP_PRAC_PAT_LIST,01/04/2026,C83052,THE INGHAM SURGERY,E01026372,ALL,51
GP_PRAC_PAT_LIST,01/04/2026,C83052,THE INGHAM SURGERY,E01026373,ALL,2
GP_PRAC_PAT_LIST,01/04/2026,C83052,THE INGHAM SURGERY,E01026374,ALL,10
GP_PRAC_PAT_LIST,01/04/2026,C83052,THE INGHAM SURGERY,E01026375,ALL,18
GP_PRAC_PAT_LIST,01/04/2026,C83052,THE INGHAM SURGERY,E01026376,ALL,13
GP_PRAC_PAT_LIST,01/04/2026,C83052,THE INGHAM SURGERY,E01026377,ALL,16
GP_PRAC_PAT_LIST,01/04/2026,C83052,THE INGHAM SURGERY,E01026378,ALL,8
GP_PRAC_PAT_LIST,01/04/2026,C83052,THE INGHAM SURGERY,E01026379,ALL,7
GP_PRAC_PAT_LIST,01/04/2026,C83052,THE INGHAM SURGERY,E01026380,ALL,12
GP_PRAC_PAT_LIST,01/04/2026,C83052,THE INGHAM SURGERY,E01026381,ALL,17
GP_PRAC_PAT_LIST,01/04/2026,C83052,THE INGHAM SURGERY,E01026382,ALL,21
GP_PRAC_PAT_LIST,01/04/2026,C83052,THE INGHAM SURGERY,E01026383,ALL,2
GP_PRAC_PAT_LIST,01/04/2026,C83052,THE INGHAM SURGERY,E01026384,ALL,10
GP_PRAC_PAT_LIST,01/04/2026,C83052,THE INGHAM SURGERY,E01026385,ALL,181
GP_PRAC_PAT_LIST,01/04/2026,C83052,THE INGHAM SURGERY,E01026386,ALL,531
GP_PRAC_PAT_LIST,01/04/2026,C83052,THE INGHAM SURGERY,E01026387,ALL,3
GP_PRAC_PAT_LIST,01/04/2026,C83052,THE INGHAM SURGERY,E01026388,ALL,43
GP_PRAC_PAT_LIST,01/04/2026,C83052,THE INGHAM SURGERY,E01026389,ALL,6
GP_PRAC_PAT_LIST,01/04/2026,C83052,THE INGHAM SURGERY,E01026390,ALL,3
GP_PRAC_PAT_LIST,01/04/2026,C83052,THE INGHAM SURGERY,E01026391,ALL,16
GP_PRAC_PAT_LIST,01/04/2026,C83052,THE INGHAM SURGERY,E01026392,ALL,33
GP_PRAC_PAT_LIST,01/04/2026,C83052,THE INGHAM SURGERY,E01026393,ALL,2
GP_PRAC_PAT_LIST,01/04/2026,C83052,THE INGHAM SURGERY,E01026394,ALL,15
GP_PRAC_PAT_LIST,01/04/2026,C83052,THE INGHAM SURGERY,E01026395,ALL,4
GP_PRAC_PAT_LIST,01/04/2026,C83052,THE INGHAM SURGERY,E01026396,ALL,9
GP_PRAC_PAT_LIST,01/04/2026,C83052,THE INGHAM SURGERY,E01026398,ALL,17
GP_PRAC_PAT_LIST,01/04/2026,C83052,THE INGHAM SURGERY,E01026399,ALL,1282
GP_PRAC_PAT_LIST,01/04/2026,C83052,THE INGHAM SURGERY,E01026400,ALL,592
GP_PRAC_PAT_LIST,01/04/2026,C83052,THE INGHAM SURGERY,E01026401,ALL,2
GP_PRAC_PAT_LIST,01/04/2026,C83052,THE INGHAM SURGERY,E01026403,ALL,3
GP_PRAC_PAT_LIST,01/04/2026,C83052,THE INGHAM SURGERY,E01026404,ALL,160
GP_PRAC_PAT_LIST,01/04/2026,C83052,THE INGHAM SURGERY,E01026405,ALL,23
GP_PRAC_PAT_LIST,01/04/2026,C83052,THE INGHAM SURGERY,E01026406,ALL,7
GP_PRAC_PAT_LIST,01/04/2026,C83052,THE INGHAM SURGERY,E01026407,ALL,10
GP_PRAC_PAT_LIST,01/04/2026,C83052,THE INGHAM SURGERY,E01026408,ALL,4
GP_PRAC_PAT_LIST,01/04/2026,C83052,THE INGHAM SURGERY,E01026409,ALL,2
GP_PRAC_PAT_LIST,01/04/2026,C83052,THE INGHAM SURGERY,E01026411,ALL,567
GP_PRAC_PAT_LIST,01/04/2026,C83052,THE INGHAM SURGERY,E01026412,ALL,58
GP_PRAC_PAT_LIST,01/04/2026,C83052,THE INGHAM SURGERY,E01026413,ALL,34
GP_PRAC_PAT_LIST,01/04/2026,C83052,THE INGHAM SURGERY,E01026414,ALL,154
GP_PRAC_PAT_LIST,01/04/2026,C83052,THE INGHAM SURGERY,E01026415,ALL,1
GP_PRAC_PAT_LIST,01/04/2026,C83052,THE INGHAM SURGERY,E01028009,ALL,1
GP_PRAC_PAT_LIST,01/04/2026,C83052,THE INGHAM SURGERY,E01028033,ALL,1
GP_PRAC_PAT_LIST,01/04/2026,C83052,THE INGHAM SURGERY,E01028292,ALL,1
GP_PRAC_PAT_LIST,01/04/2026,C83052,THE INGHAM SURGERY,E01028315,ALL,1
GP_PRAC_PAT_LIST,01/04/2026,C83052,THE INGHAM SURGERY,E01032988,ALL,5
GP_PRAC_PAT_LIST,01/04/2026,C83052,THE INGHAM SURGERY,E01033297,ALL,2
GP_PRAC_PAT_LIST,01/04/2026,C83052,THE INGHAM SURGERY,E01034687,ALL,5
GP_PRAC_PAT_LIST,01/04/2026,C83052,THE INGHAM SURGERY,E01034688,ALL,1
GP_PRAC_PAT_LIST,01/04/2026,C83052,THE INGHAM SURGERY,E01034690,ALL,1
GP_PRAC_PAT_LIST,01/04/2026,C83052,THE INGHAM SURGERY,E01034692,ALL,1
GP_PRAC_PAT_LIST,01/04/2026,C83052,THE INGHAM SURGERY,E01034706,ALL,8
GP_PRAC_PAT_LIST,01/04/2026,C83052,THE INGHAM SURGERY,E01034707,ALL,89
GP_PRAC_PAT_LIST,01/04/2026,C83052,THE INGHAM SURGERY,E01035400,ALL,1
GP_PRAC_PAT_LIST,01/04/2026,C83052,THE INGHAM SURGERY,EMPTY,ALL,1
GP_PRAC_PAT_LIST,01/04/2026,C83053,COLSTERWORTH SURGERY,E01002281,ALL,1
GP_PRAC_PAT_LIST,01/04/2026,C83053,COLSTERWORTH SURGERY,E01013788,ALL,1
GP_PRAC_PAT_LIST,01/04/2026,C83053,COLSTERWORTH SURGERY,E01013790,ALL,28
GP_PRAC_PAT_LIST,01/04/2026,C83053,COLSTERWORTH SURGERY,E01025885,ALL,1
GP_PRAC_PAT_LIST,01/04/2026,C83053,COLSTERWORTH SURGERY,E01025887,ALL,8
GP_PRAC_PAT_LIST,01/04/2026,C83053,COLSTERWORTH SURGERY,E01025912,ALL,124
GP_PRAC_PAT_LIST,01/04/2026,C83053,COLSTERWORTH SURGERY,E01026221,ALL,1
GP_PRAC_PAT_LIST,01/04/2026,C83053,COLSTERWORTH SURGERY,E01026291,ALL,1
GP_PRAC_PAT_LIST,01/04/2026,C83053,COLSTERWORTH SURGERY,E01026308,ALL,2
GP_PRAC_PAT_LIST,01/04/2026,C83053,COLSTERWORTH SURGERY,E01026313,ALL,1
GP_PRAC_PAT_LIST,01/04/2026,C83053,COLSTERWORTH SURGERY,E01026315,ALL,165
GP_PRAC_PAT_LIST,01/04/2026,C83053,COLSTERWORTH SURGERY,E01026316,ALL,28
GP_PRAC_PAT_LIST,01/04/2026,C83053,COLSTERWORTH SURGERY,E01026317,ALL,2
GP_PRAC_PAT_LIST,01/04/2026,C83053,COLSTERWORTH SURGERY,E01026323,ALL,2
GP_PRAC_PAT_LIST,01/04/2026,C83053,COLSTERWORTH SURGERY,E01026330,ALL,3
GP_PRAC_PAT_LIST,01/04/2026,C83053,COLSTERWORTH SURGERY,E01026331,ALL,1369
GP_PRAC_PAT_LIST,01/04/2026,C83053,COLSTERWORTH SURGERY,E01026332,ALL,12
GP_PRAC_PAT_LIST,01/04/2026,C83053,COLSTERWORTH SURGERY,E01026338,ALL,206
GP_PRAC_PAT_LIST,01/04/2026,C83053,COLSTERWORTH SURGERY,E01026339,ALL,482
GP_PRAC_PAT_LIST,01/04/2026,C83053,COLSTERWORTH SURGERY,E01026343,ALL,2
GP_PRAC_PAT_LIST,01/04/2026,C83053,COLSTERWORTH SURGERY,E01026345,ALL,1
GP_PRAC_PAT_LIST,01/04/2026,C83053,COLSTERWORTH SURGERY,E01026363,ALL,1
GP_PRAC_PAT_LIST,01/04/2026,C83053,COLSTERWORTH SURGERY,E01027033,ALL,1
GP_PRAC_PAT_LIST,01/04/2026,C83053,COLSTERWORTH SURGERY,E01027632,ALL,1
GP_PRAC_PAT_LIST,01/04/2026,C83053,COLSTERWORTH SURGERY,E01028336,ALL,1
GP_PRAC_PAT_LIST,01/04/2026,C83053,COLSTERWORTH SURGERY,S01014097,ALL,1
GP_PRAC_PAT_LIST,01/04/2026,C83053,COLSTERWORTH SURGERY,W01001964,ALL,1
GP_PRAC_PAT_LIST,01/04/2026,C83054,BOURNE GALLETLY PRACTICE TEAM,CLOSED,ALL,1
GP_PRAC_PAT_LIST,01/04/2026,C83054,BOURNE GALLETLY PRACTICE TEAM,E01013378,ALL,1
GP_PRAC_PAT_LIST,01/04/2026,C83054,BOURNE GALLETLY PRACTICE TEAM,E01013804,ALL,14
GP_PRAC_PAT_LIST,01/04/2026,C83054,BOURNE GALLETLY PRACTICE TEAM,E01015589,ALL,1
GP_PRAC_PAT_LIST,01/04/2026,C83054,BOURNE GALLETLY PRACTICE TEAM,E01015590,ALL,1
GP_PRAC_PAT_LIST,01/04/2026,C83054,BOURNE GALLETLY PRACTICE TEAM,E01015594,ALL,1
GP_PRAC_PAT_LIST,01/04/2026,C83054,BOURNE GALLETLY PRACTICE TEAM,E01015607,ALL,1
GP_PRAC_PAT_LIST,01/04/2026,C83054,BOURNE GALLETLY PRACTICE TEAM,E01015630,ALL,1
GP_PRAC_PAT_LIST,01/04/2026,C83054,BOURNE GALLETLY PRACTICE TEAM,E01015632,ALL,1
GP_PRAC_PAT_LIST,01/04/2026,C83054,BOURNE GALLETLY PRACTICE TEAM,E01015635,ALL,1
GP_PRAC_PAT_LIST,01/04/2026,C83054,BOURNE GALLETLY PRACTICE TEAM,E01015645,ALL,1
GP_PRAC_PAT_LIST,01/04/2026,C83054,BOURNE GALLETLY PRACTICE TEAM,E01015646,ALL,1
GP_PRAC_PAT_LIST,01/04/2026,C83054,BOURNE GALLETLY PRACTICE TEAM,E01015655,ALL,1
GP_PRAC_PAT_LIST,01/04/2026,C83054,BOURNE GALLETLY PRACTICE TEAM,E01015666,ALL,1
GP_PRAC_PAT_LIST,01/04/2026,C83054,BOURNE GALLETLY PRACTICE TEAM,E01015683,ALL,1
GP_PRAC_PAT_LIST,01/04/2026,C83054,BOURNE GALLETLY PRACTICE TEAM,E01015685,ALL,1
GP_PRAC_PAT_LIST,01/04/2026,C83054,BOURNE GALLETLY PRACTICE TEAM,E01016894,ALL,1
GP_PRAC_PAT_LIST,01/04/2026,C83054,BOURNE GALLETLY PRACTICE TEAM,E01021345,ALL,1
GP_PRAC_PAT_LIST,01/04/2026,C83054,BOURNE GALLETLY PRACTICE TEAM,E01026017,ALL,1
GP_PRAC_PAT_LIST,01/04/2026,C83054,BOURNE GALLETLY PRACTICE TEAM,E01026055,ALL,1
GP_PRAC_PAT_LIST,01/04/2026,C83054,BOURNE GALLETLY PRACTICE TEAM,E01026231,ALL,1
GP_PRAC_PAT_LIST,01/04/2026,C83054,BOURNE GALLETLY PRACTICE TEAM,E01026240,ALL,1
GP_PRAC_PAT_LIST,01/04/2026,C83054,BOURNE GALLETLY PRACTICE TEAM,E01026241,ALL,116
GP_PRAC_PAT_LIST,01/04/2026,C83054,BOURNE GALLETLY PRACTICE TEAM,E01026242,ALL,1
GP_PRAC_PAT_LIST,01/04/2026,C83054,BOURNE GALLETLY PRACTICE TEAM,E01026248,ALL,1
GP_PRAC_PAT_LIST,01/04/2026,C83054,BOURNE GALLETLY PRACTICE TEAM,E01026259,ALL,7
GP_PRAC_PAT_LIST,01/04/2026,C83054,BOURNE GALLETLY PRACTICE TEAM,E01026268,ALL,1
GP_PRAC_PAT_LIST,01/04/2026,C83054,BOURNE GALLETLY PRACTICE TEAM,E01026284,ALL,1
GP_PRAC_PAT_LIST,01/04/2026,C83054,BOURNE GALLETLY PRACTICE TEAM,E01026290,ALL,666
GP_PRAC_PAT_LIST,01/04/2026,C83054,BOURNE GALLETLY PRACTICE TEAM,E01026296,ALL,932
GP_PRAC_PAT_LIST,01/04/2026,C83054,BOURNE GALLETLY PRACTICE TEAM,E01026297,ALL,868
GP_PRAC_PAT_LIST,01/04/2026,C83054,BOURNE GALLETLY PRACTICE TEAM,E01026298,ALL,1244
GP_PRAC_PAT_LIST,01/04/2026,C83054,BOURNE GALLETLY PRACTICE TEAM,E01026299,ALL,685
GP_PRAC_PAT_LIST,01/04/2026,C83054,BOURNE GALLETLY PRACTICE TEAM,E01026300,ALL,859
GP_PRAC_PAT_LIST,01/04/2026,C83054,BOURNE GALLETLY PRACTICE TEAM,E01026302,ALL,813
GP_PRAC_PAT_LIST,01/04/2026,C83054,BOURNE GALLETLY PRACTICE TEAM,E01026304,ALL,1
GP_PRAC_PAT_LIST,01/04/2026,C83054,BOURNE GALLETLY PRACTICE TEAM,E01026305,ALL,1
GP_PRAC_PAT_LIST,01/04/2026,C83054,BOURNE GALLETLY PRACTICE TEAM,E01026306,ALL,1
GP_PRAC_PAT_LIST,01/04/2026,C83054,BOURNE GALLETLY PRACTICE TEAM,E01026316,ALL,125
GP_PRAC_PAT_LIST,01/04/2026,C83054,BOURNE GALLETLY PRACTICE TEAM,E01026330,ALL,532
GP_PRAC_PAT_LIST,01/04/2026,C83054,BOURNE GALLETLY PRACTICE TEAM,E01026331,ALL,2
GP_PRAC_PAT_LIST,01/04/2026,C83054,BOURNE GALLETLY PRACTICE TEAM,E01026335,ALL,3
GP_PRAC_PAT_LIST,01/04/2026,C83054,BOURNE GALLETLY PRACTICE TEAM,E01026336,ALL,6
GP_PRAC_PAT_LIST,01/04/2026,C83054,BOURNE GALLETLY PRACTICE TEAM,E01026337,ALL,1
GP_PRAC_PAT_LIST,01/04/2026,C83054,BOURNE GALLETLY PRACTICE TEAM,E01026341,ALL,995
GP_PRAC_PAT_LIST,01/04/2026,C83054,BOURNE GALLETLY PRACTICE TEAM,E01026342,ALL,840
GP_PRAC_PAT_LIST,01/04/2026,C83054,BOURNE GALLETLY PRACTICE TEAM,E01026346,ALL,1
GP_PRAC_PAT_LIST,01/04/2026,C83054,BOURNE GALLETLY PRACTICE TEAM,E01026347,ALL,1
GP_PRAC_PAT_LIST,01/04/2026,C83054,BOURNE GALLETLY PRACTICE TEAM,E01026350,ALL,2
GP_PRAC_PAT_LIST,01/04/2026,C83054,BOURNE GALLETLY PRACTICE TEAM,E01026359,ALL,6
GP_PRAC_PAT_LIST,01/04/2026,C83054,BOURNE GALLETLY PRACTICE TEAM,E01026360,ALL,1180
GP_PRAC_PAT_LIST,01/04/2026,C83054,BOURNE GALLETLY PRACTICE TEAM,E01026361,ALL,3
GP_PRAC_PAT_LIST,01/04/2026,C83054,BOURNE GALLETLY PRACTICE TEAM,E01026362,ALL,326
GP_PRAC_PAT_LIST,01/04/2026,C83054,BOURNE GALLETLY PRACTICE TEAM,E01026363,ALL,10
GP_PRAC_PAT_LIST,01/04/2026,C83054,BOURNE GALLETLY PRACTICE TEAM,E01026364,ALL,531
GP_PRAC_PAT_LIST,01/04/2026,C83054,BOURNE GALLETLY PRACTICE TEAM,E01027033,ALL,1
GP_PRAC_PAT_LIST,01/04/2026,C83054,BOURNE GALLETLY PRACTICE TEAM,E01028204,ALL,1
GP_PRAC_PAT_LIST,01/04/2026,C83054,BOURNE GALLETLY PRACTICE TEAM,E01030348,ALL,1
GP_PRAC_PAT_LIST,01/04/2026,C83054,BOURNE GALLETLY PRACTICE TEAM,E01032997,ALL,643
GP_PRAC_PAT_LIST,01/04/2026,C83054,BOURNE GALLETLY PRACTICE TEAM,E01032998,ALL,1020
GP_PRAC_PAT_LIST,01/04/2026,C83054,BOURNE GALLETLY PRACTICE TEAM,E01032999,ALL,636
GP_PRAC_PAT_LIST,01/04/2026,C83054,BOURNE GALLETLY PRACTICE TEAM,E01033058,ALL,1
GP_PRAC_PAT_LIST,01/04/2026,C83054,BOURNE GALLETLY PRACTICE TEAM,E01034682,ALL,1
GP_PRAC_PAT_LIST,01/04/2026,C83054,BOURNE GALLETLY PRACTICE TEAM,E01034700,ALL,1
GP_PRAC_PAT_LIST,01/04/2026,C83054,BOURNE GALLETLY PRACTICE TEAM,E01034703,ALL,945
GP_PRAC_PAT_LIST,01/04/2026,C83054,BOURNE GALLETLY PRACTICE TEAM,E01034704,ALL,1216
GP_PRAC_PAT_LIST,01/04/2026,C83054,BOURNE GALLETLY PRACTICE TEAM,E01034705,ALL,855
GP_PRAC_PAT_LIST,01/04/2026,C83054,BOURNE GALLETLY PRACTICE TEAM,E01035547,ALL,1
GP_PRAC_PAT_LIST,01/04/2026,C83054,BOURNE GALLETLY PRACTICE TEAM,EMPTY,ALL,3
GP_PRAC_PAT_LIST,01/04/2026,C83055,STICKNEY SURGERY,CLOSED,ALL,5
GP_PRAC_PAT_LIST,01/04/2026,C83055,STICKNEY SURGERY,E01013125,ALL,1
GP_PRAC_PAT_LIST,01/04/2026,C83055,STICKNEY SURGERY,E01019433,ALL,1
GP_PRAC_PAT_LIST,01/04/2026,C83055,STICKNEY SURGERY,E01026007,ALL,3
GP_PRAC_PAT_LIST,01/04/2026,C83055,STICKNEY SURGERY,E01026008,ALL,9
GP_PRAC_PAT_LIST,01/04/2026,C83055,STICKNEY SURGERY,E01026012,ALL,1
GP_PRAC_PAT_LIST,01/04/2026,C83055,STICKNEY SURGERY,E01026013,ALL,12
GP_PRAC_PAT_LIST,01/04/2026,C83055,STICKNEY SURGERY,E01026019,ALL,1
GP_PRAC_PAT_LIST,01/04/2026,C83055,STICKNEY SURGERY,E01026022,ALL,27
GP_PRAC_PAT_LIST,01/04/2026,C83055,STICKNEY SURGERY,E01026023,ALL,48
GP_PRAC_PAT_LIST,01/04/2026,C83055,STICKNEY SURGERY,E01026024,ALL,116
GP_PRAC_PAT_LIST,01/04/2026,C83055,STICKNEY SURGERY,E01026051,ALL,4
GP_PRAC_PAT_LIST,01/04/2026,C83055,STICKNEY SURGERY,E01026055,ALL,2
GP_PRAC_PAT_LIST,01/04/2026,C83055,STICKNEY SURGERY,E01026057,ALL,903
GP_PRAC_PAT_LIST,01/04/2026,C83055,STICKNEY SURGERY,E01026059,ALL,173
GP_PRAC_PAT_LIST,01/04/2026,C83055,STICKNEY SURGERY,E01026060,ALL,664
GP_PRAC_PAT_LIST,01/04/2026,C83055,STICKNEY SURGERY,E01026068,ALL,6
GP_PRAC_PAT_LIST,01/04/2026,C83055,STICKNEY SURGERY,E01026070,ALL,1
GP_PRAC_PAT_LIST,01/04/2026,C83055,STICKNEY SURGERY,E01026075,ALL,631
GP_PRAC_PAT_LIST,01/04/2026,C83055,STICKNEY SURGERY,E01026098,ALL,1264
GP_PRAC_PAT_LIST,01/04/2026,C83055,STICKNEY SURGERY,E01026100,ALL,8
GP_PRAC_PAT_LIST,01/04/2026,C83055,STICKNEY SURGERY,E01026101,ALL,5
GP_PRAC_PAT_LIST,01/04/2026,C83055,STICKNEY SURGERY,E01026102,ALL,2326
GP_PRAC_PAT_LIST,01/04/2026,C83055,STICKNEY SURGERY,E01026108,ALL,1
GP_PRAC_PAT_LIST,01/04/2026,C83055,STICKNEY SURGERY,E01026110,ALL,1
GP_PRAC_PAT_LIST,01/04/2026,C83055,STICKNEY SURGERY,E01026111,ALL,17
GP_PRAC_PAT_LIST,01/04/2026,C83055,STICKNEY SURGERY,E01026112,ALL,1
GP_PRAC_PAT_LIST,01/04/2026,C83055,STICKNEY SURGERY,E01026125,ALL,1
GP_PRAC_PAT_LIST,01/04/2026,C83055,STICKNEY SURGERY,E01027822,ALL,1
GP_PRAC_PAT_LIST,01/04/2026,C83055,STICKNEY SURGERY,E01028288,ALL,1
GP_PRAC_PAT_LIST,01/04/2026,C83055,STICKNEY SURGERY,E01028432,ALL,1
GP_PRAC_PAT_LIST,01/04/2026,C83056,EAST LINDSEY MEDICAL GROUP,CLOSED,ALL,4
GP_PRAC_PAT_LIST,01/04/2026,C83056,EAST LINDSEY MEDICAL GROUP,E01007557,ALL,1
GP_PRAC_PAT_LIST,01/04/2026,C83056,EAST LINDSEY MEDICAL GROUP,E01011222,ALL,1
GP_PRAC_PAT_LIST,01/04/2026,C83056,EAST LINDSEY MEDICAL GROUP,E01012348,ALL,1
GP_PRAC_PAT_LIST,01/04/2026,C83056,EAST LINDSEY MEDICAL GROUP,E01012848,ALL,1
GP_PRAC_PAT_LIST,01/04/2026,C83056,EAST LINDSEY MEDICAL GROUP,E01013128,ALL,1
GP_PRAC_PAT_LIST,01/04/2026,C83056,EAST LINDSEY MEDICAL GROUP,E01013140,ALL,1
GP_PRAC_PAT_LIST,01/04/2026,C83056,EAST LINDSEY MEDICAL GROUP,E01013157,ALL,1
GP_PRAC_PAT_LIST,01/04/2026,C83056,EAST LINDSEY MEDICAL GROUP,E01013158,ALL,1
GP_PRAC_PAT_LIST,01/04/2026,C83056,EAST LINDSEY MEDICAL GROUP,E01013171,ALL,1
GP_PRAC_PAT_LIST,01/04/2026,C83056,EAST LINDSEY MEDICAL GROUP,E01013175,ALL,1
GP_PRAC_PAT_LIST,01/04/2026,C83056,EAST LINDSEY MEDICAL GROUP,E01013197,ALL,1
GP_PRAC_PAT_LIST,01/04/2026,C83056,EAST LINDSEY MEDICAL GROUP,E01013199,ALL,2
GP_PRAC_PAT_LIST,01/04/2026,C83056,EAST LINDSEY MEDICAL GROUP,E01013207,ALL,1
GP_PRAC_PAT_LIST,01/04/2026,C83056,EAST LINDSEY MEDICAL GROUP,E01013210,ALL,1
GP_PRAC_PAT_LIST,01/04/2026,C83056,EAST LINDSEY MEDICAL GROUP,E01013216,ALL,1
GP_PRAC_PAT_LIST,01/04/2026,C83056,EAST LINDSEY MEDICAL GROUP,E01013219,ALL,1
GP_PRAC_PAT_LIST,01/04/2026,C83056,EAST LINDSEY MEDICAL GROUP,E01013225,ALL,3
GP_PRAC_PAT_LIST,01/04/2026,C83056,EAST LINDSEY MEDICAL GROUP,E01013226,ALL,1
GP_PRAC_PAT_LIST,01/04/2026,C83056,EAST LINDSEY MEDICAL GROUP,E01013227,ALL,1
GP_PRAC_PAT_LIST,01/04/2026,C83056,EAST LINDSEY MEDICAL GROUP,E01015616,ALL,1
GP_PRAC_PAT_LIST,01/04/2026,C83056,EAST LINDSEY MEDICAL GROUP,E01018051,ALL,1
GP_PRAC_PAT_LIST,01/04/2026,C83056,EAST LINDSEY MEDICAL GROUP,E01018146,ALL,1
GP_PRAC_PAT_LIST,01/04/2026,C83056,EAST LINDSEY MEDICAL GROUP,E01018715,ALL,1
GP_PRAC_PAT_LIST,01/04/2026,C83056,EAST LINDSEY MEDICAL GROUP,E01022883,ALL,1
GP_PRAC_PAT_LIST,01/04/2026,C83056,EAST LINDSEY MEDICAL GROUP,E01025704,ALL,1
GP_PRAC_PAT_LIST,01/04/2026,C83056,EAST LINDSEY MEDICAL GROUP,E01025718,ALL,1
GP_PRAC_PAT_LIST,01/04/2026,C83056,EAST LINDSEY MEDICAL GROUP,E01025719,ALL,1
GP_PRAC_PAT_LIST,01/04/2026,C83056,EAST LINDSEY MEDICAL GROUP,E01026025,ALL,1
GP_PRAC_PAT_LIST,01/04/2026,C83056,EAST LINDSEY MEDICAL GROUP,E01026036,ALL,1
GP_PRAC_PAT_LIST,01/04/2026,C83056,EAST LINDSEY MEDICAL GROUP,E01026042,ALL,56
GP_PRAC_PAT_LIST,01/04/2026,C83056,EAST LINDSEY MEDICAL GROUP,E01026043,ALL,73
GP_PRAC_PAT_LIST,01/04/2026,C83056,EAST LINDSEY MEDICAL GROUP,E01026044,ALL,37
GP_PRAC_PAT_LIST,01/04/2026,C83056,EAST LINDSEY MEDICAL GROUP,E01026045,ALL,325
GP_PRAC_PAT_LIST,01/04/2026,C83056,EAST LINDSEY MEDICAL GROUP,E01026047,ALL,1
GP_PRAC_PAT_LIST,01/04/2026,C83056,EAST LINDSEY MEDICAL GROUP,E01026049,ALL,8
GP_PRAC_PAT_LIST,01/04/2026,C83056,EAST LINDSEY MEDICAL GROUP,E01026051,ALL,5
GP_PRAC_PAT_LIST,01/04/2026,C83056,EAST LINDSEY MEDICAL GROUP,E01026052,ALL,4
GP_PRAC_PAT_LIST,01/04/2026,C83056,EAST LINDSEY MEDICAL GROUP,E01026053,ALL,3
GP_PRAC_PAT_LIST,01/04/2026,C83056,EAST LINDSEY MEDICAL GROUP,E01026055,ALL,9
GP_PRAC_PAT_LIST,01/04/2026,C83056,EAST LINDSEY MEDICAL GROUP,E01026056,ALL,1
GP_PRAC_PAT_LIST,01/04/2026,C83056,EAST LINDSEY MEDICAL GROUP,E01026058,ALL,534
GP_PRAC_PAT_LIST,01/04/2026,C83056,EAST LINDSEY MEDICAL GROUP,E01026059,ALL,41
GP_PRAC_PAT_LIST,01/04/2026,C83056,EAST LINDSEY MEDICAL GROUP,E01026060,ALL,50
GP_PRAC_PAT_LIST,01/04/2026,C83056,EAST LINDSEY MEDICAL GROUP,E01026062,ALL,1
GP_PRAC_PAT_LIST,01/04/2026,C83056,EAST LINDSEY MEDICAL GROUP,E01026063,ALL,1
GP_PRAC_PAT_LIST,01/04/2026,C83056,EAST LINDSEY MEDICAL GROUP,E01026064,ALL,82
GP_PRAC_PAT_LIST,01/04/2026,C83056,EAST LINDSEY MEDICAL GROUP,E01026065,ALL,120
GP_PRAC_PAT_LIST,01/04/2026,C83056,EAST LINDSEY MEDICAL GROUP,E01026066,ALL,146
GP_PRAC_PAT_LIST,01/04/2026,C83056,EAST LINDSEY MEDICAL GROUP,E01026067,ALL,79
GP_PRAC_PAT_LIST,01/04/2026,C83056,EAST LINDSEY MEDICAL GROUP,E01026068,ALL,529
GP_PRAC_PAT_LIST,01/04/2026,C83056,EAST LINDSEY MEDICAL GROUP,E01026070,ALL,1150
GP_PRAC_PAT_LIST,01/04/2026,C83056,EAST LINDSEY MEDICAL GROUP,E01026071,ALL,529
GP_PRAC_PAT_LIST,01/04/2026,C83056,EAST LINDSEY MEDICAL GROUP,E01026072,ALL,2
GP_PRAC_PAT_LIST,01/04/2026,C83056,EAST LINDSEY MEDICAL GROUP,E01026073,ALL,2
GP_PRAC_PAT_LIST,01/04/2026,C83056,EAST LINDSEY MEDICAL GROUP,E01026074,ALL,1
GP_PRAC_PAT_LIST,01/04/2026,C83056,EAST LINDSEY MEDICAL GROUP,E01026075,ALL,19
GP_PRAC_PAT_LIST,01/04/2026,C83056,EAST LINDSEY MEDICAL GROUP,E01026076,ALL,255
GP_PRAC_PAT_LIST,01/04/2026,C83056,EAST LINDSEY MEDICAL GROUP,E01026077,ALL,883
GP_PRAC_PAT_LIST,01/04/2026,C83056,EAST LINDSEY MEDICAL GROUP,E01026078,ALL,406
GP_PRAC_PAT_LIST,01/04/2026,C83056,EAST LINDSEY MEDICAL GROUP,E01026079,ALL,57
GP_PRAC_PAT_LIST,01/04/2026,C83056,EAST LINDSEY MEDICAL GROUP,E01026080,ALL,140
GP_PRAC_PAT_LIST,01/04/2026,C83056,EAST LINDSEY MEDICAL GROUP,E01026081,ALL,1137
GP_PRAC_PAT_LIST,01/04/2026,C83056,EAST LINDSEY MEDICAL GROUP,E01026082,ALL,28
GP_PRAC_PAT_LIST,01/04/2026,C83056,EAST LINDSEY MEDICAL GROUP,E01026087,ALL,603
GP_PRAC_PAT_LIST,01/04/2026,C83056,EAST LINDSEY MEDICAL GROUP,E01026088,ALL,567
GP_PRAC_PAT_LIST,01/04/2026,C83056,EAST LINDSEY MEDICAL GROUP,E01026089,ALL,1007
GP_PRAC_PAT_LIST,01/04/2026,C83056,EAST LINDSEY MEDICAL GROUP,E01026090,ALL,704
GP_PRAC_PAT_LIST,01/04/2026,C83056,EAST LINDSEY MEDICAL GROUP,E01026091,ALL,901
GP_PRAC_PAT_LIST,01/04/2026,C83056,EAST LINDSEY MEDICAL GROUP,E01026092,ALL,3
GP_PRAC_PAT_LIST,01/04/2026,C83056,EAST LINDSEY MEDICAL GROUP,E01026093,ALL,4
GP_PRAC_PAT_LIST,01/04/2026,C83056,EAST LINDSEY MEDICAL GROUP,E01026094,ALL,1
GP_PRAC_PAT_LIST,01/04/2026,C83056,EAST LINDSEY MEDICAL GROUP,E01026098,ALL,2
GP_PRAC_PAT_LIST,01/04/2026,C83056,EAST LINDSEY MEDICAL GROUP,E01026099,ALL,151
GP_PRAC_PAT_LIST,01/04/2026,C83056,EAST LINDSEY MEDICAL GROUP,E01026100,ALL,44
GP_PRAC_PAT_LIST,01/04/2026,C83056,EAST LINDSEY MEDICAL GROUP,E01026101,ALL,28
GP_PRAC_PAT_LIST,01/04/2026,C83056,EAST LINDSEY MEDICAL GROUP,E01026102,ALL,1
GP_PRAC_PAT_LIST,01/04/2026,C83056,EAST LINDSEY MEDICAL GROUP,E01026103,ALL,4
GP_PRAC_PAT_LIST,01/04/2026,C83056,EAST LINDSEY MEDICAL GROUP,E01026104,ALL,1
GP_PRAC_PAT_LIST,01/04/2026,C83056,EAST LINDSEY MEDICAL GROUP,E01026105,ALL,1077
GP_PRAC_PAT_LIST,01/04/2026,C83056,EAST LINDSEY MEDICAL GROUP,E01026106,ALL,1
GP_PRAC_PAT_LIST,01/04/2026,C83056,EAST LINDSEY MEDICAL GROUP,E01026107,ALL,2
GP_PRAC_PAT_LIST,01/04/2026,C83056,EAST LINDSEY MEDICAL GROUP,E01026108,ALL,956
GP_PRAC_PAT_LIST,01/04/2026,C83056,EAST LINDSEY MEDICAL GROUP,E01026109,ALL,1
GP_PRAC_PAT_LIST,01/04/2026,C83056,EAST LINDSEY MEDICAL GROUP,E01026113,ALL,61
GP_PRAC_PAT_LIST,01/04/2026,C83056,EAST LINDSEY MEDICAL GROUP,E01026117,ALL,301
GP_PRAC_PAT_LIST,01/04/2026,C83056,EAST LINDSEY MEDICAL GROUP,E01026118,ALL,21
GP_PRAC_PAT_LIST,01/04/2026,C83056,EAST LINDSEY MEDICAL GROUP,E01026119,ALL,5
GP_PRAC_PAT_LIST,01/04/2026,C83056,EAST LINDSEY MEDICAL GROUP,E01026120,ALL,8
GP_PRAC_PAT_LIST,01/04/2026,C83056,EAST LINDSEY MEDICAL GROUP,E01026121,ALL,13
GP_PRAC_PAT_LIST,01/04/2026,C83056,EAST LINDSEY MEDICAL GROUP,E01026125,ALL,1
GP_PRAC_PAT_LIST,01/04/2026,C83056,EAST LINDSEY MEDICAL GROUP,E01026126,ALL,2
GP_PRAC_PAT_LIST,01/04/2026,C83056,EAST LINDSEY MEDICAL GROUP,E01026147,ALL,1
GP_PRAC_PAT_LIST,01/04/2026,C83056,EAST LINDSEY MEDICAL GROUP,E01026148,ALL,1
GP_PRAC_PAT_LIST,01/04/2026,C83056,EAST LINDSEY MEDICAL GROUP,E01026151,ALL,1
GP_PRAC_PAT_LIST,01/04/2026,C83056,EAST LINDSEY MEDICAL GROUP,E01026176,ALL,1
GP_PRAC_PAT_LIST,01/04/2026,C83056,EAST LINDSEY MEDICAL GROUP,E01026200,ALL,1
GP_PRAC_PAT_LIST,01/04/2026,C83056,EAST LINDSEY MEDICAL GROUP,E01026210,ALL,1
GP_PRAC_PAT_LIST,01/04/2026,C83056,EAST LINDSEY MEDICAL GROUP,E01026366,ALL,4
GP_PRAC_PAT_LIST,01/04/2026,C83056,EAST LINDSEY MEDICAL GROUP,E01026368,ALL,2
GP_PRAC_PAT_LIST,01/04/2026,C83056,EAST LINDSEY MEDICAL GROUP,E01026389,ALL,1
GP_PRAC_PAT_LIST,01/04/2026,C83056,EAST LINDSEY MEDICAL GROUP,E01026391,ALL,3
GP_PRAC_PAT_LIST,01/04/2026,C83056,EAST LINDSEY MEDICAL GROUP,E01026409,ALL,1
GP_PRAC_PAT_LIST,01/04/2026,C83056,EAST LINDSEY MEDICAL GROUP,E01026415,ALL,10
GP_PRAC_PAT_LIST,01/04/2026,C83056,EAST LINDSEY MEDICAL GROUP,E01028092,ALL,1
GP_PRAC_PAT_LIST,01/04/2026,C83056,EAST LINDSEY MEDICAL GROUP,E01029855,ALL,1
GP_PRAC_PAT_LIST,01/04/2026,C83056,EAST LINDSEY MEDICAL GROUP,E01031173,ALL,1
GP_PRAC_PAT_LIST,01/04/2026,C83056,EAST LINDSEY MEDICAL GROUP,E01031928,ALL,1
GP_PRAC_PAT_LIST,01/04/2026,C83056,EAST LINDSEY MEDICAL GROUP,E01032772,ALL,1
GP_PRAC_PAT_LIST,01/04/2026,C83056,EAST LINDSEY MEDICAL GROUP,E01032986,ALL,373
GP_PRAC_PAT_LIST,01/04/2026,C83056,EAST LINDSEY MEDICAL GROUP,E01032987,ALL,481
GP_PRAC_PAT_LIST,01/04/2026,C83056,EAST LINDSEY MEDICAL GROUP,E01033414,ALL,2
GP_PRAC_PAT_LIST,01/04/2026,C83056,EAST LINDSEY MEDICAL GROUP,E01034685,ALL,1
GP_PRAC_PAT_LIST,01/04/2026,C83056,EAST LINDSEY MEDICAL GROUP,E01035023,ALL,1
GP_PRAC_PAT_LIST,01/04/2026,C83056,EAST LINDSEY MEDICAL GROUP,E01035041,ALL,1
GP_PRAC_PAT_LIST,01/04/2026,C83056,EAST LINDSEY MEDICAL GROUP,E01035243,ALL,1
GP_PRAC_PAT_LIST,01/04/2026,C83056,EAST LINDSEY MEDICAL GROUP,E01035466,ALL,1
GP_PRAC_PAT_LIST,01/04/2026,C83056,EAST LINDSEY MEDICAL GROUP,E01035480,ALL,1
GP_PRAC_PAT_LIST,01/04/2026,C83056,EAST LINDSEY MEDICAL GROUP,EMPTY,ALL,12
GP_PRAC_PAT_LIST,01/04/2026,C83056,EAST LINDSEY MEDICAL GROUP,S01014347,ALL,1
GP_PRAC_PAT_LIST,01/04/2026,C83056,EAST LINDSEY MEDICAL GROUP,W01001108,ALL,1
GP_PRAC_PAT_LIST,01/04/2026,C83057,KIRTON MEDICAL CENTRE,CLOSED,ALL,4
GP_PRAC_PAT_LIST,01/04/2026,C83057,KIRTON MEDICAL CENTRE,E01011100,ALL,1
GP_PRAC_PAT_LIST,01/04/2026,C83057,KIRTON MEDICAL CENTRE,E01013690,ALL,1
GP_PRAC_PAT_LIST,01/04/2026,C83057,KIRTON MEDICAL CENTRE,E01015676,ALL,1
GP_PRAC_PAT_LIST,01/04/2026,C83057,KIRTON MEDICAL CENTRE,E01025036,ALL,1
GP_PRAC_PAT_LIST,01/04/2026,C83057,KIRTON MEDICAL CENTRE,E01026007,ALL,4
GP_PRAC_PAT_LIST,01/04/2026,C83057,KIRTON MEDICAL CENTRE,E01026010,ALL,1
GP_PRAC_PAT_LIST,01/04/2026,C83057,KIRTON MEDICAL CENTRE,E01026014,ALL,2
GP_PRAC_PAT_LIST,01/04/2026,C83057,KIRTON MEDICAL CENTRE,E01026015,ALL,1
GP_PRAC_PAT_LIST,01/04/2026,C83057,KIRTON MEDICAL CENTRE,E01026016,ALL,301
GP_PRAC_PAT_LIST,01/04/2026,C83057,KIRTON MEDICAL CENTRE,E01026017,ALL,341
GP_PRAC_PAT_LIST,01/04/2026,C83057,KIRTON MEDICAL CENTRE,E01026018,ALL,900
GP_PRAC_PAT_LIST,01/04/2026,C83057,KIRTON MEDICAL CENTRE,E01026019,ALL,1952
GP_PRAC_PAT_LIST,01/04/2026,C83057,KIRTON MEDICAL CENTRE,E01026020,ALL,2349
GP_PRAC_PAT_LIST,01/04/2026,C83057,KIRTON MEDICAL CENTRE,E01026021,ALL,8
GP_PRAC_PAT_LIST,01/04/2026,C83057,KIRTON MEDICAL CENTRE,E01026022,ALL,2
GP_PRAC_PAT_LIST,01/04/2026,C83057,KIRTON MEDICAL CENTRE,E01026026,ALL,3
GP_PRAC_PAT_LIST,01/04/2026,C83057,KIRTON MEDICAL CENTRE,E01026027,ALL,1
GP_PRAC_PAT_LIST,01/04/2026,C83057,KIRTON MEDICAL CENTRE,E01026030,ALL,2
GP_PRAC_PAT_LIST,01/04/2026,C83057,KIRTON MEDICAL CENTRE,E01026031,ALL,4
GP_PRAC_PAT_LIST,01/04/2026,C83057,KIRTON MEDICAL CENTRE,E01026033,ALL,81
GP_PRAC_PAT_LIST,01/04/2026,C83057,KIRTON MEDICAL CENTRE,E01026034,ALL,118
GP_PRAC_PAT_LIST,01/04/2026,C83057,KIRTON MEDICAL CENTRE,E01026035,ALL,127
GP_PRAC_PAT_LIST,01/04/2026,C83057,KIRTON MEDICAL CENTRE,E01026036,ALL,1
GP_PRAC_PAT_LIST,01/04/2026,C83057,KIRTON MEDICAL CENTRE,E01026037,ALL,2
GP_PRAC_PAT_LIST,01/04/2026,C83057,KIRTON MEDICAL CENTRE,E01026039,ALL,397
GP_PRAC_PAT_LIST,01/04/2026,C83057,KIRTON MEDICAL CENTRE,E01026040,ALL,603
GP_PRAC_PAT_LIST,01/04/2026,C83057,KIRTON MEDICAL CENTRE,E01026041,ALL,536
GP_PRAC_PAT_LIST,01/04/2026,C83057,KIRTON MEDICAL CENTRE,E01026057,ALL,7
GP_PRAC_PAT_LIST,01/04/2026,C83057,KIRTON MEDICAL CENTRE,E01026059,ALL,1
GP_PRAC_PAT_LIST,01/04/2026,C83057,KIRTON MEDICAL CENTRE,E01026073,ALL,1
GP_PRAC_PAT_LIST,01/04/2026,C83057,KIRTON MEDICAL CENTRE,E01026075,ALL,1
GP_PRAC_PAT_LIST,01/04/2026,C83057,KIRTON MEDICAL CENTRE,E01026124,ALL,1
GP_PRAC_PAT_LIST,01/04/2026,C83057,KIRTON MEDICAL CENTRE,E01026190,ALL,1
GP_PRAC_PAT_LIST,01/04/2026,C83057,KIRTON MEDICAL CENTRE,E01026231,ALL,1
GP_PRAC_PAT_LIST,01/04/2026,C83057,KIRTON MEDICAL CENTRE,E01026242,ALL,18
GP_PRAC_PAT_LIST,01/04/2026,C83057,KIRTON MEDICAL CENTRE,E01026243,ALL,23
GP_PRAC_PAT_LIST,01/04/2026,C83057,KIRTON MEDICAL CENTRE,E01026244,ALL,7
GP_PRAC_PAT_LIST,01/04/2026,C83057,KIRTON MEDICAL CENTRE,E01026246,ALL,1
GP_PRAC_PAT_LIST,01/04/2026,C83057,KIRTON MEDICAL CENTRE,E01026247,ALL,12
GP_PRAC_PAT_LIST,01/04/2026,C83057,KIRTON MEDICAL CENTRE,E01026252,ALL,2
GP_PRAC_PAT_LIST,01/04/2026,C83057,KIRTON MEDICAL CENTRE,E01026263,ALL,3
GP_PRAC_PAT_LIST,01/04/2026,C83057,KIRTON MEDICAL CENTRE,E01026272,ALL,1
GP_PRAC_PAT_LIST,01/04/2026,C83057,KIRTON MEDICAL CENTRE,E01026276,ALL,6
GP_PRAC_PAT_LIST,01/04/2026,C83057,KIRTON MEDICAL CENTRE,E01026283,ALL,2
GP_PRAC_PAT_LIST,01/04/2026,C83057,KIRTON MEDICAL CENTRE,E01026331,ALL,1
GP_PRAC_PAT_LIST,01/04/2026,C83057,KIRTON MEDICAL CENTRE,E01026411,ALL,1
GP_PRAC_PAT_LIST,01/04/2026,C83057,KIRTON MEDICAL CENTRE,E01026659,ALL,1
GP_PRAC_PAT_LIST,01/04/2026,C83057,KIRTON MEDICAL CENTRE,E01027032,ALL,1
GP_PRAC_PAT_LIST,01/04/2026,C83057,KIRTON MEDICAL CENTRE,E01034679,ALL,2
GP_PRAC_PAT_LIST,01/04/2026,C83057,KIRTON MEDICAL CENTRE,E01034681,ALL,2
GP_PRAC_PAT_LIST,01/04/2026,C83057,KIRTON MEDICAL CENTRE,E01034682,ALL,44
GP_PRAC_PAT_LIST,01/04/2026,C83057,KIRTON MEDICAL CENTRE,E01034683,ALL,214
GP_PRAC_PAT_LIST,01/04/2026,C83057,KIRTON MEDICAL CENTRE,E01034684,ALL,258
GP_PRAC_PAT_LIST,01/04/2026,C83057,KIRTON MEDICAL CENTRE,E01034700,ALL,1
GP_PRAC_PAT_LIST,01/04/2026,C83057,KIRTON MEDICAL CENTRE,E01035031,ALL,1
GP_PRAC_PAT_LIST,01/04/2026,C83057,KIRTON MEDICAL CENTRE,EMPTY,ALL,2
GP_PRAC_PAT_LIST,01/04/2026,C83058,WASHINGBOROUGH SURGERY,CLOSED,ALL,1
GP_PRAC_PAT_LIST,01/04/2026,C83058,WASHINGBOROUGH SURGERY,E01002228,ALL,1
GP_PRAC_PAT_LIST,01/04/2026,C83058,WASHINGBOROUGH SURGERY,E01004533,ALL,1
GP_PRAC_PAT_LIST,01/04/2026,C83058,WASHINGBOROUGH SURGERY,E01020420,ALL,1
GP_PRAC_PAT_LIST,01/04/2026,C83058,WASHINGBOROUGH SURGERY,E01026081,ALL,1
GP_PRAC_PAT_LIST,01/04/2026,C83058,WASHINGBOROUGH SURGERY,E01026149,ALL,1
GP_PRAC_PAT_LIST,01/04/2026,C83058,WASHINGBOROUGH SURGERY,E01026171,ALL,1
GP_PRAC_PAT_LIST,01/04/2026,C83058,WASHINGBOROUGH SURGERY,E01026174,ALL,1
GP_PRAC_PAT_LIST,01/04/2026,C83058,WASHINGBOROUGH SURGERY,E01026176,ALL,22
GP_PRAC_PAT_LIST,01/04/2026,C83058,WASHINGBOROUGH SURGERY,E01026178,ALL,1
GP_PRAC_PAT_LIST,01/04/2026,C83058,WASHINGBOROUGH SURGERY,E01026183,ALL,1
GP_PRAC_PAT_LIST,01/04/2026,C83058,WASHINGBOROUGH SURGERY,E01026184,ALL,1
GP_PRAC_PAT_LIST,01/04/2026,C83058,WASHINGBOROUGH SURGERY,E01026186,ALL,5
GP_PRAC_PAT_LIST,01/04/2026,C83058,WASHINGBOROUGH SURGERY,E01026187,ALL,19
GP_PRAC_PAT_LIST,01/04/2026,C83058,WASHINGBOROUGH SURGERY,E01026188,ALL,1
GP_PRAC_PAT_LIST,01/04/2026,C83058,WASHINGBOROUGH SURGERY,E01026189,ALL,1024
GP_PRAC_PAT_LIST,01/04/2026,C83058,WASHINGBOROUGH SURGERY,E01026190,ALL,1066
GP_PRAC_PAT_LIST,01/04/2026,C83058,WASHINGBOROUGH SURGERY,E01026191,ALL,847
GP_PRAC_PAT_LIST,01/04/2026,C83058,WASHINGBOROUGH SURGERY,E01026203,ALL,1943
GP_PRAC_PAT_LIST,01/04/2026,C83058,WASHINGBOROUGH SURGERY,E01026204,ALL,1433
GP_PRAC_PAT_LIST,01/04/2026,C83058,WASHINGBOROUGH SURGERY,E01026205,ALL,1264
GP_PRAC_PAT_LIST,01/04/2026,C83058,WASHINGBOROUGH SURGERY,E01026206,ALL,1428
GP_PRAC_PAT_LIST,01/04/2026,C83058,WASHINGBOROUGH SURGERY,E01026207,ALL,1
GP_PRAC_PAT_LIST,01/04/2026,C83058,WASHINGBOROUGH SURGERY,E01026211,ALL,317
GP_PRAC_PAT_LIST,01/04/2026,C83058,WASHINGBOROUGH SURGERY,E01026220,ALL,2
GP_PRAC_PAT_LIST,01/04/2026,C83058,WASHINGBOROUGH SURGERY,E01026405,ALL,1
GP_PRAC_PAT_LIST,01/04/2026,C83058,WASHINGBOROUGH SURGERY,E01032953,ALL,1
GP_PRAC_PAT_LIST,01/04/2026,C83058,WASHINGBOROUGH SURGERY,E01032986,ALL,1
GP_PRAC_PAT_LIST,01/04/2026,C83058,WASHINGBOROUGH SURGERY,E01032991,ALL,4
GP_PRAC_PAT_LIST,01/04/2026,C83059,GREYFRIARS SURGERY,CLOSED,ALL,3
GP_PRAC_PAT_LIST,01/04/2026,C83059,GREYFRIARS SURGERY,E01000538,ALL,1
GP_PRAC_PAT_LIST,01/04/2026,C83059,GREYFRIARS SURGERY,E01015661,ALL,1
GP_PRAC_PAT_LIST,01/04/2026,C83059,GREYFRIARS SURGERY,E01015692,ALL,1
GP_PRAC_PAT_LIST,01/04/2026,C83059,GREYFRIARS SURGERY,E01016943,ALL,1
GP_PRAC_PAT_LIST,01/04/2026,C83059,GREYFRIARS SURGERY,E01017478,ALL,1
GP_PRAC_PAT_LIST,01/04/2026,C83059,GREYFRIARS SURGERY,E01023750,ALL,1
GP_PRAC_PAT_LIST,01/04/2026,C83059,GREYFRIARS SURGERY,E01024558,ALL,1
GP_PRAC_PAT_LIST,01/04/2026,C83059,GREYFRIARS SURGERY,E01026007,ALL,171
GP_PRAC_PAT_LIST,01/04/2026,C83059,GREYFRIARS SURGERY,E01026008,ALL,210
GP_PRAC_PAT_LIST,01/04/2026,C83059,GREYFRIARS SURGERY,E01026009,ALL,124
GP_PRAC_PAT_LIST,01/04/2026,C83059,GREYFRIARS SURGERY,E01026010,ALL,519
GP_PRAC_PAT_LIST,01/04/2026,C83059,GREYFRIARS SURGERY,E01026012,ALL,452
GP_PRAC_PAT_LIST,01/04/2026,C83059,GREYFRIARS SURGERY,E01026013,ALL,448
GP_PRAC_PAT_LIST,01/04/2026,C83059,GREYFRIARS SURGERY,E01026014,ALL,577
GP_PRAC_PAT_LIST,01/04/2026,C83059,GREYFRIARS SURGERY,E01026015,ALL,620
GP_PRAC_PAT_LIST,01/04/2026,C83059,GREYFRIARS SURGERY,E01026016,ALL,36
GP_PRAC_PAT_LIST,01/04/2026,C83059,GREYFRIARS SURGERY,E01026017,ALL,31
GP_PRAC_PAT_LIST,01/04/2026,C83059,GREYFRIARS SURGERY,E01026018,ALL,132
GP_PRAC_PAT_LIST,01/04/2026,C83059,GREYFRIARS SURGERY,E01026019,ALL,164
GP_PRAC_PAT_LIST,01/04/2026,C83059,GREYFRIARS SURGERY,E01026020,ALL,200
GP_PRAC_PAT_LIST,01/04/2026,C83059,GREYFRIARS SURGERY,E01026021,ALL,401
GP_PRAC_PAT_LIST,01/04/2026,C83059,GREYFRIARS SURGERY,E01026022,ALL,409
GP_PRAC_PAT_LIST,01/04/2026,C83059,GREYFRIARS SURGERY,E01026023,ALL,13
GP_PRAC_PAT_LIST,01/04/2026,C83059,GREYFRIARS SURGERY,E01026024,ALL,49
GP_PRAC_PAT_LIST,01/04/2026,C83059,GREYFRIARS SURGERY,E01026025,ALL,900
GP_PRAC_PAT_LIST,01/04/2026,C83059,GREYFRIARS SURGERY,E01026026,ALL,666
GP_PRAC_PAT_LIST,01/04/2026,C83059,GREYFRIARS SURGERY,E01026027,ALL,638
GP_PRAC_PAT_LIST,01/04/2026,C83059,GREYFRIARS SURGERY,E01026028,ALL,566
GP_PRAC_PAT_LIST,01/04/2026,C83059,GREYFRIARS SURGERY,E01026030,ALL,598
GP_PRAC_PAT_LIST,01/04/2026,C83059,GREYFRIARS SURGERY,E01026031,ALL,425
GP_PRAC_PAT_LIST,01/04/2026,C83059,GREYFRIARS SURGERY,E01026032,ALL,540
GP_PRAC_PAT_LIST,01/04/2026,C83059,GREYFRIARS SURGERY,E01026033,ALL,100
GP_PRAC_PAT_LIST,01/04/2026,C83059,GREYFRIARS SURGERY,E01026034,ALL,32
GP_PRAC_PAT_LIST,01/04/2026,C83059,GREYFRIARS SURGERY,E01026035,ALL,470
GP_PRAC_PAT_LIST,01/04/2026,C83059,GREYFRIARS SURGERY,E01026036,ALL,392
GP_PRAC_PAT_LIST,01/04/2026,C83059,GREYFRIARS SURGERY,E01026037,ALL,425
GP_PRAC_PAT_LIST,01/04/2026,C83059,GREYFRIARS SURGERY,E01026038,ALL,318
GP_PRAC_PAT_LIST,01/04/2026,C83059,GREYFRIARS SURGERY,E01026039,ALL,198
GP_PRAC_PAT_LIST,01/04/2026,C83059,GREYFRIARS SURGERY,E01026040,ALL,323
GP_PRAC_PAT_LIST,01/04/2026,C83059,GREYFRIARS SURGERY,E01026041,ALL,209
GP_PRAC_PAT_LIST,01/04/2026,C83059,GREYFRIARS SURGERY,E01026052,ALL,1
GP_PRAC_PAT_LIST,01/04/2026,C83059,GREYFRIARS SURGERY,E01026057,ALL,163
GP_PRAC_PAT_LIST,01/04/2026,C83059,GREYFRIARS SURGERY,E01026075,ALL,9
GP_PRAC_PAT_LIST,01/04/2026,C83059,GREYFRIARS SURGERY,E01026095,ALL,1
GP_PRAC_PAT_LIST,01/04/2026,C83059,GREYFRIARS SURGERY,E01026098,ALL,170
GP_PRAC_PAT_LIST,01/04/2026,C83059,GREYFRIARS SURGERY,E01026102,ALL,13
GP_PRAC_PAT_LIST,01/04/2026,C83059,GREYFRIARS SURGERY,E01026111,ALL,10
GP_PRAC_PAT_LIST,01/04/2026,C83059,GREYFRIARS SURGERY,E01026125,ALL,3
GP_PRAC_PAT_LIST,01/04/2026,C83059,GREYFRIARS SURGERY,E01026200,ALL,4
GP_PRAC_PAT_LIST,01/04/2026,C83059,GREYFRIARS SURGERY,E01026242,ALL,1
GP_PRAC_PAT_LIST,01/04/2026,C83059,GREYFRIARS SURGERY,E01026275,ALL,1
GP_PRAC_PAT_LIST,01/04/2026,C83059,GREYFRIARS SURGERY,E01026280,ALL,1
GP_PRAC_PAT_LIST,01/04/2026,C83059,GREYFRIARS SURGERY,E01027891,ALL,1
GP_PRAC_PAT_LIST,01/04/2026,C83059,GREYFRIARS SURGERY,E01032522,ALL,1
GP_PRAC_PAT_LIST,01/04/2026,C83059,GREYFRIARS SURGERY,E01032995,ALL,1
GP_PRAC_PAT_LIST,01/04/2026,C83059,GREYFRIARS SURGERY,E01034020,ALL,1
GP_PRAC_PAT_LIST,01/04/2026,C83059,GREYFRIARS SURGERY,E01034679,ALL,308
GP_PRAC_PAT_LIST,01/04/2026,C83059,GREYFRIARS SURGERY,E01034680,ALL,428
GP_PRAC_PAT_LIST,01/04/2026,C83059,GREYFRIARS SURGERY,E01034681,ALL,365
GP_PRAC_PAT_LIST,01/04/2026,C83059,GREYFRIARS SURGERY,E01034682,ALL,451
GP_PRAC_PAT_LIST,01/04/2026,C83059,GREYFRIARS SURGERY,E01034683,ALL,338
GP_PRAC_PAT_LIST,01/04/2026,C83059,GREYFRIARS SURGERY,E01034684,ALL,419
GP_PRAC_PAT_LIST,01/04/2026,C83059,GREYFRIARS SURGERY,EMPTY,ALL,18
GP_PRAC_PAT_LIST,01/04/2026,C83060,THE SIDINGS MEDICAL PRACTICE,CLOSED,ALL,1
GP_PRAC_PAT_LIST,01/04/2026,C83060,THE SIDINGS MEDICAL PRACTICE,E01000469,ALL,2
GP_PRAC_PAT_LIST,01/04/2026,C83060,THE SIDINGS MEDICAL PRACTICE,E01003345,ALL,1
GP_PRAC_PAT_LIST,01/04/2026,C83060,THE SIDINGS MEDICAL PRACTICE,E01004622,ALL,1
GP_PRAC_PAT_LIST,01/04/2026,C83060,THE SIDINGS MEDICAL PRACTICE,E01005593,ALL,1
GP_PRAC_PAT_LIST,01/04/2026,C83060,THE SIDINGS MEDICAL PRACTICE,E01007325,ALL,1
GP_PRAC_PAT_LIST,01/04/2026,C83060,THE SIDINGS MEDICAL PRACTICE,E01007557,ALL,1
GP_PRAC_PAT_LIST,01/04/2026,C83060,THE SIDINGS MEDICAL PRACTICE,E01009359,ALL,1
GP_PRAC_PAT_LIST,01/04/2026,C83060,THE SIDINGS MEDICAL PRACTICE,E01009461,ALL,1
GP_PRAC_PAT_LIST,01/04/2026,C83060,THE SIDINGS MEDICAL PRACTICE,E01010314,ALL,1
GP_PRAC_PAT_LIST,01/04/2026,C83060,THE SIDINGS MEDICAL PRACTICE,E01012819,ALL,1
GP_PRAC_PAT_LIST,01/04/2026,C83060,THE SIDINGS MEDICAL PRACTICE,E01013047,ALL,1
GP_PRAC_PAT_LIST,01/04/2026,C83060,THE SIDINGS MEDICAL PRACTICE,E01013138,ALL,1
GP_PRAC_PAT_LIST,01/04/2026,C83060,THE SIDINGS MEDICAL PRACTICE,E01013254,ALL,1
GP_PRAC_PAT_LIST,01/04/2026,C83060,THE SIDINGS MEDICAL PRACTICE,E01013572,ALL,1
GP_PRAC_PAT_LIST,01/04/2026,C83060,THE SIDINGS MEDICAL PRACTICE,E01013636,ALL,1
GP_PRAC_PAT_LIST,01/04/2026,C83060,THE SIDINGS MEDICAL PRACTICE,E01013816,ALL,1
GP_PRAC_PAT_LIST,01/04/2026,C83060,THE SIDINGS MEDICAL PRACTICE,E01013921,ALL,1
GP_PRAC_PAT_LIST,01/04/2026,C83060,THE SIDINGS MEDICAL PRACTICE,E01013957,ALL,1
GP_PRAC_PAT_LIST,01/04/2026,C83060,THE SIDINGS MEDICAL PRACTICE,E01014327,ALL,1
GP_PRAC_PAT_LIST,01/04/2026,C83060,THE SIDINGS MEDICAL PRACTICE,E01015032,ALL,1
GP_PRAC_PAT_LIST,01/04/2026,C83060,THE SIDINGS MEDICAL PRACTICE,E01015659,ALL,1
GP_PRAC_PAT_LIST,01/04/2026,C83060,THE SIDINGS MEDICAL PRACTICE,E01015661,ALL,1
GP_PRAC_PAT_LIST,01/04/2026,C83060,THE SIDINGS MEDICAL PRACTICE,E01018090,ALL,1
GP_PRAC_PAT_LIST,01/04/2026,C83060,THE SIDINGS MEDICAL PRACTICE,E01018145,ALL,2
GP_PRAC_PAT_LIST,01/04/2026,C83060,THE SIDINGS MEDICAL PRACTICE,E01018157,ALL,1
GP_PRAC_PAT_LIST,01/04/2026,C83060,THE SIDINGS MEDICAL PRACTICE,E01018439,ALL,1
GP_PRAC_PAT_LIST,01/04/2026,C83060,THE SIDINGS MEDICAL PRACTICE,E01019194,ALL,1
GP_PRAC_PAT_LIST,01/04/2026,C83060,THE SIDINGS MEDICAL PRACTICE,E01021306,ALL,1
GP_PRAC_PAT_LIST,01/04/2026,C83060,THE SIDINGS MEDICAL PRACTICE,E01021370,ALL,1
GP_PRAC_PAT_LIST,01/04/2026,C83060,THE SIDINGS MEDICAL PRACTICE,E01021382,ALL,1
GP_PRAC_PAT_LIST,01/04/2026,C83060,THE SIDINGS MEDICAL PRACTICE,E01022388,ALL,1
GP_PRAC_PAT_LIST,01/04/2026,C83060,THE SIDINGS MEDICAL PRACTICE,E01023163,ALL,1
GP_PRAC_PAT_LIST,01/04/2026,C83060,THE SIDINGS MEDICAL PRACTICE,E01024706,ALL,1
GP_PRAC_PAT_LIST,01/04/2026,C83060,THE SIDINGS MEDICAL PRACTICE,E01026007,ALL,153
GP_PRAC_PAT_LIST,01/04/2026,C83060,THE SIDINGS MEDICAL PRACTICE,E01026008,ALL,186
GP_PRAC_PAT_LIST,01/04/2026,C83060,THE SIDINGS MEDICAL PRACTICE,E01026009,ALL,109
GP_PRAC_PAT_LIST,01/04/2026,C83060,THE SIDINGS MEDICAL PRACTICE,E01026010,ALL,713
GP_PRAC_PAT_LIST,01/04/2026,C83060,THE SIDINGS MEDICAL PRACTICE,E01026012,ALL,289
GP_PRAC_PAT_LIST,01/04/2026,C83060,THE SIDINGS MEDICAL PRACTICE,E01026013,ALL,393
GP_PRAC_PAT_LIST,01/04/2026,C83060,THE SIDINGS MEDICAL PRACTICE,E01026014,ALL,468
GP_PRAC_PAT_LIST,01/04/2026,C83060,THE SIDINGS MEDICAL PRACTICE,E01026015,ALL,485
GP_PRAC_PAT_LIST,01/04/2026,C83060,THE SIDINGS MEDICAL PRACTICE,E01026016,ALL,30
GP_PRAC_PAT_LIST,01/04/2026,C83060,THE SIDINGS MEDICAL PRACTICE,E01026017,ALL,7
GP_PRAC_PAT_LIST,01/04/2026,C83060,THE SIDINGS MEDICAL PRACTICE,E01026018,ALL,205
GP_PRAC_PAT_LIST,01/04/2026,C83060,THE SIDINGS MEDICAL PRACTICE,E01026019,ALL,160
GP_PRAC_PAT_LIST,01/04/2026,C83060,THE SIDINGS MEDICAL PRACTICE,E01026020,ALL,208
GP_PRAC_PAT_LIST,01/04/2026,C83060,THE SIDINGS MEDICAL PRACTICE,E01026021,ALL,330
GP_PRAC_PAT_LIST,01/04/2026,C83060,THE SIDINGS MEDICAL PRACTICE,E01026022,ALL,368
GP_PRAC_PAT_LIST,01/04/2026,C83060,THE SIDINGS MEDICAL PRACTICE,E01026023,ALL,10
GP_PRAC_PAT_LIST,01/04/2026,C83060,THE SIDINGS MEDICAL PRACTICE,E01026024,ALL,28
GP_PRAC_PAT_LIST,01/04/2026,C83060,THE SIDINGS MEDICAL PRACTICE,E01026025,ALL,599
GP_PRAC_PAT_LIST,01/04/2026,C83060,THE SIDINGS MEDICAL PRACTICE,E01026026,ALL,671
GP_PRAC_PAT_LIST,01/04/2026,C83060,THE SIDINGS MEDICAL PRACTICE,E01026027,ALL,439
GP_PRAC_PAT_LIST,01/04/2026,C83060,THE SIDINGS MEDICAL PRACTICE,E01026028,ALL,373
GP_PRAC_PAT_LIST,01/04/2026,C83060,THE SIDINGS MEDICAL PRACTICE,E01026030,ALL,1201
GP_PRAC_PAT_LIST,01/04/2026,C83060,THE SIDINGS MEDICAL PRACTICE,E01026031,ALL,640
GP_PRAC_PAT_LIST,01/04/2026,C83060,THE SIDINGS MEDICAL PRACTICE,E01026032,ALL,995
GP_PRAC_PAT_LIST,01/04/2026,C83060,THE SIDINGS MEDICAL PRACTICE,E01026033,ALL,132
GP_PRAC_PAT_LIST,01/04/2026,C83060,THE SIDINGS MEDICAL PRACTICE,E01026034,ALL,39
GP_PRAC_PAT_LIST,01/04/2026,C83060,THE SIDINGS MEDICAL PRACTICE,E01026035,ALL,873
GP_PRAC_PAT_LIST,01/04/2026,C83060,THE SIDINGS MEDICAL PRACTICE,E01026036,ALL,408
GP_PRAC_PAT_LIST,01/04/2026,C83060,THE SIDINGS MEDICAL PRACTICE,E01026037,ALL,478
GP_PRAC_PAT_LIST,01/04/2026,C83060,THE SIDINGS MEDICAL PRACTICE,E01026038,ALL,312
GP_PRAC_PAT_LIST,01/04/2026,C83060,THE SIDINGS MEDICAL PRACTICE,E01026039,ALL,204
GP_PRAC_PAT_LIST,01/04/2026,C83060,THE SIDINGS MEDICAL PRACTICE,E01026040,ALL,361
GP_PRAC_PAT_LIST,01/04/2026,C83060,THE SIDINGS MEDICAL PRACTICE,E01026041,ALL,184
GP_PRAC_PAT_LIST,01/04/2026,C83060,THE SIDINGS MEDICAL PRACTICE,E01026051,ALL,1
GP_PRAC_PAT_LIST,01/04/2026,C83060,THE SIDINGS MEDICAL PRACTICE,E01026054,ALL,3
GP_PRAC_PAT_LIST,01/04/2026,C83060,THE SIDINGS MEDICAL PRACTICE,E01026055,ALL,2
GP_PRAC_PAT_LIST,01/04/2026,C83060,THE SIDINGS MEDICAL PRACTICE,E01026056,ALL,1
GP_PRAC_PAT_LIST,01/04/2026,C83060,THE SIDINGS MEDICAL PRACTICE,E01026057,ALL,151
GP_PRAC_PAT_LIST,01/04/2026,C83060,THE SIDINGS MEDICAL PRACTICE,E01026058,ALL,2
GP_PRAC_PAT_LIST,01/04/2026,C83060,THE SIDINGS MEDICAL PRACTICE,E01026065,ALL,1
GP_PRAC_PAT_LIST,01/04/2026,C83060,THE SIDINGS MEDICAL PRACTICE,E01026074,ALL,1
GP_PRAC_PAT_LIST,01/04/2026,C83060,THE SIDINGS MEDICAL PRACTICE,E01026075,ALL,6
GP_PRAC_PAT_LIST,01/04/2026,C83060,THE SIDINGS MEDICAL PRACTICE,E01026084,ALL,1
GP_PRAC_PAT_LIST,01/04/2026,C83060,THE SIDINGS MEDICAL PRACTICE,E01026095,ALL,1
GP_PRAC_PAT_LIST,01/04/2026,C83060,THE SIDINGS MEDICAL PRACTICE,E01026098,ALL,134
GP_PRAC_PAT_LIST,01/04/2026,C83060,THE SIDINGS MEDICAL PRACTICE,E01026102,ALL,5
GP_PRAC_PAT_LIST,01/04/2026,C83060,THE SIDINGS MEDICAL PRACTICE,E01026108,ALL,1
GP_PRAC_PAT_LIST,01/04/2026,C83060,THE SIDINGS MEDICAL PRACTICE,E01026111,ALL,2
GP_PRAC_PAT_LIST,01/04/2026,C83060,THE SIDINGS MEDICAL PRACTICE,E01026115,ALL,1
GP_PRAC_PAT_LIST,01/04/2026,C83060,THE SIDINGS MEDICAL PRACTICE,E01026120,ALL,1
GP_PRAC_PAT_LIST,01/04/2026,C83060,THE SIDINGS MEDICAL PRACTICE,E01026125,ALL,2
GP_PRAC_PAT_LIST,01/04/2026,C83060,THE SIDINGS MEDICAL PRACTICE,E01026130,ALL,1
GP_PRAC_PAT_LIST,01/04/2026,C83060,THE SIDINGS MEDICAL PRACTICE,E01026147,ALL,1
GP_PRAC_PAT_LIST,01/04/2026,C83060,THE SIDINGS MEDICAL PRACTICE,E01026149,ALL,1
GP_PRAC_PAT_LIST,01/04/2026,C83060,THE SIDINGS MEDICAL PRACTICE,E01026160,ALL,1
GP_PRAC_PAT_LIST,01/04/2026,C83060,THE SIDINGS MEDICAL PRACTICE,E01026174,ALL,1
GP_PRAC_PAT_LIST,01/04/2026,C83060,THE SIDINGS MEDICAL PRACTICE,E01026176,ALL,1
GP_PRAC_PAT_LIST,01/04/2026,C83060,THE SIDINGS MEDICAL PRACTICE,E01026180,ALL,1
GP_PRAC_PAT_LIST,01/04/2026,C83060,THE SIDINGS MEDICAL PRACTICE,E01026183,ALL,6
GP_PRAC_PAT_LIST,01/04/2026,C83060,THE SIDINGS MEDICAL PRACTICE,E01026199,ALL,1
GP_PRAC_PAT_LIST,01/04/2026,C83060,THE SIDINGS MEDICAL PRACTICE,E01026201,ALL,1
GP_PRAC_PAT_LIST,01/04/2026,C83060,THE SIDINGS MEDICAL PRACTICE,E01026202,ALL,1
GP_PRAC_PAT_LIST,01/04/2026,C83060,THE SIDINGS MEDICAL PRACTICE,E01026208,ALL,2
GP_PRAC_PAT_LIST,01/04/2026,C83060,THE SIDINGS MEDICAL PRACTICE,E01026210,ALL,1
GP_PRAC_PAT_LIST,01/04/2026,C83060,THE SIDINGS MEDICAL PRACTICE,E01026211,ALL,1
GP_PRAC_PAT_LIST,01/04/2026,C83060,THE SIDINGS MEDICAL PRACTICE,E01026227,ALL,2
GP_PRAC_PAT_LIST,01/04/2026,C83060,THE SIDINGS MEDICAL PRACTICE,E01026230,ALL,1
GP_PRAC_PAT_LIST,01/04/2026,C83060,THE SIDINGS MEDICAL PRACTICE,E01026231,ALL,1
GP_PRAC_PAT_LIST,01/04/2026,C83060,THE SIDINGS MEDICAL PRACTICE,E01026240,ALL,1
GP_PRAC_PAT_LIST,01/04/2026,C83060,THE SIDINGS MEDICAL PRACTICE,E01026242,ALL,1
GP_PRAC_PAT_LIST,01/04/2026,C83060,THE SIDINGS MEDICAL PRACTICE,E01026243,ALL,2
GP_PRAC_PAT_LIST,01/04/2026,C83060,THE SIDINGS MEDICAL PRACTICE,E01026253,ALL,1
GP_PRAC_PAT_LIST,01/04/2026,C83060,THE SIDINGS MEDICAL PRACTICE,E01026256,ALL,1
GP_PRAC_PAT_LIST,01/04/2026,C83060,THE SIDINGS MEDICAL PRACTICE,E01026257,ALL,1
GP_PRAC_PAT_LIST,01/04/2026,C83060,THE SIDINGS MEDICAL PRACTICE,E01026258,ALL,1
GP_PRAC_PAT_LIST,01/04/2026,C83060,THE SIDINGS MEDICAL PRACTICE,E01026266,ALL,6
GP_PRAC_PAT_LIST,01/04/2026,C83060,THE SIDINGS MEDICAL PRACTICE,E01026271,ALL,1
GP_PRAC_PAT_LIST,01/04/2026,C83060,THE SIDINGS MEDICAL PRACTICE,E01026275,ALL,1
GP_PRAC_PAT_LIST,01/04/2026,C83060,THE SIDINGS MEDICAL PRACTICE,E01026276,ALL,1
GP_PRAC_PAT_LIST,01/04/2026,C83060,THE SIDINGS MEDICAL PRACTICE,E01026284,ALL,1
GP_PRAC_PAT_LIST,01/04/2026,C83060,THE SIDINGS MEDICAL PRACTICE,E01026286,ALL,1
GP_PRAC_PAT_LIST,01/04/2026,C83060,THE SIDINGS MEDICAL PRACTICE,E01026323,ALL,1
GP_PRAC_PAT_LIST,01/04/2026,C83060,THE SIDINGS MEDICAL PRACTICE,E01026363,ALL,1
GP_PRAC_PAT_LIST,01/04/2026,C83060,THE SIDINGS MEDICAL PRACTICE,E01026468,ALL,1
GP_PRAC_PAT_LIST,01/04/2026,C83060,THE SIDINGS MEDICAL PRACTICE,E01027504,ALL,1
GP_PRAC_PAT_LIST,01/04/2026,C83060,THE SIDINGS MEDICAL PRACTICE,E01028254,ALL,1
GP_PRAC_PAT_LIST,01/04/2026,C83060,THE SIDINGS MEDICAL PRACTICE,E01029820,ALL,1
GP_PRAC_PAT_LIST,01/04/2026,C83060,THE SIDINGS MEDICAL PRACTICE,E01030327,ALL,1
GP_PRAC_PAT_LIST,01/04/2026,C83060,THE SIDINGS MEDICAL PRACTICE,E01030750,ALL,1
GP_PRAC_PAT_LIST,01/04/2026,C83060,THE SIDINGS MEDICAL PRACTICE,E01031063,ALL,1
GP_PRAC_PAT_LIST,01/04/2026,C83060,THE SIDINGS MEDICAL PRACTICE,E01032489,ALL,4
GP_PRAC_PAT_LIST,01/04/2026,C83060,THE SIDINGS MEDICAL PRACTICE,E01032996,ALL,1
GP_PRAC_PAT_LIST,01/04/2026,C83060,THE SIDINGS MEDICAL PRACTICE,E01033011,ALL,1
GP_PRAC_PAT_LIST,01/04/2026,C83060,THE SIDINGS MEDICAL PRACTICE,E01033104,ALL,1
GP_PRAC_PAT_LIST,01/04/2026,C83060,THE SIDINGS MEDICAL PRACTICE,E01033265,ALL,1
GP_PRAC_PAT_LIST,01/04/2026,C83060,THE SIDINGS MEDICAL PRACTICE,E01033716,ALL,1
GP_PRAC_PAT_LIST,01/04/2026,C83060,THE SIDINGS MEDICAL PRACTICE,E01034089,ALL,1
GP_PRAC_PAT_LIST,01/04/2026,C83060,THE SIDINGS MEDICAL PRACTICE,E01034215,ALL,1
GP_PRAC_PAT_LIST,01/04/2026,C83060,THE SIDINGS MEDICAL PRACTICE,E01034393,ALL,1
GP_PRAC_PAT_LIST,01/04/2026,C83060,THE SIDINGS MEDICAL PRACTICE,E01034401,ALL,1
GP_PRAC_PAT_LIST,01/04/2026,C83060,THE SIDINGS MEDICAL PRACTICE,E01034582,ALL,1
GP_PRAC_PAT_LIST,01/04/2026,C83060,THE SIDINGS MEDICAL PRACTICE,E01034679,ALL,624
GP_PRAC_PAT_LIST,01/04/2026,C83060,THE SIDINGS MEDICAL PRACTICE,E01034680,ALL,664
GP_PRAC_PAT_LIST,01/04/2026,C83060,THE SIDINGS MEDICAL PRACTICE,E01034681,ALL,557
GP_PRAC_PAT_LIST,01/04/2026,C83060,THE SIDINGS MEDICAL PRACTICE,E01034682,ALL,390
GP_PRAC_PAT_LIST,01/04/2026,C83060,THE SIDINGS MEDICAL PRACTICE,E01034683,ALL,307
GP_PRAC_PAT_LIST,01/04/2026,C83060,THE SIDINGS MEDICAL PRACTICE,E01034684,ALL,386
GP_PRAC_PAT_LIST,01/04/2026,C83060,THE SIDINGS MEDICAL PRACTICE,E01034686,ALL,1
GP_PRAC_PAT_LIST,01/04/2026,C83060,THE SIDINGS MEDICAL PRACTICE,E01034698,ALL,3
GP_PRAC_PAT_LIST,01/04/2026,C83060,THE SIDINGS MEDICAL PRACTICE,E01034699,ALL,1
GP_PRAC_PAT_LIST,01/04/2026,C83060,THE SIDINGS MEDICAL PRACTICE,E01035473,ALL,1
GP_PRAC_PAT_LIST,01/04/2026,C83060,THE SIDINGS MEDICAL PRACTICE,EMPTY,ALL,10
GP_PRAC_PAT_LIST,01/04/2026,C83060,THE SIDINGS MEDICAL PRACTICE,W01001436,ALL,1
GP_PRAC_PAT_LIST,01/04/2026,C83061,NORTH THORESBY SURGERY,CLOSED,ALL,3
GP_PRAC_PAT_LIST,01/04/2026,C83061,NORTH THORESBY SURGERY,E01001512,ALL,1
GP_PRAC_PAT_LIST,01/04/2026,C83061,NORTH THORESBY SURGERY,E01007843,ALL,1
GP_PRAC_PAT_LIST,01/04/2026,C83061,NORTH THORESBY SURGERY,E01008066,ALL,1
GP_PRAC_PAT_LIST,01/04/2026,C83061,NORTH THORESBY SURGERY,E01012848,ALL,2
GP_PRAC_PAT_LIST,01/04/2026,C83061,NORTH THORESBY SURGERY,E01013129,ALL,1
GP_PRAC_PAT_LIST,01/04/2026,C83061,NORTH THORESBY SURGERY,E01013132,ALL,1
GP_PRAC_PAT_LIST,01/04/2026,C83061,NORTH THORESBY SURGERY,E01013133,ALL,2
GP_PRAC_PAT_LIST,01/04/2026,C83061,NORTH THORESBY SURGERY,E01013142,ALL,1
GP_PRAC_PAT_LIST,01/04/2026,C83061,NORTH THORESBY SURGERY,E01013151,ALL,1
GP_PRAC_PAT_LIST,01/04/2026,C83061,NORTH THORESBY SURGERY,E01013154,ALL,1
GP_PRAC_PAT_LIST,01/04/2026,C83061,NORTH THORESBY SURGERY,E01013155,ALL,1
GP_PRAC_PAT_LIST,01/04/2026,C83061,NORTH THORESBY SURGERY,E01013156,ALL,1
GP_PRAC_PAT_LIST,01/04/2026,C83061,NORTH THORESBY SURGERY,E01013157,ALL,5
GP_PRAC_PAT_LIST,01/04/2026,C83061,NORTH THORESBY SURGERY,E01013158,ALL,2
GP_PRAC_PAT_LIST,01/04/2026,C83061,NORTH THORESBY SURGERY,E01013163,ALL,1
GP_PRAC_PAT_LIST,01/04/2026,C83061,NORTH THORESBY SURGERY,E01013165,ALL,1
GP_PRAC_PAT_LIST,01/04/2026,C83061,NORTH THORESBY SURGERY,E01013167,ALL,20
GP_PRAC_PAT_LIST,01/04/2026,C83061,NORTH THORESBY SURGERY,E01013170,ALL,88
GP_PRAC_PAT_LIST,01/04/2026,C83061,NORTH THORESBY SURGERY,E01013171,ALL,220
GP_PRAC_PAT_LIST,01/04/2026,C83061,NORTH THORESBY SURGERY,E01013172,ALL,155
GP_PRAC_PAT_LIST,01/04/2026,C83061,NORTH THORESBY SURGERY,E01013173,ALL,1
GP_PRAC_PAT_LIST,01/04/2026,C83061,NORTH THORESBY SURGERY,E01013177,ALL,1
GP_PRAC_PAT_LIST,01/04/2026,C83061,NORTH THORESBY SURGERY,E01013184,ALL,2
GP_PRAC_PAT_LIST,01/04/2026,C83061,NORTH THORESBY SURGERY,E01013185,ALL,1
GP_PRAC_PAT_LIST,01/04/2026,C83061,NORTH THORESBY SURGERY,E01013187,ALL,1
GP_PRAC_PAT_LIST,01/04/2026,C83061,NORTH THORESBY SURGERY,E01013188,ALL,1
GP_PRAC_PAT_LIST,01/04/2026,C83061,NORTH THORESBY SURGERY,E01013189,ALL,6
GP_PRAC_PAT_LIST,01/04/2026,C83061,NORTH THORESBY SURGERY,E01013191,ALL,6
GP_PRAC_PAT_LIST,01/04/2026,C83061,NORTH THORESBY SURGERY,E01013192,ALL,2
GP_PRAC_PAT_LIST,01/04/2026,C83061,NORTH THORESBY SURGERY,E01013193,ALL,6
GP_PRAC_PAT_LIST,01/04/2026,C83061,NORTH THORESBY SURGERY,E01013194,ALL,1
GP_PRAC_PAT_LIST,01/04/2026,C83061,NORTH THORESBY SURGERY,E01013196,ALL,2
GP_PRAC_PAT_LIST,01/04/2026,C83061,NORTH THORESBY SURGERY,E01013198,ALL,1
GP_PRAC_PAT_LIST,01/04/2026,C83061,NORTH THORESBY SURGERY,E01013199,ALL,1
GP_PRAC_PAT_LIST,01/04/2026,C83061,NORTH THORESBY SURGERY,E01013201,ALL,1
GP_PRAC_PAT_LIST,01/04/2026,C83061,NORTH THORESBY SURGERY,E01013202,ALL,1
GP_PRAC_PAT_LIST,01/04/2026,C83061,NORTH THORESBY SURGERY,E01013204,ALL,1
GP_PRAC_PAT_LIST,01/04/2026,C83061,NORTH THORESBY SURGERY,E01013207,ALL,3
GP_PRAC_PAT_LIST,01/04/2026,C83061,NORTH THORESBY SURGERY,E01013213,ALL,63
GP_PRAC_PAT_LIST,01/04/2026,C83061,NORTH THORESBY SURGERY,E01013214,ALL,268
GP_PRAC_PAT_LIST,01/04/2026,C83061,NORTH THORESBY SURGERY,E01013215,ALL,164
GP_PRAC_PAT_LIST,01/04/2026,C83061,NORTH THORESBY SURGERY,E01013216,ALL,107
GP_PRAC_PAT_LIST,01/04/2026,C83061,NORTH THORESBY SURGERY,E01013217,ALL,148
GP_PRAC_PAT_LIST,01/04/2026,C83061,NORTH THORESBY SURGERY,E01013221,ALL,1
GP_PRAC_PAT_LIST,01/04/2026,C83061,NORTH THORESBY SURGERY,E01013225,ALL,176
GP_PRAC_PAT_LIST,01/04/2026,C83061,NORTH THORESBY SURGERY,E01013227,ALL,1
GP_PRAC_PAT_LIST,01/04/2026,C83061,NORTH THORESBY SURGERY,E01013228,ALL,5
GP_PRAC_PAT_LIST,01/04/2026,C83061,NORTH THORESBY SURGERY,E01013231,ALL,1
GP_PRAC_PAT_LIST,01/04/2026,C83061,NORTH THORESBY SURGERY,E01013818,ALL,1
GP_PRAC_PAT_LIST,01/04/2026,C83061,NORTH THORESBY SURGERY,E01026045,ALL,234
GP_PRAC_PAT_LIST,01/04/2026,C83061,NORTH THORESBY SURGERY,E01026046,ALL,2
GP_PRAC_PAT_LIST,01/04/2026,C83061,NORTH THORESBY SURGERY,E01026058,ALL,1
GP_PRAC_PAT_LIST,01/04/2026,C83061,NORTH THORESBY SURGERY,E01026061,ALL,775
GP_PRAC_PAT_LIST,01/04/2026,C83061,NORTH THORESBY SURGERY,E01026062,ALL,771
GP_PRAC_PAT_LIST,01/04/2026,C83061,NORTH THORESBY SURGERY,E01026063,ALL,1031
GP_PRAC_PAT_LIST,01/04/2026,C83061,NORTH THORESBY SURGERY,E01026070,ALL,14
GP_PRAC_PAT_LIST,01/04/2026,C83061,NORTH THORESBY SURGERY,E01026076,ALL,760
GP_PRAC_PAT_LIST,01/04/2026,C83061,NORTH THORESBY SURGERY,E01026077,ALL,5
GP_PRAC_PAT_LIST,01/04/2026,C83061,NORTH THORESBY SURGERY,E01026080,ALL,1607
GP_PRAC_PAT_LIST,01/04/2026,C83061,NORTH THORESBY SURGERY,E01026081,ALL,2
GP_PRAC_PAT_LIST,01/04/2026,C83061,NORTH THORESBY SURGERY,E01026082,ALL,1
GP_PRAC_PAT_LIST,01/04/2026,C83061,NORTH THORESBY SURGERY,E01026088,ALL,1
GP_PRAC_PAT_LIST,01/04/2026,C83061,NORTH THORESBY SURGERY,E01026089,ALL,5
GP_PRAC_PAT_LIST,01/04/2026,C83061,NORTH THORESBY SURGERY,E01026091,ALL,11
GP_PRAC_PAT_LIST,01/04/2026,C83061,NORTH THORESBY SURGERY,E01026106,ALL,974
GP_PRAC_PAT_LIST,01/04/2026,C83061,NORTH THORESBY SURGERY,E01026107,ALL,1030
GP_PRAC_PAT_LIST,01/04/2026,C83061,NORTH THORESBY SURGERY,E01026108,ALL,6
GP_PRAC_PAT_LIST,01/04/2026,C83061,NORTH THORESBY SURGERY,E01026367,ALL,2
GP_PRAC_PAT_LIST,01/04/2026,C83061,NORTH THORESBY SURGERY,E01026392,ALL,4
GP_PRAC_PAT_LIST,01/04/2026,C83061,NORTH THORESBY SURGERY,E01026415,ALL,17
GP_PRAC_PAT_LIST,01/04/2026,C83061,NORTH THORESBY SURGERY,E01026416,ALL,3
GP_PRAC_PAT_LIST,01/04/2026,C83061,NORTH THORESBY SURGERY,E01032683,ALL,1
GP_PRAC_PAT_LIST,01/04/2026,C83061,NORTH THORESBY SURGERY,E01032986,ALL,1
GP_PRAC_PAT_LIST,01/04/2026,C83061,NORTH THORESBY SURGERY,E01032987,ALL,3
GP_PRAC_PAT_LIST,01/04/2026,C83061,NORTH THORESBY SURGERY,E01033414,ALL,1
GP_PRAC_PAT_LIST,01/04/2026,C83061,NORTH THORESBY SURGERY,E01035475,ALL,1
GP_PRAC_PAT_LIST,01/04/2026,C83061,NORTH THORESBY SURGERY,E01035476,ALL,50
GP_PRAC_PAT_LIST,01/04/2026,C83061,NORTH THORESBY SURGERY,E01035477,ALL,1
GP_PRAC_PAT_LIST,01/04/2026,C83061,NORTH THORESBY SURGERY,E01035478,ALL,3
GP_PRAC_PAT_LIST,01/04/2026,C83061,NORTH THORESBY SURGERY,E01035479,ALL,67
GP_PRAC_PAT_LIST,01/04/2026,C83061,NORTH THORESBY SURGERY,E01035480,ALL,162
GP_PRAC_PAT_LIST,01/04/2026,C83061,NORTH THORESBY SURGERY,EMPTY,ALL,3
GP_PRAC_PAT_LIST,01/04/2026,C83062,CHURCH WALK SURGERY,CLOSED,ALL,12
GP_PRAC_PAT_LIST,01/04/2026,C83062,CHURCH WALK SURGERY,E01007983,ALL,1
GP_PRAC_PAT_LIST,01/04/2026,C83062,CHURCH WALK SURGERY,E01026053,ALL,1
GP_PRAC_PAT_LIST,01/04/2026,C83062,CHURCH WALK SURGERY,E01026118,ALL,1
GP_PRAC_PAT_LIST,01/04/2026,C83062,CHURCH WALK SURGERY,E01026134,ALL,1
GP_PRAC_PAT_LIST,01/04/2026,C83062,CHURCH WALK SURGERY,E01026144,ALL,1
GP_PRAC_PAT_LIST,01/04/2026,C83062,CHURCH WALK SURGERY,E01026154,ALL,1
GP_PRAC_PAT_LIST,01/04/2026,C83062,CHURCH WALK SURGERY,E01026170,ALL,1
GP_PRAC_PAT_LIST,01/04/2026,C83062,CHURCH WALK SURGERY,E01026178,ALL,1
GP_PRAC_PAT_LIST,01/04/2026,C83062,CHURCH WALK SURGERY,E01026179,ALL,437
GP_PRAC_PAT_LIST,01/04/2026,C83062,CHURCH WALK SURGERY,E01026180,ALL,355
GP_PRAC_PAT_LIST,01/04/2026,C83062,CHURCH WALK SURGERY,E01026183,ALL,14
GP_PRAC_PAT_LIST,01/04/2026,C83062,CHURCH WALK SURGERY,E01026184,ALL,14
GP_PRAC_PAT_LIST,01/04/2026,C83062,CHURCH WALK SURGERY,E01026189,ALL,5
GP_PRAC_PAT_LIST,01/04/2026,C83062,CHURCH WALK SURGERY,E01026190,ALL,2
GP_PRAC_PAT_LIST,01/04/2026,C83062,CHURCH WALK SURGERY,E01026191,ALL,65
GP_PRAC_PAT_LIST,01/04/2026,C83062,CHURCH WALK SURGERY,E01026194,ALL,9
GP_PRAC_PAT_LIST,01/04/2026,C83062,CHURCH WALK SURGERY,E01026195,ALL,6
GP_PRAC_PAT_LIST,01/04/2026,C83062,CHURCH WALK SURGERY,E01026197,ALL,30
GP_PRAC_PAT_LIST,01/04/2026,C83062,CHURCH WALK SURGERY,E01026198,ALL,3
GP_PRAC_PAT_LIST,01/04/2026,C83062,CHURCH WALK SURGERY,E01026206,ALL,1
GP_PRAC_PAT_LIST,01/04/2026,C83062,CHURCH WALK SURGERY,E01026207,ALL,4
GP_PRAC_PAT_LIST,01/04/2026,C83062,CHURCH WALK SURGERY,E01026208,ALL,1
GP_PRAC_PAT_LIST,01/04/2026,C83062,CHURCH WALK SURGERY,E01026210,ALL,409
GP_PRAC_PAT_LIST,01/04/2026,C83062,CHURCH WALK SURGERY,E01026211,ALL,1403
GP_PRAC_PAT_LIST,01/04/2026,C83062,CHURCH WALK SURGERY,E01026212,ALL,1542
GP_PRAC_PAT_LIST,01/04/2026,C83062,CHURCH WALK SURGERY,E01026213,ALL,1574
GP_PRAC_PAT_LIST,01/04/2026,C83062,CHURCH WALK SURGERY,E01026219,ALL,1
GP_PRAC_PAT_LIST,01/04/2026,C83062,CHURCH WALK SURGERY,E01026222,ALL,2
GP_PRAC_PAT_LIST,01/04/2026,C83062,CHURCH WALK SURGERY,E01026223,ALL,4
GP_PRAC_PAT_LIST,01/04/2026,C83062,CHURCH WALK SURGERY,E01026224,ALL,4
GP_PRAC_PAT_LIST,01/04/2026,C83062,CHURCH WALK SURGERY,E01026231,ALL,1
GP_PRAC_PAT_LIST,01/04/2026,C83062,CHURCH WALK SURGERY,E01026238,ALL,1
GP_PRAC_PAT_LIST,01/04/2026,C83062,CHURCH WALK SURGERY,E01026329,ALL,1
GP_PRAC_PAT_LIST,01/04/2026,C83062,CHURCH WALK SURGERY,E01026366,ALL,1
GP_PRAC_PAT_LIST,01/04/2026,C83062,CHURCH WALK SURGERY,E01032103,ALL,1
GP_PRAC_PAT_LIST,01/04/2026,C83062,CHURCH WALK SURGERY,E01032994,ALL,1
GP_PRAC_PAT_LIST,01/04/2026,C83062,CHURCH WALK SURGERY,EMPTY,ALL,7
GP_PRAC_PAT_LIST,01/04/2026,C83063,LONG SUTTON MEDICAL CTR.,CLOSED,ALL,10
GP_PRAC_PAT_LIST,01/04/2026,C83063,LONG SUTTON MEDICAL CTR.,E01001856,ALL,1
GP_PRAC_PAT_LIST,01/04/2026,C83063,LONG SUTTON MEDICAL CTR.,E01002346,ALL,1
GP_PRAC_PAT_LIST,01/04/2026,C83063,LONG SUTTON MEDICAL CTR.,E01002781,ALL,1
GP_PRAC_PAT_LIST,01/04/2026,C83063,LONG SUTTON MEDICAL CTR.,E01008186,ALL,1
GP_PRAC_PAT_LIST,01/04/2026,C83063,LONG SUTTON MEDICAL CTR.,E01010125,ALL,1
GP_PRAC_PAT_LIST,01/04/2026,C83063,LONG SUTTON MEDICAL CTR.,E01013398,ALL,1
GP_PRAC_PAT_LIST,01/04/2026,C83063,LONG SUTTON MEDICAL CTR.,E01013759,ALL,1
GP_PRAC_PAT_LIST,01/04/2026,C83063,LONG SUTTON MEDICAL CTR.,E01015052,ALL,1
GP_PRAC_PAT_LIST,01/04/2026,C83063,LONG SUTTON MEDICAL CTR.,E01015425,ALL,1
GP_PRAC_PAT_LIST,01/04/2026,C83063,LONG SUTTON MEDICAL CTR.,E01015465,ALL,1
GP_PRAC_PAT_LIST,01/04/2026,C83063,LONG SUTTON MEDICAL CTR.,E01018059,ALL,1
GP_PRAC_PAT_LIST,01/04/2026,C83063,LONG SUTTON MEDICAL CTR.,E01018060,ALL,1
GP_PRAC_PAT_LIST,01/04/2026,C83063,LONG SUTTON MEDICAL CTR.,E01018070,ALL,1
GP_PRAC_PAT_LIST,01/04/2026,C83063,LONG SUTTON MEDICAL CTR.,E01018073,ALL,1
GP_PRAC_PAT_LIST,01/04/2026,C83063,LONG SUTTON MEDICAL CTR.,E01018090,ALL,1
GP_PRAC_PAT_LIST,01/04/2026,C83063,LONG SUTTON MEDICAL CTR.,E01018093,ALL,1
GP_PRAC_PAT_LIST,01/04/2026,C83063,LONG SUTTON MEDICAL CTR.,E01018096,ALL,2
GP_PRAC_PAT_LIST,01/04/2026,C83063,LONG SUTTON MEDICAL CTR.,E01018097,ALL,663
GP_PRAC_PAT_LIST,01/04/2026,C83063,LONG SUTTON MEDICAL CTR.,E01018107,ALL,1
GP_PRAC_PAT_LIST,01/04/2026,C83063,LONG SUTTON MEDICAL CTR.,E01018109,ALL,1
GP_PRAC_PAT_LIST,01/04/2026,C83063,LONG SUTTON MEDICAL CTR.,E01020606,ALL,1
GP_PRAC_PAT_LIST,01/04/2026,C83063,LONG SUTTON MEDICAL CTR.,E01021289,ALL,1
GP_PRAC_PAT_LIST,01/04/2026,C83063,LONG SUTTON MEDICAL CTR.,E01021385,ALL,2
GP_PRAC_PAT_LIST,01/04/2026,C83063,LONG SUTTON MEDICAL CTR.,E01021820,ALL,1
GP_PRAC_PAT_LIST,01/04/2026,C83063,LONG SUTTON MEDICAL CTR.,E01023198,ALL,1
GP_PRAC_PAT_LIST,01/04/2026,C83063,LONG SUTTON MEDICAL CTR.,E01023546,ALL,1
GP_PRAC_PAT_LIST,01/04/2026,C83063,LONG SUTTON MEDICAL CTR.,E01023569,ALL,1
GP_PRAC_PAT_LIST,01/04/2026,C83063,LONG SUTTON MEDICAL CTR.,E01024682,ALL,1
GP_PRAC_PAT_LIST,01/04/2026,C83063,LONG SUTTON MEDICAL CTR.,E01025219,ALL,1
GP_PRAC_PAT_LIST,01/04/2026,C83063,LONG SUTTON MEDICAL CTR.,E01026007,ALL,1
GP_PRAC_PAT_LIST,01/04/2026,C83063,LONG SUTTON MEDICAL CTR.,E01026010,ALL,1
GP_PRAC_PAT_LIST,01/04/2026,C83063,LONG SUTTON MEDICAL CTR.,E01026041,ALL,1
GP_PRAC_PAT_LIST,01/04/2026,C83063,LONG SUTTON MEDICAL CTR.,E01026239,ALL,1
GP_PRAC_PAT_LIST,01/04/2026,C83063,LONG SUTTON MEDICAL CTR.,E01026240,ALL,1
GP_PRAC_PAT_LIST,01/04/2026,C83063,LONG SUTTON MEDICAL CTR.,E01026245,ALL,433
GP_PRAC_PAT_LIST,01/04/2026,C83063,LONG SUTTON MEDICAL CTR.,E01026246,ALL,1727
GP_PRAC_PAT_LIST,01/04/2026,C83063,LONG SUTTON MEDICAL CTR.,E01026247,ALL,1
GP_PRAC_PAT_LIST,01/04/2026,C83063,LONG SUTTON MEDICAL CTR.,E01026248,ALL,5
GP_PRAC_PAT_LIST,01/04/2026,C83063,LONG SUTTON MEDICAL CTR.,E01026249,ALL,5
GP_PRAC_PAT_LIST,01/04/2026,C83063,LONG SUTTON MEDICAL CTR.,E01026250,ALL,4
GP_PRAC_PAT_LIST,01/04/2026,C83063,LONG SUTTON MEDICAL CTR.,E01026251,ALL,5
GP_PRAC_PAT_LIST,01/04/2026,C83063,LONG SUTTON MEDICAL CTR.,E01026252,ALL,4
GP_PRAC_PAT_LIST,01/04/2026,C83063,LONG SUTTON MEDICAL CTR.,E01026253,ALL,1
GP_PRAC_PAT_LIST,01/04/2026,C83063,LONG SUTTON MEDICAL CTR.,E01026254,ALL,1582
GP_PRAC_PAT_LIST,01/04/2026,C83063,LONG SUTTON MEDICAL CTR.,E01026255,ALL,1993
GP_PRAC_PAT_LIST,01/04/2026,C83063,LONG SUTTON MEDICAL CTR.,E01026256,ALL,1618
GP_PRAC_PAT_LIST,01/04/2026,C83063,LONG SUTTON MEDICAL CTR.,E01026257,ALL,2149
GP_PRAC_PAT_LIST,01/04/2026,C83063,LONG SUTTON MEDICAL CTR.,E01026265,ALL,1
GP_PRAC_PAT_LIST,01/04/2026,C83063,LONG SUTTON MEDICAL CTR.,E01026266,ALL,1
GP_PRAC_PAT_LIST,01/04/2026,C83063,LONG SUTTON MEDICAL CTR.,E01026275,ALL,1
GP_PRAC_PAT_LIST,01/04/2026,C83063,LONG SUTTON MEDICAL CTR.,E01026277,ALL,1778
GP_PRAC_PAT_LIST,01/04/2026,C83063,LONG SUTTON MEDICAL CTR.,E01026278,ALL,1309
GP_PRAC_PAT_LIST,01/04/2026,C83063,LONG SUTTON MEDICAL CTR.,E01026279,ALL,1322
GP_PRAC_PAT_LIST,01/04/2026,C83063,LONG SUTTON MEDICAL CTR.,E01026280,ALL,916
GP_PRAC_PAT_LIST,01/04/2026,C83063,LONG SUTTON MEDICAL CTR.,E01026283,ALL,2
GP_PRAC_PAT_LIST,01/04/2026,C83063,LONG SUTTON MEDICAL CTR.,E01026284,ALL,3
GP_PRAC_PAT_LIST,01/04/2026,C83063,LONG SUTTON MEDICAL CTR.,E01026341,ALL,1
GP_PRAC_PAT_LIST,01/04/2026,C83063,LONG SUTTON MEDICAL CTR.,E01026476,ALL,1
GP_PRAC_PAT_LIST,01/04/2026,C83063,LONG SUTTON MEDICAL CTR.,E01026647,ALL,1
GP_PRAC_PAT_LIST,01/04/2026,C83063,LONG SUTTON MEDICAL CTR.,E01026672,ALL,1
GP_PRAC_PAT_LIST,01/04/2026,C83063,LONG SUTTON MEDICAL CTR.,E01026673,ALL,1
GP_PRAC_PAT_LIST,01/04/2026,C83063,LONG SUTTON MEDICAL CTR.,E01026684,ALL,1
GP_PRAC_PAT_LIST,01/04/2026,C83063,LONG SUTTON MEDICAL CTR.,E01026697,ALL,1
GP_PRAC_PAT_LIST,01/04/2026,C83063,LONG SUTTON MEDICAL CTR.,E01026699,ALL,2
GP_PRAC_PAT_LIST,01/04/2026,C83063,LONG SUTTON MEDICAL CTR.,E01026711,ALL,5
GP_PRAC_PAT_LIST,01/04/2026,C83063,LONG SUTTON MEDICAL CTR.,E01026712,ALL,4
GP_PRAC_PAT_LIST,01/04/2026,C83063,LONG SUTTON MEDICAL CTR.,E01026713,ALL,1
GP_PRAC_PAT_LIST,01/04/2026,C83063,LONG SUTTON MEDICAL CTR.,E01026716,ALL,1
GP_PRAC_PAT_LIST,01/04/2026,C83063,LONG SUTTON MEDICAL CTR.,E01026719,ALL,235
GP_PRAC_PAT_LIST,01/04/2026,C83063,LONG SUTTON MEDICAL CTR.,E01026720,ALL,1
GP_PRAC_PAT_LIST,01/04/2026,C83063,LONG SUTTON MEDICAL CTR.,E01026723,ALL,1
GP_PRAC_PAT_LIST,01/04/2026,C83063,LONG SUTTON MEDICAL CTR.,E01026741,ALL,1
GP_PRAC_PAT_LIST,01/04/2026,C83063,LONG SUTTON MEDICAL CTR.,E01026771,ALL,1
GP_PRAC_PAT_LIST,01/04/2026,C83063,LONG SUTTON MEDICAL CTR.,E01026873,ALL,1
GP_PRAC_PAT_LIST,01/04/2026,C83063,LONG SUTTON MEDICAL CTR.,E01028371,ALL,1
GP_PRAC_PAT_LIST,01/04/2026,C83063,LONG SUTTON MEDICAL CTR.,E01032963,ALL,1
GP_PRAC_PAT_LIST,01/04/2026,C83063,LONG SUTTON MEDICAL CTR.,E01032995,ALL,2
GP_PRAC_PAT_LIST,01/04/2026,C83063,LONG SUTTON MEDICAL CTR.,E01032996,ALL,1
GP_PRAC_PAT_LIST,01/04/2026,C83063,LONG SUTTON MEDICAL CTR.,E01034402,ALL,1
GP_PRAC_PAT_LIST,01/04/2026,C83063,LONG SUTTON MEDICAL CTR.,E01034698,ALL,1
GP_PRAC_PAT_LIST,01/04/2026,C83063,LONG SUTTON MEDICAL CTR.,E01034699,ALL,1
GP_PRAC_PAT_LIST,01/04/2026,C83063,LONG SUTTON MEDICAL CTR.,E01035501,ALL,1
GP_PRAC_PAT_LIST,01/04/2026,C83063,LONG SUTTON MEDICAL CTR.,EMPTY,ALL,3
GP_PRAC_PAT_LIST,01/04/2026,C83064,MARISCO MEDICAL PRACTICE,CLOSED,ALL,1
GP_PRAC_PAT_LIST,01/04/2026,C83064,MARISCO MEDICAL PRACTICE,E01007592,ALL,1
GP_PRAC_PAT_LIST,01/04/2026,C83064,MARISCO MEDICAL PRACTICE,E01007714,ALL,2
GP_PRAC_PAT_LIST,01/04/2026,C83064,MARISCO MEDICAL PRACTICE,E01007788,ALL,1
GP_PRAC_PAT_LIST,01/04/2026,C83064,MARISCO MEDICAL PRACTICE,E01013161,ALL,1
GP_PRAC_PAT_LIST,01/04/2026,C83064,MARISCO MEDICAL PRACTICE,E01013207,ALL,1
GP_PRAC_PAT_LIST,01/04/2026,C83064,MARISCO MEDICAL PRACTICE,E01018925,ALL,1
GP_PRAC_PAT_LIST,01/04/2026,C83064,MARISCO MEDICAL PRACTICE,E01025990,ALL,1
GP_PRAC_PAT_LIST,01/04/2026,C83064,MARISCO MEDICAL PRACTICE,E01026042,ALL,101
GP_PRAC_PAT_LIST,01/04/2026,C83064,MARISCO MEDICAL PRACTICE,E01026043,ALL,105
GP_PRAC_PAT_LIST,01/04/2026,C83064,MARISCO MEDICAL PRACTICE,E01026044,ALL,305
GP_PRAC_PAT_LIST,01/04/2026,C83064,MARISCO MEDICAL PRACTICE,E01026045,ALL,1
GP_PRAC_PAT_LIST,01/04/2026,C83064,MARISCO MEDICAL PRACTICE,E01026047,ALL,2
GP_PRAC_PAT_LIST,01/04/2026,C83064,MARISCO MEDICAL PRACTICE,E01026048,ALL,48
GP_PRAC_PAT_LIST,01/04/2026,C83064,MARISCO MEDICAL PRACTICE,E01026049,ALL,128
GP_PRAC_PAT_LIST,01/04/2026,C83064,MARISCO MEDICAL PRACTICE,E01026050,ALL,69
GP_PRAC_PAT_LIST,01/04/2026,C83064,MARISCO MEDICAL PRACTICE,E01026055,ALL,2
GP_PRAC_PAT_LIST,01/04/2026,C83064,MARISCO MEDICAL PRACTICE,E01026056,ALL,1
GP_PRAC_PAT_LIST,01/04/2026,C83064,MARISCO MEDICAL PRACTICE,E01026058,ALL,7
GP_PRAC_PAT_LIST,01/04/2026,C83064,MARISCO MEDICAL PRACTICE,E01026059,ALL,5
GP_PRAC_PAT_LIST,01/04/2026,C83064,MARISCO MEDICAL PRACTICE,E01026060,ALL,2
GP_PRAC_PAT_LIST,01/04/2026,C83064,MARISCO MEDICAL PRACTICE,E01026068,ALL,11
GP_PRAC_PAT_LIST,01/04/2026,C83064,MARISCO MEDICAL PRACTICE,E01026069,ALL,33
GP_PRAC_PAT_LIST,01/04/2026,C83064,MARISCO MEDICAL PRACTICE,E01026070,ALL,11
GP_PRAC_PAT_LIST,01/04/2026,C83064,MARISCO MEDICAL PRACTICE,E01026072,ALL,2405
GP_PRAC_PAT_LIST,01/04/2026,C83064,MARISCO MEDICAL PRACTICE,E01026073,ALL,1977
GP_PRAC_PAT_LIST,01/04/2026,C83064,MARISCO MEDICAL PRACTICE,E01026074,ALL,2151
GP_PRAC_PAT_LIST,01/04/2026,C83064,MARISCO MEDICAL PRACTICE,E01026076,ALL,4
GP_PRAC_PAT_LIST,01/04/2026,C83064,MARISCO MEDICAL PRACTICE,E01026077,ALL,15
GP_PRAC_PAT_LIST,01/04/2026,C83064,MARISCO MEDICAL PRACTICE,E01026078,ALL,3
GP_PRAC_PAT_LIST,01/04/2026,C83064,MARISCO MEDICAL PRACTICE,E01026079,ALL,14
GP_PRAC_PAT_LIST,01/04/2026,C83064,MARISCO MEDICAL PRACTICE,E01026080,ALL,2
GP_PRAC_PAT_LIST,01/04/2026,C83064,MARISCO MEDICAL PRACTICE,E01026081,ALL,6
GP_PRAC_PAT_LIST,01/04/2026,C83064,MARISCO MEDICAL PRACTICE,E01026083,ALL,9
GP_PRAC_PAT_LIST,01/04/2026,C83064,MARISCO MEDICAL PRACTICE,E01026084,ALL,2
GP_PRAC_PAT_LIST,01/04/2026,C83064,MARISCO MEDICAL PRACTICE,E01026087,ALL,6
GP_PRAC_PAT_LIST,01/04/2026,C83064,MARISCO MEDICAL PRACTICE,E01026088,ALL,1
GP_PRAC_PAT_LIST,01/04/2026,C83064,MARISCO MEDICAL PRACTICE,E01026089,ALL,2
GP_PRAC_PAT_LIST,01/04/2026,C83064,MARISCO MEDICAL PRACTICE,E01026090,ALL,1
GP_PRAC_PAT_LIST,01/04/2026,C83064,MARISCO MEDICAL PRACTICE,E01026091,ALL,10
GP_PRAC_PAT_LIST,01/04/2026,C83064,MARISCO MEDICAL PRACTICE,E01026092,ALL,2
GP_PRAC_PAT_LIST,01/04/2026,C83064,MARISCO MEDICAL PRACTICE,E01026093,ALL,5
GP_PRAC_PAT_LIST,01/04/2026,C83064,MARISCO MEDICAL PRACTICE,E01026094,ALL,4
GP_PRAC_PAT_LIST,01/04/2026,C83064,MARISCO MEDICAL PRACTICE,E01026095,ALL,1
GP_PRAC_PAT_LIST,01/04/2026,C83064,MARISCO MEDICAL PRACTICE,E01026096,ALL,1
GP_PRAC_PAT_LIST,01/04/2026,C83064,MARISCO MEDICAL PRACTICE,E01026097,ALL,3
GP_PRAC_PAT_LIST,01/04/2026,C83064,MARISCO MEDICAL PRACTICE,E01026099,ALL,483
GP_PRAC_PAT_LIST,01/04/2026,C83064,MARISCO MEDICAL PRACTICE,E01026100,ALL,3
GP_PRAC_PAT_LIST,01/04/2026,C83064,MARISCO MEDICAL PRACTICE,E01026101,ALL,1
GP_PRAC_PAT_LIST,01/04/2026,C83064,MARISCO MEDICAL PRACTICE,E01026103,ALL,1841
GP_PRAC_PAT_LIST,01/04/2026,C83064,MARISCO MEDICAL PRACTICE,E01026104,ALL,2095
GP_PRAC_PAT_LIST,01/04/2026,C83064,MARISCO MEDICAL PRACTICE,E01026106,ALL,1
GP_PRAC_PAT_LIST,01/04/2026,C83064,MARISCO MEDICAL PRACTICE,E01026108,ALL,12
GP_PRAC_PAT_LIST,01/04/2026,C83064,MARISCO MEDICAL PRACTICE,E01026109,ALL,1894
GP_PRAC_PAT_LIST,01/04/2026,C83064,MARISCO MEDICAL PRACTICE,E01026110,ALL,1
GP_PRAC_PAT_LIST,01/04/2026,C83064,MARISCO MEDICAL PRACTICE,E01026112,ALL,2
GP_PRAC_PAT_LIST,01/04/2026,C83064,MARISCO MEDICAL PRACTICE,E01026113,ALL,53
GP_PRAC_PAT_LIST,01/04/2026,C83064,MARISCO MEDICAL PRACTICE,E01026114,ALL,6
GP_PRAC_PAT_LIST,01/04/2026,C83064,MARISCO MEDICAL PRACTICE,E01026115,ALL,13
GP_PRAC_PAT_LIST,01/04/2026,C83064,MARISCO MEDICAL PRACTICE,E01026116,ALL,11
GP_PRAC_PAT_LIST,01/04/2026,C83064,MARISCO MEDICAL PRACTICE,E01026117,ALL,307
GP_PRAC_PAT_LIST,01/04/2026,C83064,MARISCO MEDICAL PRACTICE,E01026153,ALL,1
GP_PRAC_PAT_LIST,01/04/2026,C83064,MARISCO MEDICAL PRACTICE,E01026175,ALL,1
GP_PRAC_PAT_LIST,01/04/2026,C83064,MARISCO MEDICAL PRACTICE,E01026323,ALL,1
GP_PRAC_PAT_LIST,01/04/2026,C83064,MARISCO MEDICAL PRACTICE,E01026345,ALL,1
GP_PRAC_PAT_LIST,01/04/2026,C83064,MARISCO MEDICAL PRACTICE,E01026383,ALL,1
GP_PRAC_PAT_LIST,01/04/2026,C83064,MARISCO MEDICAL PRACTICE,E01028437,ALL,1
GP_PRAC_PAT_LIST,01/04/2026,C83064,MARISCO MEDICAL PRACTICE,E01032986,ALL,1
GP_PRAC_PAT_LIST,01/04/2026,C83064,MARISCO MEDICAL PRACTICE,E01034685,ALL,1
GP_PRAC_PAT_LIST,01/04/2026,C83064,MARISCO MEDICAL PRACTICE,E01034686,ALL,2
GP_PRAC_PAT_LIST,01/04/2026,C83064,MARISCO MEDICAL PRACTICE,E01035476,ALL,1
GP_PRAC_PAT_LIST,01/04/2026,C83064,MARISCO MEDICAL PRACTICE,EMPTY,ALL,2
GP_PRAC_PAT_LIST,01/04/2026,C83065,LITTLEBURY MEDICAL CENTRE,CLOSED,ALL,2
GP_PRAC_PAT_LIST,01/04/2026,C83065,LITTLEBURY MEDICAL CENTRE,E01003622,ALL,1
GP_PRAC_PAT_LIST,01/04/2026,C83065,LITTLEBURY MEDICAL CENTRE,E01008087,ALL,1
GP_PRAC_PAT_LIST,01/04/2026,C83065,LITTLEBURY MEDICAL CENTRE,E01008257,ALL,1
GP_PRAC_PAT_LIST,01/04/2026,C83065,LITTLEBURY MEDICAL CENTRE,E01010929,ALL,1
GP_PRAC_PAT_LIST,01/04/2026,C83065,LITTLEBURY MEDICAL CENTRE,E01013117,ALL,1
GP_PRAC_PAT_LIST,01/04/2026,C83065,LITTLEBURY MEDICAL CENTRE,E01013863,ALL,1
GP_PRAC_PAT_LIST,01/04/2026,C83065,LITTLEBURY MEDICAL CENTRE,E01015618,ALL,2
GP_PRAC_PAT_LIST,01/04/2026,C83065,LITTLEBURY MEDICAL CENTRE,E01015630,ALL,1
GP_PRAC_PAT_LIST,01/04/2026,C83065,LITTLEBURY MEDICAL CENTRE,E01015633,ALL,1
GP_PRAC_PAT_LIST,01/04/2026,C83065,LITTLEBURY MEDICAL CENTRE,E01015655,ALL,1
GP_PRAC_PAT_LIST,01/04/2026,C83065,LITTLEBURY MEDICAL CENTRE,E01015661,ALL,1
GP_PRAC_PAT_LIST,01/04/2026,C83065,LITTLEBURY MEDICAL CENTRE,E01015665,ALL,1
GP_PRAC_PAT_LIST,01/04/2026,C83065,LITTLEBURY MEDICAL CENTRE,E01015687,ALL,1
GP_PRAC_PAT_LIST,01/04/2026,C83065,LITTLEBURY MEDICAL CENTRE,E01016711,ALL,2
GP_PRAC_PAT_LIST,01/04/2026,C83065,LITTLEBURY MEDICAL CENTRE,E01017580,ALL,1
GP_PRAC_PAT_LIST,01/04/2026,C83065,LITTLEBURY MEDICAL CENTRE,E01018068,ALL,1
GP_PRAC_PAT_LIST,01/04/2026,C83065,LITTLEBURY MEDICAL CENTRE,E01018070,ALL,1
GP_PRAC_PAT_LIST,01/04/2026,C83065,LITTLEBURY MEDICAL CENTRE,E01018071,ALL,1
GP_PRAC_PAT_LIST,01/04/2026,C83065,LITTLEBURY MEDICAL CENTRE,E01018081,ALL,1
GP_PRAC_PAT_LIST,01/04/2026,C83065,LITTLEBURY MEDICAL CENTRE,E01018090,ALL,2
GP_PRAC_PAT_LIST,01/04/2026,C83065,LITTLEBURY MEDICAL CENTRE,E01018094,ALL,5
GP_PRAC_PAT_LIST,01/04/2026,C83065,LITTLEBURY MEDICAL CENTRE,E01018097,ALL,8
GP_PRAC_PAT_LIST,01/04/2026,C83065,LITTLEBURY MEDICAL CENTRE,E01018109,ALL,1
GP_PRAC_PAT_LIST,01/04/2026,C83065,LITTLEBURY MEDICAL CENTRE,E01024092,ALL,1
GP_PRAC_PAT_LIST,01/04/2026,C83065,LITTLEBURY MEDICAL CENTRE,E01026016,ALL,2
GP_PRAC_PAT_LIST,01/04/2026,C83065,LITTLEBURY MEDICAL CENTRE,E01026017,ALL,28
GP_PRAC_PAT_LIST,01/04/2026,C83065,LITTLEBURY MEDICAL CENTRE,E01026018,ALL,1
GP_PRAC_PAT_LIST,01/04/2026,C83065,LITTLEBURY MEDICAL CENTRE,E01026019,ALL,1
GP_PRAC_PAT_LIST,01/04/2026,C83065,LITTLEBURY MEDICAL CENTRE,E01026020,ALL,5
GP_PRAC_PAT_LIST,01/04/2026,C83065,LITTLEBURY MEDICAL CENTRE,E01026021,ALL,2
GP_PRAC_PAT_LIST,01/04/2026,C83065,LITTLEBURY MEDICAL CENTRE,E01026024,ALL,1
GP_PRAC_PAT_LIST,01/04/2026,C83065,LITTLEBURY MEDICAL CENTRE,E01026025,ALL,3
GP_PRAC_PAT_LIST,01/04/2026,C83065,LITTLEBURY MEDICAL CENTRE,E01026033,ALL,5
GP_PRAC_PAT_LIST,01/04/2026,C83065,LITTLEBURY MEDICAL CENTRE,E01026041,ALL,2
GP_PRAC_PAT_LIST,01/04/2026,C83065,LITTLEBURY MEDICAL CENTRE,E01026065,ALL,1
GP_PRAC_PAT_LIST,01/04/2026,C83065,LITTLEBURY MEDICAL CENTRE,E01026098,ALL,1
GP_PRAC_PAT_LIST,01/04/2026,C83065,LITTLEBURY MEDICAL CENTRE,E01026187,ALL,1
GP_PRAC_PAT_LIST,01/04/2026,C83065,LITTLEBURY MEDICAL CENTRE,E01026201,ALL,2
GP_PRAC_PAT_LIST,01/04/2026,C83065,LITTLEBURY MEDICAL CENTRE,E01026211,ALL,1
GP_PRAC_PAT_LIST,01/04/2026,C83065,LITTLEBURY MEDICAL CENTRE,E01026223,ALL,1
GP_PRAC_PAT_LIST,01/04/2026,C83065,LITTLEBURY MEDICAL CENTRE,E01026224,ALL,1
GP_PRAC_PAT_LIST,01/04/2026,C83065,LITTLEBURY MEDICAL CENTRE,E01026227,ALL,3
GP_PRAC_PAT_LIST,01/04/2026,C83065,LITTLEBURY MEDICAL CENTRE,E01026228,ALL,5
GP_PRAC_PAT_LIST,01/04/2026,C83065,LITTLEBURY MEDICAL CENTRE,E01026229,ALL,4
GP_PRAC_PAT_LIST,01/04/2026,C83065,LITTLEBURY MEDICAL CENTRE,E01026230,ALL,3
GP_PRAC_PAT_LIST,01/04/2026,C83065,LITTLEBURY MEDICAL CENTRE,E01026231,ALL,6
GP_PRAC_PAT_LIST,01/04/2026,C83065,LITTLEBURY MEDICAL CENTRE,E01026232,ALL,3
GP_PRAC_PAT_LIST,01/04/2026,C83065,LITTLEBURY MEDICAL CENTRE,E01026233,ALL,1
GP_PRAC_PAT_LIST,01/04/2026,C83065,LITTLEBURY MEDICAL CENTRE,E01026235,ALL,2
GP_PRAC_PAT_LIST,01/04/2026,C83065,LITTLEBURY MEDICAL CENTRE,E01026239,ALL,16
GP_PRAC_PAT_LIST,01/04/2026,C83065,LITTLEBURY MEDICAL CENTRE,E01026240,ALL,15
GP_PRAC_PAT_LIST,01/04/2026,C83065,LITTLEBURY MEDICAL CENTRE,E01026241,ALL,2
GP_PRAC_PAT_LIST,01/04/2026,C83065,LITTLEBURY MEDICAL CENTRE,E01026242,ALL,2
GP_PRAC_PAT_LIST,01/04/2026,C83065,LITTLEBURY MEDICAL CENTRE,E01026243,ALL,3
GP_PRAC_PAT_LIST,01/04/2026,C83065,LITTLEBURY MEDICAL CENTRE,E01026244,ALL,11
GP_PRAC_PAT_LIST,01/04/2026,C83065,LITTLEBURY MEDICAL CENTRE,E01026245,ALL,1307
GP_PRAC_PAT_LIST,01/04/2026,C83065,LITTLEBURY MEDICAL CENTRE,E01026246,ALL,282
GP_PRAC_PAT_LIST,01/04/2026,C83065,LITTLEBURY MEDICAL CENTRE,E01026247,ALL,1
GP_PRAC_PAT_LIST,01/04/2026,C83065,LITTLEBURY MEDICAL CENTRE,E01026248,ALL,1216
GP_PRAC_PAT_LIST,01/04/2026,C83065,LITTLEBURY MEDICAL CENTRE,E01026249,ALL,678
GP_PRAC_PAT_LIST,01/04/2026,C83065,LITTLEBURY MEDICAL CENTRE,E01026250,ALL,1235
GP_PRAC_PAT_LIST,01/04/2026,C83065,LITTLEBURY MEDICAL CENTRE,E01026251,ALL,1176
GP_PRAC_PAT_LIST,01/04/2026,C83065,LITTLEBURY MEDICAL CENTRE,E01026252,ALL,886
GP_PRAC_PAT_LIST,01/04/2026,C83065,LITTLEBURY MEDICAL CENTRE,E01026253,ALL,1073
GP_PRAC_PAT_LIST,01/04/2026,C83065,LITTLEBURY MEDICAL CENTRE,E01026254,ALL,48
GP_PRAC_PAT_LIST,01/04/2026,C83065,LITTLEBURY MEDICAL CENTRE,E01026255,ALL,46
GP_PRAC_PAT_LIST,01/04/2026,C83065,LITTLEBURY MEDICAL CENTRE,E01026256,ALL,54
GP_PRAC_PAT_LIST,01/04/2026,C83065,LITTLEBURY MEDICAL CENTRE,E01026257,ALL,76
GP_PRAC_PAT_LIST,01/04/2026,C83065,LITTLEBURY MEDICAL CENTRE,E01026258,ALL,4
GP_PRAC_PAT_LIST,01/04/2026,C83065,LITTLEBURY MEDICAL CENTRE,E01026259,ALL,7
GP_PRAC_PAT_LIST,01/04/2026,C83065,LITTLEBURY MEDICAL CENTRE,E01026260,ALL,5
GP_PRAC_PAT_LIST,01/04/2026,C83065,LITTLEBURY MEDICAL CENTRE,E01026262,ALL,1
GP_PRAC_PAT_LIST,01/04/2026,C83065,LITTLEBURY MEDICAL CENTRE,E01026263,ALL,17
GP_PRAC_PAT_LIST,01/04/2026,C83065,LITTLEBURY MEDICAL CENTRE,E01026264,ALL,1
GP_PRAC_PAT_LIST,01/04/2026,C83065,LITTLEBURY MEDICAL CENTRE,E01026265,ALL,18
GP_PRAC_PAT_LIST,01/04/2026,C83065,LITTLEBURY MEDICAL CENTRE,E01026266,ALL,7
GP_PRAC_PAT_LIST,01/04/2026,C83065,LITTLEBURY MEDICAL CENTRE,E01026268,ALL,7
GP_PRAC_PAT_LIST,01/04/2026,C83065,LITTLEBURY MEDICAL CENTRE,E01026269,ALL,5
GP_PRAC_PAT_LIST,01/04/2026,C83065,LITTLEBURY MEDICAL CENTRE,E01026270,ALL,11
GP_PRAC_PAT_LIST,01/04/2026,C83065,LITTLEBURY MEDICAL CENTRE,E01026271,ALL,9
GP_PRAC_PAT_LIST,01/04/2026,C83065,LITTLEBURY MEDICAL CENTRE,E01026272,ALL,1
GP_PRAC_PAT_LIST,01/04/2026,C83065,LITTLEBURY MEDICAL CENTRE,E01026273,ALL,3
GP_PRAC_PAT_LIST,01/04/2026,C83065,LITTLEBURY MEDICAL CENTRE,E01026275,ALL,7
GP_PRAC_PAT_LIST,01/04/2026,C83065,LITTLEBURY MEDICAL CENTRE,E01026276,ALL,3
GP_PRAC_PAT_LIST,01/04/2026,C83065,LITTLEBURY MEDICAL CENTRE,E01026277,ALL,12
GP_PRAC_PAT_LIST,01/04/2026,C83065,LITTLEBURY MEDICAL CENTRE,E01026278,ALL,9
GP_PRAC_PAT_LIST,01/04/2026,C83065,LITTLEBURY MEDICAL CENTRE,E01026279,ALL,3
GP_PRAC_PAT_LIST,01/04/2026,C83065,LITTLEBURY MEDICAL CENTRE,E01026280,ALL,191
GP_PRAC_PAT_LIST,01/04/2026,C83065,LITTLEBURY MEDICAL CENTRE,E01026281,ALL,97
GP_PRAC_PAT_LIST,01/04/2026,C83065,LITTLEBURY MEDICAL CENTRE,E01026282,ALL,106
GP_PRAC_PAT_LIST,01/04/2026,C83065,LITTLEBURY MEDICAL CENTRE,E01026283,ALL,112
GP_PRAC_PAT_LIST,01/04/2026,C83065,LITTLEBURY MEDICAL CENTRE,E01026284,ALL,21
GP_PRAC_PAT_LIST,01/04/2026,C83065,LITTLEBURY MEDICAL CENTRE,E01026285,ALL,361
GP_PRAC_PAT_LIST,01/04/2026,C83065,LITTLEBURY MEDICAL CENTRE,E01026286,ALL,360
GP_PRAC_PAT_LIST,01/04/2026,C83065,LITTLEBURY MEDICAL CENTRE,E01026304,ALL,2
GP_PRAC_PAT_LIST,01/04/2026,C83065,LITTLEBURY MEDICAL CENTRE,E01026336,ALL,2
GP_PRAC_PAT_LIST,01/04/2026,C83065,LITTLEBURY MEDICAL CENTRE,E01026346,ALL,2
GP_PRAC_PAT_LIST,01/04/2026,C83065,LITTLEBURY MEDICAL CENTRE,E01026364,ALL,1
GP_PRAC_PAT_LIST,01/04/2026,C83065,LITTLEBURY MEDICAL CENTRE,E01026444,ALL,1
GP_PRAC_PAT_LIST,01/04/2026,C83065,LITTLEBURY MEDICAL CENTRE,E01026643,ALL,1
GP_PRAC_PAT_LIST,01/04/2026,C83065,LITTLEBURY MEDICAL CENTRE,E01026663,ALL,1
GP_PRAC_PAT_LIST,01/04/2026,C83065,LITTLEBURY MEDICAL CENTRE,E01026719,ALL,2
GP_PRAC_PAT_LIST,01/04/2026,C83065,LITTLEBURY MEDICAL CENTRE,E01026720,ALL,3
GP_PRAC_PAT_LIST,01/04/2026,C83065,LITTLEBURY MEDICAL CENTRE,E01032995,ALL,4
GP_PRAC_PAT_LIST,01/04/2026,C83065,LITTLEBURY MEDICAL CENTRE,E01032996,ALL,6
GP_PRAC_PAT_LIST,01/04/2026,C83065,LITTLEBURY MEDICAL CENTRE,E01033179,ALL,1
GP_PRAC_PAT_LIST,01/04/2026,C83065,LITTLEBURY MEDICAL CENTRE,E01033519,ALL,1
GP_PRAC_PAT_LIST,01/04/2026,C83065,LITTLEBURY MEDICAL CENTRE,E01034679,ALL,1
GP_PRAC_PAT_LIST,01/04/2026,C83065,LITTLEBURY MEDICAL CENTRE,E01034697,ALL,3
GP_PRAC_PAT_LIST,01/04/2026,C83065,LITTLEBURY MEDICAL CENTRE,E01034698,ALL,5
GP_PRAC_PAT_LIST,01/04/2026,C83065,LITTLEBURY MEDICAL CENTRE,E01034699,ALL,6
GP_PRAC_PAT_LIST,01/04/2026,C83065,LITTLEBURY MEDICAL CENTRE,E01034700,ALL,3
GP_PRAC_PAT_LIST,01/04/2026,C83065,LITTLEBURY MEDICAL CENTRE,E01034768,ALL,1
GP_PRAC_PAT_LIST,01/04/2026,C83065,LITTLEBURY MEDICAL CENTRE,E01035538,ALL,1
GP_PRAC_PAT_LIST,01/04/2026,C83065,LITTLEBURY MEDICAL CENTRE,E01035548,ALL,1
GP_PRAC_PAT_LIST,01/04/2026,C83065,LITTLEBURY MEDICAL CENTRE,EMPTY,ALL,4
GP_PRAC_PAT_LIST,01/04/2026,C83067,LONG BENNINGTON MEDICAL CENTRE,E01001948,ALL,1
GP_PRAC_PAT_LIST,01/04/2026,C83067,LONG BENNINGTON MEDICAL CENTRE,E01015645,ALL,1
GP_PRAC_PAT_LIST,01/04/2026,C83067,LONG BENNINGTON MEDICAL CENTRE,E01015661,ALL,1
GP_PRAC_PAT_LIST,01/04/2026,C83067,LONG BENNINGTON MEDICAL CENTRE,E01019705,ALL,1
GP_PRAC_PAT_LIST,01/04/2026,C83067,LONG BENNINGTON MEDICAL CENTRE,E01020419,ALL,1
GP_PRAC_PAT_LIST,01/04/2026,C83067,LONG BENNINGTON MEDICAL CENTRE,E01025885,ALL,618
GP_PRAC_PAT_LIST,01/04/2026,C83067,LONG BENNINGTON MEDICAL CENTRE,E01025886,ALL,285
GP_PRAC_PAT_LIST,01/04/2026,C83067,LONG BENNINGTON MEDICAL CENTRE,E01026221,ALL,1
GP_PRAC_PAT_LIST,01/04/2026,C83067,LONG BENNINGTON MEDICAL CENTRE,E01026291,ALL,6
GP_PRAC_PAT_LIST,01/04/2026,C83067,LONG BENNINGTON MEDICAL CENTRE,E01026308,ALL,1
GP_PRAC_PAT_LIST,01/04/2026,C83067,LONG BENNINGTON MEDICAL CENTRE,E01026313,ALL,6
GP_PRAC_PAT_LIST,01/04/2026,C83067,LONG BENNINGTON MEDICAL CENTRE,E01026314,ALL,1
GP_PRAC_PAT_LIST,01/04/2026,C83067,LONG BENNINGTON MEDICAL CENTRE,E01026315,ALL,2
GP_PRAC_PAT_LIST,01/04/2026,C83067,LONG BENNINGTON MEDICAL CENTRE,E01026319,ALL,2
GP_PRAC_PAT_LIST,01/04/2026,C83067,LONG BENNINGTON MEDICAL CENTRE,E01026326,ALL,1
GP_PRAC_PAT_LIST,01/04/2026,C83067,LONG BENNINGTON MEDICAL CENTRE,E01026329,ALL,2
GP_PRAC_PAT_LIST,01/04/2026,C83067,LONG BENNINGTON MEDICAL CENTRE,E01026332,ALL,1
GP_PRAC_PAT_LIST,01/04/2026,C83067,LONG BENNINGTON MEDICAL CENTRE,E01026333,ALL,991
GP_PRAC_PAT_LIST,01/04/2026,C83067,LONG BENNINGTON MEDICAL CENTRE,E01026340,ALL,15
GP_PRAC_PAT_LIST,01/04/2026,C83067,LONG BENNINGTON MEDICAL CENTRE,E01026345,ALL,1
GP_PRAC_PAT_LIST,01/04/2026,C83067,LONG BENNINGTON MEDICAL CENTRE,E01026355,ALL,2683
GP_PRAC_PAT_LIST,01/04/2026,C83067,LONG BENNINGTON MEDICAL CENTRE,E01026365,ALL,2015
GP_PRAC_PAT_LIST,01/04/2026,C83067,LONG BENNINGTON MEDICAL CENTRE,E01028285,ALL,3
GP_PRAC_PAT_LIST,01/04/2026,C83067,LONG BENNINGTON MEDICAL CENTRE,E01028318,ALL,1
GP_PRAC_PAT_LIST,01/04/2026,C83067,LONG BENNINGTON MEDICAL CENTRE,E01028325,ALL,296
GP_PRAC_PAT_LIST,01/04/2026,C83067,LONG BENNINGTON MEDICAL CENTRE,E01028355,ALL,1
GP_PRAC_PAT_LIST,01/04/2026,C83067,LONG BENNINGTON MEDICAL CENTRE,E01028411,ALL,123
GP_PRAC_PAT_LIST,01/04/2026,C83067,LONG BENNINGTON MEDICAL CENTRE,E01033780,ALL,7
GP_PRAC_PAT_LIST,01/04/2026,C83067,LONG BENNINGTON MEDICAL CENTRE,EMPTY,ALL,2
GP_PRAC_PAT_LIST,01/04/2026,C83072,MINSTER MEDICAL PRACTICE,E01004653,ALL,2
GP_PRAC_PAT_LIST,01/04/2026,C83072,MINSTER MEDICAL PRACTICE,E01007437,ALL,1
GP_PRAC_PAT_LIST,01/04/2026,C83072,MINSTER MEDICAL PRACTICE,E01007558,ALL,1
GP_PRAC_PAT_LIST,01/04/2026,C83072,MINSTER MEDICAL PRACTICE,E01008105,ALL,1
GP_PRAC_PAT_LIST,01/04/2026,C83072,MINSTER MEDICAL PRACTICE,E01008132,ALL,1
GP_PRAC_PAT_LIST,01/04/2026,C83072,MINSTER MEDICAL PRACTICE,E01011876,ALL,1
GP_PRAC_PAT_LIST,01/04/2026,C83072,MINSTER MEDICAL PRACTICE,E01013649,ALL,1
GP_PRAC_PAT_LIST,01/04/2026,C83072,MINSTER MEDICAL PRACTICE,E01013967,ALL,1
GP_PRAC_PAT_LIST,01/04/2026,C83072,MINSTER MEDICAL PRACTICE,E01017918,ALL,1
GP_PRAC_PAT_LIST,01/04/2026,C83072,MINSTER MEDICAL PRACTICE,E01019088,ALL,1
GP_PRAC_PAT_LIST,01/04/2026,C83072,MINSTER MEDICAL PRACTICE,E01023118,ALL,1
GP_PRAC_PAT_LIST,01/04/2026,C83072,MINSTER MEDICAL PRACTICE,E01024745,ALL,1
GP_PRAC_PAT_LIST,01/04/2026,C83072,MINSTER MEDICAL PRACTICE,E01025858,ALL,1
GP_PRAC_PAT_LIST,01/04/2026,C83072,MINSTER MEDICAL PRACTICE,E01026020,ALL,1
GP_PRAC_PAT_LIST,01/04/2026,C83072,MINSTER MEDICAL PRACTICE,E01026067,ALL,1
GP_PRAC_PAT_LIST,01/04/2026,C83072,MINSTER MEDICAL PRACTICE,E01026120,ALL,2
GP_PRAC_PAT_LIST,01/04/2026,C83072,MINSTER MEDICAL PRACTICE,E01026122,ALL,196
GP_PRAC_PAT_LIST,01/04/2026,C83072,MINSTER MEDICAL PRACTICE,E01026123,ALL,315
GP_PRAC_PAT_LIST,01/04/2026,C83072,MINSTER MEDICAL PRACTICE,E01026124,ALL,1
GP_PRAC_PAT_LIST,01/04/2026,C83072,MINSTER MEDICAL PRACTICE,E01026125,ALL,179
GP_PRAC_PAT_LIST,01/04/2026,C83072,MINSTER MEDICAL PRACTICE,E01026126,ALL,5
GP_PRAC_PAT_LIST,01/04/2026,C83072,MINSTER MEDICAL PRACTICE,E01026129,ALL,2
GP_PRAC_PAT_LIST,01/04/2026,C83072,MINSTER MEDICAL PRACTICE,E01026132,ALL,1
GP_PRAC_PAT_LIST,01/04/2026,C83072,MINSTER MEDICAL PRACTICE,E01026134,ALL,2
GP_PRAC_PAT_LIST,01/04/2026,C83072,MINSTER MEDICAL PRACTICE,E01026139,ALL,1
GP_PRAC_PAT_LIST,01/04/2026,C83072,MINSTER MEDICAL PRACTICE,E01026144,ALL,104
GP_PRAC_PAT_LIST,01/04/2026,C83072,MINSTER MEDICAL PRACTICE,E01026145,ALL,144
GP_PRAC_PAT_LIST,01/04/2026,C83072,MINSTER MEDICAL PRACTICE,E01026146,ALL,26
GP_PRAC_PAT_LIST,01/04/2026,C83072,MINSTER MEDICAL PRACTICE,E01026147,ALL,509
GP_PRAC_PAT_LIST,01/04/2026,C83072,MINSTER MEDICAL PRACTICE,E01026148,ALL,245
GP_PRAC_PAT_LIST,01/04/2026,C83072,MINSTER MEDICAL PRACTICE,E01026149,ALL,423
GP_PRAC_PAT_LIST,01/04/2026,C83072,MINSTER MEDICAL PRACTICE,E01026150,ALL,418
GP_PRAC_PAT_LIST,01/04/2026,C83072,MINSTER MEDICAL PRACTICE,E01026151,ALL,509
GP_PRAC_PAT_LIST,01/04/2026,C83072,MINSTER MEDICAL PRACTICE,E01026152,ALL,481
GP_PRAC_PAT_LIST,01/04/2026,C83072,MINSTER MEDICAL PRACTICE,E01026153,ALL,418
GP_PRAC_PAT_LIST,01/04/2026,C83072,MINSTER MEDICAL PRACTICE,E01026154,ALL,407
GP_PRAC_PAT_LIST,01/04/2026,C83072,MINSTER MEDICAL PRACTICE,E01026155,ALL,298
GP_PRAC_PAT_LIST,01/04/2026,C83072,MINSTER MEDICAL PRACTICE,E01026156,ALL,446
GP_PRAC_PAT_LIST,01/04/2026,C83072,MINSTER MEDICAL PRACTICE,E01026157,ALL,447
GP_PRAC_PAT_LIST,01/04/2026,C83072,MINSTER MEDICAL PRACTICE,E01026158,ALL,1
GP_PRAC_PAT_LIST,01/04/2026,C83072,MINSTER MEDICAL PRACTICE,E01026162,ALL,1
GP_PRAC_PAT_LIST,01/04/2026,C83072,MINSTER MEDICAL PRACTICE,E01026164,ALL,653
GP_PRAC_PAT_LIST,01/04/2026,C83072,MINSTER MEDICAL PRACTICE,E01026165,ALL,659
GP_PRAC_PAT_LIST,01/04/2026,C83072,MINSTER MEDICAL PRACTICE,E01026166,ALL,498
GP_PRAC_PAT_LIST,01/04/2026,C83072,MINSTER MEDICAL PRACTICE,E01026167,ALL,630
GP_PRAC_PAT_LIST,01/04/2026,C83072,MINSTER MEDICAL PRACTICE,E01026168,ALL,498
GP_PRAC_PAT_LIST,01/04/2026,C83072,MINSTER MEDICAL PRACTICE,E01026173,ALL,3
GP_PRAC_PAT_LIST,01/04/2026,C83072,MINSTER MEDICAL PRACTICE,E01026174,ALL,4
GP_PRAC_PAT_LIST,01/04/2026,C83072,MINSTER MEDICAL PRACTICE,E01026175,ALL,2
GP_PRAC_PAT_LIST,01/04/2026,C83072,MINSTER MEDICAL PRACTICE,E01026177,ALL,1
GP_PRAC_PAT_LIST,01/04/2026,C83072,MINSTER MEDICAL PRACTICE,E01026178,ALL,10
GP_PRAC_PAT_LIST,01/04/2026,C83072,MINSTER MEDICAL PRACTICE,E01026186,ALL,1
GP_PRAC_PAT_LIST,01/04/2026,C83072,MINSTER MEDICAL PRACTICE,E01026188,ALL,1
GP_PRAC_PAT_LIST,01/04/2026,C83072,MINSTER MEDICAL PRACTICE,E01026190,ALL,1
GP_PRAC_PAT_LIST,01/04/2026,C83072,MINSTER MEDICAL PRACTICE,E01026199,ALL,2
GP_PRAC_PAT_LIST,01/04/2026,C83072,MINSTER MEDICAL PRACTICE,E01026203,ALL,2
GP_PRAC_PAT_LIST,01/04/2026,C83072,MINSTER MEDICAL PRACTICE,E01026235,ALL,1
GP_PRAC_PAT_LIST,01/04/2026,C83072,MINSTER MEDICAL PRACTICE,E01026236,ALL,1
GP_PRAC_PAT_LIST,01/04/2026,C83072,MINSTER MEDICAL PRACTICE,E01026237,ALL,1
GP_PRAC_PAT_LIST,01/04/2026,C83072,MINSTER MEDICAL PRACTICE,E01026238,ALL,1
GP_PRAC_PAT_LIST,01/04/2026,C83072,MINSTER MEDICAL PRACTICE,E01026281,ALL,1
GP_PRAC_PAT_LIST,01/04/2026,C83072,MINSTER MEDICAL PRACTICE,E01026369,ALL,1
GP_PRAC_PAT_LIST,01/04/2026,C83072,MINSTER MEDICAL PRACTICE,E01026370,ALL,19
GP_PRAC_PAT_LIST,01/04/2026,C83072,MINSTER MEDICAL PRACTICE,E01026371,ALL,5
GP_PRAC_PAT_LIST,01/04/2026,C83072,MINSTER MEDICAL PRACTICE,E01026372,ALL,7
GP_PRAC_PAT_LIST,01/04/2026,C83072,MINSTER MEDICAL PRACTICE,E01026377,ALL,1
GP_PRAC_PAT_LIST,01/04/2026,C83072,MINSTER MEDICAL PRACTICE,E01026390,ALL,1
GP_PRAC_PAT_LIST,01/04/2026,C83072,MINSTER MEDICAL PRACTICE,E01026392,ALL,1
GP_PRAC_PAT_LIST,01/04/2026,C83072,MINSTER MEDICAL PRACTICE,E01026393,ALL,71
GP_PRAC_PAT_LIST,01/04/2026,C83072,MINSTER MEDICAL PRACTICE,E01026394,ALL,454
GP_PRAC_PAT_LIST,01/04/2026,C83072,MINSTER MEDICAL PRACTICE,E01026395,ALL,97
GP_PRAC_PAT_LIST,01/04/2026,C83072,MINSTER MEDICAL PRACTICE,E01026400,ALL,3
GP_PRAC_PAT_LIST,01/04/2026,C83072,MINSTER MEDICAL PRACTICE,E01026404,ALL,1
GP_PRAC_PAT_LIST,01/04/2026,C83072,MINSTER MEDICAL PRACTICE,E01026405,ALL,53
GP_PRAC_PAT_LIST,01/04/2026,C83072,MINSTER MEDICAL PRACTICE,E01026406,ALL,43
GP_PRAC_PAT_LIST,01/04/2026,C83072,MINSTER MEDICAL PRACTICE,E01026409,ALL,2
GP_PRAC_PAT_LIST,01/04/2026,C83072,MINSTER MEDICAL PRACTICE,E01026411,ALL,2
GP_PRAC_PAT_LIST,01/04/2026,C83072,MINSTER MEDICAL PRACTICE,E01026412,ALL,3
GP_PRAC_PAT_LIST,01/04/2026,C83072,MINSTER MEDICAL PRACTICE,E01026413,ALL,10
GP_PRAC_PAT_LIST,01/04/2026,C83072,MINSTER MEDICAL PRACTICE,E01026414,ALL,1
GP_PRAC_PAT_LIST,01/04/2026,C83072,MINSTER MEDICAL PRACTICE,E01027960,ALL,1
GP_PRAC_PAT_LIST,01/04/2026,C83072,MINSTER MEDICAL PRACTICE,E01030363,ALL,1
GP_PRAC_PAT_LIST,01/04/2026,C83072,MINSTER MEDICAL PRACTICE,E01032771,ALL,1
GP_PRAC_PAT_LIST,01/04/2026,C83072,MINSTER MEDICAL PRACTICE,E01032991,ALL,1
GP_PRAC_PAT_LIST,01/04/2026,C83072,MINSTER MEDICAL PRACTICE,E01032992,ALL,1
GP_PRAC_PAT_LIST,01/04/2026,C83072,MINSTER MEDICAL PRACTICE,E01034687,ALL,61
GP_PRAC_PAT_LIST,01/04/2026,C83072,MINSTER MEDICAL PRACTICE,E01034688,ALL,54
GP_PRAC_PAT_LIST,01/04/2026,C83072,MINSTER MEDICAL PRACTICE,E01034692,ALL,1
GP_PRAC_PAT_LIST,01/04/2026,C83072,MINSTER MEDICAL PRACTICE,E01034706,ALL,2
GP_PRAC_PAT_LIST,01/04/2026,C83072,MINSTER MEDICAL PRACTICE,E01034707,ALL,90
GP_PRAC_PAT_LIST,01/04/2026,C83072,MINSTER MEDICAL PRACTICE,E01034780,ALL,1
GP_PRAC_PAT_LIST,01/04/2026,C83072,MINSTER MEDICAL PRACTICE,E01035491,ALL,1
GP_PRAC_PAT_LIST,01/04/2026,C83072,MINSTER MEDICAL PRACTICE,EMPTY,ALL,6
GP_PRAC_PAT_LIST,01/04/2026,C83072,MINSTER MEDICAL PRACTICE,N21000423,ALL,1
GP_PRAC_PAT_LIST,01/04/2026,C83073,CLIFF HOUSE MEDICAL PRACTICE,CLOSED,ALL,6
GP_PRAC_PAT_LIST,01/04/2026,C83073,CLIFF HOUSE MEDICAL PRACTICE,E01000139,ALL,2
GP_PRAC_PAT_LIST,01/04/2026,C83073,CLIFF HOUSE MEDICAL PRACTICE,E01000320,ALL,1
GP_PRAC_PAT_LIST,01/04/2026,C83073,CLIFF HOUSE MEDICAL PRACTICE,E01000646,ALL,1
GP_PRAC_PAT_LIST,01/04/2026,C83073,CLIFF HOUSE MEDICAL PRACTICE,E01004837,ALL,1
GP_PRAC_PAT_LIST,01/04/2026,C83073,CLIFF HOUSE MEDICAL PRACTICE,E01004868,ALL,1
GP_PRAC_PAT_LIST,01/04/2026,C83073,CLIFF HOUSE MEDICAL PRACTICE,E01005825,ALL,1
GP_PRAC_PAT_LIST,01/04/2026,C83073,CLIFF HOUSE MEDICAL PRACTICE,E01006784,ALL,1
GP_PRAC_PAT_LIST,01/04/2026,C83073,CLIFF HOUSE MEDICAL PRACTICE,E01007601,ALL,1
GP_PRAC_PAT_LIST,01/04/2026,C83073,CLIFF HOUSE MEDICAL PRACTICE,E01007655,ALL,1
GP_PRAC_PAT_LIST,01/04/2026,C83073,CLIFF HOUSE MEDICAL PRACTICE,E01007846,ALL,1
GP_PRAC_PAT_LIST,01/04/2026,C83073,CLIFF HOUSE MEDICAL PRACTICE,E01008366,ALL,1
GP_PRAC_PAT_LIST,01/04/2026,C83073,CLIFF HOUSE MEDICAL PRACTICE,E01011273,ALL,1
GP_PRAC_PAT_LIST,01/04/2026,C83073,CLIFF HOUSE MEDICAL PRACTICE,E01011540,ALL,1
GP_PRAC_PAT_LIST,01/04/2026,C83073,CLIFF HOUSE MEDICAL PRACTICE,E01012848,ALL,1
GP_PRAC_PAT_LIST,01/04/2026,C83073,CLIFF HOUSE MEDICAL PRACTICE,E01013174,ALL,1
GP_PRAC_PAT_LIST,01/04/2026,C83073,CLIFF HOUSE MEDICAL PRACTICE,E01013180,ALL,1
GP_PRAC_PAT_LIST,01/04/2026,C83073,CLIFF HOUSE MEDICAL PRACTICE,E01013237,ALL,1
GP_PRAC_PAT_LIST,01/04/2026,C83073,CLIFF HOUSE MEDICAL PRACTICE,E01013257,ALL,2
GP_PRAC_PAT_LIST,01/04/2026,C83073,CLIFF HOUSE MEDICAL PRACTICE,E01013260,ALL,1
GP_PRAC_PAT_LIST,01/04/2026,C83073,CLIFF HOUSE MEDICAL PRACTICE,E01013277,ALL,1
GP_PRAC_PAT_LIST,01/04/2026,C83073,CLIFF HOUSE MEDICAL PRACTICE,E01013326,ALL,1
GP_PRAC_PAT_LIST,01/04/2026,C83073,CLIFF HOUSE MEDICAL PRACTICE,E01013816,ALL,1
GP_PRAC_PAT_LIST,01/04/2026,C83073,CLIFF HOUSE MEDICAL PRACTICE,E01014280,ALL,1
GP_PRAC_PAT_LIST,01/04/2026,C83073,CLIFF HOUSE MEDICAL PRACTICE,E01014308,ALL,1
GP_PRAC_PAT_LIST,01/04/2026,C83073,CLIFF HOUSE MEDICAL PRACTICE,E01015653,ALL,1
GP_PRAC_PAT_LIST,01/04/2026,C83073,CLIFF HOUSE MEDICAL PRACTICE,E01015661,ALL,1
GP_PRAC_PAT_LIST,01/04/2026,C83073,CLIFF HOUSE MEDICAL PRACTICE,E01017101,ALL,1
GP_PRAC_PAT_LIST,01/04/2026,C83073,CLIFF HOUSE MEDICAL PRACTICE,E01018215,ALL,1
GP_PRAC_PAT_LIST,01/04/2026,C83073,CLIFF HOUSE MEDICAL PRACTICE,E01019526,ALL,1
GP_PRAC_PAT_LIST,01/04/2026,C83073,CLIFF HOUSE MEDICAL PRACTICE,E01019747,ALL,1
GP_PRAC_PAT_LIST,01/04/2026,C83073,CLIFF HOUSE MEDICAL PRACTICE,E01020491,ALL,1
GP_PRAC_PAT_LIST,01/04/2026,C83073,CLIFF HOUSE MEDICAL PRACTICE,E01021396,ALL,1
GP_PRAC_PAT_LIST,01/04/2026,C83073,CLIFF HOUSE MEDICAL PRACTICE,E01021643,ALL,1
GP_PRAC_PAT_LIST,01/04/2026,C83073,CLIFF HOUSE MEDICAL PRACTICE,E01021885,ALL,1
GP_PRAC_PAT_LIST,01/04/2026,C83073,CLIFF HOUSE MEDICAL PRACTICE,E01022147,ALL,1
GP_PRAC_PAT_LIST,01/04/2026,C83073,CLIFF HOUSE MEDICAL PRACTICE,E01022232,ALL,1
GP_PRAC_PAT_LIST,01/04/2026,C83073,CLIFF HOUSE MEDICAL PRACTICE,E01023435,ALL,1
GP_PRAC_PAT_LIST,01/04/2026,C83073,CLIFF HOUSE MEDICAL PRACTICE,E01023546,ALL,3
GP_PRAC_PAT_LIST,01/04/2026,C83073,CLIFF HOUSE MEDICAL PRACTICE,E01024163,ALL,1
GP_PRAC_PAT_LIST,01/04/2026,C83073,CLIFF HOUSE MEDICAL PRACTICE,E01024428,ALL,1
GP_PRAC_PAT_LIST,01/04/2026,C83073,CLIFF HOUSE MEDICAL PRACTICE,E01025696,ALL,1
GP_PRAC_PAT_LIST,01/04/2026,C83073,CLIFF HOUSE MEDICAL PRACTICE,E01025772,ALL,1
GP_PRAC_PAT_LIST,01/04/2026,C83073,CLIFF HOUSE MEDICAL PRACTICE,E01025941,ALL,1
GP_PRAC_PAT_LIST,01/04/2026,C83073,CLIFF HOUSE MEDICAL PRACTICE,E01026028,ALL,1
GP_PRAC_PAT_LIST,01/04/2026,C83073,CLIFF HOUSE MEDICAL PRACTICE,E01026035,ALL,1
GP_PRAC_PAT_LIST,01/04/2026,C83073,CLIFF HOUSE MEDICAL PRACTICE,E01026064,ALL,1
GP_PRAC_PAT_LIST,01/04/2026,C83073,CLIFF HOUSE MEDICAL PRACTICE,E01026066,ALL,2
GP_PRAC_PAT_LIST,01/04/2026,C83073,CLIFF HOUSE MEDICAL PRACTICE,E01026071,ALL,2
GP_PRAC_PAT_LIST,01/04/2026,C83073,CLIFF HOUSE MEDICAL PRACTICE,E01026091,ALL,2
GP_PRAC_PAT_LIST,01/04/2026,C83073,CLIFF HOUSE MEDICAL PRACTICE,E01026110,ALL,1
GP_PRAC_PAT_LIST,01/04/2026,C83073,CLIFF HOUSE MEDICAL PRACTICE,E01026121,ALL,4
GP_PRAC_PAT_LIST,01/04/2026,C83073,CLIFF HOUSE MEDICAL PRACTICE,E01026122,ALL,89
GP_PRAC_PAT_LIST,01/04/2026,C83073,CLIFF HOUSE MEDICAL PRACTICE,E01026123,ALL,96
GP_PRAC_PAT_LIST,01/04/2026,C83073,CLIFF HOUSE MEDICAL PRACTICE,E01026124,ALL,56
GP_PRAC_PAT_LIST,01/04/2026,C83073,CLIFF HOUSE MEDICAL PRACTICE,E01026125,ALL,76
GP_PRAC_PAT_LIST,01/04/2026,C83073,CLIFF HOUSE MEDICAL PRACTICE,E01026126,ALL,53
GP_PRAC_PAT_LIST,01/04/2026,C83073,CLIFF HOUSE MEDICAL PRACTICE,E01026127,ALL,3
GP_PRAC_PAT_LIST,01/04/2026,C83073,CLIFF HOUSE MEDICAL PRACTICE,E01026129,ALL,8
GP_PRAC_PAT_LIST,01/04/2026,C83073,CLIFF HOUSE MEDICAL PRACTICE,E01026130,ALL,17
GP_PRAC_PAT_LIST,01/04/2026,C83073,CLIFF HOUSE MEDICAL PRACTICE,E01026131,ALL,7
GP_PRAC_PAT_LIST,01/04/2026,C83073,CLIFF HOUSE MEDICAL PRACTICE,E01026132,ALL,40
GP_PRAC_PAT_LIST,01/04/2026,C83073,CLIFF HOUSE MEDICAL PRACTICE,E01026134,ALL,42
GP_PRAC_PAT_LIST,01/04/2026,C83073,CLIFF HOUSE MEDICAL PRACTICE,E01026135,ALL,21
GP_PRAC_PAT_LIST,01/04/2026,C83073,CLIFF HOUSE MEDICAL PRACTICE,E01026136,ALL,8
GP_PRAC_PAT_LIST,01/04/2026,C83073,CLIFF HOUSE MEDICAL PRACTICE,E01026137,ALL,6
GP_PRAC_PAT_LIST,01/04/2026,C83073,CLIFF HOUSE MEDICAL PRACTICE,E01026138,ALL,12
GP_PRAC_PAT_LIST,01/04/2026,C83073,CLIFF HOUSE MEDICAL PRACTICE,E01026139,ALL,3
GP_PRAC_PAT_LIST,01/04/2026,C83073,CLIFF HOUSE MEDICAL PRACTICE,E01026140,ALL,7
GP_PRAC_PAT_LIST,01/04/2026,C83073,CLIFF HOUSE MEDICAL PRACTICE,E01026141,ALL,9
GP_PRAC_PAT_LIST,01/04/2026,C83073,CLIFF HOUSE MEDICAL PRACTICE,E01026142,ALL,9
GP_PRAC_PAT_LIST,01/04/2026,C83073,CLIFF HOUSE MEDICAL PRACTICE,E01026144,ALL,524
GP_PRAC_PAT_LIST,01/04/2026,C83073,CLIFF HOUSE MEDICAL PRACTICE,E01026145,ALL,531
GP_PRAC_PAT_LIST,01/04/2026,C83073,CLIFF HOUSE MEDICAL PRACTICE,E01026146,ALL,188
GP_PRAC_PAT_LIST,01/04/2026,C83073,CLIFF HOUSE MEDICAL PRACTICE,E01026147,ALL,1148
GP_PRAC_PAT_LIST,01/04/2026,C83073,CLIFF HOUSE MEDICAL PRACTICE,E01026148,ALL,1003
GP_PRAC_PAT_LIST,01/04/2026,C83073,CLIFF HOUSE MEDICAL PRACTICE,E01026149,ALL,487
GP_PRAC_PAT_LIST,01/04/2026,C83073,CLIFF HOUSE MEDICAL PRACTICE,E01026150,ALL,295
GP_PRAC_PAT_LIST,01/04/2026,C83073,CLIFF HOUSE MEDICAL PRACTICE,E01026151,ALL,835
GP_PRAC_PAT_LIST,01/04/2026,C83073,CLIFF HOUSE MEDICAL PRACTICE,E01026152,ALL,60
GP_PRAC_PAT_LIST,01/04/2026,C83073,CLIFF HOUSE MEDICAL PRACTICE,E01026153,ALL,68
GP_PRAC_PAT_LIST,01/04/2026,C83073,CLIFF HOUSE MEDICAL PRACTICE,E01026154,ALL,36
GP_PRAC_PAT_LIST,01/04/2026,C83073,CLIFF HOUSE MEDICAL PRACTICE,E01026155,ALL,37
GP_PRAC_PAT_LIST,01/04/2026,C83073,CLIFF HOUSE MEDICAL PRACTICE,E01026156,ALL,79
GP_PRAC_PAT_LIST,01/04/2026,C83073,CLIFF HOUSE MEDICAL PRACTICE,E01026157,ALL,45
GP_PRAC_PAT_LIST,01/04/2026,C83073,CLIFF HOUSE MEDICAL PRACTICE,E01026158,ALL,8
GP_PRAC_PAT_LIST,01/04/2026,C83073,CLIFF HOUSE MEDICAL PRACTICE,E01026159,ALL,5
GP_PRAC_PAT_LIST,01/04/2026,C83073,CLIFF HOUSE MEDICAL PRACTICE,E01026160,ALL,5
GP_PRAC_PAT_LIST,01/04/2026,C83073,CLIFF HOUSE MEDICAL PRACTICE,E01026161,ALL,16
GP_PRAC_PAT_LIST,01/04/2026,C83073,CLIFF HOUSE MEDICAL PRACTICE,E01026162,ALL,7
GP_PRAC_PAT_LIST,01/04/2026,C83073,CLIFF HOUSE MEDICAL PRACTICE,E01026163,ALL,2
GP_PRAC_PAT_LIST,01/04/2026,C83073,CLIFF HOUSE MEDICAL PRACTICE,E01026164,ALL,241
GP_PRAC_PAT_LIST,01/04/2026,C83073,CLIFF HOUSE MEDICAL PRACTICE,E01026165,ALL,82
GP_PRAC_PAT_LIST,01/04/2026,C83073,CLIFF HOUSE MEDICAL PRACTICE,E01026166,ALL,120
GP_PRAC_PAT_LIST,01/04/2026,C83073,CLIFF HOUSE MEDICAL PRACTICE,E01026167,ALL,361
GP_PRAC_PAT_LIST,01/04/2026,C83073,CLIFF HOUSE MEDICAL PRACTICE,E01026168,ALL,103
GP_PRAC_PAT_LIST,01/04/2026,C83073,CLIFF HOUSE MEDICAL PRACTICE,E01026169,ALL,16
GP_PRAC_PAT_LIST,01/04/2026,C83073,CLIFF HOUSE MEDICAL PRACTICE,E01026170,ALL,5
GP_PRAC_PAT_LIST,01/04/2026,C83073,CLIFF HOUSE MEDICAL PRACTICE,E01026171,ALL,4
GP_PRAC_PAT_LIST,01/04/2026,C83073,CLIFF HOUSE MEDICAL PRACTICE,E01026172,ALL,16
GP_PRAC_PAT_LIST,01/04/2026,C83073,CLIFF HOUSE MEDICAL PRACTICE,E01026173,ALL,11
GP_PRAC_PAT_LIST,01/04/2026,C83073,CLIFF HOUSE MEDICAL PRACTICE,E01026174,ALL,38
GP_PRAC_PAT_LIST,01/04/2026,C83073,CLIFF HOUSE MEDICAL PRACTICE,E01026175,ALL,40
GP_PRAC_PAT_LIST,01/04/2026,C83073,CLIFF HOUSE MEDICAL PRACTICE,E01026176,ALL,36
GP_PRAC_PAT_LIST,01/04/2026,C83073,CLIFF HOUSE MEDICAL PRACTICE,E01026177,ALL,23
GP_PRAC_PAT_LIST,01/04/2026,C83073,CLIFF HOUSE MEDICAL PRACTICE,E01026178,ALL,21
GP_PRAC_PAT_LIST,01/04/2026,C83073,CLIFF HOUSE MEDICAL PRACTICE,E01026180,ALL,1
GP_PRAC_PAT_LIST,01/04/2026,C83073,CLIFF HOUSE MEDICAL PRACTICE,E01026184,ALL,6
GP_PRAC_PAT_LIST,01/04/2026,C83073,CLIFF HOUSE MEDICAL PRACTICE,E01026185,ALL,12
GP_PRAC_PAT_LIST,01/04/2026,C83073,CLIFF HOUSE MEDICAL PRACTICE,E01026186,ALL,16
GP_PRAC_PAT_LIST,01/04/2026,C83073,CLIFF HOUSE MEDICAL PRACTICE,E01026187,ALL,9
GP_PRAC_PAT_LIST,01/04/2026,C83073,CLIFF HOUSE MEDICAL PRACTICE,E01026188,ALL,6
GP_PRAC_PAT_LIST,01/04/2026,C83073,CLIFF HOUSE MEDICAL PRACTICE,E01026189,ALL,10
GP_PRAC_PAT_LIST,01/04/2026,C83073,CLIFF HOUSE MEDICAL PRACTICE,E01026190,ALL,9
GP_PRAC_PAT_LIST,01/04/2026,C83073,CLIFF HOUSE MEDICAL PRACTICE,E01026191,ALL,6
GP_PRAC_PAT_LIST,01/04/2026,C83073,CLIFF HOUSE MEDICAL PRACTICE,E01026195,ALL,1
GP_PRAC_PAT_LIST,01/04/2026,C83073,CLIFF HOUSE MEDICAL PRACTICE,E01026196,ALL,7
GP_PRAC_PAT_LIST,01/04/2026,C83073,CLIFF HOUSE MEDICAL PRACTICE,E01026197,ALL,1
GP_PRAC_PAT_LIST,01/04/2026,C83073,CLIFF HOUSE MEDICAL PRACTICE,E01026198,ALL,1
GP_PRAC_PAT_LIST,01/04/2026,C83073,CLIFF HOUSE MEDICAL PRACTICE,E01026199,ALL,8
GP_PRAC_PAT_LIST,01/04/2026,C83073,CLIFF HOUSE MEDICAL PRACTICE,E01026203,ALL,5
GP_PRAC_PAT_LIST,01/04/2026,C83073,CLIFF HOUSE MEDICAL PRACTICE,E01026204,ALL,3
GP_PRAC_PAT_LIST,01/04/2026,C83073,CLIFF HOUSE MEDICAL PRACTICE,E01026205,ALL,9
GP_PRAC_PAT_LIST,01/04/2026,C83073,CLIFF HOUSE MEDICAL PRACTICE,E01026206,ALL,1
GP_PRAC_PAT_LIST,01/04/2026,C83073,CLIFF HOUSE MEDICAL PRACTICE,E01026207,ALL,1
GP_PRAC_PAT_LIST,01/04/2026,C83073,CLIFF HOUSE MEDICAL PRACTICE,E01026210,ALL,1
GP_PRAC_PAT_LIST,01/04/2026,C83073,CLIFF HOUSE MEDICAL PRACTICE,E01026211,ALL,1
GP_PRAC_PAT_LIST,01/04/2026,C83073,CLIFF HOUSE MEDICAL PRACTICE,E01026212,ALL,3
GP_PRAC_PAT_LIST,01/04/2026,C83073,CLIFF HOUSE MEDICAL PRACTICE,E01026213,ALL,2
GP_PRAC_PAT_LIST,01/04/2026,C83073,CLIFF HOUSE MEDICAL PRACTICE,E01026214,ALL,12
GP_PRAC_PAT_LIST,01/04/2026,C83073,CLIFF HOUSE MEDICAL PRACTICE,E01026215,ALL,2
GP_PRAC_PAT_LIST,01/04/2026,C83073,CLIFF HOUSE MEDICAL PRACTICE,E01026218,ALL,4
GP_PRAC_PAT_LIST,01/04/2026,C83073,CLIFF HOUSE MEDICAL PRACTICE,E01026219,ALL,2
GP_PRAC_PAT_LIST,01/04/2026,C83073,CLIFF HOUSE MEDICAL PRACTICE,E01026220,ALL,2
GP_PRAC_PAT_LIST,01/04/2026,C83073,CLIFF HOUSE MEDICAL PRACTICE,E01026222,ALL,1
GP_PRAC_PAT_LIST,01/04/2026,C83073,CLIFF HOUSE MEDICAL PRACTICE,E01026223,ALL,4
GP_PRAC_PAT_LIST,01/04/2026,C83073,CLIFF HOUSE MEDICAL PRACTICE,E01026225,ALL,23
GP_PRAC_PAT_LIST,01/04/2026,C83073,CLIFF HOUSE MEDICAL PRACTICE,E01026226,ALL,6
GP_PRAC_PAT_LIST,01/04/2026,C83073,CLIFF HOUSE MEDICAL PRACTICE,E01026233,ALL,1
GP_PRAC_PAT_LIST,01/04/2026,C83073,CLIFF HOUSE MEDICAL PRACTICE,E01026237,ALL,1
GP_PRAC_PAT_LIST,01/04/2026,C83073,CLIFF HOUSE MEDICAL PRACTICE,E01026238,ALL,4
GP_PRAC_PAT_LIST,01/04/2026,C83073,CLIFF HOUSE MEDICAL PRACTICE,E01026351,ALL,1
GP_PRAC_PAT_LIST,01/04/2026,C83073,CLIFF HOUSE MEDICAL PRACTICE,E01026353,ALL,1
GP_PRAC_PAT_LIST,01/04/2026,C83073,CLIFF HOUSE MEDICAL PRACTICE,E01026366,ALL,2
GP_PRAC_PAT_LIST,01/04/2026,C83073,CLIFF HOUSE MEDICAL PRACTICE,E01026368,ALL,1
GP_PRAC_PAT_LIST,01/04/2026,C83073,CLIFF HOUSE MEDICAL PRACTICE,E01026369,ALL,6
GP_PRAC_PAT_LIST,01/04/2026,C83073,CLIFF HOUSE MEDICAL PRACTICE,E01026370,ALL,28
GP_PRAC_PAT_LIST,01/04/2026,C83073,CLIFF HOUSE MEDICAL PRACTICE,E01026371,ALL,19
GP_PRAC_PAT_LIST,01/04/2026,C83073,CLIFF HOUSE MEDICAL PRACTICE,E01026372,ALL,13
GP_PRAC_PAT_LIST,01/04/2026,C83073,CLIFF HOUSE MEDICAL PRACTICE,E01026373,ALL,16
GP_PRAC_PAT_LIST,01/04/2026,C83073,CLIFF HOUSE MEDICAL PRACTICE,E01026378,ALL,2
GP_PRAC_PAT_LIST,01/04/2026,C83073,CLIFF HOUSE MEDICAL PRACTICE,E01026380,ALL,3
GP_PRAC_PAT_LIST,01/04/2026,C83073,CLIFF HOUSE MEDICAL PRACTICE,E01026382,ALL,1
GP_PRAC_PAT_LIST,01/04/2026,C83073,CLIFF HOUSE MEDICAL PRACTICE,E01026384,ALL,1
GP_PRAC_PAT_LIST,01/04/2026,C83073,CLIFF HOUSE MEDICAL PRACTICE,E01026386,ALL,1
GP_PRAC_PAT_LIST,01/04/2026,C83073,CLIFF HOUSE MEDICAL PRACTICE,E01026388,ALL,2
GP_PRAC_PAT_LIST,01/04/2026,C83073,CLIFF HOUSE MEDICAL PRACTICE,E01026390,ALL,1
GP_PRAC_PAT_LIST,01/04/2026,C83073,CLIFF HOUSE MEDICAL PRACTICE,E01026391,ALL,4
GP_PRAC_PAT_LIST,01/04/2026,C83073,CLIFF HOUSE MEDICAL PRACTICE,E01026393,ALL,11
GP_PRAC_PAT_LIST,01/04/2026,C83073,CLIFF HOUSE MEDICAL PRACTICE,E01026394,ALL,85
GP_PRAC_PAT_LIST,01/04/2026,C83073,CLIFF HOUSE MEDICAL PRACTICE,E01026395,ALL,10
GP_PRAC_PAT_LIST,01/04/2026,C83073,CLIFF HOUSE MEDICAL PRACTICE,E01026396,ALL,2
GP_PRAC_PAT_LIST,01/04/2026,C83073,CLIFF HOUSE MEDICAL PRACTICE,E01026398,ALL,6
GP_PRAC_PAT_LIST,01/04/2026,C83073,CLIFF HOUSE MEDICAL PRACTICE,E01026399,ALL,6
GP_PRAC_PAT_LIST,01/04/2026,C83073,CLIFF HOUSE MEDICAL PRACTICE,E01026400,ALL,30
GP_PRAC_PAT_LIST,01/04/2026,C83073,CLIFF HOUSE MEDICAL PRACTICE,E01026404,ALL,18
GP_PRAC_PAT_LIST,01/04/2026,C83073,CLIFF HOUSE MEDICAL PRACTICE,E01026405,ALL,10
GP_PRAC_PAT_LIST,01/04/2026,C83073,CLIFF HOUSE MEDICAL PRACTICE,E01026406,ALL,9
GP_PRAC_PAT_LIST,01/04/2026,C83073,CLIFF HOUSE MEDICAL PRACTICE,E01026409,ALL,4
GP_PRAC_PAT_LIST,01/04/2026,C83073,CLIFF HOUSE MEDICAL PRACTICE,E01026410,ALL,2
GP_PRAC_PAT_LIST,01/04/2026,C83073,CLIFF HOUSE MEDICAL PRACTICE,E01026411,ALL,3
GP_PRAC_PAT_LIST,01/04/2026,C83073,CLIFF HOUSE MEDICAL PRACTICE,E01026412,ALL,26
GP_PRAC_PAT_LIST,01/04/2026,C83073,CLIFF HOUSE MEDICAL PRACTICE,E01026413,ALL,1
GP_PRAC_PAT_LIST,01/04/2026,C83073,CLIFF HOUSE MEDICAL PRACTICE,E01026414,ALL,11
GP_PRAC_PAT_LIST,01/04/2026,C83073,CLIFF HOUSE MEDICAL PRACTICE,E01026570,ALL,1
GP_PRAC_PAT_LIST,01/04/2026,C83073,CLIFF HOUSE MEDICAL PRACTICE,E01026823,ALL,1
GP_PRAC_PAT_LIST,01/04/2026,C83073,CLIFF HOUSE MEDICAL PRACTICE,E01026942,ALL,1
GP_PRAC_PAT_LIST,01/04/2026,C83073,CLIFF HOUSE MEDICAL PRACTICE,E01027102,ALL,1
GP_PRAC_PAT_LIST,01/04/2026,C83073,CLIFF HOUSE MEDICAL PRACTICE,E01028006,ALL,1
GP_PRAC_PAT_LIST,01/04/2026,C83073,CLIFF HOUSE MEDICAL PRACTICE,E01028033,ALL,2
GP_PRAC_PAT_LIST,01/04/2026,C83073,CLIFF HOUSE MEDICAL PRACTICE,E01028288,ALL,1
GP_PRAC_PAT_LIST,01/04/2026,C83073,CLIFF HOUSE MEDICAL PRACTICE,E01028317,ALL,4
GP_PRAC_PAT_LIST,01/04/2026,C83073,CLIFF HOUSE MEDICAL PRACTICE,E01031565,ALL,1
GP_PRAC_PAT_LIST,01/04/2026,C83073,CLIFF HOUSE MEDICAL PRACTICE,E01032986,ALL,2
GP_PRAC_PAT_LIST,01/04/2026,C83073,CLIFF HOUSE MEDICAL PRACTICE,E01032988,ALL,1
GP_PRAC_PAT_LIST,01/04/2026,C83073,CLIFF HOUSE MEDICAL PRACTICE,E01032989,ALL,15
GP_PRAC_PAT_LIST,01/04/2026,C83073,CLIFF HOUSE MEDICAL PRACTICE,E01032991,ALL,14
GP_PRAC_PAT_LIST,01/04/2026,C83073,CLIFF HOUSE MEDICAL PRACTICE,E01032992,ALL,6
GP_PRAC_PAT_LIST,01/04/2026,C83073,CLIFF HOUSE MEDICAL PRACTICE,E01032993,ALL,19
GP_PRAC_PAT_LIST,01/04/2026,C83073,CLIFF HOUSE MEDICAL PRACTICE,E01032994,ALL,4
GP_PRAC_PAT_LIST,01/04/2026,C83073,CLIFF HOUSE MEDICAL PRACTICE,E01033111,ALL,1
GP_PRAC_PAT_LIST,01/04/2026,C83073,CLIFF HOUSE MEDICAL PRACTICE,E01033617,ALL,1
GP_PRAC_PAT_LIST,01/04/2026,C83073,CLIFF HOUSE MEDICAL PRACTICE,E01034228,ALL,1
GP_PRAC_PAT_LIST,01/04/2026,C83073,CLIFF HOUSE MEDICAL PRACTICE,E01034365,ALL,1
GP_PRAC_PAT_LIST,01/04/2026,C83073,CLIFF HOUSE MEDICAL PRACTICE,E01034687,ALL,193
GP_PRAC_PAT_LIST,01/04/2026,C83073,CLIFF HOUSE MEDICAL PRACTICE,E01034688,ALL,114
GP_PRAC_PAT_LIST,01/04/2026,C83073,CLIFF HOUSE MEDICAL PRACTICE,E01034689,ALL,9
GP_PRAC_PAT_LIST,01/04/2026,C83073,CLIFF HOUSE MEDICAL PRACTICE,E01034690,ALL,7
GP_PRAC_PAT_LIST,01/04/2026,C83073,CLIFF HOUSE MEDICAL PRACTICE,E01034691,ALL,23
GP_PRAC_PAT_LIST,01/04/2026,C83073,CLIFF HOUSE MEDICAL PRACTICE,E01034692,ALL,48
GP_PRAC_PAT_LIST,01/04/2026,C83073,CLIFF HOUSE MEDICAL PRACTICE,E01034693,ALL,11
GP_PRAC_PAT_LIST,01/04/2026,C83073,CLIFF HOUSE MEDICAL PRACTICE,E01034694,ALL,13
GP_PRAC_PAT_LIST,01/04/2026,C83073,CLIFF HOUSE MEDICAL PRACTICE,E01034695,ALL,1
GP_PRAC_PAT_LIST,01/04/2026,C83073,CLIFF HOUSE MEDICAL PRACTICE,E01034706,ALL,10
GP_PRAC_PAT_LIST,01/04/2026,C83073,CLIFF HOUSE MEDICAL PRACTICE,E01034707,ALL,178
GP_PRAC_PAT_LIST,01/04/2026,C83073,CLIFF HOUSE MEDICAL PRACTICE,E01035148,ALL,1
GP_PRAC_PAT_LIST,01/04/2026,C83073,CLIFF HOUSE MEDICAL PRACTICE,E01035482,ALL,1
GP_PRAC_PAT_LIST,01/04/2026,C83073,CLIFF HOUSE MEDICAL PRACTICE,EMPTY,ALL,14
GP_PRAC_PAT_LIST,01/04/2026,C83073,CLIFF HOUSE MEDICAL PRACTICE,W01001580,ALL,1
GP_PRAC_PAT_LIST,01/04/2026,C83074,WILLINGHAM-BY-STOW SURGERY,E01001740,ALL,1
GP_PRAC_PAT_LIST,01/04/2026,C83074,WILLINGHAM-BY-STOW SURGERY,E01013274,ALL,1
GP_PRAC_PAT_LIST,01/04/2026,C83074,WILLINGHAM-BY-STOW SURGERY,E01013323,ALL,2
GP_PRAC_PAT_LIST,01/04/2026,C83074,WILLINGHAM-BY-STOW SURGERY,E01026145,ALL,3
GP_PRAC_PAT_LIST,01/04/2026,C83074,WILLINGHAM-BY-STOW SURGERY,E01026176,ALL,1
GP_PRAC_PAT_LIST,01/04/2026,C83074,WILLINGHAM-BY-STOW SURGERY,E01026196,ALL,1
GP_PRAC_PAT_LIST,01/04/2026,C83074,WILLINGHAM-BY-STOW SURGERY,E01026374,ALL,3
GP_PRAC_PAT_LIST,01/04/2026,C83074,WILLINGHAM-BY-STOW SURGERY,E01026375,ALL,26
GP_PRAC_PAT_LIST,01/04/2026,C83074,WILLINGHAM-BY-STOW SURGERY,E01026376,ALL,14
GP_PRAC_PAT_LIST,01/04/2026,C83074,WILLINGHAM-BY-STOW SURGERY,E01026377,ALL,12
GP_PRAC_PAT_LIST,01/04/2026,C83074,WILLINGHAM-BY-STOW SURGERY,E01026378,ALL,2
GP_PRAC_PAT_LIST,01/04/2026,C83074,WILLINGHAM-BY-STOW SURGERY,E01026379,ALL,7
GP_PRAC_PAT_LIST,01/04/2026,C83074,WILLINGHAM-BY-STOW SURGERY,E01026380,ALL,9
GP_PRAC_PAT_LIST,01/04/2026,C83074,WILLINGHAM-BY-STOW SURGERY,E01026381,ALL,4
GP_PRAC_PAT_LIST,01/04/2026,C83074,WILLINGHAM-BY-STOW SURGERY,E01026382,ALL,112
GP_PRAC_PAT_LIST,01/04/2026,C83074,WILLINGHAM-BY-STOW SURGERY,E01026383,ALL,1
GP_PRAC_PAT_LIST,01/04/2026,C83074,WILLINGHAM-BY-STOW SURGERY,E01026384,ALL,6
GP_PRAC_PAT_LIST,01/04/2026,C83074,WILLINGHAM-BY-STOW SURGERY,E01026385,ALL,600
GP_PRAC_PAT_LIST,01/04/2026,C83074,WILLINGHAM-BY-STOW SURGERY,E01026386,ALL,17
GP_PRAC_PAT_LIST,01/04/2026,C83074,WILLINGHAM-BY-STOW SURGERY,E01026388,ALL,1839
GP_PRAC_PAT_LIST,01/04/2026,C83074,WILLINGHAM-BY-STOW SURGERY,E01026392,ALL,1
GP_PRAC_PAT_LIST,01/04/2026,C83074,WILLINGHAM-BY-STOW SURGERY,E01026396,ALL,7
GP_PRAC_PAT_LIST,01/04/2026,C83074,WILLINGHAM-BY-STOW SURGERY,E01026398,ALL,5
GP_PRAC_PAT_LIST,01/04/2026,C83074,WILLINGHAM-BY-STOW SURGERY,E01026399,ALL,208
GP_PRAC_PAT_LIST,01/04/2026,C83074,WILLINGHAM-BY-STOW SURGERY,E01026400,ALL,32
GP_PRAC_PAT_LIST,01/04/2026,C83074,WILLINGHAM-BY-STOW SURGERY,E01026403,ALL,2
GP_PRAC_PAT_LIST,01/04/2026,C83074,WILLINGHAM-BY-STOW SURGERY,E01026404,ALL,1253
GP_PRAC_PAT_LIST,01/04/2026,C83074,WILLINGHAM-BY-STOW SURGERY,E01026407,ALL,99
GP_PRAC_PAT_LIST,01/04/2026,C83074,WILLINGHAM-BY-STOW SURGERY,E01026408,ALL,4
GP_PRAC_PAT_LIST,01/04/2026,C83074,WILLINGHAM-BY-STOW SURGERY,E01026409,ALL,79
GP_PRAC_PAT_LIST,01/04/2026,C83074,WILLINGHAM-BY-STOW SURGERY,E01026410,ALL,629
GP_PRAC_PAT_LIST,01/04/2026,C83074,WILLINGHAM-BY-STOW SURGERY,E01026411,ALL,1
GP_PRAC_PAT_LIST,01/04/2026,C83074,WILLINGHAM-BY-STOW SURGERY,E01034706,ALL,13
GP_PRAC_PAT_LIST,01/04/2026,C83074,WILLINGHAM-BY-STOW SURGERY,E01034707,ALL,3
GP_PRAC_PAT_LIST,01/04/2026,C83075,VINE STREET SURGERY,CLOSED,ALL,1
GP_PRAC_PAT_LIST,01/04/2026,C83075,VINE STREET SURGERY,E01002441,ALL,1
GP_PRAC_PAT_LIST,01/04/2026,C83075,VINE STREET SURGERY,E01004277,ALL,1
GP_PRAC_PAT_LIST,01/04/2026,C83075,VINE STREET SURGERY,E01004928,ALL,1
GP_PRAC_PAT_LIST,01/04/2026,C83075,VINE STREET SURGERY,E01005078,ALL,1
GP_PRAC_PAT_LIST,01/04/2026,C83075,VINE STREET SURGERY,E01005295,ALL,1
GP_PRAC_PAT_LIST,01/04/2026,C83075,VINE STREET SURGERY,E01005839,ALL,1
GP_PRAC_PAT_LIST,01/04/2026,C83075,VINE STREET SURGERY,E01008366,ALL,1
GP_PRAC_PAT_LIST,01/04/2026,C83075,VINE STREET SURGERY,E01010570,ALL,1
GP_PRAC_PAT_LIST,01/04/2026,C83075,VINE STREET SURGERY,E01012271,ALL,1
GP_PRAC_PAT_LIST,01/04/2026,C83075,VINE STREET SURGERY,E01013804,ALL,1
GP_PRAC_PAT_LIST,01/04/2026,C83075,VINE STREET SURGERY,E01013929,ALL,1
GP_PRAC_PAT_LIST,01/04/2026,C83075,VINE STREET SURGERY,E01015590,ALL,1
GP_PRAC_PAT_LIST,01/04/2026,C83075,VINE STREET SURGERY,E01015613,ALL,1
GP_PRAC_PAT_LIST,01/04/2026,C83075,VINE STREET SURGERY,E01018129,ALL,1
GP_PRAC_PAT_LIST,01/04/2026,C83075,VINE STREET SURGERY,E01019696,ALL,1
GP_PRAC_PAT_LIST,01/04/2026,C83075,VINE STREET SURGERY,E01020020,ALL,1
GP_PRAC_PAT_LIST,01/04/2026,C83075,VINE STREET SURGERY,E01025891,ALL,1
GP_PRAC_PAT_LIST,01/04/2026,C83075,VINE STREET SURGERY,E01026106,ALL,1
GP_PRAC_PAT_LIST,01/04/2026,C83075,VINE STREET SURGERY,E01026125,ALL,1
GP_PRAC_PAT_LIST,01/04/2026,C83075,VINE STREET SURGERY,E01026139,ALL,1
GP_PRAC_PAT_LIST,01/04/2026,C83075,VINE STREET SURGERY,E01026192,ALL,1
GP_PRAC_PAT_LIST,01/04/2026,C83075,VINE STREET SURGERY,E01026201,ALL,1
GP_PRAC_PAT_LIST,01/04/2026,C83075,VINE STREET SURGERY,E01026210,ALL,1
GP_PRAC_PAT_LIST,01/04/2026,C83075,VINE STREET SURGERY,E01026221,ALL,1
GP_PRAC_PAT_LIST,01/04/2026,C83075,VINE STREET SURGERY,E01026228,ALL,1
GP_PRAC_PAT_LIST,01/04/2026,C83075,VINE STREET SURGERY,E01026231,ALL,1
GP_PRAC_PAT_LIST,01/04/2026,C83075,VINE STREET SURGERY,E01026236,ALL,1
GP_PRAC_PAT_LIST,01/04/2026,C83075,VINE STREET SURGERY,E01026265,ALL,1
GP_PRAC_PAT_LIST,01/04/2026,C83075,VINE STREET SURGERY,E01026289,ALL,1
GP_PRAC_PAT_LIST,01/04/2026,C83075,VINE STREET SURGERY,E01026291,ALL,334
GP_PRAC_PAT_LIST,01/04/2026,C83075,VINE STREET SURGERY,E01026292,ALL,192
GP_PRAC_PAT_LIST,01/04/2026,C83075,VINE STREET SURGERY,E01026293,ALL,323
GP_PRAC_PAT_LIST,01/04/2026,C83075,VINE STREET SURGERY,E01026294,ALL,349
GP_PRAC_PAT_LIST,01/04/2026,C83075,VINE STREET SURGERY,E01026299,ALL,1
GP_PRAC_PAT_LIST,01/04/2026,C83075,VINE STREET SURGERY,E01026308,ALL,139
GP_PRAC_PAT_LIST,01/04/2026,C83075,VINE STREET SURGERY,E01026309,ALL,211
GP_PRAC_PAT_LIST,01/04/2026,C83075,VINE STREET SURGERY,E01026310,ALL,122
GP_PRAC_PAT_LIST,01/04/2026,C83075,VINE STREET SURGERY,E01026311,ALL,161
GP_PRAC_PAT_LIST,01/04/2026,C83075,VINE STREET SURGERY,E01026312,ALL,113
GP_PRAC_PAT_LIST,01/04/2026,C83075,VINE STREET SURGERY,E01026313,ALL,184
GP_PRAC_PAT_LIST,01/04/2026,C83075,VINE STREET SURGERY,E01026314,ALL,2
GP_PRAC_PAT_LIST,01/04/2026,C83075,VINE STREET SURGERY,E01026315,ALL,9
GP_PRAC_PAT_LIST,01/04/2026,C83075,VINE STREET SURGERY,E01026316,ALL,1
GP_PRAC_PAT_LIST,01/04/2026,C83075,VINE STREET SURGERY,E01026317,ALL,403
GP_PRAC_PAT_LIST,01/04/2026,C83075,VINE STREET SURGERY,E01026318,ALL,329
GP_PRAC_PAT_LIST,01/04/2026,C83075,VINE STREET SURGERY,E01026319,ALL,374
GP_PRAC_PAT_LIST,01/04/2026,C83075,VINE STREET SURGERY,E01026321,ALL,336
GP_PRAC_PAT_LIST,01/04/2026,C83075,VINE STREET SURGERY,E01026322,ALL,380
GP_PRAC_PAT_LIST,01/04/2026,C83075,VINE STREET SURGERY,E01026323,ALL,726
GP_PRAC_PAT_LIST,01/04/2026,C83075,VINE STREET SURGERY,E01026324,ALL,582
GP_PRAC_PAT_LIST,01/04/2026,C83075,VINE STREET SURGERY,E01026325,ALL,194
GP_PRAC_PAT_LIST,01/04/2026,C83075,VINE STREET SURGERY,E01026326,ALL,341
GP_PRAC_PAT_LIST,01/04/2026,C83075,VINE STREET SURGERY,E01026327,ALL,301
GP_PRAC_PAT_LIST,01/04/2026,C83075,VINE STREET SURGERY,E01026328,ALL,126
GP_PRAC_PAT_LIST,01/04/2026,C83075,VINE STREET SURGERY,E01026329,ALL,1
GP_PRAC_PAT_LIST,01/04/2026,C83075,VINE STREET SURGERY,E01026331,ALL,2
GP_PRAC_PAT_LIST,01/04/2026,C83075,VINE STREET SURGERY,E01026332,ALL,7
GP_PRAC_PAT_LIST,01/04/2026,C83075,VINE STREET SURGERY,E01026333,ALL,1
GP_PRAC_PAT_LIST,01/04/2026,C83075,VINE STREET SURGERY,E01026334,ALL,1
GP_PRAC_PAT_LIST,01/04/2026,C83075,VINE STREET SURGERY,E01026339,ALL,1
GP_PRAC_PAT_LIST,01/04/2026,C83075,VINE STREET SURGERY,E01026340,ALL,817
GP_PRAC_PAT_LIST,01/04/2026,C83075,VINE STREET SURGERY,E01026343,ALL,289
GP_PRAC_PAT_LIST,01/04/2026,C83075,VINE STREET SURGERY,E01026344,ALL,261
GP_PRAC_PAT_LIST,01/04/2026,C83075,VINE STREET SURGERY,E01026345,ALL,393
GP_PRAC_PAT_LIST,01/04/2026,C83075,VINE STREET SURGERY,E01026349,ALL,1
GP_PRAC_PAT_LIST,01/04/2026,C83075,VINE STREET SURGERY,E01026350,ALL,1
GP_PRAC_PAT_LIST,01/04/2026,C83075,VINE STREET SURGERY,E01026352,ALL,435
GP_PRAC_PAT_LIST,01/04/2026,C83075,VINE STREET SURGERY,E01026353,ALL,755
GP_PRAC_PAT_LIST,01/04/2026,C83075,VINE STREET SURGERY,E01026354,ALL,306
GP_PRAC_PAT_LIST,01/04/2026,C83075,VINE STREET SURGERY,E01026355,ALL,2
GP_PRAC_PAT_LIST,01/04/2026,C83075,VINE STREET SURGERY,E01026361,ALL,2
GP_PRAC_PAT_LIST,01/04/2026,C83075,VINE STREET SURGERY,E01026363,ALL,1
GP_PRAC_PAT_LIST,01/04/2026,C83075,VINE STREET SURGERY,E01026365,ALL,2
GP_PRAC_PAT_LIST,01/04/2026,C83075,VINE STREET SURGERY,E01026376,ALL,1
GP_PRAC_PAT_LIST,01/04/2026,C83075,VINE STREET SURGERY,E01026381,ALL,1
GP_PRAC_PAT_LIST,01/04/2026,C83075,VINE STREET SURGERY,E01026382,ALL,1
GP_PRAC_PAT_LIST,01/04/2026,C83075,VINE STREET SURGERY,E01026383,ALL,1
GP_PRAC_PAT_LIST,01/04/2026,C83075,VINE STREET SURGERY,E01026384,ALL,1
GP_PRAC_PAT_LIST,01/04/2026,C83075,VINE STREET SURGERY,E01026473,ALL,1
GP_PRAC_PAT_LIST,01/04/2026,C83075,VINE STREET SURGERY,E01028292,ALL,1
GP_PRAC_PAT_LIST,01/04/2026,C83075,VINE STREET SURGERY,E01028353,ALL,1
GP_PRAC_PAT_LIST,01/04/2026,C83075,VINE STREET SURGERY,E01028357,ALL,1
GP_PRAC_PAT_LIST,01/04/2026,C83075,VINE STREET SURGERY,E01028359,ALL,1
GP_PRAC_PAT_LIST,01/04/2026,C83075,VINE STREET SURGERY,E01028360,ALL,1
GP_PRAC_PAT_LIST,01/04/2026,C83075,VINE STREET SURGERY,E01028387,ALL,1
GP_PRAC_PAT_LIST,01/04/2026,C83075,VINE STREET SURGERY,E01033400,ALL,1
GP_PRAC_PAT_LIST,01/04/2026,C83075,VINE STREET SURGERY,E01033674,ALL,1
GP_PRAC_PAT_LIST,01/04/2026,C83075,VINE STREET SURGERY,E01033780,ALL,2
GP_PRAC_PAT_LIST,01/04/2026,C83075,VINE STREET SURGERY,E01034128,ALL,1
GP_PRAC_PAT_LIST,01/04/2026,C83075,VINE STREET SURGERY,E01034367,ALL,1
GP_PRAC_PAT_LIST,01/04/2026,C83075,VINE STREET SURGERY,E01034681,ALL,2
GP_PRAC_PAT_LIST,01/04/2026,C83075,VINE STREET SURGERY,E01034701,ALL,424
GP_PRAC_PAT_LIST,01/04/2026,C83075,VINE STREET SURGERY,E01034702,ALL,396
GP_PRAC_PAT_LIST,01/04/2026,C83075,VINE STREET SURGERY,EMPTY,ALL,5
GP_PRAC_PAT_LIST,01/04/2026,C83078,BRANT ROAD & SPRINGCLIFFE SURGERY,E01000313,ALL,1
GP_PRAC_PAT_LIST,01/04/2026,C83078,BRANT ROAD & SPRINGCLIFFE SURGERY,E01002751,ALL,1
GP_PRAC_PAT_LIST,01/04/2026,C83078,BRANT ROAD & SPRINGCLIFFE SURGERY,E01004622,ALL,1
GP_PRAC_PAT_LIST,01/04/2026,C83078,BRANT ROAD & SPRINGCLIFFE SURGERY,E01007442,ALL,1
GP_PRAC_PAT_LIST,01/04/2026,C83078,BRANT ROAD & SPRINGCLIFFE SURGERY,E01013702,ALL,1
GP_PRAC_PAT_LIST,01/04/2026,C83078,BRANT ROAD & SPRINGCLIFFE SURGERY,E01026069,ALL,1
GP_PRAC_PAT_LIST,01/04/2026,C83078,BRANT ROAD & SPRINGCLIFFE SURGERY,E01026122,ALL,1
GP_PRAC_PAT_LIST,01/04/2026,C83078,BRANT ROAD & SPRINGCLIFFE SURGERY,E01026124,ALL,1
GP_PRAC_PAT_LIST,01/04/2026,C83078,BRANT ROAD & SPRINGCLIFFE SURGERY,E01026125,ALL,1
GP_PRAC_PAT_LIST,01/04/2026,C83078,BRANT ROAD & SPRINGCLIFFE SURGERY,E01026127,ALL,1
GP_PRAC_PAT_LIST,01/04/2026,C83078,BRANT ROAD & SPRINGCLIFFE SURGERY,E01026129,ALL,1
GP_PRAC_PAT_LIST,01/04/2026,C83078,BRANT ROAD & SPRINGCLIFFE SURGERY,E01026131,ALL,1
GP_PRAC_PAT_LIST,01/04/2026,C83078,BRANT ROAD & SPRINGCLIFFE SURGERY,E01026132,ALL,41
GP_PRAC_PAT_LIST,01/04/2026,C83078,BRANT ROAD & SPRINGCLIFFE SURGERY,E01026134,ALL,354
GP_PRAC_PAT_LIST,01/04/2026,C83078,BRANT ROAD & SPRINGCLIFFE SURGERY,E01026136,ALL,2
GP_PRAC_PAT_LIST,01/04/2026,C83078,BRANT ROAD & SPRINGCLIFFE SURGERY,E01026137,ALL,923
GP_PRAC_PAT_LIST,01/04/2026,C83078,BRANT ROAD & SPRINGCLIFFE SURGERY,E01026138,ALL,1191
GP_PRAC_PAT_LIST,01/04/2026,C83078,BRANT ROAD & SPRINGCLIFFE SURGERY,E01026139,ALL,1
GP_PRAC_PAT_LIST,01/04/2026,C83078,BRANT ROAD & SPRINGCLIFFE SURGERY,E01026140,ALL,1103
GP_PRAC_PAT_LIST,01/04/2026,C83078,BRANT ROAD & SPRINGCLIFFE SURGERY,E01026141,ALL,1
GP_PRAC_PAT_LIST,01/04/2026,C83078,BRANT ROAD & SPRINGCLIFFE SURGERY,E01026142,ALL,864
GP_PRAC_PAT_LIST,01/04/2026,C83078,BRANT ROAD & SPRINGCLIFFE SURGERY,E01026146,ALL,1
GP_PRAC_PAT_LIST,01/04/2026,C83078,BRANT ROAD & SPRINGCLIFFE SURGERY,E01026150,ALL,1
GP_PRAC_PAT_LIST,01/04/2026,C83078,BRANT ROAD & SPRINGCLIFFE SURGERY,E01026159,ALL,1
GP_PRAC_PAT_LIST,01/04/2026,C83078,BRANT ROAD & SPRINGCLIFFE SURGERY,E01026165,ALL,1
GP_PRAC_PAT_LIST,01/04/2026,C83078,BRANT ROAD & SPRINGCLIFFE SURGERY,E01026169,ALL,2
GP_PRAC_PAT_LIST,01/04/2026,C83078,BRANT ROAD & SPRINGCLIFFE SURGERY,E01026172,ALL,1
GP_PRAC_PAT_LIST,01/04/2026,C83078,BRANT ROAD & SPRINGCLIFFE SURGERY,E01026174,ALL,467
GP_PRAC_PAT_LIST,01/04/2026,C83078,BRANT ROAD & SPRINGCLIFFE SURGERY,E01026175,ALL,757
GP_PRAC_PAT_LIST,01/04/2026,C83078,BRANT ROAD & SPRINGCLIFFE SURGERY,E01026176,ALL,35
GP_PRAC_PAT_LIST,01/04/2026,C83078,BRANT ROAD & SPRINGCLIFFE SURGERY,E01026177,ALL,46
GP_PRAC_PAT_LIST,01/04/2026,C83078,BRANT ROAD & SPRINGCLIFFE SURGERY,E01026178,ALL,161
GP_PRAC_PAT_LIST,01/04/2026,C83078,BRANT ROAD & SPRINGCLIFFE SURGERY,E01026184,ALL,92
GP_PRAC_PAT_LIST,01/04/2026,C83078,BRANT ROAD & SPRINGCLIFFE SURGERY,E01026185,ALL,496
GP_PRAC_PAT_LIST,01/04/2026,C83078,BRANT ROAD & SPRINGCLIFFE SURGERY,E01026186,ALL,128
GP_PRAC_PAT_LIST,01/04/2026,C83078,BRANT ROAD & SPRINGCLIFFE SURGERY,E01026187,ALL,114
GP_PRAC_PAT_LIST,01/04/2026,C83078,BRANT ROAD & SPRINGCLIFFE SURGERY,E01026188,ALL,95
GP_PRAC_PAT_LIST,01/04/2026,C83078,BRANT ROAD & SPRINGCLIFFE SURGERY,E01026189,ALL,1
GP_PRAC_PAT_LIST,01/04/2026,C83078,BRANT ROAD & SPRINGCLIFFE SURGERY,E01026203,ALL,10
GP_PRAC_PAT_LIST,01/04/2026,C83078,BRANT ROAD & SPRINGCLIFFE SURGERY,E01026211,ALL,2
GP_PRAC_PAT_LIST,01/04/2026,C83078,BRANT ROAD & SPRINGCLIFFE SURGERY,E01026212,ALL,2
GP_PRAC_PAT_LIST,01/04/2026,C83078,BRANT ROAD & SPRINGCLIFFE SURGERY,E01026226,ALL,1
GP_PRAC_PAT_LIST,01/04/2026,C83078,BRANT ROAD & SPRINGCLIFFE SURGERY,E01026237,ALL,880
GP_PRAC_PAT_LIST,01/04/2026,C83078,BRANT ROAD & SPRINGCLIFFE SURGERY,E01026238,ALL,988
GP_PRAC_PAT_LIST,01/04/2026,C83078,BRANT ROAD & SPRINGCLIFFE SURGERY,E01026372,ALL,1
GP_PRAC_PAT_LIST,01/04/2026,C83078,BRANT ROAD & SPRINGCLIFFE SURGERY,E01026396,ALL,1
GP_PRAC_PAT_LIST,01/04/2026,C83078,BRANT ROAD & SPRINGCLIFFE SURGERY,E01031946,ALL,1
GP_PRAC_PAT_LIST,01/04/2026,C83078,BRANT ROAD & SPRINGCLIFFE SURGERY,E01032988,ALL,1
GP_PRAC_PAT_LIST,01/04/2026,C83078,BRANT ROAD & SPRINGCLIFFE SURGERY,E01032989,ALL,3
GP_PRAC_PAT_LIST,01/04/2026,C83078,BRANT ROAD & SPRINGCLIFFE SURGERY,E01032993,ALL,1
GP_PRAC_PAT_LIST,01/04/2026,C83078,BRANT ROAD & SPRINGCLIFFE SURGERY,E01034692,ALL,50
GP_PRAC_PAT_LIST,01/04/2026,C83079,GLEBE PARK SURGERY,CLOSED,ALL,1
GP_PRAC_PAT_LIST,01/04/2026,C83079,GLEBE PARK SURGERY,E01008131,ALL,1
GP_PRAC_PAT_LIST,01/04/2026,C83079,GLEBE PARK SURGERY,E01013210,ALL,1
GP_PRAC_PAT_LIST,01/04/2026,C83079,GLEBE PARK SURGERY,E01013323,ALL,1
GP_PRAC_PAT_LIST,01/04/2026,C83079,GLEBE PARK SURGERY,E01020971,ALL,3
GP_PRAC_PAT_LIST,01/04/2026,C83079,GLEBE PARK SURGERY,E01026082,ALL,1
GP_PRAC_PAT_LIST,01/04/2026,C83079,GLEBE PARK SURGERY,E01026099,ALL,4
GP_PRAC_PAT_LIST,01/04/2026,C83079,GLEBE PARK SURGERY,E01026121,ALL,2
GP_PRAC_PAT_LIST,01/04/2026,C83079,GLEBE PARK SURGERY,E01026122,ALL,29
GP_PRAC_PAT_LIST,01/04/2026,C83079,GLEBE PARK SURGERY,E01026123,ALL,764
GP_PRAC_PAT_LIST,01/04/2026,C83079,GLEBE PARK SURGERY,E01026124,ALL,31
GP_PRAC_PAT_LIST,01/04/2026,C83079,GLEBE PARK SURGERY,E01026125,ALL,134
GP_PRAC_PAT_LIST,01/04/2026,C83079,GLEBE PARK SURGERY,E01026126,ALL,17
GP_PRAC_PAT_LIST,01/04/2026,C83079,GLEBE PARK SURGERY,E01026129,ALL,1
GP_PRAC_PAT_LIST,01/04/2026,C83079,GLEBE PARK SURGERY,E01026130,ALL,7
GP_PRAC_PAT_LIST,01/04/2026,C83079,GLEBE PARK SURGERY,E01026131,ALL,2
GP_PRAC_PAT_LIST,01/04/2026,C83079,GLEBE PARK SURGERY,E01026132,ALL,2
GP_PRAC_PAT_LIST,01/04/2026,C83079,GLEBE PARK SURGERY,E01026135,ALL,2
GP_PRAC_PAT_LIST,01/04/2026,C83079,GLEBE PARK SURGERY,E01026136,ALL,11
GP_PRAC_PAT_LIST,01/04/2026,C83079,GLEBE PARK SURGERY,E01026137,ALL,1
GP_PRAC_PAT_LIST,01/04/2026,C83079,GLEBE PARK SURGERY,E01026138,ALL,1
GP_PRAC_PAT_LIST,01/04/2026,C83079,GLEBE PARK SURGERY,E01026139,ALL,2
GP_PRAC_PAT_LIST,01/04/2026,C83079,GLEBE PARK SURGERY,E01026140,ALL,1
GP_PRAC_PAT_LIST,01/04/2026,C83079,GLEBE PARK SURGERY,E01026141,ALL,2
GP_PRAC_PAT_LIST,01/04/2026,C83079,GLEBE PARK SURGERY,E01026144,ALL,4
GP_PRAC_PAT_LIST,01/04/2026,C83079,GLEBE PARK SURGERY,E01026145,ALL,7
GP_PRAC_PAT_LIST,01/04/2026,C83079,GLEBE PARK SURGERY,E01026146,ALL,3
GP_PRAC_PAT_LIST,01/04/2026,C83079,GLEBE PARK SURGERY,E01026147,ALL,32
GP_PRAC_PAT_LIST,01/04/2026,C83079,GLEBE PARK SURGERY,E01026148,ALL,50
GP_PRAC_PAT_LIST,01/04/2026,C83079,GLEBE PARK SURGERY,E01026149,ALL,73
GP_PRAC_PAT_LIST,01/04/2026,C83079,GLEBE PARK SURGERY,E01026150,ALL,101
GP_PRAC_PAT_LIST,01/04/2026,C83079,GLEBE PARK SURGERY,E01026151,ALL,71
GP_PRAC_PAT_LIST,01/04/2026,C83079,GLEBE PARK SURGERY,E01026152,ALL,278
GP_PRAC_PAT_LIST,01/04/2026,C83079,GLEBE PARK SURGERY,E01026153,ALL,1524
GP_PRAC_PAT_LIST,01/04/2026,C83079,GLEBE PARK SURGERY,E01026154,ALL,295
GP_PRAC_PAT_LIST,01/04/2026,C83079,GLEBE PARK SURGERY,E01026155,ALL,888
GP_PRAC_PAT_LIST,01/04/2026,C83079,GLEBE PARK SURGERY,E01026156,ALL,150
GP_PRAC_PAT_LIST,01/04/2026,C83079,GLEBE PARK SURGERY,E01026157,ALL,346
GP_PRAC_PAT_LIST,01/04/2026,C83079,GLEBE PARK SURGERY,E01026158,ALL,1
GP_PRAC_PAT_LIST,01/04/2026,C83079,GLEBE PARK SURGERY,E01026159,ALL,1
GP_PRAC_PAT_LIST,01/04/2026,C83079,GLEBE PARK SURGERY,E01026161,ALL,8
GP_PRAC_PAT_LIST,01/04/2026,C83079,GLEBE PARK SURGERY,E01026162,ALL,2
GP_PRAC_PAT_LIST,01/04/2026,C83079,GLEBE PARK SURGERY,E01026164,ALL,65
GP_PRAC_PAT_LIST,01/04/2026,C83079,GLEBE PARK SURGERY,E01026165,ALL,195
GP_PRAC_PAT_LIST,01/04/2026,C83079,GLEBE PARK SURGERY,E01026166,ALL,65
GP_PRAC_PAT_LIST,01/04/2026,C83079,GLEBE PARK SURGERY,E01026167,ALL,52
GP_PRAC_PAT_LIST,01/04/2026,C83079,GLEBE PARK SURGERY,E01026168,ALL,98
GP_PRAC_PAT_LIST,01/04/2026,C83079,GLEBE PARK SURGERY,E01026169,ALL,4
GP_PRAC_PAT_LIST,01/04/2026,C83079,GLEBE PARK SURGERY,E01026170,ALL,1
GP_PRAC_PAT_LIST,01/04/2026,C83079,GLEBE PARK SURGERY,E01026174,ALL,4
GP_PRAC_PAT_LIST,01/04/2026,C83079,GLEBE PARK SURGERY,E01026175,ALL,3
GP_PRAC_PAT_LIST,01/04/2026,C83079,GLEBE PARK SURGERY,E01026176,ALL,2
GP_PRAC_PAT_LIST,01/04/2026,C83079,GLEBE PARK SURGERY,E01026177,ALL,3
GP_PRAC_PAT_LIST,01/04/2026,C83079,GLEBE PARK SURGERY,E01026180,ALL,1
GP_PRAC_PAT_LIST,01/04/2026,C83079,GLEBE PARK SURGERY,E01026184,ALL,2
GP_PRAC_PAT_LIST,01/04/2026,C83079,GLEBE PARK SURGERY,E01026185,ALL,3
GP_PRAC_PAT_LIST,01/04/2026,C83079,GLEBE PARK SURGERY,E01026186,ALL,3
GP_PRAC_PAT_LIST,01/04/2026,C83079,GLEBE PARK SURGERY,E01026187,ALL,8
GP_PRAC_PAT_LIST,01/04/2026,C83079,GLEBE PARK SURGERY,E01026188,ALL,1
GP_PRAC_PAT_LIST,01/04/2026,C83079,GLEBE PARK SURGERY,E01026195,ALL,1
GP_PRAC_PAT_LIST,01/04/2026,C83079,GLEBE PARK SURGERY,E01026199,ALL,1
GP_PRAC_PAT_LIST,01/04/2026,C83079,GLEBE PARK SURGERY,E01026203,ALL,3
GP_PRAC_PAT_LIST,01/04/2026,C83079,GLEBE PARK SURGERY,E01026205,ALL,1
GP_PRAC_PAT_LIST,01/04/2026,C83079,GLEBE PARK SURGERY,E01026206,ALL,2
GP_PRAC_PAT_LIST,01/04/2026,C83079,GLEBE PARK SURGERY,E01026214,ALL,3
GP_PRAC_PAT_LIST,01/04/2026,C83079,GLEBE PARK SURGERY,E01026220,ALL,3
GP_PRAC_PAT_LIST,01/04/2026,C83079,GLEBE PARK SURGERY,E01026225,ALL,3
GP_PRAC_PAT_LIST,01/04/2026,C83079,GLEBE PARK SURGERY,E01026226,ALL,2
GP_PRAC_PAT_LIST,01/04/2026,C83079,GLEBE PARK SURGERY,E01026238,ALL,2
GP_PRAC_PAT_LIST,01/04/2026,C83079,GLEBE PARK SURGERY,E01026366,ALL,2
GP_PRAC_PAT_LIST,01/04/2026,C83079,GLEBE PARK SURGERY,E01026367,ALL,1
GP_PRAC_PAT_LIST,01/04/2026,C83079,GLEBE PARK SURGERY,E01026369,ALL,154
GP_PRAC_PAT_LIST,01/04/2026,C83079,GLEBE PARK SURGERY,E01026370,ALL,280
GP_PRAC_PAT_LIST,01/04/2026,C83079,GLEBE PARK SURGERY,E01026371,ALL,110
GP_PRAC_PAT_LIST,01/04/2026,C83079,GLEBE PARK SURGERY,E01026372,ALL,18
GP_PRAC_PAT_LIST,01/04/2026,C83079,GLEBE PARK SURGERY,E01026373,ALL,105
GP_PRAC_PAT_LIST,01/04/2026,C83079,GLEBE PARK SURGERY,E01026379,ALL,1
GP_PRAC_PAT_LIST,01/04/2026,C83079,GLEBE PARK SURGERY,E01026390,ALL,1
GP_PRAC_PAT_LIST,01/04/2026,C83079,GLEBE PARK SURGERY,E01026393,ALL,72
GP_PRAC_PAT_LIST,01/04/2026,C83079,GLEBE PARK SURGERY,E01026394,ALL,1060
GP_PRAC_PAT_LIST,01/04/2026,C83079,GLEBE PARK SURGERY,E01026395,ALL,54
GP_PRAC_PAT_LIST,01/04/2026,C83079,GLEBE PARK SURGERY,E01026398,ALL,1
GP_PRAC_PAT_LIST,01/04/2026,C83079,GLEBE PARK SURGERY,E01026399,ALL,3
GP_PRAC_PAT_LIST,01/04/2026,C83079,GLEBE PARK SURGERY,E01026400,ALL,2
GP_PRAC_PAT_LIST,01/04/2026,C83079,GLEBE PARK SURGERY,E01026405,ALL,38
GP_PRAC_PAT_LIST,01/04/2026,C83079,GLEBE PARK SURGERY,E01026406,ALL,63
GP_PRAC_PAT_LIST,01/04/2026,C83079,GLEBE PARK SURGERY,E01026409,ALL,2
GP_PRAC_PAT_LIST,01/04/2026,C83079,GLEBE PARK SURGERY,E01026411,ALL,6
GP_PRAC_PAT_LIST,01/04/2026,C83079,GLEBE PARK SURGERY,E01026412,ALL,9
GP_PRAC_PAT_LIST,01/04/2026,C83079,GLEBE PARK SURGERY,E01026413,ALL,19
GP_PRAC_PAT_LIST,01/04/2026,C83079,GLEBE PARK SURGERY,E01026414,ALL,6
GP_PRAC_PAT_LIST,01/04/2026,C83079,GLEBE PARK SURGERY,E01028282,ALL,1
GP_PRAC_PAT_LIST,01/04/2026,C83079,GLEBE PARK SURGERY,E01028602,ALL,1
GP_PRAC_PAT_LIST,01/04/2026,C83079,GLEBE PARK SURGERY,E01032989,ALL,2
GP_PRAC_PAT_LIST,01/04/2026,C83079,GLEBE PARK SURGERY,E01032991,ALL,6
GP_PRAC_PAT_LIST,01/04/2026,C83079,GLEBE PARK SURGERY,E01032994,ALL,2
GP_PRAC_PAT_LIST,01/04/2026,C83079,GLEBE PARK SURGERY,E01034682,ALL,1
GP_PRAC_PAT_LIST,01/04/2026,C83079,GLEBE PARK SURGERY,E01034689,ALL,1
GP_PRAC_PAT_LIST,01/04/2026,C83079,GLEBE PARK SURGERY,E01034691,ALL,6
GP_PRAC_PAT_LIST,01/04/2026,C83079,GLEBE PARK SURGERY,E01034692,ALL,1
GP_PRAC_PAT_LIST,01/04/2026,C83079,GLEBE PARK SURGERY,E01034693,ALL,4
GP_PRAC_PAT_LIST,01/04/2026,C83079,GLEBE PARK SURGERY,E01034695,ALL,1
GP_PRAC_PAT_LIST,01/04/2026,C83079,GLEBE PARK SURGERY,E01034707,ALL,6
GP_PRAC_PAT_LIST,01/04/2026,C83079,GLEBE PARK SURGERY,EMPTY,ALL,6
GP_PRAC_PAT_LIST,01/04/2026,C83080,THE HARROWBY LANE SURGERY,E01001208,ALL,1
GP_PRAC_PAT_LIST,01/04/2026,C83080,THE HARROWBY LANE SURGERY,E01001943,ALL,1
GP_PRAC_PAT_LIST,01/04/2026,C83080,THE HARROWBY LANE SURGERY,E01013798,ALL,1
GP_PRAC_PAT_LIST,01/04/2026,C83080,THE HARROWBY LANE SURGERY,E01022081,ALL,1
GP_PRAC_PAT_LIST,01/04/2026,C83080,THE HARROWBY LANE SURGERY,E01025490,ALL,1
GP_PRAC_PAT_LIST,01/04/2026,C83080,THE HARROWBY LANE SURGERY,E01026125,ALL,1
GP_PRAC_PAT_LIST,01/04/2026,C83080,THE HARROWBY LANE SURGERY,E01026242,ALL,1
GP_PRAC_PAT_LIST,01/04/2026,C83080,THE HARROWBY LANE SURGERY,E01026291,ALL,25
GP_PRAC_PAT_LIST,01/04/2026,C83080,THE HARROWBY LANE SURGERY,E01026292,ALL,608
GP_PRAC_PAT_LIST,01/04/2026,C83080,THE HARROWBY LANE SURGERY,E01026293,ALL,704
GP_PRAC_PAT_LIST,01/04/2026,C83080,THE HARROWBY LANE SURGERY,E01026294,ALL,500
GP_PRAC_PAT_LIST,01/04/2026,C83080,THE HARROWBY LANE SURGERY,E01026297,ALL,1
GP_PRAC_PAT_LIST,01/04/2026,C83080,THE HARROWBY LANE SURGERY,E01026308,ALL,5
GP_PRAC_PAT_LIST,01/04/2026,C83080,THE HARROWBY LANE SURGERY,E01026309,ALL,16
GP_PRAC_PAT_LIST,01/04/2026,C83080,THE HARROWBY LANE SURGERY,E01026310,ALL,6
GP_PRAC_PAT_LIST,01/04/2026,C83080,THE HARROWBY LANE SURGERY,E01026311,ALL,10
GP_PRAC_PAT_LIST,01/04/2026,C83080,THE HARROWBY LANE SURGERY,E01026312,ALL,18
GP_PRAC_PAT_LIST,01/04/2026,C83080,THE HARROWBY LANE SURGERY,E01026313,ALL,107
GP_PRAC_PAT_LIST,01/04/2026,C83080,THE HARROWBY LANE SURGERY,E01026314,ALL,2
GP_PRAC_PAT_LIST,01/04/2026,C83080,THE HARROWBY LANE SURGERY,E01026315,ALL,4
GP_PRAC_PAT_LIST,01/04/2026,C83080,THE HARROWBY LANE SURGERY,E01026316,ALL,3
GP_PRAC_PAT_LIST,01/04/2026,C83080,THE HARROWBY LANE SURGERY,E01026317,ALL,33
GP_PRAC_PAT_LIST,01/04/2026,C83080,THE HARROWBY LANE SURGERY,E01026318,ALL,31
GP_PRAC_PAT_LIST,01/04/2026,C83080,THE HARROWBY LANE SURGERY,E01026319,ALL,39
GP_PRAC_PAT_LIST,01/04/2026,C83080,THE HARROWBY LANE SURGERY,E01026321,ALL,30
GP_PRAC_PAT_LIST,01/04/2026,C83080,THE HARROWBY LANE SURGERY,E01026322,ALL,16
GP_PRAC_PAT_LIST,01/04/2026,C83080,THE HARROWBY LANE SURGERY,E01026323,ALL,91
GP_PRAC_PAT_LIST,01/04/2026,C83080,THE HARROWBY LANE SURGERY,E01026324,ALL,145
GP_PRAC_PAT_LIST,01/04/2026,C83080,THE HARROWBY LANE SURGERY,E01026325,ALL,651
GP_PRAC_PAT_LIST,01/04/2026,C83080,THE HARROWBY LANE SURGERY,E01026326,ALL,539
GP_PRAC_PAT_LIST,01/04/2026,C83080,THE HARROWBY LANE SURGERY,E01026327,ALL,470
GP_PRAC_PAT_LIST,01/04/2026,C83080,THE HARROWBY LANE SURGERY,E01026328,ALL,684
GP_PRAC_PAT_LIST,01/04/2026,C83080,THE HARROWBY LANE SURGERY,E01026331,ALL,2
GP_PRAC_PAT_LIST,01/04/2026,C83080,THE HARROWBY LANE SURGERY,E01026332,ALL,70
GP_PRAC_PAT_LIST,01/04/2026,C83080,THE HARROWBY LANE SURGERY,E01026333,ALL,1
GP_PRAC_PAT_LIST,01/04/2026,C83080,THE HARROWBY LANE SURGERY,E01026340,ALL,168
GP_PRAC_PAT_LIST,01/04/2026,C83080,THE HARROWBY LANE SURGERY,E01026343,ALL,85
GP_PRAC_PAT_LIST,01/04/2026,C83080,THE HARROWBY LANE SURGERY,E01026344,ALL,83
GP_PRAC_PAT_LIST,01/04/2026,C83080,THE HARROWBY LANE SURGERY,E01026345,ALL,317
GP_PRAC_PAT_LIST,01/04/2026,C83080,THE HARROWBY LANE SURGERY,E01026352,ALL,109
GP_PRAC_PAT_LIST,01/04/2026,C83080,THE HARROWBY LANE SURGERY,E01026353,ALL,77
GP_PRAC_PAT_LIST,01/04/2026,C83080,THE HARROWBY LANE SURGERY,E01026354,ALL,169
GP_PRAC_PAT_LIST,01/04/2026,C83080,THE HARROWBY LANE SURGERY,E01026365,ALL,2
GP_PRAC_PAT_LIST,01/04/2026,C83080,THE HARROWBY LANE SURGERY,E01032989,ALL,2
GP_PRAC_PAT_LIST,01/04/2026,C83080,THE HARROWBY LANE SURGERY,E01034691,ALL,1
GP_PRAC_PAT_LIST,01/04/2026,C83080,THE HARROWBY LANE SURGERY,E01034694,ALL,1
GP_PRAC_PAT_LIST,01/04/2026,C83080,THE HARROWBY LANE SURGERY,E01034701,ALL,8
GP_PRAC_PAT_LIST,01/04/2026,C83080,THE HARROWBY LANE SURGERY,E01034702,ALL,16
GP_PRAC_PAT_LIST,01/04/2026,C83080,THE HARROWBY LANE SURGERY,EMPTY,ALL,7
GP_PRAC_PAT_LIST,01/04/2026,C83082,BIRCHWOOD MEDICAL PRACTICE,E01008105,ALL,1
GP_PRAC_PAT_LIST,01/04/2026,C83082,BIRCHWOOD MEDICAL PRACTICE,E01008732,ALL,1
GP_PRAC_PAT_LIST,01/04/2026,C83082,BIRCHWOOD MEDICAL PRACTICE,E01013307,ALL,1
GP_PRAC_PAT_LIST,01/04/2026,C83082,BIRCHWOOD MEDICAL PRACTICE,E01013380,ALL,1
GP_PRAC_PAT_LIST,01/04/2026,C83082,BIRCHWOOD MEDICAL PRACTICE,E01017557,ALL,1
GP_PRAC_PAT_LIST,01/04/2026,C83082,BIRCHWOOD MEDICAL PRACTICE,E01019503,ALL,1
GP_PRAC_PAT_LIST,01/04/2026,C83082,BIRCHWOOD MEDICAL PRACTICE,E01026081,ALL,1
GP_PRAC_PAT_LIST,01/04/2026,C83082,BIRCHWOOD MEDICAL PRACTICE,E01026114,ALL,1
GP_PRAC_PAT_LIST,01/04/2026,C83082,BIRCHWOOD MEDICAL PRACTICE,E01026120,ALL,1
GP_PRAC_PAT_LIST,01/04/2026,C83082,BIRCHWOOD MEDICAL PRACTICE,E01026123,ALL,2
GP_PRAC_PAT_LIST,01/04/2026,C83082,BIRCHWOOD MEDICAL PRACTICE,E01026126,ALL,2
GP_PRAC_PAT_LIST,01/04/2026,C83082,BIRCHWOOD MEDICAL PRACTICE,E01026127,ALL,866
GP_PRAC_PAT_LIST,01/04/2026,C83082,BIRCHWOOD MEDICAL PRACTICE,E01026129,ALL,1201
GP_PRAC_PAT_LIST,01/04/2026,C83082,BIRCHWOOD MEDICAL PRACTICE,E01026130,ALL,782
GP_PRAC_PAT_LIST,01/04/2026,C83082,BIRCHWOOD MEDICAL PRACTICE,E01026131,ALL,893
GP_PRAC_PAT_LIST,01/04/2026,C83082,BIRCHWOOD MEDICAL PRACTICE,E01026134,ALL,1
GP_PRAC_PAT_LIST,01/04/2026,C83082,BIRCHWOOD MEDICAL PRACTICE,E01026135,ALL,7
GP_PRAC_PAT_LIST,01/04/2026,C83082,BIRCHWOOD MEDICAL PRACTICE,E01026136,ALL,187
GP_PRAC_PAT_LIST,01/04/2026,C83082,BIRCHWOOD MEDICAL PRACTICE,E01026137,ALL,1
GP_PRAC_PAT_LIST,01/04/2026,C83082,BIRCHWOOD MEDICAL PRACTICE,E01026139,ALL,1
GP_PRAC_PAT_LIST,01/04/2026,C83082,BIRCHWOOD MEDICAL PRACTICE,E01026140,ALL,2
GP_PRAC_PAT_LIST,01/04/2026,C83082,BIRCHWOOD MEDICAL PRACTICE,E01026141,ALL,1
GP_PRAC_PAT_LIST,01/04/2026,C83082,BIRCHWOOD MEDICAL PRACTICE,E01026142,ALL,1
GP_PRAC_PAT_LIST,01/04/2026,C83082,BIRCHWOOD MEDICAL PRACTICE,E01026150,ALL,2
GP_PRAC_PAT_LIST,01/04/2026,C83082,BIRCHWOOD MEDICAL PRACTICE,E01026156,ALL,1
GP_PRAC_PAT_LIST,01/04/2026,C83082,BIRCHWOOD MEDICAL PRACTICE,E01026158,ALL,699
GP_PRAC_PAT_LIST,01/04/2026,C83082,BIRCHWOOD MEDICAL PRACTICE,E01026159,ALL,842
GP_PRAC_PAT_LIST,01/04/2026,C83082,BIRCHWOOD MEDICAL PRACTICE,E01026160,ALL,819
GP_PRAC_PAT_LIST,01/04/2026,C83082,BIRCHWOOD MEDICAL PRACTICE,E01026161,ALL,377
GP_PRAC_PAT_LIST,01/04/2026,C83082,BIRCHWOOD MEDICAL PRACTICE,E01026162,ALL,527
GP_PRAC_PAT_LIST,01/04/2026,C83082,BIRCHWOOD MEDICAL PRACTICE,E01026163,ALL,715
GP_PRAC_PAT_LIST,01/04/2026,C83082,BIRCHWOOD MEDICAL PRACTICE,E01026164,ALL,2
GP_PRAC_PAT_LIST,01/04/2026,C83082,BIRCHWOOD MEDICAL PRACTICE,E01026169,ALL,13
GP_PRAC_PAT_LIST,01/04/2026,C83082,BIRCHWOOD MEDICAL PRACTICE,E01026170,ALL,9
GP_PRAC_PAT_LIST,01/04/2026,C83082,BIRCHWOOD MEDICAL PRACTICE,E01026171,ALL,102
GP_PRAC_PAT_LIST,01/04/2026,C83082,BIRCHWOOD MEDICAL PRACTICE,E01026172,ALL,16
GP_PRAC_PAT_LIST,01/04/2026,C83082,BIRCHWOOD MEDICAL PRACTICE,E01026173,ALL,16
GP_PRAC_PAT_LIST,01/04/2026,C83082,BIRCHWOOD MEDICAL PRACTICE,E01026175,ALL,2
GP_PRAC_PAT_LIST,01/04/2026,C83082,BIRCHWOOD MEDICAL PRACTICE,E01026176,ALL,1
GP_PRAC_PAT_LIST,01/04/2026,C83082,BIRCHWOOD MEDICAL PRACTICE,E01026177,ALL,1
GP_PRAC_PAT_LIST,01/04/2026,C83082,BIRCHWOOD MEDICAL PRACTICE,E01026191,ALL,1
GP_PRAC_PAT_LIST,01/04/2026,C83082,BIRCHWOOD MEDICAL PRACTICE,E01026192,ALL,1
GP_PRAC_PAT_LIST,01/04/2026,C83082,BIRCHWOOD MEDICAL PRACTICE,E01026195,ALL,1
GP_PRAC_PAT_LIST,01/04/2026,C83082,BIRCHWOOD MEDICAL PRACTICE,E01026199,ALL,34
GP_PRAC_PAT_LIST,01/04/2026,C83082,BIRCHWOOD MEDICAL PRACTICE,E01026204,ALL,1
GP_PRAC_PAT_LIST,01/04/2026,C83082,BIRCHWOOD MEDICAL PRACTICE,E01026215,ALL,11
GP_PRAC_PAT_LIST,01/04/2026,C83082,BIRCHWOOD MEDICAL PRACTICE,E01026218,ALL,2
GP_PRAC_PAT_LIST,01/04/2026,C83082,BIRCHWOOD MEDICAL PRACTICE,E01026219,ALL,2
GP_PRAC_PAT_LIST,01/04/2026,C83082,BIRCHWOOD MEDICAL PRACTICE,E01026220,ALL,2
GP_PRAC_PAT_LIST,01/04/2026,C83082,BIRCHWOOD MEDICAL PRACTICE,E01026225,ALL,439
GP_PRAC_PAT_LIST,01/04/2026,C83082,BIRCHWOOD MEDICAL PRACTICE,E01026226,ALL,488
GP_PRAC_PAT_LIST,01/04/2026,C83082,BIRCHWOOD MEDICAL PRACTICE,E01026238,ALL,2
GP_PRAC_PAT_LIST,01/04/2026,C83082,BIRCHWOOD MEDICAL PRACTICE,E01026372,ALL,1
GP_PRAC_PAT_LIST,01/04/2026,C83082,BIRCHWOOD MEDICAL PRACTICE,E01026373,ALL,1
GP_PRAC_PAT_LIST,01/04/2026,C83082,BIRCHWOOD MEDICAL PRACTICE,E01026380,ALL,1
GP_PRAC_PAT_LIST,01/04/2026,C83082,BIRCHWOOD MEDICAL PRACTICE,E01026400,ALL,1
GP_PRAC_PAT_LIST,01/04/2026,C83082,BIRCHWOOD MEDICAL PRACTICE,E01026404,ALL,1
GP_PRAC_PAT_LIST,01/04/2026,C83082,BIRCHWOOD MEDICAL PRACTICE,E01026405,ALL,1
GP_PRAC_PAT_LIST,01/04/2026,C83082,BIRCHWOOD MEDICAL PRACTICE,E01028006,ALL,1
GP_PRAC_PAT_LIST,01/04/2026,C83082,BIRCHWOOD MEDICAL PRACTICE,E01028275,ALL,1
GP_PRAC_PAT_LIST,01/04/2026,C83082,BIRCHWOOD MEDICAL PRACTICE,E01030586,ALL,1
GP_PRAC_PAT_LIST,01/04/2026,C83082,BIRCHWOOD MEDICAL PRACTICE,E01030750,ALL,1
GP_PRAC_PAT_LIST,01/04/2026,C83082,BIRCHWOOD MEDICAL PRACTICE,E01031959,ALL,1
GP_PRAC_PAT_LIST,01/04/2026,C83082,BIRCHWOOD MEDICAL PRACTICE,E01032988,ALL,2
GP_PRAC_PAT_LIST,01/04/2026,C83082,BIRCHWOOD MEDICAL PRACTICE,E01032989,ALL,4
GP_PRAC_PAT_LIST,01/04/2026,C83082,BIRCHWOOD MEDICAL PRACTICE,E01032991,ALL,35
GP_PRAC_PAT_LIST,01/04/2026,C83082,BIRCHWOOD MEDICAL PRACTICE,E01032992,ALL,6
GP_PRAC_PAT_LIST,01/04/2026,C83082,BIRCHWOOD MEDICAL PRACTICE,E01032993,ALL,3
GP_PRAC_PAT_LIST,01/04/2026,C83082,BIRCHWOOD MEDICAL PRACTICE,E01032994,ALL,1
GP_PRAC_PAT_LIST,01/04/2026,C83082,BIRCHWOOD MEDICAL PRACTICE,E01034687,ALL,1
GP_PRAC_PAT_LIST,01/04/2026,C83082,BIRCHWOOD MEDICAL PRACTICE,E01034689,ALL,663
GP_PRAC_PAT_LIST,01/04/2026,C83082,BIRCHWOOD MEDICAL PRACTICE,E01034690,ALL,1016
GP_PRAC_PAT_LIST,01/04/2026,C83082,BIRCHWOOD MEDICAL PRACTICE,E01034691,ALL,5
GP_PRAC_PAT_LIST,01/04/2026,C83082,BIRCHWOOD MEDICAL PRACTICE,E01034692,ALL,5
GP_PRAC_PAT_LIST,01/04/2026,C83082,BIRCHWOOD MEDICAL PRACTICE,E01034693,ALL,3
GP_PRAC_PAT_LIST,01/04/2026,C83082,BIRCHWOOD MEDICAL PRACTICE,E01034694,ALL,1
GP_PRAC_PAT_LIST,01/04/2026,C83082,BIRCHWOOD MEDICAL PRACTICE,E01034707,ALL,1
GP_PRAC_PAT_LIST,01/04/2026,C83082,BIRCHWOOD MEDICAL PRACTICE,EMPTY,ALL,1
GP_PRAC_PAT_LIST,01/04/2026,C83083,THE NEW CONINGSBY SURGERY,CLOSED,ALL,1
GP_PRAC_PAT_LIST,01/04/2026,C83083,THE NEW CONINGSBY SURGERY,E01000015,ALL,1
GP_PRAC_PAT_LIST,01/04/2026,C83083,THE NEW CONINGSBY SURGERY,E01007656,ALL,1
GP_PRAC_PAT_LIST,01/04/2026,C83083,THE NEW CONINGSBY SURGERY,E01007804,ALL,1
GP_PRAC_PAT_LIST,01/04/2026,C83083,THE NEW CONINGSBY SURGERY,E01011098,ALL,1
GP_PRAC_PAT_LIST,01/04/2026,C83083,THE NEW CONINGSBY SURGERY,E01012520,ALL,1
GP_PRAC_PAT_LIST,01/04/2026,C83083,THE NEW CONINGSBY SURGERY,E01013213,ALL,1
GP_PRAC_PAT_LIST,01/04/2026,C83083,THE NEW CONINGSBY SURGERY,E01017978,ALL,1
GP_PRAC_PAT_LIST,01/04/2026,C83083,THE NEW CONINGSBY SURGERY,E01019478,ALL,1
GP_PRAC_PAT_LIST,01/04/2026,C83083,THE NEW CONINGSBY SURGERY,E01019653,ALL,1
GP_PRAC_PAT_LIST,01/04/2026,C83083,THE NEW CONINGSBY SURGERY,E01021849,ALL,1
GP_PRAC_PAT_LIST,01/04/2026,C83083,THE NEW CONINGSBY SURGERY,E01026008,ALL,1
GP_PRAC_PAT_LIST,01/04/2026,C83083,THE NEW CONINGSBY SURGERY,E01026020,ALL,2
GP_PRAC_PAT_LIST,01/04/2026,C83083,THE NEW CONINGSBY SURGERY,E01026021,ALL,2
GP_PRAC_PAT_LIST,01/04/2026,C83083,THE NEW CONINGSBY SURGERY,E01026022,ALL,1
GP_PRAC_PAT_LIST,01/04/2026,C83083,THE NEW CONINGSBY SURGERY,E01026033,ALL,239
GP_PRAC_PAT_LIST,01/04/2026,C83083,THE NEW CONINGSBY SURGERY,E01026051,ALL,1124
GP_PRAC_PAT_LIST,01/04/2026,C83083,THE NEW CONINGSBY SURGERY,E01026052,ALL,1653
GP_PRAC_PAT_LIST,01/04/2026,C83083,THE NEW CONINGSBY SURGERY,E01026053,ALL,1271
GP_PRAC_PAT_LIST,01/04/2026,C83083,THE NEW CONINGSBY SURGERY,E01026054,ALL,1392
GP_PRAC_PAT_LIST,01/04/2026,C83083,THE NEW CONINGSBY SURGERY,E01026056,ALL,1
GP_PRAC_PAT_LIST,01/04/2026,C83083,THE NEW CONINGSBY SURGERY,E01026057,ALL,210
GP_PRAC_PAT_LIST,01/04/2026,C83083,THE NEW CONINGSBY SURGERY,E01026060,ALL,7
GP_PRAC_PAT_LIST,01/04/2026,C83083,THE NEW CONINGSBY SURGERY,E01026064,ALL,35
GP_PRAC_PAT_LIST,01/04/2026,C83083,THE NEW CONINGSBY SURGERY,E01026065,ALL,38
GP_PRAC_PAT_LIST,01/04/2026,C83083,THE NEW CONINGSBY SURGERY,E01026066,ALL,26
GP_PRAC_PAT_LIST,01/04/2026,C83083,THE NEW CONINGSBY SURGERY,E01026067,ALL,26
GP_PRAC_PAT_LIST,01/04/2026,C83083,THE NEW CONINGSBY SURGERY,E01026068,ALL,1
GP_PRAC_PAT_LIST,01/04/2026,C83083,THE NEW CONINGSBY SURGERY,E01026075,ALL,1047
GP_PRAC_PAT_LIST,01/04/2026,C83083,THE NEW CONINGSBY SURGERY,E01026077,ALL,1
GP_PRAC_PAT_LIST,01/04/2026,C83083,THE NEW CONINGSBY SURGERY,E01026082,ALL,38
GP_PRAC_PAT_LIST,01/04/2026,C83083,THE NEW CONINGSBY SURGERY,E01026098,ALL,2
GP_PRAC_PAT_LIST,01/04/2026,C83083,THE NEW CONINGSBY SURGERY,E01026102,ALL,1
GP_PRAC_PAT_LIST,01/04/2026,C83083,THE NEW CONINGSBY SURGERY,E01026105,ALL,2
GP_PRAC_PAT_LIST,01/04/2026,C83083,THE NEW CONINGSBY SURGERY,E01026118,ALL,86
GP_PRAC_PAT_LIST,01/04/2026,C83083,THE NEW CONINGSBY SURGERY,E01026119,ALL,91
GP_PRAC_PAT_LIST,01/04/2026,C83083,THE NEW CONINGSBY SURGERY,E01026120,ALL,93
GP_PRAC_PAT_LIST,01/04/2026,C83083,THE NEW CONINGSBY SURGERY,E01026159,ALL,1
GP_PRAC_PAT_LIST,01/04/2026,C83083,THE NEW CONINGSBY SURGERY,E01026175,ALL,1
GP_PRAC_PAT_LIST,01/04/2026,C83083,THE NEW CONINGSBY SURGERY,E01026183,ALL,155
GP_PRAC_PAT_LIST,01/04/2026,C83083,THE NEW CONINGSBY SURGERY,E01026184,ALL,2
GP_PRAC_PAT_LIST,01/04/2026,C83083,THE NEW CONINGSBY SURGERY,E01026191,ALL,1
GP_PRAC_PAT_LIST,01/04/2026,C83083,THE NEW CONINGSBY SURGERY,E01026207,ALL,8
GP_PRAC_PAT_LIST,01/04/2026,C83083,THE NEW CONINGSBY SURGERY,E01026210,ALL,33
GP_PRAC_PAT_LIST,01/04/2026,C83083,THE NEW CONINGSBY SURGERY,E01026229,ALL,1
GP_PRAC_PAT_LIST,01/04/2026,C83083,THE NEW CONINGSBY SURGERY,E01026316,ALL,1
GP_PRAC_PAT_LIST,01/04/2026,C83083,THE NEW CONINGSBY SURGERY,E01026332,ALL,1
GP_PRAC_PAT_LIST,01/04/2026,C83083,THE NEW CONINGSBY SURGERY,E01026366,ALL,1
GP_PRAC_PAT_LIST,01/04/2026,C83083,THE NEW CONINGSBY SURGERY,E01026722,ALL,1
GP_PRAC_PAT_LIST,01/04/2026,C83083,THE NEW CONINGSBY SURGERY,E01027365,ALL,1
GP_PRAC_PAT_LIST,01/04/2026,C83083,THE NEW CONINGSBY SURGERY,E01028046,ALL,1
GP_PRAC_PAT_LIST,01/04/2026,C83083,THE NEW CONINGSBY SURGERY,E01028289,ALL,1
GP_PRAC_PAT_LIST,01/04/2026,C83083,THE NEW CONINGSBY SURGERY,E01028366,ALL,1
GP_PRAC_PAT_LIST,01/04/2026,C83083,THE NEW CONINGSBY SURGERY,E01032988,ALL,1
GP_PRAC_PAT_LIST,01/04/2026,C83083,THE NEW CONINGSBY SURGERY,E01033587,ALL,1
GP_PRAC_PAT_LIST,01/04/2026,C83083,THE NEW CONINGSBY SURGERY,E01034683,ALL,1
GP_PRAC_PAT_LIST,01/04/2026,C83083,THE NEW CONINGSBY SURGERY,E01034707,ALL,1
GP_PRAC_PAT_LIST,01/04/2026,C83083,THE NEW CONINGSBY SURGERY,E01035146,ALL,1
GP_PRAC_PAT_LIST,01/04/2026,C83083,THE NEW CONINGSBY SURGERY,EMPTY,ALL,4
GP_PRAC_PAT_LIST,01/04/2026,C83083,THE NEW CONINGSBY SURGERY,S01018335,ALL,1
GP_PRAC_PAT_LIST,01/04/2026,C83085,JAMES STREET FAMILY PRACTICE,CLOSED,ALL,2
GP_PRAC_PAT_LIST,01/04/2026,C83085,JAMES STREET FAMILY PRACTICE,E01004088,ALL,1
GP_PRAC_PAT_LIST,01/04/2026,C83085,JAMES STREET FAMILY PRACTICE,E01005719,ALL,1
GP_PRAC_PAT_LIST,01/04/2026,C83085,JAMES STREET FAMILY PRACTICE,E01010794,ALL,1
GP_PRAC_PAT_LIST,01/04/2026,C83085,JAMES STREET FAMILY PRACTICE,E01013144,ALL,1
GP_PRAC_PAT_LIST,01/04/2026,C83085,JAMES STREET FAMILY PRACTICE,E01013162,ALL,2
GP_PRAC_PAT_LIST,01/04/2026,C83085,JAMES STREET FAMILY PRACTICE,E01013172,ALL,2
GP_PRAC_PAT_LIST,01/04/2026,C83085,JAMES STREET FAMILY PRACTICE,E01013214,ALL,1
GP_PRAC_PAT_LIST,01/04/2026,C83085,JAMES STREET FAMILY PRACTICE,E01013221,ALL,2
GP_PRAC_PAT_LIST,01/04/2026,C83085,JAMES STREET FAMILY PRACTICE,E01013888,ALL,1
GP_PRAC_PAT_LIST,01/04/2026,C83085,JAMES STREET FAMILY PRACTICE,E01014404,ALL,1
GP_PRAC_PAT_LIST,01/04/2026,C83085,JAMES STREET FAMILY PRACTICE,E01015289,ALL,1
GP_PRAC_PAT_LIST,01/04/2026,C83085,JAMES STREET FAMILY PRACTICE,E01016423,ALL,1
GP_PRAC_PAT_LIST,01/04/2026,C83085,JAMES STREET FAMILY PRACTICE,E01025690,ALL,1
GP_PRAC_PAT_LIST,01/04/2026,C83085,JAMES STREET FAMILY PRACTICE,E01026015,ALL,1
GP_PRAC_PAT_LIST,01/04/2026,C83085,JAMES STREET FAMILY PRACTICE,E01026042,ALL,4
GP_PRAC_PAT_LIST,01/04/2026,C83085,JAMES STREET FAMILY PRACTICE,E01026043,ALL,4
GP_PRAC_PAT_LIST,01/04/2026,C83085,JAMES STREET FAMILY PRACTICE,E01026045,ALL,363
GP_PRAC_PAT_LIST,01/04/2026,C83085,JAMES STREET FAMILY PRACTICE,E01026058,ALL,614
GP_PRAC_PAT_LIST,01/04/2026,C83085,JAMES STREET FAMILY PRACTICE,E01026061,ALL,2
GP_PRAC_PAT_LIST,01/04/2026,C83085,JAMES STREET FAMILY PRACTICE,E01026062,ALL,4
GP_PRAC_PAT_LIST,01/04/2026,C83085,JAMES STREET FAMILY PRACTICE,E01026063,ALL,2
GP_PRAC_PAT_LIST,01/04/2026,C83085,JAMES STREET FAMILY PRACTICE,E01026065,ALL,1
GP_PRAC_PAT_LIST,01/04/2026,C83085,JAMES STREET FAMILY PRACTICE,E01026066,ALL,1
GP_PRAC_PAT_LIST,01/04/2026,C83085,JAMES STREET FAMILY PRACTICE,E01026067,ALL,2
GP_PRAC_PAT_LIST,01/04/2026,C83085,JAMES STREET FAMILY PRACTICE,E01026068,ALL,65
GP_PRAC_PAT_LIST,01/04/2026,C83085,JAMES STREET FAMILY PRACTICE,E01026070,ALL,1005
GP_PRAC_PAT_LIST,01/04/2026,C83085,JAMES STREET FAMILY PRACTICE,E01026071,ALL,282
GP_PRAC_PAT_LIST,01/04/2026,C83085,JAMES STREET FAMILY PRACTICE,E01026073,ALL,3
GP_PRAC_PAT_LIST,01/04/2026,C83085,JAMES STREET FAMILY PRACTICE,E01026076,ALL,369
GP_PRAC_PAT_LIST,01/04/2026,C83085,JAMES STREET FAMILY PRACTICE,E01026077,ALL,1196
GP_PRAC_PAT_LIST,01/04/2026,C83085,JAMES STREET FAMILY PRACTICE,E01026078,ALL,593
GP_PRAC_PAT_LIST,01/04/2026,C83085,JAMES STREET FAMILY PRACTICE,E01026079,ALL,78
GP_PRAC_PAT_LIST,01/04/2026,C83085,JAMES STREET FAMILY PRACTICE,E01026080,ALL,79
GP_PRAC_PAT_LIST,01/04/2026,C83085,JAMES STREET FAMILY PRACTICE,E01026081,ALL,1252
GP_PRAC_PAT_LIST,01/04/2026,C83085,JAMES STREET FAMILY PRACTICE,E01026084,ALL,1
GP_PRAC_PAT_LIST,01/04/2026,C83085,JAMES STREET FAMILY PRACTICE,E01026087,ALL,999
GP_PRAC_PAT_LIST,01/04/2026,C83085,JAMES STREET FAMILY PRACTICE,E01026088,ALL,775
GP_PRAC_PAT_LIST,01/04/2026,C83085,JAMES STREET FAMILY PRACTICE,E01026089,ALL,891
GP_PRAC_PAT_LIST,01/04/2026,C83085,JAMES STREET FAMILY PRACTICE,E01026090,ALL,527
GP_PRAC_PAT_LIST,01/04/2026,C83085,JAMES STREET FAMILY PRACTICE,E01026091,ALL,707
GP_PRAC_PAT_LIST,01/04/2026,C83085,JAMES STREET FAMILY PRACTICE,E01026094,ALL,1
GP_PRAC_PAT_LIST,01/04/2026,C83085,JAMES STREET FAMILY PRACTICE,E01026098,ALL,1
GP_PRAC_PAT_LIST,01/04/2026,C83085,JAMES STREET FAMILY PRACTICE,E01026099,ALL,213
GP_PRAC_PAT_LIST,01/04/2026,C83085,JAMES STREET FAMILY PRACTICE,E01026101,ALL,1
GP_PRAC_PAT_LIST,01/04/2026,C83085,JAMES STREET FAMILY PRACTICE,E01026104,ALL,1
GP_PRAC_PAT_LIST,01/04/2026,C83085,JAMES STREET FAMILY PRACTICE,E01026105,ALL,13
GP_PRAC_PAT_LIST,01/04/2026,C83085,JAMES STREET FAMILY PRACTICE,E01026107,ALL,4
GP_PRAC_PAT_LIST,01/04/2026,C83085,JAMES STREET FAMILY PRACTICE,E01026108,ALL,1517
GP_PRAC_PAT_LIST,01/04/2026,C83085,JAMES STREET FAMILY PRACTICE,E01026113,ALL,6
GP_PRAC_PAT_LIST,01/04/2026,C83085,JAMES STREET FAMILY PRACTICE,E01026114,ALL,1
GP_PRAC_PAT_LIST,01/04/2026,C83085,JAMES STREET FAMILY PRACTICE,E01026117,ALL,200
GP_PRAC_PAT_LIST,01/04/2026,C83085,JAMES STREET FAMILY PRACTICE,E01026121,ALL,1
GP_PRAC_PAT_LIST,01/04/2026,C83085,JAMES STREET FAMILY PRACTICE,E01026129,ALL,1
GP_PRAC_PAT_LIST,01/04/2026,C83085,JAMES STREET FAMILY PRACTICE,E01026165,ALL,1
GP_PRAC_PAT_LIST,01/04/2026,C83085,JAMES STREET FAMILY PRACTICE,E01026177,ALL,1
GP_PRAC_PAT_LIST,01/04/2026,C83085,JAMES STREET FAMILY PRACTICE,E01026205,ALL,1
GP_PRAC_PAT_LIST,01/04/2026,C83085,JAMES STREET FAMILY PRACTICE,E01026389,ALL,1
GP_PRAC_PAT_LIST,01/04/2026,C83085,JAMES STREET FAMILY PRACTICE,E01026390,ALL,1
GP_PRAC_PAT_LIST,01/04/2026,C83085,JAMES STREET FAMILY PRACTICE,E01026391,ALL,7
GP_PRAC_PAT_LIST,01/04/2026,C83085,JAMES STREET FAMILY PRACTICE,E01026392,ALL,2
GP_PRAC_PAT_LIST,01/04/2026,C83085,JAMES STREET FAMILY PRACTICE,E01026415,ALL,3
GP_PRAC_PAT_LIST,01/04/2026,C83085,JAMES STREET FAMILY PRACTICE,E01028182,ALL,1
GP_PRAC_PAT_LIST,01/04/2026,C83085,JAMES STREET FAMILY PRACTICE,E01032986,ALL,701
GP_PRAC_PAT_LIST,01/04/2026,C83085,JAMES STREET FAMILY PRACTICE,E01032987,ALL,938
GP_PRAC_PAT_LIST,01/04/2026,C83085,JAMES STREET FAMILY PRACTICE,E01033277,ALL,1
GP_PRAC_PAT_LIST,01/04/2026,C83085,JAMES STREET FAMILY PRACTICE,E01035473,ALL,1
GP_PRAC_PAT_LIST,01/04/2026,C83085,JAMES STREET FAMILY PRACTICE,E01035480,ALL,2
GP_PRAC_PAT_LIST,01/04/2026,C83085,JAMES STREET FAMILY PRACTICE,EMPTY,ALL,9
GP_PRAC_PAT_LIST,01/04/2026,C83611,THE BASSINGHAM SURGERY,CLOSED,ALL,1
GP_PRAC_PAT_LIST,01/04/2026,C83611,THE BASSINGHAM SURGERY,E01007363,ALL,1
GP_PRAC_PAT_LIST,01/04/2026,C83611,THE BASSINGHAM SURGERY,E01007604,ALL,1
GP_PRAC_PAT_LIST,01/04/2026,C83611,THE BASSINGHAM SURGERY,E01013788,ALL,1
GP_PRAC_PAT_LIST,01/04/2026,C83611,THE BASSINGHAM SURGERY,E01013790,ALL,1
GP_PRAC_PAT_LIST,01/04/2026,C83611,THE BASSINGHAM SURGERY,E01017925,ALL,1
GP_PRAC_PAT_LIST,01/04/2026,C83611,THE BASSINGHAM SURGERY,E01019591,ALL,1
GP_PRAC_PAT_LIST,01/04/2026,C83611,THE BASSINGHAM SURGERY,E01026058,ALL,1
GP_PRAC_PAT_LIST,01/04/2026,C83611,THE BASSINGHAM SURGERY,E01026163,ALL,2
GP_PRAC_PAT_LIST,01/04/2026,C83611,THE BASSINGHAM SURGERY,E01026172,ALL,1
GP_PRAC_PAT_LIST,01/04/2026,C83611,THE BASSINGHAM SURGERY,E01026179,ALL,1
GP_PRAC_PAT_LIST,01/04/2026,C83611,THE BASSINGHAM SURGERY,E01026182,ALL,1539
GP_PRAC_PAT_LIST,01/04/2026,C83611,THE BASSINGHAM SURGERY,E01026185,ALL,13
GP_PRAC_PAT_LIST,01/04/2026,C83611,THE BASSINGHAM SURGERY,E01026187,ALL,1
GP_PRAC_PAT_LIST,01/04/2026,C83611,THE BASSINGHAM SURGERY,E01026192,ALL,887
GP_PRAC_PAT_LIST,01/04/2026,C83611,THE BASSINGHAM SURGERY,E01026193,ALL,850
GP_PRAC_PAT_LIST,01/04/2026,C83611,THE BASSINGHAM SURGERY,E01026194,ALL,106
GP_PRAC_PAT_LIST,01/04/2026,C83611,THE BASSINGHAM SURGERY,E01026195,ALL,154
GP_PRAC_PAT_LIST,01/04/2026,C83611,THE BASSINGHAM SURGERY,E01026196,ALL,56
GP_PRAC_PAT_LIST,01/04/2026,C83611,THE BASSINGHAM SURGERY,E01026197,ALL,1
GP_PRAC_PAT_LIST,01/04/2026,C83611,THE BASSINGHAM SURGERY,E01026199,ALL,262
GP_PRAC_PAT_LIST,01/04/2026,C83611,THE BASSINGHAM SURGERY,E01026210,ALL,1
GP_PRAC_PAT_LIST,01/04/2026,C83611,THE BASSINGHAM SURGERY,E01026220,ALL,2
GP_PRAC_PAT_LIST,01/04/2026,C83611,THE BASSINGHAM SURGERY,E01026225,ALL,1
GP_PRAC_PAT_LIST,01/04/2026,C83611,THE BASSINGHAM SURGERY,E01026230,ALL,2
GP_PRAC_PAT_LIST,01/04/2026,C83611,THE BASSINGHAM SURGERY,E01026233,ALL,1
GP_PRAC_PAT_LIST,01/04/2026,C83611,THE BASSINGHAM SURGERY,E01026237,ALL,6
GP_PRAC_PAT_LIST,01/04/2026,C83611,THE BASSINGHAM SURGERY,E01026329,ALL,2
GP_PRAC_PAT_LIST,01/04/2026,C83611,THE BASSINGHAM SURGERY,E01026333,ALL,3
GP_PRAC_PAT_LIST,01/04/2026,C83611,THE BASSINGHAM SURGERY,E01026345,ALL,1
GP_PRAC_PAT_LIST,01/04/2026,C83611,THE BASSINGHAM SURGERY,E01026372,ALL,1
GP_PRAC_PAT_LIST,01/04/2026,C83611,THE BASSINGHAM SURGERY,E01028024,ALL,1
GP_PRAC_PAT_LIST,01/04/2026,C83611,THE BASSINGHAM SURGERY,E01028074,ALL,1
GP_PRAC_PAT_LIST,01/04/2026,C83611,THE BASSINGHAM SURGERY,E01028311,ALL,1
GP_PRAC_PAT_LIST,01/04/2026,C83611,THE BASSINGHAM SURGERY,E01028315,ALL,3
GP_PRAC_PAT_LIST,01/04/2026,C83611,THE BASSINGHAM SURGERY,E01028316,ALL,3
GP_PRAC_PAT_LIST,01/04/2026,C83611,THE BASSINGHAM SURGERY,E01028353,ALL,1
GP_PRAC_PAT_LIST,01/04/2026,C83611,THE BASSINGHAM SURGERY,E01028362,ALL,1
GP_PRAC_PAT_LIST,01/04/2026,C83611,THE BASSINGHAM SURGERY,E01031343,ALL,1
GP_PRAC_PAT_LIST,01/04/2026,C83611,THE BASSINGHAM SURGERY,E01032987,ALL,1
GP_PRAC_PAT_LIST,01/04/2026,C83611,THE BASSINGHAM SURGERY,E01032988,ALL,2
GP_PRAC_PAT_LIST,01/04/2026,C83611,THE BASSINGHAM SURGERY,E01032989,ALL,8
GP_PRAC_PAT_LIST,01/04/2026,C83611,THE BASSINGHAM SURGERY,E01032992,ALL,8
GP_PRAC_PAT_LIST,01/04/2026,C83611,THE BASSINGHAM SURGERY,E01032993,ALL,12
GP_PRAC_PAT_LIST,01/04/2026,C83611,THE BASSINGHAM SURGERY,E01032994,ALL,333
GP_PRAC_PAT_LIST,01/04/2026,C83611,THE BASSINGHAM SURGERY,E01034693,ALL,1436
GP_PRAC_PAT_LIST,01/04/2026,C83611,THE BASSINGHAM SURGERY,E01034694,ALL,1535
GP_PRAC_PAT_LIST,01/04/2026,C83611,THE BASSINGHAM SURGERY,EMPTY,ALL,4
GP_PRAC_PAT_LIST,01/04/2026,C83613,CAISTOR HEALTH CENTRE,E01013006,ALL,1
GP_PRAC_PAT_LIST,01/04/2026,C83613,CAISTOR HEALTH CENTRE,E01013097,ALL,1
GP_PRAC_PAT_LIST,01/04/2026,C83613,CAISTOR HEALTH CENTRE,E01013175,ALL,8
GP_PRAC_PAT_LIST,01/04/2026,C83613,CAISTOR HEALTH CENTRE,E01013214,ALL,1
GP_PRAC_PAT_LIST,01/04/2026,C83613,CAISTOR HEALTH CENTRE,E01013218,ALL,1
GP_PRAC_PAT_LIST,01/04/2026,C83613,CAISTOR HEALTH CENTRE,E01013224,ALL,2
GP_PRAC_PAT_LIST,01/04/2026,C83613,CAISTOR HEALTH CENTRE,E01013225,ALL,11
GP_PRAC_PAT_LIST,01/04/2026,C83613,CAISTOR HEALTH CENTRE,E01013227,ALL,1
GP_PRAC_PAT_LIST,01/04/2026,C83613,CAISTOR HEALTH CENTRE,E01013228,ALL,1
GP_PRAC_PAT_LIST,01/04/2026,C83613,CAISTOR HEALTH CENTRE,E01013267,ALL,2
GP_PRAC_PAT_LIST,01/04/2026,C83613,CAISTOR HEALTH CENTRE,E01013308,ALL,1
GP_PRAC_PAT_LIST,01/04/2026,C83613,CAISTOR HEALTH CENTRE,E01013314,ALL,1
GP_PRAC_PAT_LIST,01/04/2026,C83613,CAISTOR HEALTH CENTRE,E01013323,ALL,1
GP_PRAC_PAT_LIST,01/04/2026,C83613,CAISTOR HEALTH CENTRE,E01013325,ALL,33
GP_PRAC_PAT_LIST,01/04/2026,C83613,CAISTOR HEALTH CENTRE,E01023760,ALL,1
GP_PRAC_PAT_LIST,01/04/2026,C83613,CAISTOR HEALTH CENTRE,E01026045,ALL,2
GP_PRAC_PAT_LIST,01/04/2026,C83613,CAISTOR HEALTH CENTRE,E01026062,ALL,2
GP_PRAC_PAT_LIST,01/04/2026,C83613,CAISTOR HEALTH CENTRE,E01026080,ALL,1
GP_PRAC_PAT_LIST,01/04/2026,C83613,CAISTOR HEALTH CENTRE,E01026120,ALL,1
GP_PRAC_PAT_LIST,01/04/2026,C83613,CAISTOR HEALTH CENTRE,E01026125,ALL,1
GP_PRAC_PAT_LIST,01/04/2026,C83613,CAISTOR HEALTH CENTRE,E01026175,ALL,1
GP_PRAC_PAT_LIST,01/04/2026,C83613,CAISTOR HEALTH CENTRE,E01026367,ALL,1304
GP_PRAC_PAT_LIST,01/04/2026,C83613,CAISTOR HEALTH CENTRE,E01026368,ALL,1873
GP_PRAC_PAT_LIST,01/04/2026,C83613,CAISTOR HEALTH CENTRE,E01026382,ALL,1
GP_PRAC_PAT_LIST,01/04/2026,C83613,CAISTOR HEALTH CENTRE,E01026383,ALL,1
GP_PRAC_PAT_LIST,01/04/2026,C83613,CAISTOR HEALTH CENTRE,E01026387,ALL,945
GP_PRAC_PAT_LIST,01/04/2026,C83613,CAISTOR HEALTH CENTRE,E01026389,ALL,2
GP_PRAC_PAT_LIST,01/04/2026,C83613,CAISTOR HEALTH CENTRE,E01026390,ALL,2
GP_PRAC_PAT_LIST,01/04/2026,C83613,CAISTOR HEALTH CENTRE,E01026391,ALL,6
GP_PRAC_PAT_LIST,01/04/2026,C83613,CAISTOR HEALTH CENTRE,E01026392,ALL,107
GP_PRAC_PAT_LIST,01/04/2026,C83613,CAISTOR HEALTH CENTRE,E01026396,ALL,1
GP_PRAC_PAT_LIST,01/04/2026,C83613,CAISTOR HEALTH CENTRE,E01026411,ALL,17
GP_PRAC_PAT_LIST,01/04/2026,C83613,CAISTOR HEALTH CENTRE,E01026415,ALL,39
GP_PRAC_PAT_LIST,01/04/2026,C83613,CAISTOR HEALTH CENTRE,E01026416,ALL,878
GP_PRAC_PAT_LIST,01/04/2026,C83613,CAISTOR HEALTH CENTRE,E01032683,ALL,43
GP_PRAC_PAT_LIST,01/04/2026,C83613,CAISTOR HEALTH CENTRE,E01034447,ALL,2
GP_PRAC_PAT_LIST,01/04/2026,C83613,CAISTOR HEALTH CENTRE,E01034694,ALL,1
GP_PRAC_PAT_LIST,01/04/2026,C83613,CAISTOR HEALTH CENTRE,EMPTY,ALL,2
GP_PRAC_PAT_LIST,01/04/2026,C83614,SUTTERTON SURGERY,E01000489,ALL,1
GP_PRAC_PAT_LIST,01/04/2026,C83614,SUTTERTON SURGERY,E01021344,ALL,1
GP_PRAC_PAT_LIST,01/04/2026,C83614,SUTTERTON SURGERY,E01026008,ALL,13
GP_PRAC_PAT_LIST,01/04/2026,C83614,SUTTERTON SURGERY,E01026009,ALL,2
GP_PRAC_PAT_LIST,01/04/2026,C83614,SUTTERTON SURGERY,E01026010,ALL,6
GP_PRAC_PAT_LIST,01/04/2026,C83614,SUTTERTON SURGERY,E01026013,ALL,5
GP_PRAC_PAT_LIST,01/04/2026,C83614,SUTTERTON SURGERY,E01026014,ALL,10
GP_PRAC_PAT_LIST,01/04/2026,C83614,SUTTERTON SURGERY,E01026015,ALL,6
GP_PRAC_PAT_LIST,01/04/2026,C83614,SUTTERTON SURGERY,E01026016,ALL,1141
GP_PRAC_PAT_LIST,01/04/2026,C83614,SUTTERTON SURGERY,E01026017,ALL,1084
GP_PRAC_PAT_LIST,01/04/2026,C83614,SUTTERTON SURGERY,E01026018,ALL,109
GP_PRAC_PAT_LIST,01/04/2026,C83614,SUTTERTON SURGERY,E01026019,ALL,177
GP_PRAC_PAT_LIST,01/04/2026,C83614,SUTTERTON SURGERY,E01026020,ALL,219
GP_PRAC_PAT_LIST,01/04/2026,C83614,SUTTERTON SURGERY,E01026021,ALL,10
GP_PRAC_PAT_LIST,01/04/2026,C83614,SUTTERTON SURGERY,E01026022,ALL,4
GP_PRAC_PAT_LIST,01/04/2026,C83614,SUTTERTON SURGERY,E01026025,ALL,5
GP_PRAC_PAT_LIST,01/04/2026,C83614,SUTTERTON SURGERY,E01026026,ALL,6
GP_PRAC_PAT_LIST,01/04/2026,C83614,SUTTERTON SURGERY,E01026027,ALL,6
GP_PRAC_PAT_LIST,01/04/2026,C83614,SUTTERTON SURGERY,E01026028,ALL,6
GP_PRAC_PAT_LIST,01/04/2026,C83614,SUTTERTON SURGERY,E01026030,ALL,8
GP_PRAC_PAT_LIST,01/04/2026,C83614,SUTTERTON SURGERY,E01026031,ALL,13
GP_PRAC_PAT_LIST,01/04/2026,C83614,SUTTERTON SURGERY,E01026032,ALL,3
GP_PRAC_PAT_LIST,01/04/2026,C83614,SUTTERTON SURGERY,E01026033,ALL,63
GP_PRAC_PAT_LIST,01/04/2026,C83614,SUTTERTON SURGERY,E01026034,ALL,51
GP_PRAC_PAT_LIST,01/04/2026,C83614,SUTTERTON SURGERY,E01026035,ALL,23
GP_PRAC_PAT_LIST,01/04/2026,C83614,SUTTERTON SURGERY,E01026036,ALL,5
GP_PRAC_PAT_LIST,01/04/2026,C83614,SUTTERTON SURGERY,E01026037,ALL,3
GP_PRAC_PAT_LIST,01/04/2026,C83614,SUTTERTON SURGERY,E01026038,ALL,5
GP_PRAC_PAT_LIST,01/04/2026,C83614,SUTTERTON SURGERY,E01026039,ALL,50
GP_PRAC_PAT_LIST,01/04/2026,C83614,SUTTERTON SURGERY,E01026040,ALL,43
GP_PRAC_PAT_LIST,01/04/2026,C83614,SUTTERTON SURGERY,E01026041,ALL,51
GP_PRAC_PAT_LIST,01/04/2026,C83614,SUTTERTON SURGERY,E01026053,ALL,1
GP_PRAC_PAT_LIST,01/04/2026,C83614,SUTTERTON SURGERY,E01026057,ALL,1
GP_PRAC_PAT_LIST,01/04/2026,C83614,SUTTERTON SURGERY,E01026075,ALL,2
GP_PRAC_PAT_LIST,01/04/2026,C83614,SUTTERTON SURGERY,E01026080,ALL,1
GP_PRAC_PAT_LIST,01/04/2026,C83614,SUTTERTON SURGERY,E01026094,ALL,1
GP_PRAC_PAT_LIST,01/04/2026,C83614,SUTTERTON SURGERY,E01026118,ALL,2
GP_PRAC_PAT_LIST,01/04/2026,C83614,SUTTERTON SURGERY,E01026202,ALL,1
GP_PRAC_PAT_LIST,01/04/2026,C83614,SUTTERTON SURGERY,E01026232,ALL,1
GP_PRAC_PAT_LIST,01/04/2026,C83614,SUTTERTON SURGERY,E01026242,ALL,44
GP_PRAC_PAT_LIST,01/04/2026,C83614,SUTTERTON SURGERY,E01026243,ALL,43
GP_PRAC_PAT_LIST,01/04/2026,C83614,SUTTERTON SURGERY,E01026244,ALL,27
GP_PRAC_PAT_LIST,01/04/2026,C83614,SUTTERTON SURGERY,E01026245,ALL,3
GP_PRAC_PAT_LIST,01/04/2026,C83614,SUTTERTON SURGERY,E01026246,ALL,2
GP_PRAC_PAT_LIST,01/04/2026,C83614,SUTTERTON SURGERY,E01026247,ALL,43
GP_PRAC_PAT_LIST,01/04/2026,C83614,SUTTERTON SURGERY,E01026248,ALL,24
GP_PRAC_PAT_LIST,01/04/2026,C83614,SUTTERTON SURGERY,E01026249,ALL,1
GP_PRAC_PAT_LIST,01/04/2026,C83614,SUTTERTON SURGERY,E01026251,ALL,11
GP_PRAC_PAT_LIST,01/04/2026,C83614,SUTTERTON SURGERY,E01026252,ALL,5
GP_PRAC_PAT_LIST,01/04/2026,C83614,SUTTERTON SURGERY,E01026253,ALL,3
GP_PRAC_PAT_LIST,01/04/2026,C83614,SUTTERTON SURGERY,E01026255,ALL,1
GP_PRAC_PAT_LIST,01/04/2026,C83614,SUTTERTON SURGERY,E01026258,ALL,1
GP_PRAC_PAT_LIST,01/04/2026,C83614,SUTTERTON SURGERY,E01026259,ALL,10
GP_PRAC_PAT_LIST,01/04/2026,C83614,SUTTERTON SURGERY,E01026260,ALL,13
GP_PRAC_PAT_LIST,01/04/2026,C83614,SUTTERTON SURGERY,E01026263,ALL,1
GP_PRAC_PAT_LIST,01/04/2026,C83614,SUTTERTON SURGERY,E01026266,ALL,1
GP_PRAC_PAT_LIST,01/04/2026,C83614,SUTTERTON SURGERY,E01026269,ALL,4
GP_PRAC_PAT_LIST,01/04/2026,C83614,SUTTERTON SURGERY,E01026271,ALL,2
GP_PRAC_PAT_LIST,01/04/2026,C83614,SUTTERTON SURGERY,E01026273,ALL,1
GP_PRAC_PAT_LIST,01/04/2026,C83614,SUTTERTON SURGERY,E01026276,ALL,48
GP_PRAC_PAT_LIST,01/04/2026,C83614,SUTTERTON SURGERY,E01026280,ALL,4
GP_PRAC_PAT_LIST,01/04/2026,C83614,SUTTERTON SURGERY,E01026281,ALL,3
GP_PRAC_PAT_LIST,01/04/2026,C83614,SUTTERTON SURGERY,E01026282,ALL,6
GP_PRAC_PAT_LIST,01/04/2026,C83614,SUTTERTON SURGERY,E01026283,ALL,50
GP_PRAC_PAT_LIST,01/04/2026,C83614,SUTTERTON SURGERY,E01026285,ALL,6
GP_PRAC_PAT_LIST,01/04/2026,C83614,SUTTERTON SURGERY,E01026286,ALL,13
GP_PRAC_PAT_LIST,01/04/2026,C83614,SUTTERTON SURGERY,E01026358,ALL,1
GP_PRAC_PAT_LIST,01/04/2026,C83614,SUTTERTON SURGERY,E01028294,ALL,1
GP_PRAC_PAT_LIST,01/04/2026,C83614,SUTTERTON SURGERY,E01032996,ALL,2
GP_PRAC_PAT_LIST,01/04/2026,C83614,SUTTERTON SURGERY,E01034679,ALL,7
GP_PRAC_PAT_LIST,01/04/2026,C83614,SUTTERTON SURGERY,E01034681,ALL,2
GP_PRAC_PAT_LIST,01/04/2026,C83614,SUTTERTON SURGERY,E01034683,ALL,23
GP_PRAC_PAT_LIST,01/04/2026,C83614,SUTTERTON SURGERY,E01034684,ALL,43
GP_PRAC_PAT_LIST,01/04/2026,C83614,SUTTERTON SURGERY,E01034697,ALL,3
GP_PRAC_PAT_LIST,01/04/2026,C83614,SUTTERTON SURGERY,E01034699,ALL,4
GP_PRAC_PAT_LIST,01/04/2026,C83614,SUTTERTON SURGERY,E01034700,ALL,1
GP_PRAC_PAT_LIST,01/04/2026,C83614,SUTTERTON SURGERY,EMPTY,ALL,3
GP_PRAC_PAT_LIST,01/04/2026,C83617,ABBEYVIEW SURGERY,CLOSED,ALL,2
GP_PRAC_PAT_LIST,01/04/2026,C83617,ABBEYVIEW SURGERY,E01008788,ALL,1
GP_PRAC_PAT_LIST,01/04/2026,C83617,ABBEYVIEW SURGERY,E01013807,ALL,1
GP_PRAC_PAT_LIST,01/04/2026,C83617,ABBEYVIEW SURGERY,E01015614,ALL,1
GP_PRAC_PAT_LIST,01/04/2026,C83617,ABBEYVIEW SURGERY,E01015617,ALL,76
GP_PRAC_PAT_LIST,01/04/2026,C83617,ABBEYVIEW SURGERY,E01015618,ALL,55
GP_PRAC_PAT_LIST,01/04/2026,C83617,ABBEYVIEW SURGERY,E01015619,ALL,35
GP_PRAC_PAT_LIST,01/04/2026,C83617,ABBEYVIEW SURGERY,E01015620,ALL,42
GP_PRAC_PAT_LIST,01/04/2026,C83617,ABBEYVIEW SURGERY,E01015630,ALL,162
GP_PRAC_PAT_LIST,01/04/2026,C83617,ABBEYVIEW SURGERY,E01015631,ALL,349
GP_PRAC_PAT_LIST,01/04/2026,C83617,ABBEYVIEW SURGERY,E01015635,ALL,1
GP_PRAC_PAT_LIST,01/04/2026,C83617,ABBEYVIEW SURGERY,E01015644,ALL,1
GP_PRAC_PAT_LIST,01/04/2026,C83617,ABBEYVIEW SURGERY,E01015674,ALL,1
GP_PRAC_PAT_LIST,01/04/2026,C83617,ABBEYVIEW SURGERY,E01015679,ALL,1
GP_PRAC_PAT_LIST,01/04/2026,C83617,ABBEYVIEW SURGERY,E01015681,ALL,1
GP_PRAC_PAT_LIST,01/04/2026,C83617,ABBEYVIEW SURGERY,E01015685,ALL,2
GP_PRAC_PAT_LIST,01/04/2026,C83617,ABBEYVIEW SURGERY,E01018090,ALL,8
GP_PRAC_PAT_LIST,01/04/2026,C83617,ABBEYVIEW SURGERY,E01018191,ALL,1
GP_PRAC_PAT_LIST,01/04/2026,C83617,ABBEYVIEW SURGERY,E01018757,ALL,1
GP_PRAC_PAT_LIST,01/04/2026,C83617,ABBEYVIEW SURGERY,E01019936,ALL,1
GP_PRAC_PAT_LIST,01/04/2026,C83617,ABBEYVIEW SURGERY,E01026021,ALL,1
GP_PRAC_PAT_LIST,01/04/2026,C83617,ABBEYVIEW SURGERY,E01026129,ALL,1
GP_PRAC_PAT_LIST,01/04/2026,C83617,ABBEYVIEW SURGERY,E01026193,ALL,1
GP_PRAC_PAT_LIST,01/04/2026,C83617,ABBEYVIEW SURGERY,E01026239,ALL,2038
GP_PRAC_PAT_LIST,01/04/2026,C83617,ABBEYVIEW SURGERY,E01026240,ALL,3286
GP_PRAC_PAT_LIST,01/04/2026,C83617,ABBEYVIEW SURGERY,E01026241,ALL,702
GP_PRAC_PAT_LIST,01/04/2026,C83617,ABBEYVIEW SURGERY,E01026245,ALL,47
GP_PRAC_PAT_LIST,01/04/2026,C83617,ABBEYVIEW SURGERY,E01026248,ALL,1
GP_PRAC_PAT_LIST,01/04/2026,C83617,ABBEYVIEW SURGERY,E01026249,ALL,999
GP_PRAC_PAT_LIST,01/04/2026,C83617,ABBEYVIEW SURGERY,E01026250,ALL,1
GP_PRAC_PAT_LIST,01/04/2026,C83617,ABBEYVIEW SURGERY,E01026259,ALL,4
GP_PRAC_PAT_LIST,01/04/2026,C83617,ABBEYVIEW SURGERY,E01026262,ALL,18
GP_PRAC_PAT_LIST,01/04/2026,C83617,ABBEYVIEW SURGERY,E01026263,ALL,16
GP_PRAC_PAT_LIST,01/04/2026,C83617,ABBEYVIEW SURGERY,E01026264,ALL,1
GP_PRAC_PAT_LIST,01/04/2026,C83617,ABBEYVIEW SURGERY,E01026265,ALL,32
GP_PRAC_PAT_LIST,01/04/2026,C83617,ABBEYVIEW SURGERY,E01026266,ALL,16
GP_PRAC_PAT_LIST,01/04/2026,C83617,ABBEYVIEW SURGERY,E01026268,ALL,9
GP_PRAC_PAT_LIST,01/04/2026,C83617,ABBEYVIEW SURGERY,E01026269,ALL,11
GP_PRAC_PAT_LIST,01/04/2026,C83617,ABBEYVIEW SURGERY,E01026270,ALL,7
GP_PRAC_PAT_LIST,01/04/2026,C83617,ABBEYVIEW SURGERY,E01026271,ALL,4
GP_PRAC_PAT_LIST,01/04/2026,C83617,ABBEYVIEW SURGERY,E01026272,ALL,13
GP_PRAC_PAT_LIST,01/04/2026,C83617,ABBEYVIEW SURGERY,E01026273,ALL,7
GP_PRAC_PAT_LIST,01/04/2026,C83617,ABBEYVIEW SURGERY,E01026275,ALL,4
GP_PRAC_PAT_LIST,01/04/2026,C83617,ABBEYVIEW SURGERY,E01026276,ALL,1
GP_PRAC_PAT_LIST,01/04/2026,C83617,ABBEYVIEW SURGERY,E01026280,ALL,435
GP_PRAC_PAT_LIST,01/04/2026,C83617,ABBEYVIEW SURGERY,E01026281,ALL,24
GP_PRAC_PAT_LIST,01/04/2026,C83617,ABBEYVIEW SURGERY,E01026282,ALL,105
GP_PRAC_PAT_LIST,01/04/2026,C83617,ABBEYVIEW SURGERY,E01026283,ALL,2
GP_PRAC_PAT_LIST,01/04/2026,C83617,ABBEYVIEW SURGERY,E01026284,ALL,631
GP_PRAC_PAT_LIST,01/04/2026,C83617,ABBEYVIEW SURGERY,E01026285,ALL,22
GP_PRAC_PAT_LIST,01/04/2026,C83617,ABBEYVIEW SURGERY,E01026286,ALL,1
GP_PRAC_PAT_LIST,01/04/2026,C83617,ABBEYVIEW SURGERY,E01026296,ALL,1
GP_PRAC_PAT_LIST,01/04/2026,C83617,ABBEYVIEW SURGERY,E01026303,ALL,1
GP_PRAC_PAT_LIST,01/04/2026,C83617,ABBEYVIEW SURGERY,E01026306,ALL,5
GP_PRAC_PAT_LIST,01/04/2026,C83617,ABBEYVIEW SURGERY,E01026337,ALL,1
GP_PRAC_PAT_LIST,01/04/2026,C83617,ABBEYVIEW SURGERY,E01026596,ALL,1
GP_PRAC_PAT_LIST,01/04/2026,C83617,ABBEYVIEW SURGERY,E01026719,ALL,1
GP_PRAC_PAT_LIST,01/04/2026,C83617,ABBEYVIEW SURGERY,E01032995,ALL,8
GP_PRAC_PAT_LIST,01/04/2026,C83617,ABBEYVIEW SURGERY,E01032996,ALL,4
GP_PRAC_PAT_LIST,01/04/2026,C83617,ABBEYVIEW SURGERY,E01033116,ALL,2
GP_PRAC_PAT_LIST,01/04/2026,C83617,ABBEYVIEW SURGERY,E01034697,ALL,1
GP_PRAC_PAT_LIST,01/04/2026,C83617,ABBEYVIEW SURGERY,E01034698,ALL,6
GP_PRAC_PAT_LIST,01/04/2026,C83617,ABBEYVIEW SURGERY,E01034699,ALL,8
GP_PRAC_PAT_LIST,01/04/2026,C83617,ABBEYVIEW SURGERY,E01034700,ALL,11
GP_PRAC_PAT_LIST,01/04/2026,C83617,ABBEYVIEW SURGERY,E01035547,ALL,1
GP_PRAC_PAT_LIST,01/04/2026,C83617,ABBEYVIEW SURGERY,E01035553,ALL,1
GP_PRAC_PAT_LIST,01/04/2026,C83617,ABBEYVIEW SURGERY,EMPTY,ALL,3
GP_PRAC_PAT_LIST,01/04/2026,C83626,BRAYFORD MEDICAL PRACTICE,CLOSED,ALL,17
GP_PRAC_PAT_LIST,01/04/2026,C83626,BRAYFORD MEDICAL PRACTICE,E01000978,ALL,1
GP_PRAC_PAT_LIST,01/04/2026,C83626,BRAYFORD MEDICAL PRACTICE,E01007647,ALL,1
GP_PRAC_PAT_LIST,01/04/2026,C83626,BRAYFORD MEDICAL PRACTICE,E01010323,ALL,1
GP_PRAC_PAT_LIST,01/04/2026,C83626,BRAYFORD MEDICAL PRACTICE,E01010512,ALL,1
GP_PRAC_PAT_LIST,01/04/2026,C83626,BRAYFORD MEDICAL PRACTICE,E01010674,ALL,1
GP_PRAC_PAT_LIST,01/04/2026,C83626,BRAYFORD MEDICAL PRACTICE,E01011170,ALL,1
GP_PRAC_PAT_LIST,01/04/2026,C83626,BRAYFORD MEDICAL PRACTICE,E01011587,ALL,1
GP_PRAC_PAT_LIST,01/04/2026,C83626,BRAYFORD MEDICAL PRACTICE,E01011822,ALL,1
GP_PRAC_PAT_LIST,01/04/2026,C83626,BRAYFORD MEDICAL PRACTICE,E01012795,ALL,1
GP_PRAC_PAT_LIST,01/04/2026,C83626,BRAYFORD MEDICAL PRACTICE,E01013085,ALL,1
GP_PRAC_PAT_LIST,01/04/2026,C83626,BRAYFORD MEDICAL PRACTICE,E01013186,ALL,1
GP_PRAC_PAT_LIST,01/04/2026,C83626,BRAYFORD MEDICAL PRACTICE,E01013259,ALL,6
GP_PRAC_PAT_LIST,01/04/2026,C83626,BRAYFORD MEDICAL PRACTICE,E01013652,ALL,1
GP_PRAC_PAT_LIST,01/04/2026,C83626,BRAYFORD MEDICAL PRACTICE,E01015661,ALL,1
GP_PRAC_PAT_LIST,01/04/2026,C83626,BRAYFORD MEDICAL PRACTICE,E01016215,ALL,1
GP_PRAC_PAT_LIST,01/04/2026,C83626,BRAYFORD MEDICAL PRACTICE,E01016792,ALL,1
GP_PRAC_PAT_LIST,01/04/2026,C83626,BRAYFORD MEDICAL PRACTICE,E01017483,ALL,1
GP_PRAC_PAT_LIST,01/04/2026,C83626,BRAYFORD MEDICAL PRACTICE,E01018043,ALL,1
GP_PRAC_PAT_LIST,01/04/2026,C83626,BRAYFORD MEDICAL PRACTICE,E01018192,ALL,1
GP_PRAC_PAT_LIST,01/04/2026,C83626,BRAYFORD MEDICAL PRACTICE,E01018201,ALL,1
GP_PRAC_PAT_LIST,01/04/2026,C83626,BRAYFORD MEDICAL PRACTICE,E01023905,ALL,1
GP_PRAC_PAT_LIST,01/04/2026,C83626,BRAYFORD MEDICAL PRACTICE,E01026052,ALL,3
GP_PRAC_PAT_LIST,01/04/2026,C83626,BRAYFORD MEDICAL PRACTICE,E01026053,ALL,1
GP_PRAC_PAT_LIST,01/04/2026,C83626,BRAYFORD MEDICAL PRACTICE,E01026076,ALL,1
GP_PRAC_PAT_LIST,01/04/2026,C83626,BRAYFORD MEDICAL PRACTICE,E01026121,ALL,5
GP_PRAC_PAT_LIST,01/04/2026,C83626,BRAYFORD MEDICAL PRACTICE,E01026122,ALL,350
GP_PRAC_PAT_LIST,01/04/2026,C83626,BRAYFORD MEDICAL PRACTICE,E01026123,ALL,179
GP_PRAC_PAT_LIST,01/04/2026,C83626,BRAYFORD MEDICAL PRACTICE,E01026124,ALL,189
GP_PRAC_PAT_LIST,01/04/2026,C83626,BRAYFORD MEDICAL PRACTICE,E01026125,ALL,121
GP_PRAC_PAT_LIST,01/04/2026,C83626,BRAYFORD MEDICAL PRACTICE,E01026126,ALL,297
GP_PRAC_PAT_LIST,01/04/2026,C83626,BRAYFORD MEDICAL PRACTICE,E01026127,ALL,21
GP_PRAC_PAT_LIST,01/04/2026,C83626,BRAYFORD MEDICAL PRACTICE,E01026129,ALL,29
GP_PRAC_PAT_LIST,01/04/2026,C83626,BRAYFORD MEDICAL PRACTICE,E01026130,ALL,19
GP_PRAC_PAT_LIST,01/04/2026,C83626,BRAYFORD MEDICAL PRACTICE,E01026131,ALL,14
GP_PRAC_PAT_LIST,01/04/2026,C83626,BRAYFORD MEDICAL PRACTICE,E01026132,ALL,710
GP_PRAC_PAT_LIST,01/04/2026,C83626,BRAYFORD MEDICAL PRACTICE,E01026134,ALL,284
GP_PRAC_PAT_LIST,01/04/2026,C83626,BRAYFORD MEDICAL PRACTICE,E01026135,ALL,80
GP_PRAC_PAT_LIST,01/04/2026,C83626,BRAYFORD MEDICAL PRACTICE,E01026136,ALL,77
GP_PRAC_PAT_LIST,01/04/2026,C83626,BRAYFORD MEDICAL PRACTICE,E01026137,ALL,24
GP_PRAC_PAT_LIST,01/04/2026,C83626,BRAYFORD MEDICAL PRACTICE,E01026138,ALL,26
GP_PRAC_PAT_LIST,01/04/2026,C83626,BRAYFORD MEDICAL PRACTICE,E01026139,ALL,34
GP_PRAC_PAT_LIST,01/04/2026,C83626,BRAYFORD MEDICAL PRACTICE,E01026140,ALL,21
GP_PRAC_PAT_LIST,01/04/2026,C83626,BRAYFORD MEDICAL PRACTICE,E01026141,ALL,53
GP_PRAC_PAT_LIST,01/04/2026,C83626,BRAYFORD MEDICAL PRACTICE,E01026142,ALL,26
GP_PRAC_PAT_LIST,01/04/2026,C83626,BRAYFORD MEDICAL PRACTICE,E01026144,ALL,794
GP_PRAC_PAT_LIST,01/04/2026,C83626,BRAYFORD MEDICAL PRACTICE,E01026145,ALL,358
GP_PRAC_PAT_LIST,01/04/2026,C83626,BRAYFORD MEDICAL PRACTICE,E01026146,ALL,630
GP_PRAC_PAT_LIST,01/04/2026,C83626,BRAYFORD MEDICAL PRACTICE,E01026147,ALL,331
GP_PRAC_PAT_LIST,01/04/2026,C83626,BRAYFORD MEDICAL PRACTICE,E01026148,ALL,166
GP_PRAC_PAT_LIST,01/04/2026,C83626,BRAYFORD MEDICAL PRACTICE,E01026149,ALL,146
GP_PRAC_PAT_LIST,01/04/2026,C83626,BRAYFORD MEDICAL PRACTICE,E01026150,ALL,138
GP_PRAC_PAT_LIST,01/04/2026,C83626,BRAYFORD MEDICAL PRACTICE,E01026151,ALL,158
GP_PRAC_PAT_LIST,01/04/2026,C83626,BRAYFORD MEDICAL PRACTICE,E01026152,ALL,56
GP_PRAC_PAT_LIST,01/04/2026,C83626,BRAYFORD MEDICAL PRACTICE,E01026153,ALL,80
GP_PRAC_PAT_LIST,01/04/2026,C83626,BRAYFORD MEDICAL PRACTICE,E01026154,ALL,72
GP_PRAC_PAT_LIST,01/04/2026,C83626,BRAYFORD MEDICAL PRACTICE,E01026155,ALL,52
GP_PRAC_PAT_LIST,01/04/2026,C83626,BRAYFORD MEDICAL PRACTICE,E01026156,ALL,72
GP_PRAC_PAT_LIST,01/04/2026,C83626,BRAYFORD MEDICAL PRACTICE,E01026157,ALL,76
GP_PRAC_PAT_LIST,01/04/2026,C83626,BRAYFORD MEDICAL PRACTICE,E01026158,ALL,15
GP_PRAC_PAT_LIST,01/04/2026,C83626,BRAYFORD MEDICAL PRACTICE,E01026159,ALL,22
GP_PRAC_PAT_LIST,01/04/2026,C83626,BRAYFORD MEDICAL PRACTICE,E01026160,ALL,17
GP_PRAC_PAT_LIST,01/04/2026,C83626,BRAYFORD MEDICAL PRACTICE,E01026161,ALL,65
GP_PRAC_PAT_LIST,01/04/2026,C83626,BRAYFORD MEDICAL PRACTICE,E01026162,ALL,38
GP_PRAC_PAT_LIST,01/04/2026,C83626,BRAYFORD MEDICAL PRACTICE,E01026163,ALL,21
GP_PRAC_PAT_LIST,01/04/2026,C83626,BRAYFORD MEDICAL PRACTICE,E01026164,ALL,49
GP_PRAC_PAT_LIST,01/04/2026,C83626,BRAYFORD MEDICAL PRACTICE,E01026165,ALL,81
GP_PRAC_PAT_LIST,01/04/2026,C83626,BRAYFORD MEDICAL PRACTICE,E01026166,ALL,81
GP_PRAC_PAT_LIST,01/04/2026,C83626,BRAYFORD MEDICAL PRACTICE,E01026167,ALL,215
GP_PRAC_PAT_LIST,01/04/2026,C83626,BRAYFORD MEDICAL PRACTICE,E01026168,ALL,76
GP_PRAC_PAT_LIST,01/04/2026,C83626,BRAYFORD MEDICAL PRACTICE,E01026169,ALL,37
GP_PRAC_PAT_LIST,01/04/2026,C83626,BRAYFORD MEDICAL PRACTICE,E01026170,ALL,60
GP_PRAC_PAT_LIST,01/04/2026,C83626,BRAYFORD MEDICAL PRACTICE,E01026171,ALL,31
GP_PRAC_PAT_LIST,01/04/2026,C83626,BRAYFORD MEDICAL PRACTICE,E01026172,ALL,77
GP_PRAC_PAT_LIST,01/04/2026,C83626,BRAYFORD MEDICAL PRACTICE,E01026173,ALL,52
GP_PRAC_PAT_LIST,01/04/2026,C83626,BRAYFORD MEDICAL PRACTICE,E01026174,ALL,146
GP_PRAC_PAT_LIST,01/04/2026,C83626,BRAYFORD MEDICAL PRACTICE,E01026175,ALL,168
GP_PRAC_PAT_LIST,01/04/2026,C83626,BRAYFORD MEDICAL PRACTICE,E01026176,ALL,306
GP_PRAC_PAT_LIST,01/04/2026,C83626,BRAYFORD MEDICAL PRACTICE,E01026177,ALL,300
GP_PRAC_PAT_LIST,01/04/2026,C83626,BRAYFORD MEDICAL PRACTICE,E01026178,ALL,292
GP_PRAC_PAT_LIST,01/04/2026,C83626,BRAYFORD MEDICAL PRACTICE,E01026179,ALL,5
GP_PRAC_PAT_LIST,01/04/2026,C83626,BRAYFORD MEDICAL PRACTICE,E01026180,ALL,2
GP_PRAC_PAT_LIST,01/04/2026,C83626,BRAYFORD MEDICAL PRACTICE,E01026182,ALL,4
GP_PRAC_PAT_LIST,01/04/2026,C83626,BRAYFORD MEDICAL PRACTICE,E01026183,ALL,2
GP_PRAC_PAT_LIST,01/04/2026,C83626,BRAYFORD MEDICAL PRACTICE,E01026184,ALL,22
GP_PRAC_PAT_LIST,01/04/2026,C83626,BRAYFORD MEDICAL PRACTICE,E01026185,ALL,19
GP_PRAC_PAT_LIST,01/04/2026,C83626,BRAYFORD MEDICAL PRACTICE,E01026186,ALL,17
GP_PRAC_PAT_LIST,01/04/2026,C83626,BRAYFORD MEDICAL PRACTICE,E01026187,ALL,52
GP_PRAC_PAT_LIST,01/04/2026,C83626,BRAYFORD MEDICAL PRACTICE,E01026188,ALL,40
GP_PRAC_PAT_LIST,01/04/2026,C83626,BRAYFORD MEDICAL PRACTICE,E01026189,ALL,12
GP_PRAC_PAT_LIST,01/04/2026,C83626,BRAYFORD MEDICAL PRACTICE,E01026190,ALL,6
GP_PRAC_PAT_LIST,01/04/2026,C83626,BRAYFORD MEDICAL PRACTICE,E01026191,ALL,8
GP_PRAC_PAT_LIST,01/04/2026,C83626,BRAYFORD MEDICAL PRACTICE,E01026193,ALL,1
GP_PRAC_PAT_LIST,01/04/2026,C83626,BRAYFORD MEDICAL PRACTICE,E01026194,ALL,6
GP_PRAC_PAT_LIST,01/04/2026,C83626,BRAYFORD MEDICAL PRACTICE,E01026195,ALL,6
GP_PRAC_PAT_LIST,01/04/2026,C83626,BRAYFORD MEDICAL PRACTICE,E01026196,ALL,1
GP_PRAC_PAT_LIST,01/04/2026,C83626,BRAYFORD MEDICAL PRACTICE,E01026197,ALL,3
GP_PRAC_PAT_LIST,01/04/2026,C83626,BRAYFORD MEDICAL PRACTICE,E01026199,ALL,15
GP_PRAC_PAT_LIST,01/04/2026,C83626,BRAYFORD MEDICAL PRACTICE,E01026203,ALL,36
GP_PRAC_PAT_LIST,01/04/2026,C83626,BRAYFORD MEDICAL PRACTICE,E01026204,ALL,6
GP_PRAC_PAT_LIST,01/04/2026,C83626,BRAYFORD MEDICAL PRACTICE,E01026205,ALL,37
GP_PRAC_PAT_LIST,01/04/2026,C83626,BRAYFORD MEDICAL PRACTICE,E01026206,ALL,16
GP_PRAC_PAT_LIST,01/04/2026,C83626,BRAYFORD MEDICAL PRACTICE,E01026210,ALL,5
GP_PRAC_PAT_LIST,01/04/2026,C83626,BRAYFORD MEDICAL PRACTICE,E01026211,ALL,10
GP_PRAC_PAT_LIST,01/04/2026,C83626,BRAYFORD MEDICAL PRACTICE,E01026212,ALL,13
GP_PRAC_PAT_LIST,01/04/2026,C83626,BRAYFORD MEDICAL PRACTICE,E01026213,ALL,8
GP_PRAC_PAT_LIST,01/04/2026,C83626,BRAYFORD MEDICAL PRACTICE,E01026214,ALL,14
GP_PRAC_PAT_LIST,01/04/2026,C83626,BRAYFORD MEDICAL PRACTICE,E01026215,ALL,10
GP_PRAC_PAT_LIST,01/04/2026,C83626,BRAYFORD MEDICAL PRACTICE,E01026218,ALL,5
GP_PRAC_PAT_LIST,01/04/2026,C83626,BRAYFORD MEDICAL PRACTICE,E01026219,ALL,22
GP_PRAC_PAT_LIST,01/04/2026,C83626,BRAYFORD MEDICAL PRACTICE,E01026220,ALL,32
GP_PRAC_PAT_LIST,01/04/2026,C83626,BRAYFORD MEDICAL PRACTICE,E01026221,ALL,1
GP_PRAC_PAT_LIST,01/04/2026,C83626,BRAYFORD MEDICAL PRACTICE,E01026225,ALL,35
GP_PRAC_PAT_LIST,01/04/2026,C83626,BRAYFORD MEDICAL PRACTICE,E01026226,ALL,25
GP_PRAC_PAT_LIST,01/04/2026,C83626,BRAYFORD MEDICAL PRACTICE,E01026237,ALL,13
GP_PRAC_PAT_LIST,01/04/2026,C83626,BRAYFORD MEDICAL PRACTICE,E01026238,ALL,26
GP_PRAC_PAT_LIST,01/04/2026,C83626,BRAYFORD MEDICAL PRACTICE,E01026263,ALL,1
GP_PRAC_PAT_LIST,01/04/2026,C83626,BRAYFORD MEDICAL PRACTICE,E01026268,ALL,1
GP_PRAC_PAT_LIST,01/04/2026,C83626,BRAYFORD MEDICAL PRACTICE,E01026299,ALL,1
GP_PRAC_PAT_LIST,01/04/2026,C83626,BRAYFORD MEDICAL PRACTICE,E01026315,ALL,1
GP_PRAC_PAT_LIST,01/04/2026,C83626,BRAYFORD MEDICAL PRACTICE,E01026318,ALL,1
GP_PRAC_PAT_LIST,01/04/2026,C83626,BRAYFORD MEDICAL PRACTICE,E01026348,ALL,1
GP_PRAC_PAT_LIST,01/04/2026,C83626,BRAYFORD MEDICAL PRACTICE,E01026366,ALL,8
GP_PRAC_PAT_LIST,01/04/2026,C83626,BRAYFORD MEDICAL PRACTICE,E01026369,ALL,33
GP_PRAC_PAT_LIST,01/04/2026,C83626,BRAYFORD MEDICAL PRACTICE,E01026370,ALL,30
GP_PRAC_PAT_LIST,01/04/2026,C83626,BRAYFORD MEDICAL PRACTICE,E01026371,ALL,17
GP_PRAC_PAT_LIST,01/04/2026,C83626,BRAYFORD MEDICAL PRACTICE,E01026372,ALL,29
GP_PRAC_PAT_LIST,01/04/2026,C83626,BRAYFORD MEDICAL PRACTICE,E01026373,ALL,39
GP_PRAC_PAT_LIST,01/04/2026,C83626,BRAYFORD MEDICAL PRACTICE,E01026375,ALL,1
GP_PRAC_PAT_LIST,01/04/2026,C83626,BRAYFORD MEDICAL PRACTICE,E01026379,ALL,1
GP_PRAC_PAT_LIST,01/04/2026,C83626,BRAYFORD MEDICAL PRACTICE,E01026381,ALL,1
GP_PRAC_PAT_LIST,01/04/2026,C83626,BRAYFORD MEDICAL PRACTICE,E01026384,ALL,2
GP_PRAC_PAT_LIST,01/04/2026,C83626,BRAYFORD MEDICAL PRACTICE,E01026389,ALL,2
GP_PRAC_PAT_LIST,01/04/2026,C83626,BRAYFORD MEDICAL PRACTICE,E01026393,ALL,18
GP_PRAC_PAT_LIST,01/04/2026,C83626,BRAYFORD MEDICAL PRACTICE,E01026394,ALL,99
GP_PRAC_PAT_LIST,01/04/2026,C83626,BRAYFORD MEDICAL PRACTICE,E01026395,ALL,9
GP_PRAC_PAT_LIST,01/04/2026,C83626,BRAYFORD MEDICAL PRACTICE,E01026396,ALL,19
GP_PRAC_PAT_LIST,01/04/2026,C83626,BRAYFORD MEDICAL PRACTICE,E01026398,ALL,27
GP_PRAC_PAT_LIST,01/04/2026,C83626,BRAYFORD MEDICAL PRACTICE,E01026399,ALL,1
GP_PRAC_PAT_LIST,01/04/2026,C83626,BRAYFORD MEDICAL PRACTICE,E01026400,ALL,17
GP_PRAC_PAT_LIST,01/04/2026,C83626,BRAYFORD MEDICAL PRACTICE,E01026404,ALL,8
GP_PRAC_PAT_LIST,01/04/2026,C83626,BRAYFORD MEDICAL PRACTICE,E01026405,ALL,19
GP_PRAC_PAT_LIST,01/04/2026,C83626,BRAYFORD MEDICAL PRACTICE,E01026406,ALL,9
GP_PRAC_PAT_LIST,01/04/2026,C83626,BRAYFORD MEDICAL PRACTICE,E01026407,ALL,1
GP_PRAC_PAT_LIST,01/04/2026,C83626,BRAYFORD MEDICAL PRACTICE,E01026409,ALL,7
GP_PRAC_PAT_LIST,01/04/2026,C83626,BRAYFORD MEDICAL PRACTICE,E01026410,ALL,1
GP_PRAC_PAT_LIST,01/04/2026,C83626,BRAYFORD MEDICAL PRACTICE,E01026412,ALL,15
GP_PRAC_PAT_LIST,01/04/2026,C83626,BRAYFORD MEDICAL PRACTICE,E01026413,ALL,11
GP_PRAC_PAT_LIST,01/04/2026,C83626,BRAYFORD MEDICAL PRACTICE,E01026414,ALL,10
GP_PRAC_PAT_LIST,01/04/2026,C83626,BRAYFORD MEDICAL PRACTICE,E01026416,ALL,1
GP_PRAC_PAT_LIST,01/04/2026,C83626,BRAYFORD MEDICAL PRACTICE,E01026953,ALL,1
GP_PRAC_PAT_LIST,01/04/2026,C83626,BRAYFORD MEDICAL PRACTICE,E01027239,ALL,1
GP_PRAC_PAT_LIST,01/04/2026,C83626,BRAYFORD MEDICAL PRACTICE,E01027650,ALL,1
GP_PRAC_PAT_LIST,01/04/2026,C83626,BRAYFORD MEDICAL PRACTICE,E01027806,ALL,1
GP_PRAC_PAT_LIST,01/04/2026,C83626,BRAYFORD MEDICAL PRACTICE,E01028279,ALL,1
GP_PRAC_PAT_LIST,01/04/2026,C83626,BRAYFORD MEDICAL PRACTICE,E01028285,ALL,1
GP_PRAC_PAT_LIST,01/04/2026,C83626,BRAYFORD MEDICAL PRACTICE,E01028286,ALL,1
GP_PRAC_PAT_LIST,01/04/2026,C83626,BRAYFORD MEDICAL PRACTICE,E01028294,ALL,1
GP_PRAC_PAT_LIST,01/04/2026,C83626,BRAYFORD MEDICAL PRACTICE,E01028315,ALL,1
GP_PRAC_PAT_LIST,01/04/2026,C83626,BRAYFORD MEDICAL PRACTICE,E01028353,ALL,1
GP_PRAC_PAT_LIST,01/04/2026,C83626,BRAYFORD MEDICAL PRACTICE,E01028360,ALL,1
GP_PRAC_PAT_LIST,01/04/2026,C83626,BRAYFORD MEDICAL PRACTICE,E01028472,ALL,1
GP_PRAC_PAT_LIST,01/04/2026,C83626,BRAYFORD MEDICAL PRACTICE,E01028809,ALL,1
GP_PRAC_PAT_LIST,01/04/2026,C83626,BRAYFORD MEDICAL PRACTICE,E01029425,ALL,1
GP_PRAC_PAT_LIST,01/04/2026,C83626,BRAYFORD MEDICAL PRACTICE,E01030423,ALL,1
GP_PRAC_PAT_LIST,01/04/2026,C83626,BRAYFORD MEDICAL PRACTICE,E01031319,ALL,1
GP_PRAC_PAT_LIST,01/04/2026,C83626,BRAYFORD MEDICAL PRACTICE,E01032613,ALL,1
GP_PRAC_PAT_LIST,01/04/2026,C83626,BRAYFORD MEDICAL PRACTICE,E01032988,ALL,23
GP_PRAC_PAT_LIST,01/04/2026,C83626,BRAYFORD MEDICAL PRACTICE,E01032989,ALL,47
GP_PRAC_PAT_LIST,01/04/2026,C83626,BRAYFORD MEDICAL PRACTICE,E01032991,ALL,28
GP_PRAC_PAT_LIST,01/04/2026,C83626,BRAYFORD MEDICAL PRACTICE,E01032992,ALL,29
GP_PRAC_PAT_LIST,01/04/2026,C83626,BRAYFORD MEDICAL PRACTICE,E01032993,ALL,38
GP_PRAC_PAT_LIST,01/04/2026,C83626,BRAYFORD MEDICAL PRACTICE,E01032994,ALL,18
GP_PRAC_PAT_LIST,01/04/2026,C83626,BRAYFORD MEDICAL PRACTICE,E01032999,ALL,1
GP_PRAC_PAT_LIST,01/04/2026,C83626,BRAYFORD MEDICAL PRACTICE,E01034014,ALL,1
GP_PRAC_PAT_LIST,01/04/2026,C83626,BRAYFORD MEDICAL PRACTICE,E01034493,ALL,1
GP_PRAC_PAT_LIST,01/04/2026,C83626,BRAYFORD MEDICAL PRACTICE,E01034687,ALL,440
GP_PRAC_PAT_LIST,01/04/2026,C83626,BRAYFORD MEDICAL PRACTICE,E01034688,ALL,597
GP_PRAC_PAT_LIST,01/04/2026,C83626,BRAYFORD MEDICAL PRACTICE,E01034689,ALL,37
GP_PRAC_PAT_LIST,01/04/2026,C83626,BRAYFORD MEDICAL PRACTICE,E01034690,ALL,19
GP_PRAC_PAT_LIST,01/04/2026,C83626,BRAYFORD MEDICAL PRACTICE,E01034691,ALL,535
GP_PRAC_PAT_LIST,01/04/2026,C83626,BRAYFORD MEDICAL PRACTICE,E01034692,ALL,243
GP_PRAC_PAT_LIST,01/04/2026,C83626,BRAYFORD MEDICAL PRACTICE,E01034693,ALL,16
GP_PRAC_PAT_LIST,01/04/2026,C83626,BRAYFORD MEDICAL PRACTICE,E01034694,ALL,22
GP_PRAC_PAT_LIST,01/04/2026,C83626,BRAYFORD MEDICAL PRACTICE,E01034706,ALL,39
GP_PRAC_PAT_LIST,01/04/2026,C83626,BRAYFORD MEDICAL PRACTICE,E01034707,ALL,52
GP_PRAC_PAT_LIST,01/04/2026,C83626,BRAYFORD MEDICAL PRACTICE,E01034735,ALL,1
GP_PRAC_PAT_LIST,01/04/2026,C83626,BRAYFORD MEDICAL PRACTICE,E01034755,ALL,1
GP_PRAC_PAT_LIST,01/04/2026,C83626,BRAYFORD MEDICAL PRACTICE,EMPTY,ALL,11
GP_PRAC_PAT_LIST,01/04/2026,C83634,TASBURGH LODGE SURGERY,E01002679,ALL,1
GP_PRAC_PAT_LIST,01/04/2026,C83634,TASBURGH LODGE SURGERY,E01019122,ALL,2
GP_PRAC_PAT_LIST,01/04/2026,C83634,TASBURGH LODGE SURGERY,E01026018,ALL,1
GP_PRAC_PAT_LIST,01/04/2026,C83634,TASBURGH LODGE SURGERY,E01026028,ALL,1
GP_PRAC_PAT_LIST,01/04/2026,C83634,TASBURGH LODGE SURGERY,E01026033,ALL,6
GP_PRAC_PAT_LIST,01/04/2026,C83634,TASBURGH LODGE SURGERY,E01026051,ALL,206
GP_PRAC_PAT_LIST,01/04/2026,C83634,TASBURGH LODGE SURGERY,E01026052,ALL,297
GP_PRAC_PAT_LIST,01/04/2026,C83634,TASBURGH LODGE SURGERY,E01026053,ALL,359
GP_PRAC_PAT_LIST,01/04/2026,C83634,TASBURGH LODGE SURGERY,E01026054,ALL,222
GP_PRAC_PAT_LIST,01/04/2026,C83634,TASBURGH LODGE SURGERY,E01026064,ALL,26
GP_PRAC_PAT_LIST,01/04/2026,C83634,TASBURGH LODGE SURGERY,E01026065,ALL,49
GP_PRAC_PAT_LIST,01/04/2026,C83634,TASBURGH LODGE SURGERY,E01026066,ALL,126
GP_PRAC_PAT_LIST,01/04/2026,C83634,TASBURGH LODGE SURGERY,E01026067,ALL,35
GP_PRAC_PAT_LIST,01/04/2026,C83634,TASBURGH LODGE SURGERY,E01026075,ALL,144
GP_PRAC_PAT_LIST,01/04/2026,C83634,TASBURGH LODGE SURGERY,E01026082,ALL,294
GP_PRAC_PAT_LIST,01/04/2026,C83634,TASBURGH LODGE SURGERY,E01026091,ALL,1
GP_PRAC_PAT_LIST,01/04/2026,C83634,TASBURGH LODGE SURGERY,E01026098,ALL,1
GP_PRAC_PAT_LIST,01/04/2026,C83634,TASBURGH LODGE SURGERY,E01026105,ALL,20
GP_PRAC_PAT_LIST,01/04/2026,C83634,TASBURGH LODGE SURGERY,E01026113,ALL,1
GP_PRAC_PAT_LIST,01/04/2026,C83634,TASBURGH LODGE SURGERY,E01026118,ALL,1184
GP_PRAC_PAT_LIST,01/04/2026,C83634,TASBURGH LODGE SURGERY,E01026119,ALL,646
GP_PRAC_PAT_LIST,01/04/2026,C83634,TASBURGH LODGE SURGERY,E01026120,ALL,1044
GP_PRAC_PAT_LIST,01/04/2026,C83634,TASBURGH LODGE SURGERY,E01026179,ALL,1
GP_PRAC_PAT_LIST,01/04/2026,C83634,TASBURGH LODGE SURGERY,E01026180,ALL,2
GP_PRAC_PAT_LIST,01/04/2026,C83634,TASBURGH LODGE SURGERY,E01026183,ALL,36
GP_PRAC_PAT_LIST,01/04/2026,C83634,TASBURGH LODGE SURGERY,E01026207,ALL,5
GP_PRAC_PAT_LIST,01/04/2026,C83634,TASBURGH LODGE SURGERY,E01026209,ALL,1
GP_PRAC_PAT_LIST,01/04/2026,C83634,TASBURGH LODGE SURGERY,E01026210,ALL,231
GP_PRAC_PAT_LIST,01/04/2026,C83634,TASBURGH LODGE SURGERY,E01026211,ALL,19
GP_PRAC_PAT_LIST,01/04/2026,C83634,TASBURGH LODGE SURGERY,E01026212,ALL,10
GP_PRAC_PAT_LIST,01/04/2026,C83634,TASBURGH LODGE SURGERY,E01026213,ALL,16
GP_PRAC_PAT_LIST,01/04/2026,C83634,TASBURGH LODGE SURGERY,E01026224,ALL,1
GP_PRAC_PAT_LIST,01/04/2026,C83634,TASBURGH LODGE SURGERY,E01026228,ALL,4
GP_PRAC_PAT_LIST,01/04/2026,C83634,TASBURGH LODGE SURGERY,E01026345,ALL,1
GP_PRAC_PAT_LIST,01/04/2026,C83634,TASBURGH LODGE SURGERY,E01026366,ALL,34
GP_PRAC_PAT_LIST,01/04/2026,C83634,TASBURGH LODGE SURGERY,E01027472,ALL,1
GP_PRAC_PAT_LIST,01/04/2026,C83634,TASBURGH LODGE SURGERY,EMPTY,ALL,1
GP_PRAC_PAT_LIST,01/04/2026,C83635,WOODHALL SPA NEW SURGERY,E01007657,ALL,1
GP_PRAC_PAT_LIST,01/04/2026,C83635,WOODHALL SPA NEW SURGERY,E01016828,ALL,1
GP_PRAC_PAT_LIST,01/04/2026,C83635,WOODHALL SPA NEW SURGERY,E01021433,ALL,1
GP_PRAC_PAT_LIST,01/04/2026,C83635,WOODHALL SPA NEW SURGERY,E01025277,ALL,1
GP_PRAC_PAT_LIST,01/04/2026,C83635,WOODHALL SPA NEW SURGERY,E01026025,ALL,1
GP_PRAC_PAT_LIST,01/04/2026,C83635,WOODHALL SPA NEW SURGERY,E01026051,ALL,18
GP_PRAC_PAT_LIST,01/04/2026,C83635,WOODHALL SPA NEW SURGERY,E01026052,ALL,11
GP_PRAC_PAT_LIST,01/04/2026,C83635,WOODHALL SPA NEW SURGERY,E01026053,ALL,79
GP_PRAC_PAT_LIST,01/04/2026,C83635,WOODHALL SPA NEW SURGERY,E01026054,ALL,13
GP_PRAC_PAT_LIST,01/04/2026,C83635,WOODHALL SPA NEW SURGERY,E01026057,ALL,3
GP_PRAC_PAT_LIST,01/04/2026,C83635,WOODHALL SPA NEW SURGERY,E01026064,ALL,8
GP_PRAC_PAT_LIST,01/04/2026,C83635,WOODHALL SPA NEW SURGERY,E01026065,ALL,11
GP_PRAC_PAT_LIST,01/04/2026,C83635,WOODHALL SPA NEW SURGERY,E01026066,ALL,65
GP_PRAC_PAT_LIST,01/04/2026,C83635,WOODHALL SPA NEW SURGERY,E01026067,ALL,4
GP_PRAC_PAT_LIST,01/04/2026,C83635,WOODHALL SPA NEW SURGERY,E01026071,ALL,2
GP_PRAC_PAT_LIST,01/04/2026,C83635,WOODHALL SPA NEW SURGERY,E01026075,ALL,14
GP_PRAC_PAT_LIST,01/04/2026,C83635,WOODHALL SPA NEW SURGERY,E01026077,ALL,1
GP_PRAC_PAT_LIST,01/04/2026,C83635,WOODHALL SPA NEW SURGERY,E01026081,ALL,1
GP_PRAC_PAT_LIST,01/04/2026,C83635,WOODHALL SPA NEW SURGERY,E01026082,ALL,1065
GP_PRAC_PAT_LIST,01/04/2026,C83635,WOODHALL SPA NEW SURGERY,E01026084,ALL,1
GP_PRAC_PAT_LIST,01/04/2026,C83635,WOODHALL SPA NEW SURGERY,E01026105,ALL,4
GP_PRAC_PAT_LIST,01/04/2026,C83635,WOODHALL SPA NEW SURGERY,E01026113,ALL,1
GP_PRAC_PAT_LIST,01/04/2026,C83635,WOODHALL SPA NEW SURGERY,E01026118,ALL,613
GP_PRAC_PAT_LIST,01/04/2026,C83635,WOODHALL SPA NEW SURGERY,E01026119,ALL,372
GP_PRAC_PAT_LIST,01/04/2026,C83635,WOODHALL SPA NEW SURGERY,E01026120,ALL,294
GP_PRAC_PAT_LIST,01/04/2026,C83635,WOODHALL SPA NEW SURGERY,E01026121,ALL,5
GP_PRAC_PAT_LIST,01/04/2026,C83635,WOODHALL SPA NEW SURGERY,E01026122,ALL,1
GP_PRAC_PAT_LIST,01/04/2026,C83635,WOODHALL SPA NEW SURGERY,E01026123,ALL,1
GP_PRAC_PAT_LIST,01/04/2026,C83635,WOODHALL SPA NEW SURGERY,E01026180,ALL,2
GP_PRAC_PAT_LIST,01/04/2026,C83635,WOODHALL SPA NEW SURGERY,E01026183,ALL,4
GP_PRAC_PAT_LIST,01/04/2026,C83635,WOODHALL SPA NEW SURGERY,E01026185,ALL,3
GP_PRAC_PAT_LIST,01/04/2026,C83635,WOODHALL SPA NEW SURGERY,E01026188,ALL,1
GP_PRAC_PAT_LIST,01/04/2026,C83635,WOODHALL SPA NEW SURGERY,E01026191,ALL,47
GP_PRAC_PAT_LIST,01/04/2026,C83635,WOODHALL SPA NEW SURGERY,E01026210,ALL,699
GP_PRAC_PAT_LIST,01/04/2026,C83635,WOODHALL SPA NEW SURGERY,E01026211,ALL,28
GP_PRAC_PAT_LIST,01/04/2026,C83635,WOODHALL SPA NEW SURGERY,E01026212,ALL,9
GP_PRAC_PAT_LIST,01/04/2026,C83635,WOODHALL SPA NEW SURGERY,E01026213,ALL,1
GP_PRAC_PAT_LIST,01/04/2026,C83635,WOODHALL SPA NEW SURGERY,E01026366,ALL,1954
GP_PRAC_PAT_LIST,01/04/2026,C83635,WOODHALL SPA NEW SURGERY,E01026373,ALL,1
GP_PRAC_PAT_LIST,01/04/2026,C83635,WOODHALL SPA NEW SURGERY,E01026405,ALL,1
GP_PRAC_PAT_LIST,01/04/2026,C83635,WOODHALL SPA NEW SURGERY,E01026412,ALL,2
GP_PRAC_PAT_LIST,01/04/2026,C83635,WOODHALL SPA NEW SURGERY,E01032211,ALL,1
GP_PRAC_PAT_LIST,01/04/2026,C83635,WOODHALL SPA NEW SURGERY,E01032993,ALL,1
GP_PRAC_PAT_LIST,01/04/2026,C83635,WOODHALL SPA NEW SURGERY,E01034689,ALL,1
GP_PRAC_PAT_LIST,01/04/2026,C83635,WOODHALL SPA NEW SURGERY,EMPTY,ALL,3
GP_PRAC_PAT_LIST,01/04/2026,C83641,TRENT VALLEY SURGERY,E01008697,ALL,1
GP_PRAC_PAT_LIST,01/04/2026,C83641,TRENT VALLEY SURGERY,E01013938,ALL,1
GP_PRAC_PAT_LIST,01/04/2026,C83641,TRENT VALLEY SURGERY,E01015661,ALL,1
GP_PRAC_PAT_LIST,01/04/2026,C83641,TRENT VALLEY SURGERY,E01019783,ALL,1
GP_PRAC_PAT_LIST,01/04/2026,C83641,TRENT VALLEY SURGERY,E01026126,ALL,1
GP_PRAC_PAT_LIST,01/04/2026,C83641,TRENT VALLEY SURGERY,E01026127,ALL,1
GP_PRAC_PAT_LIST,01/04/2026,C83641,TRENT VALLEY SURGERY,E01026130,ALL,13
GP_PRAC_PAT_LIST,01/04/2026,C83641,TRENT VALLEY SURGERY,E01026132,ALL,2
GP_PRAC_PAT_LIST,01/04/2026,C83641,TRENT VALLEY SURGERY,E01026135,ALL,3
GP_PRAC_PAT_LIST,01/04/2026,C83641,TRENT VALLEY SURGERY,E01026136,ALL,3
GP_PRAC_PAT_LIST,01/04/2026,C83641,TRENT VALLEY SURGERY,E01026137,ALL,1
GP_PRAC_PAT_LIST,01/04/2026,C83641,TRENT VALLEY SURGERY,E01026138,ALL,1
GP_PRAC_PAT_LIST,01/04/2026,C83641,TRENT VALLEY SURGERY,E01026144,ALL,1
GP_PRAC_PAT_LIST,01/04/2026,C83641,TRENT VALLEY SURGERY,E01026147,ALL,13
GP_PRAC_PAT_LIST,01/04/2026,C83641,TRENT VALLEY SURGERY,E01026150,ALL,2
GP_PRAC_PAT_LIST,01/04/2026,C83641,TRENT VALLEY SURGERY,E01026151,ALL,3
GP_PRAC_PAT_LIST,01/04/2026,C83641,TRENT VALLEY SURGERY,E01026154,ALL,1
GP_PRAC_PAT_LIST,01/04/2026,C83641,TRENT VALLEY SURGERY,E01026155,ALL,1
GP_PRAC_PAT_LIST,01/04/2026,C83641,TRENT VALLEY SURGERY,E01026156,ALL,3
GP_PRAC_PAT_LIST,01/04/2026,C83641,TRENT VALLEY SURGERY,E01026158,ALL,2
GP_PRAC_PAT_LIST,01/04/2026,C83641,TRENT VALLEY SURGERY,E01026159,ALL,2
GP_PRAC_PAT_LIST,01/04/2026,C83641,TRENT VALLEY SURGERY,E01026160,ALL,2
GP_PRAC_PAT_LIST,01/04/2026,C83641,TRENT VALLEY SURGERY,E01026162,ALL,1
GP_PRAC_PAT_LIST,01/04/2026,C83641,TRENT VALLEY SURGERY,E01026163,ALL,2
GP_PRAC_PAT_LIST,01/04/2026,C83641,TRENT VALLEY SURGERY,E01026164,ALL,1
GP_PRAC_PAT_LIST,01/04/2026,C83641,TRENT VALLEY SURGERY,E01026167,ALL,4
GP_PRAC_PAT_LIST,01/04/2026,C83641,TRENT VALLEY SURGERY,E01026168,ALL,5
GP_PRAC_PAT_LIST,01/04/2026,C83641,TRENT VALLEY SURGERY,E01026169,ALL,1
GP_PRAC_PAT_LIST,01/04/2026,C83641,TRENT VALLEY SURGERY,E01026170,ALL,1
GP_PRAC_PAT_LIST,01/04/2026,C83641,TRENT VALLEY SURGERY,E01026175,ALL,1
GP_PRAC_PAT_LIST,01/04/2026,C83641,TRENT VALLEY SURGERY,E01026178,ALL,2
GP_PRAC_PAT_LIST,01/04/2026,C83641,TRENT VALLEY SURGERY,E01026185,ALL,2
GP_PRAC_PAT_LIST,01/04/2026,C83641,TRENT VALLEY SURGERY,E01026189,ALL,3
GP_PRAC_PAT_LIST,01/04/2026,C83641,TRENT VALLEY SURGERY,E01026190,ALL,1
GP_PRAC_PAT_LIST,01/04/2026,C83641,TRENT VALLEY SURGERY,E01026192,ALL,1
GP_PRAC_PAT_LIST,01/04/2026,C83641,TRENT VALLEY SURGERY,E01026193,ALL,3
GP_PRAC_PAT_LIST,01/04/2026,C83641,TRENT VALLEY SURGERY,E01026199,ALL,74
GP_PRAC_PAT_LIST,01/04/2026,C83641,TRENT VALLEY SURGERY,E01026214,ALL,1
GP_PRAC_PAT_LIST,01/04/2026,C83641,TRENT VALLEY SURGERY,E01026220,ALL,2
GP_PRAC_PAT_LIST,01/04/2026,C83641,TRENT VALLEY SURGERY,E01026225,ALL,111
GP_PRAC_PAT_LIST,01/04/2026,C83641,TRENT VALLEY SURGERY,E01026226,ALL,96
GP_PRAC_PAT_LIST,01/04/2026,C83641,TRENT VALLEY SURGERY,E01026370,ALL,1
GP_PRAC_PAT_LIST,01/04/2026,C83641,TRENT VALLEY SURGERY,E01026372,ALL,1
GP_PRAC_PAT_LIST,01/04/2026,C83641,TRENT VALLEY SURGERY,E01026373,ALL,2
GP_PRAC_PAT_LIST,01/04/2026,C83641,TRENT VALLEY SURGERY,E01026374,ALL,3
GP_PRAC_PAT_LIST,01/04/2026,C83641,TRENT VALLEY SURGERY,E01026375,ALL,4
GP_PRAC_PAT_LIST,01/04/2026,C83641,TRENT VALLEY SURGERY,E01026376,ALL,5
GP_PRAC_PAT_LIST,01/04/2026,C83641,TRENT VALLEY SURGERY,E01026377,ALL,2
GP_PRAC_PAT_LIST,01/04/2026,C83641,TRENT VALLEY SURGERY,E01026378,ALL,5
GP_PRAC_PAT_LIST,01/04/2026,C83641,TRENT VALLEY SURGERY,E01026379,ALL,2
GP_PRAC_PAT_LIST,01/04/2026,C83641,TRENT VALLEY SURGERY,E01026380,ALL,6
GP_PRAC_PAT_LIST,01/04/2026,C83641,TRENT VALLEY SURGERY,E01026381,ALL,1
GP_PRAC_PAT_LIST,01/04/2026,C83641,TRENT VALLEY SURGERY,E01026382,ALL,18
GP_PRAC_PAT_LIST,01/04/2026,C83641,TRENT VALLEY SURGERY,E01026383,ALL,2
GP_PRAC_PAT_LIST,01/04/2026,C83641,TRENT VALLEY SURGERY,E01026384,ALL,1
GP_PRAC_PAT_LIST,01/04/2026,C83641,TRENT VALLEY SURGERY,E01026388,ALL,14
GP_PRAC_PAT_LIST,01/04/2026,C83641,TRENT VALLEY SURGERY,E01026391,ALL,4
GP_PRAC_PAT_LIST,01/04/2026,C83641,TRENT VALLEY SURGERY,E01026392,ALL,2
GP_PRAC_PAT_LIST,01/04/2026,C83641,TRENT VALLEY SURGERY,E01026393,ALL,1
GP_PRAC_PAT_LIST,01/04/2026,C83641,TRENT VALLEY SURGERY,E01026394,ALL,7
GP_PRAC_PAT_LIST,01/04/2026,C83641,TRENT VALLEY SURGERY,E01026395,ALL,5
GP_PRAC_PAT_LIST,01/04/2026,C83641,TRENT VALLEY SURGERY,E01026396,ALL,401
GP_PRAC_PAT_LIST,01/04/2026,C83641,TRENT VALLEY SURGERY,E01026398,ALL,438
GP_PRAC_PAT_LIST,01/04/2026,C83641,TRENT VALLEY SURGERY,E01026399,ALL,10
GP_PRAC_PAT_LIST,01/04/2026,C83641,TRENT VALLEY SURGERY,E01026400,ALL,37
GP_PRAC_PAT_LIST,01/04/2026,C83641,TRENT VALLEY SURGERY,E01026402,ALL,1
GP_PRAC_PAT_LIST,01/04/2026,C83641,TRENT VALLEY SURGERY,E01026404,ALL,420
GP_PRAC_PAT_LIST,01/04/2026,C83641,TRENT VALLEY SURGERY,E01026405,ALL,2
GP_PRAC_PAT_LIST,01/04/2026,C83641,TRENT VALLEY SURGERY,E01026408,ALL,2
GP_PRAC_PAT_LIST,01/04/2026,C83641,TRENT VALLEY SURGERY,E01026409,ALL,577
GP_PRAC_PAT_LIST,01/04/2026,C83641,TRENT VALLEY SURGERY,E01026410,ALL,659
GP_PRAC_PAT_LIST,01/04/2026,C83641,TRENT VALLEY SURGERY,E01026412,ALL,5
GP_PRAC_PAT_LIST,01/04/2026,C83641,TRENT VALLEY SURGERY,E01026413,ALL,3
GP_PRAC_PAT_LIST,01/04/2026,C83641,TRENT VALLEY SURGERY,E01026414,ALL,1
GP_PRAC_PAT_LIST,01/04/2026,C83641,TRENT VALLEY SURGERY,E01027999,ALL,2
GP_PRAC_PAT_LIST,01/04/2026,C83641,TRENT VALLEY SURGERY,E01028005,ALL,1
GP_PRAC_PAT_LIST,01/04/2026,C83641,TRENT VALLEY SURGERY,E01028009,ALL,1
GP_PRAC_PAT_LIST,01/04/2026,C83641,TRENT VALLEY SURGERY,E01028035,ALL,1
GP_PRAC_PAT_LIST,01/04/2026,C83641,TRENT VALLEY SURGERY,E01028039,ALL,4
GP_PRAC_PAT_LIST,01/04/2026,C83641,TRENT VALLEY SURGERY,E01028291,ALL,1
GP_PRAC_PAT_LIST,01/04/2026,C83641,TRENT VALLEY SURGERY,E01028293,ALL,1
GP_PRAC_PAT_LIST,01/04/2026,C83641,TRENT VALLEY SURGERY,E01028303,ALL,1
GP_PRAC_PAT_LIST,01/04/2026,C83641,TRENT VALLEY SURGERY,E01028309,ALL,1
GP_PRAC_PAT_LIST,01/04/2026,C83641,TRENT VALLEY SURGERY,E01028310,ALL,1
GP_PRAC_PAT_LIST,01/04/2026,C83641,TRENT VALLEY SURGERY,E01028315,ALL,1
GP_PRAC_PAT_LIST,01/04/2026,C83641,TRENT VALLEY SURGERY,E01028317,ALL,178
GP_PRAC_PAT_LIST,01/04/2026,C83641,TRENT VALLEY SURGERY,E01028319,ALL,1
GP_PRAC_PAT_LIST,01/04/2026,C83641,TRENT VALLEY SURGERY,E01028333,ALL,1
GP_PRAC_PAT_LIST,01/04/2026,C83641,TRENT VALLEY SURGERY,E01028500,ALL,1
GP_PRAC_PAT_LIST,01/04/2026,C83641,TRENT VALLEY SURGERY,E01032988,ALL,2
GP_PRAC_PAT_LIST,01/04/2026,C83641,TRENT VALLEY SURGERY,E01032989,ALL,2
GP_PRAC_PAT_LIST,01/04/2026,C83641,TRENT VALLEY SURGERY,E01032991,ALL,2
GP_PRAC_PAT_LIST,01/04/2026,C83641,TRENT VALLEY SURGERY,E01032992,ALL,3
GP_PRAC_PAT_LIST,01/04/2026,C83641,TRENT VALLEY SURGERY,E01032993,ALL,5
GP_PRAC_PAT_LIST,01/04/2026,C83641,TRENT VALLEY SURGERY,E01032994,ALL,2
GP_PRAC_PAT_LIST,01/04/2026,C83641,TRENT VALLEY SURGERY,E01034687,ALL,3
GP_PRAC_PAT_LIST,01/04/2026,C83641,TRENT VALLEY SURGERY,E01034688,ALL,1
GP_PRAC_PAT_LIST,01/04/2026,C83641,TRENT VALLEY SURGERY,E01034693,ALL,7
GP_PRAC_PAT_LIST,01/04/2026,C83641,TRENT VALLEY SURGERY,E01034694,ALL,2
GP_PRAC_PAT_LIST,01/04/2026,C83641,TRENT VALLEY SURGERY,E01034706,ALL,528
GP_PRAC_PAT_LIST,01/04/2026,C83641,TRENT VALLEY SURGERY,E01034707,ALL,236
GP_PRAC_PAT_LIST,01/04/2026,C83641,TRENT VALLEY SURGERY,EMPTY,ALL,1
GP_PRAC_PAT_LIST,01/04/2026,C83643,BINBROOK SURGERY,E01001687,ALL,1
GP_PRAC_PAT_LIST,01/04/2026,C83643,BINBROOK SURGERY,E01008407,ALL,1
GP_PRAC_PAT_LIST,01/04/2026,C83643,BINBROOK SURGERY,E01013131,ALL,2
GP_PRAC_PAT_LIST,01/04/2026,C83643,BINBROOK SURGERY,E01013157,ALL,1
GP_PRAC_PAT_LIST,01/04/2026,C83643,BINBROOK SURGERY,E01013225,ALL,94
GP_PRAC_PAT_LIST,01/04/2026,C83643,BINBROOK SURGERY,E01013325,ALL,1
GP_PRAC_PAT_LIST,01/04/2026,C83643,BINBROOK SURGERY,E01013967,ALL,1
GP_PRAC_PAT_LIST,01/04/2026,C83643,BINBROOK SURGERY,E01026045,ALL,803
GP_PRAC_PAT_LIST,01/04/2026,C83643,BINBROOK SURGERY,E01026070,ALL,17
GP_PRAC_PAT_LIST,01/04/2026,C83643,BINBROOK SURGERY,E01026071,ALL,184
GP_PRAC_PAT_LIST,01/04/2026,C83643,BINBROOK SURGERY,E01026080,ALL,10
GP_PRAC_PAT_LIST,01/04/2026,C83643,BINBROOK SURGERY,E01026089,ALL,1
GP_PRAC_PAT_LIST,01/04/2026,C83643,BINBROOK SURGERY,E01026090,ALL,1
GP_PRAC_PAT_LIST,01/04/2026,C83643,BINBROOK SURGERY,E01026091,ALL,2
GP_PRAC_PAT_LIST,01/04/2026,C83643,BINBROOK SURGERY,E01026220,ALL,1
GP_PRAC_PAT_LIST,01/04/2026,C83643,BINBROOK SURGERY,E01026366,ALL,1
GP_PRAC_PAT_LIST,01/04/2026,C83643,BINBROOK SURGERY,E01026367,ALL,11
GP_PRAC_PAT_LIST,01/04/2026,C83643,BINBROOK SURGERY,E01026368,ALL,1
GP_PRAC_PAT_LIST,01/04/2026,C83643,BINBROOK SURGERY,E01026389,ALL,18
GP_PRAC_PAT_LIST,01/04/2026,C83643,BINBROOK SURGERY,E01026390,ALL,13
GP_PRAC_PAT_LIST,01/04/2026,C83643,BINBROOK SURGERY,E01026391,ALL,137
GP_PRAC_PAT_LIST,01/04/2026,C83643,BINBROOK SURGERY,E01026392,ALL,29
GP_PRAC_PAT_LIST,01/04/2026,C83643,BINBROOK SURGERY,E01026414,ALL,3
GP_PRAC_PAT_LIST,01/04/2026,C83643,BINBROOK SURGERY,E01026415,ALL,1001
GP_PRAC_PAT_LIST,01/04/2026,C83643,BINBROOK SURGERY,E01026416,ALL,38
GP_PRAC_PAT_LIST,01/04/2026,C83643,BINBROOK SURGERY,E01027024,ALL,1
GP_PRAC_PAT_LIST,01/04/2026,C83643,BINBROOK SURGERY,E01032986,ALL,1
GP_PRAC_PAT_LIST,01/04/2026,C83643,BINBROOK SURGERY,E01033386,ALL,1
GP_PRAC_PAT_LIST,01/04/2026,C83643,BINBROOK SURGERY,E01035476,ALL,1
GP_PRAC_PAT_LIST,01/04/2026,C83643,BINBROOK SURGERY,E01035480,ALL,1
GP_PRAC_PAT_LIST,01/04/2026,C83643,BINBROOK SURGERY,EMPTY,ALL,1
GP_PRAC_PAT_LIST,01/04/2026,C83649,MARKET CROSS SURGERY,CLOSED,ALL,1
GP_PRAC_PAT_LIST,01/04/2026,C83649,MARKET CROSS SURGERY,E01004534,ALL,1
GP_PRAC_PAT_LIST,01/04/2026,C83649,MARKET CROSS SURGERY,E01004552,ALL,1
GP_PRAC_PAT_LIST,01/04/2026,C83649,MARKET CROSS SURGERY,E01013788,ALL,2
GP_PRAC_PAT_LIST,01/04/2026,C83649,MARKET CROSS SURGERY,E01013790,ALL,36
GP_PRAC_PAT_LIST,01/04/2026,C83649,MARKET CROSS SURGERY,E01015590,ALL,2
GP_PRAC_PAT_LIST,01/04/2026,C83649,MARKET CROSS SURGERY,E01022067,ALL,1
GP_PRAC_PAT_LIST,01/04/2026,C83649,MARKET CROSS SURGERY,E01025891,ALL,1
GP_PRAC_PAT_LIST,01/04/2026,C83649,MARKET CROSS SURGERY,E01025911,ALL,1
GP_PRAC_PAT_LIST,01/04/2026,C83649,MARKET CROSS SURGERY,E01025912,ALL,41
GP_PRAC_PAT_LIST,01/04/2026,C83649,MARKET CROSS SURGERY,E01026075,ALL,1
GP_PRAC_PAT_LIST,01/04/2026,C83649,MARKET CROSS SURGERY,E01026201,ALL,1
GP_PRAC_PAT_LIST,01/04/2026,C83649,MARKET CROSS SURGERY,E01026221,ALL,8
GP_PRAC_PAT_LIST,01/04/2026,C83649,MARKET CROSS SURGERY,E01026231,ALL,1
GP_PRAC_PAT_LIST,01/04/2026,C83649,MARKET CROSS SURGERY,E01026289,ALL,2
GP_PRAC_PAT_LIST,01/04/2026,C83649,MARKET CROSS SURGERY,E01026290,ALL,45
GP_PRAC_PAT_LIST,01/04/2026,C83649,MARKET CROSS SURGERY,E01026291,ALL,28
GP_PRAC_PAT_LIST,01/04/2026,C83649,MARKET CROSS SURGERY,E01026292,ALL,4
GP_PRAC_PAT_LIST,01/04/2026,C83649,MARKET CROSS SURGERY,E01026293,ALL,38
GP_PRAC_PAT_LIST,01/04/2026,C83649,MARKET CROSS SURGERY,E01026294,ALL,11
GP_PRAC_PAT_LIST,01/04/2026,C83649,MARKET CROSS SURGERY,E01026296,ALL,9
GP_PRAC_PAT_LIST,01/04/2026,C83649,MARKET CROSS SURGERY,E01026297,ALL,13
GP_PRAC_PAT_LIST,01/04/2026,C83649,MARKET CROSS SURGERY,E01026298,ALL,9
GP_PRAC_PAT_LIST,01/04/2026,C83649,MARKET CROSS SURGERY,E01026299,ALL,10
GP_PRAC_PAT_LIST,01/04/2026,C83649,MARKET CROSS SURGERY,E01026300,ALL,10
GP_PRAC_PAT_LIST,01/04/2026,C83649,MARKET CROSS SURGERY,E01026302,ALL,12
GP_PRAC_PAT_LIST,01/04/2026,C83649,MARKET CROSS SURGERY,E01026308,ALL,1
GP_PRAC_PAT_LIST,01/04/2026,C83649,MARKET CROSS SURGERY,E01026309,ALL,13
GP_PRAC_PAT_LIST,01/04/2026,C83649,MARKET CROSS SURGERY,E01026310,ALL,1
GP_PRAC_PAT_LIST,01/04/2026,C83649,MARKET CROSS SURGERY,E01026311,ALL,3
GP_PRAC_PAT_LIST,01/04/2026,C83649,MARKET CROSS SURGERY,E01026313,ALL,1
GP_PRAC_PAT_LIST,01/04/2026,C83649,MARKET CROSS SURGERY,E01026315,ALL,91
GP_PRAC_PAT_LIST,01/04/2026,C83649,MARKET CROSS SURGERY,E01026316,ALL,2029
GP_PRAC_PAT_LIST,01/04/2026,C83649,MARKET CROSS SURGERY,E01026317,ALL,13
GP_PRAC_PAT_LIST,01/04/2026,C83649,MARKET CROSS SURGERY,E01026318,ALL,9
GP_PRAC_PAT_LIST,01/04/2026,C83649,MARKET CROSS SURGERY,E01026319,ALL,26
GP_PRAC_PAT_LIST,01/04/2026,C83649,MARKET CROSS SURGERY,E01026321,ALL,7
GP_PRAC_PAT_LIST,01/04/2026,C83649,MARKET CROSS SURGERY,E01026322,ALL,8
GP_PRAC_PAT_LIST,01/04/2026,C83649,MARKET CROSS SURGERY,E01026323,ALL,8
GP_PRAC_PAT_LIST,01/04/2026,C83649,MARKET CROSS SURGERY,E01026324,ALL,15
GP_PRAC_PAT_LIST,01/04/2026,C83649,MARKET CROSS SURGERY,E01026325,ALL,8
GP_PRAC_PAT_LIST,01/04/2026,C83649,MARKET CROSS SURGERY,E01026326,ALL,4
GP_PRAC_PAT_LIST,01/04/2026,C83649,MARKET CROSS SURGERY,E01026327,ALL,3
GP_PRAC_PAT_LIST,01/04/2026,C83649,MARKET CROSS SURGERY,E01026328,ALL,13
GP_PRAC_PAT_LIST,01/04/2026,C83649,MARKET CROSS SURGERY,E01026330,ALL,205
GP_PRAC_PAT_LIST,01/04/2026,C83649,MARKET CROSS SURGERY,E01026331,ALL,805
GP_PRAC_PAT_LIST,01/04/2026,C83649,MARKET CROSS SURGERY,E01026332,ALL,748
GP_PRAC_PAT_LIST,01/04/2026,C83649,MARKET CROSS SURGERY,E01026338,ALL,275
GP_PRAC_PAT_LIST,01/04/2026,C83649,MARKET CROSS SURGERY,E01026339,ALL,166
GP_PRAC_PAT_LIST,01/04/2026,C83649,MARKET CROSS SURGERY,E01026340,ALL,8
GP_PRAC_PAT_LIST,01/04/2026,C83649,MARKET CROSS SURGERY,E01026341,ALL,31
GP_PRAC_PAT_LIST,01/04/2026,C83649,MARKET CROSS SURGERY,E01026342,ALL,41
GP_PRAC_PAT_LIST,01/04/2026,C83649,MARKET CROSS SURGERY,E01026343,ALL,8
GP_PRAC_PAT_LIST,01/04/2026,C83649,MARKET CROSS SURGERY,E01026344,ALL,19
GP_PRAC_PAT_LIST,01/04/2026,C83649,MARKET CROSS SURGERY,E01026345,ALL,14
GP_PRAC_PAT_LIST,01/04/2026,C83649,MARKET CROSS SURGERY,E01026346,ALL,1
GP_PRAC_PAT_LIST,01/04/2026,C83649,MARKET CROSS SURGERY,E01026351,ALL,1
GP_PRAC_PAT_LIST,01/04/2026,C83649,MARKET CROSS SURGERY,E01026352,ALL,1
GP_PRAC_PAT_LIST,01/04/2026,C83649,MARKET CROSS SURGERY,E01026353,ALL,19
GP_PRAC_PAT_LIST,01/04/2026,C83649,MARKET CROSS SURGERY,E01026354,ALL,4
GP_PRAC_PAT_LIST,01/04/2026,C83649,MARKET CROSS SURGERY,E01026360,ALL,20
GP_PRAC_PAT_LIST,01/04/2026,C83649,MARKET CROSS SURGERY,E01026361,ALL,16
GP_PRAC_PAT_LIST,01/04/2026,C83649,MARKET CROSS SURGERY,E01026365,ALL,1
GP_PRAC_PAT_LIST,01/04/2026,C83649,MARKET CROSS SURGERY,E01032997,ALL,16
GP_PRAC_PAT_LIST,01/04/2026,C83649,MARKET CROSS SURGERY,E01032998,ALL,46
GP_PRAC_PAT_LIST,01/04/2026,C83649,MARKET CROSS SURGERY,E01032999,ALL,9
GP_PRAC_PAT_LIST,01/04/2026,C83649,MARKET CROSS SURGERY,E01034696,ALL,1
GP_PRAC_PAT_LIST,01/04/2026,C83649,MARKET CROSS SURGERY,E01034701,ALL,26
GP_PRAC_PAT_LIST,01/04/2026,C83649,MARKET CROSS SURGERY,E01034702,ALL,18
GP_PRAC_PAT_LIST,01/04/2026,C83649,MARKET CROSS SURGERY,E01034703,ALL,23
GP_PRAC_PAT_LIST,01/04/2026,C83649,MARKET CROSS SURGERY,E01034704,ALL,23
GP_PRAC_PAT_LIST,01/04/2026,C83649,MARKET CROSS SURGERY,E01034705,ALL,17
GP_PRAC_PAT_LIST,01/04/2026,C83649,MARKET CROSS SURGERY,E01035105,ALL,1
GP_PRAC_PAT_LIST,01/04/2026,C83649,MARKET CROSS SURGERY,EMPTY,ALL,1
GP_PRAC_PAT_LIST,01/04/2026,C83650,THE WRAGBY SURGERY,CLOSED,ALL,1
GP_PRAC_PAT_LIST,01/04/2026,C83650,THE WRAGBY SURGERY,E01013187,ALL,1
GP_PRAC_PAT_LIST,01/04/2026,C83650,THE WRAGBY SURGERY,E01015661,ALL,1
GP_PRAC_PAT_LIST,01/04/2026,C83650,THE WRAGBY SURGERY,E01025663,ALL,1
GP_PRAC_PAT_LIST,01/04/2026,C83650,THE WRAGBY SURGERY,E01026045,ALL,2
GP_PRAC_PAT_LIST,01/04/2026,C83650,THE WRAGBY SURGERY,E01026060,ALL,1
GP_PRAC_PAT_LIST,01/04/2026,C83650,THE WRAGBY SURGERY,E01026063,ALL,1
GP_PRAC_PAT_LIST,01/04/2026,C83650,THE WRAGBY SURGERY,E01026066,ALL,5
GP_PRAC_PAT_LIST,01/04/2026,C83650,THE WRAGBY SURGERY,E01026067,ALL,3
GP_PRAC_PAT_LIST,01/04/2026,C83650,THE WRAGBY SURGERY,E01026071,ALL,355
GP_PRAC_PAT_LIST,01/04/2026,C83650,THE WRAGBY SURGERY,E01026082,ALL,171
GP_PRAC_PAT_LIST,01/04/2026,C83650,THE WRAGBY SURGERY,E01026105,ALL,26
GP_PRAC_PAT_LIST,01/04/2026,C83650,THE WRAGBY SURGERY,E01026121,ALL,2667
GP_PRAC_PAT_LIST,01/04/2026,C83650,THE WRAGBY SURGERY,E01026175,ALL,2
GP_PRAC_PAT_LIST,01/04/2026,C83650,THE WRAGBY SURGERY,E01026191,ALL,5
GP_PRAC_PAT_LIST,01/04/2026,C83650,THE WRAGBY SURGERY,E01026366,ALL,373
GP_PRAC_PAT_LIST,01/04/2026,C83650,THE WRAGBY SURGERY,E01026372,ALL,68
GP_PRAC_PAT_LIST,01/04/2026,C83650,THE WRAGBY SURGERY,E01026373,ALL,361
GP_PRAC_PAT_LIST,01/04/2026,C83650,THE WRAGBY SURGERY,E01026387,ALL,1
GP_PRAC_PAT_LIST,01/04/2026,C83650,THE WRAGBY SURGERY,E01026389,ALL,8
GP_PRAC_PAT_LIST,01/04/2026,C83650,THE WRAGBY SURGERY,E01026390,ALL,23
GP_PRAC_PAT_LIST,01/04/2026,C83650,THE WRAGBY SURGERY,E01026391,ALL,96
GP_PRAC_PAT_LIST,01/04/2026,C83650,THE WRAGBY SURGERY,E01026392,ALL,1
GP_PRAC_PAT_LIST,01/04/2026,C83650,THE WRAGBY SURGERY,E01026405,ALL,4
GP_PRAC_PAT_LIST,01/04/2026,C83650,THE WRAGBY SURGERY,E01026406,ALL,13
GP_PRAC_PAT_LIST,01/04/2026,C83650,THE WRAGBY SURGERY,E01026411,ALL,2
GP_PRAC_PAT_LIST,01/04/2026,C83650,THE WRAGBY SURGERY,E01026414,ALL,5
GP_PRAC_PAT_LIST,01/04/2026,C83650,THE WRAGBY SURGERY,E01034689,ALL,1
GP_PRAC_PAT_LIST,01/04/2026,C83650,THE WRAGBY SURGERY,E01035098,ALL,1
GP_PRAC_PAT_LIST,01/04/2026,C83650,THE WRAGBY SURGERY,EMPTY,ALL,2
