LSOA_Code,LSOA_Name,District,DERI_Score,Digital_Access,Demography_Score,Deprivation_Score,Broadband_Score,Avg_Download_Speed_Mbps,No_Superfast_Broadband_Pct,Slow_Connections_Pct,Aged_65_Plus_Pct,Day_To_Day_Limited_Pct,No_Qualifications_Pct,Pension_Credit_Rate,Unemployment_Rate,Social_Grade_DE_Pct,IMD_2019_Score
E01026007,Boston 001A,Boston,2.4802397963130995,0.75197602036869,3.0837990905015005,1.2777605937765932,3.079159704661205,56.81302326,0.0,0.0,28.9156627,20.137693600000002,33.2233223,9.0,1.2908777999999999,6.9707401,11.016
E01026008,Boston 001B,Boston,2.731847273617125,0.7268152726382875,3.4572520219021388,1.6603226853416444,3.0779671136075923,57.07959184,0.0,0.0,29.008649399999996,25.748503,32.1958457,15.0,1.1976048,5.655356,27.683
E01026009,Boston 001C,Boston,2.8728874395412163,0.7127112560458784,3.29841521187568,1.8779679997681107,3.442279106979857,34.5087886,790.0,0.0,29.0076336,23.3248516,39.4600208,15.0,1.5267176,8.736217100000001,27.633
E01026010,Boston 002A,Boston,2.82161565884266,0.717838434115734,2.0652284021059013,3.2761966660946484,3.1234219083274293,46.9195122,0.0,0.0,11.5869018,21.347607099999998,58.428571399999996,49.0,4.6599496,21.977330000000002,49.432
E01026012,Boston 004A,Boston,3.277481502769565,0.6722518497230435,3.829097451746384,2.572597927079891,3.4307491294824204,31.12542787,710.0,0.0,30.912311799999998,29.5837024,55.442670500000006,30.0,2.3914969,12.0460585,31.213
E01026013,Boston 008A,Boston,2.5853222111835468,0.7414677788816453,3.1757410801135197,1.463171742229767,3.1170538112073536,48.34291262,0.0,0.0,29.483695700000002,20.9918478,37.1601208,16.0,1.0190217,6.182065199999999,11.735
E01026014,Boston 008B,Boston,2.879422656592883,0.7120577343407117,2.773689998291721,1.3874023960098132,4.477175575477116,36.61115942,3910.0,13.4615385,23.859465099999998,20.293655,30.525101,24.0,1.363398,7.760881,13.48
E01026015,Boston 004B,Boston,2.0702252133996937,0.7929774786600307,1.6027446262194254,1.47471131967365,3.133219694306005,50.69005329,80.0,0.0,13.482466700000002,12.4546554,39.357429700000004,10.0,1.5719468,11.426844,11.162
E01026016,Boston 006A,Boston,2.6999268064751623,0.7300073193524838,3.199276408649231,1.7390424139615739,3.1614615968146818,46.61261364,110.00000000000001,0.0,28.456998300000002,22.344013500000003,34.634146300000005,22.0,1.3490725000000001,7.925801000000001,25.023
E01026017,Boston 007A,Boston,3.598708842266202,0.6401291157733798,3.3164187902059927,2.182451998132279,5.297255738460334,47.16291161,6500.0,25.8333333,26.6118837,25.9165613,39.0652557,38.0,1.5170670000000002,9.1656131,32.823
E01026018,Boston 007B,Boston,2.733958463640329,0.7266041536359671,3.7268730432438533,1.3892937054125925,3.085708642264542,55.34920128,0.0,0.0,36.9591346,22.1754808,32.1452145,9.0,1.0216345999999998,6.4903846000000005,17.89
E01026019,Boston 007C,Boston,2.539339411693767,0.7460660588306233,2.343310865745828,2.1825481105496047,3.0921592587858684,53.90735608,0.0,0.0,17.6286509,19.7496523,42.8366762,47.0,2.5034771,11.1265647,23.046
E01026020,Boston 007D,Boston,2.3549427281119075,0.7645057271888093,2.3274654521620013,1.4863365954745842,3.2510261366991373,61.04824825,570.0,2.5477707,22.1264368,15.158046,34.4573881,17.0,1.3649425,8.225574700000001,15.632
E01026021,Boston 003B,Boston,2.3207400570411143,0.7679259942958886,2.8117449486239874,0.9272565869471217,3.2232186355522345,41.74946889,229.99999999999997,0.0,24.8638838,19.9032063,14.078334700000001,19.0,1.9963701999999999,10.526315799999999,15.622
E01026022,Boston 008C,Boston,2.340115266273363,0.7659884733726637,2.832092727177278,1.0357299537450504,3.15252311789776,40.41479452,0.0,0.0,28.692699500000003,16.5110357,28.8967972,6.0,0.721562,4.4142615,7.491
E01026023,Boston 001D,Boston,3.3309573592740875,0.6669042640725913,3.5601577697139133,2.0159912312256694,4.41672307688268,40.89184891,3779.9999999999995,19.819819799999998,32.8983516,23.5576923,40.4556167,25.0,1.717033,8.0357143,28.383
E01026024,Boston 001E,Boston,2.8240550845453654,0.7175944915454635,2.899453607214386,1.8889385367666478,3.6837731096550606,43.86073781,1639.9999999999998,0.0,24.919392000000002,21.1883924,33.2608696,32.0,1.7964072000000002,6.7250115,29.216
E01026025,Boston 003C,Boston,2.0169730054365096,0.798302699456349,1.3506189417787708,1.5967360163653619,3.103564058165395,51.35814932,0.0,0.0,9.2851593,12.6651127,19.1312836,45.0,4.856254900000001,17.0551671,26.027
E01026026,Boston 004C,Boston,2.802774880459973,0.7197225119540027,2.354168593436876,2.8771790343899446,3.1769770135530977,40.16432584,70.0,0.0,16.2906137,21.2093863,50.91965149999999,63.0,2.8880866000000003,14.3953069,37.301
E01026027,Boston 004D,Boston,2.409202470281077,0.7590797529718923,2.2098060773470047,1.8882234938429712,3.129577839653255,45.54353519,0.0,0.0,19.1455696,16.2447257,41.6010499,30.0,2.742616,13.2383966,17.802
E01026028,Boston 004E,Boston,2.756003417681043,0.7243996582318957,2.644876769198965,2.491204711063522,3.131928772780642,45.01805338,0.0,0.0,21.7802089,20.338140199999998,52.76796230000001,44.0,2.6355047,12.4813526,25.065
E01026030,Boston 002C,Boston,2.735697134212428,0.7264302865787572,2.447263674842996,2.6393761279253294,3.1204515998689577,47.58343711,0.0,0.0,18.4823441,20.510894099999998,38.238842,83.0,3.8317055000000004,15.1014275,34.131
E01026031,Boston 009B,Boston,3.019125807050107,0.6980874192949893,4.027770770926265,1.904356350085322,3.1252503001387324,46.5108291,0.0,0.0,36.4251862,27.2850372,47.8409091,19.0,2.0311442,9.5463778,15.462
E01026032,Boston 002D,Boston,2.1534527928937277,0.7846547207106273,1.5291897929271274,1.8136197213101302,3.1175488644439255,48.23225806,0.0,0.0,11.6039604,13.1485149,38.0846325,19.0,4.1584158,12.910891099999999,22.039
E01026033,Boston 006B,Boston,2.871600121510643,0.7128399878489358,2.6906710467794994,1.6983996311721252,4.225729686580304,80.36077128,3729.9999999999995,26.865671600000002,24.988474,17.934532,31.585932300000003,17.0,1.7058552,6.8695251,28.889
E01026034,Boston 006C,Boston,2.653612422342809,0.7346387577657191,2.960070965793804,1.8961342053891108,3.104632095845512,54.09969466,40.0,0.0,26.897321400000003,20.2008929,40.0,28.0,1.6741071,8.203125,22.289
E01026035,Boston 009C,Boston,2.282132444899435,0.7717867555100565,2.4665360299491854,1.2309562139886343,3.148905090760485,41.22349785,0.0,0.0,24.531377300000003,14.955175200000001,33.835341400000004,9.0,0.7334963,5.664221700000001,8.642
E01026036,Boston 003D,Boston,2.0410044163239607,0.795899558367604,1.6162638840976407,1.383853611535488,3.122895753338753,47.03711864,0.0,0.0,11.9022869,14.1891892,21.1305518,19.0,4.4178794,14.5530146,24.625
E01026037,Boston 002E,Boston,2.4954681162724364,0.7504531883727563,1.9364090350406125,2.403110181350301,3.1468851324263967,41.675,0.0,0.0,14.383136999999998,16.6769994,39.9477807,45.0,4.6497209999999995,15.313081200000001,35.578
E01026038,Boston 008D,Boston,2.363771024493896,0.7636228975506104,2.3577943679842073,1.2167609369944583,3.5167577685030227,39.69777365,1080.0,3.2128514,22.5312935,15.229485400000002,31.202600200000003,9.0,1.1126565,8.3449235,11.093
E01026039,Boston 009D,Boston,2.3780267983830847,0.7621973201616915,3.0226842746958846,0.9875791611145198,3.1238169593388503,46.83121019,0.0,0.0,28.8713911,19.2475941,21.8111003,5.0,1.1373578,7.2615923,14.702
E01026040,Boston 008E,Boston,2.3681425851597306,0.763185741484027,1.9287238809936724,1.364600409538495,3.8111034649470237,55.60998308,2170.0,10.1010101,16.4169381,14.592833899999999,33.1812999,7.0,1.6938110999999998,6.3192182,15.462
E01026041,Boston 007E,Boston,2.7529446863119826,0.7247055313688018,2.7823700804482976,2.3539144283422706,3.1225495501453797,47.11450216,0.0,0.0,21.2983224,22.9029905,51.1140236,25.0,1.8234865,10.6491612,29.577
E01026042,East Lindsey 008A,East Lindsey,2.6730107206426528,0.7326989279357348,2.858344620727964,1.8617035868169338,3.298983954383061,54.07382753,620.0,2.8248588000000003,23.8256933,21.6185625,30.9022556,31.0,2.37691,10.0169779,30.889
E01026043,East Lindsey 008B,East Lindsey,2.6926335975045554,0.7307366402495444,3.141250586547306,1.8433651101303918,3.093285095835968,53.65570839,0.0,0.0,26.8746579,22.9885057,33.2550861,32.0,2.2988505999999997,8.9217296,26.576
E01026044,East Lindsey 008C,East Lindsey,2.999505144114511,0.7000494855885488,4.179459277860698,1.6933651892668613,3.125690965215973,46.41233141,0.0,0.0,37.6173285,28.4476534,35.248296,14.0,1.0108303,6.0649819,25.729
E01026045,East Lindsey 001A,East Lindsey,2.9589243401384184,0.7041075659861582,3.8607905479703004,1.7617638748097306,3.254218597635225,42.27102526,330.0,0.0,37.420042599999995,23.7739872,34.1211226,29.0,1.2260128000000001,6.3965885,24.039
E01026046,East Lindsey 013A,East Lindsey,3.5207610320544234,0.6479238967945576,3.272608659204563,2.048899934569246,5.240774502389461,41.94044944,6260.0,26.315789499999998,29.5933735,22.3644578,36.2586605,31.0,1.5060241,6.551204800000001,33.299
E01026047,East Lindsey 013B,East Lindsey,3.208371615543765,0.6791628384456235,4.6665761440243765,1.7345245045248354,3.2240141980820827,52.00260223,370.0,0.0,44.198895,29.5185478,43.4416366,13.0,0.7892659999999999,5.6827151,17.312
E01026048,East Lindsey 010A,East Lindsey,4.001792778778467,0.5998207221221533,5.117746453341448,3.440502301807824,3.4471295811861276,46.93459788,969.9999999999999,1.3824885,41.770491799999995,38.7540984,53.978979,40.0,2.4262295,14.426229500000002,69.053
E01026049,East Lindsey 010B,East Lindsey,3.5813770178830695,0.641862298211693,4.664356111050404,2.6410297767258486,3.4387451658729566,41.33717358,869.9999999999999,1.0909091,39.0644753,34.450063199999995,50.0,44.0,1.3906448,8.975979800000001,37.022
E01026050,East Lindsey 010C,East Lindsey,4.042395161285489,0.5957604838714511,6.070361030133765,2.9342533183561392,3.1225711353665635,47.10967742,0.0,0.0,51.5374332,43.8502674,58.5344828,35.0,2.4064171,9.8262032,41.701
E01026051,East Lindsey 016A,East Lindsey,2.3546220164592744,0.7645377983540725,2.5843365449828335,1.3445301140237884,3.1349993903712012,44.33170732,0.0,0.0,24.3716679,16.9078446,36.4016736,0.0,1.2185834,7.159177499999999,13.59
E01026052,East Lindsey 016B,East Lindsey,2.4248491493576707,0.7575150850642329,2.257062143674957,1.9137470424553171,3.103738261942737,51.3192112,0.0,0.0,20.4500978,15.704501,45.0284091,22.0,1.6634051,5.3816047,18.844
E01026053,East Lindsey 016C,East Lindsey,1.972120636181561,0.8027879363818439,1.5009790991149212,1.2233640408855355,3.192018768544226,49.55338983,240.0,1.1904762,13.2603939,11.1159737,30.535455900000002,14.0,1.0503281999999998,6.3019694,10.325
E01026054,East Lindsey 016D,East Lindsey,2.0889992243414706,0.791100077565853,2.2235019903249453,0.9334407165006045,3.1100549661988617,49.90729814,0.0,0.0,18.0199739,17.5423361,10.578757699999999,27.0,1.2158054999999999,7.1211463,18.175
E01026055,East Lindsey 013C,East Lindsey,3.4253522555923133,0.6574647744407687,3.9474466546541205,1.768765141840829,4.559844970281989,42.05422535,4220.0,25.0,34.1964286,28.2142857,38.450899,12.0,1.1607143,5.1785714,25.579
E01026056,East Lindsey 017A,East Lindsey,3.0927274802741285,0.6907272519725871,3.369483065903159,2.1054907638042524,3.803208611114974,41.68697572,1960.0000000000002,9.523809499999999,31.1009174,22.3853211,36.121673,20.0,3.1192661,7.5229358,38.846
E01026057,East Lindsey 018A,East Lindsey,2.819403218816095,0.7180596781183906,3.1631321495211377,1.7864290900655149,3.508648416861632,42.7559322,1090.0,10.2189781,28.471528499999998,21.7782218,36.3821138,19.0,1.4485514,6.6933067,25.991
E01026058,East Lindsey 002A,East Lindsey,2.395615702340795,0.7604384297659205,2.9272802115415133,1.078419158436708,3.181147737044164,45.93769932,160.0,0.0,28.0973451,18.539823,20.7608696,19.0,0.8407080000000001,6.2831858,14.905
E01026059,East Lindsey 013D,East Lindsey,3.0334358378376236,0.6966564162162376,3.8197441376272225,1.6991462871443386,3.581417088741309,41.1065,1290.0,6.2222222,31.547618999999997,28.826530599999998,31.479538299999998,15.0,1.7857143,5.8673469,29.8
E01026060,East Lindsey 009A,East Lindsey,3.153641702555118,0.6846358297444882,3.7530319437304405,1.436382478176459,4.271510685758453,62.63305785,3650.0,5.3892216,34.696859,24.7626004,25.154639200000002,15.0,1.0226443,3.944485,26.974
E01026061,East Lindsey 001B,East Lindsey,2.2530951085247692,0.774690489147523,2.760521758398646,1.128181975719905,2.8705815914557564,135.7808081,430.0,4.3165468,27.8702892,16.2138475,31.016042799999997,8.0,0.8764242,6.6608238,7.927
E01026062,East Lindsey 001C,East Lindsey,2.259075370293527,0.7740924629706473,2.7029354802729815,1.1023483541250705,2.971942276482529,119.6140515,520.0,1.2903226,23.7719298,19.2982456,24.7407407,12.0,1.0526316,7.3684211,13.308
E01026063,East Lindsey 001D,East Lindsey,2.32481674952758,0.7675183250472419,3.0575823253699506,1.1420352593691787,2.7748326638436116,124.8363636,0.0,0.0,31.7288136,17.0169492,31.3888889,7.0,1.2881356,4.2711864,8.043
E01026064,East Lindsey 011A,East Lindsey,2.472385433935992,0.7527614566064008,2.501242734784567,1.660009237823004,3.255904329200405,39.65902439,300.0,0.0,18.1168831,21.6883117,26.260112000000003,18.0,3.2467532,11.5584416,32.167
E01026065,East Lindsey 011B,East Lindsey,2.7030313418777894,0.729696865812221,3.702033333037919,1.2902979840938218,3.1167627085016267,48.40798005,0.0,0.0,34.5435131,24.1324079,32.363636400000004,18.0,0.747464,5.3924186,9.661
E01026066,East Lindsey 011C,East Lindsey,2.59792824271708,0.740207175728292,3.3344964313045398,1.3392583986064364,3.120029898240263,47.67769608,0.0,0.0,32.4951644,20.502901400000002,30.984848500000002,17.0,1.6924564999999998,5.1257253,13.159
E01026067,East Lindsey 011D,East Lindsey,2.54962186187528,0.745037813812472,2.873172745449886,1.669444878344752,3.1062479618312016,50.75824176,0.0,0.0,23.2985594,22.3546945,26.217765,45.0,1.6890214000000001,9.836065600000001,23.32
E01026068,East Lindsey 009B,East Lindsey,3.113702489557577,0.6886297510442423,3.239125011098208,1.625153132486436,4.4768293250880875,35.26017699,3900.0,3.8961039000000004,30.2564103,21.2121212,27.3918742,28.0,1.3986014,6.4335664,26.967
E01026069,East Lindsey 010D,East Lindsey,4.082513892854298,0.5917486107145702,3.9241529450618207,2.785011742692503,5.538376990808569,45.72831754,7220.0,9.2592593,30.5449937,31.3899451,39.5517469,53.0,2.9150823999999997,11.8293198,52.321
E01026070,East Lindsey 009C,East Lindsey,3.314151968188284,0.6685848031811716,3.1015321176105135,1.3198478477206945,5.521075939233644,40.02440758,7059.999999999999,42.1568627,29.6475133,19.700627700000002,24.0740741,17.0,0.8691453,4.7802994000000005,22.393
E01026071,East Lindsey 007A,East Lindsey,3.3091863432368185,0.6690813656763182,3.434518376800974,1.6407632875138152,4.852277365395665,39.56512227,5080.0,8.1967213,31.1858077,23.2959851,28.9034132,32.0,0.7936508,5.3688142,24.685
E01026072,East Lindsey 005A,East Lindsey,3.6415408546986145,0.6358459145301385,4.506513020802236,3.279499397734721,3.1386101455588857,43.52462942,0.0,0.0,34.4859382,36.4684186,51.5095502,66.0,2.6279391,10.1890272,54.129
E01026073,East Lindsey 005B,East Lindsey,3.788472776076667,0.6211527223923333,4.943103477605647,3.0849086324882364,3.337406218136118,49.75427928,680.0,0.0,34.2750533,43.336887000000004,41.342412499999995,62.0,1.9722814000000002,13.2196162,61.083
E01026074,East Lindsey 005C,East Lindsey,3.777534286222135,0.6222465713777865,4.959073554318374,3.2518547897227053,3.1216745146253255,47.31009056,0.0,0.0,39.356321799999996,38.6666667,51.665657200000005,57.0,2.0229885,10.8045977,56.963
E01026075,East Lindsey 018B,East Lindsey,2.8565566454649542,0.7143443354535046,3.28071657858488,1.7751864423019323,3.51376691550805,51.31280654,1230.0,0.0,29.3357111,22.7374053,34.4384303,18.0,1.203745,5.4837272,28.748
E01026076,East Lindsey 002B,East Lindsey,2.959431102678002,0.7040568897321998,3.353795719245362,1.6471694208595153,3.877328167929129,52.86630037,2330.0,12.030075199999999,31.239015799999997,22.0123023,31.5422191,30.0,1.4938489,6.3268893,21.512
E01026077,East Lindsey 003A,East Lindsey,2.331773491405676,0.7668226508594325,2.5570807782441882,1.3639790548472273,3.074260641125612,57.90806452,0.0,0.0,24.0987984,16.7556742,19.617051999999997,16.0,1.6021362000000001,7.4766355,30.002
E01026078,East Lindsey 003B,East Lindsey,2.5952102357586857,0.7404789764241314,3.0838599869952152,1.6168420709451943,3.084928649335648,55.52354571,0.0,0.0,25.4416961,23.498233199999998,25.6708408,23.0,1.5901060000000002,11.484098900000001,30.701
E01026079,East Lindsey 002C,East Lindsey,2.9620941618642487,0.7037905838135752,3.7397339558350966,1.8612687799795116,3.2852797497781374,45.75917808,470.0,0.0,32.648762500000004,26.540284400000004,34.0602951,38.0,1.2111638,8.1095313,25.045
E01026080,East Lindsey 001E,East Lindsey,2.6290506541946788,0.7370949345805321,3.2672597510157857,1.148676582607734,3.4712156289605165,49.14091487,1070.0,3.3333333,33.2335329,18.762475000000002,26.019575900000003,14.0,0.6487026,5.239521,13.358
E01026081,East Lindsey 004A,East Lindsey,2.3585311538297145,0.7641468846170285,2.5710961045421312,1.4348103331387232,3.0696870238082887,58.93036187,0.0,0.0,21.8554116,19.1391559,21.071663400000002,34.0,2.0058504,12.494776400000001,23.526
E01026082,East Lindsey 007B,East Lindsey,3.38460910476763,0.661539089523237,3.9431552759540973,1.6653941819482667,4.545277856400525,47.62278481,4260.0,15.6521739,36.9712352,25.465313000000002,33.4656835,26.0,1.0575296,4.5685279,21.885
E01026083,East Lindsey 015A,East Lindsey,3.2623022390069814,0.6737697760993019,3.2054808781582134,3.476007196034324,3.1054186428284076,50.94361158,0.0,0.0,21.5854312,29.084092099999996,55.4010695,49.0,2.3031601,16.8719871,65.238
E01026084,East Lindsey 012A,East Lindsey,2.6181780264672203,0.738182197353278,2.8056566578950934,1.9675671947528621,3.081310226753706,56.33233743,0.0,0.0,22.5709113,22.027761,33.0557335,28.0,1.9312010000000002,11.647555800000001,34.583
E01026087,East Lindsey 003C,East Lindsey,2.44676539992618,0.755323460007382,1.924368546070408,2.500049318768279,2.915878334939853,93.30976096,0.0,0.0,14.565826300000001,16.3165266,49.5901639,29.0,2.0308123,9.6638655,36.502
E01026088,East Lindsey 003D,East Lindsey,2.6760074593892846,0.7323992540610715,3.4017594441318826,1.5778222599588418,3.04844067407713,67.40469925,50.0,0.0,31.9971871,22.0112518,39.2572944,22.0,1.2658228,5.766526000000001,11.504
E01026089,East Lindsey 004C,East Lindsey,2.5032226230338197,0.749677737696618,3.2638202175550606,1.1952007836462815,3.0506468679001166,63.18622754,0.0,0.0,32.189463499999995,19.719671299999998,24.7172859,23.0,0.8699855,7.1048816,13.329
E01026090,East Lindsey 003E,East Lindsey,2.7590900281434982,0.7240909971856502,3.707972983811141,1.5053086581195196,3.0639884424998347,64.67452229,60.0,0.0,33.3333333,25.3934192,29.4346979,18.0,1.0729614,10.2288984,23.123
E01026091,East Lindsey 003F,East Lindsey,2.3583193161498954,0.7641680683850105,2.565926252725629,1.5127396596126907,2.9962920361113667,75.33564815,0.0,0.0,24.144144100000002,16.8468468,38.127853900000005,18.0,0.7207207,5.6756757,12.231
E01026092,East Lindsey 014A,East Lindsey,2.6898290680646166,0.7310170931935384,2.6556867916197495,2.3373363716619617,3.076464040912139,57.41555944,0.0,0.0,18.0192572,24.1403026,29.4655753,32.0,4.607978,18.1568088,51.906
E01026093,East Lindsey 014B,East Lindsey,2.9153963083320487,0.7084603691667951,2.853222552219898,2.797008351639819,3.0959580211364295,53.05825472,0.0,0.0,18.6706949,26.525679800000002,26.243902400000003,47.0,5.3776435,23.2024169,70.442
E01026094,East Lindsey 015B,East Lindsey,3.1761952712139396,0.682380472878606,3.4729736736448635,2.928317361181014,3.1272947788159406,46.05384615,0.0,0.0,28.5244361,26.4567669,48.1509434,59.0,2.2556391,11.5131579,45.683
E01026095,East Lindsey 014C,East Lindsey,2.9719338562587265,0.7028066143741274,3.495929525673658,2.336570705298268,3.083301337804254,55.88728324,0.0,0.0,29.6474359,25.721153800000003,38.2173382,37.0,2.6442308000000003,11.217948699999999,40.254
E01026096,East Lindsey 015C,East Lindsey,2.4768976786876906,0.7523102321312309,2.821758589005457,1.5230679095403221,3.0858665375172927,55.31390845,0.0,0.0,26.615483,18.3621241,36.6713681,20.0,0.4478567,5.950096,14.131
E01026097,East Lindsey 015D,East Lindsey,3.3652441926096888,0.6634755807390311,4.402097785902884,2.5836303174212394,3.1100044745049433,49.91858407,0.0,0.0,35.7921745,33.6112893,40.2131239,54.0,2.3733161999999997,11.4817191,42.327
E01026098,East Lindsey 018C,East Lindsey,2.7180269443285474,0.7281973055671452,3.1132319701603772,1.5734707125873997,3.4673781502378644,44.64761255,1000.0,1.4354067,29.2919496,20.223084399999998,36.467486799999996,25.0,0.7759457,5.4316198,14.338
E01026099,East Lindsey 005D,East Lindsey,3.3158646058309293,0.6684135394169071,4.11786769234321,2.0435039761497507,3.7862221489998262,46.08970775,1970.0,7.575757599999999,34.8677767,30.1665034,33.5677749,37.0,1.2242899,8.178256600000001,34.498
E01026100,East Lindsey 013E,East Lindsey,2.2272632748176395,0.7772736725182361,2.385502372792056,1.210233443396752,3.0860540082641097,55.27200489,0.0,0.0,22.1590909,16.0123967,24.3087558,15.0,2.3760331,9.504132199999999,16.209
E01026101,East Lindsey 013F,East Lindsey,3.025542244602933,0.6974457755397067,3.71903376693965,2.1573335930552453,3.200259373813904,55.07708779,340.0,0.0,28.167994200000003,30.557567000000002,36.5535248,29.0,1.3758146,9.1962346,38.848
E01026102,East Lindsey 018D,East Lindsey,3.033122164193381,0.6966877835806619,3.182208494831043,1.972496334359431,3.94466166338967,50.17691327,2500.0,7.758620700000001,29.677419399999998,20.9032258,36.351619299999996,31.0,1.3333332999999998,8.0,29.832
E01026103,East Lindsey 006A,East Lindsey,3.7760713375155723,0.6223928662484428,5.682353906750572,2.5315380285821996,3.114322077213945,48.95351124,0.0,0.0,49.8594189,39.5501406,44.5628998,56.0,0.7966261,7.6382381,34.995
E01026104,East Lindsey 006B,East Lindsey,3.944248704047412,0.6055751295952588,5.596825144668239,2.24742167075532,3.988499296718676,43.06342914,2540.0,3.626943,48.472026299999996,39.5862717,42.6066628,33.0,1.4104372,7.6633756,33.24
E01026105,East Lindsey 009D,East Lindsey,2.848891143274072,0.7151108856725928,3.6001931357650894,1.4629912019586861,3.483489092098439,40.68965517,990.0,6.870229,35.0,22.1363636,26.189005599999998,25.0,1.0,5.1363636,22.757
E01026106,East Lindsey 001F,East Lindsey,2.5215162645307503,0.747848373546925,3.063249360818803,1.2428271692039001,3.2584722635695478,54.04643629,500.0,0.8403361,30.4449649,18.3450429,31.024531,14.0,0.9367680999999999,4.918032800000001,10.695
E01026107,East Lindsey 001G,East Lindsey,2.1575156829599726,0.7842484317040027,2.1737766370417333,1.1019359379118632,3.1968344739263213,52.11728111,290.0,0.0,19.4294526,15.4202005,23.1578947,5.0,1.156515,6.5535852000000006,18.154
E01026108,East Lindsey 003G,East Lindsey,2.651314840746304,0.7348685159253696,2.463683850937552,2.4914833412032578,2.998777330098102,74.78013393,0.0,0.0,16.3850688,22.7897839,39.4856278,49.0,2.475442,12.9666012,40.977
E01026109,East Lindsey 006C,East Lindsey,3.9473122638860025,0.6052687736113997,5.677114077961253,2.9749090530183224,3.1899136606784313,40.25299335,110.00000000000001,0.0,48.2125604,41.062801900000004,53.0600462,49.0,1.6425121,13.1884058,45.993
E01026110,East Lindsey 017B,East Lindsey,3.0214984453699856,0.6978501554630014,3.754233838725397,2.1981310487339654,3.112130448650595,49.44338521,0.0,0.0,34.0865074,25.3712072,42.1218487,28.0,1.4202711,8.0697224,33.644
E01026111,East Lindsey 017C,East Lindsey,2.976828273332925,0.7023171726667075,3.513861146974974,2.2747940854368585,3.1418295875869418,47.27542857,60.0,0.0,29.894875199999998,25.755584799999998,45.410627999999996,14.0,1.7739816,8.4099869,38.109
E01026112,East Lindsey 017D,East Lindsey,3.1383969947331334,0.6861603005266866,3.2693912506450875,3.0425139033486523,3.10328583020566,51.42033898,0.0,0.0,21.872477800000002,29.782082300000003,44.3365696,33.0,3.1476998,13.7207425,65.692
E01026113,East Lindsey 008D,East Lindsey,3.2478306102822376,0.6752169389717763,3.9868226637190225,2.080471360721524,3.676197806406167,44.73957447,1620.0,9.459459500000001,36.6600791,26.4328063,38.3704735,27.0,1.0869564999999999,6.5217391,34.01
E01026114,East Lindsey 014D,East Lindsey,2.9110057041277106,0.708899429587229,3.025135669278491,2.616047922680236,3.0918335204244056,53.98016529,0.0,0.0,22.5867508,25.362775999999997,34.5119139,44.0,4.6056782,15.0788644,53.122
E01026115,East Lindsey 012C,East Lindsey,3.619289188182346,0.6380710811817654,4.500966066044656,3.2139964757536377,3.1429050227487445,42.56463621,0.0,0.0,36.0998259,34.8229832,57.907949800000004,53.0,2.4956471000000002,15.4381892,47.974
E01026116,East Lindsey 012D,East Lindsey,2.796116512540094,0.7203883487459906,3.119130680225018,2.16503790787647,3.104180949518794,51.22026144,0.0,0.0,24.349442399999997,25.092936799999997,40.654699,25.0,1.0532838,11.710037199999999,35.684
E01026117,East Lindsey 008E,East Lindsey,3.2074184698635206,0.6792581530136479,3.9698617984587043,1.809899098688004,3.842494512443853,47.14985549,2150.0,10.7526882,36.8802228,25.9610028,32.9332333,27.0,1.2256266999999998,6.7409471,28.662
E01026118,East Lindsey 016E,East Lindsey,2.780662113580325,0.7219337886419674,4.0452648817119226,1.1485530039266145,3.148168455102438,41.38815104,0.0,0.0,41.2464589,22.8895184,28.9335664,17.0,0.5665722,3.7393768,8.324
E01026119,East Lindsey 016F,East Lindsey,3.360116595717694,0.6639883404282306,4.50709575542947,0.9286499188940273,4.644604112829586,48.61191011,4550.0,37.8205128,45.0184502,26.2915129,23.4131113,9.0,0.8302583,3.597786,8.554
E01026120,East Lindsey 016G,East Lindsey,2.592612688757367,0.7407387311242632,3.609773431076519,1.0747485914636268,3.093316043731955,53.6487909,0.0,0.0,32.7272727,24.4805195,18.4411615,21.0,1.038961,6.753246799999999,16.809
E01026121,East Lindsey 007C,East Lindsey,2.794672503594325,0.7205327496405675,3.148101902077766,1.7777463883406697,3.45816922036454,52.90621053,1080.0,4.7904192,27.854406100000002,22.145593899999998,34.467548799999996,26.0,1.3793103,7.1264368,25.369
E01026122,Lincoln 004A,Lincoln,1.7423148573785447,0.8257685142621456,1.2194961378554299,1.0436968432631817,2.9637515910170236,86.33444767,50.0,0.0,7.872860600000001,12.0293399,8.7043024,17.0,3.9119804,8.606357000000001,26.95
E01026123,Lincoln 004B,Lincoln,1.9873572286780254,0.8012642771321974,1.4872562269436402,1.4851128238013707,2.9897026352890657,76.80851449,0.0,0.0,9.443299,14.597938099999999,17.5438596,28.0,3.6701031000000004,12.2061856,31.23
E01026124,Lincoln 004C,Lincoln,1.8184502560513076,0.8181549743948693,1.1401060174556852,1.4768234982208654,2.838421252477372,110.6230088,0.0,0.0,6.2896711,12.3485286,23.2835821,13.0,3.4045009,13.4448932,29.568
E01026125,Lincoln 003A,Lincoln,1.878465456199729,0.8121534543800271,1.8337071557318705,0.922557301957772,2.879131910909544,101.523341,0.0,0.0,11.041796600000001,18.3406114,9.430087299999999,9.0,3.4310667,7.2364317,24.179
E01026126,Lincoln 004D,Lincoln,2.5169079776328798,0.748309202236712,1.943072451350371,2.711271278352995,2.896380203195274,97.66799363,0.0,0.0,9.6404377,21.3652944,31.9970304,46.0,8.025013,18.0302241,56.385
E01026127,Lincoln 007A,Lincoln,2.6346826750495054,0.7365317324950494,2.4678362968032665,2.5967574942272607,2.8394542341179894,110.3921162,0.0,0.0,16.367713000000002,22.8699552,44.3740095,26.0,4.4095664999999995,18.6846039,46.578
E01026129,Lincoln 007C,Lincoln,2.5386570996030593,0.7461342900396941,1.8745163564107163,2.9503779856497796,2.791076956748682,121.2054307,0.0,0.0,8.6236436,21.3021131,42.4369748,21.0,4.7401485,21.9303255,67.143
E01026130,Lincoln 009A,Lincoln,2.3945823498652126,0.7605417650134787,3.2196405463673052,1.1884566764019788,2.775649826826354,124.6537109,0.0,0.0,30.463038199999996,20.714866,28.661417300000004,10.0,1.7059300999999998,7.1486596,12.149
E01026131,Lincoln 007D,Lincoln,2.4406030927288556,0.7559396907271144,2.7843508061996665,1.7550780610629637,2.7823804109239365,123.1492872,0.0,0.0,21.5865751,22.6544622,35.5395683,12.0,2.5171625,11.4416476,27.365
E01026132,Lincoln 005A,Lincoln,1.4938643165184435,0.8506135683481557,0.5685878262538886,0.8936753140846306,3.0193298092168113,70.18623298,0.0,0.0,3.5895075999999997,6.235619,8.6680398,25.0,1.3345605,4.509894200000001,19.597
E01026134,Lincoln 006A,Lincoln,2.4279514753477405,0.757204852465226,2.2578826906179446,1.9193200038298108,3.106651731595466,100.0247392,660.0,2.5510204,13.693219200000001,22.2514812,32.0910973,34.0,4.4766294,12.5740619,28.471
E01026135,Lincoln 008B,Lincoln,2.3177808619150393,0.768221913808496,2.913433614621651,1.1986929153666952,2.841216055756771,109.9983129,0.0,0.0,25.1696484,21.1597779,27.057613200000002,13.0,0.987045,6.6008637,14.315
E01026136,Lincoln 008C,Lincoln,2.126326333672656,0.7873673666327344,2.5535552657094183,0.9932942879870208,2.832129447321528,112.0293564,0.0,0.0,22.9328165,17.829457400000003,27.116564399999998,6.0,1.5503876,5.0387597,7.026
E01026137,Lincoln 011A,Lincoln,2.073485832473148,0.7926514167526852,2.2834809009388977,1.2202560551040362,2.71672054137651,137.8256158,0.0,0.0,19.9643494,16.5775401,30.277185499999998,8.0,1.3368984,8.5561497,12.659
E01026138,Lincoln 011B,Lincoln,2.3052251110252544,0.7694774888974746,2.897055891004988,1.2677474680480743,2.7508719740227003,130.1920696,0.0,0.0,26.568265699999998,19.5571956,34.3402226,9.0,0.8118080999999999,8.1180812,9.569
E01026139,Lincoln 011C,Lincoln,1.9660225896279744,0.8033977410372026,2.2937537801129033,0.8233745032300366,2.780939485540983,123.4713636,0.0,0.0,21.3256484,15.417867399999999,22.437673099999998,6.0,0.648415,4.0345821,6.423
E01026140,Lincoln 011D,Lincoln,2.350542115189667,0.7649457884810333,2.437866584840013,1.7612987482014308,2.852461012527558,120.2720739,170.0,1.6949153000000001,18.152085,20.6868357,38.3966245,13.0,1.9623875999999998,13.736713,24.007
E01026141,Lincoln 011E,Lincoln,2.0100350261255877,0.7989964973874413,2.0013889709164037,1.2152723185370855,2.813443788923275,116.2059846,0.0,0.0,15.4910097,16.5975104,32.6765189,6.0,0.9681881,5.3250345999999995,10.443
E01026142,Lincoln 011F,Lincoln,2.4908401817344124,0.7509159818265587,2.6482732455320686,1.9957778133090742,2.828469486362094,112.8474328,0.0,0.0,20.2276708,21.8914186,36.8421053,18.0,2.1891419,11.646234699999999,34.621
E01026144,Lincoln 003B,Lincoln,1.6061277421800755,0.8393872257819924,1.0678890276988944,0.9945725552489856,2.7559216435923464,129.0633648,0.0,0.0,7.674418600000001,9.9069767,16.460396,13.0,1.6744186,6.4186046999999995,18.347
E01026145,Lincoln 005C,Lincoln,1.7131132215079345,0.8286886778492065,1.4167050615596681,0.8856955163774745,2.836939086586661,110.9543033,0.0,0.0,12.293578,10.764526,17.4479167,12.0,1.5902141,5.6880734,12.508
E01026146,Lincoln 005D,Lincoln,1.8161386953125758,0.8183861304687424,1.277456996548818,1.3477150242405949,2.823244065148314,114.0154217,0.0,0.0,9.076175000000001,11.7504052,18.697318,30.0,1.7828201,6.199351699999999,24.583
E01026147,Lincoln 003C,Lincoln,1.9662694552974411,0.8033730544702559,1.9866113543908563,0.9326792976537508,2.979517713847717,85.04560086,80.0,0.0,17.986269999999998,13.958810099999999,17.9720704,11.0,2.5629291,4.7597254,13.342
E01026148,Lincoln 003D,Lincoln,2.125133817507646,0.7874866182492354,2.178327554997338,1.2681065183801128,2.928967379145487,90.38409091,0.0,0.0,17.900874599999998,16.96793,19.1502854,28.0,3.2069971,8.5714286,19.588
E01026149,Lincoln 001A,Lincoln,2.756679183834129,0.7243320816165871,2.830049076316996,2.59703198687691,2.842956488308481,109.6092905,0.0,0.0,18.0163214,26.8047709,44.0366972,24.0,4.7708726,17.0747018,47.477
E01026150,Lincoln 001B,Lincoln,2.7202121866347704,0.7279787813365229,2.7453055840608065,2.545808467413754,2.869522508429752,103.6712397,0.0,0.0,16.0411622,27.421307499999998,40.6159769,34.0,4.842615,18.0387409,45.532
E01026151,Lincoln 003E,Lincoln,2.4193000172059342,0.7580699982794066,2.319609883559827,1.2924989157333202,3.645791252324655,92.63856383,2160.0,21.621621599999997,20.5060622,16.605166099999998,23.9782016,25.0,2.0558777,7.2219294000000005,16.716
E01026152,Lincoln 004E,Lincoln,2.644672284404416,0.7355327715595584,2.102181046821799,3.020955268411641,2.810880537979807,116.7789238,0.0,0.0,9.946595499999999,23.4979973,42.7595628,36.0,4.4726302,19.2256342,64.143
E01026153,Lincoln 002A,Lincoln,2.20104554903578,0.779895445096422,2.378257086596975,1.2637659103803878,2.9611136501299775,83.1987395,0.0,0.0,19.2631157,18.702442899999998,25.7738896,24.0,1.5618741999999999,7.328794600000001,13.926
E01026154,Lincoln 004F,Lincoln,2.416052448875005,0.7583947551124995,2.4331980739920915,2.0395241012603114,2.775435171372612,124.7016908,0.0,0.0,16.015325699999998,22.6819923,32.4414716,29.0,3.9080459999999997,14.406130300000001,36.185
E01026155,Lincoln 002B,Lincoln,1.838289978639593,0.8161710021360407,1.7956378883267359,0.911488892167271,2.807743155424772,117.4801932,0.0,0.0,16.755319099999998,12.2340426,22.428330499999998,5.0,1.1170213,7.393617,10.39
E01026156,Lincoln 004G,Lincoln,2.32072217486186,0.767927782513814,2.098699754479583,2.050321067900277,2.81314570220572,116.2726131,0.0,0.0,14.876033099999999,18.677685999999998,39.8058252,15.0,3.0578512,13.8016529,33.455
E01026157,Lincoln 002C,Lincoln,2.913649130313893,0.7086350869686107,3.1201889639421694,2.537448660578402,3.0833097664211073,96.92969925,550.0,0.9174312,22.4199288,26.975089,39.0625,23.0,2.9893237999999998,13.6654804,53.715
E01026158,Lincoln 009B,Lincoln,2.623376029477976,0.7376623970522024,3.7829115828510766,1.2796908295135458,2.807525676069305,117.5288043,0.0,0.0,35.8819076,24.0726722,29.9212598,11.0,1.2869039,6.4345193,14.713
E01026159,Lincoln 009C,Lincoln,2.1369449285652795,0.786305507143472,2.339901920988577,1.2427920286986993,2.828140836008562,112.9208929,0.0,0.0,17.238806,20.074626900000002,28.021015799999997,10.0,1.8656716,11.0447761,15.324
E01026160,Lincoln 009D,Lincoln,2.1880600027093857,0.7811939997290615,2.600233790367122,1.1771591108786885,2.7867871068823464,122.1643002,0.0,0.0,24.9404289,16.6004766,30.573248400000004,12.0,1.2708499,6.5925338,8.723
E01026161,Lincoln 010A,Lincoln,2.685983704281257,0.7314016295718743,2.9513434714920885,2.2794788578096847,2.8271287835419976,113.1471074,0.0,0.0,20.6999255,26.0610573,36.0795455,35.0,3.2762472000000002,17.5725987,40.596
E01026162,Lincoln 009E,Lincoln,2.6036441540361595,0.739635584596384,3.4686960498342545,1.4528647873089746,2.88937162496525,123.0767442,320.0,0.0,32.3981296,22.645290600000003,28.9239882,16.0,2.2712091,7.882431500000001,20.93
E01026163,Lincoln 009F,Lincoln,1.8645592085146827,0.8135440791485318,2.1705409759915764,0.613839508434738,2.8092971411177334,117.1328455,0.0,0.0,20.4581359,14.375987400000001,11.5281501,5.0,0.8688783999999999,7.2669826,11.518
E01026164,Lincoln 003F,Lincoln,2.1481870541614825,0.7851812945838518,2.7608687119021367,0.7893044470176982,2.8943880035646123,98.11329114,0.0,0.0,24.892703899999997,19.0987124,17.824267799999998,14.0,0.5007153,3.2904149,7.922
E01026165,Lincoln 002D,Lincoln,2.7090026071442064,0.7290997392855794,3.115836401246785,2.1465640308193663,2.8646073893664674,104.7698697,0.0,0.0,24.2176871,25.170068,30.254237299999996,35.0,3.537415,14.3537415,41.995
E01026166,Lincoln 001C,Lincoln,2.640806657621887,0.7359193342378113,2.6673073863311894,2.3994276636311325,2.8556849229033396,106.7642241,0.0,0.0,17.8014766,24.5283019,46.1788618,20.0,3.5274815,13.2895816,38.481
E01026167,Lincoln 003G,Lincoln,2.264413878717835,0.7735586121282165,3.111760397030265,0.6737492389424237,3.0077320001808174,72.77858136,0.0,0.0,29.568106300000004,19.9335548,12.4671226,10.0,1.1960133,3.5215946999999996,10.648
E01026168,Lincoln 001D,Lincoln,2.5769325771902873,0.7423067422809713,2.2013511805376575,2.7286586033717883,2.8007879476614153,119.0348249,0.0,0.0,12.0788303,22.9497775,47.8138223,20.0,4.6408137,16.465352799999998,50.265
E01026169,Lincoln 011G,Lincoln,2.7196204505371426,0.7280379549462858,3.4566028858184765,1.8492119037134824,2.8530465620794696,107.3539519,0.0,0.0,27.3794003,27.3142112,36.7777778,22.0,1.8904824,11.1473272,26.641
E01026170,Lincoln 010B,Lincoln,2.4789747476045534,0.7521025252395447,2.552497745689961,1.9814684297758987,2.9029580673478006,114.8244165,250.0,0.0,17.3050616,23.255814,35.5246523,17.0,3.2147742999999998,12.653898799999999,35.029
E01026171,Lincoln 011H,Lincoln,2.5301347410471715,0.7469865258952828,3.457791758001724,0.9599551970859241,3.1726572680538663,103.715625,910.0,0.0,35.4527938,19.524727,23.4932349,7.0,0.7707129,5.780346799999999,10.761
E01026172,Lincoln 010C,Lincoln,2.2683856915741374,0.7731614308425863,1.782649252072594,2.2070226713179455,2.8154851513318735,115.7496982,0.0,0.0,11.549295800000001,17.0704225,40.4907975,18.0,2.4788732,11.154929600000001,39.169
E01026173,Lincoln 010D,Lincoln,2.6662902410777662,0.7333709758922233,2.283926921468155,2.8850324930107556,2.8299113087543883,112.5251559,0.0,0.0,11.034047900000001,25.220681,34.8017621,32.0,5.5485498,21.878940699999998,68.992
E01026174,Lincoln 008D,Lincoln,1.9109712683957654,0.8089028731604235,1.670973854720739,1.2452506676644381,2.8166892828021197,115.4805501,0.0,0.0,11.4754098,15.4371585,20.1,9.0,2.9371585,12.0901639,25.29
E01026175,Lincoln 010E,Lincoln,2.2756110370514038,0.7724388962948596,1.9016963072050184,1.9935071492086593,2.9316296547405343,96.55621547,90.0,0.862069,9.6153846,20.7579186,29.6351452,22.0,4.7511312,19.3438914,39.751
E01026176,Lincoln 006B,Lincoln,2.345760015177872,0.7654239984822128,1.3857914007588585,1.7327898379688853,3.9186988068058723,83.75508083,2880.0,0.23201860000000002,6.0999039,16.2824207,10.8497059,32.0,4.8991354000000005,17.339097,48.634
E01026177,Lincoln 006C,Lincoln,1.815321701363312,0.8184678298636687,1.0412700844850522,1.5694908237970118,2.835204195807872,111.342087,0.0,0.0,7.0880361,10.067720099999999,24.9720045,13.0,3.7923251,12.7765237,31.168
E01026178,Lincoln 006D,Lincoln,1.9751905816743018,0.8024809418325698,1.7241801385652475,1.3661475275117738,2.835244078945884,111.3331723,0.0,0.0,12.1767241,15.5711207,18.9937107,22.0,3.5021552,12.7155172,26.432
E01026179,North Kesteven 008A,North Kesteven,2.7300171349891156,0.7269982865010884,1.499274348955887,0.6648300698733411,6.025946986138119,54.62469512,8770.0,42.7536232,11.3831899,12.9053607,12.6959248,8.0,0.39708800000000005,2.9119788,11.605
E01026180,North Kesteven 007A,North Kesteven,2.459222246749761,0.7540777753250238,2.9449727161488024,1.3386521873388504,3.094041836761632,53.48656126,0.0,0.0,24.8221906,21.9772404,25.6,14.0,1.2802276,6.2588905,21.996
E01026182,North Kesteven 003B,North Kesteven,2.2163187496215895,0.778368125037841,2.4063746716863577,0.954451591563253,3.288129985615157,57.89030521,640.0,1.4285714,25.425950200000003,13.1716907,22.1642764,19.0,0.5242464,3.9973788000000003,7.661
E01026183,North Kesteven 007B,North Kesteven,2.763928885189763,0.7236071114810236,3.04039106879104,2.098247120049242,3.153148466729007,46.98063201,90.0,0.0,24.593716099999998,23.654749,40.1505646,37.0,1.4445648,7.403394700000001,27.982
E01026184,North Kesteven 004A,North Kesteven,1.274358015305549,0.8725641984694451,0.8038053741412672,0.18660964821920514,2.832659023556175,124.5771484,170.0,0.0,5.9201469,7.5722809,3.5079289,5.0,0.2753557,1.5144562000000001,3.212
E01026185,North Kesteven 004B,North Kesteven,2.465922085966515,0.7534077914033485,3.24950895851578,1.2979953754971256,2.8502619238866393,111.7017178,50.0,0.0,29.1393826,22.4508887,31.5259489,18.0,0.7015903,4.536950399999999,11.189
E01026186,North Kesteven 001A,North Kesteven,2.045241475627455,0.7954758524372545,2.642415131044717,0.7305854259577925,2.7627238698798564,127.5429276,0.0,0.0,25.4424779,16.7588496,20.3402939,8.0,0.3871681,3.4292035,4.418
E01026187,North Kesteven 001B,North Kesteven,1.5320563756687393,0.846794362433126,1.2847266422761034,0.5615796332417228,2.7498628514883916,130.4176292,0.0,0.0,10.675606,10.3145952,16.7197452,0.0,0.6704487,4.4352759,4.427
E01026188,North Kesteven 004C,North Kesteven,2.2875291062422014,0.7712470893757799,2.51749275766171,1.5183584009720301,2.8267361600928638,113.2348668,0.0,0.0,19.6229649,20.4798629,35.6456777,28.0,1.6281062999999998,6.9837188999999995,10.754
E01026189,North Kesteven 001C,North Kesteven,2.477591550656671,0.752240844934333,3.503383869868049,1.079996932878022,2.8493938492239415,108.1704082,0.0,0.0,34.760274,20.890411,29.2510121,17.0,0.7420091,4.2808219,4.549
E01026190,North Kesteven 004D,North Kesteven,2.563989297586058,0.7436010702413942,3.166596517694267,1.5207488834602734,3.0046224916036333,112.3919431,520.0,2.4464832,29.1005291,21.2228101,27.2475795,28.0,1.8812463000000001,6.2316285,21.831
E01026191,North Kesteven 005A,North Kesteven,2.6307325921718943,0.7369267407828106,2.028372864508028,1.0243527127546952,4.839472199252961,73.35971787,5490.0,13.5802469,18.851571,13.759479999999998,23.7819026,8.0,0.9750813,4.8754063,12.72
E01026192,North Kesteven 006A,North Kesteven,2.6683139451718962,0.7331686054828104,2.6769333635436157,1.1715213275757512,4.156487144396322,49.52772277,3110.0,25.2427184,24.5575221,18.1415929,22.1826809,9.0,1.1061947,4.1297935,21.098
E01026193,North Kesteven 003C,North Kesteven,2.303677498397725,0.7696322501602275,2.973923663633312,0.7783117898691014,3.158797041690761,48.01041293,120.0,0.8,27.2005295,20.119126400000003,16.250799699999998,7.0,0.7279947,3.3752482,12.132
E01026194,North Kesteven 006B,North Kesteven,2.315523169549841,0.7684476830450159,2.9060847244148595,0.9501128320400927,3.090371952194571,54.30685579,0.0,0.0,27.408477799999996,18.8824663,23.869944500000003,14.0,0.7707129,4.1907514,6.954
E01026195,North Kesteven 006C,North Kesteven,2.4396665735730108,0.756033342642699,2.8375906539000435,0.8147586343609845,3.666650432458004,52.6903819,1700.0,7.4468085,30.2254098,15.1127049,21.0067764,7.0,0.6147541000000001,3.0737705,7.572
E01026196,North Kesteven 006D,North Kesteven,2.6280264337850046,0.7371973566214995,3.3147874344056927,0.9661095437522963,3.603182323197025,50.05255354,1480.0,1.3888889,32.5,20.1973684,22.4940805,18.0,1.1842105,3.75,7.459
E01026197,North Kesteven 008B,North Kesteven,2.2642341428279344,0.7735765857172066,2.657329866663572,1.0429627873993128,3.092409774420918,58.32177122,60.0,0.0,24.3430152,18.0497925,27.559055100000002,10.0,0.6224066,6.8464730000000005,8.079
E01026198,North Kesteven 008C,North Kesteven,1.326292628214019,0.8673707371785981,0.5430752104820676,0.21192637476222903,3.2238762993977605,40.8573991,220.00000000000003,0.0,4.1891083,5.2663076,6.4655172,0.0,0.299222,2.3937762,2.433
E01026199,North Kesteven 003D,North Kesteven,2.6891998362337333,0.7310800163766267,2.8090776711665635,1.1397678458503226,4.118753991684314,52.12336735,3050.0,6.091370599999999,26.6610597,18.124474300000003,23.5294118,18.0,0.9251472000000001,4.4154751999999995,14.354
E01026200,North Kesteven 012A,North Kesteven,2.384489225908791,0.7615510774091209,2.677165265816628,0.9128169991197363,3.5634854127900084,61.06161765,1510.0,0.0,26.3093038,16.451016600000003,22.1033868,9.0,1.1090573,5.7917437000000005,9.269
E01026201,North Kesteven 012B,North Kesteven,2.834477662533868,0.7165522337466133,3.2087918614541335,1.531001263775786,3.7636398623716847,45.79399727,1889.9999999999998,16.216216199999998,30.475741899999996,20.536976000000003,31.6630356,25.0,1.0362694000000001,6.406029200000001,18.525
E01026202,North Kesteven 012C,North Kesteven,2.936125291523137,0.7063874708476863,4.136595012818457,1.5658916637492608,3.105889198001693,50.83843284,0.0,0.0,37.992643199999996,27.4303731,37.394958,28.0,1.3137151999999999,4.8870205,10.95
E01026203,North Kesteven 001D,North Kesteven,2.524505052488563,0.7475494947511437,3.38173416381321,0.9818687014124473,3.2099122922400305,95.56153846,910.0,2.4242424,34.6315789,19.1578947,25.8728738,15.0,0.5263158,3.7368421,5.594
E01026204,North Kesteven 001E,North Kesteven,2.406091528656573,0.7593908471343427,3.4148822899498747,0.9275888315497187,2.875803464470126,102.2673171,0.0,0.0,34.601227,19.6932515,27.9373368,8.0,0.6748466,4.3558281999999995,3.024
E01026205,North Kesteven 005B,North Kesteven,2.70633100216906,0.729366899783094,3.265365454427103,1.411714057147876,3.4419134949322014,102.9645656,1700.0,8.0188679,28.2451923,23.5576923,29.5723385,25.0,1.4423077,5.1682692,15.393
E01026206,North Kesteven 001F,North Kesteven,1.9942323826042287,0.8005767617395771,2.3046703102185457,0.863650689108986,2.8143761484851546,115.9975831,0.0,0.0,22.6686508,14.285714299999999,24.1975309,11.0,0.7440475999999999,4.3154762,3.782
E01026207,North Kesteven 012D,North Kesteven,2.788269309341486,0.7211730690658514,3.5078721648880276,1.583905066617784,3.273030696518647,47.86192469,459.99999999999994,1.5384615000000001,30.6024096,24.9799197,27.4213836,20.0,1.3654618,7.228915700000001,28.322
E01026208,North Kesteven 012E,North Kesteven,2.473822297714366,0.7526177702285635,2.590277273098362,1.0225519380092412,3.808637682035494,64.22245989,2280.0,8.2191781,24.2781379,17.0889806,24.021164,9.0,1.0017678,5.480259299999999,11.878
E01026209,North Kesteven 009A,North Kesteven,2.8371226002867207,0.7162877399713279,4.072578797964539,1.2184564186031628,3.220332584292461,37.92415006,170.0,0.0,39.2682927,25.2195122,31.277533000000002,18.0,0.7804878000000001,5.1219512,7.768
E01026210,North Kesteven 007C,North Kesteven,3.067482378975418,0.6932517621024582,2.7487159498132554,1.657524066297205,4.796207120815794,46.60240826,5000.0,14.7058824,25.7601351,18.0743243,35.6125356,30.0,0.9712837999999999,5.532094600000001,17.107
E01026211,North Kesteven 005C,North Kesteven,2.1905821346750374,0.7809417865324962,2.318898912589256,0.9337788000699498,3.3190686913659064,46.77619718,580.0,5.2325581,22.4616858,14.703065100000002,23.2804233,12.0,0.9099617000000001,3.7835249,7.658
E01026212,North Kesteven 005D,North Kesteven,2.44091914194734,0.755908085805266,2.8580538131114492,1.230004420998403,3.2346991917321692,45.88894472,320.0,0.0,25.976696399999998,19.533927300000002,31.264637,16.0,0.8910212000000001,5.8944483,9.012
E01026213,North Kesteven 005E,North Kesteven,2.9947214600418115,0.7005278539958188,3.944091738072176,1.9298131591115695,3.1102594829416894,49.86158445,0.0,0.0,33.765468500000004,28.579846800000002,41.979522200000005,34.0,1.8267531,6.9534473,18.587
E01026214,North Kesteven 014A,North Kesteven,2.2907388961070967,0.7709261103892904,2.8471209634440875,1.2477221060290309,2.7773736188481712,124.268408,0.0,0.0,25.5494505,19.7802198,34.2908438,10.0,1.007326,7.2344322000000005,8.098
E01026215,North Kesteven 014B,North Kesteven,2.3571812498173284,0.7642818750182672,3.414033433878066,0.9169694397188695,2.74054087585505,132.5012821,0.0,0.0,32.5670498,21.6475096,24.8339973,8.0,1.1494252999999999,4.0229885,6.179
E01026218,North Kesteven 014C,North Kesteven,2.7186820153605944,0.7281317984639406,4.264583255630976,1.0104924618051077,2.8809703286457005,101.1124169,0.0,0.0,40.4918033,26.9672131,21.8120805,15.0,0.9836065999999999,6.311475399999999,11.846
E01026219,North Kesteven 014D,North Kesteven,2.4251028824916205,0.7574897117508379,3.064135857478774,1.4610394917572682,2.7501332982388202,130.3571788,0.0,0.0,29.806885,18.9756507,40.2550091,12.0,1.1754828,6.2972292,8.96
E01026220,North Kesteven 013A,North Kesteven,2.789657987460878,0.7210342012539122,4.085312115914716,1.4315886961084927,2.852073150359425,107.5715294,0.0,0.0,37.154508400000005,27.4580879,33.8815789,18.0,0.6343453,6.298142299999999,14.261
E01026221,North Kesteven 009B,North Kesteven,2.726807603024531,0.7273192396975469,2.729777641053964,1.3075212083979506,4.143123959621679,55.31406761,3160.0,12.280701800000001,26.167471799999998,17.391304299999998,25.1040222,18.0,1.4492754,5.394525,19.415
E01026222,North Kesteven 009C,North Kesteven,2.590800284532609,0.7409199715467392,3.496583773614562,1.1156060666045309,3.1602110133787327,54.37348777,210.0,0.42918449999999997,32.2295806,23.2339956,27.2780717,15.0,0.9933775,6.1810155,9.369
E01026223,North Kesteven 008D,North Kesteven,2.478226138340517,0.7521773861659483,3.089829332911104,1.234694999421642,3.1101540826888048,49.88514357,0.0,0.0,27.9046169,21.2075089,33.1771321,13.0,0.761035,6.8493151,8.029
E01026224,North Kesteven 007D,North Kesteven,3.030597374361916,0.6969402625638084,3.038976587285184,2.0783510278275994,3.974464507972964,43.89289026,2500.0,13.0434783,24.3006034,23.916621,42.941757200000005,34.0,2.1393307999999998,10.2578168,23.799
E01026225,North Kesteven 003E,North Kesteven,1.9154240043554578,0.8084575995644543,1.845703948329191,0.9923564822345075,2.9082115825026746,95.0234375,0.0,0.0,16.3756773,13.365442499999999,26.777251200000002,7.0,0.9030704,5.1173992,7.722
E01026226,North Kesteven 003F,North Kesteven,2.753574020418176,0.7246425979581824,4.135540809436783,1.1710828889293698,2.9540983628883755,105.7272472,280.0,1.3793103,40.0769654,25.3985706,30.5028854,19.0,0.49477740000000003,4.2880704,6.522
E01026227,North Kesteven 010A,North Kesteven,2.3641450197411475,0.7635854980258853,2.6020563433629578,1.3612337335751339,3.12914498228535,47.87549296,30.0,0.0,19.7283312,21.6688228,17.302904599999998,33.0,2.7166882,14.4243208,24.815
E01026228,North Kesteven 011A,North Kesteven,1.821237782641905,0.8178762217358095,1.3772324082525376,0.9826616304087583,3.1038193092644195,51.30109546,0.0,0.0,11.3844394,11.0411899,23.659306,8.0,1.5446224,8.180778,10.339
E01026229,North Kesteven 011B,North Kesteven,1.8534866128676046,0.8146513387132395,1.58169104294469,0.9964357940534736,2.98233300160465,78.45577889,0.0,0.0,14.582224599999998,11.0697179,26.259542000000003,5.0,1.9159127000000002,6.2267163,8.329
E01026230,North Kesteven 010B,North Kesteven,2.1849698433112703,0.7815030156688729,2.0009527668900366,1.3189088352923903,3.2350479277513835,99.40611855,1030.0,9.7328244,17.9487179,14.214046799999998,20.8563536,19.0,2.0624303,8.361204,24.546
E01026231,North Kesteven 010C,North Kesteven,1.9931468945541095,0.800685310544589,1.7997143828333122,1.0048166258281628,3.1749096750008534,53.2925816,240.0,0.0,17.3849525,11.687363000000001,24.925816,17.0,1.3513514,6.7932798000000005,6.207
E01026232,North Kesteven 010D,North Kesteven,2.570325238941218,0.7429674761058782,3.2607890483073767,1.341629102647915,3.1085575658683626,50.24199785,0.0,0.0,25.969173299999998,25.688930399999997,20.4690117,35.0,1.7748716000000002,10.555815,19.884
E01026233,North Kesteven 011C,North Kesteven,2.1435014114692206,0.7856498588530779,2.3921075155520066,0.8972737799116517,3.141122938944003,42.96296852,0.0,0.0,22.0908525,16.1792159,26.106194700000003,7.0,0.3111388,5.3515868,4.87
E01026235,North Kesteven 010E,North Kesteven,2.4016234490442105,0.759837655095579,2.5832724593189713,1.4833534094874081,3.1382444783262518,48.8218425,70.0,0.0,20.3928365,20.739457,21.8829517,22.0,3.5239746000000003,12.767186599999999,27.946
E01026236,North Kesteven 011E,North Kesteven,2.7141011690540804,0.7285898830945919,3.416749783619367,1.5905432219773645,3.135010501565509,44.32922374,0.0,0.0,30.0681431,24.105621799999998,43.4375,5.0,1.4480409,8.0068143,13.229
E01026237,North Kesteven 004E,North Kesteven,2.4066971495258724,0.7593302850474127,3.2273102352792797,1.108866008901192,2.883915204397146,129.7887255,390.0,3.875969,31.6467341,19.6872125,30.267558500000003,5.0,1.0119595000000001,5.5197792,9.121
E01026238,North Kesteven 004F,North Kesteven,2.04787190402005,0.795212809597995,2.074509704276431,1.3144194963939184,2.7546865113898016,129.3394422,0.0,0.0,17.939481299999997,15.3458213,35.4124748,12.0,1.0086454999999999,4.1066282,8.867
E01026239,South Holland 011A,South Holland,2.273066659543425,0.7726933340456575,2.1913526434701156,1.5253056320945473,3.102541703065611,51.58666667,0.0,0.0,20.7080504,14.4519884,34.8324515,17.0,1.0184287,5.3831232,17.309
E01026240,South Holland 011B,South Holland,2.286693684420914,0.7713306315579086,2.3788680423200095,1.3797762944484009,3.1014367164943315,51.83365385,0.0,0.0,23.2378855,14.867841400000001,32.749428800000004,17.0,1.6152717,5.3230543,12.748
E01026241,South Holland 005A,South Holland,2.5850778112323836,0.7414922188767616,1.7060316405000753,1.4617369649385243,4.587464828258551,46.71034483,4380.0,9.7222222,14.8803828,12.679425799999999,28.9366053,20.0,0.9090908999999999,6.7942584,21.154
E01026242,South Holland 001A,South Holland,2.9413282265549427,0.7058671773445058,2.7891210241156896,1.3938492379203997,4.641014417628739,49.72260062,4570.0,21.2765957,26.5247411,17.9516686,33.825079,15.0,1.3233602,5.4085155,13.086
E01026243,South Holland 001B,South Holland,2.5069845903012826,0.7493015409698718,2.710954937027354,1.6921868284093893,3.1178120054671044,48.17344064,0.0,0.0,22.575869700000002,20.5773501,35.9002169,19.0,2.2945966,9.9925981,21.372
E01026244,South Holland 001C,South Holland,2.726877570213414,0.7273122429786586,3.3176423405862883,1.5508375082886334,3.3121528617653198,43.47782805,520.0,0.0,28.6995516,23.916293,38.2010582,13.0,0.8221226,5.7548580000000005,15.82
E01026245,South Holland 010A,South Holland,2.9341772436239437,0.7065822756376057,3.731055650414275,1.9372786237742492,3.1341974566833066,44.51095596,0.0,0.0,33.8120104,25.2828547,37.9610656,39.0,1.5665795999999999,6.2228024,22.549
E01026246,South Holland 002A,South Holland,2.954476632535821,0.7045523367464179,3.261839340617316,1.923273254951161,3.6783173020389874,38.37460701,1550.0,0.0,29.109159299999998,22.6683396,36.9250986,24.0,1.0874111,7.695524900000001,29.916
E01026247,South Holland 001D,South Holland,3.064551365455978,0.6935448634544021,3.6981461414636048,1.58165223267098,3.91385572223335,52.88028391,2450.0,1.3605442,31.8763326,26.652452,35.797101399999995,22.0,1.1727079,7.1428571,16.404
E01026248,South Holland 002B,South Holland,2.568469819200538,0.7431530180799462,2.809319973145615,1.462691975637597,3.433397508818402,46.17989757,919.9999999999999,0.0,25.391148899999997,19.3562807,24.7662045,17.0,1.2516764,9.3428699,27.624
E01026249,South Holland 010B,South Holland,3.3390817597369575,0.6660918240263043,3.2576878976632093,1.7019970796419108,5.057560301905753,39.2473525,5670.0,30.708661399999997,30.1130524,21.6341213,38.5521886,20.0,0.9763618,6.8859198,19.293
E01026250,South Holland 003A,South Holland,2.379797125658054,0.7620202874341946,2.307962834625939,1.7397919815530862,3.0916365607951364,54.02418981,0.0,0.0,19.7901764,17.119694799999998,33.8945827,29.0,2.479733,12.2556032,21.963
E01026251,South Holland 003B,South Holland,2.939097218173453,0.7060902781826547,3.325618127844969,1.8265757573205625,3.6650977693548277,45.79985444,1610.0000000000002,0.0,30.831533500000003,21.976241899999998,49.1043203,13.0,1.1339093,6.0475162,13.609
E01026252,South Holland 003C,South Holland,2.5809521124429966,0.7419047887557003,3.3748523819032856,1.2731501299712213,3.0948538254544826,53.30506512,0.0,0.0,30.370774299999997,23.1733915,29.846335699999997,14.0,1.1995638,7.5790622,13.377
E01026253,South Holland 003D,South Holland,2.7635939634636024,0.7236406036536398,3.0973831191490317,2.0475341255408943,3.145864645700881,41.90309973,0.0,0.0,26.0022272,23.1625835,47.821576799999995,16.0,1.7817372000000002,10.3006682,23.576
E01026254,South Holland 008A,South Holland,3.7387381997417655,0.6261261800258234,4.092277293627239,2.3269584264081793,4.796978879189878,37.82816265,4890.0,9.0225564,36.6572238,28.045325799999997,45.647236899999996,48.0,1.6430595,8.2719547,26.468
E01026255,South Holland 008B,South Holland,2.841703299260048,0.7158296700739952,3.7138861793977895,1.6666281009611452,3.1445956174212095,49.63743781,100.0,0.0,32.6175869,26.1758691,36.4117647,26.0,1.5848671,9.8159509,17.415
E01026256,South Holland 008C,South Holland,2.9685444047760896,0.703145559522391,3.3489090766949032,1.5744073821628715,3.9823167554704946,46.48991597,2550.0,21.8181818,27.6529338,25.4057428,26.0847629,30.0,1.8726592,10.4244694,25.037
E01026257,South Holland 002C,South Holland,2.9222904360927173,0.7077709563907283,3.7963962471236488,1.76061047447782,3.2098645866766824,42.49916766,200.0,0.0,34.835271299999995,25.2906977,43.463203500000006,20.0,0.872093,5.7655039,15.541
E01026258,South Holland 005B,South Holland,2.720529738721588,0.7279470261278412,2.748831034244347,0.9574826438280555,4.455275538092362,45.42035677,3970.0000000000005,5.6737589,27.2896327,16.5969317,20.119047600000002,17.0,1.3017201,4.6954905,10.517
E01026259,South Holland 005C,South Holland,2.6154782813572695,0.738452171864273,2.6430547822169883,1.544215160932068,3.659164900922752,42.76631393,1550.0,1.5503876,24.5409015,17.640512,33.0593607,10.0,1.7250974,6.956037800000001,22.645
E01026260,South Holland 005D,South Holland,3.4027314738913925,0.6597268526108607,2.788018373007721,1.6691177690205108,5.751058279645946,46.18674189,7859.999999999999,13.636363600000001,24.4675816,19.9242783,39.85623,16.0,2.2243256,8.2820634,16.322
E01026262,South Holland 009A,South Holland,2.5596182607290268,0.7440381739270974,2.9998403618454117,1.4776488357774102,3.201365584564259,40.02767402,140.0,1.3888889,29.0755116,18.701482,40.2877698,12.0,1.3408609999999999,8.7508821,9.495
E01026263,South Holland 009B,South Holland,2.1354783082602213,0.7864521691739779,1.9299725105315442,1.4368461134762462,3.0396163007728725,65.65178571,0.0,0.0,19.7833066,11.3563403,39.943342799999996,14.0,1.2038523,5.8988764,7.417
E01026264,South Holland 009C,South Holland,2.216137895001114,0.7783862104998887,1.8072413065678472,1.711642611861595,3.1295297665738993,45.55428051,0.0,0.0,14.1163185,14.9632976,41.0179641,15.0,1.9198193,9.8814229,17.456
E01026265,South Holland 009D,South Holland,2.694627646549204,0.7305372353450796,3.362460082601302,1.5336450557000787,3.187777801346232,32.53464912,0.0,0.0,29.432133,23.8919668,35.4235424,18.0,1.6620499,7.2022161,15.798
E01026266,South Holland 006B,South Holland,1.9382046663814858,0.8061795333618514,1.5832883322974012,1.1168795484076572,3.1144461184393992,48.92578548,0.0,0.0,13.111962499999999,12.515964199999999,19.0771617,18.0,2.8522776,12.941677300000002,17.157
E01026268,South Holland 007A,South Holland,3.4479716929562514,0.6552028307043749,2.6283328897508795,2.241664975610121,5.473917213507753,36.37784343,6909.999999999999,0.0,22.5531915,19.338061500000002,45.0,46.0,2.4586288,11.631205699999999,23.331
E01026269,South Holland 007B,South Holland,3.4315089659484044,0.6568491034051596,3.2170566285244826,1.1034998717548654,5.973970397565863,38.06933174,8430.0,2.9850746,31.6682375,19.509896299999998,25.7790368,20.0,1.3195099,7.7756833,8.421
E01026270,South Holland 007C,South Holland,2.1893438099012967,0.7810656190098704,1.8920886307929345,1.5306287985222553,3.1453140003887,42.02618026,0.0,0.0,14.0421714,16.3301929,25.3780893,21.0,2.7366532,12.741139500000001,26.701
E01026271,South Holland 007D,South Holland,2.6848782953648036,0.7315121704635197,2.327895882506907,2.556590814629451,3.1701481889580516,36.47522936,0.0,0.0,16.6320166,20.4781705,55.859375,40.0,2.962578,14.1891892,25.218
E01026272,South Holland 007E,South Holland,2.108540218329031,0.7891459781670969,2.063713668583727,1.1515622823846117,3.110344704018754,49.84253579,0.0,0.0,19.1886671,13.9729556,28.9508632,5.0,1.6097875000000001,7.340631,12.203
E01026273,South Holland 006C,South Holland,2.486038871381053,0.7513961128618947,3.0229568214936644,1.3178322819255708,3.117327510723923,48.28173516,0.0,0.0,29.204975700000002,18.9291509,37.4172185,8.0,1.4061655,4.9215792,7.545
E01026275,South Holland 006E,South Holland,2.346188419332964,0.7653811580667036,2.042473770610316,1.8612981684925818,3.1347933188959938,54.80872642,140.0,0.0,17.2452408,15.528182200000002,46.6946485,25.0,1.3811124,7.8760732,13.266
E01026276,South Holland 001E,South Holland,2.69289399970839,0.730710600029161,3.043858574575224,1.8033209658853473,3.231502458664598,48.09361702,340.0,0.0,28.242320799999998,20.1791809,39.9171271,24.0,1.6211604000000002,7.167235499999999,19.814
E01026277,South Holland 008D,South Holland,2.6201958369213685,0.7379804163078632,2.5277729113794285,2.2362049554537267,3.0966096439309503,52.91260365,0.0,0.0,17.537942700000002,22.6531759,41.1444142,33.0,2.0236088,13.3220911,34.0
E01026278,South Holland 008E,South Holland,3.0106442985097743,0.6989355701490225,2.8843494104029643,1.541177648145798,4.606405836980562,46.41090909,4420.0,23.0769231,24.649859900000003,21.2184874,29.732868800000002,15.0,2.3809524,10.2240896,24.2
E01026279,South Holland 008F,South Holland,3.006070395844132,0.6993929604155869,3.757220061761904,2.156691830028941,3.104299295741552,51.19380863,0.0,0.0,33.3333333,26.145172700000003,52.6595745,21.0,1.6208598,9.5842142,20.271
E01026280,South Holland 010C,South Holland,2.678116109187186,0.7321883890812814,2.8021716632279405,1.7901069645689813,3.4420696997646356,44.43560209,919.9999999999999,2.7173913,24.1898148,20.4089506,37.1467026,23.0,1.5046296000000001,8.1790123,23.44
E01026281,South Holland 004A,South Holland,2.51401951882024,0.748598048117976,2.682810127570735,1.1490853735541222,3.710163055335862,42.6922179,1700.0,3.6363635999999997,25.305810400000002,17.5076453,27.6292335,9.0,1.2996942,5.6574924,12.564
E01026282,South Holland 004B,South Holland,2.791598231828542,0.7208401768171457,2.9782396092041035,1.513887882420748,3.8826672038607755,52.72388974,2350.0,5.8823529,25.5365988,21.7941662,35.6996587,13.0,1.7611446999999998,7.044579,16.452
E01026283,South Holland 004C,South Holland,2.7855477267412474,0.7214452273258752,3.068663301812065,1.6132530510726066,3.6747268273390703,56.31372549,1780.0,0.0,29.1262136,19.7030268,35.1535836,22.0,0.6282125000000001,7.1387778,19.305
E01026284,South Holland 011C,South Holland,2.422675378754297,0.7577324621245702,2.691053713435751,1.4102425397528713,3.1667298830742694,57.35613826,270.0,0.0,24.0554758,18.842659,32.7398615,14.0,1.0999522,6.121473,15.938
E01026285,South Holland 004D,South Holland,2.725351848689994,0.7274648151310006,3.3850206022571783,1.6762255245561004,3.1148094192567037,55.55019608,90.0,0.0,30.811554299999997,22.902338399999998,39.3757503,8.0,1.1004127000000001,7.290233799999999,21.764
E01026286,South Holland 004E,South Holland,2.616918329932298,0.7383081670067702,2.7531249366196935,1.6405022628294461,3.4571277903477546,66.20801887,1260.0,0.0,25.096227900000002,18.7836798,36.7567568,16.0,1.5396459,7.0053887999999995,19.888
E01026287,South Kesteven 015A,South Kesteven,2.5779541475980987,0.7422045852401902,2.8147207451524157,1.7518065759234411,3.167335121718439,37.10400763,0.0,0.0,25.905292499999998,18.9415042,40.32,19.0,2.0891365,9.1225627,18.431
E01026288,South Kesteven 015B,South Kesteven,2.4660996084425144,0.7533900391557485,2.434592926746965,1.8290987930318927,3.1346071055486853,44.41939103,0.0,0.0,18.9292543,19.8852772,37.037037,24.0,2.3581899,12.1733588,24.046
E01026289,South Kesteven 015C,South Kesteven,2.04977468945555,0.795022531054445,1.8828909362649775,1.1368812910450365,3.129551841056637,45.54934641,0.0,0.0,19.3292145,11.0767873,29.2413793,13.0,1.0150044,6.6637246,8.514
E01026290,South Kesteven 008A,South Kesteven,2.810282776921632,0.7189717223078368,3.2142984876153227,1.417569235196161,3.7989806079534123,49.665,2060.0,3.6764706,30.540293000000002,20.5586081,29.4900222,13.0,1.1904762,5.4487179,20.937
E01026291,South Kesteven 002A,South Kesteven,2.481835692967559,0.7518164307032441,3.307835719354817,1.08090235393284,3.0567690056150205,71.50369357,130.0,0.0,31.774275499999998,20.7930859,28.5188592,9.0,0.5592271999999999,4.4229791999999994,9.029
E01026292,South Kesteven 007A,South Kesteven,2.3278157187142576,0.7672184281285742,2.8821226929962416,1.329429748719837,2.7718947144266957,125.4930556,0.0,0.0,26.2626263,19.624819600000002,38.0761523,6.0,1.4430014,9.3795094,7.957
E01026293,South Kesteven 007B,South Kesteven,1.9070759483436772,0.8092924051656323,2.0261421174124963,0.7039978330198038,2.9910878945987314,76.4988806,0.0,0.0,19.657306,12.9462161,15.2434158,13.0,0.8091385,6.0447406,7.509
E01026294,South Kesteven 007C,South Kesteven,1.710071960031333,0.8289928039968667,1.5014287126318746,0.7248942026535354,2.903892964808589,95.9887372,0.0,0.0,13.565650300000001,10.8276291,20.3098107,6.0,0.4355943,6.596141899999999,4.948
E01026296,South Kesteven 011B,South Kesteven,2.5336680926881865,0.7466331907311814,3.4083641284206263,1.0573150375540359,3.135325112089897,44.25890183,0.0,0.0,33.9907955,20.184089399999998,26.2872629,11.0,0.6574622,5.1939513,10.003
E01026297,South Kesteven 011C,South Kesteven,2.7436338365210164,0.7256366163478983,3.3332003921099327,1.7655862577806658,3.1321148596724497,44.97645914,0.0,0.0,32.8144458,20.174346200000002,42.4460432,29.0,1.1830635,6.662515600000001,13.123
E01026298,South Kesteven 011D,South Kesteven,2.439168652370629,0.7560831347629371,2.779147143993911,1.4181385158987077,3.120220297219269,47.635138,0.0,0.0,22.599140000000002,21.5957955,25.1539409,30.0,1.6722408000000002,8.5045389,19.301
E01026299,South Kesteven 010A,South Kesteven,2.2697458510305544,0.7730254148969445,2.6047061902831077,1.073618454761807,3.130912908046748,45.24512,0.0,0.0,23.2426304,18.3106576,23.594616,13.0,1.7006803000000001,8.5600907,12.41
E01026300,South Kesteven 010B,South Kesteven,2.442379394451502,0.7557620605548498,3.2230582985491067,0.9530156505518121,3.1510642342535866,40.74088496,0.0,0.0,32.0945946,19.1891892,27.694406500000003,9.0,0.7432432,4.3243243,4.04
E01026302,South Kesteven 010D,South Kesteven,2.0898870647112315,0.7910112935288769,2.2751011565190766,0.8800623348299723,3.114497702784646,48.91425532,0.0,0.0,22.2426471,14.246323499999999,24.7983871,9.0,0.7352941,6.3419118,4.552
E01026303,South Kesteven 014A,South Kesteven,1.7970688528608478,0.8202931147139152,1.6699188759081023,0.5994998852986868,3.121787797375754,47.28476954,0.0,0.0,18.1027668,9.0118577,18.7919463,0.0,0.6324111,5.849802400000001,3.438
E01026304,South Kesteven 014B,South Kesteven,2.100560196050919,0.7899439803949081,2.322273610357779,0.8170818363606156,3.1623251414343607,38.22384106,0.0,0.0,25.5701451,11.7484451,20.3894616,10.0,0.3455425,4.492052500000001,7.564
E01026305,South Kesteven 014C,South Kesteven,1.8351606534673996,0.81648393465326,1.708726804363046,0.7052003014761011,3.0915548545630522,54.04245283,0.0,0.0,17.6556777,10.03663,20.0520833,5.0,0.8791209,6.5201465,4.318
E01026306,South Kesteven 014D,South Kesteven,2.486027806507966,0.7513972193492033,2.806169785876362,1.5030523305881665,3.1488613030593697,41.2332853,0.0,0.0,25.825991199999997,18.8876652,30.251346499999997,29.0,1.9823789,6.6079295,16.479
E01026307,South Kesteven 014E,South Kesteven,2.2764593577041192,0.7723540642295881,2.4484358880293273,0.7666348336799717,3.6143073514030593,41.50611855,1400.0,0.0,26.823708200000002,12.4620061,21.9236209,7.0,0.3799392,3.4954407,4.377
E01026308,South Kesteven 005A,South Kesteven,2.1098469333389462,0.7890153066661054,1.4784416730579983,1.80982749599201,3.0412716309668295,121.6996008,750.0,7.526881700000001,9.0357793,14.857489400000002,20.3187251,11.0,8.3687083,19.587628900000002,44.358
E01026309,South Kesteven 005B,South Kesteven,2.20837352111767,0.779162647888233,2.3907685620498986,1.3834004159476527,2.8509515853554586,107.8222222,0.0,0.0,20.9759189,17.2370089,30.721649499999998,11.0,2.1546261,11.8504436,17.472
E01026310,South Kesteven 005C,South Kesteven,2.329538670928711,0.7670461329071289,2.3913120099042855,1.7916450895964857,2.8056589132853627,117.9460641,0.0,0.0,19.8691742,18.3156173,34.835355299999996,13.0,2.9435814000000002,14.227309899999998,29.117
E01026311,South Kesteven 005D,South Kesteven,2.2871280310864552,0.7712871968913545,2.0152695899035677,1.9705674712632313,2.8755470320925673,102.324635,0.0,0.0,14.2610696,17.9988499,40.6562054,20.0,2.8752156,12.7659574,26.801
E01026312,South Kesteven 005E,South Kesteven,2.204592722234861,0.7795407277765138,1.4809863692151126,2.347573979592612,2.785217817896859,122.5150685,0.0,0.0,8.8616224,15.064758000000001,44.007858500000005,9.0,3.7491479,16.8370825,43.231
E01026313,South Kesteven 001A,South Kesteven,2.317581816947886,0.7682418183052114,2.867892033189986,0.8520578642319805,3.2327955534216906,75.37211538,710.0,0.0,28.7625418,16.9899666,17.9636835,16.0,1.0033445,4.0133779,9.271
E01026314,South Kesteven 001B,South Kesteven,2.2237491094494355,0.7776250890550565,2.4517028029206878,1.1362614826321815,3.0832830427954376,55.89137255,0.0,0.0,23.3180428,15.9021407,29.183955700000002,8.0,1.7584098,6.269113099999999,9.807
E01026315,South Kesteven 009A,South Kesteven,2.613548653029655,0.7386451346970345,2.9568083053262844,1.2856307054672054,3.5982069482954753,45.35197531,1390.0,13.8888889,28.725905,18.3826986,26.747720400000002,16.0,1.0343206,5.5007052000000005,17.467
E01026316,South Kesteven 007D,South Kesteven,2.427831056337876,0.7572168943662124,2.883739896891905,1.1301849657783358,3.2695683063433876,63.64377828,660.0,3.030303,29.684378700000003,16.340391500000003,22.0405494,18.0,0.5992809,5.2337195,16.25
E01026317,South Kesteven 006A,South Kesteven,1.7853544975357323,0.8214645502464268,1.1855843477457157,1.2638642247587193,2.906614920102761,95.38032432,0.0,0.0,9.139344300000001,10.2868852,16.746588000000003,20.0,4.1803279,14.3852459,24.806
E01026318,South Kesteven 006B,South Kesteven,1.905289917972116,0.8094710082027884,1.3631009720269924,1.359816089915441,2.9929526919739153,96.9439759,280.0,0.0,10.479798,11.7003367,22.4919094,18.0,3.1986532,13.005050500000001,23.416
E01026319,South Kesteven 006C,South Kesteven,2.0910132551672427,0.7908986744832758,2.0291272813115055,0.9580583727075567,3.285854111482666,86.60955961,1019.9999999999999,0.0,19.595588199999998,13.0514706,19.4591729,17.0,1.4338235,5.6617647,11.281
E01026321,South Kesteven 004B,South Kesteven,2.261893989792364,0.7738106010207636,2.8745889788748995,1.0627434118149766,2.848349578687215,108.4038241,0.0,0.0,26.696495199999998,19.090231199999998,28.2991202,9.0,1.4168531,4.1759881,7.568
E01026322,South Kesteven 004C,South Kesteven,2.252243009909797,0.7747756990090203,2.5521361051170484,1.2270811994747537,2.9775117251375884,90.70945946,150.0,0.0,24.0291262,16.7475728,32.2727273,10.0,1.6990291000000002,6.7961165,9.107
E01026323,South Kesteven 004D,South Kesteven,2.33598376633393,0.766401623366607,2.659350110307777,1.3701670440503275,2.9784341446436855,79.32725345,0.0,0.0,20.8205128,21.4871795,16.4619557,34.0,3.5897436,12.256410299999999,25.017
E01026324,South Kesteven 004E,South Kesteven,1.986201520328762,0.8013798479671238,2.2145565490348975,0.9026309254403608,2.8414170865110275,109.9533784,0.0,0.0,22.185586400000002,13.3772963,25.2455796,6.0,1.2717852,6.8770608,5.641
E01026325,South Kesteven 003A,South Kesteven,2.4023887083103825,0.7597611291689618,2.1997849007313612,2.1546478591387275,2.8527333650610593,119.3450526,160.0,0.0,14.0520896,21.0175651,48.476052200000005,17.0,2.1804967,10.781344599999999,26.801
E01026326,South Kesteven 003B,South Kesteven,2.4491112760747775,0.7550888723925222,3.1267004070413495,1.367002817202112,2.853630603980871,116.1642276,120.0,0.0,26.004228299999998,23.6081748,32.5842697,11.0,1.9732205999999999,7.6814658,14.435
E01026327,South Kesteven 003C,South Kesteven,2.62911162282192,0.737088837717808,3.160090913319604,1.7523431825525173,2.9749007725936374,111.7075547,420.0,4.1666666999999995,25.642909600000003,24.4673035,38.441215299999996,12.0,2.3512123,9.625275499999999,23.542
E01026328,South Kesteven 003D,South Kesteven,2.567153543797018,0.7432846456202982,2.36895963686899,2.52691168871417,2.8055893058078945,117.9616228,0.0,0.0,15.0482315,22.6366559,50.280898900000004,16.0,3.4726687999999997,13.890675199999999,40.558
E01026329,South Kesteven 001C,South Kesteven,2.382706800590089,0.7617293199409911,2.9475915485198074,1.0257342361676518,3.174794617082808,35.4366573,0.0,0.0,29.3347302,17.6532216,21.5466352,13.0,1.1524358000000001,4.452593,13.546
E01026330,South Kesteven 012A,South Kesteven,2.2793864286138183,0.7720613571386181,2.2770870025190515,1.0027260502492523,3.5583462330731503,57.97035519,1450.0,3.2258065,23.8341969,12.737478399999999,21.1336599,13.0,0.6044904999999999,3.9291883,13.627
E01026331,South Kesteven 009B,South Kesteven,2.4796000024797786,0.7520399997520222,2.7777678259550456,1.1905066297341727,3.470525551750118,43.09649682,990.0,0.0,26.205787800000003,18.0868167,22.038444300000002,19.0,2.4919614,6.430868200000001,16.593
E01026332,South Kesteven 007E,South Kesteven,2.539117081229749,0.7460882918770251,3.043787302663558,1.162277097411795,3.4112868436138943,42.51462799,800.0,4.6666667,30.4638929,18.0296509,26.235741400000002,12.0,0.7651841,4.6867526999999995,14.389
E01026333,South Kesteven 001D,South Kesteven,2.482875883211953,0.7517124116788048,2.344351604693437,0.9992803016052821,4.104995743337139,57.49823204,3080.0,6.9930069999999995,23.2539683,14.3253968,22.8656273,11.0,0.9126983999999999,4.1269841000000005,11.636
E01026334,South Kesteven 013A,South Kesteven,2.046530396761085,0.7953469603238915,2.2039458331824293,0.8115089287576176,3.1241364283432076,46.75980231,0.0,0.0,22.826087,12.5959079,23.7359551,0.0,0.7672634,3.6445013,6.461
E01026335,South Kesteven 013B,South Kesteven,2.5612152174830087,0.7438784782516992,3.558148675088601,1.0102189111663686,3.115278066194056,48.73982808,0.0,0.0,35.4817708,21.0286458,22.397892,21.0,0.78125,4.4921875,8.826
E01026336,South Kesteven 013C,South Kesteven,2.4900371214629424,0.7509962878537058,2.6415417879023106,1.3070974512491134,3.5214721252374037,45.63342981,1170.0,7.1856287000000005,22.4351051,19.6538937,21.1093991,18.0,2.7194067,9.394314,23.363
E01026337,South Kesteven 013D,South Kesteven,2.089585864029488,0.7910414135970512,2.1844096974991163,0.9309844546626278,3.153363439926721,41.71710214,20.0,0.0,23.4290844,11.7145422,24.3884359,7.0,1.1220826,3.8599640999999996,7.859
E01026338,South Kesteven 009C,South Kesteven,2.3372990988346953,0.7662700901165305,2.443610608667063,0.9756609373137538,3.5926257505232697,52.18370044,1470.0,8.6206897,23.9349342,15.1820294,22.2377622,8.0,1.0069713,5.6545314,12.504
E01026339,South Kesteven 009D,South Kesteven,2.241855665318299,0.7758144334681701,1.9332978117512765,1.4765445651560885,3.315724619047531,33.1139738,390.0,1.6853933,15.9763314,15.0887574,34.973638,14.0,1.4053254,8.3579882,15.67
E01026340,South Kesteven 002B,South Kesteven,2.5503593836858904,0.7449640616314109,3.3811685349244742,1.3542978959914496,2.9156117201417473,93.36935484,0.0,0.0,29.0408526,24.555950300000003,26.754785800000004,31.0,1.3765542,6.3055062,14.134
E01026341,South Kesteven 008B,South Kesteven,2.4092890024297526,0.7590710997570247,2.82829246691132,1.2852736521799533,3.1143008881979846,48.95824742,0.0,0.0,27.3881499,17.7146312,32.1854305,9.0,0.9068924,5.5018138,13.168
E01026342,South Kesteven 008C,South Kesteven,1.9888196264095857,0.8011180373590414,1.8909450952432194,0.8313769293239712,3.244136854661566,60.52457786,540.0,4.950495,16.9406719,13.5096497,23.498233199999998,0.0,0.3573981,5.4324518,8.127
E01026343,South Kesteven 006D,South Kesteven,2.1471514685360624,0.7852848531463937,2.043051532030556,1.4595237006838193,2.9388791728938126,91.89394366,50.0,0.0,15.0,17.7083333,22.7129338,23.0,4.5833333,13.3333333,24.192
E01026344,South Kesteven 006E,South Kesteven,1.8981498498211156,0.8101850150178884,1.7835654137484465,1.0125749767003136,2.898309159014586,97.23683241,0.0,0.0,14.6907216,14.046391799999999,22.513089,7.0,2.0618556999999997,10.5025773,13.096
E01026345,South Kesteven 006F,South Kesteven,2.4446069395417664,0.7555393060458233,3.1749914602041454,1.2983233886974237,2.8605059697237305,109.447153,50.0,0.4926108,27.896759999999997,22.5151016,21.219366400000002,26.0,2.4162548,7.029104899999999,19.882
E01026346,South Kesteven 015D,South Kesteven,2.0838809616557774,0.7916119038344223,2.1657786085195054,0.9384446582094925,3.147419618238334,41.55553145,0.0,0.0,20.8818636,13.8935108,24.464060500000002,7.0,1.0815308,8.2362729,8.128
E01026347,South Kesteven 015E,South Kesteven,2.5971674274450405,0.7402832572554959,3.5200507795904454,1.146331838483012,3.1251196642616637,46.5400289,0.0,0.0,31.0038119,24.7776366,26.29683,24.0,1.3977128,5.7814485,7.995
E01026348,South Kesteven 015F,South Kesteven,2.179741903877767,0.7820258096122233,1.950654943936407,1.4024421641941551,3.186128603502738,32.90327869,0.0,0.0,16.2755488,15.064345200000002,36.994219699999995,5.0,1.0598032,8.251324799999999,13.593
E01026349,South Kesteven 016A,South Kesteven,2.329009399980006,0.7670990600019993,2.670640814517252,1.188946606458492,3.127440778964275,46.02121212,0.0,0.0,24.8071217,17.8041543,23.5116044,18.0,1.6023739,9.3175074,15.9
E01026350,South Kesteven 016B,South Kesteven,2.412882514012285,0.7587117485987716,3.124259007092471,0.8359208196273075,3.2784677153170763,43.79861849,420.0,3.3898304999999995,32.2562979,17.524644000000002,14.184598000000001,21.0,0.9309967,4.4359255,11.619
E01026351,South Kesteven 016C,South Kesteven,2.241352466538546,0.7758647533461454,2.7747694053712255,0.8345661801854138,3.1147218140589996,48.86416185,0.0,0.0,27.785059,16.513761499999998,11.9407008,26.0,1.5072084,7.6015727,11.889
E01026352,South Kesteven 003E,South Kesteven,2.334374843992386,0.7665625156007614,3.60250596591895,0.5166486900733511,2.8839698759848567,100.4419565,0.0,0.0,35.192781000000004,21.9852338,13.142857099999999,5.0,0.7383101000000001,4.5939295,5.028
E01026353,South Kesteven 003F,South Kesteven,2.7414487704932804,0.725855122950672,3.492460951454036,1.8068824656547136,2.9250028943710924,95.74064516,60.0,0.0,28.454773900000003,26.821608,31.1969112,32.0,3.0150753999999997,11.5577889,26.87
E01026354,South Kesteven 003G,South Kesteven,2.268297825753893,0.7731702174246107,2.9727829969828807,0.8927727679607225,2.939337712318075,99.35119617,150.0,1.5267176,31.4418605,16.0,26.3913824,0.0,0.6511628,4.6511628,6.775
E01026355,South Kesteven 002C,South Kesteven,2.3720785264325177,0.7627921473567483,3.097122770591385,0.9077337397733908,3.1113790689327785,49.611334,0.0,0.0,32.1413892,17.2215372,20.7851032,18.0,0.8220303999999999,3.0826141000000002,7.445
E01026356,South Kesteven 016D,South Kesteven,1.6764935235566745,0.8323506476443325,1.2716395264493883,0.6247142555154752,3.13312678870516,44.75027223,0.0,0.0,13.278576300000001,7.5975359000000005,17.414248,0.0,2.02187545,5.2703628,4.957
E01026357,South Kesteven 016E,South Kesteven,2.0319777121011993,0.79680222878988,2.064639901261357,0.8540124708072048,3.1772807642350362,34.88095238,0.0,0.0,21.0102489,12.2254758,24.3713733,6.0,0.8784772999999999,7.8330893,4.987
E01026358,South Kesteven 016F,South Kesteven,2.3206516984411842,0.7679348301558816,2.8167547633309225,0.9906831387975435,3.1545171931950864,39.96907776,0.0,0.0,30.593280900000003,14.438884900000001,31.36,5.0,0.6433167,4.1458184000000005,2.612
E01026359,South Kesteven 016G,South Kesteven,1.8709150080362107,0.8129084991963789,1.9416150729754977,0.7226401609963726,2.9484897901367613,86.02043133,0.0,0.0,20.778032,10.572082400000001,23.1395349,5.0,0.3661327,2.4713959,1.557
E01026360,South Kesteven 012B,South Kesteven,2.8308113134039785,0.7169188686596022,2.585553090416484,1.0256090887743283,4.881271761021122,43.24029126,5220.0,4.3478261,26.7431193,14.6330275,25.5258126,19.0,0.5963303,3.4403669999999997,6.369
E01026361,South Kesteven 008D,South Kesteven,2.482320457416906,0.7517679542583093,2.8728073863163166,1.4567729171061803,3.1173810688282213,54.28442872,80.0,0.7575758,26.5822785,19.173492200000002,30.498866200000002,23.0,1.3402829,6.887565199999999,17.149
E01026362,South Kesteven 012C,South Kesteven,1.9475222827890655,0.8052477717210935,1.9921093400937178,0.6932570964056045,3.1572004118678745,39.36932331,0.0,0.0,20.8089097,11.3130129,22.2921914,0.0,0.5275498,4.2203986,3.196
E01026363,South Kesteven 012D,South Kesteven,2.3249782440037343,0.7675021755996265,2.8690003641141253,0.978582943813662,3.127351424083415,46.04118477,0.0,0.0,33.732057399999995,12.2009569,20.2941176,19.0,0.6578946999999999,2.7511962,11.137
E01026364,South Kesteven 012E,South Kesteven,2.3907163145533814,0.7609283685446618,2.7922667300332153,0.821344226956036,3.558537986670892,51.46374101,1360.0,6.6115702,31.276595699999998,13.4042553,23.1968811,12.0,0.6382979000000001,3.5106382999999997,2.879
E01026365,South Kesteven 002D,South Kesteven,3.010137124066329,0.6989862875933671,3.4321416293391502,1.1455279391057807,4.452741803754056,45.58139269,3970.0000000000005,0.0,35.3518822,19.2307692,26.783554999999996,18.0,0.6546645,4.1325696,10.557
E01026366,West Lindsey 011A,West Lindsey,2.5855529474336336,0.7414447052566366,2.870337675094489,1.681707903406749,3.2046132637996636,48.14335664,260.0,0.0,25.7715431,19.9198397,34.8323171,19.0,1.3226453,6.412825699999999,23.373
E01026367,West Lindsey 001A,West Lindsey,2.732400110523758,0.7267599889476242,3.4165782445052963,1.5555234162628433,3.2250986708031344,47.28978979,310.0,0.0,29.69809,24.4608749,26.742532,24.0,1.9100431000000002,7.3937153,25.706
E01026368,West Lindsey 001B,West Lindsey,2.159737666405008,0.7840262333594992,2.320867829710422,1.0768867879458595,3.081458381558742,56.29922179,0.0,0.0,23.0848861,14.1304348,26.9202088,10.0,1.4492754,6.728778500000001,9.612
E01026369,West Lindsey 011B,West Lindsey,2.5693586188198405,0.743064138118016,3.3325397521649993,1.4414651331043573,2.934070971190165,89.24333333,0.0,0.0,32.2097378,20.7490637,35.755814,15.0,1.1985019,5.0936330000000005,12.833
E01026370,West Lindsey 011C,West Lindsey,2.4250652774022066,0.7574934722597794,2.946808221898392,1.2289679739986261,3.099419636309602,82.29512953,400.0,2.9100529,28.204081600000002,18.7346939,32.9807692,14.0,0.7346939,4.0408162999999995,7.659
E01026371,West Lindsey 011D,West Lindsey,2.41414160235699,0.758585839764301,3.3365606645643107,1.0264266887410678,2.879437453765591,101.4550459,0.0,0.0,34.0442338,19.0363349,28.4660767,9.0,0.4739336,3.8704581,6.682
E01026372,West Lindsey 008A,West Lindsey,2.268463089961885,0.7731536910038115,2.6696969958213037,1.1304891235569001,3.005203150507452,73.34383117,0.0,0.0,25.187229,17.422152099999998,25.8802817,17.0,1.0642491,4.9664959,11.038
E01026373,West Lindsey 011E,West Lindsey,2.905995437400145,0.7094004562599855,3.0494847745806153,1.5439200336591272,4.124581503960691,42.66423752,2920.0,27.500000000000004,28.2124229,20.2939782,31.7189632,18.0,1.5647226,5.405405399999999,21.339
E01026374,West Lindsey 006A,West Lindsey,2.378613841470383,0.7621386158529617,1.8109465252058377,2.294746425556862,3.030148573648449,67.76801706,0.0,0.0,10.6674613,18.3551847,30.052592,19.0,4.7675805,18.057211000000002,54.29
E01026375,West Lindsey 006B,West Lindsey,2.4562039956999158,0.7543796004300084,2.0976821968017285,2.1575902942528193,3.1133394960452,49.1731383,0.0,0.0,16.8522267,16.7510121,26.6630611,35.0,3.9979756999999996,11.8421053,46.824
E01026376,West Lindsey 006C,West Lindsey,2.85780546497233,0.714219453502767,2.997157214461854,2.5075418085779635,3.0687173718771725,59.14709898,0.0,0.0,23.409801899999998,24.139728899999998,41.8918919,37.0,3.1803961999999997,13.2429614,42.637
E01026377,West Lindsey 006D,West Lindsey,2.4324291389893307,0.756757086101067,2.3273328883164326,1.9638950233692554,3.006059505282304,73.1524183,0.0,0.0,17.769880099999998,19.3691693,36.6294067,29.0,2.8431808,10.573078599999999,28.252
E01026378,West Lindsey 004A,West Lindsey,2.4757006761814955,0.7524299323818504,1.8855846347990386,2.2926988151219803,3.2488185786234673,82.96666667,860.0,0.0,13.278236900000001,16.969697,39.1008174,16.0,4.407713500000001,13.0027548,43.72
E01026379,West Lindsey 004B,West Lindsey,2.2664312829021065,0.7733568717097894,2.0505421279921343,1.7632033686815443,2.985548352032641,77.73708207,0.0,0.0,17.3347215,15.564810000000001,26.666666700000004,13.0,4.060385200000001,9.2660073,37.557
E01026380,West Lindsey 002A,West Lindsey,2.030288826331059,0.7969711173668941,1.7616447905956032,1.0693505632032703,3.2598711251943033,71.55537459,740.0,0.0,16.4556962,12.004900000000001,21.1279461,10.0,1.7149857000000002,6.6966109,16.729
E01026381,West Lindsey 004C,West Lindsey,2.6095427700287477,0.7390457229971252,2.8165895351507984,1.9842202213909708,3.0278185535444737,68.28882438,0.0,0.0,22.1698113,22.5825472,27.329624499999998,37.0,4.245283,12.5,36.857
E01026382,West Lindsey 004D,West Lindsey,2.7595972927973595,0.724040270720264,2.5444939492799077,2.169450333831892,3.56484759528028,57.06533742,1460.0,0.4694836,21.6361679,18.9451023,33.9198436,32.0,3.9827771999999997,9.9569429,38.91
E01026383,West Lindsey 004E,West Lindsey,2.7204195582317987,0.7279580441768201,1.9635531250674934,3.227625252304903,2.9700802973230007,81.1945098,0.0,0.0,11.6262482,19.7574893,38.4415584,20.0,8.844507799999999,16.5477889,81.3
E01026384,West Lindsey 004F,West Lindsey,2.5805500989586263,0.7419449901041374,2.509369524140914,2.130628713100607,3.101652059634357,66.68688866,200.0,0.0,19.372241300000002,20.598332499999998,16.9754632,36.0,5.8361941999999996,13.0946542,56.159
E01026385,West Lindsey 005A,West Lindsey,3.012226667203265,0.6987773332796735,3.4444751160894627,1.3327954612611284,4.259409424259204,38.40917874,3279.9999999999995,14.3312102,32.5158946,22.1616712,27.3913043,9.0,0.6357856000000001,6.448682999999999,22.059
E01026386,West Lindsey 005B,West Lindsey,3.395977658831852,0.6604022341168148,2.2463465322956635,1.4291392544941925,6.5124471897057,36.94397321,10000.0,34.6153846,16.2222222,19.6296296,22.7234754,9.0,2.4444444,9.2592593,30.796
E01026387,West Lindsey 001C,West Lindsey,2.568885863775311,0.7431114136224689,2.635261315122359,1.3333380771893861,3.7380581990141892,40.43905724,1750.0,7.228915700000001,25.2073567,16.877028499999998,27.4018945,22.0,0.7933646000000001,4.3635052,16.606
E01026388,West Lindsey 007A,West Lindsey,3.744753972899884,0.6255246027100116,3.3980907065704433,1.2605705797562834,6.575600632372924,22.42905109,10000.0,29.032258100000004,33.0959164,20.892687600000002,29.264214,15.0,1.0446344,5.2706553000000005,13.343
E01026389,West Lindsey 003A,West Lindsey,2.5827478532299395,0.741725214677006,2.959643961892817,1.6968089881072719,3.0917906096897294,53.98975672,0.0,0.0,23.7655996,23.223005999999998,28.506097600000004,34.0,2.712968,9.658166,24.911
E01026390,West Lindsey 003B,West Lindsey,3.7408938090840507,0.625910619091595,3.135440772941597,1.5968542067134077,6.490386447597147,44.40270655,10000.0,70.0,27.650000000000002,22.15,30.0,30.0,1.95,8.9,20.757
E01026391,West Lindsey 003C,West Lindsey,3.5335397350686044,0.6466460264931395,2.998167076288447,1.0556414115582806,6.546810717359087,33.80954301,10000.0,98.2608696,30.1216545,17.664233600000003,20.4749679,13.0,1.5085157999999999,4.9148418,15.975
E01026392,West Lindsey 003D,West Lindsey,2.5278643304776467,0.7472135669522353,2.8999002576454362,1.4182467864755337,3.265445947311971,47.25036697,430.0,0.5347594,28.736349500000003,17.5039002,29.5045045,33.0,1.2168487000000001,4.8985959,12.764
E01026393,West Lindsey 010A,West Lindsey,2.304438636663762,0.7695561363336239,3.3297802801137175,0.7629116981443624,2.8206239317332056,114.6010753,0.0,0.0,34.2723005,18.7122736,22.0149254,5.0,0.4024145,2.481556,4.879
E01026394,West Lindsey 010B,West Lindsey,2.4661489601185447,0.7533851039881455,2.0516481268025517,0.9124740100464704,4.434324743506611,67.00257104,4170.0,33.6419753,19.7536296,13.242410900000001,19.309068500000002,17.0,1.4078311,4.2234932,9.414
E01026395,West Lindsey 010C,West Lindsey,2.3831028963543583,0.7616897103645641,3.7733551121768905,0.498560205637317,2.8773933712488677,101.9119403,0.0,0.0,40.8880053,19.0854871,11.646586300000001,10.0,0.3976143,3.3797216999999997,4.526
E01026396,West Lindsey 009A,West Lindsey,2.4631937046178813,0.7536806295382119,3.563045743381674,0.9907545694542051,2.8357808010177656,111.2132039,0.0,0.0,35.832083999999995,20.7646177,27.1028037,10.0,0.7496252,2.6236882,6.163
E01026398,West Lindsey 009C,West Lindsey,2.5062379770704672,0.7493762022929533,3.2244589058430426,1.3042303625381009,2.9900246628302583,80.46187683,50.0,0.0,31.0157195,20.2539299,27.996845399999998,22.0,1.8742443000000002,5.4413543,13.306
E01026399,West Lindsey 005C,West Lindsey,2.368842294075846,0.7631157705924154,2.4924453898405674,0.9927898898063369,3.6212916025806337,59.42368421,1650.0,11.926605499999999,22.394082,17.4176194,22.3880597,5.0,0.7397445,4.0349696999999995,14.609
E01026400,West Lindsey 009D,West Lindsey,1.799687091980517,0.8200312908019483,1.32815230056493,0.49898939508872403,3.571919580287897,59.26474954,1500.0,11.6666667,10.655270699999999,10.997150999999999,8.417997100000001,6.0,0.6837607,5.4700855,10.182
E01026401,West Lindsey 002B,West Lindsey,2.2741803257938957,0.7725819674206105,2.8288184533390828,0.8513470526596493,3.1423754713829553,42.68300181,0.0,0.0,27.110289599999998,17.991374,23.886138600000002,5.0,0.6161429,3.5736291000000002,6.219
E01026402,West Lindsey 002C,West Lindsey,2.35748631496665,0.764251368503335,2.6892308961892852,0.9034362181363719,3.479791830574292,47.73090909,1080.0,0.0,27.638959699999997,15.349311600000002,24.92276,7.0,0.6119327,4.3345232,6.419
E01026403,West Lindsey 002D,West Lindsey,3.6385775109750047,0.6361422489024995,2.9555571850302567,1.431163586944815,6.529011760949943,37.74985755,10000.0,97.7272727,25.4545455,21.5272727,27.5380711,22.0,0.5090909,4.5818182,21.237
E01026404,West Lindsey 007B,West Lindsey,2.652581697321112,0.7347418302678888,2.9146611793137733,1.288812593935889,3.754271318713674,43.66118421,1839.9999999999998,9.1954023,28.2051282,18.2429592,24.6099291,26.0,0.8406894,4.918032800000001,16.604
E01026405,West Lindsey 010D,West Lindsey,2.2165423982154944,0.7783457601784506,2.3826530977658447,0.8364553275024627,3.4305187693781765,58.20348162,1070.0,2.8571429,24.2770679,13.9206456,21.4285714,8.0,0.6052455,2.0847344,7.614
E01026406,West Lindsey 010E,West Lindsey,2.8067893085326543,0.7193210691467345,3.027561705862225,0.756979730589604,4.635826489146134,32.97080745,4350.0,0.0,32.2020521,16.101025999999997,19.469026500000002,0.0,2.02187545,1.7363852,8.319
E01026407,West Lindsey 002E,West Lindsey,3.0275808367984616,0.6972419163201539,2.657377488043969,1.431146304225384,4.994218718126031,36.70977778,5470.0,5.5900621,22.2381636,20.086083199999997,31.1938383,12.0,1.4347202,5.3802009,19.43
E01026408,West Lindsey 002F,West Lindsey,2.737016179417269,0.7262983820582731,3.679277522230883,1.4052953372357782,3.1264756787851464,46.23693182,0.0,0.0,32.4483776,25.811209400000003,31.515812399999998,14.0,1.5486726,6.5634217999999995,16.865
E01026409,West Lindsey 007C,West Lindsey,2.4923427334951316,0.7507657266504868,3.0469044878130607,1.26779944094607,3.162324271726263,59.86078431,290.0,0.4166667,30.4700162,18.0713128,26.301369899999997,7.0,2.1880065,4.6191248,19.681
E01026410,West Lindsey 007D,West Lindsey,3.1719039678579772,0.6828096032142023,4.733873025488471,1.6875589069078358,3.094279971177625,53.43333333,0.0,0.0,46.5801887,28.2429245,40.182270100000004,15.0,0.7075472,3.4198113,18.788
E01026411,West Lindsey 005D,West Lindsey,3.030154305801561,0.6969845694198439,2.7229079079991325,1.3193568598633039,5.048198149542246,41.44918033,5690.0,11.377245499999999,25.765907300000002,17.674784,27.0900843,24.0,1.45326,5.0667714,14.853
E01026412,West Lindsey 008B,West Lindsey,2.241384540891304,0.7758615459108696,2.4498361740638495,1.2999530518997595,2.9743643967103033,86.94254144,90.0,0.0,22.3703704,16.7901235,31.0234542,17.0,1.037037,4.5432099,12.0
E01026413,West Lindsey 008C,West Lindsey,2.0654387119045143,0.7934561288095485,2.460758436405762,0.7343025477957186,3.001255151512062,78.69670051,60.0,0.0,23.3236152,16.0349854,20.3921569,8.0,0.8260447000000001,4.1302235,4.047
E01026414,West Lindsey 008D,West Lindsey,2.482240023232514,0.7517759976767486,2.3730191177731665,1.1492881229977019,3.9244128289266733,63.72249589,2620.0,8.8607595,21.4659686,16.492146599999998,20.9033613,16.0,0.8900524,4.0314136000000005,19.161
E01026415,West Lindsey 003E,West Lindsey,3.1108581279128935,0.6889141872087107,2.8866260224914546,1.7497630777714381,4.696185283475789,41.75728814,4620.0,30.252100799999997,24.0196078,21.8627451,33.0246914,17.0,1.8627451,9.1176471,29.155
E01026416,West Lindsey 001D,West Lindsey,2.6615992454669115,0.7338400754533089,3.1391794527754526,1.4392055031957363,3.406412780429546,31.05504587,630.0,6.3063063,29.5886076,20.3322785,27.0245678,14.0,1.4240506,7.3575949000000005,24.567
E01032683,West Lindsey 001G,West Lindsey,2.468480467274382,0.7531519532725618,2.9993827201357823,1.2148907271903429,3.19116795449702,51.194451,260.0,0.6410256,30.481765,17.334533999999998,28.8924559,25.0,0.8104457,6.0783431,7.903
E01032986,East Lindsey 004D,East Lindsey,2.4699324221532803,0.753006757784672,2.99926224090805,1.3295568486156952,3.080978176936096,56.40655738,0.0,0.0,27.4314214,20.2826268,19.7651663,23.0,2.244389,10.6400665,24.661
E01032987,East Lindsey 004E,East Lindsey,2.291587188092128,0.7708412811907872,2.3358944821363856,1.4877401762238578,3.0511269059161403,63.07892919,0.0,0.0,21.3342599,16.0528145,32.8467153,13.0,2.2237665,9.5205003,18.558
E01032988,North Kesteven 013B,North Kesteven,2.124592693443976,0.7875407306556024,1.7178531058555366,1.7151102325697287,2.9408147419066615,87.73596215,0.0,0.0,14.201763,13.5161606,40.1420959,25.0,1.2732614999999998,6.807051899999999,15.413
E01032989,North Kesteven 013C,North Kesteven,1.5292960360653651,0.8470703963934635,0.7230490244823969,0.852600288490206,3.012238795223492,71.77122016,0.0,0.0,6.8562722,5.4342306,18.6486486,6.0,1.6251905,4.9771458,11.789
E01032991,North Kesteven 014E,North Kesteven,1.8453825813218883,0.8154617418678112,1.9716142721744272,0.641975238971243,2.922558232819995,91.81666667,0.0,0.0,18.8940092,12.852022499999999,12.5103563,10.0,1.2288786,4.6082949,9.086
E01032992,North Kesteven 014F,North Kesteven,2.3465814453858846,0.7653418554614115,2.841666463715749,1.289837026631258,2.908240845810646,95.01689655,0.0,0.0,24.3886319,20.819563799999997,31.9185059,18.0,0.7931262,5.2214144,10.187
E01032993,North Kesteven 013D,North Kesteven,2.014982881796861,0.7985017118203139,1.9521236554389936,1.1117486583029923,2.981076331648597,78.73667042,0.0,0.0,18.582944400000002,12.855324600000001,32.238806,10.0,0.7212558,3.0971574000000004,4.898
E01032994,North Kesteven 003H,North Kesteven,1.908487204929236,0.8091512795070763,2.015440323673568,0.7719739373313186,2.9380473537828213,88.3545302,0.0,0.0,21.171771,11.3182423,16.4651163,11.0,0.5326232,5.5925433,10.122
E01032995,South Holland 006F,South Holland,2.186379478882607,0.7813620521117393,2.2641101328244893,1.1748283604394563,3.1201999433838754,47.6396875,0.0,0.0,19.2569659,16.9659443,19.4669757,15.0,3.0959752,13.0650155,20.269
E01032996,South Holland 006G,South Holland,2.3070872592505935,0.7692912740749407,2.54780534962196,0.9527181025682875,3.420738325561533,46.23931452,880.0000000000001,2.9411765,24.2846662,16.434336,23.0292793,10.0,1.6140866,6.969919300000001,8.916
E01032997,South Kesteven 011E,South Kesteven,1.6907982414505547,0.8309201758549445,1.2337497438836595,0.8022115437107151,3.036433436757289,66.36322115,0.0,0.0,12.890094999999999,7.394844000000001,18.976897700000002,6.0,1.2211669,5.2238806,9.459
E01032998,South Kesteven 011F,South Kesteven,1.4579940562621936,0.8542005943737807,0.7335023992066307,0.5923820357095153,3.0480977338704354,63.75601132,0.0,0.0,8.1621321,4.3309273,14.1914191,5.0,0.7218211999999999,4.3309273,7.135
E01032999,South Kesteven 011G,South Kesteven,2.2569847349932814,0.7743015265006719,2.7989039260987862,0.8529774149835122,3.1190728638975465,47.8916129,0.0,0.0,28.4950344,16.1955691,22.4821974,9.0,0.6111536,6.1115355000000005,6.536
E01034679,Boston 002F,Boston,2.4453147547854877,0.7554685245214512,1.649033193248832,2.436209403819283,3.250701667288348,41.56699454,310.0,0.0,11.4513166,15.125535800000002,44.788273600000004,48.0,3.0618494,16.4727495,31.101
E01034680,Boston 002G,Boston,2.4453147547854877,0.7554685245214512,1.649033193248832,2.436209403819283,3.250701667288348,41.56699454,310.0,0.0,11.4513166,15.125535800000002,44.788273600000004,48.0,3.0618494,16.4727495,31.101
E01034681,Boston 003E,Boston,1.9862948795170021,0.8013705120482998,1.0995241702782628,1.7350908340424127,3.1242696342303304,46.73002806,0.0,0.0,6.8593204000000005,11.1781518,19.693824600000003,43.0,5.9701493,17.4658622,31.273
E01034682,Boston 003F,Boston,1.9862948795170021,0.8013705120482998,1.0995241702782628,1.7350908340424127,3.1242696342303304,46.73002806,0.0,0.0,6.8593204000000005,11.1781518,19.693824600000003,43.0,5.9701493,17.4658622,31.273
E01034683,Boston 009E,Boston,2.187492512047738,0.7812507487952262,2.0405258642651978,1.3646755491066396,3.157276122771377,46.80308458,100.0,0.0,17.5979448,15.1573539,26.6057935,34.0,1.7983301,7.5786769000000005,13.131
E01034684,Boston 009F,Boston,2.187492512047738,0.7812507487952262,2.0405258642651978,1.3646755491066396,3.157276122771377,46.80308458,100.0,0.0,17.5979448,15.1573539,26.6057935,34.0,1.7983301,7.5786769000000005,13.131
E01034685,East Lindsey 012E,East Lindsey,3.518318367657248,0.6481681632342752,4.506596218990735,2.77759147455041,3.2707674094305994,44.70165074,409.99999999999994,2.3668639000000002,36.7217281,34.307496799999996,54.989816700000006,56.0,1.2282931000000001,9.5722152,31.918
E01034686,East Lindsey 012F,East Lindsey,3.518318367657248,0.6481681632342752,4.506596218990735,2.77759147455041,3.2707674094305994,44.70165074,409.99999999999994,2.3668639000000002,36.7217281,34.307496799999996,54.989816700000006,56.0,1.2282931000000001,9.5722152,31.918
E01034687,Lincoln 005E,Lincoln,1.475547562355499,0.8524452437644501,0.8378463467525757,0.6646074171676963,2.924188923146225,91.45217391,0.0,0.0,5.876494,8.1341301,5.2032728,18.0,2.622842,3.7848606,15.151
E01034688,Lincoln 005F,Lincoln,1.475547562355499,0.8524452437644501,0.8378463467525757,0.6646074171676963,2.924188923146225,91.45217391,0.0,0.0,5.876494,8.1341301,5.2032728,18.0,2.622842,3.7848606,15.151
E01034689,Lincoln 007E,Lincoln,2.069923594983518,0.7930076405016482,1.8899563026530481,1.3722315574197366,2.94758292487777,86.22313433,0.0,0.0,14.858670700000001,15.508021399999999,29.4260307,18.0,1.3750955,10.0840336,16.677
E01034690,Lincoln 007F,Lincoln,2.069923594983518,0.7930076405016482,1.8899563026530481,1.3722315574197366,2.94758292487777,86.22313433,0.0,0.0,14.858670700000001,15.508021399999999,29.4260307,18.0,1.3750955,10.0840336,16.677
E01034691,Lincoln 008E,Lincoln,1.5540577189654574,0.8445942281034542,0.7216984508561526,0.8383925061120021,3.1020821999282178,86.77530187,470.0,0.9478673,5.1749424,7.0395977,10.830163299999999,16.0,1.3827781000000001,6.0129897,17.77
E01034692,Lincoln 008F,Lincoln,1.5540577189654574,0.8445942281034542,0.7216984508561526,0.8383925061120021,3.1020821999282178,86.77530187,470.0,0.9478673,5.1749424,7.0395977,10.830163299999999,16.0,1.3827781000000001,6.0129897,17.77
E01034693,North Kesteven 003I,North Kesteven,1.4411986733244317,0.8558801326675568,0.5839395750980759,0.48279715476917107,3.256859290106048,55.22938312,509.99999999999994,1.9230769,5.8044807,4.3279022000000005,11.1111111,6.0,0.4582485,3.5132383000000003,6.082
E01034694,North Kesteven 003J,North Kesteven,1.4411986733244317,0.8558801326675568,0.5839395750980759,0.48279715476917107,3.256859290106048,55.22938312,509.99999999999994,1.9230769,5.8044807,4.3279022000000005,11.1111111,6.0,0.4582485,3.5132383000000003,6.082
E01034695,North Kesteven 011F,North Kesteven,1.7487611471845759,0.8251238852815423,1.4163737215736938,0.7240463285568007,3.105863391423233,50.84420114,0.0,0.0,13.69704,9.402205499999999,18.4650456,6.0,0.7254788,2.843877,7.081
E01034696,North Kesteven 011G,North Kesteven,1.7487611471845759,0.8251238852815423,1.4163737215736938,0.7240463285568007,3.105863391423233,50.84420114,0.0,0.0,13.69704,9.402205499999999,18.4650456,6.0,0.7254788,2.843877,7.081
E01034697,South Holland 006H,South Holland,1.8227646774760284,0.8177235322523971,1.1510669666805846,1.2770732801987437,3.040153785548757,65.53164683,0.0,0.0,11.4141714,7.560035599999999,33.4801762,17.0,1.0080047,4.7435517,7.689
E01034698,South Holland 006I,South Holland,1.8227646774760284,0.8177235322523971,1.1510669666805846,1.2770732801987437,3.040153785548757,65.53164683,0.0,0.0,11.4141714,7.560035599999999,33.4801762,17.0,1.0080047,4.7435517,7.689
E01034699,South Holland 009F,South Holland,2.1471292635053483,0.7852870736494652,1.8481734794141138,1.4542357052886246,3.138978605813307,43.44227099,0.0,0.0,16.833229199999998,12.960649599999998,34.8856209,24.0,1.1867583,9.931292899999999,10.908
E01034700,South Holland 009G,South Holland,2.1471292635053483,0.7852870736494652,1.8481734794141138,1.4542357052886246,3.138978605813307,43.44227099,0.0,0.0,16.833229199999998,12.960649599999998,34.8856209,24.0,1.1867583,9.931292899999999,10.908
E01034701,South Kesteven 004F,South Kesteven,2.0526144327461724,0.7947385567253827,1.8716958542861628,1.0714983472823836,3.214649096669971,119.8032686,1240.0,12.4087591,19.0458849,11.179898000000001,30.245535699999998,9.0,1.019665,2.9497451,5.798
E01034702,South Kesteven 004G,South Kesteven,2.0526144327461724,0.7947385567253827,1.8716958542861628,1.0714983472823836,3.214649096669971,119.8032686,1240.0,12.4087591,19.0458849,11.179898000000001,30.245535699999998,9.0,1.019665,2.9497451,5.798
E01034703,South Kesteven 010E,South Kesteven,1.9537156194455771,0.8046284380554423,1.834962012644267,0.957691278894053,3.0684935667984115,66.64780822,100.0,0.0,18.365553600000002,11.2770943,23.7814676,20.0,0.6444054,2.2554189,5.117
E01034704,South Kesteven 010F,South Kesteven,1.9537156194455771,0.8046284380554423,1.834962012644267,0.957691278894053,3.0684935667984115,66.64780822,100.0,0.0,18.365553600000002,11.2770943,23.7814676,20.0,0.6444054,2.2554189,5.117
E01034705,South Kesteven 010G,South Kesteven,1.9537156194455771,0.8046284380554423,1.834962012644267,0.957691278894053,3.0684935667984115,66.64780822,100.0,0.0,18.365553600000002,11.2770943,23.7814676,20.0,0.6444054,2.2554189,5.117
E01034706,West Lindsey 009E,West Lindsey,2.176992099238243,0.7823007900761757,2.378632248184709,0.928719666076187,3.223624383453833,103.6514445,1060.0,2.1276596,23.621460499999998,14.493293600000001,21.183591099999997,7.0,0.9314456000000001,3.6885245999999996,12.247
E01034707,West Lindsey 009F,West Lindsey,2.176992099238243,0.7823007900761757,2.378632248184709,0.928719666076187,3.223624383453833,103.6514445,1060.0,2.1276596,23.621460499999998,14.493293600000001,21.183591099999997,7.0,0.9314456000000001,3.6885245999999996,12.247
