LSOA11CD,LSOA11NM,LSOA21CD,LSOA21NM,CHGIND,LAD22CD,LAD22NM,LAD22NMW,ObjectId,lsoa11,samhi_index.2011,samhi_dec.2011,samhi_index.2012,samhi_dec.2012,samhi_index.2013,samhi_dec.2013,samhi_index.2014,samhi_dec.2014,samhi_index.2015,samhi_dec.2015,samhi_index.2016,samhi_dec.2016,samhi_index.2017,samhi_dec.2017,samhi_index.2018,samhi_dec.2018,samhi_index.2019,samhi_dec.2019,samhi_index.2020,samhi_dec.2020,samhi_index.2021,samhi_dec.2021,samhi_index.2022,samhi_dec.2022
E01026007,Boston 001A,E01026007,Boston 001A,U,E07000136,Boston,,2813,E01026007,-0.812430750783759,6,-0.478399654643487,7,-0.670067112498848,6,-0.58649961070668,5,-0.589292827757496,4,-0.301769603544993,5,-0.0563224095802975,5,-0.187196939574249,4,0.182767282102185,4,0.209190521866846,4,0.279106113573203,4,0.770657473144537,6
E01026008,Boston 001B,E01026008,Boston 001B,U,E07000136,Boston,,2814,E01026008,-0.612279551638446,7,-0.368632245189816,8,-0.423734351669006,7,-0.464523821760444,6,-0.369365932084704,5,-0.113442595862275,6,-0.0706679105754637,5,0.0846919671493327,5,0.765157989397317,7,0.515195008799564,6,0.262744298578305,4,0.911751258836643,7
E01026009,Boston 001C,E01026009,Boston 001C,U,E07000136,Boston,,2815,E01026009,-0.423049736837205,8,-0.552887491359546,7,-0.71047719103767,6,-0.559350102284722,5,-0.112349271774071,7,-0.0613119367724302,6,0.126357262474823,6,0.235029929895801,6,0.823188432751918,7,0.63673156555769,6,0.718583293472933,6,0.717822189311475,6
E01026023,Boston 001D,E01026023,Boston 001D,U,E07000136,Boston,,2816,E01026023,0.100228349043008,10,0.601862127677457,10,0.309059724050015,9,0.0500245330446738,8,0.141271140666576,8,0.551614119337703,8,0.242712404118159,7,1.19805848193775,9,1.20340263431006,8,1.39314782866336,9,0.704392094522088,6,0.731016705156051,6
E01026024,Boston 001E,E01026024,Boston 001E,U,E07000136,Boston,,2817,E01026024,-0.163740708268921,9,0.0891428915758671,9,-0.146898795474124,8,-0.0745308940230424,8,-0.0781436883277996,7,0.0938993422573309,7,0.423633117876884,7,0.244970610767576,6,0.57580803655164,6,0.837804721216844,7,0.694949543564598,6,0.923085417241151,7
E01026010,Boston 002A,E01026010,Boston 002A,U,E07000136,Boston,,2818,E01026010,-0.639280047451221,7,-0.129353493380523,9,0.0056371820609292,9,0.0044928661748697,8,0.546637323798908,9,0.391973084705705,8,0.218265493896218,7,-0.0107241565932433,4,0.853974209871001,7,0.928020751902342,8,1.28197265568727,8,1.26651825814216,8
E01026011,Boston 002B,E01034679,Boston 002F,S,E07000136,Boston,,2819,E01026011,-0.952182409357054,5,-0.745499389300627,6,-0.413207346715925,7,-0.278038180394474,7,-0.493953566285296,5,-0.075533240340945,6,-0.0225275200209124,5,-0.0603208166872472,4,0.381343057624186,5,0.293354804002235,5,0.738637925997887,6,0.625194314142683,6
E01026011,Boston 002B,E01034680,Boston 002G,S,E07000136,Boston,,2820,E01026011,-0.952182409357054,5,-0.745499389300627,6,-0.413207346715925,7,-0.278038180394474,7,-0.493953566285296,5,-0.075533240340945,6,-0.0225275200209124,5,-0.0603208166872472,4,0.381343057624186,5,0.293354804002235,5,0.738637925997887,6,0.625194314142683,6
E01026030,Boston 002C,E01026030,Boston 002C,U,E07000136,Boston,,2821,E01026030,-0.267850979754275,9,0.0686424873955498,9,-0.164720081642192,8,0.296566191822233,9,0.430570502321342,9,0.671183215113669,9,0.666692524617598,8,0.582196554502609,7,1.03694266262879,8,0.849989482127519,7,1.7071024079041,9,1.56811141934097,9
E01026032,Boston 002D,E01026032,Boston 002D,U,E07000136,Boston,,2822,E01026032,-1.07412277805578,5,-0.634388285469491,6,-0.658570218620092,6,-0.112310326677624,8,-0.446218753846604,5,-0.240506808765378,5,-0.152375324116188,5,-0.23578909650747,3,-0.0918482941204675,3,-0.186139856791681,3,0.396160131591681,5,0.659775355498692,6
E01026037,Boston 002E,E01026037,Boston 002E,U,E07000136,Boston,,2823,E01026037,-1.04682060666353,5,-0.387320076387029,8,-0.482466577871765,7,-0.241407651917397,7,-0.24189350182407,6,0.0589167664957903,7,0.0746557136482773,6,0.118535569339166,5,0.887949271700815,7,0.669495541806803,7,1.16204638416296,8,1.46451517780169,9
E01026006,Boston 003A,E01034681,Boston 003E,S,E07000136,Boston,,2824,E01026006,-0.388513179644229,8,-0.112519461768954,9,-0.0891597398277435,8,0.0103440216779131,8,-0.0034005953142021,7,0.175379511357211,7,0.250129847545862,7,0.139368213714723,5,0.40798565934505,5,0.302920800405521,5,0.543013599654348,5,0.842870994489105,7
E01026006,Boston 003A,E01034682,Boston 003F,S,E07000136,Boston,,2825,E01026006,-0.388513179644229,8,-0.112519461768954,9,-0.0891597398277435,8,0.0103440216779131,8,-0.0034005953142021,7,0.175379511357211,7,0.250129847545862,7,0.139368213714723,5,0.40798565934505,5,0.302920800405521,5,0.543013599654348,5,0.842870994489105,7
E01026021,Boston 003B,E01026021,Boston 003B,U,E07000136,Boston,,2826,E01026021,0.0545664880947419,9,0.331059407769784,10,0.752415709018719,10,0.631712395162043,10,0.953168496868825,10,1.08469514889326,10,1.6865149775425,10,0.28622632909388,6,0.740800622550787,7,1.08495604102768,8,2.28032628486816,10,2.65566662896974,10
E01026025,Boston 003C,E01026025,Boston 003C,U,E07000136,Boston,,2827,E01026025,-0.999912592476008,5,-0.756012247271925,6,-0.432836625721525,7,-0.236987164935868,7,-0.231024998000437,6,0.0320074794968106,7,0.0838202905792006,6,-0.254247746542502,3,0.251518839217717,5,0.16257326635105,4,0.627837503435243,6,0.717704899025005,6
E01026036,Boston 003D,E01026036,Boston 003D,U,E07000136,Boston,,2828,E01026036,-0.274322518767985,9,-0.259060649660036,8,-0.742677697973865,5,-0.558345324264517,5,-0.289826334555761,6,0.207617254997317,7,-0.0789279987873582,5,0.0056533235951,5,0.212198282808231,5,0.64774346437331,7,0.737463769607328,6,0.967357542609867,7
E01026012,Boston 004A,E01026012,Boston 004A,U,E07000136,Boston,,2830,E01026012,-0.872243170961887,6,-1.05532915532031,4,-0.857952894670574,5,-0.197757540414126,7,0.0805177224376756,8,0.239960114385817,7,0.468899380197235,8,0.288967993052452,6,1.38069070829999,9,0.495929329881876,6,1.26257151127389,8,1.09824843589454,8
E01026015,Boston 004B,E01026015,Boston 004B,U,E07000136,Boston,,2831,E01026015,-1.24746358129373,3,-1.21151349280078,3,-0.968630076209114,4,-0.900605218775664,3,-0.552848319058817,4,-0.301275511192598,5,-0.410511726554887,3,-0.419712305305516,2,-0.142536697955281,3,0.0976785392566882,4,0.673145675870246,6,0.334800949924095,4
E01026026,Boston 004C,E01026026,Boston 004C,U,E07000136,Boston,,2832,E01026026,-0.503749807321855,8,-0.437996893272294,7,-0.201247933302767,8,-0.11255612184033,8,0.0667159669815938,8,0.0034767215562545,6,0.430105254648922,7,0.267737568629802,6,0.610743796434142,6,0.642359803109872,7,1.14774351707017,8,1.07481677921851,7
E01026027,Boston 004D,E01026027,Boston 004D,U,E07000136,Boston,,2835,E01026027,-1.13749679860873,4,-1.10457255384753,3,-0.869859611988734,5,-0.708998195733449,5,-0.40591776991074,5,-0.178527909431186,5,-0.180624356763182,5,-0.272324379833346,3,0.393278015634333,5,0.174677602582111,4,0.236307474553188,4,0.576258005437366,5
E01026028,Boston 004E,E01026028,Boston 004E,U,E07000136,Boston,,2839,E01026028,-0.5538931262338,8,-0.510009263223321,7,-0.0558306588676602,9,0.273103550402458,9,0.49061254877763,9,0.0713505965899224,7,0.288732629826079,7,0.438546957742161,7,0.744066522134043,7,0.909721508016324,8,0.889327983536554,7,1.12784020375247,8
E01026039,Boston 009D,E01026039,Boston 009D,U,E07000136,Boston,,2844,E01026039,-1.06952510955005,5,-0.891457101180739,5,-0.637439366425653,6,-0.68278053370183,5,-0.726299565760998,4,-0.423005872094075,4,-0.381124834610313,4,0.1196945453363,5,0.181084066688913,4,0.909456197189157,8,0.513509880039854,5,0.915807502703032,7
E01026016,Boston 006A,E01026016,Boston 006A,U,E07000136,Boston,,2845,E01026016,-0.901411689898244,6,-0.723711748959621,6,-0.963464946409623,4,-0.660370245905812,5,-0.123097207285658,7,0.187514201459898,7,0.0421060068982139,6,0.188691356369048,5,0.41412803992828,5,0.619908956543889,6,0.848922775976653,7,1.04850101551059,7
E01026033,Boston 006B,E01026033,Boston 006B,U,E07000136,Boston,,2852,E01026033,-0.861413291473803,6,-0.712318695296102,6,-0.829188895893822,5,-0.466826560011948,6,-0.392727481871413,5,-0.159375924668226,6,0.280537607991652,7,0.233169344319363,6,0.420345756487472,6,0.710283490895318,7,1.05224446945148,7,0.651363020651434,6
E01026034,Boston 006C,E01026034,Boston 006C,U,E07000136,Boston,,2853,E01026034,-0.761035512450397,7,-0.490329307277107,7,-0.755266002628715,5,-0.61578877730919,5,-0.0888967848198822,7,0.171278459562056,7,0.367199842495621,7,0.327820926423492,6,0.854452149721905,7,0.762624740441926,7,0.840904348975438,7,1.04896595588402,7
E01026017,Boston 007A,E01026017,Boston 007A,U,E07000136,Boston,,2854,E01026017,-1.43736913026756,2,-1.08776597296268,4,-1.04507668737135,4,-0.872552165223884,4,-0.414658437363246,5,-0.32002223647816,5,-0.0553108989480846,5,0.404592456596539,6,0.838673816789069,7,0.779253440286485,7,0.804245073649804,6,1.11582748673033,8
E01026018,Boston 007B,E01026018,Boston 007B,U,E07000136,Boston,,2855,E01026018,-0.88904391245524,6,-0.674229023973272,6,-0.64216180802961,6,-0.475323759348055,6,-0.588603488022123,4,-0.290436137992697,5,0.0207536605858119,6,-0.0418768061136285,4,0.657950499867917,7,0.518743359312058,6,0.879873469356857,7,1.25138530161008,8
E01026019,Boston 007C,E01026019,Boston 007C,U,E07000136,Boston,,2856,E01026019,-0.73618652284207,7,-0.589701131159071,7,-0.332868865528032,8,-0.121935220629748,8,-0.227272549822153,6,-0.158206850515357,6,-0.0620474803831647,5,0.0628219848616663,5,0.361125381463806,5,0.543855929584882,6,0.97369075379094,7,0.966095923885559,7
E01026020,Boston 007D,E01026020,Boston 007D,U,E07000136,Boston,,2857,E01026020,-0.591128017096509,8,-0.375348002468642,8,-0.333098981988713,8,-0.136640064149928,7,-0.155048854116712,7,0.0646821321951514,7,0.208075179075213,7,0.0354080803314957,5,0.598663072028738,6,0.25522644014562,5,0.828378321906672,6,0.668559018366786,6
E01026041,Boston 007E,E01026041,Boston 007E,U,E07000136,Boston,,2858,E01026041,-0.748181671435796,7,-0.352090709889934,8,-0.173063334527461,8,0.103050497922087,8,0.0998637509493434,8,-0.0195358402415229,6,0.456976164900484,8,0.640381447983196,7,1.52171761840908,9,0.877738227286092,7,0.868455270261735,7,1.54975109702668,9
E01026013,Boston 008A,E01026013,Boston 008A,U,E07000136,Boston,,2859,E01026013,-1.44079097064909,2,-0.998564073284698,4,-0.999712413295549,4,-0.697870594087667,5,-0.875444621399028,3,-0.535235256976453,4,-0.141266171394895,5,-0.554688435464198,2,0.0788120321592077,4,0.215499369314276,4,0.464768301681928,5,0.0925314712091102,3
E01026014,Boston 008B,E01026014,Boston 008B,U,E07000136,Boston,,2860,E01026014,-1.0314309425302,5,-0.941544733462121,4,-0.331401048541267,8,-0.2545183734014,7,-0.466690341549347,5,-0.221753756731198,5,-0.244656506860881,4,-0.111916536607187,4,0.19604388428872,4,0.0649035017789702,4,0.536361639269075,5,0.725972059302271,6
E01026022,Boston 008C,E01026022,Boston 008C,U,E07000136,Boston,,2861,E01026022,-1.25818471272521,3,-1.20105531641138,3,-0.596865144452193,6,-0.810509967465027,4,-0.6398450350754,4,-0.467269553337008,4,-0.503206768447543,3,-0.396731972661578,3,0.319790166326186,5,0.125066638930064,4,0.401811727362478,5,-0.005831558190282,3
E01026038,Boston 008D,E01026038,Boston 008D,U,E07000136,Boston,,2862,E01026038,-1.24805394133293,3,-1.08891220697196,4,-0.983691107068672,4,-0.853605455767278,4,-0.710026849136544,4,-0.298238609789373,5,-0.528589658727777,3,-0.117527228420487,4,0.0157568054835776,4,0.269500901522154,5,0.369449066667294,4,0.520038171735271,5
E01026040,Boston 008E,E01026040,Boston 008E,U,E07000136,Boston,,2863,E01026040,-1.13148852986708,4,-1.00247626234142,4,-1.14338372750798,3,-0.724797012682839,4,-0.549585076556063,4,-0.603519481270649,3,-0.0990158540242984,5,-0.359644716372491,3,0.384172353156243,5,0.249769013994728,5,1.25607266461705,8,1.54420286020275,9
E01026029,Boston 009A,E01034683,Boston 009E,S,E07000136,Boston,,2864,E01026029,-0.76135910227563,7,-0.665631789861883,6,-0.527391226366143,7,-0.523048441660467,6,-0.417447737584916,5,-0.0825754400721104,6,-0.263302843898923,4,0.0490254776769848,5,0.646925583133603,7,0.168716775723949,4,0.543857617652634,5,0.715854420767058,6
E01026029,Boston 009A,E01034684,Boston 009F,S,E07000136,Boston,,2865,E01026029,-0.76135910227563,7,-0.665631789861883,6,-0.527391226366143,7,-0.523048441660467,6,-0.417447737584916,5,-0.0825754400721104,6,-0.263302843898923,4,0.0490254776769848,5,0.646925583133603,7,0.168716775723949,4,0.543857617652634,5,0.715854420767058,6
E01026031,Boston 009B,E01026031,Boston 009B,U,E07000136,Boston,,2866,E01026031,-1.26885535992251,3,-0.232778640211007,8,0.0618571746859409,9,0.10389402461561,8,-0.111695784337038,7,0.161469446298295,7,0.424877168664503,7,0.409510825271705,6,0.719157548672549,7,0.866957367481624,7,1.47879494579122,9,1.74778983417582,9
E01026035,Boston 009C,E01026035,Boston 009C,U,E07000136,Boston,,2867,E01026035,-1.30740765963026,3,-1.28501059780442,2,-1.09094990993473,3,-0.713435863293168,5,-0.800949873759427,3,-0.630648843313274,3,-0.338517234315361,4,-0.424898929310765,2,-0.185439285634057,3,-0.248599229389372,2,0.196432571788398,4,0.377004312723357,4
E01026055,East Lindsey 013C,E01026055,East Lindsey 013C,U,E07000137,East Lindsey,,10401,E01026055,-0.822933154115567,6,0.0382503463133143,9,-0.41683850953161,7,-0.207523096317798,7,-0.0285689719124547,7,-0.079702323870879,6,0.353349327384617,7,0.28334994593897,6,0.782981878717602,7,0.426070558552913,6,0.834905741070061,7,0.674518912807399,6
E01026059,East Lindsey 013D,E01026059,East Lindsey 013D,U,E07000137,East Lindsey,,10402,E01026059,-0.270381137043684,9,-0.348861742355754,8,-0.144261410499601,8,-0.403085554008205,6,0.327524704512305,8,0.298403165715404,8,0.556969121414832,8,0.692606179296701,8,0.766648739044654,7,1.20334519323254,9,1.34125111897751,8,1.0937284039928,7
E01026100,East Lindsey 013E,E01026100,East Lindsey 013E,U,E07000137,East Lindsey,,10403,E01026100,-0.375814984277211,8,-0.161759422286697,8,-0.388584328632511,7,-0.504607513643694,6,0.120591796716936,8,-0.0744711755734942,6,0.0267510889567783,6,0.195262422299333,5,0.412842448934307,5,0.850455721675981,7,1.17352678592691,8,1.31214769657372,8
E01026101,East Lindsey 013F,E01026101,East Lindsey 013F,U,E07000137,East Lindsey,,10404,E01026101,-0.242744473741732,9,0.407153261631076,10,0.406436357373257,10,1.04158245789017,10,0.810320754163599,9,1.03513526574946,9,1.74552361221245,10,1.16190259210272,9,2.00352155483667,10,1.85824496387201,10,2.18554995149741,10,2.1379582510682,10
E01026092,East Lindsey 014A,E01026092,East Lindsey 014A,U,E07000137,East Lindsey,,10405,E01026092,1.43849993510526,10,1.90351217882721,10,1.86670342644983,10,1.58017618707951,10,1.76654346015598,10,1.73615756142958,10,2.21724228107204,10,1.61398126792886,10,2.56114103607098,10,1.9715821816332,10,2.61650415401046,10,2.42223611079165,10
E01026093,East Lindsey 014B,E01026093,East Lindsey 014B,U,E07000137,East Lindsey,,10406,E01026093,0.666398679713404,10,1.15003107433322,10,1.42399337613729,10,1.12335846385382,10,1.41787665753594,10,1.65579439388431,10,1.49213395673381,10,1.89073574462824,10,2.41418165196057,10,2.28216886327586,10,2.87784730043926,10,3.05637846500307,10
E01026095,East Lindsey 014C,E01026095,East Lindsey 014C,U,E07000137,East Lindsey,,10407,E01026095,1.39376826682359,10,2.15123858619336,10,0.878660904425741,10,1.77633551815717,10,2.47482391764286,10,2.63465322048023,10,2.75221568184881,10,2.14204256873723,10,4.13372248788648,10,2.97795037069339,10,3.42372238294777,10,3.84177292509541,10
E01026114,East Lindsey 014D,E01026114,East Lindsey 014D,U,E07000137,East Lindsey,,10408,E01026114,1.63496106068197,10,1.23541862079631,10,1.34185475796071,10,0.667614882178866,10,0.893706543997561,10,1.47881821147016,10,1.76530356529718,10,1.14754109837696,9,1.83669964853998,10,1.99263060615272,10,2.35143327404094,10,2.62701907205192,10
E01026083,East Lindsey 015A,E01026083,East Lindsey 015A,U,E07000137,East Lindsey,,10409,E01026083,0.740088689341471,10,0.797165573491787,10,1.28629759713284,10,1.5621047380286,10,1.50731060421958,10,1.94077785209538,10,1.73509080584444,10,2.52251662144612,10,2.90330259906404,10,2.69032716574292,10,3.10205335813375,10,3.65251987408393,10
E01026094,East Lindsey 015B,E01026094,East Lindsey 015B,U,E07000137,East Lindsey,,10410,E01026094,0.66260904286623,10,0.712818816445879,10,0.591535956180908,10,1.45286317737839,10,0.802763169871516,9,1.50596223707975,10,0.944803679316965,9,1.2325743599631,9,1.88555028124179,10,2.06309499549582,10,2.28516219500728,10,2.57522745001482,10
E01026096,East Lindsey 015C,E01026096,East Lindsey 015C,U,E07000137,East Lindsey,,10411,E01026096,-0.106423042739138,9,0.188501787338115,9,0.581563441537343,10,0.367135523880679,9,0.145598245584795,8,0.239613955703913,7,0.184062717650551,6,0.418150558098924,7,0.990955372559378,8,1.05037676695617,8,1.11766844933573,8,1.30694409464577,8
E01026097,East Lindsey 015D,E01026097,East Lindsey 015D,U,E07000137,East Lindsey,,10412,E01026097,0.540873231886065,10,0.416703021525164,10,0.578059366092909,10,0.56873728826028,9,0.594125329272944,9,0.784517673861103,9,0.868269630227267,9,1.43297338083805,9,1.86693836124671,10,1.54253168678054,9,2.29023689451926,10,1.7840151823605,9
E01026051,East Lindsey 016A,E01026051,East Lindsey 016A,U,E07000137,East Lindsey,,10414,E01026051,-0.723979054116723,7,-0.931020877312391,5,-0.933540262808255,4,-0.780900448505647,4,-0.601227806425037,4,-0.328143312860014,5,0.0537185726764532,6,0.103745497804291,5,0.250708507663204,5,0.414006672594957,5,0.912570738842816,7,0.586966059136503,5
E01026052,East Lindsey 016B,E01026052,East Lindsey 016B,U,E07000137,East Lindsey,,10415,E01026052,-0.637877303720146,7,-0.575792188718676,7,-0.300146099474511,8,-0.678980392264704,5,-0.537210433687014,5,-0.155479106776026,6,0.0172911027519677,6,0.0996353873391677,5,0.9778793405089,8,1.28267336775852,9,1.43754230528971,9,1.142378764977,8
E01026053,East Lindsey 016C,E01026053,East Lindsey 016C,U,E07000137,East Lindsey,,10416,E01026053,-0.911487392722905,6,-0.857383576145012,5,-0.873340115064266,5,-0.74467598092577,4,-0.654531797311195,4,-0.496071567488872,4,-0.145426422379233,5,-0.288110064402082,3,0.12844449372859,4,0.184084736820387,4,0.613652840240899,6,0.456063962731012,5
E01026054,East Lindsey 016D,E01026054,East Lindsey 016D,U,E07000137,East Lindsey,,10418,E01026054,-0.296991926819997,9,-0.286718240989503,8,-0.140942367397842,8,-0.260714088014262,7,0.0776786679536722,8,0.322621224989195,8,0.461194458566452,8,0.737908171078822,8,1.30122045376076,9,1.04318341485044,8,1.29519629797309,8,1.22567559225164,8
E01026118,East Lindsey 016E,E01026118,East Lindsey 016E,U,E07000137,East Lindsey,,10420,E01026118,-1.86106734590423,1,-1.4935875203588,2,-1.2308893790199,3,-1.1134242339854,2,-0.954417188890353,2,-0.824441878740381,2,-0.347481455382966,4,-0.203352215827798,3,0.345468590058682,5,0.566454286041191,6,0.4673719506638,5,0.516397277615847,5
E01026119,East Lindsey 016F,E01026119,East Lindsey 016F,U,E07000137,East Lindsey,,10422,E01026119,-1.82509133490212,1,-1.42187938723426,2,-0.724202971522356,6,-1.11182400536595,2,-0.864835471510694,3,-0.3922541235965,4,-0.258511580167787,4,-0.0825061789597731,4,0.645979804508354,7,0.876709400254363,7,0.962739452235069,7,0.883566583081198,7
E01026120,East Lindsey 016G,E01026120,East Lindsey 016G,U,E07000137,East Lindsey,,10424,E01026120,-1.61126389325186,2,-1.09247489474915,3,-0.677479221895313,6,-0.548219711190063,5,-0.774160361882769,3,-0.029571190339233,6,0.226995242868386,7,0.64568265799148,7,0.643772029789417,7,0.804878109879109,7,1.0207776502723,7,0.785291722374691,6
E01026056,East Lindsey 017A,E01026056,East Lindsey 017A,U,E07000137,East Lindsey,,10426,E01026056,-0.411464005024809,8,-0.452770779492686,7,-0.352132493544099,7,-0.425161426352231,6,-0.341411067911041,6,0.253181705952797,7,0.304532807046808,7,0.562992305599137,7,1.64770974886754,9,0.985035510675036,8,1.07443663203051,7,1.7968206145808,9
E01026110,East Lindsey 017B,E01026110,East Lindsey 017B,U,E07000137,East Lindsey,,10429,E01026110,-0.642335670948021,7,-0.531806594729787,7,-0.737044333075185,5,-0.586116855326602,5,-0.086402762729527,7,0.166653194951903,7,0.160897802972704,6,0.211202857939166,6,0.4527282479861,6,0.969459109097495,8,1.01505310140846,7,1.24565300661576,8
E01026106,East Lindsey 001F,E01026106,East Lindsey 001F,U,E07000137,East Lindsey,,10433,E01026106,-1.0128651020588,5,-0.854413527643907,5,-0.925476113042802,4,-0.855192756124443,4,-0.718883657141793,4,-0.188407041205926,5,-0.0853150959111519,5,0.151821298395411,5,0.440958136717501,6,0.391481439342042,5,0.195523705330561,4,0.770124520755835,6
E01026045,East Lindsey 001A,E01026045,East Lindsey 001A,U,E07000137,East Lindsey,,10474,E01026045,-0.925603079282608,6,-0.653340422746505,6,-0.505120148933674,7,0.0544917257005244,8,0.377192677759926,9,-0.126203470337391,6,0.30648670282159,7,0.597637623950441,7,0.712880983533108,7,0.526427770017395,6,0.643113411386072,6,0.846216839284028,7
E01026061,East Lindsey 001B,E01026061,East Lindsey 001B,U,E07000137,East Lindsey,,10475,E01026061,-1.53255730099103,2,-1.19020680436014,3,-0.859684217780001,5,-0.808207277667999,4,-0.771491552638218,3,-0.612691380098528,3,-0.442295198856583,3,-0.346710020822459,3,-0.240704581295949,2,-0.132724834859971,3,0.25690216707266,4,0.599783502650793,5
E01026062,East Lindsey 001C,E01026062,East Lindsey 001C,U,E07000137,East Lindsey,,10476,E01026062,-1.33990304962815,3,-1.21482186212994,3,-0.177715820144053,8,-0.397326531804399,6,-0.338738246814671,6,-0.30856434362834,5,-0.370702491767314,4,-0.190676907014147,4,-0.155899628121253,3,0.224408284335102,5,0.0121276561016841,3,0.398773352706718,4
E01026063,East Lindsey 001D,E01026063,East Lindsey 001D,U,E07000137,East Lindsey,,10477,E01026063,-1.44733011679506,2,-0.915330536112043,5,-1.09612168738982,3,-0.961712514132278,3,-0.372042263832613,5,-0.753890929466578,3,-0.53013373925152,3,-0.0882951537631309,4,-0.0605354105373551,3,-0.0121228030863824,3,0.281680350192825,4,0.485324663210068,5
E01026080,East Lindsey 001E,E01026080,East Lindsey 001E,U,E07000137,East Lindsey,,10478,E01026080,-1.19188926043688,4,-0.889591601797245,5,-1.11453373199518,3,-0.77887925353982,4,-0.508686456411408,5,-0.243252168309244,5,-0.378184613446916,4,-0.164348236250629,4,-0.105309913337105,3,0.243411694734924,5,0.0776566928161181,3,0.106730481419665,3
E01026111,East Lindsey 017C,E01026111,East Lindsey 017C,U,E07000137,East Lindsey,,10479,E01026111,-0.192955141069414,9,-0.102048145020526,9,-0.601263204402724,6,-0.268921638204753,7,0.132681203494641,8,0.224864316023368,7,0.131986740664783,6,0.622331828224451,7,0.981212130084061,8,1.57877497847702,9,0.968232328179289,7,1.07531989227077,7
E01026107,East Lindsey 001G,E01026107,East Lindsey 001G,U,E07000137,East Lindsey,,10481,E01026107,-1.3966116684431,3,-1.197030041476,3,-1.16419910329989,3,-0.380129063591346,6,-0.341916760684055,6,-0.515080884559045,4,-0.81333456683598,2,-0.284089967719746,3,-0.223696013196426,3,-0.381325031822632,2,0.0731136164532545,3,0.403721978192518,4
E01026058,East Lindsey 002A,E01026058,East Lindsey 002A,U,E07000137,East Lindsey,,10486,E01026058,-1.12560428037087,4,-0.845275397610021,5,-1.03386441269447,4,-0.721554413587165,4,-0.320813323730294,6,-0.321006598009947,5,0.102734265880256,6,0.472901337300814,7,0.473133167600095,6,0.372015670732994,5,0.718567260425119,6,1.0262599287657,7
E01026112,East Lindsey 017D,E01026112,East Lindsey 017D,U,E07000137,East Lindsey,,10488,E01026112,0.323069256876888,10,0.288058440714391,10,-0.0127144198617326,9,0.603087358887929,9,0.679232821052076,9,0.955577122386912,9,0.940867016599844,9,1.48337923681526,9,1.56140812396214,9,1.79364773858964,10,2.30911243740266,10,2.27277640598508,10
E01026076,East Lindsey 002B,E01026076,East Lindsey 002B,U,E07000137,East Lindsey,,10492,E01026076,-0.964518085487754,5,-0.903422534754271,5,-0.913250682596791,4,-0.792789253850543,4,-0.344672171875793,6,-0.144729707752027,6,-0.130940300984175,5,0.336155962397688,6,0.403589474348764,5,0.483983480304016,6,0.589491672421672,5,0.703536407265347,6
E01026057,East Lindsey 018A,E01026057,East Lindsey 018A,U,E07000137,East Lindsey,,10495,E01026057,-1.44549416370351,2,-1.25749464638564,3,-1.17938461615835,3,-0.948379120850947,3,-0.590435231310887,4,-0.62533264375039,3,-0.438465023782113,3,-0.133123873911852,4,0.267386911598889,5,0.274780080133354,5,0.486152976731893,5,0.648768209463476,6
E01026079,East Lindsey 002C,E01026079,East Lindsey 002C,U,E07000137,East Lindsey,,10499,E01026079,-1.47545192250986,2,-1.31029483158944,2,-1.64849184621098,1,-1.1312035623763,2,-0.583436260369918,4,-0.232290872768508,5,0.0489816653548158,6,0.450833970100593,7,0.327730472939842,5,0.731902579459968,7,1.02319009063201,7,1.04131544850402,7
E01026075,East Lindsey 018B,E01026075,East Lindsey 018B,U,E07000137,East Lindsey,,10502,E01026075,-0.974856208792641,5,-0.790017111896461,5,-0.736389090777935,5,-0.713201978257308,5,-0.576027483428104,4,-0.353243970436803,5,-0.0667099634072383,5,0.0115664625952276,5,0.260202998131666,5,0.602775032616113,6,1.0935692894624,7,0.90282115708092,7
E01026077,East Lindsey 003A,E01026077,East Lindsey 003A,U,E07000137,East Lindsey,,10506,E01026077,-0.172645409527122,9,-0.0479420593132946,9,0.491110651640344,10,1.11744670613863,10,1.46430896093114,10,1.15901302296608,10,1.28626581151357,10,1.26015525478781,9,1.9215440263244,10,1.44963374327538,9,1.84712571949407,9,2.04546690542176,10
E01026098,East Lindsey 018C,E01026098,East Lindsey 018C,U,E07000137,East Lindsey,,10509,E01026098,-1.15919518651877,4,-1.03644279723231,4,-0.815328463107069,5,-0.493646747080055,6,-0.606554898089134,4,-0.480003404477821,4,-0.171964695440648,5,0.265821365709738,6,0.98984864821216,8,0.662985403292803,7,0.624677237126345,6,1.01729776064263,7
E01026078,East Lindsey 003B,E01026078,East Lindsey 003B,U,E07000137,East Lindsey,,10513,E01026078,-0.200133226263411,9,0.255532617607886,9,0.97179759568028,10,1.23683018120738,10,1.21359539339975,10,1.30533124138771,10,1.96466836644967,10,1.97424344542813,10,1.94565160527444,10,1.60670013598127,9,2.11394721070096,10,2.06980536372449,10
E01026102,East Lindsey 018D,E01026102,East Lindsey 018D,U,E07000137,East Lindsey,,10516,E01026102,-1.52150521642635,2,-1.32842954479458,2,-0.915267146397866,4,-0.618495672522504,5,-0.318297357405936,6,-0.230495531534286,5,0.111015345783067,6,0.324881887392972,6,0.740516639982465,7,0.97985337644601,8,1.07842689763379,7,1.42092825826992,8
E01026087,East Lindsey 003C,E01026087,East Lindsey 003C,U,E07000137,East Lindsey,,10564,E01026087,-0.178811341592464,9,0.0869995457980598,9,-0.189724022349956,8,0.0479270700388455,8,0.597320244090587,9,0.535530831931129,8,1.20119802223505,9,1.58427245685784,10,1.72943733575681,9,1.16669613066071,8,2.02646915071509,10,1.95745862873095,10
E01026088,East Lindsey 003D,E01026088,East Lindsey 003D,U,E07000137,East Lindsey,,10570,E01026088,0.001165659681641,9,0.0237343104160981,9,0.307968545352661,9,0.205187872457867,9,0.355800772374291,8,0.828674795814572,9,1.19162279718304,9,1.42726666818976,9,1.11725454008547,8,0.917119780704634,8,1.12154696000812,8,1.38097961767462,8
E01026090,East Lindsey 003E,E01026090,East Lindsey 003E,U,E07000137,East Lindsey,,10577,E01026090,0.0085139417572633,9,-0.0553053125140201,9,-0.166946167874064,8,0.0826141611649748,8,0.243274426903973,8,0.38253021925009,8,1.13536216001312,9,0.998580965731267,8,1.01301972962045,8,0.904178572773719,8,1.12834888413543,8,1.1698482729383,8
E01026091,East Lindsey 003F,E01026091,East Lindsey 003F,U,E07000137,East Lindsey,,10583,E01026091,-0.566309352745261,8,-0.489338753556294,7,-0.76287105422226,5,-0.681984299257775,5,-0.0150553887946207,7,0.106058523013969,7,0.0539408029051421,6,0.721651396459262,8,1.01520643466565,8,0.498211325410296,6,0.745133273165535,6,1.10150200829012,8
E01026108,East Lindsey 003G,E01026108,East Lindsey 003G,U,E07000137,East Lindsey,,10589,E01026108,-0.390083352456273,8,0.0018169342934396,9,-0.116074022604156,8,0.523956063002263,9,0.731472867694967,9,0.942916808444457,9,0.762252782835003,9,1.32578682825956,9,1.302343761072,9,1.44428679042107,9,1.58914023664356,9,1.55192481368944,9
E01026081,East Lindsey 004A,E01026081,East Lindsey 004A,U,E07000137,East Lindsey,,10595,E01026081,0.187367384852867,10,0.172018178441265,9,0.284375257440434,9,0.264532582146072,9,0.7558746142676,9,0.637939091464647,9,0.868891432352517,9,1.06052961423394,9,1.03095765196761,8,0.977383637564808,8,1.06325345691274,7,1.55933366002518,9
E01026089,East Lindsey 004C,E01026089,East Lindsey 004C,U,E07000137,East Lindsey,,10601,E01026089,-0.587028662417629,8,-0.521111843207655,7,-0.554367059848767,6,-0.24067473663892,7,0.0451790566273918,7,0.142065237803565,7,0.417655907106922,7,0.641441872830374,7,0.898256631132102,7,0.763715267825578,7,0.877082983938302,7,1.26064286746495,8
E01032986,East Lindsey 004D,E01032986,East Lindsey 004D,U,E07000137,East Lindsey,,10607,E01032986,0.250135056203409,10,0.467693591302035,10,0.777500012472638,10,0.693782179169986,10,1.25885759470713,10,1.23848540562238,10,0.431905841428538,7,1.34065187308287,9,1.68129600268945,9,0.83858233237675,7,1.72355453526662,9,1.50562452785417,9
E01032987,East Lindsey 004E,E01032987,East Lindsey 004E,U,E07000137,East Lindsey,,10613,E01032987,-0.447479659453534,8,-0.436706038782492,7,-0.443950095603493,7,-0.0487617178708825,8,0.190399093750969,8,0.393106123363372,8,0.307438625019508,7,1.08228404886998,9,0.925414017013059,8,1.03838474963689,8,1.13734639582462,8,1.43858624066664,9
E01026072,East Lindsey 005A,E01026072,East Lindsey 005A,U,E07000137,East Lindsey,,10619,E01026072,0.103213970128731,10,0.718000595288592,10,1.42188338460534,10,1.0341348543203,10,1.0418436409845,10,1.27813790288758,10,1.86676327975539,10,1.97991178102968,10,2.45159437878429,10,2.03952186239666,10,2.36876899747532,10,2.87317326355116,10
E01026073,East Lindsey 005B,E01026073,East Lindsey 005B,U,E07000137,East Lindsey,,10625,E01026073,-0.066444895289302,9,0.643572160822819,10,0.791424962193452,10,0.750316441438934,10,1.1405730486878,10,1.10279002096975,10,1.20431602857876,9,1.83445181543284,10,2.23020997114621,10,1.91437226528405,10,2.21771378412933,10,2.29309907445505,10
E01026074,East Lindsey 005C,E01026074,East Lindsey 005C,U,E07000137,East Lindsey,,10694,E01026074,-0.45616701551166,8,0.0968730331787309,9,0.750161163838828,10,0.975074221555919,10,0.828884398985695,10,0.847004959650265,9,1.50012334915092,10,1.68314634472317,10,1.61705198513451,9,1.75821293946595,10,1.69777933341194,9,1.85760030521181,9
E01026099,East Lindsey 005D,E01026099,East Lindsey 005D,U,E07000137,East Lindsey,,10726,E01026099,-1.0726031730531,5,-0.836172467963173,5,-1.15870453559822,3,-1.03099819980392,3,-0.345266443488626,6,-0.230248015430347,5,0.284406110596059,7,0.405203165545713,6,0.698281480807877,7,0.870312708924059,7,1.0614042974415,7,0.830783475141515,6
E01026103,East Lindsey 006A,E01026103,East Lindsey 006A,U,E07000137,East Lindsey,,10727,E01026103,-0.31433322778648,9,0.313884050949599,10,0.635456641159134,10,1.03970723275593,10,0.806817128526115,9,0.856294805658903,9,1.41050160713778,10,1.88989357544754,10,1.77963007798479,10,1.77590062401745,10,1.83009702260233,9,2.32301095185871,10
E01026104,East Lindsey 006B,E01026104,East Lindsey 006B,U,E07000137,East Lindsey,,10729,E01026104,-0.983406240527549,5,-0.605519835712573,7,0.0710056112163903,9,0.0744838825794131,8,0.400655044448599,9,0.439941118690696,8,0.866334953117859,9,0.746999424272734,8,0.962651004089791,8,1.13541915981441,8,1.35712400365856,8,1.31150885286632,8
E01026109,East Lindsey 006C,E01026109,East Lindsey 006C,U,E07000137,East Lindsey,,10732,E01026109,-0.499860715670713,8,-0.0141919551922323,9,0.720422293844502,10,0.552775386387168,9,0.784476155368653,9,0.624665278338136,9,1.02406335690431,9,1.41739008618265,9,1.24295014137977,8,1.8721727609318,10,1.78337933623256,9,1.93789595821266,10
E01026071,East Lindsey 007A,E01026071,East Lindsey 007A,U,E07000137,East Lindsey,,10736,E01026071,-0.826460714884279,6,-0.673154111217186,6,-0.907852555613541,4,-0.510175289089426,6,-0.430559564143619,5,-0.150060156350458,6,0.112995435496994,6,0.229123644799247,6,0.0672087435477403,4,0.436702927611378,6,0.277326734074014,4,0.842644095743882,7
E01026082,East Lindsey 007B,E01026082,East Lindsey 007B,U,E07000137,East Lindsey,,10739,E01026082,-1.20465895162335,4,-0.789213035328868,5,-0.714714903209698,6,-0.513882161241521,6,-0.34095181671848,6,-0.319288298136536,5,0.111056717350039,6,-0.0676195651292171,4,0.377327348156897,5,0.327705316799913,5,0.503963569698757,5,0.642268127601238,6
E01026121,East Lindsey 007C,E01026121,East Lindsey 007C,U,E07000137,East Lindsey,,10742,E01026121,-0.617489594818195,7,-0.589435562413108,7,-1.15969464665742,3,-0.878079692984921,4,-0.668803188656797,4,-0.682504991880641,3,-0.238805464154376,4,0.262824871680707,6,0.0299443804646725,4,0.432516408793423,6,0.695690006035677,6,0.689729875311025,6
E01026042,East Lindsey 008A,E01026042,East Lindsey 008A,U,E07000137,East Lindsey,,10745,E01026042,-0.151210840007802,9,-0.152257437481875,8,-0.344144928408589,8,-0.292009486675797,7,0.147177077776729,8,0.319609021968289,8,0.460028801518695,8,1.05439058256852,9,0.729502046136481,7,0.731619578898213,7,0.816626882132914,6,1.15462274549064,8
E01026043,East Lindsey 008B,E01026043,East Lindsey 008B,U,E07000137,East Lindsey,,10748,E01026043,-0.643870672194082,7,-0.269118723890709,8,-0.560174146575111,6,-0.40693988510053,6,-0.217999595734277,6,0.200311957311181,7,0.0410611212136491,6,0.415296932147045,6,0.735383818001782,7,0.450949466470259,6,0.887319241395488,7,1.01955291839322,7
E01026044,East Lindsey 008C,E01026044,East Lindsey 008C,U,E07000137,East Lindsey,,10751,E01026044,-0.916714613548521,6,-0.663823620320457,6,-0.51263076417527,7,-0.565298849620044,5,-0.279290001305602,6,-0.085683712288245,6,0.269429895828719,7,0.108074343103048,5,0.541764019159603,6,0.645518177618575,7,0.870232747444083,7,1.33133007297547,8
E01026113,East Lindsey 008D,E01026113,East Lindsey 008D,U,E07000137,East Lindsey,,10753,E01026113,-0.71474651611252,7,-0.572810347503155,7,-0.468444103808186,7,-0.460340578597482,6,-0.326849136047042,6,-0.025814721060124,6,0.209716866798502,7,0.372070197439802,6,0.675018640656526,7,0.696089434201953,7,0.84482071413935,7,1.03575502853681,7
E01026117,East Lindsey 008E,E01026117,East Lindsey 008E,U,E07000137,East Lindsey,,10778,E01026117,-0.76572311520069,7,-0.497927586859555,7,-0.27700186281687,8,-0.293663891089207,7,-0.168683533535482,7,0.0722455036610276,7,0.419511701172658,7,0.469460580563456,7,0.858235475570528,7,0.367383506099178,5,0.814529299905226,6,1.35242808704012,8
E01026060,East Lindsey 009A,E01026060,East Lindsey 009A,U,E07000137,East Lindsey,,10780,E01026060,-0.701854787419069,7,-0.755842603782308,6,-0.525108820549702,7,-0.595787088034615,5,0.1225205956515,8,-0.0741997700491726,6,0.598230336507625,8,0.421452640309504,7,1.07017882540012,8,0.669077691269483,7,1.23396067072296,8,1.18677447853019,8
E01026068,East Lindsey 009B,E01026068,East Lindsey 009B,U,E07000137,East Lindsey,,10782,E01026068,-0.723498270589635,7,-0.38332513852705,8,-0.561007271080396,6,-0.461780560501004,6,-0.336428108858058,6,-0.0160593894355823,6,0.0795915726689615,6,0.086597532960985,5,0.563492894861909,6,0.501490292893636,6,0.778552173358212,6,0.857450097855586,7
E01026070,East Lindsey 009C,E01026070,East Lindsey 009C,U,E07000137,East Lindsey,,10784,E01026070,-0.829707434246243,6,-0.685360535141767,6,-0.595343933681003,6,-0.54582285611985,5,-0.225060462315746,6,-0.0045324646630282,6,0.0255623305159565,6,0.408416202389024,6,0.55226286730924,6,0.328565666829427,5,0.588041665267514,5,1.08463974951123,7
E01026105,East Lindsey 009D,E01026105,East Lindsey 009D,U,E07000137,East Lindsey,,10785,E01026105,-0.556601657015522,8,-0.454086910845153,7,-0.537440285303761,7,-0.301471936949817,7,-0.28061251373626,6,0.0092603715500509,6,0.0936577232070909,6,0.197009570959616,5,0.508371972471297,6,0.527845371928383,6,0.811966409908507,6,0.979113478151182,7
E01026048,East Lindsey 010A,E01026048,East Lindsey 010A,U,E07000137,East Lindsey,,10786,E01026048,0.500652615537475,10,0.932281040424615,10,0.769877991564084,10,0.980276649951924,10,1.05111087234505,10,1.23220238730713,10,1.34296245417742,10,1.94261968423358,10,3.30420025784873,10,1.975428579989,10,3.41635929590381,10,3.69090020416537,10
E01026049,East Lindsey 010B,E01026049,East Lindsey 010B,U,E07000137,East Lindsey,,10787,E01026049,0.153781985212374,10,-0.0503659768813834,9,0.580073519447477,10,0.701784883209942,10,1.11814403296216,10,1.09933268875644,10,0.898634941517736,9,0.875777242809277,8,1.44983113356652,9,1.87897866336305,10,2.24191224309754,10,2.50087899371683,10
E01026050,East Lindsey 010C,E01026050,East Lindsey 010C,U,E07000137,East Lindsey,,10788,E01026050,0.225827361803506,10,0.341993260250776,10,0.40421433330867,10,0.935412618172093,10,1.10478155890595,10,1.29641914152836,10,1.47435672806082,10,1.21870917975252,9,2.52893715772538,10,2.5990417155614,10,2.17437924557104,10,2.85406891641736,10
E01026069,East Lindsey 010D,E01026069,East Lindsey 010D,U,E07000137,East Lindsey,,10789,E01026069,0.412173737514073,10,0.363304549082392,10,1.15128611923699,10,1.0618952535412,10,1.09385321620718,10,1.75049820778751,10,1.57383190733497,10,1.96653595598916,10,2.4229919092371,10,2.6800363363073,10,3.01890324227492,10,3.20682636759678,10
E01026064,East Lindsey 011A,E01026064,East Lindsey 011A,U,E07000137,East Lindsey,,10790,E01026064,0.0790600833263078,10,0.220333484521049,9,0.0745091954575833,9,0.18804224737561,9,0.11804430026741,8,0.325373212863434,8,1.0796394698537,9,1.63354701200049,10,1.63927912040472,9,1.21773448117073,9,1.25948236409142,8,1.31717478778692,8
E01026065,East Lindsey 011B,E01026065,East Lindsey 011B,U,E07000137,East Lindsey,,10791,E01026065,-0.403620478011901,8,-0.235764872698857,8,-0.38579819298202,7,-0.351324437903298,7,0.0993830863789193,8,0.364457661716488,8,0.495889870833243,8,0.471606253227027,7,1.62502821652605,9,0.967901526661772,8,1.48158869925074,9,1.44106399968707,9
E01026066,East Lindsey 011C,E01026066,East Lindsey 011C,U,E07000137,East Lindsey,,10792,E01026066,-0.585601913735506,8,-0.453251146075247,7,-0.161331473519288,8,-0.273367040320812,7,-0.273200640225405,6,0.0241956372468023,6,0.265891481738515,7,0.331465705049732,6,0.484249250389246,6,0.187158729740787,4,0.732187099705323,6,0.997446547291984,7
E01026067,East Lindsey 011D,E01026067,East Lindsey 011D,U,E07000137,East Lindsey,,10793,E01026067,0.0086430262339038,9,-0.0572493720261745,9,0.094288690429669,9,0.133133238614272,8,0.312115056099831,8,0.606248381767984,9,0.685294657348386,8,1.02283476765922,9,1.10874828465069,8,1.23124718981485,9,1.44920918822473,9,1.66552859129602,9
E01026084,East Lindsey 012A,E01026084,East Lindsey 012A,U,E07000137,East Lindsey,,10794,E01026084,0.34619563467065,10,0.556192330350156,10,0.219879719543063,9,0.34041569670261,9,0.735068781098264,9,0.432916275059918,8,0.812277054021891,9,1.19695449558823,9,1.33674621436353,9,2.01489027874326,10,1.98567029286183,10,1.67729060626395,9
E01026085,East Lindsey 012B,E01034685,East Lindsey 012E,S,E07000137,East Lindsey,,10795,E01026085,0.592971918151892,10,0.782486468237969,10,0.643048389617332,10,0.575268431440169,9,1.09709479428535,10,1.10207468646179,10,1.1429743466554,9,1.31478935079954,9,1.98392060047817,10,1.72156434964282,10,2.74935585431907,10,2.32106778180458,10
E01026085,East Lindsey 012B,E01034686,East Lindsey 012F,S,E07000137,East Lindsey,,10796,E01026085,0.592971918151892,10,0.782486468237969,10,0.643048389617332,10,0.575268431440169,9,1.09709479428535,10,1.10207468646179,10,1.1429743466554,9,1.31478935079954,9,1.98392060047817,10,1.72156434964282,10,2.74935585431907,10,2.32106778180458,10
E01026115,East Lindsey 012C,E01026115,East Lindsey 012C,U,E07000137,East Lindsey,,10797,E01026115,0.120559099355612,10,0.903609111798035,10,0.676028538723505,10,1.09908756588378,10,0.911353521858607,10,0.749354325749673,9,1.15493846142479,9,1.51313549064107,10,1.7326626197884,9,1.83680852772482,10,2.344409579205,10,2.47993921227756,10
E01026116,East Lindsey 012D,E01026116,East Lindsey 012D,U,E07000137,East Lindsey,,10798,E01026116,-0.103826852634595,9,-0.180239676217113,8,0.177809529664639,9,0.464141559231123,9,0.564964794968419,9,0.731774467998397,9,0.8399452955075,9,0.996253907454978,8,1.72631202519932,9,1.40432223117951,9,1.73898861173199,9,2.01154059179839,10
E01026046,East Lindsey 013A,E01026046,East Lindsey 013A,U,E07000137,East Lindsey,,10799,E01026046,-0.0449515121928739,9,0.228832463584029,9,0.0833812408360428,9,0.400365900981227,9,0.611713819432781,9,0.510222812503854,8,0.484531083780143,8,0.692213945529224,8,1.0775513983392,8,1.22554863430711,9,1.2319909143022,8,1.50093335881929,9
E01026047,East Lindsey 013B,E01026047,East Lindsey 013B,U,E07000137,East Lindsey,,10800,E01026047,-0.356423514223936,8,-0.104702091845495,9,0.227865368776012,9,-0.240401333656216,7,-0.0098473220289437,7,0.155090651013696,7,0.271573011762521,7,0.432342152761633,7,0.768351420169739,7,0.901319527165646,8,1.51679803821247,9,1.64233977257605,9
E01026133,Lincoln 008A,E01034692,Lincoln 008F,S,E07000138,Lincoln,,17601,E01026133,-1.26925814577611,3,-1.13980058053095,3,-0.574674946937725,6,-0.883728242975812,4,-0.724738742253222,4,-0.299075577381073,5,-0.338239864248152,4,-0.312447892001789,3,0.0715611198531958,4,-0.0447516451098273,3,0.144849585839371,3,0.340280525938843,4
E01026135,Lincoln 008B,E01026135,Lincoln 008B,U,E07000138,Lincoln,,17603,E01026135,-0.691761730015115,7,-0.235872854266845,8,-0.165399885652192,8,-0.289300685120536,7,0.0894639718545145,8,0.174584092235631,7,0.342446879923418,7,0.313829427755621,6,1.02089690984354,8,0.769818439845569,7,1.15360072291684,8,1.23145653799772,8
E01026136,Lincoln 008C,E01026136,Lincoln 008C,U,E07000138,Lincoln,,17604,E01026136,-0.741505744291297,7,-0.590229596099898,7,-0.597477626180908,6,-0.337169636115998,7,0.0732390670601927,8,-0.137997938652769,6,0.573688570542624,8,0.485976368642948,7,0.888295895581962,7,0.664778865504804,7,1.80073114687605,9,1.5662634910752,9
E01026174,Lincoln 008D,E01026174,Lincoln 008D,U,E07000138,Lincoln,,17606,E01026174,-0.696999818734747,7,-0.0426597980883994,9,0.21678937349731,9,0.186605188253926,9,0.400935945649252,9,0.681986895588059,9,0.871883959510811,9,0.692470179436683,8,0.788253005857771,7,0.923462174819336,8,1.32387919451738,8,1.43889561123129,9
E01026130,Lincoln 009A,E01026130,Lincoln 009A,U,E07000138,Lincoln,,17608,E01026130,-0.482802457856135,8,-0.159855366738899,8,-0.0306627362494507,9,0.238006806541175,9,0.214696144022805,8,0.445560516793489,8,0.799857486723867,9,0.830531457297141,8,1.41423738340981,9,1.27980915016027,9,1.58869548865088,9,1.29641499378243,8
E01026158,Lincoln 009B,E01026158,Lincoln 009B,U,E07000138,Lincoln,,17610,E01026158,-0.156437353361809,9,-0.136917920742695,9,-0.0328291824004078,9,0.215555265443142,9,0.124411234761025,8,0.445481758413534,8,0.799423928927553,9,1.02677578493364,9,1.2435939649936,8,1.65397419631122,9,1.7269352422237,9,1.35517148749297,8
E01026159,Lincoln 009C,E01026159,Lincoln 009C,U,E07000138,Lincoln,,17612,E01026159,0.0085693535681156,9,0.216995184477972,9,0.390266102341265,10,0.574965755974914,9,0.329713753524044,8,0.539979377080429,8,1.13708527947144,9,1.07885171063385,9,1.20986221365129,8,1.15540086479547,8,1.99658190642913,10,1.98366187964644,10
E01026160,Lincoln 009D,E01026160,Lincoln 009D,U,E07000138,Lincoln,,17614,E01026160,-0.491237470268135,8,-0.191779075199558,8,-0.171108151411966,8,0.119716120403927,8,0.202166804934146,8,0.289594212991102,8,0.344585547697585,7,0.743815087834971,8,0.688009248294973,7,1.0256040255268,8,0.995826969704029,7,1.29754863730546,8
E01026162,Lincoln 009E,E01026162,Lincoln 009E,U,E07000138,Lincoln,,17616,E01026162,0.0194604627792109,9,-0.136838619129711,9,-0.0155157706052937,9,-0.0960843842009285,8,0.0896326804283921,8,0.434412835611729,8,0.354374761410728,7,0.657017413476845,7,0.970710260858569,8,1.16052323522486,8,1.14551579180877,8,0.759341428262123,6
E01026163,Lincoln 009F,E01026163,Lincoln 009F,U,E07000138,Lincoln,,17618,E01026163,-0.367197937536342,8,-0.319880218607171,8,-0.0806015072154893,8,-0.0725128841590987,8,0.0312602905986741,7,0.383191038913791,8,0.485990830199225,8,0.538900108662544,7,0.687369167481968,7,1.08174801006842,8,1.30766870839572,8,1.54151207169459,9
E01026161,Lincoln 010A,E01026161,Lincoln 010A,U,E07000138,Lincoln,,17620,E01026161,1.30457973108878,10,1.53676315890012,10,0.951290508041097,10,0.907988409230528,10,1.23050812314291,10,1.49239016263131,10,1.58981749810659,10,2.35439375196719,10,2.30577421758577,10,2.71021811462177,10,2.65490843935497,10,2.4508695936073,10
E01026170,Lincoln 010B,E01026170,Lincoln 010B,U,E07000138,Lincoln,,17622,E01026170,-0.09257628454533,9,0.391854972047078,10,0.627789682740317,10,0.46287954913581,9,0.0430147446661048,7,0.295174088007492,8,0.72522713651684,8,0.675798541417116,8,0.805473033766112,7,1.16748317810181,8,1.52967222344527,9,1.14056040247711,8
E01026172,Lincoln 010C,E01026172,Lincoln 010C,U,E07000138,Lincoln,,17624,E01026172,-0.187930097748829,9,0.230322860471473,9,0.283569522710968,9,0.612444086266651,9,0.888452311057324,10,0.612406957933332,9,0.359897807909933,7,0.84505691889278,8,1.35736982597042,9,1.01530728555865,8,1.80893626192154,9,1.69990594758154,9
E01026173,Lincoln 010D,E01026173,Lincoln 010D,U,E07000138,Lincoln,,17626,E01026173,0.517719193035699,10,0.598934984784329,10,0.507306225583527,10,0.565980389293743,9,1.15552904862372,10,1.06943459482997,10,1.30321962637065,10,1.241685416758,9,2.4854009937222,10,2.21751755296939,10,2.27274871849201,10,1.87795937402591,9
E01026175,Lincoln 010E,E01026175,Lincoln 010E,U,E07000138,Lincoln,,17628,E01026175,-0.396158690823445,8,-0.23497586220794,8,0.516379263649723,10,0.910313651321676,10,1.12929329061796,10,1.16275191436674,10,1.20276963525761,9,0.765354301870834,8,1.68539331065521,9,1.63314873575272,9,1.43097025263339,9,1.77736847804819,9
E01026137,Lincoln 011A,E01026137,Lincoln 011A,U,E07000138,Lincoln,,17676,E01026137,-0.99555795321531,5,-0.842676179945857,5,-0.158844476219604,8,-0.119744143297324,8,0.223512152530803,8,0.193146795189903,7,0.303927334056428,7,0.435601334167064,7,0.584372296603553,6,0.809869545159465,7,0.712574006142185,6,0.974024672998101,7
E01026138,Lincoln 011B,E01026138,Lincoln 011B,U,E07000138,Lincoln,,17679,E01026138,-1.43684243940991,2,-1.24863115925995,3,-0.60564237326284,6,-0.354091321958043,6,-0.469718653762818,5,-0.210967624438346,5,0.0328439847152962,6,0.22511485719773,6,0.551605672601992,6,0.645612560237186,7,0.722167587625845,6,0.798394294130083,6
E01026139,Lincoln 011C,E01026139,Lincoln 011C,U,E07000138,Lincoln,,17728,E01026139,-1.02337761552129,5,-1.00679858930235,4,-0.732366699602284,6,-0.444725132908955,6,-0.336519353949908,6,-0.192073354485545,5,0.264821859056195,7,0.061296311479133,5,0.272237113907053,5,0.883516724763743,7,0.687909928834282,6,0.839680091037926,6
E01026140,Lincoln 011D,E01026140,Lincoln 011D,U,E07000138,Lincoln,,17730,E01026140,-0.533375330706825,8,-0.209025608622269,8,0.195720724524505,9,0.14190508990165,8,-0.185407437727441,6,0.512003763055683,8,1.01619400814563,9,1.01523018758968,9,1.55878745058244,9,1.30586651795471,9,0.77746446185682,6,1.28966041491295,8
E01026141,Lincoln 011E,E01026141,Lincoln 011E,U,E07000138,Lincoln,,17732,E01026141,-0.638656407481516,7,-0.531164739072065,7,-0.0701217130732972,9,-0.14083023943056,7,0.274707628321831,8,0.259773977547949,7,0.141410681094108,6,0.456573221634865,7,0.499471164849861,6,0.308295440142007,5,0.856828495383454,7,0.40887857071933,5
E01026142,Lincoln 011F,E01026142,Lincoln 011F,U,E07000138,Lincoln,,17734,E01026142,-0.665212633908032,7,-0.613135032486924,6,-0.188322874535636,8,-0.213449376869737,7,0.212351895099387,8,0.246787121387215,7,0.609950406064917,8,0.970170629816818,8,0.666075060677873,7,1.53752911504176,9,1.72908277342001,9,1.582471093569,9
E01026169,Lincoln 011G,E01026169,Lincoln 011G,U,E07000138,Lincoln,,17736,E01026169,-0.44224752160773,8,0.192804278631888,9,0.262502182093517,9,-0.0698271626209759,8,0.392764013004203,9,0.589982291220919,9,0.676644340762197,8,0.481138310241509,7,0.974502623795364,8,1.34334939618021,9,1.17762483373228,8,1.47183341292509,9
E01026171,Lincoln 011H,E01026171,Lincoln 011H,U,E07000138,Lincoln,,17740,E01026171,-0.497133141290866,8,-0.377642832580514,8,-0.332725284725894,8,-0.357204396685387,6,0.113741244462941,8,0.178881951201116,7,0.265862862278872,7,0.53929071624013,7,0.743046095246748,7,0.661641203092477,7,0.719458319192406,6,0.761692402005795,6
E01026149,Lincoln 001A,E01026149,Lincoln 001A,U,E07000138,Lincoln,,17846,E01026149,-0.372498027666145,8,0.130952288435701,9,0.72008541845192,10,0.612436080292088,9,0.576663029657615,9,1.09882037202474,10,0.764902197658857,9,1.00983611644772,9,1.11605843715085,8,1.82749296769334,10,1.07472791756512,7,1.35413375570083,8
E01026150,Lincoln 001B,E01026150,Lincoln 001B,U,E07000138,Lincoln,,17866,E01026150,0.224420530061714,10,0.595400813007574,10,1.13372047750156,10,1.17122150770525,10,1.16374241547307,10,1.09497328228564,10,1.59314835800898,10,1.57392342486746,10,1.63042701296301,9,2.67774964343979,10,2.20402187775939,10,2.3443780827782,10
E01026166,Lincoln 001C,E01026166,Lincoln 001C,U,E07000138,Lincoln,,17870,E01026166,-0.0828472830298642,9,0.260971785042276,9,0.27420132655094,9,0.415011575660042,9,0.417578167249884,9,0.461572359058803,8,0.731836930972915,8,1.22792179338017,9,1.34028987396952,9,1.4963617851246,9,1.91555694757433,9,1.63642326801543,9
E01026168,Lincoln 001D,E01026168,Lincoln 001D,U,E07000138,Lincoln,,17874,E01026168,-0.272382205305048,9,-0.100896548686126,9,0.526175982918158,10,0.544871454339705,9,1.03585174936562,10,1.50918348805398,10,1.03940748946353,9,1.6828508816743,10,1.60451369908617,9,1.65841002414728,9,1.49010195058875,9,2.17067615437472,10
E01026153,Lincoln 002A,E01026153,Lincoln 002A,U,E07000138,Lincoln,,17878,E01026153,-0.641200310740989,7,-0.208678342191596,8,0.278349756088506,9,-0.025457775362173,8,0.283583351199238,8,0.862903709110107,9,0.639034712431499,8,0.736424213550112,8,1.17608040680143,8,1.30339104515277,9,1.59578523864821,9,1.79053250820571,9
E01026155,Lincoln 002B,E01026155,Lincoln 002B,U,E07000138,Lincoln,,17882,E01026155,-1.00811089265932,5,-0.309876487922332,8,-0.387197307414598,7,-0.428603248769936,6,-0.39536767543182,5,-0.350598066573723,5,-0.206670587024692,4,-0.0369563043189858,4,0.18899932879769,4,0.284588042531761,5,0.673229028711264,6,0.533512339679984,5
E01026157,Lincoln 002C,E01026157,Lincoln 002C,U,E07000138,Lincoln,,17886,E01026157,0.177544280035924,10,0.606746270691727,10,0.701217589974425,10,0.664654038136137,10,0.947173901712874,10,1.6446600735034,10,1.16358471658455,9,1.49713669938558,9,1.79144950716247,10,1.7702625046035,10,1.94221785796709,10,1.76741645438134,9
E01026165,Lincoln 002D,E01026165,Lincoln 002D,U,E07000138,Lincoln,,17890,E01026165,-0.158119813148489,9,0.47486686542567,10,0.629410594836788,10,0.817197260606375,10,1.39142265030585,10,1.88351029797611,10,1.21075298445398,9,1.36010089034378,9,2.00301733218487,10,1.45965324231348,9,1.89649990955348,9,2.19275955755644,10
E01026125,Lincoln 003A,E01026125,Lincoln 003A,U,E07000138,Lincoln,,17894,E01026125,2.33376412557798,10,2.40167779949681,10,1.91352518379177,10,1.77089194660079,10,4.15276239127074,10,3.08459290864966,10,3.02263955598043,10,2.20578171299107,10,2.95163845726727,10,1.70091076508982,10,2.86832000403107,10,1.89343514697491,10
E01026144,Lincoln 003B,E01026144,Lincoln 003B,U,E07000138,Lincoln,,17897,E01026144,-1.02294865188774,5,-1.0725155337684,4,-0.129727405479137,8,0.0525915680494033,8,0.165491303416842,8,0.132045918703967,7,-0.126202789781493,5,0.185377304402048,5,0.70837106897827,7,0.433939142092402,6,0.719706243742606,6,0.750119460162075,6
E01026147,Lincoln 003C,E01026147,Lincoln 003C,U,E07000138,Lincoln,,17903,E01026147,-0.940273507550563,5,-0.430627223181752,7,-0.104329291429676,8,-0.243624488999977,7,0.0020853044889346,7,0.125757942300949,7,-0.033999697077325,5,0.139315306221097,5,1.14299072954261,8,1.39958172215024,9,1.31142929515871,8,1.46701408608895,9
E01026148,Lincoln 003D,E01026148,Lincoln 003D,U,E07000138,Lincoln,,17907,E01026148,-0.451210514314748,8,-0.333876360287372,8,0.202470488757627,9,0.281733304732574,9,0.305509642247018,8,0.268384510320776,8,0.169968000262349,6,0.278069294388626,6,1.46103428511513,9,0.967147129192057,8,1.41275727080351,8,1.44119585896086,9
E01026151,Lincoln 003E,E01026151,Lincoln 003E,U,E07000138,Lincoln,,17911,E01026151,-1.07204987059431,5,-0.652279033438871,6,-0.166585057130828,8,-0.24302513608213,7,0.0383358497462537,7,0.421680801669309,8,0.320580473663388,7,0.248317380222212,6,1.12905690854071,8,0.787445261019595,7,0.919276313249353,7,1.38381669416278,8
E01026164,Lincoln 003F,E01026164,Lincoln 003F,U,E07000138,Lincoln,,17915,E01026164,-1.02683838922907,5,-0.514125333665284,7,-0.200803473365433,8,-0.149562484074732,7,0.0855801637253948,8,0.249686317377825,7,0.661751608869799,8,0.702842865504971,8,1.34850406387159,9,0.999560624783913,8,0.913797522723862,7,1.0147524283106,7
E01026167,Lincoln 003G,E01026167,Lincoln 003G,U,E07000138,Lincoln,,17919,E01026167,-0.022572032692732,9,-0.400949079774572,8,0.0350323600659021,9,0.262153722269866,9,0.538747744220384,9,0.809649167422077,9,0.692028699909556,8,1.09270643027692,9,1.08003454864272,8,1.04526692867201,8,0.580066035072069,5,0.976262328825726,7
E01026122,Lincoln 004A,E01026122,Lincoln 004A,U,E07000138,Lincoln,,17923,E01026122,-0.4139288941511,8,0.284350899786939,10,0.346055231367052,9,0.23612738654692,9,1.21206860762645,10,1.34733569715644,10,1.16837249720852,9,0.664188899521469,7,1.19532047360315,8,1.01200500657077,8,0.71597840970513,6,0.986433686093618,7
E01026123,Lincoln 004B,E01026123,Lincoln 004B,U,E07000138,Lincoln,,17927,E01026123,-0.102889903036778,9,0.140997690738703,9,0.19877361117242,9,0.235582810551496,9,0.258302628374087,8,0.38696361239841,8,0.802704847503472,9,0.92628777688554,8,1.01373892899617,8,1.20870268960286,9,1.16478146091163,8,1.22316578946047,8
E01026124,Lincoln 004C,E01026124,Lincoln 004C,U,E07000138,Lincoln,,17931,E01026124,0.0411414553622143,9,0.0672539043452487,9,-0.101913400550971,8,0.342673748627816,9,0.953449270065239,10,1.02249142684431,9,1.15339595256747,9,0.90134394977592,8,0.983491046067045,8,1.04050988936209,8,1.04038818139165,7,0.729764072334594,6
E01026126,Lincoln 004D,E01026126,Lincoln 004D,U,E07000138,Lincoln,,17935,E01026126,2.11184010353197,10,1.9555840899111,10,2.10866154734197,10,1.72795278925901,10,1.90931039597895,10,2.35446420051151,10,1.91036794532211,10,2.05711047435362,10,1.61047842002945,9,2.50485139742615,10,2.68537679464285,10,2.91257128480541,10
E01026152,Lincoln 004E,E01026152,Lincoln 004E,U,E07000138,Lincoln,,17939,E01026152,-0.371983893119286,8,-0.0191114975912514,9,0.464789552856601,10,0.453475499487993,9,0.806268979099679,9,1.16257557238107,10,1.17075334979253,9,1.16549659953789,9,1.86626472416581,10,2.24034481716782,10,1.63022601634498,9,2.08607256811353,10
E01026154,Lincoln 004F,E01026154,Lincoln 004F,U,E07000138,Lincoln,,17947,E01026154,-0.469312950624277,8,-0.322217493333575,8,0.273253673441172,9,0.351096006559343,9,0.0577823913621159,7,0.57002218738662,8,0.419756729865451,7,0.597862113147368,7,1.0014915516352,8,0.930452252644662,8,1.90660597664431,9,1.54290868229725,9
E01026156,Lincoln 004G,E01026156,Lincoln 004G,U,E07000138,Lincoln,,17949,E01026156,-0.392035126837859,8,0.207331597640365,9,0.369935550605272,10,1.00528172062312,10,0.205711950764669,8,0.440044788196681,8,0.382978358410478,7,1.04667711728018,9,1.3823819644173,9,1.303082652421,9,1.43618830803649,9,1.30123470007712,8
E01026132,Lincoln 005A,E01026132,Lincoln 005A,U,E07000138,Lincoln,,17952,E01026132,-1.66580425835422,1,-1.30293846317941,2,-0.521776426706186,7,-0.68658450193983,5,-0.292100713463996,6,-0.333594444750042,5,-0.477502108523649,3,-0.486898249200416,2,-0.270691236460034,2,-0.121719434526493,3,0.166746630885479,3,0.193725883594766,4
E01026143,Lincoln 005B,E01034687,Lincoln 005E,S,E07000138,Lincoln,,17956,E01026143,-0.886198280841372,6,-1.00200463158554,4,-0.0767672900971975,8,-0.1460529488253,7,0.51042328311893,9,0.0843177806347811,7,-0.081180884376228,5,0.128686549649223,5,0.131596269521759,4,0.0844214973753452,4,0.359067795148435,4,0.292112847078489,4
E01026143,Lincoln 005B,E01034688,Lincoln 005F,S,E07000138,Lincoln,,17960,E01026143,-0.886198280841372,6,-1.00200463158554,4,-0.0767672900971975,8,-0.1460529488253,7,0.51042328311893,9,0.0843177806347811,7,-0.081180884376228,5,0.128686549649223,5,0.131596269521759,4,0.0844214973753452,4,0.359067795148435,4,0.292112847078489,4
E01026145,Lincoln 005C,E01026145,Lincoln 005C,U,E07000138,Lincoln,,17964,E01026145,-1.09919830445099,4,-0.989035731947357,4,-0.626350469294724,6,-0.41251705773123,6,-0.134873580220901,7,-0.148275566499975,6,-0.187687610635067,5,-0.0856073274067331,4,0.18977366782543,4,0.320298578482392,5,0.592562664838801,5,0.681360302122468,6
E01026146,Lincoln 005D,E01026146,Lincoln 005D,U,E07000138,Lincoln,,17968,E01026146,-0.637865299923142,7,-0.566402808255905,7,-0.0177328544219036,9,0.201200610261267,9,0.682702363397432,9,0.153609542860706,7,0.431139193684421,7,0.504827941613912,7,0.69677000152141,7,0.209891688738686,4,0.672273382053732,6,0.463691549589084,5
E01026134,Lincoln 006A,E01026134,Lincoln 006A,U,E07000138,Lincoln,,17972,E01026134,-0.69449179139546,7,-0.0851906606726935,9,0.386343199764114,10,0.518838127304657,9,0.586829280566077,9,0.175145915483111,7,0.675551112671797,8,1.13028141792705,9,1.54445814923076,9,1.36359895526056,9,1.51718021136609,9,1.4879925471492,9
E01026176,Lincoln 006B,E01026176,Lincoln 006B,U,E07000138,Lincoln,,17976,E01026176,0.248751970208502,10,0.327214115271786,10,0.972816610170962,10,0.699888510666501,10,0.783544039205653,9,1.39295966067795,10,1.0073153697865,9,0.887498036034783,8,1.07054047774277,8,1.08958615425451,8,0.728882465924047,6,0.958043889562959,7
E01026177,Lincoln 006C,E01026177,Lincoln 006C,U,E07000138,Lincoln,,17980,E01026177,-0.605488041199869,7,-0.235580020491429,8,0.40841744209297,10,0.175063357014369,9,0.519382277798971,9,1.0279609676546,9,0.946785546786412,9,0.580150727469487,7,1.3290643756933,9,0.731407104822192,7,0.692588777483897,6,0.549368381463424,5
E01026178,Lincoln 006D,E01026178,Lincoln 006D,U,E07000138,Lincoln,,17984,E01026178,-0.639832065781771,7,0.0949631462110746,9,0.0134384348912451,9,0.414865779314489,9,0.551215916680193,9,0.286321402170733,8,0.312816732285323,7,0.620313939032367,7,1.25581450512805,9,0.827769602402325,7,0.851707454600209,7,0.890729772399274,7
E01026127,Lincoln 007A,E01026127,Lincoln 007A,U,E07000138,Lincoln,,17988,E01026127,0.661263030754627,10,1.02371175421608,10,0.597777120681209,10,0.997218882186909,10,1.20849951342489,10,1.19732034537698,10,1.52892436212062,10,2.00578262843008,10,2.17369815746661,10,1.98000567661486,10,1.98027654323181,10,1.71288467273268,9
E01026128,Lincoln 007B,E01034689,Lincoln 007E,S,E07000138,Lincoln,,17991,E01026128,-0.14328588859035,9,0.184002034275564,9,0.065100585035145,9,0.37649928829516,9,0.36245452010453,8,0.468704283704472,8,0.563749221242431,8,0.828363155975375,8,0.820722521178227,7,1.08360260076251,8,1.32847230107455,8,1.42198386068384,9
E01026128,Lincoln 007B,E01034690,Lincoln 007F,S,E07000138,Lincoln,,17996,E01026128,-0.14328588859035,9,0.184002034275564,9,0.065100585035145,9,0.37649928829516,9,0.36245452010453,8,0.468704283704472,8,0.563749221242431,8,0.828363155975375,8,0.820722521178227,7,1.08360260076251,8,1.32847230107455,8,1.42198386068384,9
E01026129,Lincoln 007C,E01026129,Lincoln 007C,U,E07000138,Lincoln,,17998,E01026129,1.06257095428951,10,1.38764181605059,10,1.06826400102569,10,1.44539996264783,10,1.51104772924891,10,1.80837887811648,10,1.88728469445834,10,1.91123858059565,10,2.42243050151833,10,2.28013311007844,10,2.095090245437,10,2.80792652979996,10
E01026131,Lincoln 007D,E01026131,Lincoln 007D,U,E07000138,Lincoln,,17999,E01026131,0.306980358207611,10,0.374305907296056,10,0.618474090137332,10,0.610265328282196,9,1.22470779116653,10,1.07363328851781,10,1.52636441897116,10,1.62422061173767,10,1.44782972278026,9,1.55787057318089,9,2.04595715272378,10,2.21230375766518,10
E01026133,Lincoln 008A,E01034691,Lincoln 008E,S,E07000138,Lincoln,,18000,E01026133,-1.26925814577611,3,-1.13980058053095,3,-0.574674946937725,6,-0.883728242975812,4,-0.724738742253222,4,-0.299075577381073,5,-0.338239864248152,4,-0.312447892001789,3,0.0715611198531958,4,-0.0447516451098273,3,0.144849585839371,3,0.340280525938843,4
E01026212,North Kesteven 005D,E01026212,North Kesteven 005D,U,E07000139,North Kesteven,,20807,E01026212,-1.77646222181815,1,-1.33855607499105,2,-0.555380715633574,6,-0.696623801807883,5,-0.652037059225529,4,-0.563933785638594,3,-0.0249244326329694,5,0.0035995434787289,5,-0.18906696589677,3,0.287840651376501,5,0.814540099738387,6,0.422144948213253,5
E01026213,North Kesteven 005E,E01026213,North Kesteven 005E,U,E07000139,North Kesteven,,20866,E01026213,-1.54398261310053,2,-1.16651777130091,3,-0.350804009532573,7,-0.283072119943382,7,-0.389006485703344,5,0.0945933726099786,7,0.854510062748021,9,0.664007293880039,7,0.798885976487168,7,0.585912454166795,6,0.759931266433429,6,1.18414532031826,8
E01026192,North Kesteven 006A,E01026192,North Kesteven 006A,U,E07000139,North Kesteven,,20872,E01026192,-0.946059216658484,5,-0.635686172829967,6,-0.861482485920492,5,-0.708748092162635,5,-0.808102744548217,3,-0.339070277717935,5,-0.366247238367323,4,-0.0515896859797235,4,0.0186495165172103,4,0.276907731008152,5,0.388793305490172,4,0.3357200127345,4
E01026194,North Kesteven 006B,E01026194,North Kesteven 006B,U,E07000139,North Kesteven,,20879,E01026194,-0.800440761279309,6,-0.659754208506927,6,-0.346665402123535,7,-0.625733341539256,5,-0.365478606713477,6,-0.301421947303743,5,-0.315185438918962,4,0.104439134782906,5,-0.0322486691794539,3,0.377457520958352,5,0.520429568877798,5,0.648791394398902,6
E01026195,North Kesteven 006C,E01026195,North Kesteven 006C,U,E07000139,North Kesteven,,20930,E01026195,-1.03784922800893,5,-1.01344718527085,4,-0.953657231639143,4,-0.714296384752499,5,-0.514295279219026,5,-0.699252597780179,3,-0.609095237117249,2,-0.255134759981256,3,-0.276092263800474,2,0.0264667121680701,4,-0.109802051435924,2,0.377364568678849,4
E01026196,North Kesteven 006D,E01026196,North Kesteven 006D,U,E07000139,North Kesteven,,20937,E01026196,-0.423725778926389,8,-0.516912031148184,7,-0.672017794296484,6,-0.157313234079059,7,-0.523229911812626,5,-0.234627267307704,5,-0.149759175812849,5,0.345311075424718,6,0.225110472650159,5,0.305912817119909,5,0.811993558274512,6,0.457477531871633,5
E01026180,North Kesteven 007A,E01026180,North Kesteven 007A,U,E07000139,North Kesteven,,20943,E01026180,-0.42102329000629,8,-0.0240136102092621,9,-0.670315676908064,6,-0.662406667833782,5,-0.466000001843566,5,-0.0006248226172734,6,0.0492921656984146,6,0.0137112849344895,5,0.318490934618779,5,0.684067483908726,7,0.41974058895088,5,0.538080935542756,5
E01026183,North Kesteven 007B,E01026183,North Kesteven 007B,U,E07000139,North Kesteven,,20950,E01026183,0.0819009966737732,10,0.413244929078657,10,-0.161139077593368,8,-0.201740450154081,7,-0.0989121284011811,7,-0.189143034709186,5,-0.162254016497417,5,0.418281950575004,7,0.980061110724248,8,0.615392132268339,6,0.877835202124658,7,0.925998182888884,7
E01026210,North Kesteven 007C,E01026210,North Kesteven 007C,U,E07000139,North Kesteven,,20956,E01026210,-0.807814908100908,6,-0.618448754845954,6,-0.833793995941469,5,-0.837167102880736,4,-0.413170258921221,5,-0.288954931535021,5,-0.224005468058458,4,0.359801891936917,6,0.491730451406533,6,0.668662681978204,7,0.552544495090241,5,0.418476495846848,5
E01026224,North Kesteven 007D,E01026224,North Kesteven 007D,U,E07000139,North Kesteven,,20962,E01026224,-1.34180041966047,3,-0.991454041431062,4,-0.950506034762686,4,-0.505346317069458,6,-0.296444524910892,6,-0.347093133460076,5,-0.307568579376311,4,-0.157605395673919,4,0.420415132319088,6,0.950081997795563,8,1.23892316747333,8,1.28631449708643,8
E01026179,North Kesteven 008A,E01026179,North Kesteven 008A,U,E07000139,North Kesteven,,21009,E01026179,-1.53476175769367,2,-1.16357612779831,3,-1.26523405423234,2,-1.08145935260607,3,-1.00065553406459,2,-0.56043729776701,3,-0.473899902543806,3,-0.159828121822461,4,0.279935428848308,5,0.232147378836866,5,0.0110389758278793,3,0.440628410232164,5
E01026197,North Kesteven 008B,E01026197,North Kesteven 008B,U,E07000139,North Kesteven,,21012,E01026197,-0.908638890929513,6,-0.652291657551244,6,-0.82768206499015,5,-0.850785520333409,4,-0.54129784641941,5,-0.625743405382076,3,-0.180509095276649,5,-0.203053319277781,3,0.196686047737464,4,-0.043648371810391,3,0.36947825320031,4,0.393837265630771,4
E01026198,North Kesteven 008C,E01026198,North Kesteven 008C,U,E07000139,North Kesteven,,21016,E01026198,-1.16156511918201,4,-0.98009346916595,4,-1.01608085497289,4,-1.15949782693634,2,-0.954951111291631,2,-0.917698501695865,2,-0.708870756102292,2,-0.783228665939303,1,-0.552319638093908,1,-0.54060142249408,1,-0.346129218063088,2,-0.271312791413335,2
E01026223,North Kesteven 008D,E01026223,North Kesteven 008D,U,E07000139,North Kesteven,,21021,E01026223,-1.40608547409835,3,-1.32922042155549,2,-1.19970088669887,3,-1.2742695662173,2,-0.995083764065627,2,-0.677606945567017,3,-0.284416263200578,4,-0.272482543924654,3,0.0002304789202732,4,0.0242959135139978,4,0.354037326874046,4,0.600592403641465,5
E01026209,North Kesteven 009A,E01026209,North Kesteven 009A,U,E07000139,North Kesteven,,21026,E01026209,-0.365626986685421,8,-0.378831993053143,8,-0.761891446155448,5,-0.433370793931385,6,-0.427714253153756,5,-0.159014635468881,6,0.228124489041309,7,0.178675816956811,5,0.362783268818808,5,0.522594552032736,6,0.891560768803856,7,0.810674733012782,6
E01026221,North Kesteven 009B,E01026221,North Kesteven 009B,U,E07000139,North Kesteven,,21031,E01026221,-0.860663099343835,6,-0.669672852153701,6,-0.690811360177973,6,-0.881884473301155,4,-0.61618397540061,4,-0.471080985440108,4,-0.08620805686574,5,0.0923952784198385,5,0.356491421349408,5,0.426116335621735,6,0.611767150040785,5,0.419460433917483,5
E01026222,North Kesteven 009C,E01026222,North Kesteven 009C,U,E07000139,North Kesteven,,21036,E01026222,-1.23495305959039,4,-0.847160934740144,5,-0.999422033560718,4,-0.904921364471575,3,-0.37461407850828,5,-0.443697299115108,4,-0.11290188941495,5,0.210618601948102,6,0.579633912876407,6,0.637424847908244,7,0.939641370991063,7,0.883698749159232,7
E01026227,North Kesteven 010A,E01026227,North Kesteven 010A,U,E07000139,North Kesteven,,21041,E01026227,-0.378968123764992,8,-0.312197968999343,8,-0.284496095995759,8,-0.404143927000236,6,-0.464532115412285,5,0.0248095065824764,6,0.372761995500735,7,0.744144868807017,8,1.24474726133893,8,0.727419920818145,7,1.0938474454638,7,1.20684369550995,8
E01026230,North Kesteven 010B,E01026230,North Kesteven 010B,U,E07000139,North Kesteven,,21047,E01026230,-0.514126332391799,8,-0.356330739779347,8,-0.15621096068153,8,-0.374003557914784,6,-0.347260999031386,6,0.0668914770355376,7,0.6276821192581,8,0.616477852231091,7,1.47041717506828,9,1.03934454030133,8,0.966800786856572,7,1.22019604810333,8
E01026231,North Kesteven 010C,E01026231,North Kesteven 010C,U,E07000139,North Kesteven,,21052,E01026231,-0.912027712069759,6,-0.893191788908284,5,-1.06960986286112,3,-1.08863963685506,2,-0.837782030404641,3,-0.600271085343258,3,-0.287993165841141,4,-0.399593501552639,3,0.0100896638840065,4,-0.107838717192197,3,-0.104154571358353,2,0.243402918821809,4
E01026232,North Kesteven 010D,E01026232,North Kesteven 010D,U,E07000139,North Kesteven,,21057,E01026232,0.259614910209809,10,0.356152176349715,10,0.24223487504239,9,0.0361572595315992,8,0.326180764552453,8,0.421000847644816,8,0.593862058614195,8,1.09363825631619,9,1.75952640384414,9,0.982794242700555,8,1.22497506469773,8,1.57338259317504,9
E01026235,North Kesteven 010E,E01026235,North Kesteven 010E,U,E07000139,North Kesteven,,21062,E01026235,-0.256864690501304,9,-0.40466075159686,8,-0.466851635247661,7,-0.480144434291515,6,-0.138526199165921,7,-0.0753734907325441,6,0.226058907694739,7,0.563824732196403,7,0.397392135706067,5,0.519391035442344,6,0.654254568813959,6,1.0953029674849,7
E01026228,North Kesteven 011A,E01026228,North Kesteven 011A,U,E07000139,North Kesteven,,21067,E01026228,-0.857966639327315,6,-0.831648726729523,5,-0.861347426867845,5,-0.937779188847493,3,-0.820166816158906,3,-0.667344447436488,3,-0.36792865439074,4,-0.384866556230066,3,0.177808116108938,4,-0.136276374666221,3,0.163398749953557,3,0.29365561868929,4
E01026229,North Kesteven 011B,E01026229,North Kesteven 011B,U,E07000139,North Kesteven,,21072,E01026229,-0.902613335990818,6,-0.653544914452457,6,-0.800140947326457,5,-1.01241933638482,3,-0.802337023163682,3,-0.276753686868248,5,-0.0440463390625532,5,-0.281728616575787,3,0.29044690240635,5,0.17580071236225,4,0.40245795823253,5,0.334863637915529,4
E01026233,North Kesteven 011C,E01026233,North Kesteven 011C,U,E07000139,North Kesteven,,21077,E01026233,-1.16293651320108,4,-1.06708393654648,4,-0.928250559010315,4,-0.971893786062249,3,-0.596410990547499,4,-0.110786264085821,6,-0.367594163554763,4,-0.490438061322568,2,-0.113880399426158,3,-0.0703127983002713,3,0.166577919723416,3,0.426973708070401,5
E01026186,North Kesteven 001A,E01026186,North Kesteven 001A,U,E07000139,North Kesteven,,21081,E01026186,-1.69690461817206,1,-1.40267008367514,2,-0.6722101813479,6,-0.524364944347478,6,-0.741675426700649,3,-0.446842812984005,4,-0.188796403351853,5,-0.253349148901493,3,0.327621103953094,5,0.639542964464497,7,0.785948914829364,6,0.736277086606274,6
E01026187,North Kesteven 001B,E01026187,North Kesteven 001B,U,E07000139,North Kesteven,,21082,E01026187,-1.67282957326701,1,-1.41900009568935,2,-0.916315906313187,4,-0.71848596387536,4,-0.435170698865775,5,-0.399733803890831,4,-0.104684769412382,5,-0.0016993396839882,4,-0.0853277193690999,3,0.221261238241749,5,0.349898945461634,4,0.207232162084289,4
E01026189,North Kesteven 001C,E01026189,North Kesteven 001C,U,E07000139,North Kesteven,,21083,E01026189,-1.46884047539233,2,-1.09770460871728,3,-1.05659564256287,4,-0.956243909859102,3,-0.60277742796932,4,-0.652658888219358,3,-0.731523981265972,2,-0.435406166384698,2,-0.168888394581534,3,-0.0063161608073152,3,0.372853510147937,4,0.541841586009983,5
E01026203,North Kesteven 001D,E01026203,North Kesteven 001D,U,E07000139,North Kesteven,,21084,E01026203,-1.37085444052728,3,-1.38307289934543,2,-0.963356914281899,4,-0.790174409393977,4,-0.496844269687615,5,-0.585447794918878,3,-0.44596167212958,3,-0.0492696651666499,4,0.0105344318626035,4,0.0920723001056206,4,0.248203642456824,4,0.466062849735813,5
E01026204,North Kesteven 001E,E01026204,North Kesteven 001E,U,E07000139,North Kesteven,,21085,E01026204,-1.60019915282332,2,-1.32553028948031,2,-1.41249445366066,2,-1.0399428792202,3,-0.857337511774254,3,-0.695973262941058,3,-0.364315701037118,4,-0.130095097414185,4,0.0523482018801049,4,0.099439223147513,4,0.24118030165078,4,0.207445328539719,4
E01026206,North Kesteven 001F,E01026206,North Kesteven 001F,U,E07000139,North Kesteven,,21086,E01026206,-1.64585158447367,2,-1.5027192405818,2,-1.136812862961,3,-1.14418036833034,2,-0.953219530520315,2,-0.71925808500579,3,-0.750094614196417,2,-0.377170789746061,3,-0.237782685278068,2,-0.327722461489882,2,-0.0349559608872495,3,0.176562871610983,3
E01026182,North Kesteven 003B,E01026182,North Kesteven 003B,U,E07000139,North Kesteven,,21087,E01026182,-1.59147406437779,2,-1.10158259540346,3,-1.29490321956478,2,-0.77312833888757,4,-0.235573009764263,6,-0.113654618069208,6,0.275435658941159,7,0.0965185168501934,5,0.348570792373579,5,0.270329682839235,5,0.54866692993138,5,0.630178822106892,6
E01026193,North Kesteven 003C,E01026193,North Kesteven 003C,U,E07000139,North Kesteven,,21088,E01026193,-0.800294726492106,6,-0.183338272197097,8,-0.789548007313969,5,-0.541048598269355,6,-0.255264311707235,6,-0.0365295310890287,6,0.0784682018106074,6,-0.0022195910895373,4,0.213819804532307,5,0.334818845951045,5,0.358237044017623,4,0.140735979819862,3
E01026199,North Kesteven 003D,E01026199,North Kesteven 003D,U,E07000139,North Kesteven,,21089,E01026199,-0.924143262697986,6,-0.789535824448085,5,-0.568982605809909,6,-0.704736348521534,5,-0.505085152885605,5,-0.404599708539376,4,-0.18215979607468,5,0.0719959608647231,5,0.348361037294193,5,0.372683845090796,5,0.636628822797499,6,0.996203173376604,7
E01026225,North Kesteven 003E,E01026225,North Kesteven 003E,U,E07000139,North Kesteven,,21090,E01026225,-1.06195539903516,5,-0.800839511618406,5,-0.892853225876305,5,-0.827155809498769,4,-0.576557265191949,4,-0.324829571607016,5,-0.0207153447784138,5,-0.0413873006261188,4,0.391135478012481,5,0.467189271672596,6,0.700013662891708,6,0.690436693824574,6
E01026226,North Kesteven 003F,E01026226,North Kesteven 003F,U,E07000139,North Kesteven,,21091,E01026226,-0.0191876419529591,9,-0.0864923262884219,9,0.0790818156257512,9,-0.179453424342751,7,-0.170442242313009,7,0.33558256183574,8,0.435911082309138,7,0.662056213617935,7,1.09121905784959,8,1.20754460559633,9,1.1955788675335,8,1.13402374309316,8
E01032990,North Kesteven 003G,E01034693,North Kesteven 003I,S,E07000139,North Kesteven,,21092,E01032990,-1.59279577889883,2,-1.40392071872394,2,-1.28620328743852,2,-1.05851362461488,3,-0.946059743505359,2,-0.71515305416161,3,-0.574069706239666,3,-0.50302538191762,2,-0.309312620385158,2,-0.155656106451099,3,0.168851339660764,3,0.147760951720624,3
E01032990,North Kesteven 003G,E01034694,North Kesteven 003J,S,E07000139,North Kesteven,,21093,E01032990,-1.59279577889883,2,-1.40392071872394,2,-1.28620328743852,2,-1.05851362461488,3,-0.946059743505359,2,-0.71515305416161,3,-0.574069706239666,3,-0.50302538191762,2,-0.309312620385158,2,-0.155656106451099,3,0.168851339660764,3,0.147760951720624,3
E01032994,North Kesteven 003H,E01032994,North Kesteven 003H,U,E07000139,North Kesteven,,21094,E01032994,-1.40485873051708,3,-1.31201866901762,2,-0.94628377450838,4,-0.788490120828354,4,-0.481436441573097,5,-0.10396059187136,6,-0.295718109175388,4,-0.253394816714037,3,0.0897351159652162,4,0.415419906407311,5,0.542315569557043,5,0.682747682252635,6
E01026184,North Kesteven 004A,E01026184,North Kesteven 004A,U,E07000139,North Kesteven,,21095,E01026184,-0.885003063040272,6,-0.863627064349228,5,-0.752963928011461,5,-0.753969766579423,4,-0.762750542765291,3,-0.546640311947013,4,-0.471529108942349,3,-0.352499695023295,3,-0.409745617393336,2,-0.147624786508502,3,0.0637883555455892,3,0.107145624854416,3
E01026185,North Kesteven 004B,E01026185,North Kesteven 004B,U,E07000139,North Kesteven,,21096,E01026185,0.004410704642819,9,-0.0962379569210467,9,0.129314225535837,9,-0.252113323120536,7,-0.187173292316782,6,0.0600789527829033,7,0.617448835033736,8,0.675642951835603,8,0.848062007343115,7,0.588965654767569,6,0.955960284906718,7,1.02697598832822,7
E01026188,North Kesteven 004C,E01026188,North Kesteven 004C,U,E07000139,North Kesteven,,21097,E01026188,-1.38670474125682,3,-1.09785173052192,3,-0.486098261577266,7,-0.0523394746460029,8,0.0290951634609652,7,-0.038675869970858,6,0.204128836407002,7,0.530485780736052,7,0.654127098585782,7,0.712174531234442,7,0.688645824123473,6,0.944953006973566,7
E01026190,North Kesteven 004D,E01026190,North Kesteven 004D,U,E07000139,North Kesteven,,21098,E01026190,-0.74852348581593,7,-0.142261854470535,8,-0.108091451629488,8,0.29290590024294,9,-0.0847038997861849,7,0.373524509392578,8,0.394848048070955,7,0.355011921853862,6,1.2885886270068,9,0.990274235262067,8,1.35925356224137,8,0.737785258923788,6
E01026237,North Kesteven 004E,E01026237,North Kesteven 004E,U,E07000139,North Kesteven,,21099,E01026237,-1.78927056989251,1,-0.880207753891259,5,-0.0975969115848878,8,-0.263267289139432,7,-0.0112297003816106,7,-0.250971886256078,5,-0.0840926643063007,5,0.245256375416402,6,0.370962652240709,5,0.735450162368043,7,0.671828320961431,6,0.760940715455969,6
E01026238,North Kesteven 004F,E01026238,North Kesteven 004F,U,E07000139,North Kesteven,,21100,E01026238,-1.36316652190019,3,-1.03164054884586,4,-0.395061434755026,7,-0.472937760467185,6,-0.26211912908834,6,0.0701643405437394,7,-0.203674975153376,4,0.05828728615018,5,0.363072457451279,5,0.508434335760405,6,0.746833791431706,6,0.945044139809823,7
E01026191,North Kesteven 005A,E01026191,North Kesteven 005A,U,E07000139,North Kesteven,,21101,E01026191,-1.14843848983634,4,-1.12618703132766,3,-1.22969143560158,3,-0.725478873787657,4,-0.844363557986748,3,-0.442706765453712,4,-0.52062924067294,3,-0.0913130801150712,4,0.282796057168161,5,0.0188560985633301,4,0.320318142975166,4,0.391778808378094,4
E01026205,North Kesteven 005B,E01026205,North Kesteven 005B,U,E07000139,North Kesteven,,21102,E01026205,-0.779199966371396,6,-0.668469933764357,6,-0.360146495763649,7,-0.611000503264199,5,-0.160966303877452,7,0.111310463462581,7,0.35892303022433,7,0.273500999430371,6,0.744743446701581,7,0.848918219696509,7,0.97009757246037,7,0.768565777205903,6
E01026211,North Kesteven 005C,E01026211,North Kesteven 005C,U,E07000139,North Kesteven,,21103,E01026211,-1.41276675868876,3,-1.00907923022762,4,-0.201483902495971,8,-0.0032635086814144,8,-0.587681542562149,4,-0.309730620331492,5,0.164645732391664,6,-0.241124089585468,3,0.0118809912811774,4,0.130721230423854,4,0.216637986089136,4,0.384430017189972,4
E01026234,North Kesteven 011D,E01034695,North Kesteven 011F,S,E07000139,North Kesteven,,21105,E01026234,-1.14175548989753,4,-0.969545013551107,4,-1.01343402060138,4,-0.976323790561407,3,-0.886290381985336,3,-0.535612427978059,4,-0.261653381601192,4,-0.134825134942026,4,0.0975096733853277,4,0.0813135429003097,4,0.401267145399063,5,0.247790096612349,4
E01026234,North Kesteven 011D,E01034696,North Kesteven 011G,S,E07000139,North Kesteven,,21108,E01026234,-1.14175548989753,4,-0.969545013551107,4,-1.01343402060138,4,-0.976323790561407,3,-0.886290381985336,3,-0.535612427978059,4,-0.261653381601192,4,-0.134825134942026,4,0.0975096733853277,4,0.0813135429003097,4,0.401267145399063,5,0.247790096612349,4
E01026236,North Kesteven 011E,E01026236,North Kesteven 011E,U,E07000139,North Kesteven,,21111,E01026236,-1.01015822445212,5,-0.695828653470267,6,-0.0492719410439033,9,-0.626703150471845,5,-0.704291898985089,4,0.0164423470665594,6,-0.0876145224168486,5,-0.0189938052272415,4,0.254111185845376,5,0.247169118776908,5,-0.0530123551679444,3,0.632403055809024,6
E01026200,North Kesteven 012A,E01026200,North Kesteven 012A,U,E07000139,North Kesteven,,21115,E01026200,-1.31352334344062,3,-1.19043159307658,3,-1.30592055556911,2,-1.16550666512437,2,-0.962665442317523,2,-0.776265217988007,2,-0.384130921058184,4,-0.463512258063801,2,0.114679601506061,4,-0.0425434957399389,3,0.40242791721226,5,0.630547812288631,6
E01026201,North Kesteven 012B,E01026201,North Kesteven 012B,U,E07000139,North Kesteven,,21139,E01026201,-1.2719150342443,3,-0.963505171874232,4,-0.919808832304712,4,-0.708273449577564,5,-0.718409621257417,4,-0.497578156979449,4,-0.059764321628234,5,-0.0612211000877323,4,0.160110752559362,4,0.283549572907859,5,0.502531956048666,5,0.491499433476152,5
E01026202,North Kesteven 012C,E01026202,North Kesteven 012C,U,E07000139,North Kesteven,,21142,E01026202,-1.05021168515195,5,-0.903216270345386,5,-0.933357450204305,4,-0.585184305768565,5,-0.521599682068211,5,-0.211769221929263,5,0.0106080694014925,6,0.315791611407605,6,0.77422917399002,7,0.92128452078537,8,0.748267081791902,6,0.916728452746124,7
E01026207,North Kesteven 012D,E01026207,North Kesteven 012D,U,E07000139,North Kesteven,,21145,E01026207,-0.116371233271846,9,-0.17466109467964,8,-0.984675888943184,4,-0.512174570840172,6,-0.124487468157718,7,-0.238313414945357,5,0.020329556174762,6,0.222153287429425,6,0.617836986068755,6,0.414295864541673,5,0.884275489785959,7,1.22086070103211,8
E01026208,North Kesteven 012E,E01026208,North Kesteven 012E,U,E07000139,North Kesteven,,21148,E01026208,-0.833587599723412,6,-0.15699901088924,8,-0.701778570432849,6,-0.565683697766648,5,-0.528733008320241,5,-0.335519177665298,5,0.0765088225343528,6,0.155726877404627,5,0.346383510880654,5,0.28004630401937,5,0.440917412993859,5,0.271561555937825,4
E01026220,North Kesteven 013A,E01026220,North Kesteven 013A,U,E07000139,North Kesteven,,21151,E01026220,-1.04134773948282,5,-0.322340858018885,8,0.0980714904589782,9,-0.0206438745449682,8,0.348628939331423,8,0.917421076055012,9,1.0042734369722,9,1.11134973383664,9,1.42822189964742,9,1.38332909675907,9,1.67339812330802,9,1.37781999556443,8
E01032988,North Kesteven 013B,E01032988,North Kesteven 013B,U,E07000139,North Kesteven,,21154,E01032988,-0.855510551368192,6,-0.821766728246208,5,-0.18114529512515,8,0.0570387727255139,8,-0.0134825719494926,7,0.22990756670349,7,0.580765990107794,8,0.398692428889924,6,0.853723624083832,7,0.782770547192108,7,0.73663174332024,6,0.696761151740505,6
E01032989,North Kesteven 013C,E01032989,North Kesteven 013C,U,E07000139,North Kesteven,,21157,E01032989,-1.03961212819514,5,-0.789887103975281,5,-0.266362062082476,8,-0.57531300870893,5,-0.353625889751987,6,0.0421283890233972,7,0.262400147207019,7,0.143402835176478,5,0.410000396207156,5,0.520618330669224,6,0.955281126443445,7,0.726542614853428,6
E01032993,North Kesteven 013D,E01032993,North Kesteven 013D,U,E07000139,North Kesteven,,21160,E01032993,-1.10108830241832,4,-0.561954150904661,7,-0.744562153992013,5,-0.301009465064712,7,-0.500126147743511,5,-0.258235324903374,5,-0.17955333911485,5,-0.116699994807752,4,0.233162919268117,5,0.449461027162051,6,0.607265594594924,5,0.49149360796564,5
E01026214,North Kesteven 014A,E01026214,North Kesteven 014A,U,E07000139,North Kesteven,,21163,E01026214,-0.989227568721718,5,-0.800798979243603,5,-0.476236914952767,7,-0.384335654137435,6,-0.312531744714109,6,0.0954558662307995,7,0.206732850744796,7,0.278412574206367,6,0.948301940267562,8,1.04542661471737,8,0.768711477204035,6,1.01705952546743,7
E01026215,North Kesteven 014B,E01026215,North Kesteven 014B,U,E07000139,North Kesteven,,21166,E01026215,-0.979328586433942,5,-0.999165912969633,4,-0.796556736840659,5,-0.338812117620957,7,-0.265654550382485,6,0.0324688606098613,7,0.067391010096054,6,0.539697806326417,7,0.804161198375586,7,0.667032118051977,7,0.941738304207944,7,0.574492974267037,5
E01026218,North Kesteven 014C,E01026218,North Kesteven 014C,U,E07000139,North Kesteven,,21169,E01026218,-1.02817338824282,5,-0.645384086943963,6,-0.729368282014044,6,-0.29785193366842,7,-0.332364520144907,6,0.0702983523909895,7,0.370515091232601,7,0.470008267695986,7,0.512102546917749,6,0.491357755080623,6,0.930775873880028,7,0.749098721739585,6
E01026219,North Kesteven 014D,E01026219,North Kesteven 014D,U,E07000139,North Kesteven,,21172,E01026219,-1.25345986711349,3,-0.925071667383961,5,-0.874768320604514,5,-0.646082503053452,5,-0.701047659263488,4,-0.377923213703793,4,-0.0474695227681732,5,0.173323015078626,5,0.778691212919904,7,0.880745589432842,7,0.780152679400976,6,0.502753833870555,5
E01032991,North Kesteven 014E,E01032991,North Kesteven 014E,U,E07000139,North Kesteven,,21175,E01032991,-0.703650235717555,7,-0.754024176174324,6,-0.503761979776704,7,-0.378330667330935,6,-0.45450112928482,5,-0.0874394160755946,6,0.100730969158471,6,0.345223455525018,6,0.52955029366815,6,0.509982393074437,6,0.93614274331697,7,0.842363304624774,7
E01032992,North Kesteven 014F,E01032992,North Kesteven 014F,U,E07000139,North Kesteven,,21178,E01032992,-0.883215780054103,6,-0.543170938394626,7,-0.649396956469278,6,-0.0076794353963611,8,-0.111436371977506,7,0.195080449895432,7,0.293626884260434,7,0.485858236834154,7,1.02976143738926,8,0.834123539832083,7,1.33089611403434,8,0.959590560330176,7
E01026301,South Kesteven 010C,E01034705,South Kesteven 010G,S,E07000141,South Kesteven,,26801,E01026301,-0.0520371478084071,9,0.195277939452424,9,-0.0584983189027638,9,-0.212059870766215,7,-0.004673264034339,7,0.236947650819806,7,0.32735124293673,7,0.388570288082992,6,0.50890425127357,6,0.47367092945184,6,0.727097605522645,6,0.51614364481282,5
E01026302,South Kesteven 010D,E01026302,South Kesteven 010D,U,E07000141,South Kesteven,,26802,E01026302,-0.625771764629344,7,-0.738169679494277,6,-0.600624896980298,6,-0.1280190916958,8,-0.032023074358243,7,-0.0661889603244514,6,0.593402856517187,8,0.110424506265402,5,0.325624046672985,5,0.818515810226559,7,0.52979225305441,5,0.450802767835982,5
E01026296,South Kesteven 011B,E01026296,South Kesteven 011B,U,E07000141,South Kesteven,,26803,E01026296,-0.638276382681394,7,-0.664179231223373,6,-0.609648527855284,6,-0.45781700015272,6,-0.257820056784402,6,-0.240497242770884,5,0.0419917919469995,6,0.176852626012783,5,0.22756818147256,5,0.550946302182362,6,0.601021340948354,5,1.10508667348675,8
E01026297,South Kesteven 011C,E01026297,South Kesteven 011C,U,E07000141,South Kesteven,,26804,E01026297,-0.365766318591842,8,-0.0158330190425715,9,-0.255420371888929,8,-0.287418032662926,7,0.215095734720075,8,0.345104756212509,8,0.633191603593233,8,0.67073995502752,7,0.939971191094555,8,0.624310267087795,6,0.689264427146205,6,0.712638887812525,6
E01026298,South Kesteven 011D,E01026298,South Kesteven 011D,U,E07000141,South Kesteven,,26805,E01026298,0.0171961564002621,9,0.629844884750771,10,0.291787592627754,9,0.668227717430701,10,0.608640954315473,9,0.620896975308438,9,0.822494120464107,9,0.682581564238948,8,0.809935277941229,7,1.15463715061659,8,1.14884423611036,8,1.4610160164666,9
E01032997,South Kesteven 011E,E01032997,South Kesteven 011E,U,E07000141,South Kesteven,,26806,E01032997,-0.239743796028331,9,-0.0132622938420289,9,-0.228017181806411,8,0.266787301383097,9,0.904233471831776,10,0.546440989030423,8,0.359615226576763,7,0.998184726766006,8,0.767189291716415,7,0.849252535208786,7,1.04266956797477,7,0.568940416172946,5
E01032998,South Kesteven 011F,E01032998,South Kesteven 011F,U,E07000141,South Kesteven,,26807,E01032998,-0.871088001385488,6,-0.546927471053144,7,-0.490120929871625,7,-0.264115069378281,7,-0.387867978260932,5,-0.180346691359711,5,0.0278327774605697,6,-0.0250210082886856,4,-0.0441116121509141,3,0.435573499695488,6,0.295507068244422,4,0.497605572185034,5
E01032999,South Kesteven 011G,E01032999,South Kesteven 011G,U,E07000141,South Kesteven,,26808,E01032999,-0.431262875556715,8,-0.0969792484721866,9,-0.422487638262056,7,-0.420424444209282,6,-0.0044867128589053,7,-0.190259314119392,5,-0.0733908228836317,5,0.246205492587541,6,0.119519242508539,4,0.573152054346482,6,0.643243834762692,6,0.838540558149025,6
E01026330,South Kesteven 012A,E01026330,South Kesteven 012A,U,E07000141,South Kesteven,,26809,E01026330,-1.14414095851269,4,-0.852189251134585,5,-1.07074356778934,3,-0.911010481214299,3,-0.82468633086452,3,-0.646065115031497,3,-0.355335821429488,4,-0.176996833927911,4,0.0554954681109219,4,0.0794529571226835,4,0.270224822899372,4,0.209316223618798,4
E01026360,South Kesteven 012B,E01026360,South Kesteven 012B,U,E07000141,South Kesteven,,26810,E01026360,-0.902929216889173,6,-0.682068665776032,6,-0.792142488002043,5,-0.498099495735977,6,-0.399486414007405,5,-0.197757251690369,5,-0.146420023588632,5,-0.23783613911434,3,0.195248348219818,4,0.294034939259823,5,0.430843960842755,5,0.752767494418321,6
E01026362,South Kesteven 012C,E01026362,South Kesteven 012C,U,E07000141,South Kesteven,,26811,E01026362,-1.22050182671894,4,-1.04032408894465,4,-1.18131102611567,3,-0.758329223120091,4,-0.527478308148117,5,-0.409867514909697,4,-0.236121697813863,4,0.106953170174431,5,0.234924141885938,5,0.20084731760994,4,0.257769426387991,4,0.263263320088454,4
E01026363,South Kesteven 012D,E01026363,South Kesteven 012D,U,E07000141,South Kesteven,,26812,E01026363,-0.868696684615705,6,-0.639435046200542,6,-1.00280530019109,4,-0.358530248664614,6,-0.103589206828019,7,-0.240022653761147,5,-0.113033699041544,5,0.0659267672122923,5,0.290961944215109,5,0.770351354099659,7,0.742886729913645,6,0.857958534191124,7
E01026364,South Kesteven 012E,E01026364,South Kesteven 012E,U,E07000141,South Kesteven,,26813,E01026364,-1.11380468819249,4,-0.718729854498535,6,-0.974755586532642,4,-0.83713600031239,4,-0.513997492254327,5,-0.415312420250378,4,-0.0916186635980899,5,-0.0355443831274073,4,0.0690394993936417,4,0.0463058009754291,4,0.522793378018496,5,0.625230914058829,6
E01026334,South Kesteven 013A,E01026334,South Kesteven 013A,U,E07000141,South Kesteven,,26814,E01026334,-0.999187400736847,5,-0.798985098395579,5,-1.1825633181109,3,-0.868995409386126,4,-0.43790478392389,5,-0.266631591441029,5,-0.116200178221858,5,0.0566764231262367,5,0.0091877218129977,4,0.0889138724486434,4,0.403914771678382,5,0.160053237839321,3
E01026335,South Kesteven 013B,E01026335,South Kesteven 013B,U,E07000141,South Kesteven,,26815,E01026335,-0.556181897627625,8,-0.674704716370681,6,-0.35364796374159,7,0.207814133810073,9,0.260825080313238,8,0.710898322853056,9,1.12650862140755,9,1.34496723746623,9,1.12726454125593,8,1.36763324550379,9,1.05781116548558,7,1.11334144589434,8
E01026336,South Kesteven 013C,E01026336,South Kesteven 013C,U,E07000141,South Kesteven,,26816,E01026336,-0.419350881978579,8,-0.314297615147535,8,-0.0732539319611706,8,0.0988540179592154,8,0.384890382139712,9,0.127170501220822,7,0.604949764080828,8,0.473954842193385,7,0.715972273865201,7,0.809398508077049,7,0.544273792377791,5,0.972652586879685,7
E01026337,South Kesteven 013D,E01026337,South Kesteven 013D,U,E07000141,South Kesteven,,26817,E01026337,-1.11918214143581,4,-0.743878280950399,6,-0.226157165991547,8,-0.441683363435713,6,-0.177242080931947,6,-0.223004160023182,5,0.0006809525909248,6,0.102410284723702,5,0.308419107975454,5,0.282147574232784,5,0.560095509236764,5,0.409110938205875,5
E01026284,South Holland 011C,E01026284,South Holland 011C,U,E07000140,South Holland,,26818,E01026284,-0.715556566094138,7,-0.810290932012077,5,-0.860683817421187,5,-0.632245703845564,5,-0.58551709254968,4,-0.525968450163631,4,-0.385941049637297,4,-0.0713347469282844,4,0.104594790371694,4,0.178476441822092,4,0.235588170834182,4,0.604444848250924,5
E01026303,South Kesteven 014A,E01026303,South Kesteven 014A,U,E07000141,South Kesteven,,26819,E01026303,-1.11575414261665,4,-1.05153598495249,4,-1.22945076357782,3,-0.91649105818955,3,-0.531524725383128,5,-0.307406562111027,5,-0.0911265401953962,5,0.0974974106067942,5,0.25163430867454,5,0.286111239642883,5,0.206836306166718,4,0.141536401181976,3
E01026304,South Kesteven 014B,E01026304,South Kesteven 014B,U,E07000141,South Kesteven,,26820,E01026304,-1.23918857245728,4,-0.941627144854791,4,-1.12280804481824,3,-0.751306622411191,4,-0.206441781237013,6,-0.382285132569024,4,-0.0978980709888562,5,-0.161840446700986,4,-0.0353719030968287,3,0.0788789394874981,4,0.372132339237369,4,0.361627836366963,4
E01026305,South Kesteven 014C,E01026305,South Kesteven 014C,U,E07000141,South Kesteven,,26821,E01026305,-1.07570029873845,5,-1.25427646134953,3,-1.21783077263859,3,-0.812091943204749,4,-0.445006051470018,5,-0.460416542993207,4,-0.255983348717519,4,-0.125460097538826,4,-0.0155081758320492,3,0.0740661268410045,4,0.291526307509738,4,0.421593189596308,5
E01026306,South Kesteven 014D,E01026306,South Kesteven 014D,U,E07000141,South Kesteven,,26822,E01026306,-0.754053250151882,7,-0.691650846585141,6,-0.373666360833682,7,-0.206058718005809,7,0.255935145170622,8,0.947555134172937,9,0.890728509556719,9,0.971885774000859,8,0.964337662884937,8,1.13336992314553,8,0.987230530163977,7,0.878695706220757,7
E01026307,South Kesteven 014E,E01026307,South Kesteven 014E,U,E07000141,South Kesteven,,26823,E01026307,-1.19773376040303,4,-1.19133453091287,3,-1.16906719343923,3,-0.897144146711589,3,-0.590308340455132,4,-0.285075391663341,5,-0.273134213067216,4,0.032691173244351,5,0.162942016491754,4,0.242191088536405,5,0.197742017688808,4,0.585735688627058,5
E01026287,South Kesteven 015A,E01026287,South Kesteven 015A,U,E07000141,South Kesteven,,26824,E01026287,-0.542694128528202,8,-0.602505571082988,7,-0.780347592798051,5,-0.561401871340972,5,-0.39589002105687,5,-0.0120399600598255,6,0.112247548357847,6,0.0501145976220858,5,0.274425875740603,5,0.0281187894315117,4,0.465248013549572,5,0.358877466774759,4
E01026288,South Kesteven 015B,E01026288,South Kesteven 015B,U,E07000141,South Kesteven,,26825,E01026288,-0.411624906829729,8,-0.163281869779943,8,-0.288615202649766,8,-0.0910733950560296,8,-0.0856338883974586,7,0.0209883841660676,6,0.340699287525777,7,0.585044363520156,7,0.615251768261684,6,0.965339046204981,8,0.888413057161321,7,0.802029763424869,6
E01026289,South Kesteven 015C,E01026289,South Kesteven 015C,U,E07000141,South Kesteven,,26826,E01026289,-0.865085442455459,6,-0.771149008287991,6,-1.14994176542515,3,-0.954127800099084,3,-0.774553041856931,3,-0.738469781817682,3,-0.404429584172687,3,-0.187034175396701,4,-0.192739985998452,3,0.0759702866388287,4,0.224621618773854,4,0.21014860827155,4
E01026346,South Kesteven 015D,E01026346,South Kesteven 015D,U,E07000141,South Kesteven,,26827,E01026346,-0.846698046009305,6,-0.613325999027668,6,-0.965689760755628,4,-0.758644641772063,4,-0.365674341933694,6,-0.466755798495703,4,-0.291274683743754,4,-0.0861689522406343,4,0.108893029806613,4,0.215379316589339,4,0.316522321973353,4,0.0154228326771104,3
E01026347,South Kesteven 015E,E01026347,South Kesteven 015E,U,E07000141,South Kesteven,,26828,E01026347,-0.044434320832318,9,0.0792560042245708,9,-0.301020342601706,8,0.401528084077622,9,0.308885691479766,8,1.05480538486342,10,0.752263061079346,8,1.11612792929523,9,0.969782070064028,8,1.20840094709891,9,1.38727743899509,8,1.53364406539131,9
E01026348,South Kesteven 015F,E01026348,South Kesteven 015F,U,E07000141,South Kesteven,,26829,E01026348,-0.861630684485361,6,-0.457019289001622,7,-0.859804647378535,5,-0.674858185911362,5,-0.673076424093535,4,-0.404155191965631,4,-0.331233493245833,4,-0.326512334347442,3,0.415458582412491,5,0.193841957447226,4,0.483781080709905,5,0.76320538417075,6
E01026349,South Kesteven 016A,E01026349,South Kesteven 016A,U,E07000141,South Kesteven,,26830,E01026349,-0.406894223235848,8,-0.812374966072575,5,-0.752785601193172,5,-0.519931629087175,6,-0.12750933809668,7,-0.0817302595723263,6,0.033018149479163,6,0.184753115128368,5,0.172597536831672,4,0.150169936451195,4,0.353365196805444,4,0.671947053680324,6
E01026350,South Kesteven 016B,E01026350,South Kesteven 016B,U,E07000141,South Kesteven,,26831,E01026350,-0.532639153254812,8,-0.463775679193313,7,-0.89470971840782,5,-0.451700350466308,6,-0.482471012801942,5,-0.265169313555084,5,-0.112447615335648,5,0.175167000871159,5,0.643984363699362,7,0.670278852114424,7,0.615192705871769,6,0.795100295973979,6
E01026351,South Kesteven 016C,E01026351,South Kesteven 016C,U,E07000141,South Kesteven,,26832,E01026351,-0.795524678857899,6,-0.830107563812628,5,-0.823239649774279,5,-0.476096015439587,6,-0.58472351761942,4,-0.163309586975623,6,0.11936453247654,6,-0.127644397407792,4,0.411372803478907,5,0.502206767294638,6,0.565785784015388,5,0.52582452137858,5
E01026356,South Kesteven 016D,E01026356,South Kesteven 016D,U,E07000141,South Kesteven,,26833,E01026356,-1.04230410634758,5,-1.056817903217,4,-1.1419549531091,3,-1.04385311545786,3,-0.842983303418995,3,-0.718251731019753,3,-0.548754456162104,3,-0.0239051825024914,4,-0.142978416543883,3,-0.0259913218013504,3,0.0890883893208668,3,-0.0011047135488468,3
E01026357,South Kesteven 016E,E01026357,South Kesteven 016E,U,E07000141,South Kesteven,,26834,E01026357,-1.0124370874202,5,-0.771255209820655,6,-1.26747690617559,2,-1.06735594852123,3,-0.918367589643146,3,-0.790730166723635,2,-0.511007070669154,3,-0.460442345493211,2,-0.234449865542434,2,0.0316384479396827,4,0.0826575560923536,3,0.395734538179639,4
E01026358,South Kesteven 016F,E01026358,South Kesteven 016F,U,E07000141,South Kesteven,,26835,E01026358,-1.0289524423274,5,-0.927297894561819,5,-1.27687902264071,2,-0.882715507369384,4,-0.505445807506662,5,-0.632908357209887,3,-0.78401437863986,2,-0.136197696655188,4,-0.388866335397642,2,-0.016024134679634,3,-0.100317001434952,2,0.157593782000816,3
E01026359,South Kesteven 016G,E01026359,South Kesteven 016G,U,E07000141,South Kesteven,,26836,E01026359,-0.962046903759189,5,-0.93891375073522,4,-1.32932453463382,2,-1.08577059540133,2,-1.02248785758104,2,-0.841532556673439,2,-0.701382624009369,2,-0.174788376301902,4,-0.263056105884352,2,-0.0949260175054934,3,-0.0983838517555905,2,0.171413527048633,3
E01026242,South Holland 001A,E01026242,South Holland 001A,U,E07000140,South Holland,,26854,E01026242,-0.572003162019344,8,-0.424204119108435,7,-0.677436140503682,6,-0.536155664859357,6,-0.199257658342186,6,0.0783618762317843,7,0.0746200017582667,6,0.628591988561691,7,0.841204663684374,7,1.34416836345969,9,1.40901993062053,8,1.32502041404426,8
E01026243,South Holland 001B,E01026243,South Holland 001B,U,E07000140,South Holland,,26861,E01026243,-0.680835695752963,7,-0.2317376295283,8,-0.106434035481658,8,0.0048532529866307,8,-0.298049919262718,6,0.125181121345189,7,0.487155288374176,8,0.5197618027332,7,1.42487176336488,9,0.972709341146395,8,1.23960499687037,8,1.32633401719574,8
E01026313,South Kesteven 001A,E01026313,South Kesteven 001A,U,E07000141,South Kesteven,,26864,E01026313,-1.08568311134577,5,-0.709824349044684,6,-1.04204338563942,4,-0.892335536449366,3,-1.01940705006092,2,-0.725333852670847,3,-0.693592259106223,2,-0.345169391337254,3,0.147464677930056,4,0.0729112396231236,4,0.546000678910503,5,0.430130832380288,5
E01026244,South Holland 001C,E01026244,South Holland 001C,U,E07000140,South Holland,,26868,E01026244,-0.548390457550873,8,-0.417541146876931,7,-0.366553606419683,7,-0.164932461145828,7,0.372801037775703,9,0.141905166225322,7,0.651349758649343,8,1.00628164457763,9,1.08382060819194,8,1.3821754131206,9,1.37662211427964,8,1.94955824118604,10
E01026247,South Holland 001D,E01026247,South Holland 001D,U,E07000140,South Holland,,26870,E01026247,-0.201031036122144,9,-0.434795228406429,7,0.007472880360607,9,0.172896175960045,9,0.404150470509446,9,0.883559611793204,9,1.07214185630193,9,1.04699212817101,9,1.76746286049082,10,1.36310935618346,9,2.4640213840173,10,2.13852747817653,10
E01026314,South Kesteven 001B,E01026314,South Kesteven 001B,U,E07000141,South Kesteven,,26873,E01026314,-0.881509223452199,6,-0.853472936362118,5,-0.984891889822667,4,-1.27691725950741,2,-1.13058805121057,2,-0.901590522866155,2,-1.03934471145588,1,-0.382252583226589,3,-0.142842917948947,3,-0.349991137479272,2,-0.0582511607235196,2,0.406106655899187,5
E01026276,South Holland 001E,E01026276,South Holland 001E,U,E07000140,South Holland,,26875,E01026276,-0.608855902272351,7,-0.511641517435138,7,-0.336962721434518,8,-0.296123641854108,7,0.112151868674352,8,0.177421127191107,7,0.157049584053482,6,0.449596057822235,7,0.595671986502436,6,0.784392971933111,7,0.96966874225345,7,1.27382104689717,8
E01026329,South Kesteven 001C,E01026329,South Kesteven 001C,U,E07000141,South Kesteven,,26880,E01026329,-0.590346379840261,8,-0.607024221710092,7,-1.24194429132528,3,-1.10489139521944,2,-0.933228339734636,2,-0.633717018829977,3,-0.549531198154348,3,-0.353882253443052,3,-0.21042537532063,3,-0.325558843675608,2,0.0102206684876988,3,0.0384797303189577,3
E01026246,South Holland 002A,E01026246,South Holland 002A,U,E07000140,South Holland,,26882,E01026246,-0.139908998095055,9,0.161747540245368,9,0.154402955666255,9,0.105554423912214,8,0.410420392320032,9,0.64647760806879,9,0.62872468143257,8,0.875669482493494,8,1.10582487321838,8,1.26021466986628,9,1.64230029013139,9,1.49578135198031,9
E01026248,South Holland 002B,E01026248,South Holland 002B,U,E07000140,South Holland,,26929,E01026248,-1.15325661462402,4,-0.79881145821241,5,-0.881567797099561,5,-0.918102569425624,3,-0.612423870607624,4,-0.297858572715372,5,-0.436954149171112,3,-0.397882993042323,3,0.576737093711513,6,0.25496418156334,5,0.507180950054712,5,0.684260146826963,6
E01026333,South Kesteven 001D,E01026333,South Kesteven 001D,U,E07000141,South Kesteven,,26930,E01026333,-1.15579547086416,4,-1.21911910289806,3,-1.36174630967195,2,-1.29189462918096,2,-1.35538974877899,1,-1.13519136079836,1,-1.04609288462097,1,-0.570689046029451,2,-0.182875346496397,3,-0.298529965803373,2,-0.0584384487493671,2,-0.0499429475136945,3
E01026257,South Holland 002C,E01026257,South Holland 002C,U,E07000140,South Holland,,26933,E01026257,0.127787277715508,10,0.248450501222559,9,0.279213033568517,9,0.620150888787718,10,0.77482109306297,9,0.981477917980439,9,0.891525375638325,9,1.47918435096525,9,1.66320748334583,9,1.86266071239629,10,1.66707812401599,9,1.66389634230425,9
E01026291,South Kesteven 002A,E01026291,South Kesteven 002A,U,E07000141,South Kesteven,,26935,E01026291,-0.492893064560333,8,-0.703421696074591,6,-0.532476019948486,7,-0.605407367829023,5,-0.670868351205389,4,-0.302084706545359,5,-0.214808480596089,4,0.272233926988746,6,0.529986957130545,6,0.552155869935438,6,0.653788556800316,6,0.836398231243434,6
E01026340,South Kesteven 002B,E01026340,South Kesteven 002B,U,E07000141,South Kesteven,,26940,E01026340,-0.88192620755775,6,-0.739622698474209,6,-0.453136449855506,7,-0.168119063950307,7,-0.455522647868077,5,-0.0492491310981121,6,-0.0304350639884584,5,0.259640229126154,6,0.791816044193921,7,0.808494252228568,7,1.31817569943526,8,1.0212698394408,7
E01026250,South Holland 003A,E01026250,South Holland 003A,U,E07000140,South Holland,,26945,E01026250,-1.03187718812436,5,-0.100663572688757,9,-0.659388377069885,6,-0.462081943283326,6,-0.340802446398534,6,-0.466431257951998,4,-0.33116807284615,4,0.0589984179348879,5,0.258188013008507,5,0.55498509096469,6,0.820277610043264,6,1.01815876508812,7
E01026355,South Kesteven 002C,E01026355,South Kesteven 002C,U,E07000141,South Kesteven,,26946,E01026355,-2.05129868455651,1,-1.90163516984689,1,-1.64585840704418,1,-1.4555058332618,1,-1.67229032022807,1,-1.1661541909191,1,-0.961258413027937,1,-0.780650207539679,1,-0.380596519743365,2,-0.491647895425779,2,-0.0025544343325705,3,0.0763934120135387,3
E01026251,South Holland 003B,E01026251,South Holland 003B,U,E07000140,South Holland,,26951,E01026251,-1.14946797055259,4,-0.685413556312696,6,-0.817773354491204,5,-0.693817302284635,5,-0.554354160048957,4,-0.32624460281332,5,-0.0799143550391221,5,-0.330858157706344,3,0.318727799107911,5,0.480903240779519,6,0.476176622048455,5,0.96917000916747,7
E01026365,South Kesteven 002D,E01026365,South Kesteven 002D,U,E07000141,South Kesteven,,26952,E01026365,-1.93823184279268,1,-1.66179473475438,1,-1.43712167378816,2,-1.25276100364896,2,-1.37896761838472,1,-1.10910892621413,1,-0.873034173769434,1,-0.861305049503779,1,-0.555335917781709,1,-0.520188439716083,1,-0.0849891374376633,2,0.0563621764487504,3
E01026252,South Holland 003C,E01026252,South Holland 003C,U,E07000140,South Holland,,26957,E01026252,-1.04649269519093,5,-0.532074772486242,7,-0.812655311164209,5,-0.331086994881323,7,-0.530372481138803,5,-0.459942061139729,4,-0.0555242236144981,5,0.300513630457953,6,1.10290692414616,8,0.360041296218258,5,0.704439851083686,6,1.18544315379465,8
E01026325,South Kesteven 003A,E01026325,South Kesteven 003A,U,E07000141,South Kesteven,,26958,E01026325,-0.728587075722311,7,-0.809570685983385,5,-0.0915481570143175,8,0.107107940018758,8,-0.165386028272032,7,0.0633174704990991,7,0.476955537242136,8,0.858076025765123,8,1.22435199983493,8,0.678970763223774,7,1.54695650150248,9,1.25326872611382,8
E01026253,South Holland 003D,E01026253,South Holland 003D,U,E07000140,South Holland,,26963,E01026253,-1.13775600120631,4,-0.69334070477565,6,-0.83043857782574,5,-0.865541154386984,4,-0.395527982098128,5,-0.313256768188129,5,-0.178197593005858,5,-0.410796463016926,2,0.7269035457301,7,0.476124854002781,6,0.616275604826528,6,1.07098434260763,7
E01026326,South Kesteven 003B,E01026326,South Kesteven 003B,U,E07000141,South Kesteven,,26964,E01026326,-0.896667672610973,6,-0.70757694725342,6,-0.213917992757758,8,-0.176423909478153,7,-0.384971384519351,5,-0.0154810539501554,6,0.186509643890002,6,0.130886591285705,5,0.460919574186378,6,0.72706854321964,7,1.05977626520434,7,1.2844822420238,8
E01026281,South Holland 004A,E01026281,South Holland 004A,U,E07000140,South Holland,,27004,E01026281,-0.828170236888971,6,-0.581594736297317,7,-0.82309447318604,5,-0.819679061769534,4,-0.865356542702712,3,-0.688834489842193,3,-0.593353697718148,3,-0.350140629296293,3,-0.425731019301156,2,-0.0277307934719801,3,0.10743790479647,3,0.243734095428295,4
E01026327,South Kesteven 003C,E01026327,South Kesteven 003C,U,E07000141,South Kesteven,,27005,E01026327,-0.546043267729235,8,-0.630305521671944,6,-0.12451704763088,8,-0.433532059592994,6,-0.0829001496054577,7,0.0907112174050493,7,0.814256318540291,9,0.416105654921933,7,0.817914653832629,7,0.887358992495847,8,1.31113320128075,8,1.46819310419435,9
E01026282,South Holland 004B,E01026282,South Holland 004B,U,E07000140,South Holland,,27007,E01026282,-0.420802745074139,8,-0.424227948965777,7,-0.893124582725203,5,-0.583724656729756,5,-0.277240849334691,6,-0.601379443038379,3,0.012377315593069,6,0.159906658304193,5,0.380257877949879,5,0.340187529420933,5,0.71670457099909,6,0.721628818535996,6
E01026328,South Kesteven 003D,E01026328,South Kesteven 003D,U,E07000141,South Kesteven,,27008,E01026328,-0.473232118528489,8,-0.139417320166512,9,0.0132299641019804,9,-0.267908761850524,7,-0.0863552597368244,7,0.425790732484471,8,0.968242562411462,9,0.524701214879303,7,1.63100662007838,9,1.40126589248831,9,1.419627151881,8,1.3222838088406,8
E01026352,South Kesteven 003E,E01026352,South Kesteven 003E,U,E07000141,South Kesteven,,27009,E01026352,-0.940899045524202,5,-0.729534163572143,6,-0.45545197143394,7,-0.392191781079443,6,-0.156973367808191,7,0.0618181888329798,7,0.469214662426204,8,0.336173274004275,6,0.463486402692232,6,0.726854821421978,7,1.02423550518439,7,1.31576818799169,8
E01026353,South Kesteven 003F,E01026353,South Kesteven 003F,U,E07000141,South Kesteven,,27010,E01026353,-0.121637816457974,9,0.256337024504327,9,0.591559600316117,10,0.591933486611014,9,0.856878188661117,10,1.03742616267758,9,1.72076163697407,10,1.5258720246435,10,2.30607132138736,10,1.96907985272146,10,1.78180449784465,9,2.2489225046844,10
E01026354,South Kesteven 003G,E01026354,South Kesteven 003G,U,E07000141,South Kesteven,,27011,E01026354,-1.02863945564406,5,-0.859788506670103,5,-1.04738023634855,4,-0.567422739220824,5,-0.71091232703493,4,-0.505861492442863,4,-0.267082207460232,4,0.0439361396491225,5,0.290277349295475,5,0.680794703656671,7,0.620126686859286,6,0.496537395718909,5
E01026320,South Kesteven 004A,E01034701,South Kesteven 004F,S,E07000141,South Kesteven,,27012,E01026320,-0.234228656305536,9,-0.139961171771017,9,0.139063045490158,9,-0.271584444961586,7,-0.330236712251851,6,0.344193026462676,8,0.448895253900475,8,0.668970988534499,7,0.870865350447429,7,0.723802240184078,7,0.855839041698511,7,1.00108708900149,7
E01026320,South Kesteven 004A,E01034702,South Kesteven 004G,S,E07000141,South Kesteven,,27013,E01026320,-0.234228656305536,9,-0.139961171771017,9,0.139063045490158,9,-0.271584444961586,7,-0.330236712251851,6,0.344193026462676,8,0.448895253900475,8,0.668970988534499,7,0.870865350447429,7,0.723802240184078,7,0.855839041698511,7,1.00108708900149,7
E01026321,South Kesteven 004B,E01026321,South Kesteven 004B,U,E07000141,South Kesteven,,27014,E01026321,-0.928961583901965,6,-0.538708835840294,7,-0.315850193111071,8,-0.514077956425551,6,-0.286469029665055,6,-0.0869489068233537,6,0.178898045266526,6,1.03308387754615,9,0.792342206418763,7,1.04569024767993,8,1.39343135927377,8,1.60296205525027,9
E01026322,South Kesteven 004C,E01026322,South Kesteven 004C,U,E07000141,South Kesteven,,27015,E01026322,-0.465073879484287,8,-0.822219782926561,5,-0.731600258167039,6,-0.530970812644102,6,-0.132711495833517,7,-0.0831269833798872,6,0.214436057961033,7,0.462867402525697,7,0.609827572912196,6,0.834036942670151,7,0.778292829182252,6,0.914938362331726,7
E01026323,South Kesteven 004D,E01026323,South Kesteven 004D,U,E07000141,South Kesteven,,27016,E01026323,-0.283238200914006,9,0.483977329571639,10,0.764379901370807,10,0.699423581945294,10,0.957788486149812,10,0.949625063656811,9,1.17965992274695,9,1.19097920833598,9,1.24093923186227,8,1.1463340539108,8,1.80780828372715,9,2.09996220293717,10
E01026324,South Kesteven 004E,E01026324,South Kesteven 004E,U,E07000141,South Kesteven,,27017,E01026324,-1.01440098708834,5,-0.79863108119842,5,-0.818964499160043,5,-0.62546946476221,5,-0.644162251448181,4,-0.386880299464428,4,-0.244478074444318,4,-0.190721927483878,4,0.0904213568541563,4,0.223316877403818,5,0.652107048674937,6,0.636759946774048,6
E01026308,South Kesteven 005A,E01026308,South Kesteven 005A,U,E07000141,South Kesteven,,27018,E01026308,-0.403985899716222,8,0.233938302824294,9,0.232380331519627,9,-0.185485393794044,7,0.302601067463098,8,0.65578103889755,9,0.719516185155493,8,0.752896317774974,8,1.61106286928537,9,1.26695471390022,9,1.41768043235527,8,1.42308320012449,9
E01026309,South Kesteven 005B,E01026309,South Kesteven 005B,U,E07000141,South Kesteven,,27019,E01026309,-0.797108749002245,6,-0.634857885233623,6,-0.446679781953533,7,-0.525887533667352,6,-0.441131145428541,5,-0.139430873919734,6,0.282623713461747,7,0.573342594435254,7,0.771646384629022,7,0.982036916527227,8,1.13229353934301,8,0.88067687120508,7
E01026310,South Kesteven 005C,E01026310,South Kesteven 005C,U,E07000141,South Kesteven,,27020,E01026310,-0.552495184845796,8,-0.379450754560214,8,-0.300640997797875,8,-0.458450762672954,6,-0.456396748535245,5,0.0726314382008387,7,0.214552455553318,7,0.970494206681086,8,0.666841781654804,7,0.889079378741291,8,0.989650740535514,7,1.22772087457134,8
E01026311,South Kesteven 005D,E01026311,South Kesteven 005D,U,E07000141,South Kesteven,,27021,E01026311,-0.178255486789542,9,-0.170604106649666,8,-0.0665874773836959,9,-0.0191606448254425,8,-0.164133903524743,7,0.304357848276526,8,0.540757110425896,8,0.62195887986676,7,1.22725717503222,8,1.39867616612196,9,1.13083429647977,8,1.15714052280022,8
E01026312,South Kesteven 005E,E01026312,South Kesteven 005E,U,E07000141,South Kesteven,,27022,E01026312,-0.226603001395494,9,0.0890311126731604,9,0.06211921686583,9,-0.0523332975431558,8,-0.0221883533860603,7,0.459804903051726,8,0.818740628703484,9,0.761612993627036,8,1.12970181062145,8,0.971858171403526,8,1.35352332785367,8,1.87688416862305,9
E01026317,South Kesteven 006A,E01026317,South Kesteven 006A,U,E07000141,South Kesteven,,27023,E01026317,-0.27914874306073,9,-0.262164761882543,8,-0.0998210633831241,8,0.190647815527433,9,0.114151921265908,8,0.169164289130188,7,0.431737893101216,7,0.738041665368695,8,1.094024915015,8,1.13667623802656,8,1.68068999858954,9,1.34823547040795,8
E01026318,South Kesteven 006B,E01026318,South Kesteven 006B,U,E07000141,South Kesteven,,27024,E01026318,-0.483748394314463,8,-0.317231883472613,8,-0.310110939228463,8,-0.225011152602064,7,-0.323561018216127,6,0.0211064672825471,6,0.251564725394103,7,0.374373185756239,6,1.15122679029005,8,1.1633905033276,8,1.12064189221072,8,1.03589494754781,7
E01026319,South Kesteven 006C,E01026319,South Kesteven 006C,U,E07000141,South Kesteven,,27025,E01026319,-0.846194893728162,6,-0.542966408273952,7,-0.797755477074549,5,-0.368728987215547,6,0.0410365790872398,7,0.144231104563661,7,0.278772720328175,7,0.435421287801837,7,0.657234882784705,7,0.811933503668159,7,1.21642478142978,8,1.27548319302359,8
E01026343,South Kesteven 006D,E01026343,South Kesteven 006D,U,E07000141,South Kesteven,,27026,E01026343,-0.318984660575168,9,0.338023336501799,10,0.331622374778631,9,0.0427321582583074,8,0.204780790042314,8,0.297115511833292,8,0.244575097456661,7,0.822016964342763,8,1.18639626633374,8,1.14553004694598,8,1.59682470032621,9,1.52453940236064,9
E01026344,South Kesteven 006E,E01026344,South Kesteven 006E,U,E07000141,South Kesteven,,27027,E01026344,-0.734374770070853,7,-0.383499435537148,8,-0.56078578888624,6,-0.56094915554781,5,-0.181506495518829,6,-0.0209783489111306,6,0.100184420860182,6,0.291213225276743,6,0.982086430066317,8,0.676287004479718,7,0.594922327798636,5,1.27324557853672,8
E01026345,South Kesteven 006F,E01026345,South Kesteven 006F,U,E07000141,South Kesteven,,27028,E01026345,0.0314040280523842,9,0.748237596504159,10,0.224943687653489,9,0.275661664485213,9,0.547325748598011,9,0.707751287573167,9,0.916929138457698,9,1.33638611308005,9,1.4696523763024,9,1.62234198285557,9,1.40007742911948,8,1.28976102127773,8
E01026292,South Kesteven 007A,E01026292,South Kesteven 007A,U,E07000141,South Kesteven,,27029,E01026292,-1.11360871191513,4,-0.812742026533164,5,-0.666280829200487,6,-0.398726327116044,6,-0.634270801211554,4,-0.295717259885411,5,0.107595663214841,6,0.148010578679503,5,0.294206981957511,5,0.679772449089791,7,0.885823473704858,7,1.00651455402657,7
E01026293,South Kesteven 007B,E01026293,South Kesteven 007B,U,E07000141,South Kesteven,,27030,E01026293,-0.996951477542753,5,-1.08308986462384,4,-0.949632859325705,4,-0.71186994736173,5,-0.724572358478624,4,-0.34201139983176,5,-0.264318858525691,4,-0.0073584295211341,4,0.186379768340892,4,0.374511403436752,5,0.309000066416438,4,0.690828775232734,6
E01026294,South Kesteven 007C,E01026294,South Kesteven 007C,U,E07000141,South Kesteven,,27031,E01026294,-1.29402175111206,3,-1.04925494814745,4,-0.970543545852988,4,-0.953279825764165,3,-0.836142797092659,3,-0.729584313746662,3,-0.27958247849397,4,-0.18647141093746,4,0.194894579188129,4,0.328344684501278,5,0.237635894987145,4,0.494824211731121,5
E01026316,South Kesteven 007D,E01026316,South Kesteven 007D,U,E07000141,South Kesteven,,27032,E01026316,-1.26721156917355,3,-0.898960695099316,5,-0.822869763617101,5,-0.630166975536496,5,-0.551289181545407,4,-0.415932211445802,4,-0.368823683519863,4,-0.233162373863705,3,-0.123737248590921,3,0.254369950245196,5,0.288910974906424,4,0.348833164177184,4
E01026332,South Kesteven 007E,E01026332,South Kesteven 007E,U,E07000141,South Kesteven,,27033,E01026332,-1.26712783026724,3,-0.8101349178675,5,-1.06068333121618,4,-0.997310221660399,3,-0.89897233602475,3,-0.689773227916264,3,-0.49337506889659,3,-0.234131830988755,3,-0.183423324089872,3,0.184983608858801,4,0.375693734632452,4,0.196722386518774,4
E01026290,South Kesteven 008A,E01026290,South Kesteven 008A,U,E07000141,South Kesteven,,27034,E01026290,-0.689857313099739,7,-0.134442606705117,9,0.211351255908931,9,-0.0485972972977908,8,0.301487792493396,8,0.0187029425486905,6,0.726091630589415,8,0.453340110055891,7,0.71421098862084,7,0.848101813898145,7,1.34234679094868,8,1.19259466544341,8
E01026341,South Kesteven 008B,E01026341,South Kesteven 008B,U,E07000141,South Kesteven,,27035,E01026341,-0.785665413445926,6,-0.626037226155286,6,-0.496683040969135,7,-0.360717221687567,6,-0.321606134575438,6,0.0439360368805148,7,0.0582029647717271,6,0.187139777424961,5,0.424827405557583,6,0.480884055615462,6,0.535443140083402,5,0.987385736775322,7
E01026342,South Kesteven 008C,E01026342,South Kesteven 008C,U,E07000141,South Kesteven,,27036,E01026342,-0.650277362174417,7,-0.602012148209424,7,-0.768070269148305,5,-0.669989251185832,5,-0.496076076571667,5,-0.0337531291806199,6,0.110815773875352,6,-0.0365984070644313,4,0.117452035865554,4,0.342110349739259,5,0.355117503643885,4,0.574565996827621,5
E01026361,South Kesteven 008D,E01026361,South Kesteven 008D,U,E07000141,South Kesteven,,27037,E01026361,-1.0857614873708,5,-0.314810913951802,8,0.22370734191974,9,-0.128661531484162,7,0.106503557412689,8,0.226959450053352,7,0.371180385435074,7,0.388898140827444,6,0.896548362764297,7,1.07029303449949,8,1.29907901830348,8,1.22936625125483,8
E01026315,South Kesteven 009A,E01026315,South Kesteven 009A,U,E07000141,South Kesteven,,27038,E01026315,-1.06042786341156,5,-0.639944278595319,6,-0.857700343123942,5,-1.05740818973459,3,-0.774400350137937,3,-0.55540581079223,3,-0.333289244480201,4,-0.191789926987397,4,0.481827270231206,6,0.367823642450713,5,0.578410173506651,5,0.915525606176483,7
E01026331,South Kesteven 009B,E01026331,South Kesteven 009B,U,E07000141,South Kesteven,,27039,E01026331,-1.79902760880933,1,-1.61906966152065,1,-1.48607406188531,1,-1.44289731720223,1,-1.15427846356758,2,-1.19193054241559,1,-0.892841592134843,1,-0.410736131854019,2,0.0581725456762345,4,0.129095476370043,4,0.766665394176062,6,0.746388566601946,6
E01026338,South Kesteven 009C,E01026338,South Kesteven 009C,U,E07000141,South Kesteven,,27040,E01026338,-2.34583929392057,1,-1.92355594194945,1,-1.66851852691669,1,-1.56435558414366,1,-1.53749637218447,1,-1.24288627260716,1,-0.878412241552384,1,-0.503165017307582,2,-0.457159671020853,2,-0.0299734084306256,3,-0.156079717825329,2,0.196600147788226,4
E01026339,South Kesteven 009D,E01026339,South Kesteven 009D,U,E07000141,South Kesteven,,27041,E01026339,-2.3114624923157,1,-1.70822621275748,1,-1.48917086359516,1,-1.38670250653802,1,-1.23192297530561,1,-1.06818248991695,1,-0.947044112851143,1,-0.583570075980533,2,-0.376701364242073,2,-0.16865741214447,3,0.172795251899109,3,0.273928504540107,4
E01026299,South Kesteven 010A,E01026299,South Kesteven 010A,U,E07000141,South Kesteven,,27042,E01026299,-0.178963026085543,9,0.0307196480743587,9,-0.205172343451526,8,0.14934820639794,8,0.121040271721322,8,0.452649128277838,8,0.518417046069897,8,0.843967105181719,8,0.82541988210316,7,1.08856126731461,8,0.685012445727755,6,0.991212606744844,7
E01026300,South Kesteven 010B,E01026300,South Kesteven 010B,U,E07000141,South Kesteven,,27043,E01026300,-0.768480753524409,7,-0.669584889621842,6,-0.634729353291823,6,-0.604021002184407,5,-0.37142940549878,5,-0.556710833989326,3,-0.126767450301748,5,-0.0052369261963722,4,0.44654320132058,6,0.31681462322892,5,0.351606635579086,4,0.58811735220143,5
E01026301,South Kesteven 010C,E01034703,South Kesteven 010E,S,E07000141,South Kesteven,,27044,E01026301,-0.0520371478084071,9,0.195277939452424,9,-0.0584983189027638,9,-0.212059870766215,7,-0.004673264034339,7,0.236947650819806,7,0.32735124293673,7,0.388570288082992,6,0.50890425127357,6,0.47367092945184,6,0.727097605522645,6,0.51614364481282,5
E01026301,South Kesteven 010C,E01034704,South Kesteven 010F,S,E07000141,South Kesteven,,27045,E01026301,-0.0520371478084071,9,0.195277939452424,9,-0.0584983189027638,9,-0.212059870766215,7,-0.004673264034339,7,0.236947650819806,7,0.32735124293673,7,0.388570288082992,6,0.50890425127357,6,0.47367092945184,6,0.727097605522645,6,0.51614364481282,5
E01026283,South Holland 004C,E01026283,South Holland 004C,U,E07000140,South Holland,,27071,E01026283,-0.760737765535023,7,-0.412077177942402,8,-0.744308918092168,5,-0.769692776162477,4,-0.948991518115035,2,-0.621109472710401,3,-0.332265427026961,4,0.0419161620541866,5,0.419486130154469,6,0.54784482257158,6,0.511933612806962,5,0.656887445542133,6
E01026285,South Holland 004D,E01026285,South Holland 004D,U,E07000140,South Holland,,27072,E01026285,-0.694245719312412,7,-0.305177014094522,8,-0.939804305437364,4,-0.943578975523354,3,-0.435204320078907,5,-0.69821380886936,3,-0.0153459999258212,5,-0.432205185037614,2,-0.0226087451027448,3,-0.0712157092011665,3,0.577297438852519,5,0.895597756197213,7
E01026286,South Holland 004E,E01026286,South Holland 004E,U,E07000140,South Holland,,27074,E01026286,-1.10880728892708,4,-1.02375859335557,4,-1.03121422836772,4,-0.728671575612812,4,-0.717175241074336,4,-0.753903940228793,3,-0.594698217879966,3,-0.506933383844363,2,0.198463782853823,4,0.365334983408798,5,0.883554575615405,7,1.03655196336826,7
E01026241,South Holland 005A,E01026241,South Holland 005A,U,E07000140,South Holland,,27078,E01026241,-1.14933195867172,4,-1.1284080915544,3,-1.11666886276829,3,-0.800580846886397,4,-0.671128742756079,4,-0.538252401139633,4,-0.370421735866754,4,-0.0928114166706108,4,-0.165597259310191,3,-0.0133732634154638,3,0.125946997089488,3,0.303928252298932,4
E01026258,South Holland 005B,E01026258,South Holland 005B,U,E07000140,South Holland,,27082,E01026258,-0.698953352739167,7,-0.490069888940477,7,-0.715924387231424,6,-0.563631133983632,5,-0.24904115211228,6,-0.47714811909372,4,-0.1882063948626,5,-0.183704236406872,4,0.457501776318246,6,0.216818249089827,4,0.419349298265635,5,0.877592767725383,7
E01026259,South Holland 005C,E01026259,South Holland 005C,U,E07000140,South Holland,,27142,E01026259,-0.947039760406995,5,-0.644229340945183,6,-0.666433145327038,6,-0.396707864217538,6,-0.213350326170121,6,-0.194327288322815,5,-0.185989930280916,5,0.0729319968145233,5,0.356503221858323,5,0.525958114463435,6,0.6106291160981,5,0.568184647335114,5
E01026260,South Holland 005D,E01026260,South Holland 005D,U,E07000140,South Holland,,27145,E01026260,-0.245109228695338,9,-0.0042284287915185,9,-0.0425735994213494,9,-0.0627919465910736,8,0.0458747371604814,7,0.226544096559033,7,-0.119904398760017,5,0.286857011535716,6,1.10483488661503,8,0.704355585625548,7,1.23025025010035,8,1.1640966628394,8
E01026266,South Holland 006B,E01026266,South Holland 006B,U,E07000140,South Holland,,27148,E01026266,-0.725125067353324,7,-0.513273304796818,7,-0.551375020800716,7,-0.442378256183398,6,-0.207179317262501,6,-0.388714986012121,4,-0.205824172775028,4,-0.305597244948641,3,0.0169144439495055,4,0.0072814049669228,3,0.650612161541381,6,0.532554780307028,5
E01026273,South Holland 006C,E01026273,South Holland 006C,U,E07000140,South Holland,,27151,E01026273,-0.84652312029697,6,-0.580202708651763,7,-0.662087903414896,6,-0.502972101197956,6,-0.504610479276611,5,-0.245728174751564,5,0.035438778888514,6,0.0426392129727782,5,0.385557420096365,5,0.249700015084396,5,0.317900257315025,4,0.387771532184633,4
E01026274,South Holland 006D,E01034697,South Holland 006H,S,E07000140,South Holland,,27154,E01026274,-1.0860177473753,5,-1.05950091387082,4,-0.997684665737362,4,-0.762939353167247,4,-0.8141057164773,3,-0.808483493835591,2,-0.600109682558779,2,-0.447783455458205,2,-0.295121385668568,2,-0.203367085571857,3,-0.0676685000683946,2,0.111224212894394,3
E01026274,South Holland 006D,E01034698,South Holland 006I,S,E07000140,South Holland,,27156,E01026274,-1.0860177473753,5,-1.05950091387082,4,-0.997684665737362,4,-0.762939353167247,4,-0.8141057164773,3,-0.808483493835591,2,-0.600109682558779,2,-0.447783455458205,2,-0.295121385668568,2,-0.203367085571857,3,-0.0676685000683946,2,0.111224212894394,3
E01026275,South Holland 006E,E01026275,South Holland 006E,U,E07000140,South Holland,,27161,E01026275,-0.655223466616518,7,-0.442521080361605,7,-0.538961039292535,7,-0.340327178148235,7,-0.210144499827113,6,-0.473778455470415,4,-0.340853831454803,4,-0.25109798087791,3,-0.0565352750908397,3,0.173009509287269,4,0.399949562266086,5,0.415308792997173,5
E01032995,South Holland 006F,E01032995,South Holland 006F,U,E07000140,South Holland,,27164,E01032995,-0.42424948151676,8,-0.320526793665752,8,-0.249491814190608,8,-0.395812186387789,6,0.172013904761045,8,-0.434517457324927,4,0.121449640195269,6,-0.151135503267432,4,0.560498861038794,6,0.456021340553304,6,0.463117126419296,5,0.485407255060845,5
E01032996,South Holland 006G,E01032996,South Holland 006G,U,E07000140,South Holland,,27167,E01032996,-0.749410724996049,7,-0.943350925810554,4,-0.690297967366711,6,-0.619752623096362,5,-0.634823135062734,4,-0.517677772432926,4,-0.339102265617564,4,-0.0304335053606018,4,0.254319630771653,5,0.0589888395983663,4,0.157481760839517,3,0.337290476549588,4
E01026268,South Holland 007A,E01026268,South Holland 007A,U,E07000140,South Holland,,27170,E01026268,-0.511081458378819,8,-0.279653669102553,8,-0.498767413958611,7,-0.277946607788188,7,0.0789781230592411,8,-0.0572585198934083,6,0.127554230655796,6,-0.0911495210766248,4,0.237099056864861,5,0.315084461531874,5,0.477449572985115,5,0.703108589017628,6
E01026269,South Holland 007B,E01026269,South Holland 007B,U,E07000140,South Holland,,27173,E01026269,-0.84878174395039,6,-0.53042326771131,7,-0.10517593426886,8,-0.528326414150322,6,-0.490000538028487,5,-0.32723606274823,5,-0.118404002538904,5,-0.300736878103455,3,0.436800694006688,6,0.567965805267229,6,0.337683300210545,4,0.380762908809073,4
E01026270,South Holland 007C,E01026270,South Holland 007C,U,E07000140,South Holland,,27176,E01026270,-0.640756291168224,7,-0.35376477564871,8,-0.575988156609735,6,-0.476124070577308,6,-0.286824529723258,6,-0.068810658623971,6,-0.268501904656208,4,-0.104259088535211,4,0.47740984811426,6,-0.0281402362607815,3,0.0238398211952236,3,0.217222502098301,4
E01026271,South Holland 007D,E01026271,South Holland 007D,U,E07000140,South Holland,,27178,E01026271,-0.126192449042098,9,0.0352813261912024,9,-0.0710285842569545,9,0.102316793894889,8,0.0966560673806749,8,0.180615957645149,7,0.418175864474851,7,0.636996841887216,7,1.10510889793479,8,1.1990950156249,8,1.43600185021676,9,1.24773174304775,8
E01026272,South Holland 007E,E01026272,South Holland 007E,U,E07000140,South Holland,,27180,E01026272,-0.628757573460146,7,-0.395736698150326,8,-0.557759422560626,6,-0.496627793839316,6,-0.715206802982569,4,-0.692555655939714,3,-0.417611862641132,3,-0.155734384825986,4,0.0522374041456329,4,0.453551839510243,6,0.0665733048787796,3,0.133896299544898,3
E01026254,South Holland 008A,E01026254,South Holland 008A,U,E07000140,South Holland,,27182,E01026254,0.130438592877657,10,0.485507594154721,10,0.537854225574102,10,0.841843716294764,10,0.841089834795288,10,0.766894201434805,9,1.42116948432595,10,1.8231660138236,10,1.46061269063635,9,1.62639743983889,9,2.04391724664509,10,2.00483152002382,10
E01026255,South Holland 008B,E01026255,South Holland 008B,U,E07000140,South Holland,,27184,E01026255,0.884650121232961,10,1.42244637125239,10,1.48841936791364,10,2.18011532323766,10,1.48676151650669,10,1.59583928116405,10,1.95297085717484,10,2.14287579087575,10,2.46516050494806,10,2.0739572842687,10,2.75055350472062,10,2.68490927485308,10
E01026256,South Holland 008C,E01026256,South Holland 008C,U,E07000140,South Holland,,27186,E01026256,0.302922886872002,10,0.676602027295011,10,0.360254653153197,9,0.877781289589486,10,1.13734355321554,10,1.17480769640818,10,1.01700426391151,9,1.37006754748638,9,1.84813892644682,10,1.50480850513716,9,1.93631419013604,10,1.78141958811332,9
E01026277,South Holland 008D,E01026277,South Holland 008D,U,E07000140,South Holland,,27187,E01026277,1.21457477133911,10,1.33874807645682,10,1.07109071389807,10,1.12206243129454,10,1.19279597148786,10,1.58542348769175,10,1.7135459984354,10,1.94845165673535,10,2.2401042461204,10,2.40509845398998,10,2.78478552722102,10,2.04645545693916,10
E01026278,South Holland 008E,E01026278,South Holland 008E,U,E07000140,South Holland,,27188,E01026278,0.140077767520876,10,0.171590575870065,9,0.560869907286951,10,0.60349059059377,9,0.741856969465359,9,0.628347651655806,9,0.968886947421454,9,0.97889372333859,8,1.49308731620005,9,1.76082036979301,10,1.62228443836127,9,1.9091054744391,10
E01026279,South Holland 008F,E01026279,South Holland 008F,U,E07000140,South Holland,,27189,E01026279,0.853227486222474,10,0.755921585157716,10,0.553312862641511,10,0.527991761696921,9,1.12217982835155,10,0.974685702484676,9,1.03892422949387,9,1.25458573846199,9,1.72840709884422,9,1.83310742803916,10,1.93606712662833,10,1.5318410375123,9
E01026262,South Holland 009A,E01026262,South Holland 009A,U,E07000140,South Holland,,27190,E01026262,-0.997983998235367,5,-0.723578345365999,6,-0.963201674173446,4,-0.726947913387015,4,-0.578683990301499,4,-0.592483535823922,3,-0.48606443879429,3,-0.276003746698371,3,-0.124843960898207,3,-0.274380110991685,2,0.105899858592744,3,0.184068336186352,3
E01026263,South Holland 009B,E01026263,South Holland 009B,U,E07000140,South Holland,,27191,E01026263,-1.08028654363915,5,-1.05687337206063,4,-1.00809750445392,4,-1.04972656495874,3,-0.810464020440184,3,-0.872285933684105,2,-0.724365603621744,2,-0.693770834165967,1,-0.307545807321665,2,-0.0943227380179399,3,-0.191711917261589,2,-0.0267919833715165,3
E01026264,South Holland 009C,E01026264,South Holland 009C,U,E07000140,South Holland,,27192,E01026264,-0.859049954631964,6,-0.4945507935767,7,-0.742125868249905,5,-0.750953185946869,4,-0.753399330940261,3,-0.446949487613678,4,-0.373227065709427,4,-0.264380702713441,3,0.0509951500373724,4,-0.024508475884347,3,0.368866794415829,4,0.29049324377653,4
E01026265,South Holland 009D,E01026265,South Holland 009D,U,E07000140,South Holland,,27193,E01026265,-0.0259427317361518,9,0.169664339356915,9,0.527838110382815,10,-0.141664500279877,7,0.185413072079103,8,0.126149959179561,7,0.0872787303887009,6,0.0499985255541634,5,0.700751392093927,7,1.22045397601809,9,1.48856983494479,9,1.71077943077472,9
E01026267,South Holland 009E,E01034699,South Holland 009F,S,E07000140,South Holland,,27194,E01026267,-0.881203334645946,6,-0.646758295476602,6,-0.624226193509382,6,-0.462978825174274,6,-0.275923558199159,6,-0.497536718904291,4,-0.214051607234942,4,-0.0290216851017698,4,0.0670662208124744,4,0.212101537087647,4,0.139830539541669,3,0.290252627703302,4
E01026267,South Holland 009E,E01034700,South Holland 009G,S,E07000140,South Holland,,27195,E01026267,-0.881203334645946,6,-0.646758295476602,6,-0.624226193509382,6,-0.462978825174274,6,-0.275923558199159,6,-0.497536718904291,4,-0.214051607234942,4,-0.0290216851017698,4,0.0670662208124744,4,0.212101537087647,4,0.139830539541669,3,0.290252627703302,4
E01026245,South Holland 010A,E01026245,South Holland 010A,U,E07000140,South Holland,,27196,E01026245,-0.707182641425857,7,-0.362830325657965,8,-0.623160191209677,6,-0.229234662571709,7,-0.195976465067031,6,0.120564618515074,7,0.10433364141649,6,0.632145992700129,7,1.12983238674318,8,0.834461480610173,7,1.11984405360621,8,1.49224644204556,9
E01026249,South Holland 010B,E01026249,South Holland 010B,U,E07000140,South Holland,,27197,E01026249,-1.16646976215084,4,-0.832488624643917,5,-1.11420713601072,3,-0.786737248562267,4,-0.641629873021465,4,-0.462186468677839,4,-0.0238338230582028,5,-0.258905658008359,3,0.117434462929906,4,0.4140491372734,5,0.679788926894646,6,0.4502345190296,5
E01026280,South Holland 010C,E01026280,South Holland 010C,U,E07000140,South Holland,,27198,E01026280,-0.918751520811397,6,-0.697937806227758,6,-0.527266300247432,7,-0.104019406307838,8,-0.318350267724123,6,0.0603696085260017,7,0.026488165505414,6,0.350486972186473,6,0.667785922351381,7,0.621224469803863,6,0.713478528248908,6,1.08022478711175,7
E01026239,South Holland 011A,E01026239,South Holland 011A,U,E07000140,South Holland,,27199,E01026239,-1.03333956770686,5,-0.641373785492466,6,-0.458090386732107,7,-0.426683998313642,6,-0.306482745551713,6,0.0495767088445395,7,-0.190138993279554,5,0.218159728291892,6,-0.105212790685262,3,0.212918129011463,4,0.502124662005235,5,0.335948715970898,4
E01026240,South Holland 011B,E01026240,South Holland 011B,U,E07000140,South Holland,,27200,E01026240,-1.25357925236163,3,-1.16028940796679,3,-1.09914422303946,3,-0.787366762967624,4,-0.569702998205659,4,-0.439362150850732,4,-0.353726400077218,4,-0.264360265879524,3,-0.0891024934151595,3,0.146481814171755,4,0.0926885059901901,3,0.540052048644043,5
E01026412,West Lindsey 008B,E01026412,West Lindsey 008B,U,E07000142,West Lindsey,,33601,E01026412,-0.259779071594888,9,-0.150529081678971,8,-0.192273866740555,8,-0.085892547054314,8,-0.0398406329503379,7,0.67524042139047,9,0.517169323222097,8,0.357170052756934,6,0.352700355571698,5,0.486948323610691,6,0.381573330190661,4,0.701139630493924,6
E01026413,West Lindsey 008C,E01026413,West Lindsey 008C,U,E07000142,West Lindsey,,33605,E01026413,-0.942303931607615,5,-0.831305051781922,5,-0.607575537617219,6,-0.552228651063321,5,-0.336671135890779,6,-0.280470431855937,5,-0.17881609967997,5,0.0657046921001979,5,0.0168029109422437,4,0.319007550390024,5,0.300277405461676,4,0.236018176033804,4
E01026414,West Lindsey 008D,E01026414,West Lindsey 008D,U,E07000142,West Lindsey,,33608,E01026414,-0.566321694832204,8,-0.609219974760199,7,-0.559061630945538,6,-0.272124388655031,7,-0.385929282116614,5,-0.323637769821642,5,0.101994917935467,6,0.0946906825309888,5,0.0491717472318898,4,0.0213044115943068,4,0.394261693544971,4,0.589636878135531,5
E01026396,West Lindsey 009A,E01026396,West Lindsey 009A,U,E07000142,West Lindsey,,33612,E01026396,-1.22250857826295,4,-1.08561517016282,4,-0.8206248012974,5,-0.700396833925046,5,-0.660491612475253,4,-0.218070454681846,5,0.0629961472738429,6,-0.0608218141660893,4,0.284010117035214,5,0.20701209844995,4,0.337833858891242,4,0.659571216522315,6
E01026397,West Lindsey 009B,E01034706,West Lindsey 009E,S,E07000142,West Lindsey,,33619,E01026397,-0.984545467579979,5,-0.849928211226681,5,-0.480667236766193,7,-0.761515273383315,4,-0.461561745986737,5,-0.411275884155178,4,0.0452403550355829,6,0.157151345801241,5,0.367417962481741,5,0.362024470501942,5,0.625049175006317,6,1.07533874272669,7
E01026397,West Lindsey 009B,E01034707,West Lindsey 009F,S,E07000142,West Lindsey,,33627,E01026397,-0.984545467579979,5,-0.849928211226681,5,-0.480667236766193,7,-0.761515273383315,4,-0.461561745986737,5,-0.411275884155178,4,0.0452403550355829,6,0.157151345801241,5,0.367417962481741,5,0.362024470501942,5,0.625049175006317,6,1.07533874272669,7
E01026398,West Lindsey 009C,E01026398,West Lindsey 009C,U,E07000142,West Lindsey,,33634,E01026398,-1.32435213080154,3,-0.75987559099993,6,-0.645915844373844,6,-0.391447559627033,6,-0.527833241162744,5,-0.227299997026771,5,0.0025434186334702,6,0.109455734013104,5,0.441559620932904,6,0.322409715389479,5,0.643942488415041,6,1.14341566773308,8
E01026400,West Lindsey 009D,E01026400,West Lindsey 009D,U,E07000142,West Lindsey,,33642,E01026400,-0.834833562717081,6,-0.563401944418538,7,-0.407122620738786,7,-0.365005606856222,6,-0.197516386987771,6,-0.158967550804931,6,-0.204422145645852,4,0.0794930482090331,5,0.100185738041513,4,0.425495025335263,6,0.270202690837724,4,0.284403340709553,4
E01026393,West Lindsey 010A,E01026393,West Lindsey 010A,U,E07000142,West Lindsey,,33651,E01026393,-0.655404458191885,7,-0.669214570460946,6,-0.637158894625174,6,-0.435658642175112,6,-0.32353904966518,6,0.0984612550049355,7,0.147876618674059,6,0.192877065186277,5,0.514441291749248,6,0.463504903296096,6,0.580213378106709,5,0.703429951886556,6
E01026394,West Lindsey 010B,E01026394,West Lindsey 010B,U,E07000142,West Lindsey,,33657,E01026394,-0.836362964898119,6,-0.651366529564469,6,-0.445402045762111,7,-0.32121448172779,7,-0.419293340714914,5,-0.415375410411623,4,-0.0614974717784921,5,0.156573267618199,5,0.438620488270255,6,0.597915043171388,6,0.761447320387765,6,0.784176038953714,6
E01026395,West Lindsey 010C,E01026395,West Lindsey 010C,U,E07000142,West Lindsey,,33665,E01026395,-0.82378523854157,6,-0.284553935158769,8,-0.45365212939179,7,-0.462244864209827,6,-0.265183845254969,6,-0.203180386516986,5,0.059486292807401,6,0.159968303832288,5,0.362290716469954,5,0.700309499513665,7,0.788244911242464,6,0.59804333129298,5
E01026405,West Lindsey 010D,E01026405,West Lindsey 010D,U,E07000142,West Lindsey,,33673,E01026405,-0.778434822494192,6,-0.537504459344684,7,-0.664573411283869,6,-0.0322591860201057,8,-0.413680008841267,5,-0.096008388471446,6,-0.052558290600349,5,0.0915552720017713,5,0.24391026599075,5,0.237949945626176,5,0.796553810101762,6,0.801206339588393,6
E01026406,West Lindsey 010E,E01026406,West Lindsey 010E,U,E07000142,West Lindsey,,33681,E01026406,-0.652206934786772,7,-0.521248038922796,7,-0.837463867272942,5,-0.7375092233162,4,-0.346765644305987,6,-0.202433516547511,5,-0.167687386203996,5,0.0527889320467351,5,0.438617867789258,6,0.414401820681268,5,0.525141008257296,5,0.401760815559511,4
E01026367,West Lindsey 001A,E01026367,West Lindsey 001A,U,E07000142,West Lindsey,,33689,E01026367,-0.301647068222125,9,-0.223449114244512,8,-0.461087391605503,7,0.716405602146084,10,0.544123487339139,9,0.412443720388468,8,0.168389998391306,6,0.637065013935105,7,0.545708787162235,6,0.343197756491487,5,0.93223895246879,7,1.41734447337646,8
E01026368,West Lindsey 001B,E01026368,West Lindsey 001B,U,E07000142,West Lindsey,,33690,E01026368,-1.17990137067215,4,-0.751651867534849,6,-0.872739653820803,5,-0.710440678233978,5,-0.50947743610638,5,-0.437773289751498,4,-0.622802032118588,2,-0.73902410587495,1,-0.43701568540848,2,-0.210194884711622,3,-0.0502271806491015,3,0.430346627352886,5
E01026387,West Lindsey 001C,E01026387,West Lindsey 001C,U,E07000142,West Lindsey,,33691,E01026387,-1.22027178435378,4,-1.04026166106718,4,-1.0669476493606,4,-1.10687754558698,2,-0.82798740812739,3,-0.899847236367412,2,-0.594593063262474,3,-0.553108349563035,2,-0.283245265674588,2,-0.187333279162565,3,0.135427385076402,3,0.332056012166023,4
E01026416,West Lindsey 001D,E01026416,West Lindsey 001D,U,E07000142,West Lindsey,,33692,E01026416,-0.802358609608352,6,-0.312845422249459,8,-0.268630392709611,8,-0.303720981348529,7,0.0916107702195578,8,-0.108215312893259,6,0.16107867530168,6,0.229763512873784,6,0.181730310124528,4,0.148112887468362,4,1.19612615240805,8,0.722238495758744,6
E01032683,West Lindsey 001G,E01032683,West Lindsey 001G,U,E07000142,West Lindsey,,33693,E01032683,-2.04086498836704,1,-1.69627475814105,1,-1.3942341427285,2,-1.08960479697435,2,-0.806547327356187,3,-0.640363335703135,3,-0.90495184623111,1,-0.224159001211777,3,-0.135634684632336,3,-0.0968270837616567,3,0.0895654147811696,3,0.106868771817917,3
E01026380,West Lindsey 002A,E01026380,West Lindsey 002A,U,E07000142,West Lindsey,,33694,E01026380,-0.916699160036406,6,-0.86582682109917,5,-0.409179395192456,7,-0.329065929526279,7,-0.113887745186811,7,0.139594813132617,7,0.420004119200206,7,0.541542676068239,7,0.887142993306853,7,1.00925023868085,8,1.13376153348804,8,1.44414019595831,9
E01026401,West Lindsey 002B,E01026401,West Lindsey 002B,U,E07000142,West Lindsey,,33695,E01026401,-1.28238712217339,3,-0.951060620347257,4,-1.05501300898993,4,-0.449654148080316,6,-0.361089898640428,6,-0.121583787934472,6,-0.127344426697278,5,0.0349448859787578,5,0.321380656382696,5,0.294109893794125,5,0.469898602059297,5,0.250666196489542,4
E01026402,West Lindsey 002C,E01026402,West Lindsey 002C,U,E07000142,West Lindsey,,33696,E01026402,-1.39240772863352,3,-1.08014922160711,4,-1.00344091659369,4,-0.666707850298115,5,-0.476768539493322,5,-0.490135522783725,4,-0.184177149552664,5,0.0466354540113273,5,0.432197706015579,6,0.636464169132683,6,0.510069986923355,5,0.490589531134956,5
E01026403,West Lindsey 002D,E01026403,West Lindsey 002D,U,E07000142,West Lindsey,,33697,E01026403,-1.15629348858967,4,-1.07173746039946,4,-0.869714265681772,5,-0.527782369397481,6,-0.453804204111368,5,0.620475245819503,9,0.402993926980295,7,0.903235932789199,8,0.63942110789834,6,0.848414711857961,7,0.99037868073661,7,1.48677437739527,9
E01026407,West Lindsey 002E,E01026407,West Lindsey 002E,U,E07000142,West Lindsey,,33698,E01026407,-1.16918968136426,4,-0.781323015749613,5,-0.582080134145318,6,-0.57398530760933,5,-0.217966758999611,6,-0.136302944343559,6,0.212302958113086,7,0.401996795448575,6,0.344150873288843,5,0.750930896432868,7,0.733598830237674,6,1.03350961994497,7
E01026408,West Lindsey 002F,E01026408,West Lindsey 002F,U,E07000142,West Lindsey,,33699,E01026408,-0.482916277846858,8,-0.10814116299724,9,0.275185868369391,9,0.310720630088952,9,0.182237919350072,8,0.800996140002741,9,0.7358986046735,8,1.06276709810751,9,1.44546691430216,9,1.17319863607084,8,1.60794425540477,9,1.88172481327355,9
E01026389,West Lindsey 003A,E01026389,West Lindsey 003A,U,E07000142,West Lindsey,,33700,E01026389,-0.181738764708399,9,0.250997251625399,9,0.24077558882372,9,0.276943243292229,9,0.34919702523887,8,0.568128443319971,8,0.900090770038921,9,0.961106599031784,8,1.28188022830677,9,1.18014602844716,8,1.16434724222895,8,1.04641329401176,7
E01026390,West Lindsey 003B,E01026390,West Lindsey 003B,U,E07000142,West Lindsey,,33701,E01026390,-0.34994569516718,8,-0.142521396252603,8,-0.178625796048701,8,0.142977737401867,8,-0.0053310915961651,7,0.093932418975861,7,0.251142872737386,7,0.653382262133391,7,0.874073139780769,7,0.715814752215454,7,1.09104569853837,7,0.765398146442926,6
E01026391,West Lindsey 003C,E01026391,West Lindsey 003C,U,E07000142,West Lindsey,,33702,E01026391,-0.928604207587732,6,-0.495432815749967,7,-0.858893783453941,5,-0.831347138885699,4,-0.490022120308372,5,-0.299475753084727,5,0.100926047349444,6,-0.0805033280879569,4,-0.0901079732335652,3,0.33303312328035,5,0.447322577456132,5,0.977196753092623,7
E01026392,West Lindsey 003D,E01026392,West Lindsey 003D,U,E07000142,West Lindsey,,33703,E01026392,-0.901313652456937,6,-0.611089650876195,6,-0.779759738775954,5,-0.864570408157457,4,-0.681009157843556,4,-0.433795055214416,4,-0.129256950900823,5,-0.0530966982487166,4,0.039897962652608,4,0.308126911942122,5,0.448022763159131,5,0.563242379672067,5
E01026415,West Lindsey 003E,E01026415,West Lindsey 003E,U,E07000142,West Lindsey,,33704,E01026415,-0.698052648700196,7,-0.679291509451327,6,-0.96792365513824,4,-0.574262064126864,5,-0.557587698537897,4,-0.244545964474073,5,0.0743375002534509,6,0.0701335933689116,5,0.402001179719357,5,0.234675393447012,5,0.72285013413292,6,0.536247077993814,5
E01026378,West Lindsey 004A,E01026378,West Lindsey 004A,U,E07000142,West Lindsey,,33705,E01026378,-0.950799026744622,5,-0.359841586672012,8,-0.25284270914219,8,0.233190723157307,9,-0.0087945064279669,7,0.722345702731626,9,0.450445048689938,8,0.684477757659837,8,1.26821809362572,9,1.28333883066929,9,1.37200903372789,8,1.95520480250573,10
E01026379,West Lindsey 004B,E01026379,West Lindsey 004B,U,E07000142,West Lindsey,,33706,E01026379,-0.82536568709881,6,-0.570423584404877,7,-0.26668579982031,8,-0.158847643226241,7,0.0305916519854264,7,0.422238073932511,8,0.753940247284196,9,0.867151829743701,8,0.951312106848994,8,1.12789029498051,8,1.3837662951644,8,1.61513504830134,9
E01026381,West Lindsey 004C,E01026381,West Lindsey 004C,U,E07000142,West Lindsey,,33707,E01026381,-0.553187362981357,8,-0.0351490138940228,9,0.415084362182836,10,0.604559089938612,9,0.32981625672522,8,1.32196633929523,10,0.599189370753857,8,1.34845108423624,9,1.42044564588284,9,1.12634672429871,8,2.17113024226041,10,2.14577175029184,10
E01026382,West Lindsey 004D,E01026382,West Lindsey 004D,U,E07000142,West Lindsey,,33708,E01026382,-0.518450485856096,8,0.349743836482397,10,0.43696583388414,10,0.573657049695583,9,0.754420630551969,9,1.32340814793455,10,1.12590242829512,9,1.60633583544833,10,2.07647700798778,10,2.05589433975499,10,2.42546684682618,10,2.18767200538713,10
E01026383,West Lindsey 004E,E01026383,West Lindsey 004E,U,E07000142,West Lindsey,,33709,E01026383,0.120526989731079,10,0.781484490469433,10,0.937694872044194,10,0.917067552760781,10,1.35268848762264,10,1.24274374211554,10,2.29543132384635,10,2.03239690689147,10,1.89911251854507,10,1.926433531653,10,2.34295520863306,10,2.14127017608996,10
E01026384,West Lindsey 004F,E01026384,West Lindsey 004F,U,E07000142,West Lindsey,,33710,E01026384,0.0185592519825165,9,0.723982642474705,10,0.60333590062668,10,0.576646350304278,9,0.643154803465679,9,1.0284190323135,9,2.20945246061718,10,1.91950673870142,10,2.06565125231932,10,1.88191619176302,10,2.44596128355191,10,2.08683896875465,10
E01026385,West Lindsey 005A,E01026385,West Lindsey 005A,U,E07000142,West Lindsey,,33711,E01026385,-0.766722728416793,7,-0.893208139779821,5,-0.599334436756838,6,-0.542508416955202,6,-0.212106547059787,6,0.150561686801539,7,0.154411271873721,6,0.0478339991511075,5,0.235722672492334,5,0.188870714105152,4,0.33197587397841,4,0.654470287553939,6
E01026386,West Lindsey 005B,E01026386,West Lindsey 005B,U,E07000142,West Lindsey,,33712,E01026386,-0.522091801989862,8,-0.225609524415698,8,-0.0958357778775523,8,0.280044189944421,9,0.102457043982274,8,0.322355601462422,8,0.584219000391449,8,0.835252478213207,8,0.695496644905649,7,0.487980711882594,6,1.04703589147695,7,0.830777277414728,6
E01026399,West Lindsey 005C,E01026399,West Lindsey 005C,U,E07000142,West Lindsey,,33713,E01026399,-0.742338217844573,7,-0.696624412913222,6,-0.290300676256381,8,-0.0821820411070822,8,-0.123272941491643,7,0.174215680672862,7,0.0888610474324018,6,0.252143289580649,6,0.335587865765656,5,0.917837526576723,8,0.810221390364122,6,0.990293763124908,7
E01026411,West Lindsey 005D,E01026411,West Lindsey 005D,U,E07000142,West Lindsey,,33714,E01026411,-1.14243956267488,4,-1.03271463686952,4,-0.733333615099957,6,-0.508055415913654,6,-0.3280926707635,6,-0.240591992100003,5,-0.0043786420598063,6,0.196674134582384,5,0.289380397136313,5,0.454719635949773,6,0.436263380536691,5,0.717595473658989,6
E01026374,West Lindsey 006A,E01026374,West Lindsey 006A,U,E07000142,West Lindsey,,33715,E01026374,-0.374086979376467,8,-0.0532402619432089,9,0.0401347453443873,9,-0.0513777789421999,8,0.192306362409811,8,0.575875560925973,9,0.697074588476206,8,1.14309103873362,9,1.4333308534531,9,1.19613672478774,8,1.83925303349407,9,1.94969727400795,10
E01026375,West Lindsey 006B,E01026375,West Lindsey 006B,U,E07000142,West Lindsey,,33716,E01026375,-0.293577249450928,9,0.550053462035002,10,0.462356458953169,10,1.0663631812424,10,0.496443256009609,9,0.936269196596123,9,1.42166043047604,10,1.99276163387391,10,2.17754775295849,10,2.54828139868175,10,2.4198269766963,10,2.57804523882111,10
E01026376,West Lindsey 006C,E01026376,West Lindsey 006C,U,E07000142,West Lindsey,,33717,E01026376,0.166581504231658,10,0.0904135150617561,9,0.529718714052773,10,0.397256593948618,9,0.689036640417626,9,1.08051147354488,10,0.692461294624502,8,1.06110278493446,9,1.5503173895791,9,1.67652114202778,9,1.93652827579528,10,1.86870744417967,9
E01026377,West Lindsey 006D,E01026377,West Lindsey 006D,U,E07000142,West Lindsey,,33718,E01026377,-0.857385099643644,6,-0.354644790687773,8,-0.269181515588863,8,-0.217460183774277,7,0.0016897276025352,7,0.572736744965681,9,1.00689010106667,9,1.19280483180829,9,1.19627841178177,8,1.43821071308565,9,1.76418970030598,9,1.98313027670046,10
E01026388,West Lindsey 007A,E01026388,West Lindsey 007A,U,E07000142,West Lindsey,,33719,E01026388,-0.724883282363603,7,-0.660739965303387,6,-0.457231527496933,7,-0.405709318059472,6,-0.293035472422127,6,0.0237768113169961,6,0.158052982724799,6,0.130032792622232,5,0.389450841861512,5,0.877572936248174,7,0.618435843644459,6,0.747460870778779,6
E01026404,West Lindsey 007B,E01026404,West Lindsey 007B,U,E07000142,West Lindsey,,33720,E01026404,-0.669252406268884,7,-0.712620621215421,6,-0.448941366649284,7,-0.33038757930696,7,0.100205515845328,8,0.019567208479652,6,0.231676565335542,7,0.211462232992963,6,0.64937176800992,7,0.759605370739411,7,1.03859292385249,7,1.15423446870205,8
E01026409,West Lindsey 007C,E01026409,West Lindsey 007C,U,E07000142,West Lindsey,,33721,E01026409,-1.33499652530788,3,-1.18210505143987,3,-1.04465671908987,4,-1.04105068255018,3,-0.757435244897635,3,-0.38897262670771,4,-0.266936006051698,4,-0.140534653161011,4,0.230543918927533,5,0.281225064247575,5,0.479866879593506,5,0.723860877296298,6
E01026410,West Lindsey 007D,E01026410,West Lindsey 007D,U,E07000142,West Lindsey,,33722,E01026410,-0.776403594708002,6,-0.798194805993028,5,-0.493722275437702,7,-0.446476318806026,6,-0.126743408919461,7,-0.147613753375779,6,0.284765950411798,7,0.209793891547244,6,0.609524511889567,6,0.815021598887958,7,0.80829101969536,6,1.13283381553911,8
E01026372,West Lindsey 008A,E01026372,West Lindsey 008A,U,E07000142,West Lindsey,,33723,E01026372,-0.787076513792172,6,-0.422881034621527,7,-0.345558274308552,8,-0.37552498233144,6,-0.145850286738518,7,-0.0661751617748353,6,-0.0263841474127977,5,0.123443006441117,5,0.245498397750412,5,0.316983381157852,5,0.479609643679739,5,0.764091342226023,6
E01026366,West Lindsey 011A,E01026366,West Lindsey 011A,U,E07000142,West Lindsey,,33731,E01026366,-1.54500763708768,2,-1.1266917116813,3,-0.766237132331348,5,-0.682174489624464,5,-0.452842108397335,5,-0.44677036475336,4,-0.0191771707194995,5,-0.0852108673918404,4,-0.190248090377188,3,0.0539114806924974,4,0.143691557814275,3,0.321091636337554,4
E01026369,West Lindsey 011B,E01026369,West Lindsey 011B,U,E07000142,West Lindsey,,33735,E01026369,-0.0074053457679561,9,0.17005463239518,9,-0.174109711477407,8,0.0127008789944195,8,0.477489324886777,9,0.622202268952879,9,0.783038753866521,9,1.09065068941425,9,1.25770115295683,9,1.21773737566916,9,0.919643084432146,7,1.54732372643034,9
E01026370,West Lindsey 011C,E01026370,West Lindsey 011C,U,E07000142,West Lindsey,,33741,E01026370,-0.6424010032518,7,-0.654282816577679,6,-0.622729445664611,6,-0.472700885033818,6,-0.375028092343706,5,-0.0925742173881887,6,-0.122819878251096,5,0.243378283729583,6,0.52843042943102,6,0.544432749974732,6,0.764825261900538,6,0.828219659599108,6
E01026371,West Lindsey 011D,E01026371,West Lindsey 011D,U,E07000142,West Lindsey,,33748,E01026371,-0.690950783176907,7,-0.761990359557138,6,-0.619554278662761,6,-0.604967854833785,5,-0.515322220536833,5,-0.213578536628682,5,0.135177016977306,6,-0.0289866370971486,4,0.250289935233881,5,0.537942383963463,6,0.945351522866551,7,0.604529263932864,5
E01026373,West Lindsey 011E,E01026373,West Lindsey 011E,U,E07000142,West Lindsey,,33754,E01026373,-0.523426148087496,8,-0.257109140872093,8,-0.418426328815317,7,-0.211575617335531,7,-0.399004782706782,5,0.0797976573781913,7,0.210136593845322,7,0.483994006308624,7,0.735029375185902,7,0.840738356115619,7,1.09333420539861,7,0.873917622457271,7
