PUBLICATION,EXTRACT_DATE,PRACTICE_CODE,PRACTICE_NAME,LSOA_CODE,SEX,NUMBER_OF_PATIENTS
GP_PRAC_PAT_LIST,01/07/2026,C82076,THE WELBY PRACTICE,E01001889,MALE,1
GP_PRAC_PAT_LIST,01/07/2026,C82076,THE WELBY PRACTICE,E01001955,MALE,1
GP_PRAC_PAT_LIST,01/07/2026,C82076,THE WELBY PRACTICE,E01008107,MALE,1
GP_PRAC_PAT_LIST,01/07/2026,C82076,THE WELBY PRACTICE,E01008373,MALE,1
GP_PRAC_PAT_LIST,01/07/2026,C82076,THE WELBY PRACTICE,E01011938,MALE,1
GP_PRAC_PAT_LIST,01/07/2026,C82076,THE WELBY PRACTICE,E01013788,MALE,1
GP_PRAC_PAT_LIST,01/07/2026,C82076,THE WELBY PRACTICE,E01013941,MALE,1
GP_PRAC_PAT_LIST,01/07/2026,C82076,THE WELBY PRACTICE,E01013972,MALE,1
GP_PRAC_PAT_LIST,01/07/2026,C82076,THE WELBY PRACTICE,E01018060,MALE,1
GP_PRAC_PAT_LIST,01/07/2026,C82076,THE WELBY PRACTICE,E01025645,MALE,1
GP_PRAC_PAT_LIST,01/07/2026,C82076,THE WELBY PRACTICE,E01025690,MALE,1
GP_PRAC_PAT_LIST,01/07/2026,C82076,THE WELBY PRACTICE,E01025695,MALE,1
GP_PRAC_PAT_LIST,01/07/2026,C82076,THE WELBY PRACTICE,E01025787,MALE,1
GP_PRAC_PAT_LIST,01/07/2026,C82076,THE WELBY PRACTICE,E01025833,MALE,1
GP_PRAC_PAT_LIST,01/07/2026,C82076,THE WELBY PRACTICE,E01025883,MALE,1
GP_PRAC_PAT_LIST,01/07/2026,C82076,THE WELBY PRACTICE,E01025884,MALE,1
GP_PRAC_PAT_LIST,01/07/2026,C82076,THE WELBY PRACTICE,E01025885,MALE,770
GP_PRAC_PAT_LIST,01/07/2026,C82076,THE WELBY PRACTICE,E01025886,MALE,627
GP_PRAC_PAT_LIST,01/07/2026,C82076,THE WELBY PRACTICE,E01025887,MALE,160
GP_PRAC_PAT_LIST,01/07/2026,C82076,THE WELBY PRACTICE,E01025890,MALE,16
GP_PRAC_PAT_LIST,01/07/2026,C82076,THE WELBY PRACTICE,E01025891,MALE,9
GP_PRAC_PAT_LIST,01/07/2026,C82076,THE WELBY PRACTICE,E01025892,MALE,235
GP_PRAC_PAT_LIST,01/07/2026,C82076,THE WELBY PRACTICE,E01025893,MALE,2
GP_PRAC_PAT_LIST,01/07/2026,C82076,THE WELBY PRACTICE,E01025894,MALE,2
GP_PRAC_PAT_LIST,01/07/2026,C82076,THE WELBY PRACTICE,E01025895,MALE,1
GP_PRAC_PAT_LIST,01/07/2026,C82076,THE WELBY PRACTICE,E01025896,MALE,5
GP_PRAC_PAT_LIST,01/07/2026,C82076,THE WELBY PRACTICE,E01025897,MALE,1
GP_PRAC_PAT_LIST,01/07/2026,C82076,THE WELBY PRACTICE,E01025900,MALE,1
GP_PRAC_PAT_LIST,01/07/2026,C82076,THE WELBY PRACTICE,E01025901,MALE,2
GP_PRAC_PAT_LIST,01/07/2026,C82076,THE WELBY PRACTICE,E01025902,MALE,12
GP_PRAC_PAT_LIST,01/07/2026,C82076,THE WELBY PRACTICE,E01025903,MALE,1
GP_PRAC_PAT_LIST,01/07/2026,C82076,THE WELBY PRACTICE,E01025904,MALE,8
GP_PRAC_PAT_LIST,01/07/2026,C82076,THE WELBY PRACTICE,E01025905,MALE,1
GP_PRAC_PAT_LIST,01/07/2026,C82076,THE WELBY PRACTICE,E01025906,MALE,5
GP_PRAC_PAT_LIST,01/07/2026,C82076,THE WELBY PRACTICE,E01025907,MALE,5
GP_PRAC_PAT_LIST,01/07/2026,C82076,THE WELBY PRACTICE,E01025908,MALE,4
GP_PRAC_PAT_LIST,01/07/2026,C82076,THE WELBY PRACTICE,E01025910,MALE,2
GP_PRAC_PAT_LIST,01/07/2026,C82076,THE WELBY PRACTICE,E01025911,MALE,296
GP_PRAC_PAT_LIST,01/07/2026,C82076,THE WELBY PRACTICE,E01025912,MALE,70
GP_PRAC_PAT_LIST,01/07/2026,C82076,THE WELBY PRACTICE,E01026221,MALE,1
GP_PRAC_PAT_LIST,01/07/2026,C82076,THE WELBY PRACTICE,E01026231,MALE,2
GP_PRAC_PAT_LIST,01/07/2026,C82076,THE WELBY PRACTICE,E01026291,MALE,156
GP_PRAC_PAT_LIST,01/07/2026,C82076,THE WELBY PRACTICE,E01026292,MALE,1
GP_PRAC_PAT_LIST,01/07/2026,C82076,THE WELBY PRACTICE,E01026293,MALE,3
GP_PRAC_PAT_LIST,01/07/2026,C82076,THE WELBY PRACTICE,E01026294,MALE,1
GP_PRAC_PAT_LIST,01/07/2026,C82076,THE WELBY PRACTICE,E01026308,MALE,3
GP_PRAC_PAT_LIST,01/07/2026,C82076,THE WELBY PRACTICE,E01026309,MALE,8
GP_PRAC_PAT_LIST,01/07/2026,C82076,THE WELBY PRACTICE,E01026310,MALE,4
GP_PRAC_PAT_LIST,01/07/2026,C82076,THE WELBY PRACTICE,E01026311,MALE,1
GP_PRAC_PAT_LIST,01/07/2026,C82076,THE WELBY PRACTICE,E01026312,MALE,1
GP_PRAC_PAT_LIST,01/07/2026,C82076,THE WELBY PRACTICE,E01026313,MALE,2
GP_PRAC_PAT_LIST,01/07/2026,C82076,THE WELBY PRACTICE,E01026315,MALE,395
GP_PRAC_PAT_LIST,01/07/2026,C82076,THE WELBY PRACTICE,E01026317,MALE,5
GP_PRAC_PAT_LIST,01/07/2026,C82076,THE WELBY PRACTICE,E01026318,MALE,4
GP_PRAC_PAT_LIST,01/07/2026,C82076,THE WELBY PRACTICE,E01026319,MALE,59
GP_PRAC_PAT_LIST,01/07/2026,C82076,THE WELBY PRACTICE,E01026321,MALE,13
GP_PRAC_PAT_LIST,01/07/2026,C82076,THE WELBY PRACTICE,E01026322,MALE,2
GP_PRAC_PAT_LIST,01/07/2026,C82076,THE WELBY PRACTICE,E01026323,MALE,4
GP_PRAC_PAT_LIST,01/07/2026,C82076,THE WELBY PRACTICE,E01026324,MALE,13
GP_PRAC_PAT_LIST,01/07/2026,C82076,THE WELBY PRACTICE,E01026325,MALE,1
GP_PRAC_PAT_LIST,01/07/2026,C82076,THE WELBY PRACTICE,E01026326,MALE,1
GP_PRAC_PAT_LIST,01/07/2026,C82076,THE WELBY PRACTICE,E01026327,MALE,1
GP_PRAC_PAT_LIST,01/07/2026,C82076,THE WELBY PRACTICE,E01026328,MALE,1
GP_PRAC_PAT_LIST,01/07/2026,C82076,THE WELBY PRACTICE,E01026331,MALE,31
GP_PRAC_PAT_LIST,01/07/2026,C82076,THE WELBY PRACTICE,E01026333,MALE,4
GP_PRAC_PAT_LIST,01/07/2026,C82076,THE WELBY PRACTICE,E01026340,MALE,27
GP_PRAC_PAT_LIST,01/07/2026,C82076,THE WELBY PRACTICE,E01026343,MALE,5
GP_PRAC_PAT_LIST,01/07/2026,C82076,THE WELBY PRACTICE,E01026344,MALE,3
GP_PRAC_PAT_LIST,01/07/2026,C82076,THE WELBY PRACTICE,E01026345,MALE,3
GP_PRAC_PAT_LIST,01/07/2026,C82076,THE WELBY PRACTICE,E01026352,MALE,1
GP_PRAC_PAT_LIST,01/07/2026,C82076,THE WELBY PRACTICE,E01026353,MALE,4
GP_PRAC_PAT_LIST,01/07/2026,C82076,THE WELBY PRACTICE,E01026354,MALE,2
GP_PRAC_PAT_LIST,01/07/2026,C82076,THE WELBY PRACTICE,E01026355,MALE,19
GP_PRAC_PAT_LIST,01/07/2026,C82076,THE WELBY PRACTICE,E01026365,MALE,132
GP_PRAC_PAT_LIST,01/07/2026,C82076,THE WELBY PRACTICE,E01026394,MALE,1
GP_PRAC_PAT_LIST,01/07/2026,C82076,THE WELBY PRACTICE,E01028170,MALE,1
GP_PRAC_PAT_LIST,01/07/2026,C82076,THE WELBY PRACTICE,E01028285,MALE,1
GP_PRAC_PAT_LIST,01/07/2026,C82076,THE WELBY PRACTICE,E01028325,MALE,22
GP_PRAC_PAT_LIST,01/07/2026,C82076,THE WELBY PRACTICE,E01028357,MALE,5
GP_PRAC_PAT_LIST,01/07/2026,C82076,THE WELBY PRACTICE,E01028358,MALE,2
GP_PRAC_PAT_LIST,01/07/2026,C82076,THE WELBY PRACTICE,E01028359,MALE,1
GP_PRAC_PAT_LIST,01/07/2026,C82076,THE WELBY PRACTICE,E01028360,MALE,3
GP_PRAC_PAT_LIST,01/07/2026,C82076,THE WELBY PRACTICE,E01028371,MALE,57
GP_PRAC_PAT_LIST,01/07/2026,C82076,THE WELBY PRACTICE,E01028380,MALE,1
GP_PRAC_PAT_LIST,01/07/2026,C82076,THE WELBY PRACTICE,E01028403,MALE,1
GP_PRAC_PAT_LIST,01/07/2026,C82076,THE WELBY PRACTICE,E01028410,MALE,1
GP_PRAC_PAT_LIST,01/07/2026,C82076,THE WELBY PRACTICE,E01028411,MALE,123
GP_PRAC_PAT_LIST,01/07/2026,C82076,THE WELBY PRACTICE,E01028420,MALE,10
GP_PRAC_PAT_LIST,01/07/2026,C82076,THE WELBY PRACTICE,E01029616,MALE,1
GP_PRAC_PAT_LIST,01/07/2026,C82076,THE WELBY PRACTICE,E01033394,MALE,1
GP_PRAC_PAT_LIST,01/07/2026,C82076,THE WELBY PRACTICE,E01034695,MALE,1
GP_PRAC_PAT_LIST,01/07/2026,C82076,THE WELBY PRACTICE,E01034701,MALE,5
GP_PRAC_PAT_LIST,01/07/2026,C82076,THE WELBY PRACTICE,E01034702,MALE,18
GP_PRAC_PAT_LIST,01/07/2026,C82076,THE WELBY PRACTICE,E01035501,MALE,1
GP_PRAC_PAT_LIST,01/07/2026,C82076,THE WELBY PRACTICE,EMPTY,MALE,1
GP_PRAC_PAT_LIST,01/07/2026,C83001,HEART OF LINCOLN HEALTH GROUP,CLOSED,MALE,31
GP_PRAC_PAT_LIST,01/07/2026,C83001,HEART OF LINCOLN HEALTH GROUP,E01000044,MALE,1
GP_PRAC_PAT_LIST,01/07/2026,C83001,HEART OF LINCOLN HEALTH GROUP,E01000219,MALE,1
GP_PRAC_PAT_LIST,01/07/2026,C83001,HEART OF LINCOLN HEALTH GROUP,E01000237,MALE,1
GP_PRAC_PAT_LIST,01/07/2026,C83001,HEART OF LINCOLN HEALTH GROUP,E01000259,MALE,1
GP_PRAC_PAT_LIST,01/07/2026,C83001,HEART OF LINCOLN HEALTH GROUP,E01000523,MALE,1
GP_PRAC_PAT_LIST,01/07/2026,C83001,HEART OF LINCOLN HEALTH GROUP,E01001239,MALE,1
GP_PRAC_PAT_LIST,01/07/2026,C83001,HEART OF LINCOLN HEALTH GROUP,E01001911,MALE,1
GP_PRAC_PAT_LIST,01/07/2026,C83001,HEART OF LINCOLN HEALTH GROUP,E01002997,MALE,1
GP_PRAC_PAT_LIST,01/07/2026,C83001,HEART OF LINCOLN HEALTH GROUP,E01003194,MALE,1
GP_PRAC_PAT_LIST,01/07/2026,C83001,HEART OF LINCOLN HEALTH GROUP,E01003645,MALE,1
GP_PRAC_PAT_LIST,01/07/2026,C83001,HEART OF LINCOLN HEALTH GROUP,E01003753,MALE,1
GP_PRAC_PAT_LIST,01/07/2026,C83001,HEART OF LINCOLN HEALTH GROUP,E01003783,MALE,1
GP_PRAC_PAT_LIST,01/07/2026,C83001,HEART OF LINCOLN HEALTH GROUP,E01003812,MALE,1
GP_PRAC_PAT_LIST,01/07/2026,C83001,HEART OF LINCOLN HEALTH GROUP,E01004172,MALE,1
GP_PRAC_PAT_LIST,01/07/2026,C83001,HEART OF LINCOLN HEALTH GROUP,E01004386,MALE,1
GP_PRAC_PAT_LIST,01/07/2026,C83001,HEART OF LINCOLN HEALTH GROUP,E01004955,MALE,1
GP_PRAC_PAT_LIST,01/07/2026,C83001,HEART OF LINCOLN HEALTH GROUP,E01005300,MALE,1
GP_PRAC_PAT_LIST,01/07/2026,C83001,HEART OF LINCOLN HEALTH GROUP,E01005317,MALE,1
GP_PRAC_PAT_LIST,01/07/2026,C83001,HEART OF LINCOLN HEALTH GROUP,E01005320,MALE,1
GP_PRAC_PAT_LIST,01/07/2026,C83001,HEART OF LINCOLN HEALTH GROUP,E01006058,MALE,1
GP_PRAC_PAT_LIST,01/07/2026,C83001,HEART OF LINCOLN HEALTH GROUP,E01006544,MALE,1
GP_PRAC_PAT_LIST,01/07/2026,C83001,HEART OF LINCOLN HEALTH GROUP,E01006688,MALE,1
GP_PRAC_PAT_LIST,01/07/2026,C83001,HEART OF LINCOLN HEALTH GROUP,E01006693,MALE,1
GP_PRAC_PAT_LIST,01/07/2026,C83001,HEART OF LINCOLN HEALTH GROUP,E01007125,MALE,1
GP_PRAC_PAT_LIST,01/07/2026,C83001,HEART OF LINCOLN HEALTH GROUP,E01007361,MALE,1
GP_PRAC_PAT_LIST,01/07/2026,C83001,HEART OF LINCOLN HEALTH GROUP,E01007419,MALE,1
GP_PRAC_PAT_LIST,01/07/2026,C83001,HEART OF LINCOLN HEALTH GROUP,E01007469,MALE,1
GP_PRAC_PAT_LIST,01/07/2026,C83001,HEART OF LINCOLN HEALTH GROUP,E01007593,MALE,1
GP_PRAC_PAT_LIST,01/07/2026,C83001,HEART OF LINCOLN HEALTH GROUP,E01007848,MALE,1
GP_PRAC_PAT_LIST,01/07/2026,C83001,HEART OF LINCOLN HEALTH GROUP,E01007989,MALE,1
GP_PRAC_PAT_LIST,01/07/2026,C83001,HEART OF LINCOLN HEALTH GROUP,E01008087,MALE,1
GP_PRAC_PAT_LIST,01/07/2026,C83001,HEART OF LINCOLN HEALTH GROUP,E01008130,MALE,1
GP_PRAC_PAT_LIST,01/07/2026,C83001,HEART OF LINCOLN HEALTH GROUP,E01008178,MALE,1
GP_PRAC_PAT_LIST,01/07/2026,C83001,HEART OF LINCOLN HEALTH GROUP,E01009549,MALE,1
GP_PRAC_PAT_LIST,01/07/2026,C83001,HEART OF LINCOLN HEALTH GROUP,E01009567,MALE,1
GP_PRAC_PAT_LIST,01/07/2026,C83001,HEART OF LINCOLN HEALTH GROUP,E01009640,MALE,1
GP_PRAC_PAT_LIST,01/07/2026,C83001,HEART OF LINCOLN HEALTH GROUP,E01009735,MALE,1
GP_PRAC_PAT_LIST,01/07/2026,C83001,HEART OF LINCOLN HEALTH GROUP,E01009960,MALE,1
GP_PRAC_PAT_LIST,01/07/2026,C83001,HEART OF LINCOLN HEALTH GROUP,E01010237,MALE,1
GP_PRAC_PAT_LIST,01/07/2026,C83001,HEART OF LINCOLN HEALTH GROUP,E01010330,MALE,1
GP_PRAC_PAT_LIST,01/07/2026,C83001,HEART OF LINCOLN HEALTH GROUP,E01010402,MALE,1
GP_PRAC_PAT_LIST,01/07/2026,C83001,HEART OF LINCOLN HEALTH GROUP,E01010859,MALE,1
GP_PRAC_PAT_LIST,01/07/2026,C83001,HEART OF LINCOLN HEALTH GROUP,E01010880,MALE,1
GP_PRAC_PAT_LIST,01/07/2026,C83001,HEART OF LINCOLN HEALTH GROUP,E01011102,MALE,1
GP_PRAC_PAT_LIST,01/07/2026,C83001,HEART OF LINCOLN HEALTH GROUP,E01011569,MALE,1
GP_PRAC_PAT_LIST,01/07/2026,C83001,HEART OF LINCOLN HEALTH GROUP,E01012312,MALE,1
GP_PRAC_PAT_LIST,01/07/2026,C83001,HEART OF LINCOLN HEALTH GROUP,E01012767,MALE,1
GP_PRAC_PAT_LIST,01/07/2026,C83001,HEART OF LINCOLN HEALTH GROUP,E01012795,MALE,1
GP_PRAC_PAT_LIST,01/07/2026,C83001,HEART OF LINCOLN HEALTH GROUP,E01012825,MALE,1
GP_PRAC_PAT_LIST,01/07/2026,C83001,HEART OF LINCOLN HEALTH GROUP,E01013005,MALE,1
GP_PRAC_PAT_LIST,01/07/2026,C83001,HEART OF LINCOLN HEALTH GROUP,E01013017,MALE,1
GP_PRAC_PAT_LIST,01/07/2026,C83001,HEART OF LINCOLN HEALTH GROUP,E01013018,MALE,1
GP_PRAC_PAT_LIST,01/07/2026,C83001,HEART OF LINCOLN HEALTH GROUP,E01013149,MALE,1
GP_PRAC_PAT_LIST,01/07/2026,C83001,HEART OF LINCOLN HEALTH GROUP,E01013158,MALE,1
GP_PRAC_PAT_LIST,01/07/2026,C83001,HEART OF LINCOLN HEALTH GROUP,E01013203,MALE,1
GP_PRAC_PAT_LIST,01/07/2026,C83001,HEART OF LINCOLN HEALTH GROUP,E01013248,MALE,1
GP_PRAC_PAT_LIST,01/07/2026,C83001,HEART OF LINCOLN HEALTH GROUP,E01013307,MALE,1
GP_PRAC_PAT_LIST,01/07/2026,C83001,HEART OF LINCOLN HEALTH GROUP,E01013322,MALE,1
GP_PRAC_PAT_LIST,01/07/2026,C83001,HEART OF LINCOLN HEALTH GROUP,E01013509,MALE,1
GP_PRAC_PAT_LIST,01/07/2026,C83001,HEART OF LINCOLN HEALTH GROUP,E01013524,MALE,1
GP_PRAC_PAT_LIST,01/07/2026,C83001,HEART OF LINCOLN HEALTH GROUP,E01013623,MALE,1
GP_PRAC_PAT_LIST,01/07/2026,C83001,HEART OF LINCOLN HEALTH GROUP,E01013718,MALE,1
GP_PRAC_PAT_LIST,01/07/2026,C83001,HEART OF LINCOLN HEALTH GROUP,E01013727,MALE,1
GP_PRAC_PAT_LIST,01/07/2026,C83001,HEART OF LINCOLN HEALTH GROUP,E01013967,MALE,1
GP_PRAC_PAT_LIST,01/07/2026,C83001,HEART OF LINCOLN HEALTH GROUP,E01013983,MALE,1
GP_PRAC_PAT_LIST,01/07/2026,C83001,HEART OF LINCOLN HEALTH GROUP,E01014481,MALE,1
GP_PRAC_PAT_LIST,01/07/2026,C83001,HEART OF LINCOLN HEALTH GROUP,E01015599,MALE,1
GP_PRAC_PAT_LIST,01/07/2026,C83001,HEART OF LINCOLN HEALTH GROUP,E01015650,MALE,1
GP_PRAC_PAT_LIST,01/07/2026,C83001,HEART OF LINCOLN HEALTH GROUP,E01015806,MALE,1
GP_PRAC_PAT_LIST,01/07/2026,C83001,HEART OF LINCOLN HEALTH GROUP,E01016365,MALE,1
GP_PRAC_PAT_LIST,01/07/2026,C83001,HEART OF LINCOLN HEALTH GROUP,E01016379,MALE,1
GP_PRAC_PAT_LIST,01/07/2026,C83001,HEART OF LINCOLN HEALTH GROUP,E01016403,MALE,2
GP_PRAC_PAT_LIST,01/07/2026,C83001,HEART OF LINCOLN HEALTH GROUP,E01016605,MALE,1
GP_PRAC_PAT_LIST,01/07/2026,C83001,HEART OF LINCOLN HEALTH GROUP,E01016710,MALE,1
GP_PRAC_PAT_LIST,01/07/2026,C83001,HEART OF LINCOLN HEALTH GROUP,E01016724,MALE,1
GP_PRAC_PAT_LIST,01/07/2026,C83001,HEART OF LINCOLN HEALTH GROUP,E01017478,MALE,1
GP_PRAC_PAT_LIST,01/07/2026,C83001,HEART OF LINCOLN HEALTH GROUP,E01017606,MALE,1
GP_PRAC_PAT_LIST,01/07/2026,C83001,HEART OF LINCOLN HEALTH GROUP,E01017827,MALE,1
GP_PRAC_PAT_LIST,01/07/2026,C83001,HEART OF LINCOLN HEALTH GROUP,E01017963,MALE,1
GP_PRAC_PAT_LIST,01/07/2026,C83001,HEART OF LINCOLN HEALTH GROUP,E01018115,MALE,1
GP_PRAC_PAT_LIST,01/07/2026,C83001,HEART OF LINCOLN HEALTH GROUP,E01018143,MALE,1
GP_PRAC_PAT_LIST,01/07/2026,C83001,HEART OF LINCOLN HEALTH GROUP,E01018144,MALE,1
GP_PRAC_PAT_LIST,01/07/2026,C83001,HEART OF LINCOLN HEALTH GROUP,E01018146,MALE,1
GP_PRAC_PAT_LIST,01/07/2026,C83001,HEART OF LINCOLN HEALTH GROUP,E01018160,MALE,1
GP_PRAC_PAT_LIST,01/07/2026,C83001,HEART OF LINCOLN HEALTH GROUP,E01018168,MALE,1
GP_PRAC_PAT_LIST,01/07/2026,C83001,HEART OF LINCOLN HEALTH GROUP,E01018264,MALE,1
GP_PRAC_PAT_LIST,01/07/2026,C83001,HEART OF LINCOLN HEALTH GROUP,E01018283,MALE,1
GP_PRAC_PAT_LIST,01/07/2026,C83001,HEART OF LINCOLN HEALTH GROUP,E01018338,MALE,1
GP_PRAC_PAT_LIST,01/07/2026,C83001,HEART OF LINCOLN HEALTH GROUP,E01018340,MALE,1
GP_PRAC_PAT_LIST,01/07/2026,C83001,HEART OF LINCOLN HEALTH GROUP,E01018399,MALE,1
GP_PRAC_PAT_LIST,01/07/2026,C83001,HEART OF LINCOLN HEALTH GROUP,E01019477,MALE,1
GP_PRAC_PAT_LIST,01/07/2026,C83001,HEART OF LINCOLN HEALTH GROUP,E01019495,MALE,1
GP_PRAC_PAT_LIST,01/07/2026,C83001,HEART OF LINCOLN HEALTH GROUP,E01019592,MALE,1
GP_PRAC_PAT_LIST,01/07/2026,C83001,HEART OF LINCOLN HEALTH GROUP,E01020189,MALE,1
GP_PRAC_PAT_LIST,01/07/2026,C83001,HEART OF LINCOLN HEALTH GROUP,E01020561,MALE,1
GP_PRAC_PAT_LIST,01/07/2026,C83001,HEART OF LINCOLN HEALTH GROUP,E01020708,MALE,1
GP_PRAC_PAT_LIST,01/07/2026,C83001,HEART OF LINCOLN HEALTH GROUP,E01020863,MALE,1
GP_PRAC_PAT_LIST,01/07/2026,C83001,HEART OF LINCOLN HEALTH GROUP,E01021467,MALE,1
GP_PRAC_PAT_LIST,01/07/2026,C83001,HEART OF LINCOLN HEALTH GROUP,E01021513,MALE,1
GP_PRAC_PAT_LIST,01/07/2026,C83001,HEART OF LINCOLN HEALTH GROUP,E01021651,MALE,1
GP_PRAC_PAT_LIST,01/07/2026,C83001,HEART OF LINCOLN HEALTH GROUP,E01021965,MALE,1
GP_PRAC_PAT_LIST,01/07/2026,C83001,HEART OF LINCOLN HEALTH GROUP,E01022014,MALE,1
GP_PRAC_PAT_LIST,01/07/2026,C83001,HEART OF LINCOLN HEALTH GROUP,E01022071,MALE,1
GP_PRAC_PAT_LIST,01/07/2026,C83001,HEART OF LINCOLN HEALTH GROUP,E01023541,MALE,1
GP_PRAC_PAT_LIST,01/07/2026,C83001,HEART OF LINCOLN HEALTH GROUP,E01023617,MALE,1
GP_PRAC_PAT_LIST,01/07/2026,C83001,HEART OF LINCOLN HEALTH GROUP,E01023643,MALE,1
GP_PRAC_PAT_LIST,01/07/2026,C83001,HEART OF LINCOLN HEALTH GROUP,E01023657,MALE,1
GP_PRAC_PAT_LIST,01/07/2026,C83001,HEART OF LINCOLN HEALTH GROUP,E01024382,MALE,1
GP_PRAC_PAT_LIST,01/07/2026,C83001,HEART OF LINCOLN HEALTH GROUP,E01025649,MALE,1
GP_PRAC_PAT_LIST,01/07/2026,C83001,HEART OF LINCOLN HEALTH GROUP,E01025699,MALE,1
GP_PRAC_PAT_LIST,01/07/2026,C83001,HEART OF LINCOLN HEALTH GROUP,E01025701,MALE,1
GP_PRAC_PAT_LIST,01/07/2026,C83001,HEART OF LINCOLN HEALTH GROUP,E01025728,MALE,1
GP_PRAC_PAT_LIST,01/07/2026,C83001,HEART OF LINCOLN HEALTH GROUP,E01025761,MALE,1
GP_PRAC_PAT_LIST,01/07/2026,C83001,HEART OF LINCOLN HEALTH GROUP,E01025783,MALE,1
GP_PRAC_PAT_LIST,01/07/2026,C83001,HEART OF LINCOLN HEALTH GROUP,E01025819,MALE,1
GP_PRAC_PAT_LIST,01/07/2026,C83001,HEART OF LINCOLN HEALTH GROUP,E01025823,MALE,1
GP_PRAC_PAT_LIST,01/07/2026,C83001,HEART OF LINCOLN HEALTH GROUP,E01025829,MALE,1
GP_PRAC_PAT_LIST,01/07/2026,C83001,HEART OF LINCOLN HEALTH GROUP,E01025943,MALE,1
GP_PRAC_PAT_LIST,01/07/2026,C83001,HEART OF LINCOLN HEALTH GROUP,E01025956,MALE,1
GP_PRAC_PAT_LIST,01/07/2026,C83001,HEART OF LINCOLN HEALTH GROUP,E01026007,MALE,1
GP_PRAC_PAT_LIST,01/07/2026,C83001,HEART OF LINCOLN HEALTH GROUP,E01026013,MALE,1
GP_PRAC_PAT_LIST,01/07/2026,C83001,HEART OF LINCOLN HEALTH GROUP,E01026032,MALE,1
GP_PRAC_PAT_LIST,01/07/2026,C83001,HEART OF LINCOLN HEALTH GROUP,E01026052,MALE,1
GP_PRAC_PAT_LIST,01/07/2026,C83001,HEART OF LINCOLN HEALTH GROUP,E01026054,MALE,1
GP_PRAC_PAT_LIST,01/07/2026,C83001,HEART OF LINCOLN HEALTH GROUP,E01026061,MALE,1
GP_PRAC_PAT_LIST,01/07/2026,C83001,HEART OF LINCOLN HEALTH GROUP,E01026112,MALE,1
GP_PRAC_PAT_LIST,01/07/2026,C83001,HEART OF LINCOLN HEALTH GROUP,E01026113,MALE,1
GP_PRAC_PAT_LIST,01/07/2026,C83001,HEART OF LINCOLN HEALTH GROUP,E01026122,MALE,258
GP_PRAC_PAT_LIST,01/07/2026,C83001,HEART OF LINCOLN HEALTH GROUP,E01026123,MALE,108
GP_PRAC_PAT_LIST,01/07/2026,C83001,HEART OF LINCOLN HEALTH GROUP,E01026124,MALE,140
GP_PRAC_PAT_LIST,01/07/2026,C83001,HEART OF LINCOLN HEALTH GROUP,E01026125,MALE,48
GP_PRAC_PAT_LIST,01/07/2026,C83001,HEART OF LINCOLN HEALTH GROUP,E01026126,MALE,241
GP_PRAC_PAT_LIST,01/07/2026,C83001,HEART OF LINCOLN HEALTH GROUP,E01026127,MALE,16
GP_PRAC_PAT_LIST,01/07/2026,C83001,HEART OF LINCOLN HEALTH GROUP,E01026129,MALE,18
GP_PRAC_PAT_LIST,01/07/2026,C83001,HEART OF LINCOLN HEALTH GROUP,E01026130,MALE,17
GP_PRAC_PAT_LIST,01/07/2026,C83001,HEART OF LINCOLN HEALTH GROUP,E01026131,MALE,15
GP_PRAC_PAT_LIST,01/07/2026,C83001,HEART OF LINCOLN HEALTH GROUP,E01026132,MALE,1447
GP_PRAC_PAT_LIST,01/07/2026,C83001,HEART OF LINCOLN HEALTH GROUP,E01026134,MALE,496
GP_PRAC_PAT_LIST,01/07/2026,C83001,HEART OF LINCOLN HEALTH GROUP,E01026135,MALE,76
GP_PRAC_PAT_LIST,01/07/2026,C83001,HEART OF LINCOLN HEALTH GROUP,E01026136,MALE,73
GP_PRAC_PAT_LIST,01/07/2026,C83001,HEART OF LINCOLN HEALTH GROUP,E01026137,MALE,86
GP_PRAC_PAT_LIST,01/07/2026,C83001,HEART OF LINCOLN HEALTH GROUP,E01026138,MALE,79
GP_PRAC_PAT_LIST,01/07/2026,C83001,HEART OF LINCOLN HEALTH GROUP,E01026139,MALE,226
GP_PRAC_PAT_LIST,01/07/2026,C83001,HEART OF LINCOLN HEALTH GROUP,E01026140,MALE,87
GP_PRAC_PAT_LIST,01/07/2026,C83001,HEART OF LINCOLN HEALTH GROUP,E01026141,MALE,412
GP_PRAC_PAT_LIST,01/07/2026,C83001,HEART OF LINCOLN HEALTH GROUP,E01026142,MALE,147
GP_PRAC_PAT_LIST,01/07/2026,C83001,HEART OF LINCOLN HEALTH GROUP,E01026144,MALE,254
GP_PRAC_PAT_LIST,01/07/2026,C83001,HEART OF LINCOLN HEALTH GROUP,E01026145,MALE,152
GP_PRAC_PAT_LIST,01/07/2026,C83001,HEART OF LINCOLN HEALTH GROUP,E01026146,MALE,410
GP_PRAC_PAT_LIST,01/07/2026,C83001,HEART OF LINCOLN HEALTH GROUP,E01026147,MALE,95
GP_PRAC_PAT_LIST,01/07/2026,C83001,HEART OF LINCOLN HEALTH GROUP,E01026148,MALE,63
GP_PRAC_PAT_LIST,01/07/2026,C83001,HEART OF LINCOLN HEALTH GROUP,E01026149,MALE,62
GP_PRAC_PAT_LIST,01/07/2026,C83001,HEART OF LINCOLN HEALTH GROUP,E01026150,MALE,65
GP_PRAC_PAT_LIST,01/07/2026,C83001,HEART OF LINCOLN HEALTH GROUP,E01026151,MALE,49
GP_PRAC_PAT_LIST,01/07/2026,C83001,HEART OF LINCOLN HEALTH GROUP,E01026152,MALE,38
GP_PRAC_PAT_LIST,01/07/2026,C83001,HEART OF LINCOLN HEALTH GROUP,E01026153,MALE,40
GP_PRAC_PAT_LIST,01/07/2026,C83001,HEART OF LINCOLN HEALTH GROUP,E01026154,MALE,30
GP_PRAC_PAT_LIST,01/07/2026,C83001,HEART OF LINCOLN HEALTH GROUP,E01026155,MALE,9
GP_PRAC_PAT_LIST,01/07/2026,C83001,HEART OF LINCOLN HEALTH GROUP,E01026156,MALE,25
GP_PRAC_PAT_LIST,01/07/2026,C83001,HEART OF LINCOLN HEALTH GROUP,E01026157,MALE,32
GP_PRAC_PAT_LIST,01/07/2026,C83001,HEART OF LINCOLN HEALTH GROUP,E01026158,MALE,27
GP_PRAC_PAT_LIST,01/07/2026,C83001,HEART OF LINCOLN HEALTH GROUP,E01026159,MALE,33
GP_PRAC_PAT_LIST,01/07/2026,C83001,HEART OF LINCOLN HEALTH GROUP,E01026160,MALE,15
GP_PRAC_PAT_LIST,01/07/2026,C83001,HEART OF LINCOLN HEALTH GROUP,E01026161,MALE,66
GP_PRAC_PAT_LIST,01/07/2026,C83001,HEART OF LINCOLN HEALTH GROUP,E01026162,MALE,76
GP_PRAC_PAT_LIST,01/07/2026,C83001,HEART OF LINCOLN HEALTH GROUP,E01026163,MALE,36
GP_PRAC_PAT_LIST,01/07/2026,C83001,HEART OF LINCOLN HEALTH GROUP,E01026164,MALE,18
GP_PRAC_PAT_LIST,01/07/2026,C83001,HEART OF LINCOLN HEALTH GROUP,E01026165,MALE,31
GP_PRAC_PAT_LIST,01/07/2026,C83001,HEART OF LINCOLN HEALTH GROUP,E01026166,MALE,32
GP_PRAC_PAT_LIST,01/07/2026,C83001,HEART OF LINCOLN HEALTH GROUP,E01026167,MALE,78
GP_PRAC_PAT_LIST,01/07/2026,C83001,HEART OF LINCOLN HEALTH GROUP,E01026168,MALE,55
GP_PRAC_PAT_LIST,01/07/2026,C83001,HEART OF LINCOLN HEALTH GROUP,E01026169,MALE,339
GP_PRAC_PAT_LIST,01/07/2026,C83001,HEART OF LINCOLN HEALTH GROUP,E01026170,MALE,304
GP_PRAC_PAT_LIST,01/07/2026,C83001,HEART OF LINCOLN HEALTH GROUP,E01026171,MALE,275
GP_PRAC_PAT_LIST,01/07/2026,C83001,HEART OF LINCOLN HEALTH GROUP,E01026172,MALE,102
GP_PRAC_PAT_LIST,01/07/2026,C83001,HEART OF LINCOLN HEALTH GROUP,E01026173,MALE,111
GP_PRAC_PAT_LIST,01/07/2026,C83001,HEART OF LINCOLN HEALTH GROUP,E01026174,MALE,309
GP_PRAC_PAT_LIST,01/07/2026,C83001,HEART OF LINCOLN HEALTH GROUP,E01026175,MALE,435
GP_PRAC_PAT_LIST,01/07/2026,C83001,HEART OF LINCOLN HEALTH GROUP,E01026176,MALE,1048
GP_PRAC_PAT_LIST,01/07/2026,C83001,HEART OF LINCOLN HEALTH GROUP,E01026177,MALE,1186
GP_PRAC_PAT_LIST,01/07/2026,C83001,HEART OF LINCOLN HEALTH GROUP,E01026178,MALE,751
GP_PRAC_PAT_LIST,01/07/2026,C83001,HEART OF LINCOLN HEALTH GROUP,E01026179,MALE,1
GP_PRAC_PAT_LIST,01/07/2026,C83001,HEART OF LINCOLN HEALTH GROUP,E01026180,MALE,3
GP_PRAC_PAT_LIST,01/07/2026,C83001,HEART OF LINCOLN HEALTH GROUP,E01026184,MALE,10
GP_PRAC_PAT_LIST,01/07/2026,C83001,HEART OF LINCOLN HEALTH GROUP,E01026185,MALE,18
GP_PRAC_PAT_LIST,01/07/2026,C83001,HEART OF LINCOLN HEALTH GROUP,E01026186,MALE,13
GP_PRAC_PAT_LIST,01/07/2026,C83001,HEART OF LINCOLN HEALTH GROUP,E01026187,MALE,16
GP_PRAC_PAT_LIST,01/07/2026,C83001,HEART OF LINCOLN HEALTH GROUP,E01026188,MALE,19
GP_PRAC_PAT_LIST,01/07/2026,C83001,HEART OF LINCOLN HEALTH GROUP,E01026189,MALE,4
GP_PRAC_PAT_LIST,01/07/2026,C83001,HEART OF LINCOLN HEALTH GROUP,E01026190,MALE,4
GP_PRAC_PAT_LIST,01/07/2026,C83001,HEART OF LINCOLN HEALTH GROUP,E01026191,MALE,7
GP_PRAC_PAT_LIST,01/07/2026,C83001,HEART OF LINCOLN HEALTH GROUP,E01026192,MALE,1
GP_PRAC_PAT_LIST,01/07/2026,C83001,HEART OF LINCOLN HEALTH GROUP,E01026193,MALE,2
GP_PRAC_PAT_LIST,01/07/2026,C83001,HEART OF LINCOLN HEALTH GROUP,E01026194,MALE,2
GP_PRAC_PAT_LIST,01/07/2026,C83001,HEART OF LINCOLN HEALTH GROUP,E01026195,MALE,2
GP_PRAC_PAT_LIST,01/07/2026,C83001,HEART OF LINCOLN HEALTH GROUP,E01026196,MALE,2
GP_PRAC_PAT_LIST,01/07/2026,C83001,HEART OF LINCOLN HEALTH GROUP,E01026199,MALE,13
GP_PRAC_PAT_LIST,01/07/2026,C83001,HEART OF LINCOLN HEALTH GROUP,E01026203,MALE,14
GP_PRAC_PAT_LIST,01/07/2026,C83001,HEART OF LINCOLN HEALTH GROUP,E01026204,MALE,1
GP_PRAC_PAT_LIST,01/07/2026,C83001,HEART OF LINCOLN HEALTH GROUP,E01026205,MALE,1
GP_PRAC_PAT_LIST,01/07/2026,C83001,HEART OF LINCOLN HEALTH GROUP,E01026206,MALE,2
GP_PRAC_PAT_LIST,01/07/2026,C83001,HEART OF LINCOLN HEALTH GROUP,E01026210,MALE,1
GP_PRAC_PAT_LIST,01/07/2026,C83001,HEART OF LINCOLN HEALTH GROUP,E01026212,MALE,2
GP_PRAC_PAT_LIST,01/07/2026,C83001,HEART OF LINCOLN HEALTH GROUP,E01026213,MALE,1
GP_PRAC_PAT_LIST,01/07/2026,C83001,HEART OF LINCOLN HEALTH GROUP,E01026214,MALE,110
GP_PRAC_PAT_LIST,01/07/2026,C83001,HEART OF LINCOLN HEALTH GROUP,E01026215,MALE,139
GP_PRAC_PAT_LIST,01/07/2026,C83001,HEART OF LINCOLN HEALTH GROUP,E01026218,MALE,37
GP_PRAC_PAT_LIST,01/07/2026,C83001,HEART OF LINCOLN HEALTH GROUP,E01026219,MALE,78
GP_PRAC_PAT_LIST,01/07/2026,C83001,HEART OF LINCOLN HEALTH GROUP,E01026220,MALE,145
GP_PRAC_PAT_LIST,01/07/2026,C83001,HEART OF LINCOLN HEALTH GROUP,E01026225,MALE,13
GP_PRAC_PAT_LIST,01/07/2026,C83001,HEART OF LINCOLN HEALTH GROUP,E01026226,MALE,7
GP_PRAC_PAT_LIST,01/07/2026,C83001,HEART OF LINCOLN HEALTH GROUP,E01026232,MALE,1
GP_PRAC_PAT_LIST,01/07/2026,C83001,HEART OF LINCOLN HEALTH GROUP,E01026237,MALE,49
GP_PRAC_PAT_LIST,01/07/2026,C83001,HEART OF LINCOLN HEALTH GROUP,E01026238,MALE,44
GP_PRAC_PAT_LIST,01/07/2026,C83001,HEART OF LINCOLN HEALTH GROUP,E01026254,MALE,1
GP_PRAC_PAT_LIST,01/07/2026,C83001,HEART OF LINCOLN HEALTH GROUP,E01026283,MALE,1
GP_PRAC_PAT_LIST,01/07/2026,C83001,HEART OF LINCOLN HEALTH GROUP,E01026300,MALE,1
GP_PRAC_PAT_LIST,01/07/2026,C83001,HEART OF LINCOLN HEALTH GROUP,E01026311,MALE,1
GP_PRAC_PAT_LIST,01/07/2026,C83001,HEART OF LINCOLN HEALTH GROUP,E01026313,MALE,1
GP_PRAC_PAT_LIST,01/07/2026,C83001,HEART OF LINCOLN HEALTH GROUP,E01026318,MALE,1
GP_PRAC_PAT_LIST,01/07/2026,C83001,HEART OF LINCOLN HEALTH GROUP,E01026324,MALE,1
GP_PRAC_PAT_LIST,01/07/2026,C83001,HEART OF LINCOLN HEALTH GROUP,E01026333,MALE,1
GP_PRAC_PAT_LIST,01/07/2026,C83001,HEART OF LINCOLN HEALTH GROUP,E01026366,MALE,1
GP_PRAC_PAT_LIST,01/07/2026,C83001,HEART OF LINCOLN HEALTH GROUP,E01026368,MALE,1
GP_PRAC_PAT_LIST,01/07/2026,C83001,HEART OF LINCOLN HEALTH GROUP,E01026369,MALE,2
GP_PRAC_PAT_LIST,01/07/2026,C83001,HEART OF LINCOLN HEALTH GROUP,E01026370,MALE,13
GP_PRAC_PAT_LIST,01/07/2026,C83001,HEART OF LINCOLN HEALTH GROUP,E01026371,MALE,4
GP_PRAC_PAT_LIST,01/07/2026,C83001,HEART OF LINCOLN HEALTH GROUP,E01026372,MALE,3
GP_PRAC_PAT_LIST,01/07/2026,C83001,HEART OF LINCOLN HEALTH GROUP,E01026373,MALE,4
GP_PRAC_PAT_LIST,01/07/2026,C83001,HEART OF LINCOLN HEALTH GROUP,E01026374,MALE,1
GP_PRAC_PAT_LIST,01/07/2026,C83001,HEART OF LINCOLN HEALTH GROUP,E01026375,MALE,1
GP_PRAC_PAT_LIST,01/07/2026,C83001,HEART OF LINCOLN HEALTH GROUP,E01026376,MALE,1
GP_PRAC_PAT_LIST,01/07/2026,C83001,HEART OF LINCOLN HEALTH GROUP,E01026377,MALE,2
GP_PRAC_PAT_LIST,01/07/2026,C83001,HEART OF LINCOLN HEALTH GROUP,E01026381,MALE,1
GP_PRAC_PAT_LIST,01/07/2026,C83001,HEART OF LINCOLN HEALTH GROUP,E01026382,MALE,2
GP_PRAC_PAT_LIST,01/07/2026,C83001,HEART OF LINCOLN HEALTH GROUP,E01026384,MALE,1
GP_PRAC_PAT_LIST,01/07/2026,C83001,HEART OF LINCOLN HEALTH GROUP,E01026385,MALE,1
GP_PRAC_PAT_LIST,01/07/2026,C83001,HEART OF LINCOLN HEALTH GROUP,E01026386,MALE,1
GP_PRAC_PAT_LIST,01/07/2026,C83001,HEART OF LINCOLN HEALTH GROUP,E01026393,MALE,3
GP_PRAC_PAT_LIST,01/07/2026,C83001,HEART OF LINCOLN HEALTH GROUP,E01026394,MALE,28
GP_PRAC_PAT_LIST,01/07/2026,C83001,HEART OF LINCOLN HEALTH GROUP,E01026395,MALE,3
GP_PRAC_PAT_LIST,01/07/2026,C83001,HEART OF LINCOLN HEALTH GROUP,E01026398,MALE,6
GP_PRAC_PAT_LIST,01/07/2026,C83001,HEART OF LINCOLN HEALTH GROUP,E01026399,MALE,1
GP_PRAC_PAT_LIST,01/07/2026,C83001,HEART OF LINCOLN HEALTH GROUP,E01026400,MALE,5
GP_PRAC_PAT_LIST,01/07/2026,C83001,HEART OF LINCOLN HEALTH GROUP,E01026406,MALE,1
GP_PRAC_PAT_LIST,01/07/2026,C83001,HEART OF LINCOLN HEALTH GROUP,E01026409,MALE,2
GP_PRAC_PAT_LIST,01/07/2026,C83001,HEART OF LINCOLN HEALTH GROUP,E01026412,MALE,1
GP_PRAC_PAT_LIST,01/07/2026,C83001,HEART OF LINCOLN HEALTH GROUP,E01026414,MALE,1
GP_PRAC_PAT_LIST,01/07/2026,C83001,HEART OF LINCOLN HEALTH GROUP,E01026467,MALE,1
GP_PRAC_PAT_LIST,01/07/2026,C83001,HEART OF LINCOLN HEALTH GROUP,E01026522,MALE,1
GP_PRAC_PAT_LIST,01/07/2026,C83001,HEART OF LINCOLN HEALTH GROUP,E01026574,MALE,1
GP_PRAC_PAT_LIST,01/07/2026,C83001,HEART OF LINCOLN HEALTH GROUP,E01026578,MALE,1
GP_PRAC_PAT_LIST,01/07/2026,C83001,HEART OF LINCOLN HEALTH GROUP,E01026786,MALE,1
GP_PRAC_PAT_LIST,01/07/2026,C83001,HEART OF LINCOLN HEALTH GROUP,E01026791,MALE,1
GP_PRAC_PAT_LIST,01/07/2026,C83001,HEART OF LINCOLN HEALTH GROUP,E01026869,MALE,1
GP_PRAC_PAT_LIST,01/07/2026,C83001,HEART OF LINCOLN HEALTH GROUP,E01026878,MALE,1
GP_PRAC_PAT_LIST,01/07/2026,C83001,HEART OF LINCOLN HEALTH GROUP,E01026892,MALE,1
GP_PRAC_PAT_LIST,01/07/2026,C83001,HEART OF LINCOLN HEALTH GROUP,E01026955,MALE,1
GP_PRAC_PAT_LIST,01/07/2026,C83001,HEART OF LINCOLN HEALTH GROUP,E01027031,MALE,1
GP_PRAC_PAT_LIST,01/07/2026,C83001,HEART OF LINCOLN HEALTH GROUP,E01027035,MALE,1
GP_PRAC_PAT_LIST,01/07/2026,C83001,HEART OF LINCOLN HEALTH GROUP,E01027052,MALE,1
GP_PRAC_PAT_LIST,01/07/2026,C83001,HEART OF LINCOLN HEALTH GROUP,E01027156,MALE,1
GP_PRAC_PAT_LIST,01/07/2026,C83001,HEART OF LINCOLN HEALTH GROUP,E01027626,MALE,1
GP_PRAC_PAT_LIST,01/07/2026,C83001,HEART OF LINCOLN HEALTH GROUP,E01027837,MALE,1
GP_PRAC_PAT_LIST,01/07/2026,C83001,HEART OF LINCOLN HEALTH GROUP,E01027839,MALE,1
GP_PRAC_PAT_LIST,01/07/2026,C83001,HEART OF LINCOLN HEALTH GROUP,E01027894,MALE,1
GP_PRAC_PAT_LIST,01/07/2026,C83001,HEART OF LINCOLN HEALTH GROUP,E01027906,MALE,1
GP_PRAC_PAT_LIST,01/07/2026,C83001,HEART OF LINCOLN HEALTH GROUP,E01027974,MALE,1
GP_PRAC_PAT_LIST,01/07/2026,C83001,HEART OF LINCOLN HEALTH GROUP,E01028002,MALE,1
GP_PRAC_PAT_LIST,01/07/2026,C83001,HEART OF LINCOLN HEALTH GROUP,E01028039,MALE,1
GP_PRAC_PAT_LIST,01/07/2026,C83001,HEART OF LINCOLN HEALTH GROUP,E01028106,MALE,1
GP_PRAC_PAT_LIST,01/07/2026,C83001,HEART OF LINCOLN HEALTH GROUP,E01028185,MALE,1
GP_PRAC_PAT_LIST,01/07/2026,C83001,HEART OF LINCOLN HEALTH GROUP,E01028290,MALE,1
GP_PRAC_PAT_LIST,01/07/2026,C83001,HEART OF LINCOLN HEALTH GROUP,E01028294,MALE,1
GP_PRAC_PAT_LIST,01/07/2026,C83001,HEART OF LINCOLN HEALTH GROUP,E01028310,MALE,1
GP_PRAC_PAT_LIST,01/07/2026,C83001,HEART OF LINCOLN HEALTH GROUP,E01028348,MALE,1
GP_PRAC_PAT_LIST,01/07/2026,C83001,HEART OF LINCOLN HEALTH GROUP,E01028371,MALE,1
GP_PRAC_PAT_LIST,01/07/2026,C83001,HEART OF LINCOLN HEALTH GROUP,E01028443,MALE,1
GP_PRAC_PAT_LIST,01/07/2026,C83001,HEART OF LINCOLN HEALTH GROUP,E01028496,MALE,1
GP_PRAC_PAT_LIST,01/07/2026,C83001,HEART OF LINCOLN HEALTH GROUP,E01028503,MALE,1
GP_PRAC_PAT_LIST,01/07/2026,C83001,HEART OF LINCOLN HEALTH GROUP,E01028609,MALE,1
GP_PRAC_PAT_LIST,01/07/2026,C83001,HEART OF LINCOLN HEALTH GROUP,E01028837,MALE,1
GP_PRAC_PAT_LIST,01/07/2026,C83001,HEART OF LINCOLN HEALTH GROUP,E01029203,MALE,1
GP_PRAC_PAT_LIST,01/07/2026,C83001,HEART OF LINCOLN HEALTH GROUP,E01029745,MALE,1
GP_PRAC_PAT_LIST,01/07/2026,C83001,HEART OF LINCOLN HEALTH GROUP,E01029897,MALE,1
GP_PRAC_PAT_LIST,01/07/2026,C83001,HEART OF LINCOLN HEALTH GROUP,E01030007,MALE,1
GP_PRAC_PAT_LIST,01/07/2026,C83001,HEART OF LINCOLN HEALTH GROUP,E01030053,MALE,1
GP_PRAC_PAT_LIST,01/07/2026,C83001,HEART OF LINCOLN HEALTH GROUP,E01030064,MALE,1
GP_PRAC_PAT_LIST,01/07/2026,C83001,HEART OF LINCOLN HEALTH GROUP,E01030088,MALE,1
GP_PRAC_PAT_LIST,01/07/2026,C83001,HEART OF LINCOLN HEALTH GROUP,E01030090,MALE,1
GP_PRAC_PAT_LIST,01/07/2026,C83001,HEART OF LINCOLN HEALTH GROUP,E01030127,MALE,1
GP_PRAC_PAT_LIST,01/07/2026,C83001,HEART OF LINCOLN HEALTH GROUP,E01030206,MALE,1
GP_PRAC_PAT_LIST,01/07/2026,C83001,HEART OF LINCOLN HEALTH GROUP,E01030256,MALE,1
GP_PRAC_PAT_LIST,01/07/2026,C83001,HEART OF LINCOLN HEALTH GROUP,E01030275,MALE,2
GP_PRAC_PAT_LIST,01/07/2026,C83001,HEART OF LINCOLN HEALTH GROUP,E01030305,MALE,1
GP_PRAC_PAT_LIST,01/07/2026,C83001,HEART OF LINCOLN HEALTH GROUP,E01030457,MALE,1
GP_PRAC_PAT_LIST,01/07/2026,C83001,HEART OF LINCOLN HEALTH GROUP,E01030582,MALE,1
GP_PRAC_PAT_LIST,01/07/2026,C83001,HEART OF LINCOLN HEALTH GROUP,E01031011,MALE,1
GP_PRAC_PAT_LIST,01/07/2026,C83001,HEART OF LINCOLN HEALTH GROUP,E01031016,MALE,1
GP_PRAC_PAT_LIST,01/07/2026,C83001,HEART OF LINCOLN HEALTH GROUP,E01031159,MALE,1
GP_PRAC_PAT_LIST,01/07/2026,C83001,HEART OF LINCOLN HEALTH GROUP,E01031181,MALE,1
GP_PRAC_PAT_LIST,01/07/2026,C83001,HEART OF LINCOLN HEALTH GROUP,E01031220,MALE,1
GP_PRAC_PAT_LIST,01/07/2026,C83001,HEART OF LINCOLN HEALTH GROUP,E01031333,MALE,1
GP_PRAC_PAT_LIST,01/07/2026,C83001,HEART OF LINCOLN HEALTH GROUP,E01031337,MALE,1
GP_PRAC_PAT_LIST,01/07/2026,C83001,HEART OF LINCOLN HEALTH GROUP,E01031420,MALE,1
GP_PRAC_PAT_LIST,01/07/2026,C83001,HEART OF LINCOLN HEALTH GROUP,E01031430,MALE,1
GP_PRAC_PAT_LIST,01/07/2026,C83001,HEART OF LINCOLN HEALTH GROUP,E01031575,MALE,1
GP_PRAC_PAT_LIST,01/07/2026,C83001,HEART OF LINCOLN HEALTH GROUP,E01032361,MALE,1
GP_PRAC_PAT_LIST,01/07/2026,C83001,HEART OF LINCOLN HEALTH GROUP,E01032536,MALE,1
GP_PRAC_PAT_LIST,01/07/2026,C83001,HEART OF LINCOLN HEALTH GROUP,E01032779,MALE,1
GP_PRAC_PAT_LIST,01/07/2026,C83001,HEART OF LINCOLN HEALTH GROUP,E01032988,MALE,67
GP_PRAC_PAT_LIST,01/07/2026,C83001,HEART OF LINCOLN HEALTH GROUP,E01032989,MALE,47
GP_PRAC_PAT_LIST,01/07/2026,C83001,HEART OF LINCOLN HEALTH GROUP,E01032991,MALE,146
GP_PRAC_PAT_LIST,01/07/2026,C83001,HEART OF LINCOLN HEALTH GROUP,E01032992,MALE,41
GP_PRAC_PAT_LIST,01/07/2026,C83001,HEART OF LINCOLN HEALTH GROUP,E01032993,MALE,75
GP_PRAC_PAT_LIST,01/07/2026,C83001,HEART OF LINCOLN HEALTH GROUP,E01032994,MALE,21
GP_PRAC_PAT_LIST,01/07/2026,C83001,HEART OF LINCOLN HEALTH GROUP,E01033104,MALE,1
GP_PRAC_PAT_LIST,01/07/2026,C83001,HEART OF LINCOLN HEALTH GROUP,E01033263,MALE,1
GP_PRAC_PAT_LIST,01/07/2026,C83001,HEART OF LINCOLN HEALTH GROUP,E01033653,MALE,1
GP_PRAC_PAT_LIST,01/07/2026,C83001,HEART OF LINCOLN HEALTH GROUP,E01033989,MALE,1
GP_PRAC_PAT_LIST,01/07/2026,C83001,HEART OF LINCOLN HEALTH GROUP,E01034129,MALE,1
GP_PRAC_PAT_LIST,01/07/2026,C83001,HEART OF LINCOLN HEALTH GROUP,E01034217,MALE,1
GP_PRAC_PAT_LIST,01/07/2026,C83001,HEART OF LINCOLN HEALTH GROUP,E01034617,MALE,1
GP_PRAC_PAT_LIST,01/07/2026,C83001,HEART OF LINCOLN HEALTH GROUP,E01034682,MALE,1
GP_PRAC_PAT_LIST,01/07/2026,C83001,HEART OF LINCOLN HEALTH GROUP,E01034685,MALE,1
GP_PRAC_PAT_LIST,01/07/2026,C83001,HEART OF LINCOLN HEALTH GROUP,E01034687,MALE,129
GP_PRAC_PAT_LIST,01/07/2026,C83001,HEART OF LINCOLN HEALTH GROUP,E01034688,MALE,290
GP_PRAC_PAT_LIST,01/07/2026,C83001,HEART OF LINCOLN HEALTH GROUP,E01034689,MALE,14
GP_PRAC_PAT_LIST,01/07/2026,C83001,HEART OF LINCOLN HEALTH GROUP,E01034690,MALE,21
GP_PRAC_PAT_LIST,01/07/2026,C83001,HEART OF LINCOLN HEALTH GROUP,E01034691,MALE,765
GP_PRAC_PAT_LIST,01/07/2026,C83001,HEART OF LINCOLN HEALTH GROUP,E01034692,MALE,442
GP_PRAC_PAT_LIST,01/07/2026,C83001,HEART OF LINCOLN HEALTH GROUP,E01034693,MALE,8
GP_PRAC_PAT_LIST,01/07/2026,C83001,HEART OF LINCOLN HEALTH GROUP,E01034694,MALE,4
GP_PRAC_PAT_LIST,01/07/2026,C83001,HEART OF LINCOLN HEALTH GROUP,E01034706,MALE,7
GP_PRAC_PAT_LIST,01/07/2026,C83001,HEART OF LINCOLN HEALTH GROUP,E01034707,MALE,5
GP_PRAC_PAT_LIST,01/07/2026,C83001,HEART OF LINCOLN HEALTH GROUP,E01034743,MALE,1
GP_PRAC_PAT_LIST,01/07/2026,C83001,HEART OF LINCOLN HEALTH GROUP,E01035086,MALE,1
GP_PRAC_PAT_LIST,01/07/2026,C83001,HEART OF LINCOLN HEALTH GROUP,E01035149,MALE,1
GP_PRAC_PAT_LIST,01/07/2026,C83001,HEART OF LINCOLN HEALTH GROUP,E01035324,MALE,1
GP_PRAC_PAT_LIST,01/07/2026,C83001,HEART OF LINCOLN HEALTH GROUP,E01035403,MALE,1
GP_PRAC_PAT_LIST,01/07/2026,C83001,HEART OF LINCOLN HEALTH GROUP,E01035440,MALE,1
GP_PRAC_PAT_LIST,01/07/2026,C83001,HEART OF LINCOLN HEALTH GROUP,E01035478,MALE,1
GP_PRAC_PAT_LIST,01/07/2026,C83001,HEART OF LINCOLN HEALTH GROUP,E01035558,MALE,1
GP_PRAC_PAT_LIST,01/07/2026,C83001,HEART OF LINCOLN HEALTH GROUP,E01035593,MALE,1
GP_PRAC_PAT_LIST,01/07/2026,C83001,HEART OF LINCOLN HEALTH GROUP,E01035737,MALE,1
GP_PRAC_PAT_LIST,01/07/2026,C83001,HEART OF LINCOLN HEALTH GROUP,EMPTY,MALE,16
GP_PRAC_PAT_LIST,01/07/2026,C83001,HEART OF LINCOLN HEALTH GROUP,S01017383,MALE,1
GP_PRAC_PAT_LIST,01/07/2026,C83002,NAVENBY CLIFF VILLAGES SURGERY,E01001418,MALE,1
GP_PRAC_PAT_LIST,01/07/2026,C83002,NAVENBY CLIFF VILLAGES SURGERY,E01007863,MALE,1
GP_PRAC_PAT_LIST,01/07/2026,C83002,NAVENBY CLIFF VILLAGES SURGERY,E01019834,MALE,1
GP_PRAC_PAT_LIST,01/07/2026,C83002,NAVENBY CLIFF VILLAGES SURGERY,E01024230,MALE,1
GP_PRAC_PAT_LIST,01/07/2026,C83002,NAVENBY CLIFF VILLAGES SURGERY,E01026111,MALE,1
GP_PRAC_PAT_LIST,01/07/2026,C83002,NAVENBY CLIFF VILLAGES SURGERY,E01026125,MALE,1
GP_PRAC_PAT_LIST,01/07/2026,C83002,NAVENBY CLIFF VILLAGES SURGERY,E01026135,MALE,1
GP_PRAC_PAT_LIST,01/07/2026,C83002,NAVENBY CLIFF VILLAGES SURGERY,E01026137,MALE,4
GP_PRAC_PAT_LIST,01/07/2026,C83002,NAVENBY CLIFF VILLAGES SURGERY,E01026140,MALE,4
GP_PRAC_PAT_LIST,01/07/2026,C83002,NAVENBY CLIFF VILLAGES SURGERY,E01026142,MALE,1
GP_PRAC_PAT_LIST,01/07/2026,C83002,NAVENBY CLIFF VILLAGES SURGERY,E01026159,MALE,1
GP_PRAC_PAT_LIST,01/07/2026,C83002,NAVENBY CLIFF VILLAGES SURGERY,E01026175,MALE,1
GP_PRAC_PAT_LIST,01/07/2026,C83002,NAVENBY CLIFF VILLAGES SURGERY,E01026179,MALE,2
GP_PRAC_PAT_LIST,01/07/2026,C83002,NAVENBY CLIFF VILLAGES SURGERY,E01026180,MALE,3
GP_PRAC_PAT_LIST,01/07/2026,C83002,NAVENBY CLIFF VILLAGES SURGERY,E01026182,MALE,1
GP_PRAC_PAT_LIST,01/07/2026,C83002,NAVENBY CLIFF VILLAGES SURGERY,E01026184,MALE,485
GP_PRAC_PAT_LIST,01/07/2026,C83002,NAVENBY CLIFF VILLAGES SURGERY,E01026185,MALE,892
GP_PRAC_PAT_LIST,01/07/2026,C83002,NAVENBY CLIFF VILLAGES SURGERY,E01026186,MALE,81
GP_PRAC_PAT_LIST,01/07/2026,C83002,NAVENBY CLIFF VILLAGES SURGERY,E01026187,MALE,60
GP_PRAC_PAT_LIST,01/07/2026,C83002,NAVENBY CLIFF VILLAGES SURGERY,E01026188,MALE,58
GP_PRAC_PAT_LIST,01/07/2026,C83002,NAVENBY CLIFF VILLAGES SURGERY,E01026190,MALE,2
GP_PRAC_PAT_LIST,01/07/2026,C83002,NAVENBY CLIFF VILLAGES SURGERY,E01026192,MALE,2
GP_PRAC_PAT_LIST,01/07/2026,C83002,NAVENBY CLIFF VILLAGES SURGERY,E01026194,MALE,926
GP_PRAC_PAT_LIST,01/07/2026,C83002,NAVENBY CLIFF VILLAGES SURGERY,E01026195,MALE,759
GP_PRAC_PAT_LIST,01/07/2026,C83002,NAVENBY CLIFF VILLAGES SURGERY,E01026196,MALE,350
GP_PRAC_PAT_LIST,01/07/2026,C83002,NAVENBY CLIFF VILLAGES SURGERY,E01026197,MALE,40
GP_PRAC_PAT_LIST,01/07/2026,C83002,NAVENBY CLIFF VILLAGES SURGERY,E01026203,MALE,6
GP_PRAC_PAT_LIST,01/07/2026,C83002,NAVENBY CLIFF VILLAGES SURGERY,E01026206,MALE,1
GP_PRAC_PAT_LIST,01/07/2026,C83002,NAVENBY CLIFF VILLAGES SURGERY,E01026210,MALE,11
GP_PRAC_PAT_LIST,01/07/2026,C83002,NAVENBY CLIFF VILLAGES SURGERY,E01026211,MALE,1
GP_PRAC_PAT_LIST,01/07/2026,C83002,NAVENBY CLIFF VILLAGES SURGERY,E01026231,MALE,1
GP_PRAC_PAT_LIST,01/07/2026,C83002,NAVENBY CLIFF VILLAGES SURGERY,E01026237,MALE,10
GP_PRAC_PAT_LIST,01/07/2026,C83002,NAVENBY CLIFF VILLAGES SURGERY,E01026238,MALE,201
GP_PRAC_PAT_LIST,01/07/2026,C83002,NAVENBY CLIFF VILLAGES SURGERY,E01026329,MALE,5
GP_PRAC_PAT_LIST,01/07/2026,C83002,NAVENBY CLIFF VILLAGES SURGERY,E01026349,MALE,1
GP_PRAC_PAT_LIST,01/07/2026,C83002,NAVENBY CLIFF VILLAGES SURGERY,E01026373,MALE,1
GP_PRAC_PAT_LIST,01/07/2026,C83002,NAVENBY CLIFF VILLAGES SURGERY,E01026392,MALE,1
GP_PRAC_PAT_LIST,01/07/2026,C83002,NAVENBY CLIFF VILLAGES SURGERY,E01026400,MALE,1
GP_PRAC_PAT_LIST,01/07/2026,C83002,NAVENBY CLIFF VILLAGES SURGERY,E01028316,MALE,1
GP_PRAC_PAT_LIST,01/07/2026,C83002,NAVENBY CLIFF VILLAGES SURGERY,E01028601,MALE,1
GP_PRAC_PAT_LIST,01/07/2026,C83002,NAVENBY CLIFF VILLAGES SURGERY,E01032992,MALE,1
GP_PRAC_PAT_LIST,01/07/2026,C83002,NAVENBY CLIFF VILLAGES SURGERY,E01032994,MALE,1
GP_PRAC_PAT_LIST,01/07/2026,C83002,NAVENBY CLIFF VILLAGES SURGERY,E01034693,MALE,1
GP_PRAC_PAT_LIST,01/07/2026,C83002,NAVENBY CLIFF VILLAGES SURGERY,EMPTY,MALE,1
GP_PRAC_PAT_LIST,01/07/2026,C83002,NAVENBY CLIFF VILLAGES SURGERY,S01017132,MALE,1
GP_PRAC_PAT_LIST,01/07/2026,C83003,BEECHFIELD MEDICAL CENTRE,CLOSED,MALE,4
GP_PRAC_PAT_LIST,01/07/2026,C83003,BEECHFIELD MEDICAL CENTRE,E01001597,MALE,1
GP_PRAC_PAT_LIST,01/07/2026,C83003,BEECHFIELD MEDICAL CENTRE,E01002444,MALE,1
GP_PRAC_PAT_LIST,01/07/2026,C83003,BEECHFIELD MEDICAL CENTRE,E01002876,MALE,1
GP_PRAC_PAT_LIST,01/07/2026,C83003,BEECHFIELD MEDICAL CENTRE,E01004622,MALE,2
GP_PRAC_PAT_LIST,01/07/2026,C83003,BEECHFIELD MEDICAL CENTRE,E01006836,MALE,1
GP_PRAC_PAT_LIST,01/07/2026,C83003,BEECHFIELD MEDICAL CENTRE,E01007561,MALE,1
GP_PRAC_PAT_LIST,01/07/2026,C83003,BEECHFIELD MEDICAL CENTRE,E01007915,MALE,1
GP_PRAC_PAT_LIST,01/07/2026,C83003,BEECHFIELD MEDICAL CENTRE,E01013019,MALE,1
GP_PRAC_PAT_LIST,01/07/2026,C83003,BEECHFIELD MEDICAL CENTRE,E01015632,MALE,1
GP_PRAC_PAT_LIST,01/07/2026,C83003,BEECHFIELD MEDICAL CENTRE,E01015679,MALE,1
GP_PRAC_PAT_LIST,01/07/2026,C83003,BEECHFIELD MEDICAL CENTRE,E01015749,MALE,1
GP_PRAC_PAT_LIST,01/07/2026,C83003,BEECHFIELD MEDICAL CENTRE,E01016332,MALE,1
GP_PRAC_PAT_LIST,01/07/2026,C83003,BEECHFIELD MEDICAL CENTRE,E01017478,MALE,1
GP_PRAC_PAT_LIST,01/07/2026,C83003,BEECHFIELD MEDICAL CENTRE,E01018075,MALE,1
GP_PRAC_PAT_LIST,01/07/2026,C83003,BEECHFIELD MEDICAL CENTRE,E01018138,MALE,1
GP_PRAC_PAT_LIST,01/07/2026,C83003,BEECHFIELD MEDICAL CENTRE,E01026017,MALE,1
GP_PRAC_PAT_LIST,01/07/2026,C83003,BEECHFIELD MEDICAL CENTRE,E01026019,MALE,1
GP_PRAC_PAT_LIST,01/07/2026,C83003,BEECHFIELD MEDICAL CENTRE,E01026020,MALE,1
GP_PRAC_PAT_LIST,01/07/2026,C83003,BEECHFIELD MEDICAL CENTRE,E01026025,MALE,1
GP_PRAC_PAT_LIST,01/07/2026,C83003,BEECHFIELD MEDICAL CENTRE,E01026037,MALE,1
GP_PRAC_PAT_LIST,01/07/2026,C83003,BEECHFIELD MEDICAL CENTRE,E01026100,MALE,1
GP_PRAC_PAT_LIST,01/07/2026,C83003,BEECHFIELD MEDICAL CENTRE,E01026183,MALE,1
GP_PRAC_PAT_LIST,01/07/2026,C83003,BEECHFIELD MEDICAL CENTRE,E01026239,MALE,5
GP_PRAC_PAT_LIST,01/07/2026,C83003,BEECHFIELD MEDICAL CENTRE,E01026240,MALE,9
GP_PRAC_PAT_LIST,01/07/2026,C83003,BEECHFIELD MEDICAL CENTRE,E01026241,MALE,163
GP_PRAC_PAT_LIST,01/07/2026,C83003,BEECHFIELD MEDICAL CENTRE,E01026242,MALE,1
GP_PRAC_PAT_LIST,01/07/2026,C83003,BEECHFIELD MEDICAL CENTRE,E01026243,MALE,1
GP_PRAC_PAT_LIST,01/07/2026,C83003,BEECHFIELD MEDICAL CENTRE,E01026244,MALE,1
GP_PRAC_PAT_LIST,01/07/2026,C83003,BEECHFIELD MEDICAL CENTRE,E01026247,MALE,6
GP_PRAC_PAT_LIST,01/07/2026,C83003,BEECHFIELD MEDICAL CENTRE,E01026248,MALE,3
GP_PRAC_PAT_LIST,01/07/2026,C83003,BEECHFIELD MEDICAL CENTRE,E01026249,MALE,6
GP_PRAC_PAT_LIST,01/07/2026,C83003,BEECHFIELD MEDICAL CENTRE,E01026250,MALE,1
GP_PRAC_PAT_LIST,01/07/2026,C83003,BEECHFIELD MEDICAL CENTRE,E01026252,MALE,10
GP_PRAC_PAT_LIST,01/07/2026,C83003,BEECHFIELD MEDICAL CENTRE,E01026253,MALE,1
GP_PRAC_PAT_LIST,01/07/2026,C83003,BEECHFIELD MEDICAL CENTRE,E01026258,MALE,359
GP_PRAC_PAT_LIST,01/07/2026,C83003,BEECHFIELD MEDICAL CENTRE,E01026259,MALE,190
GP_PRAC_PAT_LIST,01/07/2026,C83003,BEECHFIELD MEDICAL CENTRE,E01026260,MALE,234
GP_PRAC_PAT_LIST,01/07/2026,C83003,BEECHFIELD MEDICAL CENTRE,E01026262,MALE,434
GP_PRAC_PAT_LIST,01/07/2026,C83003,BEECHFIELD MEDICAL CENTRE,E01026263,MALE,686
GP_PRAC_PAT_LIST,01/07/2026,C83003,BEECHFIELD MEDICAL CENTRE,E01026264,MALE,517
GP_PRAC_PAT_LIST,01/07/2026,C83003,BEECHFIELD MEDICAL CENTRE,E01026265,MALE,408
GP_PRAC_PAT_LIST,01/07/2026,C83003,BEECHFIELD MEDICAL CENTRE,E01026266,MALE,814
GP_PRAC_PAT_LIST,01/07/2026,C83003,BEECHFIELD MEDICAL CENTRE,E01026268,MALE,673
GP_PRAC_PAT_LIST,01/07/2026,C83003,BEECHFIELD MEDICAL CENTRE,E01026269,MALE,632
GP_PRAC_PAT_LIST,01/07/2026,C83003,BEECHFIELD MEDICAL CENTRE,E01026270,MALE,510
GP_PRAC_PAT_LIST,01/07/2026,C83003,BEECHFIELD MEDICAL CENTRE,E01026271,MALE,450
GP_PRAC_PAT_LIST,01/07/2026,C83003,BEECHFIELD MEDICAL CENTRE,E01026272,MALE,459
GP_PRAC_PAT_LIST,01/07/2026,C83003,BEECHFIELD MEDICAL CENTRE,E01026273,MALE,383
GP_PRAC_PAT_LIST,01/07/2026,C83003,BEECHFIELD MEDICAL CENTRE,E01026275,MALE,670
GP_PRAC_PAT_LIST,01/07/2026,C83003,BEECHFIELD MEDICAL CENTRE,E01026276,MALE,99
GP_PRAC_PAT_LIST,01/07/2026,C83003,BEECHFIELD MEDICAL CENTRE,E01026280,MALE,1
GP_PRAC_PAT_LIST,01/07/2026,C83003,BEECHFIELD MEDICAL CENTRE,E01026281,MALE,169
GP_PRAC_PAT_LIST,01/07/2026,C83003,BEECHFIELD MEDICAL CENTRE,E01026282,MALE,124
GP_PRAC_PAT_LIST,01/07/2026,C83003,BEECHFIELD MEDICAL CENTRE,E01026283,MALE,35
GP_PRAC_PAT_LIST,01/07/2026,C83003,BEECHFIELD MEDICAL CENTRE,E01026284,MALE,288
GP_PRAC_PAT_LIST,01/07/2026,C83003,BEECHFIELD MEDICAL CENTRE,E01026285,MALE,36
GP_PRAC_PAT_LIST,01/07/2026,C83003,BEECHFIELD MEDICAL CENTRE,E01026286,MALE,19
GP_PRAC_PAT_LIST,01/07/2026,C83003,BEECHFIELD MEDICAL CENTRE,E01026335,MALE,1
GP_PRAC_PAT_LIST,01/07/2026,C83003,BEECHFIELD MEDICAL CENTRE,E01026349,MALE,1
GP_PRAC_PAT_LIST,01/07/2026,C83003,BEECHFIELD MEDICAL CENTRE,E01026696,MALE,1
GP_PRAC_PAT_LIST,01/07/2026,C83003,BEECHFIELD MEDICAL CENTRE,E01027362,MALE,1
GP_PRAC_PAT_LIST,01/07/2026,C83003,BEECHFIELD MEDICAL CENTRE,E01030354,MALE,1
GP_PRAC_PAT_LIST,01/07/2026,C83003,BEECHFIELD MEDICAL CENTRE,E01032995,MALE,389
GP_PRAC_PAT_LIST,01/07/2026,C83003,BEECHFIELD MEDICAL CENTRE,E01032996,MALE,183
GP_PRAC_PAT_LIST,01/07/2026,C83003,BEECHFIELD MEDICAL CENTRE,E01033179,MALE,1
GP_PRAC_PAT_LIST,01/07/2026,C83003,BEECHFIELD MEDICAL CENTRE,E01033265,MALE,1
GP_PRAC_PAT_LIST,01/07/2026,C83003,BEECHFIELD MEDICAL CENTRE,E01034278,MALE,1
GP_PRAC_PAT_LIST,01/07/2026,C83003,BEECHFIELD MEDICAL CENTRE,E01034697,MALE,282
GP_PRAC_PAT_LIST,01/07/2026,C83003,BEECHFIELD MEDICAL CENTRE,E01034698,MALE,405
GP_PRAC_PAT_LIST,01/07/2026,C83003,BEECHFIELD MEDICAL CENTRE,E01034699,MALE,406
GP_PRAC_PAT_LIST,01/07/2026,C83003,BEECHFIELD MEDICAL CENTRE,E01034700,MALE,416
GP_PRAC_PAT_LIST,01/07/2026,C83003,BEECHFIELD MEDICAL CENTRE,E01035517,MALE,1
GP_PRAC_PAT_LIST,01/07/2026,C83003,BEECHFIELD MEDICAL CENTRE,E01035521,MALE,1
GP_PRAC_PAT_LIST,01/07/2026,C83003,BEECHFIELD MEDICAL CENTRE,E01035540,MALE,1
GP_PRAC_PAT_LIST,01/07/2026,C83003,BEECHFIELD MEDICAL CENTRE,E01035544,MALE,1
GP_PRAC_PAT_LIST,01/07/2026,C83003,BEECHFIELD MEDICAL CENTRE,EMPTY,MALE,5
GP_PRAC_PAT_LIST,01/07/2026,C83003,BEECHFIELD MEDICAL CENTRE,N21000084,MALE,1
GP_PRAC_PAT_LIST,01/07/2026,C83003,BEECHFIELD MEDICAL CENTRE,N21000688,MALE,1
GP_PRAC_PAT_LIST,01/07/2026,C83004,LIQUORPOND SURGERY,CLOSED,MALE,2
GP_PRAC_PAT_LIST,01/07/2026,C83004,LIQUORPOND SURGERY,E01002444,MALE,1
GP_PRAC_PAT_LIST,01/07/2026,C83004,LIQUORPOND SURGERY,E01006329,MALE,1
GP_PRAC_PAT_LIST,01/07/2026,C83004,LIQUORPOND SURGERY,E01013181,MALE,1
GP_PRAC_PAT_LIST,01/07/2026,C83004,LIQUORPOND SURGERY,E01013790,MALE,1
GP_PRAC_PAT_LIST,01/07/2026,C83004,LIQUORPOND SURGERY,E01015614,MALE,1
GP_PRAC_PAT_LIST,01/07/2026,C83004,LIQUORPOND SURGERY,E01015661,MALE,1
GP_PRAC_PAT_LIST,01/07/2026,C83004,LIQUORPOND SURGERY,E01025306,MALE,1
GP_PRAC_PAT_LIST,01/07/2026,C83004,LIQUORPOND SURGERY,E01026007,MALE,74
GP_PRAC_PAT_LIST,01/07/2026,C83004,LIQUORPOND SURGERY,E01026008,MALE,92
GP_PRAC_PAT_LIST,01/07/2026,C83004,LIQUORPOND SURGERY,E01026009,MALE,36
GP_PRAC_PAT_LIST,01/07/2026,C83004,LIQUORPOND SURGERY,E01026010,MALE,180
GP_PRAC_PAT_LIST,01/07/2026,C83004,LIQUORPOND SURGERY,E01026012,MALE,95
GP_PRAC_PAT_LIST,01/07/2026,C83004,LIQUORPOND SURGERY,E01026013,MALE,160
GP_PRAC_PAT_LIST,01/07/2026,C83004,LIQUORPOND SURGERY,E01026014,MALE,187
GP_PRAC_PAT_LIST,01/07/2026,C83004,LIQUORPOND SURGERY,E01026015,MALE,181
GP_PRAC_PAT_LIST,01/07/2026,C83004,LIQUORPOND SURGERY,E01026016,MALE,8
GP_PRAC_PAT_LIST,01/07/2026,C83004,LIQUORPOND SURGERY,E01026017,MALE,3
GP_PRAC_PAT_LIST,01/07/2026,C83004,LIQUORPOND SURGERY,E01026018,MALE,109
GP_PRAC_PAT_LIST,01/07/2026,C83004,LIQUORPOND SURGERY,E01026019,MALE,103
GP_PRAC_PAT_LIST,01/07/2026,C83004,LIQUORPOND SURGERY,E01026020,MALE,99
GP_PRAC_PAT_LIST,01/07/2026,C83004,LIQUORPOND SURGERY,E01026021,MALE,158
GP_PRAC_PAT_LIST,01/07/2026,C83004,LIQUORPOND SURGERY,E01026022,MALE,150
GP_PRAC_PAT_LIST,01/07/2026,C83004,LIQUORPOND SURGERY,E01026023,MALE,1
GP_PRAC_PAT_LIST,01/07/2026,C83004,LIQUORPOND SURGERY,E01026024,MALE,11
GP_PRAC_PAT_LIST,01/07/2026,C83004,LIQUORPOND SURGERY,E01026025,MALE,293
GP_PRAC_PAT_LIST,01/07/2026,C83004,LIQUORPOND SURGERY,E01026026,MALE,232
GP_PRAC_PAT_LIST,01/07/2026,C83004,LIQUORPOND SURGERY,E01026027,MALE,207
GP_PRAC_PAT_LIST,01/07/2026,C83004,LIQUORPOND SURGERY,E01026028,MALE,151
GP_PRAC_PAT_LIST,01/07/2026,C83004,LIQUORPOND SURGERY,E01026030,MALE,319
GP_PRAC_PAT_LIST,01/07/2026,C83004,LIQUORPOND SURGERY,E01026031,MALE,175
GP_PRAC_PAT_LIST,01/07/2026,C83004,LIQUORPOND SURGERY,E01026032,MALE,238
GP_PRAC_PAT_LIST,01/07/2026,C83004,LIQUORPOND SURGERY,E01026033,MALE,33
GP_PRAC_PAT_LIST,01/07/2026,C83004,LIQUORPOND SURGERY,E01026034,MALE,18
GP_PRAC_PAT_LIST,01/07/2026,C83004,LIQUORPOND SURGERY,E01026035,MALE,234
GP_PRAC_PAT_LIST,01/07/2026,C83004,LIQUORPOND SURGERY,E01026036,MALE,173
GP_PRAC_PAT_LIST,01/07/2026,C83004,LIQUORPOND SURGERY,E01026037,MALE,123
GP_PRAC_PAT_LIST,01/07/2026,C83004,LIQUORPOND SURGERY,E01026038,MALE,98
GP_PRAC_PAT_LIST,01/07/2026,C83004,LIQUORPOND SURGERY,E01026039,MALE,120
GP_PRAC_PAT_LIST,01/07/2026,C83004,LIQUORPOND SURGERY,E01026040,MALE,175
GP_PRAC_PAT_LIST,01/07/2026,C83004,LIQUORPOND SURGERY,E01026041,MALE,143
GP_PRAC_PAT_LIST,01/07/2026,C83004,LIQUORPOND SURGERY,E01026043,MALE,1
GP_PRAC_PAT_LIST,01/07/2026,C83004,LIQUORPOND SURGERY,E01026051,MALE,3
GP_PRAC_PAT_LIST,01/07/2026,C83004,LIQUORPOND SURGERY,E01026057,MALE,64
GP_PRAC_PAT_LIST,01/07/2026,C83004,LIQUORPOND SURGERY,E01026075,MALE,2
GP_PRAC_PAT_LIST,01/07/2026,C83004,LIQUORPOND SURGERY,E01026093,MALE,1
GP_PRAC_PAT_LIST,01/07/2026,C83004,LIQUORPOND SURGERY,E01026098,MALE,52
GP_PRAC_PAT_LIST,01/07/2026,C83004,LIQUORPOND SURGERY,E01026102,MALE,1
GP_PRAC_PAT_LIST,01/07/2026,C83004,LIQUORPOND SURGERY,E01026120,MALE,1
GP_PRAC_PAT_LIST,01/07/2026,C83004,LIQUORPOND SURGERY,E01026125,MALE,1
GP_PRAC_PAT_LIST,01/07/2026,C83004,LIQUORPOND SURGERY,E01026193,MALE,2
GP_PRAC_PAT_LIST,01/07/2026,C83004,LIQUORPOND SURGERY,E01026200,MALE,1
GP_PRAC_PAT_LIST,01/07/2026,C83004,LIQUORPOND SURGERY,E01026233,MALE,1
GP_PRAC_PAT_LIST,01/07/2026,C83004,LIQUORPOND SURGERY,E01026248,MALE,1
GP_PRAC_PAT_LIST,01/07/2026,C83004,LIQUORPOND SURGERY,E01026250,MALE,1
GP_PRAC_PAT_LIST,01/07/2026,C83004,LIQUORPOND SURGERY,E01026263,MALE,2
GP_PRAC_PAT_LIST,01/07/2026,C83004,LIQUORPOND SURGERY,E01026265,MALE,1
GP_PRAC_PAT_LIST,01/07/2026,C83004,LIQUORPOND SURGERY,E01026275,MALE,1
GP_PRAC_PAT_LIST,01/07/2026,C83004,LIQUORPOND SURGERY,E01026928,MALE,1
GP_PRAC_PAT_LIST,01/07/2026,C83004,LIQUORPOND SURGERY,E01032991,MALE,1
GP_PRAC_PAT_LIST,01/07/2026,C83004,LIQUORPOND SURGERY,E01033272,MALE,1
GP_PRAC_PAT_LIST,01/07/2026,C83004,LIQUORPOND SURGERY,E01034233,MALE,1
GP_PRAC_PAT_LIST,01/07/2026,C83004,LIQUORPOND SURGERY,E01034679,MALE,137
GP_PRAC_PAT_LIST,01/07/2026,C83004,LIQUORPOND SURGERY,E01034680,MALE,169
GP_PRAC_PAT_LIST,01/07/2026,C83004,LIQUORPOND SURGERY,E01034681,MALE,259
GP_PRAC_PAT_LIST,01/07/2026,C83004,LIQUORPOND SURGERY,E01034682,MALE,438
GP_PRAC_PAT_LIST,01/07/2026,C83004,LIQUORPOND SURGERY,E01034683,MALE,193
GP_PRAC_PAT_LIST,01/07/2026,C83004,LIQUORPOND SURGERY,E01034684,MALE,194
GP_PRAC_PAT_LIST,01/07/2026,C83004,LIQUORPOND SURGERY,E01035748,MALE,1
GP_PRAC_PAT_LIST,01/07/2026,C83004,LIQUORPOND SURGERY,EMPTY,MALE,10
GP_PRAC_PAT_LIST,01/07/2026,C83004,LIQUORPOND SURGERY,L99999999,MALE,1
GP_PRAC_PAT_LIST,01/07/2026,C83005,SPILSBY SURGERY,E01017288,MALE,1
GP_PRAC_PAT_LIST,01/07/2026,C83005,SPILSBY SURGERY,E01026021,MALE,1
GP_PRAC_PAT_LIST,01/07/2026,C83005,SPILSBY SURGERY,E01026046,MALE,3
GP_PRAC_PAT_LIST,01/07/2026,C83005,SPILSBY SURGERY,E01026047,MALE,6
GP_PRAC_PAT_LIST,01/07/2026,C83005,SPILSBY SURGERY,E01026055,MALE,452
GP_PRAC_PAT_LIST,01/07/2026,C83005,SPILSBY SURGERY,E01026056,MALE,52
GP_PRAC_PAT_LIST,01/07/2026,C83005,SPILSBY SURGERY,E01026059,MALE,477
GP_PRAC_PAT_LIST,01/07/2026,C83005,SPILSBY SURGERY,E01026060,MALE,254
GP_PRAC_PAT_LIST,01/07/2026,C83005,SPILSBY SURGERY,E01026068,MALE,565
GP_PRAC_PAT_LIST,01/07/2026,C83005,SPILSBY SURGERY,E01026073,MALE,2
GP_PRAC_PAT_LIST,01/07/2026,C83005,SPILSBY SURGERY,E01026075,MALE,9
GP_PRAC_PAT_LIST,01/07/2026,C83005,SPILSBY SURGERY,E01026089,MALE,1
GP_PRAC_PAT_LIST,01/07/2026,C83005,SPILSBY SURGERY,E01026092,MALE,2
GP_PRAC_PAT_LIST,01/07/2026,C83005,SPILSBY SURGERY,E01026093,MALE,1
GP_PRAC_PAT_LIST,01/07/2026,C83005,SPILSBY SURGERY,E01026094,MALE,2
GP_PRAC_PAT_LIST,01/07/2026,C83005,SPILSBY SURGERY,E01026095,MALE,1
GP_PRAC_PAT_LIST,01/07/2026,C83005,SPILSBY SURGERY,E01026097,MALE,2
GP_PRAC_PAT_LIST,01/07/2026,C83005,SPILSBY SURGERY,E01026098,MALE,1
GP_PRAC_PAT_LIST,01/07/2026,C83005,SPILSBY SURGERY,E01026100,MALE,884
GP_PRAC_PAT_LIST,01/07/2026,C83005,SPILSBY SURGERY,E01026101,MALE,626
GP_PRAC_PAT_LIST,01/07/2026,C83005,SPILSBY SURGERY,E01026102,MALE,34
GP_PRAC_PAT_LIST,01/07/2026,C83005,SPILSBY SURGERY,E01026104,MALE,1
GP_PRAC_PAT_LIST,01/07/2026,C83005,SPILSBY SURGERY,E01026105,MALE,69
GP_PRAC_PAT_LIST,01/07/2026,C83005,SPILSBY SURGERY,E01026110,MALE,1
GP_PRAC_PAT_LIST,01/07/2026,C83005,SPILSBY SURGERY,E01026113,MALE,121
GP_PRAC_PAT_LIST,01/07/2026,C83005,SPILSBY SURGERY,E01026114,MALE,2
GP_PRAC_PAT_LIST,01/07/2026,C83005,SPILSBY SURGERY,E01026115,MALE,2
GP_PRAC_PAT_LIST,01/07/2026,C83005,SPILSBY SURGERY,E01026125,MALE,1
GP_PRAC_PAT_LIST,01/07/2026,C83005,SPILSBY SURGERY,E01026362,MALE,1
GP_PRAC_PAT_LIST,01/07/2026,C83005,SPILSBY SURGERY,E01032987,MALE,1
GP_PRAC_PAT_LIST,01/07/2026,C83005,SPILSBY SURGERY,EMPTY,MALE,1
GP_PRAC_PAT_LIST,01/07/2026,C83007,LAKESIDE HEALTHCARE STAMFORD,CLOSED,MALE,4
GP_PRAC_PAT_LIST,01/07/2026,C83007,LAKESIDE HEALTHCARE STAMFORD,E01000524,MALE,1
GP_PRAC_PAT_LIST,01/07/2026,C83007,LAKESIDE HEALTHCARE STAMFORD,E01001047,MALE,1
GP_PRAC_PAT_LIST,01/07/2026,C83007,LAKESIDE HEALTHCARE STAMFORD,E01001907,MALE,1
GP_PRAC_PAT_LIST,01/07/2026,C83007,LAKESIDE HEALTHCARE STAMFORD,E01003102,MALE,1
GP_PRAC_PAT_LIST,01/07/2026,C83007,LAKESIDE HEALTHCARE STAMFORD,E01004115,MALE,1
GP_PRAC_PAT_LIST,01/07/2026,C83007,LAKESIDE HEALTHCARE STAMFORD,E01004203,MALE,1
GP_PRAC_PAT_LIST,01/07/2026,C83007,LAKESIDE HEALTHCARE STAMFORD,E01004540,MALE,1
GP_PRAC_PAT_LIST,01/07/2026,C83007,LAKESIDE HEALTHCARE STAMFORD,E01004621,MALE,1
GP_PRAC_PAT_LIST,01/07/2026,C83007,LAKESIDE HEALTHCARE STAMFORD,E01005853,MALE,1
GP_PRAC_PAT_LIST,01/07/2026,C83007,LAKESIDE HEALTHCARE STAMFORD,E01007187,MALE,1
GP_PRAC_PAT_LIST,01/07/2026,C83007,LAKESIDE HEALTHCARE STAMFORD,E01007863,MALE,1
GP_PRAC_PAT_LIST,01/07/2026,C83007,LAKESIDE HEALTHCARE STAMFORD,E01008420,MALE,1
GP_PRAC_PAT_LIST,01/07/2026,C83007,LAKESIDE HEALTHCARE STAMFORD,E01009670,MALE,1
GP_PRAC_PAT_LIST,01/07/2026,C83007,LAKESIDE HEALTHCARE STAMFORD,E01011057,MALE,1
GP_PRAC_PAT_LIST,01/07/2026,C83007,LAKESIDE HEALTHCARE STAMFORD,E01011444,MALE,1
GP_PRAC_PAT_LIST,01/07/2026,C83007,LAKESIDE HEALTHCARE STAMFORD,E01011706,MALE,1
GP_PRAC_PAT_LIST,01/07/2026,C83007,LAKESIDE HEALTHCARE STAMFORD,E01012679,MALE,1
GP_PRAC_PAT_LIST,01/07/2026,C83007,LAKESIDE HEALTHCARE STAMFORD,E01013524,MALE,1
GP_PRAC_PAT_LIST,01/07/2026,C83007,LAKESIDE HEALTHCARE STAMFORD,E01013787,MALE,3
GP_PRAC_PAT_LIST,01/07/2026,C83007,LAKESIDE HEALTHCARE STAMFORD,E01013788,MALE,2
GP_PRAC_PAT_LIST,01/07/2026,C83007,LAKESIDE HEALTHCARE STAMFORD,E01013789,MALE,4
GP_PRAC_PAT_LIST,01/07/2026,C83007,LAKESIDE HEALTHCARE STAMFORD,E01013790,MALE,4
GP_PRAC_PAT_LIST,01/07/2026,C83007,LAKESIDE HEALTHCARE STAMFORD,E01013791,MALE,263
GP_PRAC_PAT_LIST,01/07/2026,C83007,LAKESIDE HEALTHCARE STAMFORD,E01013792,MALE,192
GP_PRAC_PAT_LIST,01/07/2026,C83007,LAKESIDE HEALTHCARE STAMFORD,E01013794,MALE,2
GP_PRAC_PAT_LIST,01/07/2026,C83007,LAKESIDE HEALTHCARE STAMFORD,E01013795,MALE,1
GP_PRAC_PAT_LIST,01/07/2026,C83007,LAKESIDE HEALTHCARE STAMFORD,E01013796,MALE,10
GP_PRAC_PAT_LIST,01/07/2026,C83007,LAKESIDE HEALTHCARE STAMFORD,E01013797,MALE,15
GP_PRAC_PAT_LIST,01/07/2026,C83007,LAKESIDE HEALTHCARE STAMFORD,E01013800,MALE,2
GP_PRAC_PAT_LIST,01/07/2026,C83007,LAKESIDE HEALTHCARE STAMFORD,E01013804,MALE,558
GP_PRAC_PAT_LIST,01/07/2026,C83007,LAKESIDE HEALTHCARE STAMFORD,E01013805,MALE,361
GP_PRAC_PAT_LIST,01/07/2026,C83007,LAKESIDE HEALTHCARE STAMFORD,E01013807,MALE,1
GP_PRAC_PAT_LIST,01/07/2026,C83007,LAKESIDE HEALTHCARE STAMFORD,E01015356,MALE,1
GP_PRAC_PAT_LIST,01/07/2026,C83007,LAKESIDE HEALTHCARE STAMFORD,E01015552,MALE,1
GP_PRAC_PAT_LIST,01/07/2026,C83007,LAKESIDE HEALTHCARE STAMFORD,E01015589,MALE,205
GP_PRAC_PAT_LIST,01/07/2026,C83007,LAKESIDE HEALTHCARE STAMFORD,E01015590,MALE,448
GP_PRAC_PAT_LIST,01/07/2026,C83007,LAKESIDE HEALTHCARE STAMFORD,E01015594,MALE,1
GP_PRAC_PAT_LIST,01/07/2026,C83007,LAKESIDE HEALTHCARE STAMFORD,E01015612,MALE,1
GP_PRAC_PAT_LIST,01/07/2026,C83007,LAKESIDE HEALTHCARE STAMFORD,E01015618,MALE,1
GP_PRAC_PAT_LIST,01/07/2026,C83007,LAKESIDE HEALTHCARE STAMFORD,E01015622,MALE,1
GP_PRAC_PAT_LIST,01/07/2026,C83007,LAKESIDE HEALTHCARE STAMFORD,E01015626,MALE,132
GP_PRAC_PAT_LIST,01/07/2026,C83007,LAKESIDE HEALTHCARE STAMFORD,E01015627,MALE,1
GP_PRAC_PAT_LIST,01/07/2026,C83007,LAKESIDE HEALTHCARE STAMFORD,E01015628,MALE,179
GP_PRAC_PAT_LIST,01/07/2026,C83007,LAKESIDE HEALTHCARE STAMFORD,E01015636,MALE,5
GP_PRAC_PAT_LIST,01/07/2026,C83007,LAKESIDE HEALTHCARE STAMFORD,E01015641,MALE,1
GP_PRAC_PAT_LIST,01/07/2026,C83007,LAKESIDE HEALTHCARE STAMFORD,E01015650,MALE,1
GP_PRAC_PAT_LIST,01/07/2026,C83007,LAKESIDE HEALTHCARE STAMFORD,E01015654,MALE,1
GP_PRAC_PAT_LIST,01/07/2026,C83007,LAKESIDE HEALTHCARE STAMFORD,E01015655,MALE,1
GP_PRAC_PAT_LIST,01/07/2026,C83007,LAKESIDE HEALTHCARE STAMFORD,E01015656,MALE,1
GP_PRAC_PAT_LIST,01/07/2026,C83007,LAKESIDE HEALTHCARE STAMFORD,E01015664,MALE,1
GP_PRAC_PAT_LIST,01/07/2026,C83007,LAKESIDE HEALTHCARE STAMFORD,E01015667,MALE,1
GP_PRAC_PAT_LIST,01/07/2026,C83007,LAKESIDE HEALTHCARE STAMFORD,E01015668,MALE,1
GP_PRAC_PAT_LIST,01/07/2026,C83007,LAKESIDE HEALTHCARE STAMFORD,E01015669,MALE,1
GP_PRAC_PAT_LIST,01/07/2026,C83007,LAKESIDE HEALTHCARE STAMFORD,E01017437,MALE,1
GP_PRAC_PAT_LIST,01/07/2026,C83007,LAKESIDE HEALTHCARE STAMFORD,E01017522,MALE,1
GP_PRAC_PAT_LIST,01/07/2026,C83007,LAKESIDE HEALTHCARE STAMFORD,E01017674,MALE,1
GP_PRAC_PAT_LIST,01/07/2026,C83007,LAKESIDE HEALTHCARE STAMFORD,E01018115,MALE,1
GP_PRAC_PAT_LIST,01/07/2026,C83007,LAKESIDE HEALTHCARE STAMFORD,E01018127,MALE,1
GP_PRAC_PAT_LIST,01/07/2026,C83007,LAKESIDE HEALTHCARE STAMFORD,E01018128,MALE,4
GP_PRAC_PAT_LIST,01/07/2026,C83007,LAKESIDE HEALTHCARE STAMFORD,E01018147,MALE,1
GP_PRAC_PAT_LIST,01/07/2026,C83007,LAKESIDE HEALTHCARE STAMFORD,E01018168,MALE,1
GP_PRAC_PAT_LIST,01/07/2026,C83007,LAKESIDE HEALTHCARE STAMFORD,E01018217,MALE,1
GP_PRAC_PAT_LIST,01/07/2026,C83007,LAKESIDE HEALTHCARE STAMFORD,E01018226,MALE,1
GP_PRAC_PAT_LIST,01/07/2026,C83007,LAKESIDE HEALTHCARE STAMFORD,E01018749,MALE,1
GP_PRAC_PAT_LIST,01/07/2026,C83007,LAKESIDE HEALTHCARE STAMFORD,E01019807,MALE,1
GP_PRAC_PAT_LIST,01/07/2026,C83007,LAKESIDE HEALTHCARE STAMFORD,E01020280,MALE,1
GP_PRAC_PAT_LIST,01/07/2026,C83007,LAKESIDE HEALTHCARE STAMFORD,E01020395,MALE,1
GP_PRAC_PAT_LIST,01/07/2026,C83007,LAKESIDE HEALTHCARE STAMFORD,E01020723,MALE,1
GP_PRAC_PAT_LIST,01/07/2026,C83007,LAKESIDE HEALTHCARE STAMFORD,E01023451,MALE,1
GP_PRAC_PAT_LIST,01/07/2026,C83007,LAKESIDE HEALTHCARE STAMFORD,E01025645,MALE,1
GP_PRAC_PAT_LIST,01/07/2026,C83007,LAKESIDE HEALTHCARE STAMFORD,E01025906,MALE,1
GP_PRAC_PAT_LIST,01/07/2026,C83007,LAKESIDE HEALTHCARE STAMFORD,E01025912,MALE,1
GP_PRAC_PAT_LIST,01/07/2026,C83007,LAKESIDE HEALTHCARE STAMFORD,E01025983,MALE,1
GP_PRAC_PAT_LIST,01/07/2026,C83007,LAKESIDE HEALTHCARE STAMFORD,E01026092,MALE,1
GP_PRAC_PAT_LIST,01/07/2026,C83007,LAKESIDE HEALTHCARE STAMFORD,E01026198,MALE,1
GP_PRAC_PAT_LIST,01/07/2026,C83007,LAKESIDE HEALTHCARE STAMFORD,E01026221,MALE,1
GP_PRAC_PAT_LIST,01/07/2026,C83007,LAKESIDE HEALTHCARE STAMFORD,E01026226,MALE,1
GP_PRAC_PAT_LIST,01/07/2026,C83007,LAKESIDE HEALTHCARE STAMFORD,E01026228,MALE,1
GP_PRAC_PAT_LIST,01/07/2026,C83007,LAKESIDE HEALTHCARE STAMFORD,E01026240,MALE,2
GP_PRAC_PAT_LIST,01/07/2026,C83007,LAKESIDE HEALTHCARE STAMFORD,E01026241,MALE,1
GP_PRAC_PAT_LIST,01/07/2026,C83007,LAKESIDE HEALTHCARE STAMFORD,E01026242,MALE,1
GP_PRAC_PAT_LIST,01/07/2026,C83007,LAKESIDE HEALTHCARE STAMFORD,E01026252,MALE,1
GP_PRAC_PAT_LIST,01/07/2026,C83007,LAKESIDE HEALTHCARE STAMFORD,E01026282,MALE,1
GP_PRAC_PAT_LIST,01/07/2026,C83007,LAKESIDE HEALTHCARE STAMFORD,E01026287,MALE,667
GP_PRAC_PAT_LIST,01/07/2026,C83007,LAKESIDE HEALTHCARE STAMFORD,E01026288,MALE,779
GP_PRAC_PAT_LIST,01/07/2026,C83007,LAKESIDE HEALTHCARE STAMFORD,E01026289,MALE,1005
GP_PRAC_PAT_LIST,01/07/2026,C83007,LAKESIDE HEALTHCARE STAMFORD,E01026297,MALE,2
GP_PRAC_PAT_LIST,01/07/2026,C83007,LAKESIDE HEALTHCARE STAMFORD,E01026298,MALE,4
GP_PRAC_PAT_LIST,01/07/2026,C83007,LAKESIDE HEALTHCARE STAMFORD,E01026299,MALE,3
GP_PRAC_PAT_LIST,01/07/2026,C83007,LAKESIDE HEALTHCARE STAMFORD,E01026304,MALE,1
GP_PRAC_PAT_LIST,01/07/2026,C83007,LAKESIDE HEALTHCARE STAMFORD,E01026305,MALE,2
GP_PRAC_PAT_LIST,01/07/2026,C83007,LAKESIDE HEALTHCARE STAMFORD,E01026306,MALE,3
GP_PRAC_PAT_LIST,01/07/2026,C83007,LAKESIDE HEALTHCARE STAMFORD,E01026308,MALE,1
GP_PRAC_PAT_LIST,01/07/2026,C83007,LAKESIDE HEALTHCARE STAMFORD,E01026316,MALE,1
GP_PRAC_PAT_LIST,01/07/2026,C83007,LAKESIDE HEALTHCARE STAMFORD,E01026317,MALE,2
GP_PRAC_PAT_LIST,01/07/2026,C83007,LAKESIDE HEALTHCARE STAMFORD,E01026330,MALE,202
GP_PRAC_PAT_LIST,01/07/2026,C83007,LAKESIDE HEALTHCARE STAMFORD,E01026332,MALE,2
GP_PRAC_PAT_LIST,01/07/2026,C83007,LAKESIDE HEALTHCARE STAMFORD,E01026334,MALE,8
GP_PRAC_PAT_LIST,01/07/2026,C83007,LAKESIDE HEALTHCARE STAMFORD,E01026336,MALE,2
GP_PRAC_PAT_LIST,01/07/2026,C83007,LAKESIDE HEALTHCARE STAMFORD,E01026338,MALE,19
GP_PRAC_PAT_LIST,01/07/2026,C83007,LAKESIDE HEALTHCARE STAMFORD,E01026339,MALE,4
GP_PRAC_PAT_LIST,01/07/2026,C83007,LAKESIDE HEALTHCARE STAMFORD,E01026340,MALE,1
GP_PRAC_PAT_LIST,01/07/2026,C83007,LAKESIDE HEALTHCARE STAMFORD,E01026341,MALE,1
GP_PRAC_PAT_LIST,01/07/2026,C83007,LAKESIDE HEALTHCARE STAMFORD,E01026342,MALE,1
GP_PRAC_PAT_LIST,01/07/2026,C83007,LAKESIDE HEALTHCARE STAMFORD,E01026343,MALE,1
GP_PRAC_PAT_LIST,01/07/2026,C83007,LAKESIDE HEALTHCARE STAMFORD,E01026344,MALE,1
GP_PRAC_PAT_LIST,01/07/2026,C83007,LAKESIDE HEALTHCARE STAMFORD,E01026346,MALE,516
GP_PRAC_PAT_LIST,01/07/2026,C83007,LAKESIDE HEALTHCARE STAMFORD,E01026347,MALE,695
GP_PRAC_PAT_LIST,01/07/2026,C83007,LAKESIDE HEALTHCARE STAMFORD,E01026348,MALE,598
GP_PRAC_PAT_LIST,01/07/2026,C83007,LAKESIDE HEALTHCARE STAMFORD,E01026349,MALE,613
GP_PRAC_PAT_LIST,01/07/2026,C83007,LAKESIDE HEALTHCARE STAMFORD,E01026350,MALE,1005
GP_PRAC_PAT_LIST,01/07/2026,C83007,LAKESIDE HEALTHCARE STAMFORD,E01026351,MALE,681
GP_PRAC_PAT_LIST,01/07/2026,C83007,LAKESIDE HEALTHCARE STAMFORD,E01026356,MALE,566
GP_PRAC_PAT_LIST,01/07/2026,C83007,LAKESIDE HEALTHCARE STAMFORD,E01026357,MALE,574
GP_PRAC_PAT_LIST,01/07/2026,C83007,LAKESIDE HEALTHCARE STAMFORD,E01026358,MALE,557
GP_PRAC_PAT_LIST,01/07/2026,C83007,LAKESIDE HEALTHCARE STAMFORD,E01026359,MALE,1065
GP_PRAC_PAT_LIST,01/07/2026,C83007,LAKESIDE HEALTHCARE STAMFORD,E01026360,MALE,2
GP_PRAC_PAT_LIST,01/07/2026,C83007,LAKESIDE HEALTHCARE STAMFORD,E01026361,MALE,1
GP_PRAC_PAT_LIST,01/07/2026,C83007,LAKESIDE HEALTHCARE STAMFORD,E01026362,MALE,2
GP_PRAC_PAT_LIST,01/07/2026,C83007,LAKESIDE HEALTHCARE STAMFORD,E01026363,MALE,553
GP_PRAC_PAT_LIST,01/07/2026,C83007,LAKESIDE HEALTHCARE STAMFORD,E01026364,MALE,6
GP_PRAC_PAT_LIST,01/07/2026,C83007,LAKESIDE HEALTHCARE STAMFORD,E01026644,MALE,2
GP_PRAC_PAT_LIST,01/07/2026,C83007,LAKESIDE HEALTHCARE STAMFORD,E01026959,MALE,1
GP_PRAC_PAT_LIST,01/07/2026,C83007,LAKESIDE HEALTHCARE STAMFORD,E01026979,MALE,1
GP_PRAC_PAT_LIST,01/07/2026,C83007,LAKESIDE HEALTHCARE STAMFORD,E01027033,MALE,412
GP_PRAC_PAT_LIST,01/07/2026,C83007,LAKESIDE HEALTHCARE STAMFORD,E01027043,MALE,5
GP_PRAC_PAT_LIST,01/07/2026,C83007,LAKESIDE HEALTHCARE STAMFORD,E01027046,MALE,1
GP_PRAC_PAT_LIST,01/07/2026,C83007,LAKESIDE HEALTHCARE STAMFORD,E01027050,MALE,2
GP_PRAC_PAT_LIST,01/07/2026,C83007,LAKESIDE HEALTHCARE STAMFORD,E01027103,MALE,1
GP_PRAC_PAT_LIST,01/07/2026,C83007,LAKESIDE HEALTHCARE STAMFORD,E01027113,MALE,1
GP_PRAC_PAT_LIST,01/07/2026,C83007,LAKESIDE HEALTHCARE STAMFORD,E01028034,MALE,1
GP_PRAC_PAT_LIST,01/07/2026,C83007,LAKESIDE HEALTHCARE STAMFORD,E01028403,MALE,1
GP_PRAC_PAT_LIST,01/07/2026,C83007,LAKESIDE HEALTHCARE STAMFORD,E01029408,MALE,1
GP_PRAC_PAT_LIST,01/07/2026,C83007,LAKESIDE HEALTHCARE STAMFORD,E01029736,MALE,1
GP_PRAC_PAT_LIST,01/07/2026,C83007,LAKESIDE HEALTHCARE STAMFORD,E01031145,MALE,1
GP_PRAC_PAT_LIST,01/07/2026,C83007,LAKESIDE HEALTHCARE STAMFORD,E01031518,MALE,1
GP_PRAC_PAT_LIST,01/07/2026,C83007,LAKESIDE HEALTHCARE STAMFORD,E01032054,MALE,1
GP_PRAC_PAT_LIST,01/07/2026,C83007,LAKESIDE HEALTHCARE STAMFORD,E01032612,MALE,1
GP_PRAC_PAT_LIST,01/07/2026,C83007,LAKESIDE HEALTHCARE STAMFORD,E01032997,MALE,3
GP_PRAC_PAT_LIST,01/07/2026,C83007,LAKESIDE HEALTHCARE STAMFORD,E01032998,MALE,1
GP_PRAC_PAT_LIST,01/07/2026,C83007,LAKESIDE HEALTHCARE STAMFORD,E01033174,MALE,1
GP_PRAC_PAT_LIST,01/07/2026,C83007,LAKESIDE HEALTHCARE STAMFORD,E01033177,MALE,1
GP_PRAC_PAT_LIST,01/07/2026,C83007,LAKESIDE HEALTHCARE STAMFORD,E01033272,MALE,1
GP_PRAC_PAT_LIST,01/07/2026,C83007,LAKESIDE HEALTHCARE STAMFORD,E01034003,MALE,1
GP_PRAC_PAT_LIST,01/07/2026,C83007,LAKESIDE HEALTHCARE STAMFORD,E01034219,MALE,1
GP_PRAC_PAT_LIST,01/07/2026,C83007,LAKESIDE HEALTHCARE STAMFORD,E01034445,MALE,1
GP_PRAC_PAT_LIST,01/07/2026,C83007,LAKESIDE HEALTHCARE STAMFORD,E01034703,MALE,1
GP_PRAC_PAT_LIST,01/07/2026,C83007,LAKESIDE HEALTHCARE STAMFORD,E01034704,MALE,3
GP_PRAC_PAT_LIST,01/07/2026,C83007,LAKESIDE HEALTHCARE STAMFORD,E01034705,MALE,6
GP_PRAC_PAT_LIST,01/07/2026,C83007,LAKESIDE HEALTHCARE STAMFORD,E01034930,MALE,1
GP_PRAC_PAT_LIST,01/07/2026,C83007,LAKESIDE HEALTHCARE STAMFORD,E01034936,MALE,1
GP_PRAC_PAT_LIST,01/07/2026,C83007,LAKESIDE HEALTHCARE STAMFORD,E01035103,MALE,1
GP_PRAC_PAT_LIST,01/07/2026,C83007,LAKESIDE HEALTHCARE STAMFORD,E01035104,MALE,2
GP_PRAC_PAT_LIST,01/07/2026,C83007,LAKESIDE HEALTHCARE STAMFORD,E01035543,MALE,1
GP_PRAC_PAT_LIST,01/07/2026,C83007,LAKESIDE HEALTHCARE STAMFORD,E01035544,MALE,1
GP_PRAC_PAT_LIST,01/07/2026,C83007,LAKESIDE HEALTHCARE STAMFORD,E01035545,MALE,1
GP_PRAC_PAT_LIST,01/07/2026,C83007,LAKESIDE HEALTHCARE STAMFORD,E01035554,MALE,1
GP_PRAC_PAT_LIST,01/07/2026,C83007,LAKESIDE HEALTHCARE STAMFORD,EMPTY,MALE,14
GP_PRAC_PAT_LIST,01/07/2026,C83008,SWINGBRIDGE SURGERY,E01001661,MALE,1
GP_PRAC_PAT_LIST,01/07/2026,C83008,SWINGBRIDGE SURGERY,E01013864,MALE,1
GP_PRAC_PAT_LIST,01/07/2026,C83008,SWINGBRIDGE SURGERY,E01013920,MALE,1
GP_PRAC_PAT_LIST,01/07/2026,C83008,SWINGBRIDGE SURGERY,E01015599,MALE,1
GP_PRAC_PAT_LIST,01/07/2026,C83008,SWINGBRIDGE SURGERY,E01015612,MALE,1
GP_PRAC_PAT_LIST,01/07/2026,C83008,SWINGBRIDGE SURGERY,E01018068,MALE,1
GP_PRAC_PAT_LIST,01/07/2026,C83008,SWINGBRIDGE SURGERY,E01025886,MALE,1
GP_PRAC_PAT_LIST,01/07/2026,C83008,SWINGBRIDGE SURGERY,E01025887,MALE,1
GP_PRAC_PAT_LIST,01/07/2026,C83008,SWINGBRIDGE SURGERY,E01025936,MALE,1
GP_PRAC_PAT_LIST,01/07/2026,C83008,SWINGBRIDGE SURGERY,E01026016,MALE,1
GP_PRAC_PAT_LIST,01/07/2026,C83008,SWINGBRIDGE SURGERY,E01026125,MALE,1
GP_PRAC_PAT_LIST,01/07/2026,C83008,SWINGBRIDGE SURGERY,E01026193,MALE,1
GP_PRAC_PAT_LIST,01/07/2026,C83008,SWINGBRIDGE SURGERY,E01026198,MALE,1
GP_PRAC_PAT_LIST,01/07/2026,C83008,SWINGBRIDGE SURGERY,E01026221,MALE,1
GP_PRAC_PAT_LIST,01/07/2026,C83008,SWINGBRIDGE SURGERY,E01026224,MALE,1
GP_PRAC_PAT_LIST,01/07/2026,C83008,SWINGBRIDGE SURGERY,E01026228,MALE,2
GP_PRAC_PAT_LIST,01/07/2026,C83008,SWINGBRIDGE SURGERY,E01026291,MALE,387
GP_PRAC_PAT_LIST,01/07/2026,C83008,SWINGBRIDGE SURGERY,E01026292,MALE,31
GP_PRAC_PAT_LIST,01/07/2026,C83008,SWINGBRIDGE SURGERY,E01026293,MALE,42
GP_PRAC_PAT_LIST,01/07/2026,C83008,SWINGBRIDGE SURGERY,E01026294,MALE,28
GP_PRAC_PAT_LIST,01/07/2026,C83008,SWINGBRIDGE SURGERY,E01026298,MALE,1
GP_PRAC_PAT_LIST,01/07/2026,C83008,SWINGBRIDGE SURGERY,E01026308,MALE,333
GP_PRAC_PAT_LIST,01/07/2026,C83008,SWINGBRIDGE SURGERY,E01026309,MALE,245
GP_PRAC_PAT_LIST,01/07/2026,C83008,SWINGBRIDGE SURGERY,E01026310,MALE,266
GP_PRAC_PAT_LIST,01/07/2026,C83008,SWINGBRIDGE SURGERY,E01026311,MALE,243
GP_PRAC_PAT_LIST,01/07/2026,C83008,SWINGBRIDGE SURGERY,E01026312,MALE,316
GP_PRAC_PAT_LIST,01/07/2026,C83008,SWINGBRIDGE SURGERY,E01026313,MALE,10
GP_PRAC_PAT_LIST,01/07/2026,C83008,SWINGBRIDGE SURGERY,E01026315,MALE,35
GP_PRAC_PAT_LIST,01/07/2026,C83008,SWINGBRIDGE SURGERY,E01026316,MALE,2
GP_PRAC_PAT_LIST,01/07/2026,C83008,SWINGBRIDGE SURGERY,E01026317,MALE,140
GP_PRAC_PAT_LIST,01/07/2026,C83008,SWINGBRIDGE SURGERY,E01026318,MALE,104
GP_PRAC_PAT_LIST,01/07/2026,C83008,SWINGBRIDGE SURGERY,E01026319,MALE,318
GP_PRAC_PAT_LIST,01/07/2026,C83008,SWINGBRIDGE SURGERY,E01026321,MALE,227
GP_PRAC_PAT_LIST,01/07/2026,C83008,SWINGBRIDGE SURGERY,E01026322,MALE,108
GP_PRAC_PAT_LIST,01/07/2026,C83008,SWINGBRIDGE SURGERY,E01026323,MALE,57
GP_PRAC_PAT_LIST,01/07/2026,C83008,SWINGBRIDGE SURGERY,E01026324,MALE,81
GP_PRAC_PAT_LIST,01/07/2026,C83008,SWINGBRIDGE SURGERY,E01026325,MALE,35
GP_PRAC_PAT_LIST,01/07/2026,C83008,SWINGBRIDGE SURGERY,E01026326,MALE,15
GP_PRAC_PAT_LIST,01/07/2026,C83008,SWINGBRIDGE SURGERY,E01026327,MALE,28
GP_PRAC_PAT_LIST,01/07/2026,C83008,SWINGBRIDGE SURGERY,E01026328,MALE,51
GP_PRAC_PAT_LIST,01/07/2026,C83008,SWINGBRIDGE SURGERY,E01026329,MALE,1
GP_PRAC_PAT_LIST,01/07/2026,C83008,SWINGBRIDGE SURGERY,E01026331,MALE,7
GP_PRAC_PAT_LIST,01/07/2026,C83008,SWINGBRIDGE SURGERY,E01026332,MALE,8
GP_PRAC_PAT_LIST,01/07/2026,C83008,SWINGBRIDGE SURGERY,E01026333,MALE,4
GP_PRAC_PAT_LIST,01/07/2026,C83008,SWINGBRIDGE SURGERY,E01026339,MALE,1
GP_PRAC_PAT_LIST,01/07/2026,C83008,SWINGBRIDGE SURGERY,E01026340,MALE,59
GP_PRAC_PAT_LIST,01/07/2026,C83008,SWINGBRIDGE SURGERY,E01026343,MALE,35
GP_PRAC_PAT_LIST,01/07/2026,C83008,SWINGBRIDGE SURGERY,E01026344,MALE,53
GP_PRAC_PAT_LIST,01/07/2026,C83008,SWINGBRIDGE SURGERY,E01026345,MALE,34
GP_PRAC_PAT_LIST,01/07/2026,C83008,SWINGBRIDGE SURGERY,E01026352,MALE,34
GP_PRAC_PAT_LIST,01/07/2026,C83008,SWINGBRIDGE SURGERY,E01026353,MALE,39
GP_PRAC_PAT_LIST,01/07/2026,C83008,SWINGBRIDGE SURGERY,E01026354,MALE,20
GP_PRAC_PAT_LIST,01/07/2026,C83008,SWINGBRIDGE SURGERY,E01026365,MALE,10
GP_PRAC_PAT_LIST,01/07/2026,C83008,SWINGBRIDGE SURGERY,E01028310,MALE,1
GP_PRAC_PAT_LIST,01/07/2026,C83008,SWINGBRIDGE SURGERY,E01028311,MALE,1
GP_PRAC_PAT_LIST,01/07/2026,C83008,SWINGBRIDGE SURGERY,E01028320,MALE,1
GP_PRAC_PAT_LIST,01/07/2026,C83008,SWINGBRIDGE SURGERY,E01028334,MALE,1
GP_PRAC_PAT_LIST,01/07/2026,C83008,SWINGBRIDGE SURGERY,E01030662,MALE,1
GP_PRAC_PAT_LIST,01/07/2026,C83008,SWINGBRIDGE SURGERY,E01030672,MALE,1
GP_PRAC_PAT_LIST,01/07/2026,C83008,SWINGBRIDGE SURGERY,E01033184,MALE,1
GP_PRAC_PAT_LIST,01/07/2026,C83008,SWINGBRIDGE SURGERY,E01033780,MALE,1
GP_PRAC_PAT_LIST,01/07/2026,C83008,SWINGBRIDGE SURGERY,E01034701,MALE,228
GP_PRAC_PAT_LIST,01/07/2026,C83008,SWINGBRIDGE SURGERY,E01034702,MALE,158
GP_PRAC_PAT_LIST,01/07/2026,C83008,SWINGBRIDGE SURGERY,E01034704,MALE,1
GP_PRAC_PAT_LIST,01/07/2026,C83008,SWINGBRIDGE SURGERY,EMPTY,MALE,7
GP_PRAC_PAT_LIST,01/07/2026,C83009,LINDUM MEDICAL PRACTICE,E01005719,MALE,1
GP_PRAC_PAT_LIST,01/07/2026,C83009,LINDUM MEDICAL PRACTICE,E01018466,MALE,1
GP_PRAC_PAT_LIST,01/07/2026,C83009,LINDUM MEDICAL PRACTICE,E01026051,MALE,1
GP_PRAC_PAT_LIST,01/07/2026,C83009,LINDUM MEDICAL PRACTICE,E01026073,MALE,1
GP_PRAC_PAT_LIST,01/07/2026,C83009,LINDUM MEDICAL PRACTICE,E01026095,MALE,1
GP_PRAC_PAT_LIST,01/07/2026,C83009,LINDUM MEDICAL PRACTICE,E01026122,MALE,45
GP_PRAC_PAT_LIST,01/07/2026,C83009,LINDUM MEDICAL PRACTICE,E01026123,MALE,140
GP_PRAC_PAT_LIST,01/07/2026,C83009,LINDUM MEDICAL PRACTICE,E01026124,MALE,12
GP_PRAC_PAT_LIST,01/07/2026,C83009,LINDUM MEDICAL PRACTICE,E01026125,MALE,54
GP_PRAC_PAT_LIST,01/07/2026,C83009,LINDUM MEDICAL PRACTICE,E01026126,MALE,30
GP_PRAC_PAT_LIST,01/07/2026,C83009,LINDUM MEDICAL PRACTICE,E01026131,MALE,2
GP_PRAC_PAT_LIST,01/07/2026,C83009,LINDUM MEDICAL PRACTICE,E01026132,MALE,5
GP_PRAC_PAT_LIST,01/07/2026,C83009,LINDUM MEDICAL PRACTICE,E01026134,MALE,1
GP_PRAC_PAT_LIST,01/07/2026,C83009,LINDUM MEDICAL PRACTICE,E01026135,MALE,1
GP_PRAC_PAT_LIST,01/07/2026,C83009,LINDUM MEDICAL PRACTICE,E01026136,MALE,1
GP_PRAC_PAT_LIST,01/07/2026,C83009,LINDUM MEDICAL PRACTICE,E01026140,MALE,1
GP_PRAC_PAT_LIST,01/07/2026,C83009,LINDUM MEDICAL PRACTICE,E01026142,MALE,6
GP_PRAC_PAT_LIST,01/07/2026,C83009,LINDUM MEDICAL PRACTICE,E01026144,MALE,22
GP_PRAC_PAT_LIST,01/07/2026,C83009,LINDUM MEDICAL PRACTICE,E01026145,MALE,29
GP_PRAC_PAT_LIST,01/07/2026,C83009,LINDUM MEDICAL PRACTICE,E01026146,MALE,9
GP_PRAC_PAT_LIST,01/07/2026,C83009,LINDUM MEDICAL PRACTICE,E01026147,MALE,118
GP_PRAC_PAT_LIST,01/07/2026,C83009,LINDUM MEDICAL PRACTICE,E01026148,MALE,77
GP_PRAC_PAT_LIST,01/07/2026,C83009,LINDUM MEDICAL PRACTICE,E01026149,MALE,206
GP_PRAC_PAT_LIST,01/07/2026,C83009,LINDUM MEDICAL PRACTICE,E01026150,MALE,256
GP_PRAC_PAT_LIST,01/07/2026,C83009,LINDUM MEDICAL PRACTICE,E01026151,MALE,130
GP_PRAC_PAT_LIST,01/07/2026,C83009,LINDUM MEDICAL PRACTICE,E01026152,MALE,280
GP_PRAC_PAT_LIST,01/07/2026,C83009,LINDUM MEDICAL PRACTICE,E01026153,MALE,158
GP_PRAC_PAT_LIST,01/07/2026,C83009,LINDUM MEDICAL PRACTICE,E01026154,MALE,228
GP_PRAC_PAT_LIST,01/07/2026,C83009,LINDUM MEDICAL PRACTICE,E01026155,MALE,121
GP_PRAC_PAT_LIST,01/07/2026,C83009,LINDUM MEDICAL PRACTICE,E01026156,MALE,239
GP_PRAC_PAT_LIST,01/07/2026,C83009,LINDUM MEDICAL PRACTICE,E01026157,MALE,228
GP_PRAC_PAT_LIST,01/07/2026,C83009,LINDUM MEDICAL PRACTICE,E01026164,MALE,182
GP_PRAC_PAT_LIST,01/07/2026,C83009,LINDUM MEDICAL PRACTICE,E01026165,MALE,328
GP_PRAC_PAT_LIST,01/07/2026,C83009,LINDUM MEDICAL PRACTICE,E01026166,MALE,282
GP_PRAC_PAT_LIST,01/07/2026,C83009,LINDUM MEDICAL PRACTICE,E01026167,MALE,94
GP_PRAC_PAT_LIST,01/07/2026,C83009,LINDUM MEDICAL PRACTICE,E01026168,MALE,373
GP_PRAC_PAT_LIST,01/07/2026,C83009,LINDUM MEDICAL PRACTICE,E01026169,MALE,1
GP_PRAC_PAT_LIST,01/07/2026,C83009,LINDUM MEDICAL PRACTICE,E01026172,MALE,1
GP_PRAC_PAT_LIST,01/07/2026,C83009,LINDUM MEDICAL PRACTICE,E01026173,MALE,1
GP_PRAC_PAT_LIST,01/07/2026,C83009,LINDUM MEDICAL PRACTICE,E01026174,MALE,1
GP_PRAC_PAT_LIST,01/07/2026,C83009,LINDUM MEDICAL PRACTICE,E01026176,MALE,1
GP_PRAC_PAT_LIST,01/07/2026,C83009,LINDUM MEDICAL PRACTICE,E01026190,MALE,1
GP_PRAC_PAT_LIST,01/07/2026,C83009,LINDUM MEDICAL PRACTICE,E01026196,MALE,1
GP_PRAC_PAT_LIST,01/07/2026,C83009,LINDUM MEDICAL PRACTICE,E01026220,MALE,1
GP_PRAC_PAT_LIST,01/07/2026,C83009,LINDUM MEDICAL PRACTICE,E01026369,MALE,34
GP_PRAC_PAT_LIST,01/07/2026,C83009,LINDUM MEDICAL PRACTICE,E01026370,MALE,65
GP_PRAC_PAT_LIST,01/07/2026,C83009,LINDUM MEDICAL PRACTICE,E01026371,MALE,18
GP_PRAC_PAT_LIST,01/07/2026,C83009,LINDUM MEDICAL PRACTICE,E01026372,MALE,23
GP_PRAC_PAT_LIST,01/07/2026,C83009,LINDUM MEDICAL PRACTICE,E01026373,MALE,10
GP_PRAC_PAT_LIST,01/07/2026,C83009,LINDUM MEDICAL PRACTICE,E01026393,MALE,18
GP_PRAC_PAT_LIST,01/07/2026,C83009,LINDUM MEDICAL PRACTICE,E01026394,MALE,169
GP_PRAC_PAT_LIST,01/07/2026,C83009,LINDUM MEDICAL PRACTICE,E01026395,MALE,26
GP_PRAC_PAT_LIST,01/07/2026,C83009,LINDUM MEDICAL PRACTICE,E01026398,MALE,1
GP_PRAC_PAT_LIST,01/07/2026,C83009,LINDUM MEDICAL PRACTICE,E01026400,MALE,17
GP_PRAC_PAT_LIST,01/07/2026,C83009,LINDUM MEDICAL PRACTICE,E01026404,MALE,1
GP_PRAC_PAT_LIST,01/07/2026,C83009,LINDUM MEDICAL PRACTICE,E01026405,MALE,13
GP_PRAC_PAT_LIST,01/07/2026,C83009,LINDUM MEDICAL PRACTICE,E01026406,MALE,21
GP_PRAC_PAT_LIST,01/07/2026,C83009,LINDUM MEDICAL PRACTICE,E01026412,MALE,18
GP_PRAC_PAT_LIST,01/07/2026,C83009,LINDUM MEDICAL PRACTICE,E01026413,MALE,7
GP_PRAC_PAT_LIST,01/07/2026,C83009,LINDUM MEDICAL PRACTICE,E01026414,MALE,5
GP_PRAC_PAT_LIST,01/07/2026,C83009,LINDUM MEDICAL PRACTICE,E01027057,MALE,1
GP_PRAC_PAT_LIST,01/07/2026,C83009,LINDUM MEDICAL PRACTICE,E01028296,MALE,1
GP_PRAC_PAT_LIST,01/07/2026,C83009,LINDUM MEDICAL PRACTICE,E01028317,MALE,1
GP_PRAC_PAT_LIST,01/07/2026,C83009,LINDUM MEDICAL PRACTICE,E01029637,MALE,1
GP_PRAC_PAT_LIST,01/07/2026,C83009,LINDUM MEDICAL PRACTICE,E01032988,MALE,1
GP_PRAC_PAT_LIST,01/07/2026,C83009,LINDUM MEDICAL PRACTICE,E01033179,MALE,1
GP_PRAC_PAT_LIST,01/07/2026,C83009,LINDUM MEDICAL PRACTICE,E01034687,MALE,13
GP_PRAC_PAT_LIST,01/07/2026,C83009,LINDUM MEDICAL PRACTICE,E01034688,MALE,19
GP_PRAC_PAT_LIST,01/07/2026,C83009,LINDUM MEDICAL PRACTICE,E01034691,MALE,3
GP_PRAC_PAT_LIST,01/07/2026,C83009,LINDUM MEDICAL PRACTICE,E01034697,MALE,1
GP_PRAC_PAT_LIST,01/07/2026,C83009,LINDUM MEDICAL PRACTICE,E01034707,MALE,33
GP_PRAC_PAT_LIST,01/07/2026,C83009,LINDUM MEDICAL PRACTICE,EMPTY,MALE,2
GP_PRAC_PAT_LIST,01/07/2026,C83010,PARKSIDE MEDICAL CENTRE,CLOSED,MALE,5
GP_PRAC_PAT_LIST,01/07/2026,C83010,PARKSIDE MEDICAL CENTRE,E01001876,MALE,1
GP_PRAC_PAT_LIST,01/07/2026,C83010,PARKSIDE MEDICAL CENTRE,E01002444,MALE,1
GP_PRAC_PAT_LIST,01/07/2026,C83010,PARKSIDE MEDICAL CENTRE,E01004622,MALE,2
GP_PRAC_PAT_LIST,01/07/2026,C83010,PARKSIDE MEDICAL CENTRE,E01005949,MALE,1
GP_PRAC_PAT_LIST,01/07/2026,C83010,PARKSIDE MEDICAL CENTRE,E01009345,MALE,1
GP_PRAC_PAT_LIST,01/07/2026,C83010,PARKSIDE MEDICAL CENTRE,E01011446,MALE,1
GP_PRAC_PAT_LIST,01/07/2026,C83010,PARKSIDE MEDICAL CENTRE,E01012036,MALE,1
GP_PRAC_PAT_LIST,01/07/2026,C83010,PARKSIDE MEDICAL CENTRE,E01012534,MALE,1
GP_PRAC_PAT_LIST,01/07/2026,C83010,PARKSIDE MEDICAL CENTRE,E01012674,MALE,1
GP_PRAC_PAT_LIST,01/07/2026,C83010,PARKSIDE MEDICAL CENTRE,E01013138,MALE,1
GP_PRAC_PAT_LIST,01/07/2026,C83010,PARKSIDE MEDICAL CENTRE,E01013524,MALE,1
GP_PRAC_PAT_LIST,01/07/2026,C83010,PARKSIDE MEDICAL CENTRE,E01013967,MALE,1
GP_PRAC_PAT_LIST,01/07/2026,C83010,PARKSIDE MEDICAL CENTRE,E01015601,MALE,1
GP_PRAC_PAT_LIST,01/07/2026,C83010,PARKSIDE MEDICAL CENTRE,E01015622,MALE,1
GP_PRAC_PAT_LIST,01/07/2026,C83010,PARKSIDE MEDICAL CENTRE,E01015680,MALE,1
GP_PRAC_PAT_LIST,01/07/2026,C83010,PARKSIDE MEDICAL CENTRE,E01017207,MALE,1
GP_PRAC_PAT_LIST,01/07/2026,C83010,PARKSIDE MEDICAL CENTRE,E01017478,MALE,1
GP_PRAC_PAT_LIST,01/07/2026,C83010,PARKSIDE MEDICAL CENTRE,E01017995,MALE,1
GP_PRAC_PAT_LIST,01/07/2026,C83010,PARKSIDE MEDICAL CENTRE,E01018106,MALE,1
GP_PRAC_PAT_LIST,01/07/2026,C83010,PARKSIDE MEDICAL CENTRE,E01021627,MALE,1
GP_PRAC_PAT_LIST,01/07/2026,C83010,PARKSIDE MEDICAL CENTRE,E01021859,MALE,1
GP_PRAC_PAT_LIST,01/07/2026,C83010,PARKSIDE MEDICAL CENTRE,E01026007,MALE,124
GP_PRAC_PAT_LIST,01/07/2026,C83010,PARKSIDE MEDICAL CENTRE,E01026008,MALE,141
GP_PRAC_PAT_LIST,01/07/2026,C83010,PARKSIDE MEDICAL CENTRE,E01026009,MALE,55
GP_PRAC_PAT_LIST,01/07/2026,C83010,PARKSIDE MEDICAL CENTRE,E01026010,MALE,280
GP_PRAC_PAT_LIST,01/07/2026,C83010,PARKSIDE MEDICAL CENTRE,E01026012,MALE,221
GP_PRAC_PAT_LIST,01/07/2026,C83010,PARKSIDE MEDICAL CENTRE,E01026013,MALE,381
GP_PRAC_PAT_LIST,01/07/2026,C83010,PARKSIDE MEDICAL CENTRE,E01026014,MALE,290
GP_PRAC_PAT_LIST,01/07/2026,C83010,PARKSIDE MEDICAL CENTRE,E01026015,MALE,305
GP_PRAC_PAT_LIST,01/07/2026,C83010,PARKSIDE MEDICAL CENTRE,E01026016,MALE,8
GP_PRAC_PAT_LIST,01/07/2026,C83010,PARKSIDE MEDICAL CENTRE,E01026017,MALE,7
GP_PRAC_PAT_LIST,01/07/2026,C83010,PARKSIDE MEDICAL CENTRE,E01026018,MALE,79
GP_PRAC_PAT_LIST,01/07/2026,C83010,PARKSIDE MEDICAL CENTRE,E01026019,MALE,68
GP_PRAC_PAT_LIST,01/07/2026,C83010,PARKSIDE MEDICAL CENTRE,E01026020,MALE,82
GP_PRAC_PAT_LIST,01/07/2026,C83010,PARKSIDE MEDICAL CENTRE,E01026021,MALE,637
GP_PRAC_PAT_LIST,01/07/2026,C83010,PARKSIDE MEDICAL CENTRE,E01026022,MALE,535
GP_PRAC_PAT_LIST,01/07/2026,C83010,PARKSIDE MEDICAL CENTRE,E01026023,MALE,8
GP_PRAC_PAT_LIST,01/07/2026,C83010,PARKSIDE MEDICAL CENTRE,E01026024,MALE,45
GP_PRAC_PAT_LIST,01/07/2026,C83010,PARKSIDE MEDICAL CENTRE,E01026025,MALE,486
GP_PRAC_PAT_LIST,01/07/2026,C83010,PARKSIDE MEDICAL CENTRE,E01026026,MALE,327
GP_PRAC_PAT_LIST,01/07/2026,C83010,PARKSIDE MEDICAL CENTRE,E01026027,MALE,301
GP_PRAC_PAT_LIST,01/07/2026,C83010,PARKSIDE MEDICAL CENTRE,E01026028,MALE,395
GP_PRAC_PAT_LIST,01/07/2026,C83010,PARKSIDE MEDICAL CENTRE,E01026030,MALE,346
GP_PRAC_PAT_LIST,01/07/2026,C83010,PARKSIDE MEDICAL CENTRE,E01026031,MALE,224
GP_PRAC_PAT_LIST,01/07/2026,C83010,PARKSIDE MEDICAL CENTRE,E01026032,MALE,425
GP_PRAC_PAT_LIST,01/07/2026,C83010,PARKSIDE MEDICAL CENTRE,E01026033,MALE,25
GP_PRAC_PAT_LIST,01/07/2026,C83010,PARKSIDE MEDICAL CENTRE,E01026034,MALE,2
GP_PRAC_PAT_LIST,01/07/2026,C83010,PARKSIDE MEDICAL CENTRE,E01026035,MALE,257
GP_PRAC_PAT_LIST,01/07/2026,C83010,PARKSIDE MEDICAL CENTRE,E01026036,MALE,624
GP_PRAC_PAT_LIST,01/07/2026,C83010,PARKSIDE MEDICAL CENTRE,E01026037,MALE,383
GP_PRAC_PAT_LIST,01/07/2026,C83010,PARKSIDE MEDICAL CENTRE,E01026038,MALE,314
GP_PRAC_PAT_LIST,01/07/2026,C83010,PARKSIDE MEDICAL CENTRE,E01026039,MALE,129
GP_PRAC_PAT_LIST,01/07/2026,C83010,PARKSIDE MEDICAL CENTRE,E01026040,MALE,164
GP_PRAC_PAT_LIST,01/07/2026,C83010,PARKSIDE MEDICAL CENTRE,E01026041,MALE,101
GP_PRAC_PAT_LIST,01/07/2026,C83010,PARKSIDE MEDICAL CENTRE,E01026043,MALE,1
GP_PRAC_PAT_LIST,01/07/2026,C83010,PARKSIDE MEDICAL CENTRE,E01026045,MALE,1
GP_PRAC_PAT_LIST,01/07/2026,C83010,PARKSIDE MEDICAL CENTRE,E01026057,MALE,151
GP_PRAC_PAT_LIST,01/07/2026,C83010,PARKSIDE MEDICAL CENTRE,E01026069,MALE,1
GP_PRAC_PAT_LIST,01/07/2026,C83010,PARKSIDE MEDICAL CENTRE,E01026075,MALE,3
GP_PRAC_PAT_LIST,01/07/2026,C83010,PARKSIDE MEDICAL CENTRE,E01026081,MALE,1
GP_PRAC_PAT_LIST,01/07/2026,C83010,PARKSIDE MEDICAL CENTRE,E01026098,MALE,120
GP_PRAC_PAT_LIST,01/07/2026,C83010,PARKSIDE MEDICAL CENTRE,E01026102,MALE,2
GP_PRAC_PAT_LIST,01/07/2026,C83010,PARKSIDE MEDICAL CENTRE,E01026114,MALE,1
GP_PRAC_PAT_LIST,01/07/2026,C83010,PARKSIDE MEDICAL CENTRE,E01026118,MALE,1
GP_PRAC_PAT_LIST,01/07/2026,C83010,PARKSIDE MEDICAL CENTRE,E01026125,MALE,2
GP_PRAC_PAT_LIST,01/07/2026,C83010,PARKSIDE MEDICAL CENTRE,E01026200,MALE,1
GP_PRAC_PAT_LIST,01/07/2026,C83010,PARKSIDE MEDICAL CENTRE,E01026247,MALE,1
GP_PRAC_PAT_LIST,01/07/2026,C83010,PARKSIDE MEDICAL CENTRE,E01026266,MALE,1
GP_PRAC_PAT_LIST,01/07/2026,C83010,PARKSIDE MEDICAL CENTRE,E01026268,MALE,1
GP_PRAC_PAT_LIST,01/07/2026,C83010,PARKSIDE MEDICAL CENTRE,E01026275,MALE,1
GP_PRAC_PAT_LIST,01/07/2026,C83010,PARKSIDE MEDICAL CENTRE,E01026345,MALE,1
GP_PRAC_PAT_LIST,01/07/2026,C83010,PARKSIDE MEDICAL CENTRE,E01026360,MALE,1
GP_PRAC_PAT_LIST,01/07/2026,C83010,PARKSIDE MEDICAL CENTRE,E01026389,MALE,1
GP_PRAC_PAT_LIST,01/07/2026,C83010,PARKSIDE MEDICAL CENTRE,E01028427,MALE,1
GP_PRAC_PAT_LIST,01/07/2026,C83010,PARKSIDE MEDICAL CENTRE,E01029217,MALE,1
GP_PRAC_PAT_LIST,01/07/2026,C83010,PARKSIDE MEDICAL CENTRE,E01029408,MALE,1
GP_PRAC_PAT_LIST,01/07/2026,C83010,PARKSIDE MEDICAL CENTRE,E01029425,MALE,1
GP_PRAC_PAT_LIST,01/07/2026,C83010,PARKSIDE MEDICAL CENTRE,E01033129,MALE,2
GP_PRAC_PAT_LIST,01/07/2026,C83010,PARKSIDE MEDICAL CENTRE,E01033603,MALE,1
GP_PRAC_PAT_LIST,01/07/2026,C83010,PARKSIDE MEDICAL CENTRE,E01034679,MALE,302
GP_PRAC_PAT_LIST,01/07/2026,C83010,PARKSIDE MEDICAL CENTRE,E01034680,MALE,244
GP_PRAC_PAT_LIST,01/07/2026,C83010,PARKSIDE MEDICAL CENTRE,E01034681,MALE,303
GP_PRAC_PAT_LIST,01/07/2026,C83010,PARKSIDE MEDICAL CENTRE,E01034682,MALE,307
GP_PRAC_PAT_LIST,01/07/2026,C83010,PARKSIDE MEDICAL CENTRE,E01034683,MALE,143
GP_PRAC_PAT_LIST,01/07/2026,C83010,PARKSIDE MEDICAL CENTRE,E01034684,MALE,155
GP_PRAC_PAT_LIST,01/07/2026,C83010,PARKSIDE MEDICAL CENTRE,E01035655,MALE,1
GP_PRAC_PAT_LIST,01/07/2026,C83010,PARKSIDE MEDICAL CENTRE,E01035748,MALE,1
GP_PRAC_PAT_LIST,01/07/2026,C83010,PARKSIDE MEDICAL CENTRE,EMPTY,MALE,5
GP_PRAC_PAT_LIST,01/07/2026,C83011,MILLVIEW MEDICAL CENTRE,CLOSED,MALE,1
GP_PRAC_PAT_LIST,01/07/2026,C83011,MILLVIEW MEDICAL CENTRE,E01013237,MALE,3
GP_PRAC_PAT_LIST,01/07/2026,C83011,MILLVIEW MEDICAL CENTRE,E01015598,MALE,1
GP_PRAC_PAT_LIST,01/07/2026,C83011,MILLVIEW MEDICAL CENTRE,E01015663,MALE,1
GP_PRAC_PAT_LIST,01/07/2026,C83011,MILLVIEW MEDICAL CENTRE,E01022458,MALE,1
GP_PRAC_PAT_LIST,01/07/2026,C83011,MILLVIEW MEDICAL CENTRE,E01026016,MALE,1
GP_PRAC_PAT_LIST,01/07/2026,C83011,MILLVIEW MEDICAL CENTRE,E01026021,MALE,1
GP_PRAC_PAT_LIST,01/07/2026,C83011,MILLVIEW MEDICAL CENTRE,E01026033,MALE,7
GP_PRAC_PAT_LIST,01/07/2026,C83011,MILLVIEW MEDICAL CENTRE,E01026044,MALE,1
GP_PRAC_PAT_LIST,01/07/2026,C83011,MILLVIEW MEDICAL CENTRE,E01026045,MALE,1
GP_PRAC_PAT_LIST,01/07/2026,C83011,MILLVIEW MEDICAL CENTRE,E01026114,MALE,1
GP_PRAC_PAT_LIST,01/07/2026,C83011,MILLVIEW MEDICAL CENTRE,E01026125,MALE,2
GP_PRAC_PAT_LIST,01/07/2026,C83011,MILLVIEW MEDICAL CENTRE,E01026126,MALE,1
GP_PRAC_PAT_LIST,01/07/2026,C83011,MILLVIEW MEDICAL CENTRE,E01026136,MALE,1
GP_PRAC_PAT_LIST,01/07/2026,C83011,MILLVIEW MEDICAL CENTRE,E01026166,MALE,1
GP_PRAC_PAT_LIST,01/07/2026,C83011,MILLVIEW MEDICAL CENTRE,E01026168,MALE,1
GP_PRAC_PAT_LIST,01/07/2026,C83011,MILLVIEW MEDICAL CENTRE,E01026180,MALE,8
GP_PRAC_PAT_LIST,01/07/2026,C83011,MILLVIEW MEDICAL CENTRE,E01026183,MALE,2
GP_PRAC_PAT_LIST,01/07/2026,C83011,MILLVIEW MEDICAL CENTRE,E01026184,MALE,1
GP_PRAC_PAT_LIST,01/07/2026,C83011,MILLVIEW MEDICAL CENTRE,E01026188,MALE,1
GP_PRAC_PAT_LIST,01/07/2026,C83011,MILLVIEW MEDICAL CENTRE,E01026190,MALE,1
GP_PRAC_PAT_LIST,01/07/2026,C83011,MILLVIEW MEDICAL CENTRE,E01026194,MALE,1
GP_PRAC_PAT_LIST,01/07/2026,C83011,MILLVIEW MEDICAL CENTRE,E01026197,MALE,71
GP_PRAC_PAT_LIST,01/07/2026,C83011,MILLVIEW MEDICAL CENTRE,E01026198,MALE,18
GP_PRAC_PAT_LIST,01/07/2026,C83011,MILLVIEW MEDICAL CENTRE,E01026200,MALE,672
GP_PRAC_PAT_LIST,01/07/2026,C83011,MILLVIEW MEDICAL CENTRE,E01026201,MALE,628
GP_PRAC_PAT_LIST,01/07/2026,C83011,MILLVIEW MEDICAL CENTRE,E01026202,MALE,817
GP_PRAC_PAT_LIST,01/07/2026,C83011,MILLVIEW MEDICAL CENTRE,E01026207,MALE,71
GP_PRAC_PAT_LIST,01/07/2026,C83011,MILLVIEW MEDICAL CENTRE,E01026208,MALE,285
GP_PRAC_PAT_LIST,01/07/2026,C83011,MILLVIEW MEDICAL CENTRE,E01026209,MALE,132
GP_PRAC_PAT_LIST,01/07/2026,C83011,MILLVIEW MEDICAL CENTRE,E01026221,MALE,150
GP_PRAC_PAT_LIST,01/07/2026,C83011,MILLVIEW MEDICAL CENTRE,E01026222,MALE,51
GP_PRAC_PAT_LIST,01/07/2026,C83011,MILLVIEW MEDICAL CENTRE,E01026223,MALE,52
GP_PRAC_PAT_LIST,01/07/2026,C83011,MILLVIEW MEDICAL CENTRE,E01026224,MALE,42
GP_PRAC_PAT_LIST,01/07/2026,C83011,MILLVIEW MEDICAL CENTRE,E01026227,MALE,217
GP_PRAC_PAT_LIST,01/07/2026,C83011,MILLVIEW MEDICAL CENTRE,E01026228,MALE,277
GP_PRAC_PAT_LIST,01/07/2026,C83011,MILLVIEW MEDICAL CENTRE,E01026229,MALE,312
GP_PRAC_PAT_LIST,01/07/2026,C83011,MILLVIEW MEDICAL CENTRE,E01026230,MALE,304
GP_PRAC_PAT_LIST,01/07/2026,C83011,MILLVIEW MEDICAL CENTRE,E01026231,MALE,587
GP_PRAC_PAT_LIST,01/07/2026,C83011,MILLVIEW MEDICAL CENTRE,E01026232,MALE,268
GP_PRAC_PAT_LIST,01/07/2026,C83011,MILLVIEW MEDICAL CENTRE,E01026233,MALE,242
GP_PRAC_PAT_LIST,01/07/2026,C83011,MILLVIEW MEDICAL CENTRE,E01026235,MALE,212
GP_PRAC_PAT_LIST,01/07/2026,C83011,MILLVIEW MEDICAL CENTRE,E01026236,MALE,172
GP_PRAC_PAT_LIST,01/07/2026,C83011,MILLVIEW MEDICAL CENTRE,E01026291,MALE,1
GP_PRAC_PAT_LIST,01/07/2026,C83011,MILLVIEW MEDICAL CENTRE,E01026310,MALE,1
GP_PRAC_PAT_LIST,01/07/2026,C83011,MILLVIEW MEDICAL CENTRE,E01026312,MALE,2
GP_PRAC_PAT_LIST,01/07/2026,C83011,MILLVIEW MEDICAL CENTRE,E01026313,MALE,1
GP_PRAC_PAT_LIST,01/07/2026,C83011,MILLVIEW MEDICAL CENTRE,E01026317,MALE,3
GP_PRAC_PAT_LIST,01/07/2026,C83011,MILLVIEW MEDICAL CENTRE,E01026321,MALE,1
GP_PRAC_PAT_LIST,01/07/2026,C83011,MILLVIEW MEDICAL CENTRE,E01026326,MALE,1
GP_PRAC_PAT_LIST,01/07/2026,C83011,MILLVIEW MEDICAL CENTRE,E01026327,MALE,1
GP_PRAC_PAT_LIST,01/07/2026,C83011,MILLVIEW MEDICAL CENTRE,E01026340,MALE,1
GP_PRAC_PAT_LIST,01/07/2026,C83011,MILLVIEW MEDICAL CENTRE,E01026354,MALE,2
GP_PRAC_PAT_LIST,01/07/2026,C83011,MILLVIEW MEDICAL CENTRE,E01028288,MALE,1
GP_PRAC_PAT_LIST,01/07/2026,C83011,MILLVIEW MEDICAL CENTRE,E01030422,MALE,1
GP_PRAC_PAT_LIST,01/07/2026,C83011,MILLVIEW MEDICAL CENTRE,E01032994,MALE,1
GP_PRAC_PAT_LIST,01/07/2026,C83011,MILLVIEW MEDICAL CENTRE,E01034695,MALE,163
GP_PRAC_PAT_LIST,01/07/2026,C83011,MILLVIEW MEDICAL CENTRE,E01034696,MALE,262
GP_PRAC_PAT_LIST,01/07/2026,C83011,MILLVIEW MEDICAL CENTRE,EMPTY,MALE,2
GP_PRAC_PAT_LIST,01/07/2026,C83013,RUSKINGTON SURGERY,E01026139,MALE,1
GP_PRAC_PAT_LIST,01/07/2026,C83013,RUSKINGTON SURGERY,E01026178,MALE,1
GP_PRAC_PAT_LIST,01/07/2026,C83013,RUSKINGTON SURGERY,E01026179,MALE,194
GP_PRAC_PAT_LIST,01/07/2026,C83013,RUSKINGTON SURGERY,E01026180,MALE,273
GP_PRAC_PAT_LIST,01/07/2026,C83013,RUSKINGTON SURGERY,E01026183,MALE,5
GP_PRAC_PAT_LIST,01/07/2026,C83013,RUSKINGTON SURGERY,E01026190,MALE,1
GP_PRAC_PAT_LIST,01/07/2026,C83013,RUSKINGTON SURGERY,E01026194,MALE,1
GP_PRAC_PAT_LIST,01/07/2026,C83013,RUSKINGTON SURGERY,E01026197,MALE,120
GP_PRAC_PAT_LIST,01/07/2026,C83013,RUSKINGTON SURGERY,E01026198,MALE,36
GP_PRAC_PAT_LIST,01/07/2026,C83013,RUSKINGTON SURGERY,E01026200,MALE,3
GP_PRAC_PAT_LIST,01/07/2026,C83013,RUSKINGTON SURGERY,E01026201,MALE,1
GP_PRAC_PAT_LIST,01/07/2026,C83013,RUSKINGTON SURGERY,E01026202,MALE,5
GP_PRAC_PAT_LIST,01/07/2026,C83013,RUSKINGTON SURGERY,E01026203,MALE,1
GP_PRAC_PAT_LIST,01/07/2026,C83013,RUSKINGTON SURGERY,E01026206,MALE,1
GP_PRAC_PAT_LIST,01/07/2026,C83013,RUSKINGTON SURGERY,E01026207,MALE,79
GP_PRAC_PAT_LIST,01/07/2026,C83013,RUSKINGTON SURGERY,E01026208,MALE,82
GP_PRAC_PAT_LIST,01/07/2026,C83013,RUSKINGTON SURGERY,E01026209,MALE,266
GP_PRAC_PAT_LIST,01/07/2026,C83013,RUSKINGTON SURGERY,E01026210,MALE,2
GP_PRAC_PAT_LIST,01/07/2026,C83013,RUSKINGTON SURGERY,E01026211,MALE,1
GP_PRAC_PAT_LIST,01/07/2026,C83013,RUSKINGTON SURGERY,E01026212,MALE,2
GP_PRAC_PAT_LIST,01/07/2026,C83013,RUSKINGTON SURGERY,E01026213,MALE,5
GP_PRAC_PAT_LIST,01/07/2026,C83013,RUSKINGTON SURGERY,E01026221,MALE,4
GP_PRAC_PAT_LIST,01/07/2026,C83013,RUSKINGTON SURGERY,E01026222,MALE,656
GP_PRAC_PAT_LIST,01/07/2026,C83013,RUSKINGTON SURGERY,E01026223,MALE,847
GP_PRAC_PAT_LIST,01/07/2026,C83013,RUSKINGTON SURGERY,E01026224,MALE,639
GP_PRAC_PAT_LIST,01/07/2026,C83013,RUSKINGTON SURGERY,E01026227,MALE,38
GP_PRAC_PAT_LIST,01/07/2026,C83013,RUSKINGTON SURGERY,E01026228,MALE,49
GP_PRAC_PAT_LIST,01/07/2026,C83013,RUSKINGTON SURGERY,E01026229,MALE,73
GP_PRAC_PAT_LIST,01/07/2026,C83013,RUSKINGTON SURGERY,E01026230,MALE,67
GP_PRAC_PAT_LIST,01/07/2026,C83013,RUSKINGTON SURGERY,E01026231,MALE,92
GP_PRAC_PAT_LIST,01/07/2026,C83013,RUSKINGTON SURGERY,E01026232,MALE,49
GP_PRAC_PAT_LIST,01/07/2026,C83013,RUSKINGTON SURGERY,E01026233,MALE,63
GP_PRAC_PAT_LIST,01/07/2026,C83013,RUSKINGTON SURGERY,E01026235,MALE,32
GP_PRAC_PAT_LIST,01/07/2026,C83013,RUSKINGTON SURGERY,E01026236,MALE,40
GP_PRAC_PAT_LIST,01/07/2026,C83013,RUSKINGTON SURGERY,E01026290,MALE,1
GP_PRAC_PAT_LIST,01/07/2026,C83013,RUSKINGTON SURGERY,E01026319,MALE,2
GP_PRAC_PAT_LIST,01/07/2026,C83013,RUSKINGTON SURGERY,E01026345,MALE,1
GP_PRAC_PAT_LIST,01/07/2026,C83013,RUSKINGTON SURGERY,E01033394,MALE,1
GP_PRAC_PAT_LIST,01/07/2026,C83013,RUSKINGTON SURGERY,E01034695,MALE,34
GP_PRAC_PAT_LIST,01/07/2026,C83013,RUSKINGTON SURGERY,E01034696,MALE,51
GP_PRAC_PAT_LIST,01/07/2026,C83014,BOULTHAM PARK MEDICAL PRACTICE,E01011334,MALE,1
GP_PRAC_PAT_LIST,01/07/2026,C83014,BOULTHAM PARK MEDICAL PRACTICE,E01026125,MALE,3
GP_PRAC_PAT_LIST,01/07/2026,C83014,BOULTHAM PARK MEDICAL PRACTICE,E01026126,MALE,1
GP_PRAC_PAT_LIST,01/07/2026,C83014,BOULTHAM PARK MEDICAL PRACTICE,E01026127,MALE,10
GP_PRAC_PAT_LIST,01/07/2026,C83014,BOULTHAM PARK MEDICAL PRACTICE,E01026129,MALE,2
GP_PRAC_PAT_LIST,01/07/2026,C83014,BOULTHAM PARK MEDICAL PRACTICE,E01026130,MALE,51
GP_PRAC_PAT_LIST,01/07/2026,C83014,BOULTHAM PARK MEDICAL PRACTICE,E01026131,MALE,13
GP_PRAC_PAT_LIST,01/07/2026,C83014,BOULTHAM PARK MEDICAL PRACTICE,E01026132,MALE,1
GP_PRAC_PAT_LIST,01/07/2026,C83014,BOULTHAM PARK MEDICAL PRACTICE,E01026134,MALE,50
GP_PRAC_PAT_LIST,01/07/2026,C83014,BOULTHAM PARK MEDICAL PRACTICE,E01026135,MALE,729
GP_PRAC_PAT_LIST,01/07/2026,C83014,BOULTHAM PARK MEDICAL PRACTICE,E01026136,MALE,665
GP_PRAC_PAT_LIST,01/07/2026,C83014,BOULTHAM PARK MEDICAL PRACTICE,E01026137,MALE,12
GP_PRAC_PAT_LIST,01/07/2026,C83014,BOULTHAM PARK MEDICAL PRACTICE,E01026138,MALE,9
GP_PRAC_PAT_LIST,01/07/2026,C83014,BOULTHAM PARK MEDICAL PRACTICE,E01026139,MALE,26
GP_PRAC_PAT_LIST,01/07/2026,C83014,BOULTHAM PARK MEDICAL PRACTICE,E01026140,MALE,6
GP_PRAC_PAT_LIST,01/07/2026,C83014,BOULTHAM PARK MEDICAL PRACTICE,E01026141,MALE,67
GP_PRAC_PAT_LIST,01/07/2026,C83014,BOULTHAM PARK MEDICAL PRACTICE,E01026142,MALE,17
GP_PRAC_PAT_LIST,01/07/2026,C83014,BOULTHAM PARK MEDICAL PRACTICE,E01026144,MALE,3
GP_PRAC_PAT_LIST,01/07/2026,C83014,BOULTHAM PARK MEDICAL PRACTICE,E01026145,MALE,1
GP_PRAC_PAT_LIST,01/07/2026,C83014,BOULTHAM PARK MEDICAL PRACTICE,E01026152,MALE,1
GP_PRAC_PAT_LIST,01/07/2026,C83014,BOULTHAM PARK MEDICAL PRACTICE,E01026156,MALE,1
GP_PRAC_PAT_LIST,01/07/2026,C83014,BOULTHAM PARK MEDICAL PRACTICE,E01026158,MALE,30
GP_PRAC_PAT_LIST,01/07/2026,C83014,BOULTHAM PARK MEDICAL PRACTICE,E01026159,MALE,7
GP_PRAC_PAT_LIST,01/07/2026,C83014,BOULTHAM PARK MEDICAL PRACTICE,E01026160,MALE,7
GP_PRAC_PAT_LIST,01/07/2026,C83014,BOULTHAM PARK MEDICAL PRACTICE,E01026161,MALE,297
GP_PRAC_PAT_LIST,01/07/2026,C83014,BOULTHAM PARK MEDICAL PRACTICE,E01026162,MALE,211
GP_PRAC_PAT_LIST,01/07/2026,C83014,BOULTHAM PARK MEDICAL PRACTICE,E01026163,MALE,9
GP_PRAC_PAT_LIST,01/07/2026,C83014,BOULTHAM PARK MEDICAL PRACTICE,E01026167,MALE,1
GP_PRAC_PAT_LIST,01/07/2026,C83014,BOULTHAM PARK MEDICAL PRACTICE,E01026169,MALE,440
GP_PRAC_PAT_LIST,01/07/2026,C83014,BOULTHAM PARK MEDICAL PRACTICE,E01026170,MALE,440
GP_PRAC_PAT_LIST,01/07/2026,C83014,BOULTHAM PARK MEDICAL PRACTICE,E01026171,MALE,167
GP_PRAC_PAT_LIST,01/07/2026,C83014,BOULTHAM PARK MEDICAL PRACTICE,E01026172,MALE,641
GP_PRAC_PAT_LIST,01/07/2026,C83014,BOULTHAM PARK MEDICAL PRACTICE,E01026173,MALE,667
GP_PRAC_PAT_LIST,01/07/2026,C83014,BOULTHAM PARK MEDICAL PRACTICE,E01026174,MALE,17
GP_PRAC_PAT_LIST,01/07/2026,C83014,BOULTHAM PARK MEDICAL PRACTICE,E01026175,MALE,25
GP_PRAC_PAT_LIST,01/07/2026,C83014,BOULTHAM PARK MEDICAL PRACTICE,E01026176,MALE,3
GP_PRAC_PAT_LIST,01/07/2026,C83014,BOULTHAM PARK MEDICAL PRACTICE,E01026177,MALE,2
GP_PRAC_PAT_LIST,01/07/2026,C83014,BOULTHAM PARK MEDICAL PRACTICE,E01026178,MALE,5
GP_PRAC_PAT_LIST,01/07/2026,C83014,BOULTHAM PARK MEDICAL PRACTICE,E01026187,MALE,1
GP_PRAC_PAT_LIST,01/07/2026,C83014,BOULTHAM PARK MEDICAL PRACTICE,E01026188,MALE,1
GP_PRAC_PAT_LIST,01/07/2026,C83014,BOULTHAM PARK MEDICAL PRACTICE,E01026191,MALE,1
GP_PRAC_PAT_LIST,01/07/2026,C83014,BOULTHAM PARK MEDICAL PRACTICE,E01026214,MALE,11
GP_PRAC_PAT_LIST,01/07/2026,C83014,BOULTHAM PARK MEDICAL PRACTICE,E01026215,MALE,10
GP_PRAC_PAT_LIST,01/07/2026,C83014,BOULTHAM PARK MEDICAL PRACTICE,E01026218,MALE,1
GP_PRAC_PAT_LIST,01/07/2026,C83014,BOULTHAM PARK MEDICAL PRACTICE,E01026219,MALE,2
GP_PRAC_PAT_LIST,01/07/2026,C83014,BOULTHAM PARK MEDICAL PRACTICE,E01026220,MALE,7
GP_PRAC_PAT_LIST,01/07/2026,C83014,BOULTHAM PARK MEDICAL PRACTICE,E01026225,MALE,1
GP_PRAC_PAT_LIST,01/07/2026,C83014,BOULTHAM PARK MEDICAL PRACTICE,E01026226,MALE,1
GP_PRAC_PAT_LIST,01/07/2026,C83014,BOULTHAM PARK MEDICAL PRACTICE,E01026237,MALE,3
GP_PRAC_PAT_LIST,01/07/2026,C83014,BOULTHAM PARK MEDICAL PRACTICE,E01026366,MALE,1
GP_PRAC_PAT_LIST,01/07/2026,C83014,BOULTHAM PARK MEDICAL PRACTICE,E01026369,MALE,1
GP_PRAC_PAT_LIST,01/07/2026,C83014,BOULTHAM PARK MEDICAL PRACTICE,E01026370,MALE,1
GP_PRAC_PAT_LIST,01/07/2026,C83014,BOULTHAM PARK MEDICAL PRACTICE,E01028125,MALE,3
GP_PRAC_PAT_LIST,01/07/2026,C83014,BOULTHAM PARK MEDICAL PRACTICE,E01032991,MALE,21
GP_PRAC_PAT_LIST,01/07/2026,C83014,BOULTHAM PARK MEDICAL PRACTICE,E01032992,MALE,1
GP_PRAC_PAT_LIST,01/07/2026,C83014,BOULTHAM PARK MEDICAL PRACTICE,E01032994,MALE,1
GP_PRAC_PAT_LIST,01/07/2026,C83014,BOULTHAM PARK MEDICAL PRACTICE,E01034090,MALE,1
GP_PRAC_PAT_LIST,01/07/2026,C83014,BOULTHAM PARK MEDICAL PRACTICE,E01034689,MALE,6
GP_PRAC_PAT_LIST,01/07/2026,C83014,BOULTHAM PARK MEDICAL PRACTICE,E01034690,MALE,6
GP_PRAC_PAT_LIST,01/07/2026,C83014,BOULTHAM PARK MEDICAL PRACTICE,E01034691,MALE,183
GP_PRAC_PAT_LIST,01/07/2026,C83014,BOULTHAM PARK MEDICAL PRACTICE,E01034692,MALE,148
GP_PRAC_PAT_LIST,01/07/2026,C83014,BOULTHAM PARK MEDICAL PRACTICE,E01034694,MALE,1
GP_PRAC_PAT_LIST,01/07/2026,C83014,BOULTHAM PARK MEDICAL PRACTICE,EMPTY,MALE,1
GP_PRAC_PAT_LIST,01/07/2026,C83015,SWINESHEAD SURGERY,CLOSED,MALE,1
GP_PRAC_PAT_LIST,01/07/2026,C83015,SWINESHEAD SURGERY,E01007090,MALE,1
GP_PRAC_PAT_LIST,01/07/2026,C83015,SWINESHEAD SURGERY,E01008114,MALE,1
GP_PRAC_PAT_LIST,01/07/2026,C83015,SWINESHEAD SURGERY,E01013476,MALE,1
GP_PRAC_PAT_LIST,01/07/2026,C83015,SWINESHEAD SURGERY,E01015645,MALE,1
GP_PRAC_PAT_LIST,01/07/2026,C83015,SWINESHEAD SURGERY,E01017757,MALE,1
GP_PRAC_PAT_LIST,01/07/2026,C83015,SWINESHEAD SURGERY,E01018094,MALE,2
GP_PRAC_PAT_LIST,01/07/2026,C83015,SWINESHEAD SURGERY,E01018159,MALE,1
GP_PRAC_PAT_LIST,01/07/2026,C83015,SWINESHEAD SURGERY,E01021372,MALE,1
GP_PRAC_PAT_LIST,01/07/2026,C83015,SWINESHEAD SURGERY,E01026007,MALE,2
GP_PRAC_PAT_LIST,01/07/2026,C83015,SWINESHEAD SURGERY,E01026008,MALE,1
GP_PRAC_PAT_LIST,01/07/2026,C83015,SWINESHEAD SURGERY,E01026009,MALE,1
GP_PRAC_PAT_LIST,01/07/2026,C83015,SWINESHEAD SURGERY,E01026010,MALE,2
GP_PRAC_PAT_LIST,01/07/2026,C83015,SWINESHEAD SURGERY,E01026013,MALE,4
GP_PRAC_PAT_LIST,01/07/2026,C83015,SWINESHEAD SURGERY,E01026014,MALE,4
GP_PRAC_PAT_LIST,01/07/2026,C83015,SWINESHEAD SURGERY,E01026015,MALE,3
GP_PRAC_PAT_LIST,01/07/2026,C83015,SWINESHEAD SURGERY,E01026016,MALE,510
GP_PRAC_PAT_LIST,01/07/2026,C83015,SWINESHEAD SURGERY,E01026017,MALE,66
GP_PRAC_PAT_LIST,01/07/2026,C83015,SWINESHEAD SURGERY,E01026018,MALE,184
GP_PRAC_PAT_LIST,01/07/2026,C83015,SWINESHEAD SURGERY,E01026019,MALE,60
GP_PRAC_PAT_LIST,01/07/2026,C83015,SWINESHEAD SURGERY,E01026020,MALE,122
GP_PRAC_PAT_LIST,01/07/2026,C83015,SWINESHEAD SURGERY,E01026021,MALE,2
GP_PRAC_PAT_LIST,01/07/2026,C83015,SWINESHEAD SURGERY,E01026022,MALE,1
GP_PRAC_PAT_LIST,01/07/2026,C83015,SWINESHEAD SURGERY,E01026025,MALE,1
GP_PRAC_PAT_LIST,01/07/2026,C83015,SWINESHEAD SURGERY,E01026026,MALE,3
GP_PRAC_PAT_LIST,01/07/2026,C83015,SWINESHEAD SURGERY,E01026027,MALE,1
GP_PRAC_PAT_LIST,01/07/2026,C83015,SWINESHEAD SURGERY,E01026028,MALE,3
GP_PRAC_PAT_LIST,01/07/2026,C83015,SWINESHEAD SURGERY,E01026030,MALE,4
GP_PRAC_PAT_LIST,01/07/2026,C83015,SWINESHEAD SURGERY,E01026031,MALE,4
GP_PRAC_PAT_LIST,01/07/2026,C83015,SWINESHEAD SURGERY,E01026032,MALE,9
GP_PRAC_PAT_LIST,01/07/2026,C83015,SWINESHEAD SURGERY,E01026033,MALE,942
GP_PRAC_PAT_LIST,01/07/2026,C83015,SWINESHEAD SURGERY,E01026034,MALE,811
GP_PRAC_PAT_LIST,01/07/2026,C83015,SWINESHEAD SURGERY,E01026035,MALE,54
GP_PRAC_PAT_LIST,01/07/2026,C83015,SWINESHEAD SURGERY,E01026039,MALE,40
GP_PRAC_PAT_LIST,01/07/2026,C83015,SWINESHEAD SURGERY,E01026040,MALE,36
GP_PRAC_PAT_LIST,01/07/2026,C83015,SWINESHEAD SURGERY,E01026041,MALE,18
GP_PRAC_PAT_LIST,01/07/2026,C83015,SWINESHEAD SURGERY,E01026047,MALE,1
GP_PRAC_PAT_LIST,01/07/2026,C83015,SWINESHEAD SURGERY,E01026052,MALE,1
GP_PRAC_PAT_LIST,01/07/2026,C83015,SWINESHEAD SURGERY,E01026053,MALE,1
GP_PRAC_PAT_LIST,01/07/2026,C83015,SWINESHEAD SURGERY,E01026057,MALE,24
GP_PRAC_PAT_LIST,01/07/2026,C83015,SWINESHEAD SURGERY,E01026075,MALE,3
GP_PRAC_PAT_LIST,01/07/2026,C83015,SWINESHEAD SURGERY,E01026098,MALE,1
GP_PRAC_PAT_LIST,01/07/2026,C83015,SWINESHEAD SURGERY,E01026111,MALE,3
GP_PRAC_PAT_LIST,01/07/2026,C83015,SWINESHEAD SURGERY,E01026200,MALE,63
GP_PRAC_PAT_LIST,01/07/2026,C83015,SWINESHEAD SURGERY,E01026201,MALE,38
GP_PRAC_PAT_LIST,01/07/2026,C83015,SWINESHEAD SURGERY,E01026202,MALE,54
GP_PRAC_PAT_LIST,01/07/2026,C83015,SWINESHEAD SURGERY,E01026207,MALE,14
GP_PRAC_PAT_LIST,01/07/2026,C83015,SWINESHEAD SURGERY,E01026208,MALE,2
GP_PRAC_PAT_LIST,01/07/2026,C83015,SWINESHEAD SURGERY,E01026213,MALE,2
GP_PRAC_PAT_LIST,01/07/2026,C83015,SWINESHEAD SURGERY,E01026221,MALE,5
GP_PRAC_PAT_LIST,01/07/2026,C83015,SWINESHEAD SURGERY,E01026223,MALE,1
GP_PRAC_PAT_LIST,01/07/2026,C83015,SWINESHEAD SURGERY,E01026229,MALE,4
GP_PRAC_PAT_LIST,01/07/2026,C83015,SWINESHEAD SURGERY,E01026231,MALE,1
GP_PRAC_PAT_LIST,01/07/2026,C83015,SWINESHEAD SURGERY,E01026233,MALE,2
GP_PRAC_PAT_LIST,01/07/2026,C83015,SWINESHEAD SURGERY,E01026235,MALE,2
GP_PRAC_PAT_LIST,01/07/2026,C83015,SWINESHEAD SURGERY,E01026241,MALE,1
GP_PRAC_PAT_LIST,01/07/2026,C83015,SWINESHEAD SURGERY,E01026242,MALE,528
GP_PRAC_PAT_LIST,01/07/2026,C83015,SWINESHEAD SURGERY,E01026243,MALE,381
GP_PRAC_PAT_LIST,01/07/2026,C83015,SWINESHEAD SURGERY,E01026244,MALE,140
GP_PRAC_PAT_LIST,01/07/2026,C83015,SWINESHEAD SURGERY,E01026247,MALE,79
GP_PRAC_PAT_LIST,01/07/2026,C83015,SWINESHEAD SURGERY,E01026258,MALE,7
GP_PRAC_PAT_LIST,01/07/2026,C83015,SWINESHEAD SURGERY,E01026259,MALE,2
GP_PRAC_PAT_LIST,01/07/2026,C83015,SWINESHEAD SURGERY,E01026260,MALE,11
GP_PRAC_PAT_LIST,01/07/2026,C83015,SWINESHEAD SURGERY,E01026262,MALE,2
GP_PRAC_PAT_LIST,01/07/2026,C83015,SWINESHEAD SURGERY,E01026263,MALE,3
GP_PRAC_PAT_LIST,01/07/2026,C83015,SWINESHEAD SURGERY,E01026265,MALE,1
GP_PRAC_PAT_LIST,01/07/2026,C83015,SWINESHEAD SURGERY,E01026266,MALE,2
GP_PRAC_PAT_LIST,01/07/2026,C83015,SWINESHEAD SURGERY,E01026268,MALE,3
GP_PRAC_PAT_LIST,01/07/2026,C83015,SWINESHEAD SURGERY,E01026269,MALE,4
GP_PRAC_PAT_LIST,01/07/2026,C83015,SWINESHEAD SURGERY,E01026270,MALE,1
GP_PRAC_PAT_LIST,01/07/2026,C83015,SWINESHEAD SURGERY,E01026271,MALE,1
GP_PRAC_PAT_LIST,01/07/2026,C83015,SWINESHEAD SURGERY,E01026273,MALE,1
GP_PRAC_PAT_LIST,01/07/2026,C83015,SWINESHEAD SURGERY,E01026276,MALE,45
GP_PRAC_PAT_LIST,01/07/2026,C83015,SWINESHEAD SURGERY,E01026281,MALE,1
GP_PRAC_PAT_LIST,01/07/2026,C83015,SWINESHEAD SURGERY,E01026282,MALE,3
GP_PRAC_PAT_LIST,01/07/2026,C83015,SWINESHEAD SURGERY,E01026283,MALE,1
GP_PRAC_PAT_LIST,01/07/2026,C83015,SWINESHEAD SURGERY,E01026290,MALE,1
GP_PRAC_PAT_LIST,01/07/2026,C83015,SWINESHEAD SURGERY,E01026346,MALE,1
GP_PRAC_PAT_LIST,01/07/2026,C83015,SWINESHEAD SURGERY,E01026361,MALE,7
GP_PRAC_PAT_LIST,01/07/2026,C83015,SWINESHEAD SURGERY,E01026390,MALE,1
GP_PRAC_PAT_LIST,01/07/2026,C83015,SWINESHEAD SURGERY,E01026781,MALE,1
GP_PRAC_PAT_LIST,01/07/2026,C83015,SWINESHEAD SURGERY,E01032527,MALE,1
GP_PRAC_PAT_LIST,01/07/2026,C83015,SWINESHEAD SURGERY,E01032995,MALE,1
GP_PRAC_PAT_LIST,01/07/2026,C83015,SWINESHEAD SURGERY,E01033407,MALE,1
GP_PRAC_PAT_LIST,01/07/2026,C83015,SWINESHEAD SURGERY,E01034679,MALE,5
GP_PRAC_PAT_LIST,01/07/2026,C83015,SWINESHEAD SURGERY,E01034683,MALE,26
GP_PRAC_PAT_LIST,01/07/2026,C83015,SWINESHEAD SURGERY,E01034684,MALE,27
GP_PRAC_PAT_LIST,01/07/2026,C83015,SWINESHEAD SURGERY,E01034701,MALE,2
GP_PRAC_PAT_LIST,01/07/2026,C83015,SWINESHEAD SURGERY,EMPTY,MALE,4
GP_PRAC_PAT_LIST,01/07/2026,C83018,CLEVELAND SURGERY,CLOSED,MALE,6
GP_PRAC_PAT_LIST,01/07/2026,C83018,CLEVELAND SURGERY,E01001261,MALE,1
GP_PRAC_PAT_LIST,01/07/2026,C83018,CLEVELAND SURGERY,E01001501,MALE,1
GP_PRAC_PAT_LIST,01/07/2026,C83018,CLEVELAND SURGERY,E01004622,MALE,1
GP_PRAC_PAT_LIST,01/07/2026,C83018,CLEVELAND SURGERY,E01007384,MALE,1
GP_PRAC_PAT_LIST,01/07/2026,C83018,CLEVELAND SURGERY,E01007866,MALE,1
GP_PRAC_PAT_LIST,01/07/2026,C83018,CLEVELAND SURGERY,E01010978,MALE,1
GP_PRAC_PAT_LIST,01/07/2026,C83018,CLEVELAND SURGERY,E01011084,MALE,1
GP_PRAC_PAT_LIST,01/07/2026,C83018,CLEVELAND SURGERY,E01011492,MALE,1
GP_PRAC_PAT_LIST,01/07/2026,C83018,CLEVELAND SURGERY,E01013159,MALE,1
GP_PRAC_PAT_LIST,01/07/2026,C83018,CLEVELAND SURGERY,E01013188,MALE,1
GP_PRAC_PAT_LIST,01/07/2026,C83018,CLEVELAND SURGERY,E01013247,MALE,1
GP_PRAC_PAT_LIST,01/07/2026,C83018,CLEVELAND SURGERY,E01013249,MALE,1
GP_PRAC_PAT_LIST,01/07/2026,C83018,CLEVELAND SURGERY,E01013250,MALE,2
GP_PRAC_PAT_LIST,01/07/2026,C83018,CLEVELAND SURGERY,E01013253,MALE,1
GP_PRAC_PAT_LIST,01/07/2026,C83018,CLEVELAND SURGERY,E01013263,MALE,1
GP_PRAC_PAT_LIST,01/07/2026,C83018,CLEVELAND SURGERY,E01013279,MALE,1
GP_PRAC_PAT_LIST,01/07/2026,C83018,CLEVELAND SURGERY,E01013284,MALE,1
GP_PRAC_PAT_LIST,01/07/2026,C83018,CLEVELAND SURGERY,E01013292,MALE,1
GP_PRAC_PAT_LIST,01/07/2026,C83018,CLEVELAND SURGERY,E01013315,MALE,1
GP_PRAC_PAT_LIST,01/07/2026,C83018,CLEVELAND SURGERY,E01013318,MALE,1
GP_PRAC_PAT_LIST,01/07/2026,C83018,CLEVELAND SURGERY,E01013319,MALE,1
GP_PRAC_PAT_LIST,01/07/2026,C83018,CLEVELAND SURGERY,E01013322,MALE,1
GP_PRAC_PAT_LIST,01/07/2026,C83018,CLEVELAND SURGERY,E01013323,MALE,1
GP_PRAC_PAT_LIST,01/07/2026,C83018,CLEVELAND SURGERY,E01013855,MALE,1
GP_PRAC_PAT_LIST,01/07/2026,C83018,CLEVELAND SURGERY,E01020867,MALE,1
GP_PRAC_PAT_LIST,01/07/2026,C83018,CLEVELAND SURGERY,E01026025,MALE,1
GP_PRAC_PAT_LIST,01/07/2026,C83018,CLEVELAND SURGERY,E01026052,MALE,1
GP_PRAC_PAT_LIST,01/07/2026,C83018,CLEVELAND SURGERY,E01026076,MALE,1
GP_PRAC_PAT_LIST,01/07/2026,C83018,CLEVELAND SURGERY,E01026122,MALE,3
GP_PRAC_PAT_LIST,01/07/2026,C83018,CLEVELAND SURGERY,E01026124,MALE,1
GP_PRAC_PAT_LIST,01/07/2026,C83018,CLEVELAND SURGERY,E01026125,MALE,3
GP_PRAC_PAT_LIST,01/07/2026,C83018,CLEVELAND SURGERY,E01026132,MALE,1
GP_PRAC_PAT_LIST,01/07/2026,C83018,CLEVELAND SURGERY,E01026134,MALE,1
GP_PRAC_PAT_LIST,01/07/2026,C83018,CLEVELAND SURGERY,E01026139,MALE,1
GP_PRAC_PAT_LIST,01/07/2026,C83018,CLEVELAND SURGERY,E01026142,MALE,1
GP_PRAC_PAT_LIST,01/07/2026,C83018,CLEVELAND SURGERY,E01026149,MALE,1
GP_PRAC_PAT_LIST,01/07/2026,C83018,CLEVELAND SURGERY,E01026154,MALE,1
GP_PRAC_PAT_LIST,01/07/2026,C83018,CLEVELAND SURGERY,E01026173,MALE,2
GP_PRAC_PAT_LIST,01/07/2026,C83018,CLEVELAND SURGERY,E01026174,MALE,1
GP_PRAC_PAT_LIST,01/07/2026,C83018,CLEVELAND SURGERY,E01026176,MALE,1
GP_PRAC_PAT_LIST,01/07/2026,C83018,CLEVELAND SURGERY,E01026220,MALE,1
GP_PRAC_PAT_LIST,01/07/2026,C83018,CLEVELAND SURGERY,E01026308,MALE,1
GP_PRAC_PAT_LIST,01/07/2026,C83018,CLEVELAND SURGERY,E01026329,MALE,1
GP_PRAC_PAT_LIST,01/07/2026,C83018,CLEVELAND SURGERY,E01026366,MALE,1
GP_PRAC_PAT_LIST,01/07/2026,C83018,CLEVELAND SURGERY,E01026374,MALE,387
GP_PRAC_PAT_LIST,01/07/2026,C83018,CLEVELAND SURGERY,E01026375,MALE,414
GP_PRAC_PAT_LIST,01/07/2026,C83018,CLEVELAND SURGERY,E01026376,MALE,400
GP_PRAC_PAT_LIST,01/07/2026,C83018,CLEVELAND SURGERY,E01026377,MALE,607
GP_PRAC_PAT_LIST,01/07/2026,C83018,CLEVELAND SURGERY,E01026378,MALE,457
GP_PRAC_PAT_LIST,01/07/2026,C83018,CLEVELAND SURGERY,E01026379,MALE,453
GP_PRAC_PAT_LIST,01/07/2026,C83018,CLEVELAND SURGERY,E01026380,MALE,694
GP_PRAC_PAT_LIST,01/07/2026,C83018,CLEVELAND SURGERY,E01026381,MALE,483
GP_PRAC_PAT_LIST,01/07/2026,C83018,CLEVELAND SURGERY,E01026382,MALE,514
GP_PRAC_PAT_LIST,01/07/2026,C83018,CLEVELAND SURGERY,E01026383,MALE,259
GP_PRAC_PAT_LIST,01/07/2026,C83018,CLEVELAND SURGERY,E01026384,MALE,422
GP_PRAC_PAT_LIST,01/07/2026,C83018,CLEVELAND SURGERY,E01026385,MALE,39
GP_PRAC_PAT_LIST,01/07/2026,C83018,CLEVELAND SURGERY,E01026386,MALE,5
GP_PRAC_PAT_LIST,01/07/2026,C83018,CLEVELAND SURGERY,E01026387,MALE,1
GP_PRAC_PAT_LIST,01/07/2026,C83018,CLEVELAND SURGERY,E01026388,MALE,104
GP_PRAC_PAT_LIST,01/07/2026,C83018,CLEVELAND SURGERY,E01026389,MALE,1
GP_PRAC_PAT_LIST,01/07/2026,C83018,CLEVELAND SURGERY,E01026391,MALE,1
GP_PRAC_PAT_LIST,01/07/2026,C83018,CLEVELAND SURGERY,E01026399,MALE,1
GP_PRAC_PAT_LIST,01/07/2026,C83018,CLEVELAND SURGERY,E01026401,MALE,5
GP_PRAC_PAT_LIST,01/07/2026,C83018,CLEVELAND SURGERY,E01026402,MALE,8
GP_PRAC_PAT_LIST,01/07/2026,C83018,CLEVELAND SURGERY,E01026403,MALE,89
GP_PRAC_PAT_LIST,01/07/2026,C83018,CLEVELAND SURGERY,E01026404,MALE,2
GP_PRAC_PAT_LIST,01/07/2026,C83018,CLEVELAND SURGERY,E01026407,MALE,80
GP_PRAC_PAT_LIST,01/07/2026,C83018,CLEVELAND SURGERY,E01026408,MALE,418
GP_PRAC_PAT_LIST,01/07/2026,C83018,CLEVELAND SURGERY,E01026409,MALE,1
GP_PRAC_PAT_LIST,01/07/2026,C83018,CLEVELAND SURGERY,E01026410,MALE,6
GP_PRAC_PAT_LIST,01/07/2026,C83018,CLEVELAND SURGERY,E01027899,MALE,1
GP_PRAC_PAT_LIST,01/07/2026,C83018,CLEVELAND SURGERY,E01027999,MALE,40
GP_PRAC_PAT_LIST,01/07/2026,C83018,CLEVELAND SURGERY,E01028001,MALE,1
GP_PRAC_PAT_LIST,01/07/2026,C83018,CLEVELAND SURGERY,E01028017,MALE,1
GP_PRAC_PAT_LIST,01/07/2026,C83018,CLEVELAND SURGERY,E01028025,MALE,1
GP_PRAC_PAT_LIST,01/07/2026,C83018,CLEVELAND SURGERY,E01028032,MALE,2
GP_PRAC_PAT_LIST,01/07/2026,C83018,CLEVELAND SURGERY,E01028033,MALE,1
GP_PRAC_PAT_LIST,01/07/2026,C83018,CLEVELAND SURGERY,E01028035,MALE,1
GP_PRAC_PAT_LIST,01/07/2026,C83018,CLEVELAND SURGERY,E01028057,MALE,1
GP_PRAC_PAT_LIST,01/07/2026,C83018,CLEVELAND SURGERY,E01028058,MALE,1
GP_PRAC_PAT_LIST,01/07/2026,C83018,CLEVELAND SURGERY,E01029098,MALE,1
GP_PRAC_PAT_LIST,01/07/2026,C83018,CLEVELAND SURGERY,E01030580,MALE,1
GP_PRAC_PAT_LIST,01/07/2026,C83018,CLEVELAND SURGERY,E01032991,MALE,1
GP_PRAC_PAT_LIST,01/07/2026,C83018,CLEVELAND SURGERY,E01033264,MALE,1
GP_PRAC_PAT_LIST,01/07/2026,C83018,CLEVELAND SURGERY,E01035323,MALE,1
GP_PRAC_PAT_LIST,01/07/2026,C83018,CLEVELAND SURGERY,E01035481,MALE,1
GP_PRAC_PAT_LIST,01/07/2026,C83018,CLEVELAND SURGERY,EMPTY,MALE,8
GP_PRAC_PAT_LIST,01/07/2026,C83018,CLEVELAND SURGERY,S01018105,MALE,1
GP_PRAC_PAT_LIST,01/07/2026,C83019,BEACON MEDICAL PRACTICE,CLOSED,MALE,11
GP_PRAC_PAT_LIST,01/07/2026,C83019,BEACON MEDICAL PRACTICE,E01000518,MALE,1
GP_PRAC_PAT_LIST,01/07/2026,C83019,BEACON MEDICAL PRACTICE,E01001879,MALE,1
GP_PRAC_PAT_LIST,01/07/2026,C83019,BEACON MEDICAL PRACTICE,E01003249,MALE,1
GP_PRAC_PAT_LIST,01/07/2026,C83019,BEACON MEDICAL PRACTICE,E01004888,MALE,1
GP_PRAC_PAT_LIST,01/07/2026,C83019,BEACON MEDICAL PRACTICE,E01005515,MALE,1
GP_PRAC_PAT_LIST,01/07/2026,C83019,BEACON MEDICAL PRACTICE,E01007546,MALE,1
GP_PRAC_PAT_LIST,01/07/2026,C83019,BEACON MEDICAL PRACTICE,E01007557,MALE,1
GP_PRAC_PAT_LIST,01/07/2026,C83019,BEACON MEDICAL PRACTICE,E01007653,MALE,1
GP_PRAC_PAT_LIST,01/07/2026,C83019,BEACON MEDICAL PRACTICE,E01007777,MALE,1
GP_PRAC_PAT_LIST,01/07/2026,C83019,BEACON MEDICAL PRACTICE,E01008059,MALE,1
GP_PRAC_PAT_LIST,01/07/2026,C83019,BEACON MEDICAL PRACTICE,E01008101,MALE,1
GP_PRAC_PAT_LIST,01/07/2026,C83019,BEACON MEDICAL PRACTICE,E01008989,MALE,1
GP_PRAC_PAT_LIST,01/07/2026,C83019,BEACON MEDICAL PRACTICE,E01009502,MALE,1
GP_PRAC_PAT_LIST,01/07/2026,C83019,BEACON MEDICAL PRACTICE,E01009596,MALE,2
GP_PRAC_PAT_LIST,01/07/2026,C83019,BEACON MEDICAL PRACTICE,E01009747,MALE,1
GP_PRAC_PAT_LIST,01/07/2026,C83019,BEACON MEDICAL PRACTICE,E01009993,MALE,1
GP_PRAC_PAT_LIST,01/07/2026,C83019,BEACON MEDICAL PRACTICE,E01010053,MALE,1
GP_PRAC_PAT_LIST,01/07/2026,C83019,BEACON MEDICAL PRACTICE,E01010864,MALE,1
GP_PRAC_PAT_LIST,01/07/2026,C83019,BEACON MEDICAL PRACTICE,E01010980,MALE,1
GP_PRAC_PAT_LIST,01/07/2026,C83019,BEACON MEDICAL PRACTICE,E01012992,MALE,1
GP_PRAC_PAT_LIST,01/07/2026,C83019,BEACON MEDICAL PRACTICE,E01013017,MALE,1
GP_PRAC_PAT_LIST,01/07/2026,C83019,BEACON MEDICAL PRACTICE,E01013102,MALE,2
GP_PRAC_PAT_LIST,01/07/2026,C83019,BEACON MEDICAL PRACTICE,E01013186,MALE,1
GP_PRAC_PAT_LIST,01/07/2026,C83019,BEACON MEDICAL PRACTICE,E01013278,MALE,1
GP_PRAC_PAT_LIST,01/07/2026,C83019,BEACON MEDICAL PRACTICE,E01013460,MALE,1
GP_PRAC_PAT_LIST,01/07/2026,C83019,BEACON MEDICAL PRACTICE,E01013524,MALE,1
GP_PRAC_PAT_LIST,01/07/2026,C83019,BEACON MEDICAL PRACTICE,E01013574,MALE,1
GP_PRAC_PAT_LIST,01/07/2026,C83019,BEACON MEDICAL PRACTICE,E01013616,MALE,1
GP_PRAC_PAT_LIST,01/07/2026,C83019,BEACON MEDICAL PRACTICE,E01013625,MALE,1
GP_PRAC_PAT_LIST,01/07/2026,C83019,BEACON MEDICAL PRACTICE,E01013653,MALE,1
GP_PRAC_PAT_LIST,01/07/2026,C83019,BEACON MEDICAL PRACTICE,E01013812,MALE,2
GP_PRAC_PAT_LIST,01/07/2026,C83019,BEACON MEDICAL PRACTICE,E01016843,MALE,1
GP_PRAC_PAT_LIST,01/07/2026,C83019,BEACON MEDICAL PRACTICE,E01018203,MALE,1
GP_PRAC_PAT_LIST,01/07/2026,C83019,BEACON MEDICAL PRACTICE,E01019406,MALE,1
GP_PRAC_PAT_LIST,01/07/2026,C83019,BEACON MEDICAL PRACTICE,E01019547,MALE,1
GP_PRAC_PAT_LIST,01/07/2026,C83019,BEACON MEDICAL PRACTICE,E01019777,MALE,1
GP_PRAC_PAT_LIST,01/07/2026,C83019,BEACON MEDICAL PRACTICE,E01024975,MALE,1
GP_PRAC_PAT_LIST,01/07/2026,C83019,BEACON MEDICAL PRACTICE,E01025657,MALE,1
GP_PRAC_PAT_LIST,01/07/2026,C83019,BEACON MEDICAL PRACTICE,E01026007,MALE,2
GP_PRAC_PAT_LIST,01/07/2026,C83019,BEACON MEDICAL PRACTICE,E01026008,MALE,1
GP_PRAC_PAT_LIST,01/07/2026,C83019,BEACON MEDICAL PRACTICE,E01026009,MALE,1
GP_PRAC_PAT_LIST,01/07/2026,C83019,BEACON MEDICAL PRACTICE,E01026014,MALE,1
GP_PRAC_PAT_LIST,01/07/2026,C83019,BEACON MEDICAL PRACTICE,E01026024,MALE,1
GP_PRAC_PAT_LIST,01/07/2026,C83019,BEACON MEDICAL PRACTICE,E01026025,MALE,2
GP_PRAC_PAT_LIST,01/07/2026,C83019,BEACON MEDICAL PRACTICE,E01026036,MALE,1
GP_PRAC_PAT_LIST,01/07/2026,C83019,BEACON MEDICAL PRACTICE,E01026042,MALE,4
GP_PRAC_PAT_LIST,01/07/2026,C83019,BEACON MEDICAL PRACTICE,E01026043,MALE,2
GP_PRAC_PAT_LIST,01/07/2026,C83019,BEACON MEDICAL PRACTICE,E01026044,MALE,12
GP_PRAC_PAT_LIST,01/07/2026,C83019,BEACON MEDICAL PRACTICE,E01026045,MALE,1
GP_PRAC_PAT_LIST,01/07/2026,C83019,BEACON MEDICAL PRACTICE,E01026046,MALE,303
GP_PRAC_PAT_LIST,01/07/2026,C83019,BEACON MEDICAL PRACTICE,E01026047,MALE,149
GP_PRAC_PAT_LIST,01/07/2026,C83019,BEACON MEDICAL PRACTICE,E01026048,MALE,785
GP_PRAC_PAT_LIST,01/07/2026,C83019,BEACON MEDICAL PRACTICE,E01026049,MALE,667
GP_PRAC_PAT_LIST,01/07/2026,C83019,BEACON MEDICAL PRACTICE,E01026050,MALE,737
GP_PRAC_PAT_LIST,01/07/2026,C83019,BEACON MEDICAL PRACTICE,E01026055,MALE,48
GP_PRAC_PAT_LIST,01/07/2026,C83019,BEACON MEDICAL PRACTICE,E01026056,MALE,194
GP_PRAC_PAT_LIST,01/07/2026,C83019,BEACON MEDICAL PRACTICE,E01026058,MALE,1
GP_PRAC_PAT_LIST,01/07/2026,C83019,BEACON MEDICAL PRACTICE,E01026059,MALE,1
GP_PRAC_PAT_LIST,01/07/2026,C83019,BEACON MEDICAL PRACTICE,E01026064,MALE,1
GP_PRAC_PAT_LIST,01/07/2026,C83019,BEACON MEDICAL PRACTICE,E01026065,MALE,1
GP_PRAC_PAT_LIST,01/07/2026,C83019,BEACON MEDICAL PRACTICE,E01026067,MALE,1
GP_PRAC_PAT_LIST,01/07/2026,C83019,BEACON MEDICAL PRACTICE,E01026068,MALE,8
GP_PRAC_PAT_LIST,01/07/2026,C83019,BEACON MEDICAL PRACTICE,E01026069,MALE,1231
GP_PRAC_PAT_LIST,01/07/2026,C83019,BEACON MEDICAL PRACTICE,E01026072,MALE,1
GP_PRAC_PAT_LIST,01/07/2026,C83019,BEACON MEDICAL PRACTICE,E01026073,MALE,2
GP_PRAC_PAT_LIST,01/07/2026,C83019,BEACON MEDICAL PRACTICE,E01026074,MALE,1
GP_PRAC_PAT_LIST,01/07/2026,C83019,BEACON MEDICAL PRACTICE,E01026077,MALE,1
GP_PRAC_PAT_LIST,01/07/2026,C83019,BEACON MEDICAL PRACTICE,E01026078,MALE,1
GP_PRAC_PAT_LIST,01/07/2026,C83019,BEACON MEDICAL PRACTICE,E01026083,MALE,494
GP_PRAC_PAT_LIST,01/07/2026,C83019,BEACON MEDICAL PRACTICE,E01026084,MALE,533
GP_PRAC_PAT_LIST,01/07/2026,C83019,BEACON MEDICAL PRACTICE,E01026087,MALE,2
GP_PRAC_PAT_LIST,01/07/2026,C83019,BEACON MEDICAL PRACTICE,E01026089,MALE,1
GP_PRAC_PAT_LIST,01/07/2026,C83019,BEACON MEDICAL PRACTICE,E01026090,MALE,2
GP_PRAC_PAT_LIST,01/07/2026,C83019,BEACON MEDICAL PRACTICE,E01026091,MALE,2
GP_PRAC_PAT_LIST,01/07/2026,C83019,BEACON MEDICAL PRACTICE,E01026092,MALE,376
GP_PRAC_PAT_LIST,01/07/2026,C83019,BEACON MEDICAL PRACTICE,E01026093,MALE,538
GP_PRAC_PAT_LIST,01/07/2026,C83019,BEACON MEDICAL PRACTICE,E01026094,MALE,702
GP_PRAC_PAT_LIST,01/07/2026,C83019,BEACON MEDICAL PRACTICE,E01026095,MALE,350
GP_PRAC_PAT_LIST,01/07/2026,C83019,BEACON MEDICAL PRACTICE,E01026096,MALE,323
GP_PRAC_PAT_LIST,01/07/2026,C83019,BEACON MEDICAL PRACTICE,E01026097,MALE,320
GP_PRAC_PAT_LIST,01/07/2026,C83019,BEACON MEDICAL PRACTICE,E01026099,MALE,1
GP_PRAC_PAT_LIST,01/07/2026,C83019,BEACON MEDICAL PRACTICE,E01026100,MALE,9
GP_PRAC_PAT_LIST,01/07/2026,C83019,BEACON MEDICAL PRACTICE,E01026101,MALE,1
GP_PRAC_PAT_LIST,01/07/2026,C83019,BEACON MEDICAL PRACTICE,E01026104,MALE,1
GP_PRAC_PAT_LIST,01/07/2026,C83019,BEACON MEDICAL PRACTICE,E01026110,MALE,144
GP_PRAC_PAT_LIST,01/07/2026,C83019,BEACON MEDICAL PRACTICE,E01026111,MALE,7
GP_PRAC_PAT_LIST,01/07/2026,C83019,BEACON MEDICAL PRACTICE,E01026112,MALE,186
GP_PRAC_PAT_LIST,01/07/2026,C83019,BEACON MEDICAL PRACTICE,E01026113,MALE,254
GP_PRAC_PAT_LIST,01/07/2026,C83019,BEACON MEDICAL PRACTICE,E01026114,MALE,639
GP_PRAC_PAT_LIST,01/07/2026,C83019,BEACON MEDICAL PRACTICE,E01026115,MALE,574
GP_PRAC_PAT_LIST,01/07/2026,C83019,BEACON MEDICAL PRACTICE,E01026116,MALE,484
GP_PRAC_PAT_LIST,01/07/2026,C83019,BEACON MEDICAL PRACTICE,E01026117,MALE,2
GP_PRAC_PAT_LIST,01/07/2026,C83019,BEACON MEDICAL PRACTICE,E01026125,MALE,2
GP_PRAC_PAT_LIST,01/07/2026,C83019,BEACON MEDICAL PRACTICE,E01026131,MALE,1
GP_PRAC_PAT_LIST,01/07/2026,C83019,BEACON MEDICAL PRACTICE,E01026176,MALE,1
GP_PRAC_PAT_LIST,01/07/2026,C83019,BEACON MEDICAL PRACTICE,E01026177,MALE,1
GP_PRAC_PAT_LIST,01/07/2026,C83019,BEACON MEDICAL PRACTICE,E01026244,MALE,1
GP_PRAC_PAT_LIST,01/07/2026,C83019,BEACON MEDICAL PRACTICE,E01026281,MALE,1
GP_PRAC_PAT_LIST,01/07/2026,C83019,BEACON MEDICAL PRACTICE,E01026323,MALE,1
GP_PRAC_PAT_LIST,01/07/2026,C83019,BEACON MEDICAL PRACTICE,E01026377,MALE,1
GP_PRAC_PAT_LIST,01/07/2026,C83019,BEACON MEDICAL PRACTICE,E01026384,MALE,1
GP_PRAC_PAT_LIST,01/07/2026,C83019,BEACON MEDICAL PRACTICE,E01026398,MALE,1
GP_PRAC_PAT_LIST,01/07/2026,C83019,BEACON MEDICAL PRACTICE,E01027006,MALE,1
GP_PRAC_PAT_LIST,01/07/2026,C83019,BEACON MEDICAL PRACTICE,E01027297,MALE,1
GP_PRAC_PAT_LIST,01/07/2026,C83019,BEACON MEDICAL PRACTICE,E01028033,MALE,1
GP_PRAC_PAT_LIST,01/07/2026,C83019,BEACON MEDICAL PRACTICE,E01028408,MALE,1
GP_PRAC_PAT_LIST,01/07/2026,C83019,BEACON MEDICAL PRACTICE,E01032986,MALE,1
GP_PRAC_PAT_LIST,01/07/2026,C83019,BEACON MEDICAL PRACTICE,E01032997,MALE,1
GP_PRAC_PAT_LIST,01/07/2026,C83019,BEACON MEDICAL PRACTICE,E01033264,MALE,1
GP_PRAC_PAT_LIST,01/07/2026,C83019,BEACON MEDICAL PRACTICE,E01033367,MALE,1
GP_PRAC_PAT_LIST,01/07/2026,C83019,BEACON MEDICAL PRACTICE,E01033889,MALE,1
GP_PRAC_PAT_LIST,01/07/2026,C83019,BEACON MEDICAL PRACTICE,E01034265,MALE,1
GP_PRAC_PAT_LIST,01/07/2026,C83019,BEACON MEDICAL PRACTICE,E01034405,MALE,1
GP_PRAC_PAT_LIST,01/07/2026,C83019,BEACON MEDICAL PRACTICE,E01034616,MALE,1
GP_PRAC_PAT_LIST,01/07/2026,C83019,BEACON MEDICAL PRACTICE,E01034681,MALE,1
GP_PRAC_PAT_LIST,01/07/2026,C83019,BEACON MEDICAL PRACTICE,E01034685,MALE,391
GP_PRAC_PAT_LIST,01/07/2026,C83019,BEACON MEDICAL PRACTICE,E01034686,MALE,583
GP_PRAC_PAT_LIST,01/07/2026,C83019,BEACON MEDICAL PRACTICE,E01034757,MALE,1
GP_PRAC_PAT_LIST,01/07/2026,C83019,BEACON MEDICAL PRACTICE,E01035540,MALE,1
GP_PRAC_PAT_LIST,01/07/2026,C83019,BEACON MEDICAL PRACTICE,E01035542,MALE,2
GP_PRAC_PAT_LIST,01/07/2026,C83019,BEACON MEDICAL PRACTICE,EMPTY,MALE,12
GP_PRAC_PAT_LIST,01/07/2026,C83020,CAYTHORPE & ANCASTER MEDICAL PRACTICE,CLOSED,MALE,4
GP_PRAC_PAT_LIST,01/07/2026,C83020,CAYTHORPE & ANCASTER MEDICAL PRACTICE,E01004719,MALE,1
GP_PRAC_PAT_LIST,01/07/2026,C83020,CAYTHORPE & ANCASTER MEDICAL PRACTICE,E01006647,MALE,1
GP_PRAC_PAT_LIST,01/07/2026,C83020,CAYTHORPE & ANCASTER MEDICAL PRACTICE,E01016541,MALE,1
GP_PRAC_PAT_LIST,01/07/2026,C83020,CAYTHORPE & ANCASTER MEDICAL PRACTICE,E01017875,MALE,1
GP_PRAC_PAT_LIST,01/07/2026,C83020,CAYTHORPE & ANCASTER MEDICAL PRACTICE,E01020326,MALE,1
GP_PRAC_PAT_LIST,01/07/2026,C83020,CAYTHORPE & ANCASTER MEDICAL PRACTICE,E01025027,MALE,1
GP_PRAC_PAT_LIST,01/07/2026,C83020,CAYTHORPE & ANCASTER MEDICAL PRACTICE,E01025883,MALE,1
GP_PRAC_PAT_LIST,01/07/2026,C83020,CAYTHORPE & ANCASTER MEDICAL PRACTICE,E01026125,MALE,1
GP_PRAC_PAT_LIST,01/07/2026,C83020,CAYTHORPE & ANCASTER MEDICAL PRACTICE,E01026192,MALE,150
GP_PRAC_PAT_LIST,01/07/2026,C83020,CAYTHORPE & ANCASTER MEDICAL PRACTICE,E01026194,MALE,92
GP_PRAC_PAT_LIST,01/07/2026,C83020,CAYTHORPE & ANCASTER MEDICAL PRACTICE,E01026195,MALE,28
GP_PRAC_PAT_LIST,01/07/2026,C83020,CAYTHORPE & ANCASTER MEDICAL PRACTICE,E01026196,MALE,338
GP_PRAC_PAT_LIST,01/07/2026,C83020,CAYTHORPE & ANCASTER MEDICAL PRACTICE,E01026197,MALE,205
GP_PRAC_PAT_LIST,01/07/2026,C83020,CAYTHORPE & ANCASTER MEDICAL PRACTICE,E01026198,MALE,109
GP_PRAC_PAT_LIST,01/07/2026,C83020,CAYTHORPE & ANCASTER MEDICAL PRACTICE,E01026208,MALE,3
GP_PRAC_PAT_LIST,01/07/2026,C83020,CAYTHORPE & ANCASTER MEDICAL PRACTICE,E01026209,MALE,182
GP_PRAC_PAT_LIST,01/07/2026,C83020,CAYTHORPE & ANCASTER MEDICAL PRACTICE,E01026221,MALE,354
GP_PRAC_PAT_LIST,01/07/2026,C83020,CAYTHORPE & ANCASTER MEDICAL PRACTICE,E01026228,MALE,2
GP_PRAC_PAT_LIST,01/07/2026,C83020,CAYTHORPE & ANCASTER MEDICAL PRACTICE,E01026229,MALE,1
GP_PRAC_PAT_LIST,01/07/2026,C83020,CAYTHORPE & ANCASTER MEDICAL PRACTICE,E01026230,MALE,1
GP_PRAC_PAT_LIST,01/07/2026,C83020,CAYTHORPE & ANCASTER MEDICAL PRACTICE,E01026231,MALE,4
GP_PRAC_PAT_LIST,01/07/2026,C83020,CAYTHORPE & ANCASTER MEDICAL PRACTICE,E01026232,MALE,1
GP_PRAC_PAT_LIST,01/07/2026,C83020,CAYTHORPE & ANCASTER MEDICAL PRACTICE,E01026233,MALE,6
GP_PRAC_PAT_LIST,01/07/2026,C83020,CAYTHORPE & ANCASTER MEDICAL PRACTICE,E01026236,MALE,1
GP_PRAC_PAT_LIST,01/07/2026,C83020,CAYTHORPE & ANCASTER MEDICAL PRACTICE,E01026293,MALE,26
GP_PRAC_PAT_LIST,01/07/2026,C83020,CAYTHORPE & ANCASTER MEDICAL PRACTICE,E01026313,MALE,455
GP_PRAC_PAT_LIST,01/07/2026,C83020,CAYTHORPE & ANCASTER MEDICAL PRACTICE,E01026314,MALE,728
GP_PRAC_PAT_LIST,01/07/2026,C83020,CAYTHORPE & ANCASTER MEDICAL PRACTICE,E01026316,MALE,1
GP_PRAC_PAT_LIST,01/07/2026,C83020,CAYTHORPE & ANCASTER MEDICAL PRACTICE,E01026322,MALE,1
GP_PRAC_PAT_LIST,01/07/2026,C83020,CAYTHORPE & ANCASTER MEDICAL PRACTICE,E01026325,MALE,1
GP_PRAC_PAT_LIST,01/07/2026,C83020,CAYTHORPE & ANCASTER MEDICAL PRACTICE,E01026329,MALE,973
GP_PRAC_PAT_LIST,01/07/2026,C83020,CAYTHORPE & ANCASTER MEDICAL PRACTICE,E01026332,MALE,433
GP_PRAC_PAT_LIST,01/07/2026,C83020,CAYTHORPE & ANCASTER MEDICAL PRACTICE,E01026333,MALE,577
GP_PRAC_PAT_LIST,01/07/2026,C83020,CAYTHORPE & ANCASTER MEDICAL PRACTICE,E01026340,MALE,6
GP_PRAC_PAT_LIST,01/07/2026,C83020,CAYTHORPE & ANCASTER MEDICAL PRACTICE,E01026343,MALE,1
GP_PRAC_PAT_LIST,01/07/2026,C83020,CAYTHORPE & ANCASTER MEDICAL PRACTICE,E01026355,MALE,3
GP_PRAC_PAT_LIST,01/07/2026,C83020,CAYTHORPE & ANCASTER MEDICAL PRACTICE,E01026365,MALE,47
GP_PRAC_PAT_LIST,01/07/2026,C83020,CAYTHORPE & ANCASTER MEDICAL PRACTICE,E01028311,MALE,1
GP_PRAC_PAT_LIST,01/07/2026,C83020,CAYTHORPE & ANCASTER MEDICAL PRACTICE,E01028816,MALE,1
GP_PRAC_PAT_LIST,01/07/2026,C83020,CAYTHORPE & ANCASTER MEDICAL PRACTICE,E01033781,MALE,1
GP_PRAC_PAT_LIST,01/07/2026,C83020,CAYTHORPE & ANCASTER MEDICAL PRACTICE,E01034695,MALE,263
GP_PRAC_PAT_LIST,01/07/2026,C83020,CAYTHORPE & ANCASTER MEDICAL PRACTICE,E01034696,MALE,2
GP_PRAC_PAT_LIST,01/07/2026,C83022,MUNRO MEDICAL CENTRE,E01002624,MALE,1
GP_PRAC_PAT_LIST,01/07/2026,C83022,MUNRO MEDICAL CENTRE,E01003237,MALE,1
GP_PRAC_PAT_LIST,01/07/2026,C83022,MUNRO MEDICAL CENTRE,E01003446,MALE,1
GP_PRAC_PAT_LIST,01/07/2026,C83022,MUNRO MEDICAL CENTRE,E01007469,MALE,1
GP_PRAC_PAT_LIST,01/07/2026,C83022,MUNRO MEDICAL CENTRE,E01013456,MALE,1
GP_PRAC_PAT_LIST,01/07/2026,C83022,MUNRO MEDICAL CENTRE,E01013790,MALE,1
GP_PRAC_PAT_LIST,01/07/2026,C83022,MUNRO MEDICAL CENTRE,E01015635,MALE,1
GP_PRAC_PAT_LIST,01/07/2026,C83022,MUNRO MEDICAL CENTRE,E01015636,MALE,3
GP_PRAC_PAT_LIST,01/07/2026,C83022,MUNRO MEDICAL CENTRE,E01015645,MALE,1
GP_PRAC_PAT_LIST,01/07/2026,C83022,MUNRO MEDICAL CENTRE,E01015661,MALE,1
GP_PRAC_PAT_LIST,01/07/2026,C83022,MUNRO MEDICAL CENTRE,E01015675,MALE,1
GP_PRAC_PAT_LIST,01/07/2026,C83022,MUNRO MEDICAL CENTRE,E01015681,MALE,1
GP_PRAC_PAT_LIST,01/07/2026,C83022,MUNRO MEDICAL CENTRE,E01015692,MALE,1
GP_PRAC_PAT_LIST,01/07/2026,C83022,MUNRO MEDICAL CENTRE,E01018188,MALE,1
GP_PRAC_PAT_LIST,01/07/2026,C83022,MUNRO MEDICAL CENTRE,E01018192,MALE,1
GP_PRAC_PAT_LIST,01/07/2026,C83022,MUNRO MEDICAL CENTRE,E01021339,MALE,1
GP_PRAC_PAT_LIST,01/07/2026,C83022,MUNRO MEDICAL CENTRE,E01021631,MALE,1
GP_PRAC_PAT_LIST,01/07/2026,C83022,MUNRO MEDICAL CENTRE,E01021771,MALE,1
GP_PRAC_PAT_LIST,01/07/2026,C83022,MUNRO MEDICAL CENTRE,E01026016,MALE,3
GP_PRAC_PAT_LIST,01/07/2026,C83022,MUNRO MEDICAL CENTRE,E01026017,MALE,1
GP_PRAC_PAT_LIST,01/07/2026,C83022,MUNRO MEDICAL CENTRE,E01026019,MALE,1
GP_PRAC_PAT_LIST,01/07/2026,C83022,MUNRO MEDICAL CENTRE,E01026020,MALE,3
GP_PRAC_PAT_LIST,01/07/2026,C83022,MUNRO MEDICAL CENTRE,E01026033,MALE,1
GP_PRAC_PAT_LIST,01/07/2026,C83022,MUNRO MEDICAL CENTRE,E01026036,MALE,1
GP_PRAC_PAT_LIST,01/07/2026,C83022,MUNRO MEDICAL CENTRE,E01026040,MALE,1
GP_PRAC_PAT_LIST,01/07/2026,C83022,MUNRO MEDICAL CENTRE,E01026125,MALE,2
GP_PRAC_PAT_LIST,01/07/2026,C83022,MUNRO MEDICAL CENTRE,E01026144,MALE,1
GP_PRAC_PAT_LIST,01/07/2026,C83022,MUNRO MEDICAL CENTRE,E01026221,MALE,2
GP_PRAC_PAT_LIST,01/07/2026,C83022,MUNRO MEDICAL CENTRE,E01026239,MALE,2
GP_PRAC_PAT_LIST,01/07/2026,C83022,MUNRO MEDICAL CENTRE,E01026240,MALE,8
GP_PRAC_PAT_LIST,01/07/2026,C83022,MUNRO MEDICAL CENTRE,E01026241,MALE,194
GP_PRAC_PAT_LIST,01/07/2026,C83022,MUNRO MEDICAL CENTRE,E01026242,MALE,14
GP_PRAC_PAT_LIST,01/07/2026,C83022,MUNRO MEDICAL CENTRE,E01026243,MALE,4
GP_PRAC_PAT_LIST,01/07/2026,C83022,MUNRO MEDICAL CENTRE,E01026244,MALE,14
GP_PRAC_PAT_LIST,01/07/2026,C83022,MUNRO MEDICAL CENTRE,E01026245,MALE,3
GP_PRAC_PAT_LIST,01/07/2026,C83022,MUNRO MEDICAL CENTRE,E01026246,MALE,3
GP_PRAC_PAT_LIST,01/07/2026,C83022,MUNRO MEDICAL CENTRE,E01026247,MALE,38
GP_PRAC_PAT_LIST,01/07/2026,C83022,MUNRO MEDICAL CENTRE,E01026248,MALE,3
GP_PRAC_PAT_LIST,01/07/2026,C83022,MUNRO MEDICAL CENTRE,E01026249,MALE,8
GP_PRAC_PAT_LIST,01/07/2026,C83022,MUNRO MEDICAL CENTRE,E01026250,MALE,6
GP_PRAC_PAT_LIST,01/07/2026,C83022,MUNRO MEDICAL CENTRE,E01026251,MALE,5
GP_PRAC_PAT_LIST,01/07/2026,C83022,MUNRO MEDICAL CENTRE,E01026252,MALE,4
GP_PRAC_PAT_LIST,01/07/2026,C83022,MUNRO MEDICAL CENTRE,E01026253,MALE,5
GP_PRAC_PAT_LIST,01/07/2026,C83022,MUNRO MEDICAL CENTRE,E01026255,MALE,2
GP_PRAC_PAT_LIST,01/07/2026,C83022,MUNRO MEDICAL CENTRE,E01026258,MALE,688
GP_PRAC_PAT_LIST,01/07/2026,C83022,MUNRO MEDICAL CENTRE,E01026259,MALE,390
GP_PRAC_PAT_LIST,01/07/2026,C83022,MUNRO MEDICAL CENTRE,E01026260,MALE,522
GP_PRAC_PAT_LIST,01/07/2026,C83022,MUNRO MEDICAL CENTRE,E01026262,MALE,402
GP_PRAC_PAT_LIST,01/07/2026,C83022,MUNRO MEDICAL CENTRE,E01026263,MALE,634
GP_PRAC_PAT_LIST,01/07/2026,C83022,MUNRO MEDICAL CENTRE,E01026264,MALE,348
GP_PRAC_PAT_LIST,01/07/2026,C83022,MUNRO MEDICAL CENTRE,E01026265,MALE,389
GP_PRAC_PAT_LIST,01/07/2026,C83022,MUNRO MEDICAL CENTRE,E01026266,MALE,493
GP_PRAC_PAT_LIST,01/07/2026,C83022,MUNRO MEDICAL CENTRE,E01026268,MALE,464
GP_PRAC_PAT_LIST,01/07/2026,C83022,MUNRO MEDICAL CENTRE,E01026269,MALE,489
GP_PRAC_PAT_LIST,01/07/2026,C83022,MUNRO MEDICAL CENTRE,E01026270,MALE,626
GP_PRAC_PAT_LIST,01/07/2026,C83022,MUNRO MEDICAL CENTRE,E01026271,MALE,412
GP_PRAC_PAT_LIST,01/07/2026,C83022,MUNRO MEDICAL CENTRE,E01026272,MALE,320
GP_PRAC_PAT_LIST,01/07/2026,C83022,MUNRO MEDICAL CENTRE,E01026273,MALE,565
GP_PRAC_PAT_LIST,01/07/2026,C83022,MUNRO MEDICAL CENTRE,E01026275,MALE,692
GP_PRAC_PAT_LIST,01/07/2026,C83022,MUNRO MEDICAL CENTRE,E01026276,MALE,185
GP_PRAC_PAT_LIST,01/07/2026,C83022,MUNRO MEDICAL CENTRE,E01026278,MALE,1
GP_PRAC_PAT_LIST,01/07/2026,C83022,MUNRO MEDICAL CENTRE,E01026279,MALE,1
GP_PRAC_PAT_LIST,01/07/2026,C83022,MUNRO MEDICAL CENTRE,E01026280,MALE,4
GP_PRAC_PAT_LIST,01/07/2026,C83022,MUNRO MEDICAL CENTRE,E01026281,MALE,227
GP_PRAC_PAT_LIST,01/07/2026,C83022,MUNRO MEDICAL CENTRE,E01026282,MALE,153
GP_PRAC_PAT_LIST,01/07/2026,C83022,MUNRO MEDICAL CENTRE,E01026283,MALE,66
GP_PRAC_PAT_LIST,01/07/2026,C83022,MUNRO MEDICAL CENTRE,E01026284,MALE,318
GP_PRAC_PAT_LIST,01/07/2026,C83022,MUNRO MEDICAL CENTRE,E01026285,MALE,44
GP_PRAC_PAT_LIST,01/07/2026,C83022,MUNRO MEDICAL CENTRE,E01026286,MALE,35
GP_PRAC_PAT_LIST,01/07/2026,C83022,MUNRO MEDICAL CENTRE,E01026290,MALE,2
GP_PRAC_PAT_LIST,01/07/2026,C83022,MUNRO MEDICAL CENTRE,E01026296,MALE,1
GP_PRAC_PAT_LIST,01/07/2026,C83022,MUNRO MEDICAL CENTRE,E01026304,MALE,1
GP_PRAC_PAT_LIST,01/07/2026,C83022,MUNRO MEDICAL CENTRE,E01026305,MALE,3
GP_PRAC_PAT_LIST,01/07/2026,C83022,MUNRO MEDICAL CENTRE,E01026323,MALE,1
GP_PRAC_PAT_LIST,01/07/2026,C83022,MUNRO MEDICAL CENTRE,E01026335,MALE,5
GP_PRAC_PAT_LIST,01/07/2026,C83022,MUNRO MEDICAL CENTRE,E01026337,MALE,1
GP_PRAC_PAT_LIST,01/07/2026,C83022,MUNRO MEDICAL CENTRE,E01026341,MALE,1
GP_PRAC_PAT_LIST,01/07/2026,C83022,MUNRO MEDICAL CENTRE,E01026350,MALE,1
GP_PRAC_PAT_LIST,01/07/2026,C83022,MUNRO MEDICAL CENTRE,E01026360,MALE,2
GP_PRAC_PAT_LIST,01/07/2026,C83022,MUNRO MEDICAL CENTRE,E01026361,MALE,1
GP_PRAC_PAT_LIST,01/07/2026,C83022,MUNRO MEDICAL CENTRE,E01026363,MALE,3
GP_PRAC_PAT_LIST,01/07/2026,C83022,MUNRO MEDICAL CENTRE,E01026364,MALE,4
GP_PRAC_PAT_LIST,01/07/2026,C83022,MUNRO MEDICAL CENTRE,E01026635,MALE,1
GP_PRAC_PAT_LIST,01/07/2026,C83022,MUNRO MEDICAL CENTRE,E01026797,MALE,1
GP_PRAC_PAT_LIST,01/07/2026,C83022,MUNRO MEDICAL CENTRE,E01026845,MALE,1
GP_PRAC_PAT_LIST,01/07/2026,C83022,MUNRO MEDICAL CENTRE,E01030421,MALE,1
GP_PRAC_PAT_LIST,01/07/2026,C83022,MUNRO MEDICAL CENTRE,E01031144,MALE,1
GP_PRAC_PAT_LIST,01/07/2026,C83022,MUNRO MEDICAL CENTRE,E01032995,MALE,380
GP_PRAC_PAT_LIST,01/07/2026,C83022,MUNRO MEDICAL CENTRE,E01032996,MALE,522
GP_PRAC_PAT_LIST,01/07/2026,C83022,MUNRO MEDICAL CENTRE,E01032997,MALE,1
GP_PRAC_PAT_LIST,01/07/2026,C83022,MUNRO MEDICAL CENTRE,E01032998,MALE,1
GP_PRAC_PAT_LIST,01/07/2026,C83022,MUNRO MEDICAL CENTRE,E01033182,MALE,1
GP_PRAC_PAT_LIST,01/07/2026,C83022,MUNRO MEDICAL CENTRE,E01034680,MALE,1
GP_PRAC_PAT_LIST,01/07/2026,C83022,MUNRO MEDICAL CENTRE,E01034683,MALE,1
GP_PRAC_PAT_LIST,01/07/2026,C83022,MUNRO MEDICAL CENTRE,E01034684,MALE,1
GP_PRAC_PAT_LIST,01/07/2026,C83022,MUNRO MEDICAL CENTRE,E01034697,MALE,489
GP_PRAC_PAT_LIST,01/07/2026,C83022,MUNRO MEDICAL CENTRE,E01034698,MALE,459
GP_PRAC_PAT_LIST,01/07/2026,C83022,MUNRO MEDICAL CENTRE,E01034699,MALE,325
GP_PRAC_PAT_LIST,01/07/2026,C83022,MUNRO MEDICAL CENTRE,E01034700,MALE,369
GP_PRAC_PAT_LIST,01/07/2026,C83022,MUNRO MEDICAL CENTRE,E01034703,MALE,1
GP_PRAC_PAT_LIST,01/07/2026,C83022,MUNRO MEDICAL CENTRE,E01034704,MALE,1
GP_PRAC_PAT_LIST,01/07/2026,C83022,MUNRO MEDICAL CENTRE,E01034705,MALE,1
GP_PRAC_PAT_LIST,01/07/2026,C83022,MUNRO MEDICAL CENTRE,E01034777,MALE,1
GP_PRAC_PAT_LIST,01/07/2026,C83022,MUNRO MEDICAL CENTRE,E01035653,MALE,1
GP_PRAC_PAT_LIST,01/07/2026,C83022,MUNRO MEDICAL CENTRE,EMPTY,MALE,16
GP_PRAC_PAT_LIST,01/07/2026,C83022,MUNRO MEDICAL CENTRE,S01015859,MALE,1
GP_PRAC_PAT_LIST,01/07/2026,C83023,SLEAFORD MEDICAL GROUP,E01000268,MALE,1
GP_PRAC_PAT_LIST,01/07/2026,C83023,SLEAFORD MEDICAL GROUP,E01005243,MALE,1
GP_PRAC_PAT_LIST,01/07/2026,C83023,SLEAFORD MEDICAL GROUP,E01005732,MALE,1
GP_PRAC_PAT_LIST,01/07/2026,C83023,SLEAFORD MEDICAL GROUP,E01007629,MALE,1
GP_PRAC_PAT_LIST,01/07/2026,C83023,SLEAFORD MEDICAL GROUP,E01008066,MALE,1
GP_PRAC_PAT_LIST,01/07/2026,C83023,SLEAFORD MEDICAL GROUP,E01013171,MALE,1
GP_PRAC_PAT_LIST,01/07/2026,C83023,SLEAFORD MEDICAL GROUP,E01013731,MALE,1
GP_PRAC_PAT_LIST,01/07/2026,C83023,SLEAFORD MEDICAL GROUP,E01013840,MALE,1
GP_PRAC_PAT_LIST,01/07/2026,C83023,SLEAFORD MEDICAL GROUP,E01013939,MALE,1
GP_PRAC_PAT_LIST,01/07/2026,C83023,SLEAFORD MEDICAL GROUP,E01013967,MALE,1
GP_PRAC_PAT_LIST,01/07/2026,C83023,SLEAFORD MEDICAL GROUP,E01015169,MALE,1
GP_PRAC_PAT_LIST,01/07/2026,C83023,SLEAFORD MEDICAL GROUP,E01015638,MALE,1
GP_PRAC_PAT_LIST,01/07/2026,C83023,SLEAFORD MEDICAL GROUP,E01015642,MALE,1
GP_PRAC_PAT_LIST,01/07/2026,C83023,SLEAFORD MEDICAL GROUP,E01015644,MALE,1
GP_PRAC_PAT_LIST,01/07/2026,C83023,SLEAFORD MEDICAL GROUP,E01017699,MALE,1
GP_PRAC_PAT_LIST,01/07/2026,C83023,SLEAFORD MEDICAL GROUP,E01017736,MALE,1
GP_PRAC_PAT_LIST,01/07/2026,C83023,SLEAFORD MEDICAL GROUP,E01019440,MALE,1
GP_PRAC_PAT_LIST,01/07/2026,C83023,SLEAFORD MEDICAL GROUP,E01019597,MALE,1
GP_PRAC_PAT_LIST,01/07/2026,C83023,SLEAFORD MEDICAL GROUP,E01019930,MALE,1
GP_PRAC_PAT_LIST,01/07/2026,C83023,SLEAFORD MEDICAL GROUP,E01020099,MALE,1
GP_PRAC_PAT_LIST,01/07/2026,C83023,SLEAFORD MEDICAL GROUP,E01025295,MALE,1
GP_PRAC_PAT_LIST,01/07/2026,C83023,SLEAFORD MEDICAL GROUP,E01025517,MALE,1
GP_PRAC_PAT_LIST,01/07/2026,C83023,SLEAFORD MEDICAL GROUP,E01025824,MALE,1
GP_PRAC_PAT_LIST,01/07/2026,C83023,SLEAFORD MEDICAL GROUP,E01025885,MALE,1
GP_PRAC_PAT_LIST,01/07/2026,C83023,SLEAFORD MEDICAL GROUP,E01026010,MALE,1
GP_PRAC_PAT_LIST,01/07/2026,C83023,SLEAFORD MEDICAL GROUP,E01026020,MALE,1
GP_PRAC_PAT_LIST,01/07/2026,C83023,SLEAFORD MEDICAL GROUP,E01026054,MALE,1
GP_PRAC_PAT_LIST,01/07/2026,C83023,SLEAFORD MEDICAL GROUP,E01026104,MALE,1
GP_PRAC_PAT_LIST,01/07/2026,C83023,SLEAFORD MEDICAL GROUP,E01026122,MALE,1
GP_PRAC_PAT_LIST,01/07/2026,C83023,SLEAFORD MEDICAL GROUP,E01026126,MALE,1
GP_PRAC_PAT_LIST,01/07/2026,C83023,SLEAFORD MEDICAL GROUP,E01026132,MALE,1
GP_PRAC_PAT_LIST,01/07/2026,C83023,SLEAFORD MEDICAL GROUP,E01026137,MALE,1
GP_PRAC_PAT_LIST,01/07/2026,C83023,SLEAFORD MEDICAL GROUP,E01026142,MALE,1
GP_PRAC_PAT_LIST,01/07/2026,C83023,SLEAFORD MEDICAL GROUP,E01026148,MALE,1
GP_PRAC_PAT_LIST,01/07/2026,C83023,SLEAFORD MEDICAL GROUP,E01026151,MALE,2
GP_PRAC_PAT_LIST,01/07/2026,C83023,SLEAFORD MEDICAL GROUP,E01026160,MALE,1
GP_PRAC_PAT_LIST,01/07/2026,C83023,SLEAFORD MEDICAL GROUP,E01026174,MALE,1
GP_PRAC_PAT_LIST,01/07/2026,C83023,SLEAFORD MEDICAL GROUP,E01026177,MALE,1
GP_PRAC_PAT_LIST,01/07/2026,C83023,SLEAFORD MEDICAL GROUP,E01026179,MALE,8
GP_PRAC_PAT_LIST,01/07/2026,C83023,SLEAFORD MEDICAL GROUP,E01026180,MALE,29
GP_PRAC_PAT_LIST,01/07/2026,C83023,SLEAFORD MEDICAL GROUP,E01026183,MALE,1
GP_PRAC_PAT_LIST,01/07/2026,C83023,SLEAFORD MEDICAL GROUP,E01026195,MALE,1
GP_PRAC_PAT_LIST,01/07/2026,C83023,SLEAFORD MEDICAL GROUP,E01026196,MALE,3
GP_PRAC_PAT_LIST,01/07/2026,C83023,SLEAFORD MEDICAL GROUP,E01026197,MALE,225
GP_PRAC_PAT_LIST,01/07/2026,C83023,SLEAFORD MEDICAL GROUP,E01026198,MALE,70
GP_PRAC_PAT_LIST,01/07/2026,C83023,SLEAFORD MEDICAL GROUP,E01026200,MALE,80
GP_PRAC_PAT_LIST,01/07/2026,C83023,SLEAFORD MEDICAL GROUP,E01026201,MALE,124
GP_PRAC_PAT_LIST,01/07/2026,C83023,SLEAFORD MEDICAL GROUP,E01026202,MALE,86
GP_PRAC_PAT_LIST,01/07/2026,C83023,SLEAFORD MEDICAL GROUP,E01026204,MALE,1
GP_PRAC_PAT_LIST,01/07/2026,C83023,SLEAFORD MEDICAL GROUP,E01026206,MALE,1
GP_PRAC_PAT_LIST,01/07/2026,C83023,SLEAFORD MEDICAL GROUP,E01026207,MALE,47
GP_PRAC_PAT_LIST,01/07/2026,C83023,SLEAFORD MEDICAL GROUP,E01026208,MALE,372
GP_PRAC_PAT_LIST,01/07/2026,C83023,SLEAFORD MEDICAL GROUP,E01026209,MALE,393
GP_PRAC_PAT_LIST,01/07/2026,C83023,SLEAFORD MEDICAL GROUP,E01026210,MALE,1
GP_PRAC_PAT_LIST,01/07/2026,C83023,SLEAFORD MEDICAL GROUP,E01026212,MALE,2
GP_PRAC_PAT_LIST,01/07/2026,C83023,SLEAFORD MEDICAL GROUP,E01026221,MALE,214
GP_PRAC_PAT_LIST,01/07/2026,C83023,SLEAFORD MEDICAL GROUP,E01026222,MALE,124
GP_PRAC_PAT_LIST,01/07/2026,C83023,SLEAFORD MEDICAL GROUP,E01026223,MALE,144
GP_PRAC_PAT_LIST,01/07/2026,C83023,SLEAFORD MEDICAL GROUP,E01026224,MALE,129
GP_PRAC_PAT_LIST,01/07/2026,C83023,SLEAFORD MEDICAL GROUP,E01026227,MALE,487
GP_PRAC_PAT_LIST,01/07/2026,C83023,SLEAFORD MEDICAL GROUP,E01026228,MALE,527
GP_PRAC_PAT_LIST,01/07/2026,C83023,SLEAFORD MEDICAL GROUP,E01026229,MALE,521
GP_PRAC_PAT_LIST,01/07/2026,C83023,SLEAFORD MEDICAL GROUP,E01026230,MALE,693
GP_PRAC_PAT_LIST,01/07/2026,C83023,SLEAFORD MEDICAL GROUP,E01026231,MALE,1013
GP_PRAC_PAT_LIST,01/07/2026,C83023,SLEAFORD MEDICAL GROUP,E01026232,MALE,795
GP_PRAC_PAT_LIST,01/07/2026,C83023,SLEAFORD MEDICAL GROUP,E01026233,MALE,504
GP_PRAC_PAT_LIST,01/07/2026,C83023,SLEAFORD MEDICAL GROUP,E01026235,MALE,540
GP_PRAC_PAT_LIST,01/07/2026,C83023,SLEAFORD MEDICAL GROUP,E01026236,MALE,351
GP_PRAC_PAT_LIST,01/07/2026,C83023,SLEAFORD MEDICAL GROUP,E01026242,MALE,1
GP_PRAC_PAT_LIST,01/07/2026,C83023,SLEAFORD MEDICAL GROUP,E01026245,MALE,1
GP_PRAC_PAT_LIST,01/07/2026,C83023,SLEAFORD MEDICAL GROUP,E01026255,MALE,1
GP_PRAC_PAT_LIST,01/07/2026,C83023,SLEAFORD MEDICAL GROUP,E01026290,MALE,1
GP_PRAC_PAT_LIST,01/07/2026,C83023,SLEAFORD MEDICAL GROUP,E01026314,MALE,1
GP_PRAC_PAT_LIST,01/07/2026,C83023,SLEAFORD MEDICAL GROUP,E01026317,MALE,1
GP_PRAC_PAT_LIST,01/07/2026,C83023,SLEAFORD MEDICAL GROUP,E01026329,MALE,1
GP_PRAC_PAT_LIST,01/07/2026,C83023,SLEAFORD MEDICAL GROUP,E01026332,MALE,1
GP_PRAC_PAT_LIST,01/07/2026,C83023,SLEAFORD MEDICAL GROUP,E01026341,MALE,1
GP_PRAC_PAT_LIST,01/07/2026,C83023,SLEAFORD MEDICAL GROUP,E01026344,MALE,1
GP_PRAC_PAT_LIST,01/07/2026,C83023,SLEAFORD MEDICAL GROUP,E01026345,MALE,1
GP_PRAC_PAT_LIST,01/07/2026,C83023,SLEAFORD MEDICAL GROUP,E01026352,MALE,1
GP_PRAC_PAT_LIST,01/07/2026,C83023,SLEAFORD MEDICAL GROUP,E01026353,MALE,1
GP_PRAC_PAT_LIST,01/07/2026,C83023,SLEAFORD MEDICAL GROUP,E01026355,MALE,1
GP_PRAC_PAT_LIST,01/07/2026,C83023,SLEAFORD MEDICAL GROUP,E01026361,MALE,2
GP_PRAC_PAT_LIST,01/07/2026,C83023,SLEAFORD MEDICAL GROUP,E01026388,MALE,1
GP_PRAC_PAT_LIST,01/07/2026,C83023,SLEAFORD MEDICAL GROUP,E01026413,MALE,2
GP_PRAC_PAT_LIST,01/07/2026,C83023,SLEAFORD MEDICAL GROUP,E01026466,MALE,1
GP_PRAC_PAT_LIST,01/07/2026,C83023,SLEAFORD MEDICAL GROUP,E01027048,MALE,1
GP_PRAC_PAT_LIST,01/07/2026,C83023,SLEAFORD MEDICAL GROUP,E01027197,MALE,1
GP_PRAC_PAT_LIST,01/07/2026,C83023,SLEAFORD MEDICAL GROUP,E01028293,MALE,1
GP_PRAC_PAT_LIST,01/07/2026,C83023,SLEAFORD MEDICAL GROUP,E01028418,MALE,1
GP_PRAC_PAT_LIST,01/07/2026,C83023,SLEAFORD MEDICAL GROUP,E01029447,MALE,1
GP_PRAC_PAT_LIST,01/07/2026,C83023,SLEAFORD MEDICAL GROUP,E01029925,MALE,1
GP_PRAC_PAT_LIST,01/07/2026,C83023,SLEAFORD MEDICAL GROUP,E01032546,MALE,1
GP_PRAC_PAT_LIST,01/07/2026,C83023,SLEAFORD MEDICAL GROUP,E01032995,MALE,1
GP_PRAC_PAT_LIST,01/07/2026,C83023,SLEAFORD MEDICAL GROUP,E01033197,MALE,1
GP_PRAC_PAT_LIST,01/07/2026,C83023,SLEAFORD MEDICAL GROUP,E01034468,MALE,1
GP_PRAC_PAT_LIST,01/07/2026,C83023,SLEAFORD MEDICAL GROUP,E01034695,MALE,355
GP_PRAC_PAT_LIST,01/07/2026,C83023,SLEAFORD MEDICAL GROUP,E01034696,MALE,473
GP_PRAC_PAT_LIST,01/07/2026,C83023,SLEAFORD MEDICAL GROUP,E01034964,MALE,1
GP_PRAC_PAT_LIST,01/07/2026,C83023,SLEAFORD MEDICAL GROUP,EMPTY,MALE,10
GP_PRAC_PAT_LIST,01/07/2026,C83024,THE GLENSIDE COUNTRY PRACTICE,E01003088,MALE,1
GP_PRAC_PAT_LIST,01/07/2026,C83024,THE GLENSIDE COUNTRY PRACTICE,E01013787,MALE,1
GP_PRAC_PAT_LIST,01/07/2026,C83024,THE GLENSIDE COUNTRY PRACTICE,E01013788,MALE,30
GP_PRAC_PAT_LIST,01/07/2026,C83024,THE GLENSIDE COUNTRY PRACTICE,E01013790,MALE,150
GP_PRAC_PAT_LIST,01/07/2026,C83024,THE GLENSIDE COUNTRY PRACTICE,E01013791,MALE,2
GP_PRAC_PAT_LIST,01/07/2026,C83024,THE GLENSIDE COUNTRY PRACTICE,E01013792,MALE,1
GP_PRAC_PAT_LIST,01/07/2026,C83024,THE GLENSIDE COUNTRY PRACTICE,E01013796,MALE,1
GP_PRAC_PAT_LIST,01/07/2026,C83024,THE GLENSIDE COUNTRY PRACTICE,E01013799,MALE,1
GP_PRAC_PAT_LIST,01/07/2026,C83024,THE GLENSIDE COUNTRY PRACTICE,E01013800,MALE,1
GP_PRAC_PAT_LIST,01/07/2026,C83024,THE GLENSIDE COUNTRY PRACTICE,E01013803,MALE,1
GP_PRAC_PAT_LIST,01/07/2026,C83024,THE GLENSIDE COUNTRY PRACTICE,E01013804,MALE,71
GP_PRAC_PAT_LIST,01/07/2026,C83024,THE GLENSIDE COUNTRY PRACTICE,E01013805,MALE,33
GP_PRAC_PAT_LIST,01/07/2026,C83024,THE GLENSIDE COUNTRY PRACTICE,E01015590,MALE,4
GP_PRAC_PAT_LIST,01/07/2026,C83024,THE GLENSIDE COUNTRY PRACTICE,E01015642,MALE,1
GP_PRAC_PAT_LIST,01/07/2026,C83024,THE GLENSIDE COUNTRY PRACTICE,E01018225,MALE,1
GP_PRAC_PAT_LIST,01/07/2026,C83024,THE GLENSIDE COUNTRY PRACTICE,E01025683,MALE,1
GP_PRAC_PAT_LIST,01/07/2026,C83024,THE GLENSIDE COUNTRY PRACTICE,E01025894,MALE,1
GP_PRAC_PAT_LIST,01/07/2026,C83024,THE GLENSIDE COUNTRY PRACTICE,E01025911,MALE,1
GP_PRAC_PAT_LIST,01/07/2026,C83024,THE GLENSIDE COUNTRY PRACTICE,E01025912,MALE,11
GP_PRAC_PAT_LIST,01/07/2026,C83024,THE GLENSIDE COUNTRY PRACTICE,E01026221,MALE,1
GP_PRAC_PAT_LIST,01/07/2026,C83024,THE GLENSIDE COUNTRY PRACTICE,E01026287,MALE,10
GP_PRAC_PAT_LIST,01/07/2026,C83024,THE GLENSIDE COUNTRY PRACTICE,E01026288,MALE,22
GP_PRAC_PAT_LIST,01/07/2026,C83024,THE GLENSIDE COUNTRY PRACTICE,E01026289,MALE,21
GP_PRAC_PAT_LIST,01/07/2026,C83024,THE GLENSIDE COUNTRY PRACTICE,E01026290,MALE,13
GP_PRAC_PAT_LIST,01/07/2026,C83024,THE GLENSIDE COUNTRY PRACTICE,E01026291,MALE,1
GP_PRAC_PAT_LIST,01/07/2026,C83024,THE GLENSIDE COUNTRY PRACTICE,E01026292,MALE,1
GP_PRAC_PAT_LIST,01/07/2026,C83024,THE GLENSIDE COUNTRY PRACTICE,E01026293,MALE,2
GP_PRAC_PAT_LIST,01/07/2026,C83024,THE GLENSIDE COUNTRY PRACTICE,E01026294,MALE,2
GP_PRAC_PAT_LIST,01/07/2026,C83024,THE GLENSIDE COUNTRY PRACTICE,E01026296,MALE,7
GP_PRAC_PAT_LIST,01/07/2026,C83024,THE GLENSIDE COUNTRY PRACTICE,E01026297,MALE,3
GP_PRAC_PAT_LIST,01/07/2026,C83024,THE GLENSIDE COUNTRY PRACTICE,E01026298,MALE,4
GP_PRAC_PAT_LIST,01/07/2026,C83024,THE GLENSIDE COUNTRY PRACTICE,E01026299,MALE,3
GP_PRAC_PAT_LIST,01/07/2026,C83024,THE GLENSIDE COUNTRY PRACTICE,E01026300,MALE,8
GP_PRAC_PAT_LIST,01/07/2026,C83024,THE GLENSIDE COUNTRY PRACTICE,E01026302,MALE,5
GP_PRAC_PAT_LIST,01/07/2026,C83024,THE GLENSIDE COUNTRY PRACTICE,E01026308,MALE,2
GP_PRAC_PAT_LIST,01/07/2026,C83024,THE GLENSIDE COUNTRY PRACTICE,E01026310,MALE,1
GP_PRAC_PAT_LIST,01/07/2026,C83024,THE GLENSIDE COUNTRY PRACTICE,E01026311,MALE,2
GP_PRAC_PAT_LIST,01/07/2026,C83024,THE GLENSIDE COUNTRY PRACTICE,E01026315,MALE,6
GP_PRAC_PAT_LIST,01/07/2026,C83024,THE GLENSIDE COUNTRY PRACTICE,E01026316,MALE,230
GP_PRAC_PAT_LIST,01/07/2026,C83024,THE GLENSIDE COUNTRY PRACTICE,E01026317,MALE,6
GP_PRAC_PAT_LIST,01/07/2026,C83024,THE GLENSIDE COUNTRY PRACTICE,E01026318,MALE,3
GP_PRAC_PAT_LIST,01/07/2026,C83024,THE GLENSIDE COUNTRY PRACTICE,E01026319,MALE,5
GP_PRAC_PAT_LIST,01/07/2026,C83024,THE GLENSIDE COUNTRY PRACTICE,E01026321,MALE,5
GP_PRAC_PAT_LIST,01/07/2026,C83024,THE GLENSIDE COUNTRY PRACTICE,E01026323,MALE,2
GP_PRAC_PAT_LIST,01/07/2026,C83024,THE GLENSIDE COUNTRY PRACTICE,E01026324,MALE,4
GP_PRAC_PAT_LIST,01/07/2026,C83024,THE GLENSIDE COUNTRY PRACTICE,E01026325,MALE,3
GP_PRAC_PAT_LIST,01/07/2026,C83024,THE GLENSIDE COUNTRY PRACTICE,E01026327,MALE,1
GP_PRAC_PAT_LIST,01/07/2026,C83024,THE GLENSIDE COUNTRY PRACTICE,E01026330,MALE,229
GP_PRAC_PAT_LIST,01/07/2026,C83024,THE GLENSIDE COUNTRY PRACTICE,E01026331,MALE,85
GP_PRAC_PAT_LIST,01/07/2026,C83024,THE GLENSIDE COUNTRY PRACTICE,E01026332,MALE,46
GP_PRAC_PAT_LIST,01/07/2026,C83024,THE GLENSIDE COUNTRY PRACTICE,E01026335,MALE,1
GP_PRAC_PAT_LIST,01/07/2026,C83024,THE GLENSIDE COUNTRY PRACTICE,E01026338,MALE,352
GP_PRAC_PAT_LIST,01/07/2026,C83024,THE GLENSIDE COUNTRY PRACTICE,E01026339,MALE,133
GP_PRAC_PAT_LIST,01/07/2026,C83024,THE GLENSIDE COUNTRY PRACTICE,E01026340,MALE,5
GP_PRAC_PAT_LIST,01/07/2026,C83024,THE GLENSIDE COUNTRY PRACTICE,E01026341,MALE,6
GP_PRAC_PAT_LIST,01/07/2026,C83024,THE GLENSIDE COUNTRY PRACTICE,E01026342,MALE,7
GP_PRAC_PAT_LIST,01/07/2026,C83024,THE GLENSIDE COUNTRY PRACTICE,E01026343,MALE,6
GP_PRAC_PAT_LIST,01/07/2026,C83024,THE GLENSIDE COUNTRY PRACTICE,E01026344,MALE,1
GP_PRAC_PAT_LIST,01/07/2026,C83024,THE GLENSIDE COUNTRY PRACTICE,E01026345,MALE,3
GP_PRAC_PAT_LIST,01/07/2026,C83024,THE GLENSIDE COUNTRY PRACTICE,E01026346,MALE,14
GP_PRAC_PAT_LIST,01/07/2026,C83024,THE GLENSIDE COUNTRY PRACTICE,E01026347,MALE,14
GP_PRAC_PAT_LIST,01/07/2026,C83024,THE GLENSIDE COUNTRY PRACTICE,E01026348,MALE,11
GP_PRAC_PAT_LIST,01/07/2026,C83024,THE GLENSIDE COUNTRY PRACTICE,E01026349,MALE,17
GP_PRAC_PAT_LIST,01/07/2026,C83024,THE GLENSIDE COUNTRY PRACTICE,E01026350,MALE,23
GP_PRAC_PAT_LIST,01/07/2026,C83024,THE GLENSIDE COUNTRY PRACTICE,E01026351,MALE,20
GP_PRAC_PAT_LIST,01/07/2026,C83024,THE GLENSIDE COUNTRY PRACTICE,E01026352,MALE,1
GP_PRAC_PAT_LIST,01/07/2026,C83024,THE GLENSIDE COUNTRY PRACTICE,E01026354,MALE,3
GP_PRAC_PAT_LIST,01/07/2026,C83024,THE GLENSIDE COUNTRY PRACTICE,E01026356,MALE,9
GP_PRAC_PAT_LIST,01/07/2026,C83024,THE GLENSIDE COUNTRY PRACTICE,E01026357,MALE,14
GP_PRAC_PAT_LIST,01/07/2026,C83024,THE GLENSIDE COUNTRY PRACTICE,E01026358,MALE,24
GP_PRAC_PAT_LIST,01/07/2026,C83024,THE GLENSIDE COUNTRY PRACTICE,E01026359,MALE,35
GP_PRAC_PAT_LIST,01/07/2026,C83024,THE GLENSIDE COUNTRY PRACTICE,E01026360,MALE,11
GP_PRAC_PAT_LIST,01/07/2026,C83024,THE GLENSIDE COUNTRY PRACTICE,E01026361,MALE,4
GP_PRAC_PAT_LIST,01/07/2026,C83024,THE GLENSIDE COUNTRY PRACTICE,E01026363,MALE,7
GP_PRAC_PAT_LIST,01/07/2026,C83024,THE GLENSIDE COUNTRY PRACTICE,E01026365,MALE,2
GP_PRAC_PAT_LIST,01/07/2026,C83024,THE GLENSIDE COUNTRY PRACTICE,E01027033,MALE,5
GP_PRAC_PAT_LIST,01/07/2026,C83024,THE GLENSIDE COUNTRY PRACTICE,E01032997,MALE,4
GP_PRAC_PAT_LIST,01/07/2026,C83024,THE GLENSIDE COUNTRY PRACTICE,E01032998,MALE,5
GP_PRAC_PAT_LIST,01/07/2026,C83024,THE GLENSIDE COUNTRY PRACTICE,E01032999,MALE,4
GP_PRAC_PAT_LIST,01/07/2026,C83024,THE GLENSIDE COUNTRY PRACTICE,E01034701,MALE,5
GP_PRAC_PAT_LIST,01/07/2026,C83024,THE GLENSIDE COUNTRY PRACTICE,E01034702,MALE,3
GP_PRAC_PAT_LIST,01/07/2026,C83024,THE GLENSIDE COUNTRY PRACTICE,E01034703,MALE,7
GP_PRAC_PAT_LIST,01/07/2026,C83024,THE GLENSIDE COUNTRY PRACTICE,E01034704,MALE,7
GP_PRAC_PAT_LIST,01/07/2026,C83024,THE GLENSIDE COUNTRY PRACTICE,E01034705,MALE,6
GP_PRAC_PAT_LIST,01/07/2026,C83024,THE GLENSIDE COUNTRY PRACTICE,E01035102,MALE,3
GP_PRAC_PAT_LIST,01/07/2026,C83024,THE GLENSIDE COUNTRY PRACTICE,E01035103,MALE,2
GP_PRAC_PAT_LIST,01/07/2026,C83024,THE GLENSIDE COUNTRY PRACTICE,EMPTY,MALE,1
GP_PRAC_PAT_LIST,01/07/2026,C83025,RICHMOND MEDICAL CENTRE,CLOSED,MALE,2
GP_PRAC_PAT_LIST,01/07/2026,C83025,RICHMOND MEDICAL CENTRE,E01004350,MALE,1
GP_PRAC_PAT_LIST,01/07/2026,C83025,RICHMOND MEDICAL CENTRE,E01012848,MALE,1
GP_PRAC_PAT_LIST,01/07/2026,C83025,RICHMOND MEDICAL CENTRE,E01019577,MALE,1
GP_PRAC_PAT_LIST,01/07/2026,C83025,RICHMOND MEDICAL CENTRE,E01019646,MALE,1
GP_PRAC_PAT_LIST,01/07/2026,C83025,RICHMOND MEDICAL CENTRE,E01026042,MALE,1
GP_PRAC_PAT_LIST,01/07/2026,C83025,RICHMOND MEDICAL CENTRE,E01026126,MALE,1
GP_PRAC_PAT_LIST,01/07/2026,C83025,RICHMOND MEDICAL CENTRE,E01026127,MALE,1
GP_PRAC_PAT_LIST,01/07/2026,C83025,RICHMOND MEDICAL CENTRE,E01026129,MALE,2
GP_PRAC_PAT_LIST,01/07/2026,C83025,RICHMOND MEDICAL CENTRE,E01026130,MALE,9
GP_PRAC_PAT_LIST,01/07/2026,C83025,RICHMOND MEDICAL CENTRE,E01026131,MALE,3
GP_PRAC_PAT_LIST,01/07/2026,C83025,RICHMOND MEDICAL CENTRE,E01026135,MALE,5
GP_PRAC_PAT_LIST,01/07/2026,C83025,RICHMOND MEDICAL CENTRE,E01026136,MALE,2
GP_PRAC_PAT_LIST,01/07/2026,C83025,RICHMOND MEDICAL CENTRE,E01026137,MALE,3
GP_PRAC_PAT_LIST,01/07/2026,C83025,RICHMOND MEDICAL CENTRE,E01026138,MALE,9
GP_PRAC_PAT_LIST,01/07/2026,C83025,RICHMOND MEDICAL CENTRE,E01026139,MALE,312
GP_PRAC_PAT_LIST,01/07/2026,C83025,RICHMOND MEDICAL CENTRE,E01026140,MALE,6
GP_PRAC_PAT_LIST,01/07/2026,C83025,RICHMOND MEDICAL CENTRE,E01026141,MALE,270
GP_PRAC_PAT_LIST,01/07/2026,C83025,RICHMOND MEDICAL CENTRE,E01026142,MALE,1
GP_PRAC_PAT_LIST,01/07/2026,C83025,RICHMOND MEDICAL CENTRE,E01026144,MALE,1
GP_PRAC_PAT_LIST,01/07/2026,C83025,RICHMOND MEDICAL CENTRE,E01026147,MALE,1
GP_PRAC_PAT_LIST,01/07/2026,C83025,RICHMOND MEDICAL CENTRE,E01026155,MALE,1
GP_PRAC_PAT_LIST,01/07/2026,C83025,RICHMOND MEDICAL CENTRE,E01026158,MALE,6
GP_PRAC_PAT_LIST,01/07/2026,C83025,RICHMOND MEDICAL CENTRE,E01026159,MALE,10
GP_PRAC_PAT_LIST,01/07/2026,C83025,RICHMOND MEDICAL CENTRE,E01026160,MALE,5
GP_PRAC_PAT_LIST,01/07/2026,C83025,RICHMOND MEDICAL CENTRE,E01026161,MALE,1
GP_PRAC_PAT_LIST,01/07/2026,C83025,RICHMOND MEDICAL CENTRE,E01026162,MALE,34
GP_PRAC_PAT_LIST,01/07/2026,C83025,RICHMOND MEDICAL CENTRE,E01026163,MALE,19
GP_PRAC_PAT_LIST,01/07/2026,C83025,RICHMOND MEDICAL CENTRE,E01026169,MALE,42
GP_PRAC_PAT_LIST,01/07/2026,C83025,RICHMOND MEDICAL CENTRE,E01026170,MALE,7
GP_PRAC_PAT_LIST,01/07/2026,C83025,RICHMOND MEDICAL CENTRE,E01026171,MALE,119
GP_PRAC_PAT_LIST,01/07/2026,C83025,RICHMOND MEDICAL CENTRE,E01026172,MALE,3
GP_PRAC_PAT_LIST,01/07/2026,C83025,RICHMOND MEDICAL CENTRE,E01026174,MALE,1
GP_PRAC_PAT_LIST,01/07/2026,C83025,RICHMOND MEDICAL CENTRE,E01026175,MALE,1
GP_PRAC_PAT_LIST,01/07/2026,C83025,RICHMOND MEDICAL CENTRE,E01026177,MALE,2
GP_PRAC_PAT_LIST,01/07/2026,C83025,RICHMOND MEDICAL CENTRE,E01026184,MALE,2
GP_PRAC_PAT_LIST,01/07/2026,C83025,RICHMOND MEDICAL CENTRE,E01026185,MALE,2
GP_PRAC_PAT_LIST,01/07/2026,C83025,RICHMOND MEDICAL CENTRE,E01026186,MALE,1
GP_PRAC_PAT_LIST,01/07/2026,C83025,RICHMOND MEDICAL CENTRE,E01026191,MALE,1
GP_PRAC_PAT_LIST,01/07/2026,C83025,RICHMOND MEDICAL CENTRE,E01026193,MALE,5
GP_PRAC_PAT_LIST,01/07/2026,C83025,RICHMOND MEDICAL CENTRE,E01026199,MALE,366
GP_PRAC_PAT_LIST,01/07/2026,C83025,RICHMOND MEDICAL CENTRE,E01026203,MALE,1
GP_PRAC_PAT_LIST,01/07/2026,C83025,RICHMOND MEDICAL CENTRE,E01026214,MALE,372
GP_PRAC_PAT_LIST,01/07/2026,C83025,RICHMOND MEDICAL CENTRE,E01026215,MALE,352
GP_PRAC_PAT_LIST,01/07/2026,C83025,RICHMOND MEDICAL CENTRE,E01026218,MALE,475
GP_PRAC_PAT_LIST,01/07/2026,C83025,RICHMOND MEDICAL CENTRE,E01026219,MALE,453
GP_PRAC_PAT_LIST,01/07/2026,C83025,RICHMOND MEDICAL CENTRE,E01026220,MALE,920
GP_PRAC_PAT_LIST,01/07/2026,C83025,RICHMOND MEDICAL CENTRE,E01026225,MALE,5
GP_PRAC_PAT_LIST,01/07/2026,C83025,RICHMOND MEDICAL CENTRE,E01026226,MALE,2
GP_PRAC_PAT_LIST,01/07/2026,C83025,RICHMOND MEDICAL CENTRE,E01026229,MALE,1
GP_PRAC_PAT_LIST,01/07/2026,C83025,RICHMOND MEDICAL CENTRE,E01026237,MALE,7
GP_PRAC_PAT_LIST,01/07/2026,C83025,RICHMOND MEDICAL CENTRE,E01026238,MALE,13
GP_PRAC_PAT_LIST,01/07/2026,C83025,RICHMOND MEDICAL CENTRE,E01027636,MALE,1
GP_PRAC_PAT_LIST,01/07/2026,C83025,RICHMOND MEDICAL CENTRE,E01027650,MALE,1
GP_PRAC_PAT_LIST,01/07/2026,C83025,RICHMOND MEDICAL CENTRE,E01028315,MALE,1
GP_PRAC_PAT_LIST,01/07/2026,C83025,RICHMOND MEDICAL CENTRE,E01028474,MALE,1
GP_PRAC_PAT_LIST,01/07/2026,C83025,RICHMOND MEDICAL CENTRE,E01032988,MALE,871
GP_PRAC_PAT_LIST,01/07/2026,C83025,RICHMOND MEDICAL CENTRE,E01032989,MALE,944
GP_PRAC_PAT_LIST,01/07/2026,C83025,RICHMOND MEDICAL CENTRE,E01032991,MALE,821
GP_PRAC_PAT_LIST,01/07/2026,C83025,RICHMOND MEDICAL CENTRE,E01032992,MALE,718
GP_PRAC_PAT_LIST,01/07/2026,C83025,RICHMOND MEDICAL CENTRE,E01032993,MALE,1019
GP_PRAC_PAT_LIST,01/07/2026,C83025,RICHMOND MEDICAL CENTRE,E01032994,MALE,493
GP_PRAC_PAT_LIST,01/07/2026,C83025,RICHMOND MEDICAL CENTRE,E01033263,MALE,1
GP_PRAC_PAT_LIST,01/07/2026,C83025,RICHMOND MEDICAL CENTRE,E01033314,MALE,1
GP_PRAC_PAT_LIST,01/07/2026,C83025,RICHMOND MEDICAL CENTRE,E01033402,MALE,1
GP_PRAC_PAT_LIST,01/07/2026,C83025,RICHMOND MEDICAL CENTRE,E01034687,MALE,1
GP_PRAC_PAT_LIST,01/07/2026,C83025,RICHMOND MEDICAL CENTRE,E01034689,MALE,3
GP_PRAC_PAT_LIST,01/07/2026,C83025,RICHMOND MEDICAL CENTRE,E01034690,MALE,4
GP_PRAC_PAT_LIST,01/07/2026,C83025,RICHMOND MEDICAL CENTRE,E01034691,MALE,2
GP_PRAC_PAT_LIST,01/07/2026,C83025,RICHMOND MEDICAL CENTRE,E01034693,MALE,222
GP_PRAC_PAT_LIST,01/07/2026,C83025,RICHMOND MEDICAL CENTRE,E01034694,MALE,232
GP_PRAC_PAT_LIST,01/07/2026,C83025,RICHMOND MEDICAL CENTRE,EMPTY,MALE,10
GP_PRAC_PAT_LIST,01/07/2026,C83026,THE DEEPINGS PRACTICE,CLOSED,MALE,1
GP_PRAC_PAT_LIST,01/07/2026,C83026,THE DEEPINGS PRACTICE,E01002361,MALE,1
GP_PRAC_PAT_LIST,01/07/2026,C83026,THE DEEPINGS PRACTICE,E01003669,MALE,1
GP_PRAC_PAT_LIST,01/07/2026,C83026,THE DEEPINGS PRACTICE,E01013378,MALE,1
GP_PRAC_PAT_LIST,01/07/2026,C83026,THE DEEPINGS PRACTICE,E01014380,MALE,1
GP_PRAC_PAT_LIST,01/07/2026,C83026,THE DEEPINGS PRACTICE,E01015589,MALE,456
GP_PRAC_PAT_LIST,01/07/2026,C83026,THE DEEPINGS PRACTICE,E01015618,MALE,1
GP_PRAC_PAT_LIST,01/07/2026,C83026,THE DEEPINGS PRACTICE,E01015628,MALE,1
GP_PRAC_PAT_LIST,01/07/2026,C83026,THE DEEPINGS PRACTICE,E01015629,MALE,672
GP_PRAC_PAT_LIST,01/07/2026,C83026,THE DEEPINGS PRACTICE,E01015630,MALE,190
GP_PRAC_PAT_LIST,01/07/2026,C83026,THE DEEPINGS PRACTICE,E01015635,MALE,717
GP_PRAC_PAT_LIST,01/07/2026,C83026,THE DEEPINGS PRACTICE,E01015636,MALE,453
GP_PRAC_PAT_LIST,01/07/2026,C83026,THE DEEPINGS PRACTICE,E01015659,MALE,1
GP_PRAC_PAT_LIST,01/07/2026,C83026,THE DEEPINGS PRACTICE,E01015674,MALE,1
GP_PRAC_PAT_LIST,01/07/2026,C83026,THE DEEPINGS PRACTICE,E01015676,MALE,1
GP_PRAC_PAT_LIST,01/07/2026,C83026,THE DEEPINGS PRACTICE,E01015679,MALE,14
GP_PRAC_PAT_LIST,01/07/2026,C83026,THE DEEPINGS PRACTICE,E01018058,MALE,1
GP_PRAC_PAT_LIST,01/07/2026,C83026,THE DEEPINGS PRACTICE,E01018072,MALE,1
GP_PRAC_PAT_LIST,01/07/2026,C83026,THE DEEPINGS PRACTICE,E01018077,MALE,1
GP_PRAC_PAT_LIST,01/07/2026,C83026,THE DEEPINGS PRACTICE,E01018092,MALE,1
GP_PRAC_PAT_LIST,01/07/2026,C83026,THE DEEPINGS PRACTICE,E01021537,MALE,1
GP_PRAC_PAT_LIST,01/07/2026,C83026,THE DEEPINGS PRACTICE,E01023456,MALE,1
GP_PRAC_PAT_LIST,01/07/2026,C83026,THE DEEPINGS PRACTICE,E01025893,MALE,1
GP_PRAC_PAT_LIST,01/07/2026,C83026,THE DEEPINGS PRACTICE,E01026241,MALE,281
GP_PRAC_PAT_LIST,01/07/2026,C83026,THE DEEPINGS PRACTICE,E01026244,MALE,1
GP_PRAC_PAT_LIST,01/07/2026,C83026,THE DEEPINGS PRACTICE,E01026248,MALE,1
GP_PRAC_PAT_LIST,01/07/2026,C83026,THE DEEPINGS PRACTICE,E01026268,MALE,1
GP_PRAC_PAT_LIST,01/07/2026,C83026,THE DEEPINGS PRACTICE,E01026275,MALE,1
GP_PRAC_PAT_LIST,01/07/2026,C83026,THE DEEPINGS PRACTICE,E01026276,MALE,1
GP_PRAC_PAT_LIST,01/07/2026,C83026,THE DEEPINGS PRACTICE,E01026282,MALE,1
GP_PRAC_PAT_LIST,01/07/2026,C83026,THE DEEPINGS PRACTICE,E01026290,MALE,1
GP_PRAC_PAT_LIST,01/07/2026,C83026,THE DEEPINGS PRACTICE,E01026297,MALE,2
GP_PRAC_PAT_LIST,01/07/2026,C83026,THE DEEPINGS PRACTICE,E01026299,MALE,1
GP_PRAC_PAT_LIST,01/07/2026,C83026,THE DEEPINGS PRACTICE,E01026303,MALE,582
GP_PRAC_PAT_LIST,01/07/2026,C83026,THE DEEPINGS PRACTICE,E01026304,MALE,723
GP_PRAC_PAT_LIST,01/07/2026,C83026,THE DEEPINGS PRACTICE,E01026305,MALE,712
GP_PRAC_PAT_LIST,01/07/2026,C83026,THE DEEPINGS PRACTICE,E01026306,MALE,838
GP_PRAC_PAT_LIST,01/07/2026,C83026,THE DEEPINGS PRACTICE,E01026307,MALE,554
GP_PRAC_PAT_LIST,01/07/2026,C83026,THE DEEPINGS PRACTICE,E01026312,MALE,1
GP_PRAC_PAT_LIST,01/07/2026,C83026,THE DEEPINGS PRACTICE,E01026318,MALE,1
GP_PRAC_PAT_LIST,01/07/2026,C83026,THE DEEPINGS PRACTICE,E01026330,MALE,88
GP_PRAC_PAT_LIST,01/07/2026,C83026,THE DEEPINGS PRACTICE,E01026331,MALE,1
GP_PRAC_PAT_LIST,01/07/2026,C83026,THE DEEPINGS PRACTICE,E01026334,MALE,694
GP_PRAC_PAT_LIST,01/07/2026,C83026,THE DEEPINGS PRACTICE,E01026335,MALE,680
GP_PRAC_PAT_LIST,01/07/2026,C83026,THE DEEPINGS PRACTICE,E01026336,MALE,964
GP_PRAC_PAT_LIST,01/07/2026,C83026,THE DEEPINGS PRACTICE,E01026337,MALE,1020
GP_PRAC_PAT_LIST,01/07/2026,C83026,THE DEEPINGS PRACTICE,E01026342,MALE,1
GP_PRAC_PAT_LIST,01/07/2026,C83026,THE DEEPINGS PRACTICE,E01026356,MALE,2
GP_PRAC_PAT_LIST,01/07/2026,C83026,THE DEEPINGS PRACTICE,E01026362,MALE,612
GP_PRAC_PAT_LIST,01/07/2026,C83026,THE DEEPINGS PRACTICE,E01026363,MALE,341
GP_PRAC_PAT_LIST,01/07/2026,C83026,THE DEEPINGS PRACTICE,E01026364,MALE,468
GP_PRAC_PAT_LIST,01/07/2026,C83026,THE DEEPINGS PRACTICE,E01027680,MALE,1
GP_PRAC_PAT_LIST,01/07/2026,C83026,THE DEEPINGS PRACTICE,E01032998,MALE,1
GP_PRAC_PAT_LIST,01/07/2026,C83026,THE DEEPINGS PRACTICE,E01033177,MALE,2
GP_PRAC_PAT_LIST,01/07/2026,C83026,THE DEEPINGS PRACTICE,E01034041,MALE,1
GP_PRAC_PAT_LIST,01/07/2026,C83026,THE DEEPINGS PRACTICE,E01034451,MALE,1
GP_PRAC_PAT_LIST,01/07/2026,C83026,THE DEEPINGS PRACTICE,E01034699,MALE,1
GP_PRAC_PAT_LIST,01/07/2026,C83026,THE DEEPINGS PRACTICE,E01034727,MALE,1
GP_PRAC_PAT_LIST,01/07/2026,C83026,THE DEEPINGS PRACTICE,E01035544,MALE,1
GP_PRAC_PAT_LIST,01/07/2026,C83026,THE DEEPINGS PRACTICE,E01035545,MALE,1
GP_PRAC_PAT_LIST,01/07/2026,C83026,THE DEEPINGS PRACTICE,E01035549,MALE,1
GP_PRAC_PAT_LIST,01/07/2026,C83026,THE DEEPINGS PRACTICE,EMPTY,MALE,24
GP_PRAC_PAT_LIST,01/07/2026,C83027,HORNCASTLE MEDICAL GROUP,CLOSED,MALE,2
GP_PRAC_PAT_LIST,01/07/2026,C83027,HORNCASTLE MEDICAL GROUP,E01004714,MALE,1
GP_PRAC_PAT_LIST,01/07/2026,C83027,HORNCASTLE MEDICAL GROUP,E01011446,MALE,1
GP_PRAC_PAT_LIST,01/07/2026,C83027,HORNCASTLE MEDICAL GROUP,E01015661,MALE,1
GP_PRAC_PAT_LIST,01/07/2026,C83027,HORNCASTLE MEDICAL GROUP,E01026026,MALE,1
GP_PRAC_PAT_LIST,01/07/2026,C83027,HORNCASTLE MEDICAL GROUP,E01026051,MALE,6
GP_PRAC_PAT_LIST,01/07/2026,C83027,HORNCASTLE MEDICAL GROUP,E01026052,MALE,2
GP_PRAC_PAT_LIST,01/07/2026,C83027,HORNCASTLE MEDICAL GROUP,E01026053,MALE,8
GP_PRAC_PAT_LIST,01/07/2026,C83027,HORNCASTLE MEDICAL GROUP,E01026054,MALE,1
GP_PRAC_PAT_LIST,01/07/2026,C83027,HORNCASTLE MEDICAL GROUP,E01026055,MALE,2
GP_PRAC_PAT_LIST,01/07/2026,C83027,HORNCASTLE MEDICAL GROUP,E01026060,MALE,28
GP_PRAC_PAT_LIST,01/07/2026,C83027,HORNCASTLE MEDICAL GROUP,E01026064,MALE,739
GP_PRAC_PAT_LIST,01/07/2026,C83027,HORNCASTLE MEDICAL GROUP,E01026065,MALE,956
GP_PRAC_PAT_LIST,01/07/2026,C83027,HORNCASTLE MEDICAL GROUP,E01026066,MALE,1031
GP_PRAC_PAT_LIST,01/07/2026,C83027,HORNCASTLE MEDICAL GROUP,E01026067,MALE,783
GP_PRAC_PAT_LIST,01/07/2026,C83027,HORNCASTLE MEDICAL GROUP,E01026068,MALE,15
GP_PRAC_PAT_LIST,01/07/2026,C83027,HORNCASTLE MEDICAL GROUP,E01026070,MALE,1
GP_PRAC_PAT_LIST,01/07/2026,C83027,HORNCASTLE MEDICAL GROUP,E01026071,MALE,197
GP_PRAC_PAT_LIST,01/07/2026,C83027,HORNCASTLE MEDICAL GROUP,E01026075,MALE,200
GP_PRAC_PAT_LIST,01/07/2026,C83027,HORNCASTLE MEDICAL GROUP,E01026078,MALE,1
GP_PRAC_PAT_LIST,01/07/2026,C83027,HORNCASTLE MEDICAL GROUP,E01026082,MALE,353
GP_PRAC_PAT_LIST,01/07/2026,C83027,HORNCASTLE MEDICAL GROUP,E01026100,MALE,1
GP_PRAC_PAT_LIST,01/07/2026,C83027,HORNCASTLE MEDICAL GROUP,E01026102,MALE,1
GP_PRAC_PAT_LIST,01/07/2026,C83027,HORNCASTLE MEDICAL GROUP,E01026103,MALE,1
GP_PRAC_PAT_LIST,01/07/2026,C83027,HORNCASTLE MEDICAL GROUP,E01026105,MALE,520
GP_PRAC_PAT_LIST,01/07/2026,C83027,HORNCASTLE MEDICAL GROUP,E01026118,MALE,31
GP_PRAC_PAT_LIST,01/07/2026,C83027,HORNCASTLE MEDICAL GROUP,E01026119,MALE,26
GP_PRAC_PAT_LIST,01/07/2026,C83027,HORNCASTLE MEDICAL GROUP,E01026120,MALE,34
GP_PRAC_PAT_LIST,01/07/2026,C83027,HORNCASTLE MEDICAL GROUP,E01026121,MALE,25
GP_PRAC_PAT_LIST,01/07/2026,C83027,HORNCASTLE MEDICAL GROUP,E01026124,MALE,1
GP_PRAC_PAT_LIST,01/07/2026,C83027,HORNCASTLE MEDICAL GROUP,E01026196,MALE,1
GP_PRAC_PAT_LIST,01/07/2026,C83027,HORNCASTLE MEDICAL GROUP,E01026210,MALE,4
GP_PRAC_PAT_LIST,01/07/2026,C83027,HORNCASTLE MEDICAL GROUP,E01026366,MALE,5
GP_PRAC_PAT_LIST,01/07/2026,C83027,HORNCASTLE MEDICAL GROUP,E01026373,MALE,2
GP_PRAC_PAT_LIST,01/07/2026,C83027,HORNCASTLE MEDICAL GROUP,E01026390,MALE,1
GP_PRAC_PAT_LIST,01/07/2026,C83027,HORNCASTLE MEDICAL GROUP,E01026391,MALE,1
GP_PRAC_PAT_LIST,01/07/2026,C83027,HORNCASTLE MEDICAL GROUP,E01026414,MALE,1
GP_PRAC_PAT_LIST,01/07/2026,C83027,HORNCASTLE MEDICAL GROUP,E01026415,MALE,1
GP_PRAC_PAT_LIST,01/07/2026,C83027,HORNCASTLE MEDICAL GROUP,EMPTY,MALE,4
GP_PRAC_PAT_LIST,01/07/2026,C83028,HOLBEACH MEDICAL CENTRE,CLOSED,MALE,1
GP_PRAC_PAT_LIST,01/07/2026,C83028,HOLBEACH MEDICAL CENTRE,E01013791,MALE,1
GP_PRAC_PAT_LIST,01/07/2026,C83028,HOLBEACH MEDICAL CENTRE,E01018107,MALE,1
GP_PRAC_PAT_LIST,01/07/2026,C83028,HOLBEACH MEDICAL CENTRE,E01021318,MALE,1
GP_PRAC_PAT_LIST,01/07/2026,C83028,HOLBEACH MEDICAL CENTRE,E01026017,MALE,9
GP_PRAC_PAT_LIST,01/07/2026,C83028,HOLBEACH MEDICAL CENTRE,E01026098,MALE,1
GP_PRAC_PAT_LIST,01/07/2026,C83028,HOLBEACH MEDICAL CENTRE,E01026245,MALE,466
GP_PRAC_PAT_LIST,01/07/2026,C83028,HOLBEACH MEDICAL CENTRE,E01026246,MALE,158
GP_PRAC_PAT_LIST,01/07/2026,C83028,HOLBEACH MEDICAL CENTRE,E01026248,MALE,548
GP_PRAC_PAT_LIST,01/07/2026,C83028,HOLBEACH MEDICAL CENTRE,E01026249,MALE,210
GP_PRAC_PAT_LIST,01/07/2026,C83028,HOLBEACH MEDICAL CENTRE,E01026250,MALE,525
GP_PRAC_PAT_LIST,01/07/2026,C83028,HOLBEACH MEDICAL CENTRE,E01026251,MALE,473
GP_PRAC_PAT_LIST,01/07/2026,C83028,HOLBEACH MEDICAL CENTRE,E01026252,MALE,550
GP_PRAC_PAT_LIST,01/07/2026,C83028,HOLBEACH MEDICAL CENTRE,E01026253,MALE,481
GP_PRAC_PAT_LIST,01/07/2026,C83028,HOLBEACH MEDICAL CENTRE,E01026254,MALE,4
GP_PRAC_PAT_LIST,01/07/2026,C83028,HOLBEACH MEDICAL CENTRE,E01026255,MALE,8
GP_PRAC_PAT_LIST,01/07/2026,C83028,HOLBEACH MEDICAL CENTRE,E01026256,MALE,24
GP_PRAC_PAT_LIST,01/07/2026,C83028,HOLBEACH MEDICAL CENTRE,E01026257,MALE,21
GP_PRAC_PAT_LIST,01/07/2026,C83028,HOLBEACH MEDICAL CENTRE,E01026260,MALE,1
GP_PRAC_PAT_LIST,01/07/2026,C83028,HOLBEACH MEDICAL CENTRE,E01026264,MALE,1
GP_PRAC_PAT_LIST,01/07/2026,C83028,HOLBEACH MEDICAL CENTRE,E01026268,MALE,1
GP_PRAC_PAT_LIST,01/07/2026,C83028,HOLBEACH MEDICAL CENTRE,E01026269,MALE,1
GP_PRAC_PAT_LIST,01/07/2026,C83028,HOLBEACH MEDICAL CENTRE,E01026271,MALE,1
GP_PRAC_PAT_LIST,01/07/2026,C83028,HOLBEACH MEDICAL CENTRE,E01026278,MALE,3
GP_PRAC_PAT_LIST,01/07/2026,C83028,HOLBEACH MEDICAL CENTRE,E01026279,MALE,1
GP_PRAC_PAT_LIST,01/07/2026,C83028,HOLBEACH MEDICAL CENTRE,E01026280,MALE,52
GP_PRAC_PAT_LIST,01/07/2026,C83028,HOLBEACH MEDICAL CENTRE,E01026281,MALE,5
GP_PRAC_PAT_LIST,01/07/2026,C83028,HOLBEACH MEDICAL CENTRE,E01026282,MALE,34
GP_PRAC_PAT_LIST,01/07/2026,C83028,HOLBEACH MEDICAL CENTRE,E01026283,MALE,53
GP_PRAC_PAT_LIST,01/07/2026,C83028,HOLBEACH MEDICAL CENTRE,E01026284,MALE,13
GP_PRAC_PAT_LIST,01/07/2026,C83028,HOLBEACH MEDICAL CENTRE,E01026285,MALE,133
GP_PRAC_PAT_LIST,01/07/2026,C83028,HOLBEACH MEDICAL CENTRE,E01026286,MALE,163
GP_PRAC_PAT_LIST,01/07/2026,C83028,HOLBEACH MEDICAL CENTRE,E01026404,MALE,1
GP_PRAC_PAT_LIST,01/07/2026,C83028,HOLBEACH MEDICAL CENTRE,E01027129,MALE,1
GP_PRAC_PAT_LIST,01/07/2026,C83028,HOLBEACH MEDICAL CENTRE,E01032995,MALE,1
GP_PRAC_PAT_LIST,01/07/2026,C83028,HOLBEACH MEDICAL CENTRE,E01032996,MALE,1
GP_PRAC_PAT_LIST,01/07/2026,C83028,HOLBEACH MEDICAL CENTRE,E01034700,MALE,2
GP_PRAC_PAT_LIST,01/07/2026,C83028,HOLBEACH MEDICAL CENTRE,E01035534,MALE,1
GP_PRAC_PAT_LIST,01/07/2026,C83028,HOLBEACH MEDICAL CENTRE,EMPTY,MALE,5
GP_PRAC_PAT_LIST,01/07/2026,C83029,BRANSTON & HEIGHINGTON FAMILY PRACTICE,E01006751,MALE,1
GP_PRAC_PAT_LIST,01/07/2026,C83029,BRANSTON & HEIGHINGTON FAMILY PRACTICE,E01012100,MALE,1
GP_PRAC_PAT_LIST,01/07/2026,C83029,BRANSTON & HEIGHINGTON FAMILY PRACTICE,E01018831,MALE,1
GP_PRAC_PAT_LIST,01/07/2026,C83029,BRANSTON & HEIGHINGTON FAMILY PRACTICE,E01020704,MALE,1
GP_PRAC_PAT_LIST,01/07/2026,C83029,BRANSTON & HEIGHINGTON FAMILY PRACTICE,E01026033,MALE,1
GP_PRAC_PAT_LIST,01/07/2026,C83029,BRANSTON & HEIGHINGTON FAMILY PRACTICE,E01026105,MALE,1
GP_PRAC_PAT_LIST,01/07/2026,C83029,BRANSTON & HEIGHINGTON FAMILY PRACTICE,E01026155,MALE,1
GP_PRAC_PAT_LIST,01/07/2026,C83029,BRANSTON & HEIGHINGTON FAMILY PRACTICE,E01026157,MALE,1
GP_PRAC_PAT_LIST,01/07/2026,C83029,BRANSTON & HEIGHINGTON FAMILY PRACTICE,E01026175,MALE,3
GP_PRAC_PAT_LIST,01/07/2026,C83029,BRANSTON & HEIGHINGTON FAMILY PRACTICE,E01026176,MALE,2
GP_PRAC_PAT_LIST,01/07/2026,C83029,BRANSTON & HEIGHINGTON FAMILY PRACTICE,E01026184,MALE,3
GP_PRAC_PAT_LIST,01/07/2026,C83029,BRANSTON & HEIGHINGTON FAMILY PRACTICE,E01026185,MALE,3
GP_PRAC_PAT_LIST,01/07/2026,C83029,BRANSTON & HEIGHINGTON FAMILY PRACTICE,E01026186,MALE,7
GP_PRAC_PAT_LIST,01/07/2026,C83029,BRANSTON & HEIGHINGTON FAMILY PRACTICE,E01026187,MALE,9
GP_PRAC_PAT_LIST,01/07/2026,C83029,BRANSTON & HEIGHINGTON FAMILY PRACTICE,E01026188,MALE,9
GP_PRAC_PAT_LIST,01/07/2026,C83029,BRANSTON & HEIGHINGTON FAMILY PRACTICE,E01026189,MALE,324
GP_PRAC_PAT_LIST,01/07/2026,C83029,BRANSTON & HEIGHINGTON FAMILY PRACTICE,E01026190,MALE,587
GP_PRAC_PAT_LIST,01/07/2026,C83029,BRANSTON & HEIGHINGTON FAMILY PRACTICE,E01026191,MALE,429
GP_PRAC_PAT_LIST,01/07/2026,C83029,BRANSTON & HEIGHINGTON FAMILY PRACTICE,E01026193,MALE,1
GP_PRAC_PAT_LIST,01/07/2026,C83029,BRANSTON & HEIGHINGTON FAMILY PRACTICE,E01026194,MALE,1
GP_PRAC_PAT_LIST,01/07/2026,C83029,BRANSTON & HEIGHINGTON FAMILY PRACTICE,E01026195,MALE,3
GP_PRAC_PAT_LIST,01/07/2026,C83029,BRANSTON & HEIGHINGTON FAMILY PRACTICE,E01026196,MALE,1
GP_PRAC_PAT_LIST,01/07/2026,C83029,BRANSTON & HEIGHINGTON FAMILY PRACTICE,E01026199,MALE,1
GP_PRAC_PAT_LIST,01/07/2026,C83029,BRANSTON & HEIGHINGTON FAMILY PRACTICE,E01026200,MALE,1
GP_PRAC_PAT_LIST,01/07/2026,C83029,BRANSTON & HEIGHINGTON FAMILY PRACTICE,E01026203,MALE,56
GP_PRAC_PAT_LIST,01/07/2026,C83029,BRANSTON & HEIGHINGTON FAMILY PRACTICE,E01026204,MALE,60
GP_PRAC_PAT_LIST,01/07/2026,C83029,BRANSTON & HEIGHINGTON FAMILY PRACTICE,E01026205,MALE,190
GP_PRAC_PAT_LIST,01/07/2026,C83029,BRANSTON & HEIGHINGTON FAMILY PRACTICE,E01026206,MALE,162
GP_PRAC_PAT_LIST,01/07/2026,C83029,BRANSTON & HEIGHINGTON FAMILY PRACTICE,E01026211,MALE,164
GP_PRAC_PAT_LIST,01/07/2026,C83029,BRANSTON & HEIGHINGTON FAMILY PRACTICE,E01026212,MALE,20
GP_PRAC_PAT_LIST,01/07/2026,C83029,BRANSTON & HEIGHINGTON FAMILY PRACTICE,E01026213,MALE,16
GP_PRAC_PAT_LIST,01/07/2026,C83029,BRANSTON & HEIGHINGTON FAMILY PRACTICE,E01026219,MALE,1
GP_PRAC_PAT_LIST,01/07/2026,C83029,BRANSTON & HEIGHINGTON FAMILY PRACTICE,E01026225,MALE,1
GP_PRAC_PAT_LIST,01/07/2026,C83029,BRANSTON & HEIGHINGTON FAMILY PRACTICE,E01026227,MALE,1
GP_PRAC_PAT_LIST,01/07/2026,C83029,BRANSTON & HEIGHINGTON FAMILY PRACTICE,E01026231,MALE,1
GP_PRAC_PAT_LIST,01/07/2026,C83029,BRANSTON & HEIGHINGTON FAMILY PRACTICE,E01026237,MALE,1
GP_PRAC_PAT_LIST,01/07/2026,C83029,BRANSTON & HEIGHINGTON FAMILY PRACTICE,E01026238,MALE,1
GP_PRAC_PAT_LIST,01/07/2026,C83029,BRANSTON & HEIGHINGTON FAMILY PRACTICE,E01026366,MALE,14
GP_PRAC_PAT_LIST,01/07/2026,C83029,BRANSTON & HEIGHINGTON FAMILY PRACTICE,E01026370,MALE,1
GP_PRAC_PAT_LIST,01/07/2026,C83029,BRANSTON & HEIGHINGTON FAMILY PRACTICE,E01028304,MALE,1
GP_PRAC_PAT_LIST,01/07/2026,C83029,BRANSTON & HEIGHINGTON FAMILY PRACTICE,E01032196,MALE,1
GP_PRAC_PAT_LIST,01/07/2026,C83029,BRANSTON & HEIGHINGTON FAMILY PRACTICE,E01032989,MALE,2
GP_PRAC_PAT_LIST,01/07/2026,C83029,BRANSTON & HEIGHINGTON FAMILY PRACTICE,E01032991,MALE,1
GP_PRAC_PAT_LIST,01/07/2026,C83029,BRANSTON & HEIGHINGTON FAMILY PRACTICE,E01034689,MALE,1
GP_PRAC_PAT_LIST,01/07/2026,C83030,BILLINGHAY MEDICAL PRACTICE,E01026033,MALE,10
GP_PRAC_PAT_LIST,01/07/2026,C83030,BILLINGHAY MEDICAL PRACTICE,E01026052,MALE,1
GP_PRAC_PAT_LIST,01/07/2026,C83030,BILLINGHAY MEDICAL PRACTICE,E01026121,MALE,1
GP_PRAC_PAT_LIST,01/07/2026,C83030,BILLINGHAY MEDICAL PRACTICE,E01026179,MALE,34
GP_PRAC_PAT_LIST,01/07/2026,C83030,BILLINGHAY MEDICAL PRACTICE,E01026180,MALE,234
GP_PRAC_PAT_LIST,01/07/2026,C83030,BILLINGHAY MEDICAL PRACTICE,E01026183,MALE,1299
GP_PRAC_PAT_LIST,01/07/2026,C83030,BILLINGHAY MEDICAL PRACTICE,E01026184,MALE,1
GP_PRAC_PAT_LIST,01/07/2026,C83030,BILLINGHAY MEDICAL PRACTICE,E01026202,MALE,1
GP_PRAC_PAT_LIST,01/07/2026,C83030,BILLINGHAY MEDICAL PRACTICE,E01026207,MALE,433
GP_PRAC_PAT_LIST,01/07/2026,C83030,BILLINGHAY MEDICAL PRACTICE,E01026208,MALE,1
GP_PRAC_PAT_LIST,01/07/2026,C83030,BILLINGHAY MEDICAL PRACTICE,E01026210,MALE,518
GP_PRAC_PAT_LIST,01/07/2026,C83030,BILLINGHAY MEDICAL PRACTICE,E01026221,MALE,1
GP_PRAC_PAT_LIST,01/07/2026,C83030,BILLINGHAY MEDICAL PRACTICE,E01026224,MALE,16
GP_PRAC_PAT_LIST,01/07/2026,C83030,BILLINGHAY MEDICAL PRACTICE,E01026230,MALE,1
GP_PRAC_PAT_LIST,01/07/2026,C83030,BILLINGHAY MEDICAL PRACTICE,E01026232,MALE,1
GP_PRAC_PAT_LIST,01/07/2026,C83031,NETTLEHAM MEDICAL PRACTICE,E01007627,MALE,1
GP_PRAC_PAT_LIST,01/07/2026,C83031,NETTLEHAM MEDICAL PRACTICE,E01013308,MALE,1
GP_PRAC_PAT_LIST,01/07/2026,C83031,NETTLEHAM MEDICAL PRACTICE,E01021865,MALE,1
GP_PRAC_PAT_LIST,01/07/2026,C83031,NETTLEHAM MEDICAL PRACTICE,E01025888,MALE,1
GP_PRAC_PAT_LIST,01/07/2026,C83031,NETTLEHAM MEDICAL PRACTICE,E01026035,MALE,1
GP_PRAC_PAT_LIST,01/07/2026,C83031,NETTLEHAM MEDICAL PRACTICE,E01026088,MALE,1
GP_PRAC_PAT_LIST,01/07/2026,C83031,NETTLEHAM MEDICAL PRACTICE,E01026108,MALE,1
GP_PRAC_PAT_LIST,01/07/2026,C83031,NETTLEHAM MEDICAL PRACTICE,E01026121,MALE,2
GP_PRAC_PAT_LIST,01/07/2026,C83031,NETTLEHAM MEDICAL PRACTICE,E01026123,MALE,21
GP_PRAC_PAT_LIST,01/07/2026,C83031,NETTLEHAM MEDICAL PRACTICE,E01026124,MALE,1
GP_PRAC_PAT_LIST,01/07/2026,C83031,NETTLEHAM MEDICAL PRACTICE,E01026125,MALE,1
GP_PRAC_PAT_LIST,01/07/2026,C83031,NETTLEHAM MEDICAL PRACTICE,E01026137,MALE,1
GP_PRAC_PAT_LIST,01/07/2026,C83031,NETTLEHAM MEDICAL PRACTICE,E01026150,MALE,1
GP_PRAC_PAT_LIST,01/07/2026,C83031,NETTLEHAM MEDICAL PRACTICE,E01026153,MALE,42
GP_PRAC_PAT_LIST,01/07/2026,C83031,NETTLEHAM MEDICAL PRACTICE,E01026155,MALE,43
GP_PRAC_PAT_LIST,01/07/2026,C83031,NETTLEHAM MEDICAL PRACTICE,E01026157,MALE,11
GP_PRAC_PAT_LIST,01/07/2026,C83031,NETTLEHAM MEDICAL PRACTICE,E01026159,MALE,1
GP_PRAC_PAT_LIST,01/07/2026,C83031,NETTLEHAM MEDICAL PRACTICE,E01026164,MALE,1
GP_PRAC_PAT_LIST,01/07/2026,C83031,NETTLEHAM MEDICAL PRACTICE,E01026165,MALE,1
GP_PRAC_PAT_LIST,01/07/2026,C83031,NETTLEHAM MEDICAL PRACTICE,E01026166,MALE,1
GP_PRAC_PAT_LIST,01/07/2026,C83031,NETTLEHAM MEDICAL PRACTICE,E01026167,MALE,1
GP_PRAC_PAT_LIST,01/07/2026,C83031,NETTLEHAM MEDICAL PRACTICE,E01026168,MALE,1
GP_PRAC_PAT_LIST,01/07/2026,C83031,NETTLEHAM MEDICAL PRACTICE,E01026175,MALE,1
GP_PRAC_PAT_LIST,01/07/2026,C83031,NETTLEHAM MEDICAL PRACTICE,E01026176,MALE,1
GP_PRAC_PAT_LIST,01/07/2026,C83031,NETTLEHAM MEDICAL PRACTICE,E01026177,MALE,1
GP_PRAC_PAT_LIST,01/07/2026,C83031,NETTLEHAM MEDICAL PRACTICE,E01026194,MALE,1
GP_PRAC_PAT_LIST,01/07/2026,C83031,NETTLEHAM MEDICAL PRACTICE,E01026203,MALE,1
GP_PRAC_PAT_LIST,01/07/2026,C83031,NETTLEHAM MEDICAL PRACTICE,E01026209,MALE,1
GP_PRAC_PAT_LIST,01/07/2026,C83031,NETTLEHAM MEDICAL PRACTICE,E01026223,MALE,1
GP_PRAC_PAT_LIST,01/07/2026,C83031,NETTLEHAM MEDICAL PRACTICE,E01026366,MALE,4
GP_PRAC_PAT_LIST,01/07/2026,C83031,NETTLEHAM MEDICAL PRACTICE,E01026369,MALE,500
GP_PRAC_PAT_LIST,01/07/2026,C83031,NETTLEHAM MEDICAL PRACTICE,E01026370,MALE,979
GP_PRAC_PAT_LIST,01/07/2026,C83031,NETTLEHAM MEDICAL PRACTICE,E01026371,MALE,552
GP_PRAC_PAT_LIST,01/07/2026,C83031,NETTLEHAM MEDICAL PRACTICE,E01026372,MALE,68
GP_PRAC_PAT_LIST,01/07/2026,C83031,NETTLEHAM MEDICAL PRACTICE,E01026373,MALE,768
GP_PRAC_PAT_LIST,01/07/2026,C83031,NETTLEHAM MEDICAL PRACTICE,E01026393,MALE,633
GP_PRAC_PAT_LIST,01/07/2026,C83031,NETTLEHAM MEDICAL PRACTICE,E01026394,MALE,595
GP_PRAC_PAT_LIST,01/07/2026,C83031,NETTLEHAM MEDICAL PRACTICE,E01026395,MALE,594
GP_PRAC_PAT_LIST,01/07/2026,C83031,NETTLEHAM MEDICAL PRACTICE,E01026398,MALE,1
GP_PRAC_PAT_LIST,01/07/2026,C83031,NETTLEHAM MEDICAL PRACTICE,E01026400,MALE,8
GP_PRAC_PAT_LIST,01/07/2026,C83031,NETTLEHAM MEDICAL PRACTICE,E01026405,MALE,548
GP_PRAC_PAT_LIST,01/07/2026,C83031,NETTLEHAM MEDICAL PRACTICE,E01026406,MALE,459
GP_PRAC_PAT_LIST,01/07/2026,C83031,NETTLEHAM MEDICAL PRACTICE,E01026412,MALE,42
GP_PRAC_PAT_LIST,01/07/2026,C83031,NETTLEHAM MEDICAL PRACTICE,E01026413,MALE,15
GP_PRAC_PAT_LIST,01/07/2026,C83031,NETTLEHAM MEDICAL PRACTICE,E01026414,MALE,12
GP_PRAC_PAT_LIST,01/07/2026,C83031,NETTLEHAM MEDICAL PRACTICE,E01028112,MALE,1
GP_PRAC_PAT_LIST,01/07/2026,C83031,NETTLEHAM MEDICAL PRACTICE,E01028317,MALE,1
GP_PRAC_PAT_LIST,01/07/2026,C83031,NETTLEHAM MEDICAL PRACTICE,E01028346,MALE,1
GP_PRAC_PAT_LIST,01/07/2026,C83031,NETTLEHAM MEDICAL PRACTICE,E01032989,MALE,1
GP_PRAC_PAT_LIST,01/07/2026,C83031,NETTLEHAM MEDICAL PRACTICE,E01032993,MALE,1
GP_PRAC_PAT_LIST,01/07/2026,C83031,NETTLEHAM MEDICAL PRACTICE,E01034413,MALE,1
GP_PRAC_PAT_LIST,01/07/2026,C83031,NETTLEHAM MEDICAL PRACTICE,E01034707,MALE,4
GP_PRAC_PAT_LIST,01/07/2026,C83031,NETTLEHAM MEDICAL PRACTICE,E01035020,MALE,1
GP_PRAC_PAT_LIST,01/07/2026,C83031,NETTLEHAM MEDICAL PRACTICE,EMPTY,MALE,1
GP_PRAC_PAT_LIST,01/07/2026,C83032,MERTON LODGE SURGERY,E01007460,MALE,1
GP_PRAC_PAT_LIST,01/07/2026,C83032,MERTON LODGE SURGERY,E01010592,MALE,1
GP_PRAC_PAT_LIST,01/07/2026,C83032,MERTON LODGE SURGERY,E01026032,MALE,1
GP_PRAC_PAT_LIST,01/07/2026,C83032,MERTON LODGE SURGERY,E01026042,MALE,750
GP_PRAC_PAT_LIST,01/07/2026,C83032,MERTON LODGE SURGERY,E01026043,MALE,879
GP_PRAC_PAT_LIST,01/07/2026,C83032,MERTON LODGE SURGERY,E01026044,MALE,489
GP_PRAC_PAT_LIST,01/07/2026,C83032,MERTON LODGE SURGERY,E01026046,MALE,1
GP_PRAC_PAT_LIST,01/07/2026,C83032,MERTON LODGE SURGERY,E01026047,MALE,1
GP_PRAC_PAT_LIST,01/07/2026,C83032,MERTON LODGE SURGERY,E01026048,MALE,2
GP_PRAC_PAT_LIST,01/07/2026,C83032,MERTON LODGE SURGERY,E01026049,MALE,51
GP_PRAC_PAT_LIST,01/07/2026,C83032,MERTON LODGE SURGERY,E01026050,MALE,4
GP_PRAC_PAT_LIST,01/07/2026,C83032,MERTON LODGE SURGERY,E01026055,MALE,2
GP_PRAC_PAT_LIST,01/07/2026,C83032,MERTON LODGE SURGERY,E01026068,MALE,127
GP_PRAC_PAT_LIST,01/07/2026,C83032,MERTON LODGE SURGERY,E01026070,MALE,3
GP_PRAC_PAT_LIST,01/07/2026,C83032,MERTON LODGE SURGERY,E01026071,MALE,1
GP_PRAC_PAT_LIST,01/07/2026,C83032,MERTON LODGE SURGERY,E01026072,MALE,8
GP_PRAC_PAT_LIST,01/07/2026,C83032,MERTON LODGE SURGERY,E01026073,MALE,10
GP_PRAC_PAT_LIST,01/07/2026,C83032,MERTON LODGE SURGERY,E01026074,MALE,10
GP_PRAC_PAT_LIST,01/07/2026,C83032,MERTON LODGE SURGERY,E01026099,MALE,9
GP_PRAC_PAT_LIST,01/07/2026,C83032,MERTON LODGE SURGERY,E01026103,MALE,15
GP_PRAC_PAT_LIST,01/07/2026,C83032,MERTON LODGE SURGERY,E01026104,MALE,24
GP_PRAC_PAT_LIST,01/07/2026,C83032,MERTON LODGE SURGERY,E01026105,MALE,2
GP_PRAC_PAT_LIST,01/07/2026,C83032,MERTON LODGE SURGERY,E01026109,MALE,11
GP_PRAC_PAT_LIST,01/07/2026,C83032,MERTON LODGE SURGERY,E01026113,MALE,452
GP_PRAC_PAT_LIST,01/07/2026,C83032,MERTON LODGE SURGERY,E01026117,MALE,499
GP_PRAC_PAT_LIST,01/07/2026,C83032,MERTON LODGE SURGERY,EMPTY,MALE,1
GP_PRAC_PAT_LIST,01/07/2026,C83033,HIBALDSTOW MEDICAL PRACTICE,CLOSED,MALE,4
GP_PRAC_PAT_LIST,01/07/2026,C83033,HIBALDSTOW MEDICAL PRACTICE,E01013204,MALE,1
GP_PRAC_PAT_LIST,01/07/2026,C83033,HIBALDSTOW MEDICAL PRACTICE,E01013263,MALE,1
GP_PRAC_PAT_LIST,01/07/2026,C83033,HIBALDSTOW MEDICAL PRACTICE,E01013271,MALE,2
GP_PRAC_PAT_LIST,01/07/2026,C83033,HIBALDSTOW MEDICAL PRACTICE,E01013273,MALE,1
GP_PRAC_PAT_LIST,01/07/2026,C83033,HIBALDSTOW MEDICAL PRACTICE,E01013274,MALE,4
GP_PRAC_PAT_LIST,01/07/2026,C83033,HIBALDSTOW MEDICAL PRACTICE,E01013277,MALE,1
GP_PRAC_PAT_LIST,01/07/2026,C83033,HIBALDSTOW MEDICAL PRACTICE,E01013322,MALE,27
GP_PRAC_PAT_LIST,01/07/2026,C83033,HIBALDSTOW MEDICAL PRACTICE,E01013323,MALE,167
GP_PRAC_PAT_LIST,01/07/2026,C83033,HIBALDSTOW MEDICAL PRACTICE,E01013324,MALE,8
GP_PRAC_PAT_LIST,01/07/2026,C83033,HIBALDSTOW MEDICAL PRACTICE,E01013325,MALE,296
GP_PRAC_PAT_LIST,01/07/2026,C83033,HIBALDSTOW MEDICAL PRACTICE,E01013326,MALE,134
GP_PRAC_PAT_LIST,01/07/2026,C83033,HIBALDSTOW MEDICAL PRACTICE,E01013329,MALE,710
GP_PRAC_PAT_LIST,01/07/2026,C83033,HIBALDSTOW MEDICAL PRACTICE,E01013332,MALE,1
GP_PRAC_PAT_LIST,01/07/2026,C83033,HIBALDSTOW MEDICAL PRACTICE,E01026368,MALE,1
GP_PRAC_PAT_LIST,01/07/2026,C83033,HIBALDSTOW MEDICAL PRACTICE,E01026371,MALE,1
GP_PRAC_PAT_LIST,01/07/2026,C83033,HIBALDSTOW MEDICAL PRACTICE,E01026385,MALE,4
GP_PRAC_PAT_LIST,01/07/2026,C83033,HIBALDSTOW MEDICAL PRACTICE,E01026386,MALE,27
GP_PRAC_PAT_LIST,01/07/2026,C83033,HIBALDSTOW MEDICAL PRACTICE,E01026387,MALE,44
GP_PRAC_PAT_LIST,01/07/2026,C83033,HIBALDSTOW MEDICAL PRACTICE,E01026392,MALE,4
GP_PRAC_PAT_LIST,01/07/2026,C83033,HIBALDSTOW MEDICAL PRACTICE,E01026399,MALE,1
GP_PRAC_PAT_LIST,01/07/2026,C83033,HIBALDSTOW MEDICAL PRACTICE,E01026403,MALE,1
GP_PRAC_PAT_LIST,01/07/2026,C83033,HIBALDSTOW MEDICAL PRACTICE,E01026411,MALE,443
GP_PRAC_PAT_LIST,01/07/2026,C83033,HIBALDSTOW MEDICAL PRACTICE,E01027775,MALE,1
GP_PRAC_PAT_LIST,01/07/2026,C83033,HIBALDSTOW MEDICAL PRACTICE,E01033297,MALE,1
GP_PRAC_PAT_LIST,01/07/2026,C83035,HEREWARD MEDICAL CENTRE,E01005016,MALE,1
GP_PRAC_PAT_LIST,01/07/2026,C83035,HEREWARD MEDICAL CENTRE,E01013498,MALE,1
GP_PRAC_PAT_LIST,01/07/2026,C83035,HEREWARD MEDICAL CENTRE,E01015593,MALE,1
GP_PRAC_PAT_LIST,01/07/2026,C83035,HEREWARD MEDICAL CENTRE,E01015619,MALE,1
GP_PRAC_PAT_LIST,01/07/2026,C83035,HEREWARD MEDICAL CENTRE,E01015682,MALE,1
GP_PRAC_PAT_LIST,01/07/2026,C83035,HEREWARD MEDICAL CENTRE,E01026051,MALE,1
GP_PRAC_PAT_LIST,01/07/2026,C83035,HEREWARD MEDICAL CENTRE,E01026115,MALE,1
GP_PRAC_PAT_LIST,01/07/2026,C83035,HEREWARD MEDICAL CENTRE,E01026241,MALE,15
GP_PRAC_PAT_LIST,01/07/2026,C83035,HEREWARD MEDICAL CENTRE,E01026268,MALE,1
GP_PRAC_PAT_LIST,01/07/2026,C83035,HEREWARD MEDICAL CENTRE,E01026273,MALE,1
GP_PRAC_PAT_LIST,01/07/2026,C83035,HEREWARD MEDICAL CENTRE,E01026276,MALE,1
GP_PRAC_PAT_LIST,01/07/2026,C83035,HEREWARD MEDICAL CENTRE,E01026288,MALE,2
GP_PRAC_PAT_LIST,01/07/2026,C83035,HEREWARD MEDICAL CENTRE,E01026290,MALE,128
GP_PRAC_PAT_LIST,01/07/2026,C83035,HEREWARD MEDICAL CENTRE,E01026296,MALE,274
GP_PRAC_PAT_LIST,01/07/2026,C83035,HEREWARD MEDICAL CENTRE,E01026297,MALE,252
GP_PRAC_PAT_LIST,01/07/2026,C83035,HEREWARD MEDICAL CENTRE,E01026298,MALE,590
GP_PRAC_PAT_LIST,01/07/2026,C83035,HEREWARD MEDICAL CENTRE,E01026299,MALE,430
GP_PRAC_PAT_LIST,01/07/2026,C83035,HEREWARD MEDICAL CENTRE,E01026300,MALE,276
GP_PRAC_PAT_LIST,01/07/2026,C83035,HEREWARD MEDICAL CENTRE,E01026302,MALE,195
GP_PRAC_PAT_LIST,01/07/2026,C83035,HEREWARD MEDICAL CENTRE,E01026304,MALE,1
GP_PRAC_PAT_LIST,01/07/2026,C83035,HEREWARD MEDICAL CENTRE,E01026306,MALE,1
GP_PRAC_PAT_LIST,01/07/2026,C83035,HEREWARD MEDICAL CENTRE,E01026316,MALE,54
GP_PRAC_PAT_LIST,01/07/2026,C83035,HEREWARD MEDICAL CENTRE,E01026330,MALE,143
GP_PRAC_PAT_LIST,01/07/2026,C83035,HEREWARD MEDICAL CENTRE,E01026333,MALE,1
GP_PRAC_PAT_LIST,01/07/2026,C83035,HEREWARD MEDICAL CENTRE,E01026334,MALE,1
GP_PRAC_PAT_LIST,01/07/2026,C83035,HEREWARD MEDICAL CENTRE,E01026336,MALE,1
GP_PRAC_PAT_LIST,01/07/2026,C83035,HEREWARD MEDICAL CENTRE,E01026341,MALE,277
GP_PRAC_PAT_LIST,01/07/2026,C83035,HEREWARD MEDICAL CENTRE,E01026342,MALE,214
GP_PRAC_PAT_LIST,01/07/2026,C83035,HEREWARD MEDICAL CENTRE,E01026343,MALE,1
GP_PRAC_PAT_LIST,01/07/2026,C83035,HEREWARD MEDICAL CENTRE,E01026359,MALE,1
GP_PRAC_PAT_LIST,01/07/2026,C83035,HEREWARD MEDICAL CENTRE,E01026360,MALE,476
GP_PRAC_PAT_LIST,01/07/2026,C83035,HEREWARD MEDICAL CENTRE,E01026361,MALE,1
GP_PRAC_PAT_LIST,01/07/2026,C83035,HEREWARD MEDICAL CENTRE,E01026362,MALE,64
GP_PRAC_PAT_LIST,01/07/2026,C83035,HEREWARD MEDICAL CENTRE,E01026364,MALE,156
GP_PRAC_PAT_LIST,01/07/2026,C83035,HEREWARD MEDICAL CENTRE,E01028715,MALE,1
GP_PRAC_PAT_LIST,01/07/2026,C83035,HEREWARD MEDICAL CENTRE,E01032997,MALE,295
GP_PRAC_PAT_LIST,01/07/2026,C83035,HEREWARD MEDICAL CENTRE,E01032998,MALE,495
GP_PRAC_PAT_LIST,01/07/2026,C83035,HEREWARD MEDICAL CENTRE,E01032999,MALE,267
GP_PRAC_PAT_LIST,01/07/2026,C83035,HEREWARD MEDICAL CENTRE,E01034255,MALE,2
GP_PRAC_PAT_LIST,01/07/2026,C83035,HEREWARD MEDICAL CENTRE,E01034699,MALE,1
GP_PRAC_PAT_LIST,01/07/2026,C83035,HEREWARD MEDICAL CENTRE,E01034703,MALE,522
GP_PRAC_PAT_LIST,01/07/2026,C83035,HEREWARD MEDICAL CENTRE,E01034704,MALE,561
GP_PRAC_PAT_LIST,01/07/2026,C83035,HEREWARD MEDICAL CENTRE,E01034705,MALE,375
GP_PRAC_PAT_LIST,01/07/2026,C83035,HEREWARD MEDICAL CENTRE,EMPTY,MALE,6
GP_PRAC_PAT_LIST,01/07/2026,C83036,GOSBERTON MEDICAL CENTRE,CLOSED,MALE,1
GP_PRAC_PAT_LIST,01/07/2026,C83036,GOSBERTON MEDICAL CENTRE,E01002619,MALE,1
GP_PRAC_PAT_LIST,01/07/2026,C83036,GOSBERTON MEDICAL CENTRE,E01008111,MALE,1
GP_PRAC_PAT_LIST,01/07/2026,C83036,GOSBERTON MEDICAL CENTRE,E01009548,MALE,1
GP_PRAC_PAT_LIST,01/07/2026,C83036,GOSBERTON MEDICAL CENTRE,E01015595,MALE,1
GP_PRAC_PAT_LIST,01/07/2026,C83036,GOSBERTON MEDICAL CENTRE,E01015680,MALE,1
GP_PRAC_PAT_LIST,01/07/2026,C83036,GOSBERTON MEDICAL CENTRE,E01018328,MALE,1
GP_PRAC_PAT_LIST,01/07/2026,C83036,GOSBERTON MEDICAL CENTRE,E01026014,MALE,1
GP_PRAC_PAT_LIST,01/07/2026,C83036,GOSBERTON MEDICAL CENTRE,E01026016,MALE,78
GP_PRAC_PAT_LIST,01/07/2026,C83036,GOSBERTON MEDICAL CENTRE,E01026017,MALE,9
GP_PRAC_PAT_LIST,01/07/2026,C83036,GOSBERTON MEDICAL CENTRE,E01026033,MALE,1
GP_PRAC_PAT_LIST,01/07/2026,C83036,GOSBERTON MEDICAL CENTRE,E01026154,MALE,1
GP_PRAC_PAT_LIST,01/07/2026,C83036,GOSBERTON MEDICAL CENTRE,E01026225,MALE,2
GP_PRAC_PAT_LIST,01/07/2026,C83036,GOSBERTON MEDICAL CENTRE,E01026242,MALE,467
GP_PRAC_PAT_LIST,01/07/2026,C83036,GOSBERTON MEDICAL CENTRE,E01026243,MALE,336
GP_PRAC_PAT_LIST,01/07/2026,C83036,GOSBERTON MEDICAL CENTRE,E01026244,MALE,560
GP_PRAC_PAT_LIST,01/07/2026,C83036,GOSBERTON MEDICAL CENTRE,E01026245,MALE,2
GP_PRAC_PAT_LIST,01/07/2026,C83036,GOSBERTON MEDICAL CENTRE,E01026247,MALE,846
GP_PRAC_PAT_LIST,01/07/2026,C83036,GOSBERTON MEDICAL CENTRE,E01026250,MALE,1
GP_PRAC_PAT_LIST,01/07/2026,C83036,GOSBERTON MEDICAL CENTRE,E01026258,MALE,308
GP_PRAC_PAT_LIST,01/07/2026,C83036,GOSBERTON MEDICAL CENTRE,E01026259,MALE,265
GP_PRAC_PAT_LIST,01/07/2026,C83036,GOSBERTON MEDICAL CENTRE,E01026260,MALE,255
GP_PRAC_PAT_LIST,01/07/2026,C83036,GOSBERTON MEDICAL CENTRE,E01026262,MALE,1
GP_PRAC_PAT_LIST,01/07/2026,C83036,GOSBERTON MEDICAL CENTRE,E01026263,MALE,1
GP_PRAC_PAT_LIST,01/07/2026,C83036,GOSBERTON MEDICAL CENTRE,E01026264,MALE,1
GP_PRAC_PAT_LIST,01/07/2026,C83036,GOSBERTON MEDICAL CENTRE,E01026265,MALE,1
GP_PRAC_PAT_LIST,01/07/2026,C83036,GOSBERTON MEDICAL CENTRE,E01026266,MALE,2
GP_PRAC_PAT_LIST,01/07/2026,C83036,GOSBERTON MEDICAL CENTRE,E01026268,MALE,3
GP_PRAC_PAT_LIST,01/07/2026,C83036,GOSBERTON MEDICAL CENTRE,E01026269,MALE,1
GP_PRAC_PAT_LIST,01/07/2026,C83036,GOSBERTON MEDICAL CENTRE,E01026271,MALE,1
GP_PRAC_PAT_LIST,01/07/2026,C83036,GOSBERTON MEDICAL CENTRE,E01026273,MALE,2
GP_PRAC_PAT_LIST,01/07/2026,C83036,GOSBERTON MEDICAL CENTRE,E01026275,MALE,4
GP_PRAC_PAT_LIST,01/07/2026,C83036,GOSBERTON MEDICAL CENTRE,E01026276,MALE,944
GP_PRAC_PAT_LIST,01/07/2026,C83036,GOSBERTON MEDICAL CENTRE,E01026281,MALE,3
GP_PRAC_PAT_LIST,01/07/2026,C83036,GOSBERTON MEDICAL CENTRE,E01026282,MALE,2
GP_PRAC_PAT_LIST,01/07/2026,C83036,GOSBERTON MEDICAL CENTRE,E01026283,MALE,3
GP_PRAC_PAT_LIST,01/07/2026,C83036,GOSBERTON MEDICAL CENTRE,E01026284,MALE,1
GP_PRAC_PAT_LIST,01/07/2026,C83036,GOSBERTON MEDICAL CENTRE,E01026285,MALE,2
GP_PRAC_PAT_LIST,01/07/2026,C83036,GOSBERTON MEDICAL CENTRE,E01026290,MALE,3
GP_PRAC_PAT_LIST,01/07/2026,C83036,GOSBERTON MEDICAL CENTRE,E01026335,MALE,1
GP_PRAC_PAT_LIST,01/07/2026,C83036,GOSBERTON MEDICAL CENTRE,E01026720,MALE,1
GP_PRAC_PAT_LIST,01/07/2026,C83036,GOSBERTON MEDICAL CENTRE,E01032995,MALE,1
GP_PRAC_PAT_LIST,01/07/2026,C83036,GOSBERTON MEDICAL CENTRE,E01032996,MALE,1
GP_PRAC_PAT_LIST,01/07/2026,C83036,GOSBERTON MEDICAL CENTRE,E01034682,MALE,1
GP_PRAC_PAT_LIST,01/07/2026,C83036,GOSBERTON MEDICAL CENTRE,E01034697,MALE,1
GP_PRAC_PAT_LIST,01/07/2026,C83036,GOSBERTON MEDICAL CENTRE,E01034698,MALE,1
GP_PRAC_PAT_LIST,01/07/2026,C83036,GOSBERTON MEDICAL CENTRE,E01034699,MALE,1
GP_PRAC_PAT_LIST,01/07/2026,C83036,GOSBERTON MEDICAL CENTRE,E01034700,MALE,1
GP_PRAC_PAT_LIST,01/07/2026,C83036,GOSBERTON MEDICAL CENTRE,E01034703,MALE,1
GP_PRAC_PAT_LIST,01/07/2026,C83036,GOSBERTON MEDICAL CENTRE,EMPTY,MALE,1
GP_PRAC_PAT_LIST,01/07/2026,C83037,WELTON FAMILY HEALTH CENTRE,CLOSED,MALE,2
GP_PRAC_PAT_LIST,01/07/2026,C83037,WELTON FAMILY HEALTH CENTRE,E01013191,MALE,1
GP_PRAC_PAT_LIST,01/07/2026,C83037,WELTON FAMILY HEALTH CENTRE,E01018849,MALE,1
GP_PRAC_PAT_LIST,01/07/2026,C83037,WELTON FAMILY HEALTH CENTRE,E01026155,MALE,1
GP_PRAC_PAT_LIST,01/07/2026,C83037,WELTON FAMILY HEALTH CENTRE,E01026157,MALE,2
GP_PRAC_PAT_LIST,01/07/2026,C83037,WELTON FAMILY HEALTH CENTRE,E01026168,MALE,1
GP_PRAC_PAT_LIST,01/07/2026,C83037,WELTON FAMILY HEALTH CENTRE,E01026173,MALE,1
GP_PRAC_PAT_LIST,01/07/2026,C83037,WELTON FAMILY HEALTH CENTRE,E01026184,MALE,1
GP_PRAC_PAT_LIST,01/07/2026,C83037,WELTON FAMILY HEALTH CENTRE,E01026188,MALE,1
GP_PRAC_PAT_LIST,01/07/2026,C83037,WELTON FAMILY HEALTH CENTRE,E01026366,MALE,1
GP_PRAC_PAT_LIST,01/07/2026,C83037,WELTON FAMILY HEALTH CENTRE,E01026370,MALE,3
GP_PRAC_PAT_LIST,01/07/2026,C83037,WELTON FAMILY HEALTH CENTRE,E01026372,MALE,1200
GP_PRAC_PAT_LIST,01/07/2026,C83037,WELTON FAMILY HEALTH CENTRE,E01026373,MALE,56
GP_PRAC_PAT_LIST,01/07/2026,C83037,WELTON FAMILY HEALTH CENTRE,E01026390,MALE,12
GP_PRAC_PAT_LIST,01/07/2026,C83037,WELTON FAMILY HEALTH CENTRE,E01026392,MALE,3
GP_PRAC_PAT_LIST,01/07/2026,C83037,WELTON FAMILY HEALTH CENTRE,E01026393,MALE,19
GP_PRAC_PAT_LIST,01/07/2026,C83037,WELTON FAMILY HEALTH CENTRE,E01026394,MALE,42
GP_PRAC_PAT_LIST,01/07/2026,C83037,WELTON FAMILY HEALTH CENTRE,E01026395,MALE,36
GP_PRAC_PAT_LIST,01/07/2026,C83037,WELTON FAMILY HEALTH CENTRE,E01026399,MALE,10
GP_PRAC_PAT_LIST,01/07/2026,C83037,WELTON FAMILY HEALTH CENTRE,E01026400,MALE,385
GP_PRAC_PAT_LIST,01/07/2026,C83037,WELTON FAMILY HEALTH CENTRE,E01026405,MALE,161
GP_PRAC_PAT_LIST,01/07/2026,C83037,WELTON FAMILY HEALTH CENTRE,E01026406,MALE,80
GP_PRAC_PAT_LIST,01/07/2026,C83037,WELTON FAMILY HEALTH CENTRE,E01026411,MALE,180
GP_PRAC_PAT_LIST,01/07/2026,C83037,WELTON FAMILY HEALTH CENTRE,E01026412,MALE,1049
GP_PRAC_PAT_LIST,01/07/2026,C83037,WELTON FAMILY HEALTH CENTRE,E01026413,MALE,949
GP_PRAC_PAT_LIST,01/07/2026,C83037,WELTON FAMILY HEALTH CENTRE,E01026414,MALE,587
GP_PRAC_PAT_LIST,01/07/2026,C83037,WELTON FAMILY HEALTH CENTRE,E01034707,MALE,17
GP_PRAC_PAT_LIST,01/07/2026,C83037,WELTON FAMILY HEALTH CENTRE,E01035478,MALE,1
GP_PRAC_PAT_LIST,01/07/2026,C83037,WELTON FAMILY HEALTH CENTRE,EMPTY,MALE,3
GP_PRAC_PAT_LIST,01/07/2026,C83038,THE GLEBE PRACTICE,CLOSED,MALE,1
GP_PRAC_PAT_LIST,01/07/2026,C83038,THE GLEBE PRACTICE,E01013226,MALE,1
GP_PRAC_PAT_LIST,01/07/2026,C83038,THE GLEBE PRACTICE,E01026130,MALE,4
GP_PRAC_PAT_LIST,01/07/2026,C83038,THE GLEBE PRACTICE,E01026131,MALE,1
GP_PRAC_PAT_LIST,01/07/2026,C83038,THE GLEBE PRACTICE,E01026135,MALE,1
GP_PRAC_PAT_LIST,01/07/2026,C83038,THE GLEBE PRACTICE,E01026136,MALE,1
GP_PRAC_PAT_LIST,01/07/2026,C83038,THE GLEBE PRACTICE,E01026145,MALE,1
GP_PRAC_PAT_LIST,01/07/2026,C83038,THE GLEBE PRACTICE,E01026147,MALE,3
GP_PRAC_PAT_LIST,01/07/2026,C83038,THE GLEBE PRACTICE,E01026150,MALE,1
GP_PRAC_PAT_LIST,01/07/2026,C83038,THE GLEBE PRACTICE,E01026153,MALE,1
GP_PRAC_PAT_LIST,01/07/2026,C83038,THE GLEBE PRACTICE,E01026176,MALE,1
GP_PRAC_PAT_LIST,01/07/2026,C83038,THE GLEBE PRACTICE,E01026187,MALE,1
GP_PRAC_PAT_LIST,01/07/2026,C83038,THE GLEBE PRACTICE,E01026193,MALE,1
GP_PRAC_PAT_LIST,01/07/2026,C83038,THE GLEBE PRACTICE,E01026195,MALE,1
GP_PRAC_PAT_LIST,01/07/2026,C83038,THE GLEBE PRACTICE,E01026199,MALE,146
GP_PRAC_PAT_LIST,01/07/2026,C83038,THE GLEBE PRACTICE,E01026220,MALE,1
GP_PRAC_PAT_LIST,01/07/2026,C83038,THE GLEBE PRACTICE,E01026225,MALE,426
GP_PRAC_PAT_LIST,01/07/2026,C83038,THE GLEBE PRACTICE,E01026226,MALE,385
GP_PRAC_PAT_LIST,01/07/2026,C83038,THE GLEBE PRACTICE,E01026379,MALE,1
GP_PRAC_PAT_LIST,01/07/2026,C83038,THE GLEBE PRACTICE,E01026394,MALE,2
GP_PRAC_PAT_LIST,01/07/2026,C83038,THE GLEBE PRACTICE,E01026396,MALE,398
GP_PRAC_PAT_LIST,01/07/2026,C83038,THE GLEBE PRACTICE,E01026398,MALE,510
GP_PRAC_PAT_LIST,01/07/2026,C83038,THE GLEBE PRACTICE,E01026400,MALE,8
GP_PRAC_PAT_LIST,01/07/2026,C83038,THE GLEBE PRACTICE,E01026404,MALE,323
GP_PRAC_PAT_LIST,01/07/2026,C83038,THE GLEBE PRACTICE,E01026405,MALE,1
GP_PRAC_PAT_LIST,01/07/2026,C83038,THE GLEBE PRACTICE,E01026409,MALE,275
GP_PRAC_PAT_LIST,01/07/2026,C83038,THE GLEBE PRACTICE,E01026410,MALE,146
GP_PRAC_PAT_LIST,01/07/2026,C83038,THE GLEBE PRACTICE,E01028309,MALE,1
GP_PRAC_PAT_LIST,01/07/2026,C83038,THE GLEBE PRACTICE,E01028311,MALE,1
GP_PRAC_PAT_LIST,01/07/2026,C83038,THE GLEBE PRACTICE,E01028317,MALE,225
GP_PRAC_PAT_LIST,01/07/2026,C83038,THE GLEBE PRACTICE,E01032991,MALE,1
GP_PRAC_PAT_LIST,01/07/2026,C83038,THE GLEBE PRACTICE,E01032992,MALE,1
GP_PRAC_PAT_LIST,01/07/2026,C83038,THE GLEBE PRACTICE,E01034683,MALE,1
GP_PRAC_PAT_LIST,01/07/2026,C83038,THE GLEBE PRACTICE,E01034706,MALE,778
GP_PRAC_PAT_LIST,01/07/2026,C83038,THE GLEBE PRACTICE,E01034707,MALE,242
GP_PRAC_PAT_LIST,01/07/2026,C83038,THE GLEBE PRACTICE,EMPTY,MALE,3
GP_PRAC_PAT_LIST,01/07/2026,C83039,MOULTON MEDICAL CENTRE,CLOSED,MALE,4
GP_PRAC_PAT_LIST,01/07/2026,C83039,MOULTON MEDICAL CENTRE,E01015630,MALE,1
GP_PRAC_PAT_LIST,01/07/2026,C83039,MOULTON MEDICAL CENTRE,E01015672,MALE,1
GP_PRAC_PAT_LIST,01/07/2026,C83039,MOULTON MEDICAL CENTRE,E01026017,MALE,2
GP_PRAC_PAT_LIST,01/07/2026,C83039,MOULTON MEDICAL CENTRE,E01026239,MALE,1
GP_PRAC_PAT_LIST,01/07/2026,C83039,MOULTON MEDICAL CENTRE,E01026245,MALE,10
GP_PRAC_PAT_LIST,01/07/2026,C83039,MOULTON MEDICAL CENTRE,E01026246,MALE,4
GP_PRAC_PAT_LIST,01/07/2026,C83039,MOULTON MEDICAL CENTRE,E01026248,MALE,18
GP_PRAC_PAT_LIST,01/07/2026,C83039,MOULTON MEDICAL CENTRE,E01026249,MALE,32
GP_PRAC_PAT_LIST,01/07/2026,C83039,MOULTON MEDICAL CENTRE,E01026250,MALE,2
GP_PRAC_PAT_LIST,01/07/2026,C83039,MOULTON MEDICAL CENTRE,E01026251,MALE,11
GP_PRAC_PAT_LIST,01/07/2026,C83039,MOULTON MEDICAL CENTRE,E01026252,MALE,3
GP_PRAC_PAT_LIST,01/07/2026,C83039,MOULTON MEDICAL CENTRE,E01026253,MALE,5
GP_PRAC_PAT_LIST,01/07/2026,C83039,MOULTON MEDICAL CENTRE,E01026257,MALE,1
GP_PRAC_PAT_LIST,01/07/2026,C83039,MOULTON MEDICAL CENTRE,E01026258,MALE,2
GP_PRAC_PAT_LIST,01/07/2026,C83039,MOULTON MEDICAL CENTRE,E01026259,MALE,1
GP_PRAC_PAT_LIST,01/07/2026,C83039,MOULTON MEDICAL CENTRE,E01026260,MALE,3
GP_PRAC_PAT_LIST,01/07/2026,C83039,MOULTON MEDICAL CENTRE,E01026262,MALE,9
GP_PRAC_PAT_LIST,01/07/2026,C83039,MOULTON MEDICAL CENTRE,E01026263,MALE,3
GP_PRAC_PAT_LIST,01/07/2026,C83039,MOULTON MEDICAL CENTRE,E01026264,MALE,2
GP_PRAC_PAT_LIST,01/07/2026,C83039,MOULTON MEDICAL CENTRE,E01026268,MALE,11
GP_PRAC_PAT_LIST,01/07/2026,C83039,MOULTON MEDICAL CENTRE,E01026269,MALE,9
GP_PRAC_PAT_LIST,01/07/2026,C83039,MOULTON MEDICAL CENTRE,E01026270,MALE,26
GP_PRAC_PAT_LIST,01/07/2026,C83039,MOULTON MEDICAL CENTRE,E01026272,MALE,3
GP_PRAC_PAT_LIST,01/07/2026,C83039,MOULTON MEDICAL CENTRE,E01026273,MALE,4
GP_PRAC_PAT_LIST,01/07/2026,C83039,MOULTON MEDICAL CENTRE,E01026275,MALE,10
GP_PRAC_PAT_LIST,01/07/2026,C83039,MOULTON MEDICAL CENTRE,E01026276,MALE,1
GP_PRAC_PAT_LIST,01/07/2026,C83039,MOULTON MEDICAL CENTRE,E01026280,MALE,5
GP_PRAC_PAT_LIST,01/07/2026,C83039,MOULTON MEDICAL CENTRE,E01026281,MALE,390
GP_PRAC_PAT_LIST,01/07/2026,C83039,MOULTON MEDICAL CENTRE,E01026282,MALE,599
GP_PRAC_PAT_LIST,01/07/2026,C83039,MOULTON MEDICAL CENTRE,E01026283,MALE,639
GP_PRAC_PAT_LIST,01/07/2026,C83039,MOULTON MEDICAL CENTRE,E01026284,MALE,342
GP_PRAC_PAT_LIST,01/07/2026,C83039,MOULTON MEDICAL CENTRE,E01026285,MALE,371
GP_PRAC_PAT_LIST,01/07/2026,C83039,MOULTON MEDICAL CENTRE,E01026286,MALE,247
GP_PRAC_PAT_LIST,01/07/2026,C83039,MOULTON MEDICAL CENTRE,E01026330,MALE,1
GP_PRAC_PAT_LIST,01/07/2026,C83039,MOULTON MEDICAL CENTRE,E01032995,MALE,2
GP_PRAC_PAT_LIST,01/07/2026,C83039,MOULTON MEDICAL CENTRE,E01032996,MALE,3
GP_PRAC_PAT_LIST,01/07/2026,C83039,MOULTON MEDICAL CENTRE,E01033963,MALE,1
GP_PRAC_PAT_LIST,01/07/2026,C83039,MOULTON MEDICAL CENTRE,E01034697,MALE,4
GP_PRAC_PAT_LIST,01/07/2026,C83039,MOULTON MEDICAL CENTRE,E01034699,MALE,2
GP_PRAC_PAT_LIST,01/07/2026,C83039,MOULTON MEDICAL CENTRE,E01034700,MALE,1
GP_PRAC_PAT_LIST,01/07/2026,C83039,MOULTON MEDICAL CENTRE,EMPTY,MALE,1
GP_PRAC_PAT_LIST,01/07/2026,C83040,ST. PETERS HILL SURGERY,CLOSED,MALE,2
GP_PRAC_PAT_LIST,01/07/2026,C83040,ST. PETERS HILL SURGERY,E01000535,MALE,1
GP_PRAC_PAT_LIST,01/07/2026,C83040,ST. PETERS HILL SURGERY,E01002331,MALE,1
GP_PRAC_PAT_LIST,01/07/2026,C83040,ST. PETERS HILL SURGERY,E01009366,MALE,1
GP_PRAC_PAT_LIST,01/07/2026,C83040,ST. PETERS HILL SURGERY,E01010150,MALE,1
GP_PRAC_PAT_LIST,01/07/2026,C83040,ST. PETERS HILL SURGERY,E01021304,MALE,1
GP_PRAC_PAT_LIST,01/07/2026,C83040,ST. PETERS HILL SURGERY,E01022540,MALE,1
GP_PRAC_PAT_LIST,01/07/2026,C83040,ST. PETERS HILL SURGERY,E01026025,MALE,2
GP_PRAC_PAT_LIST,01/07/2026,C83040,ST. PETERS HILL SURGERY,E01026125,MALE,1
GP_PRAC_PAT_LIST,01/07/2026,C83040,ST. PETERS HILL SURGERY,E01026220,MALE,1
GP_PRAC_PAT_LIST,01/07/2026,C83040,ST. PETERS HILL SURGERY,E01026221,MALE,1
GP_PRAC_PAT_LIST,01/07/2026,C83040,ST. PETERS HILL SURGERY,E01026291,MALE,288
GP_PRAC_PAT_LIST,01/07/2026,C83040,ST. PETERS HILL SURGERY,E01026292,MALE,133
GP_PRAC_PAT_LIST,01/07/2026,C83040,ST. PETERS HILL SURGERY,E01026293,MALE,229
GP_PRAC_PAT_LIST,01/07/2026,C83040,ST. PETERS HILL SURGERY,E01026294,MALE,185
GP_PRAC_PAT_LIST,01/07/2026,C83040,ST. PETERS HILL SURGERY,E01026308,MALE,212
GP_PRAC_PAT_LIST,01/07/2026,C83040,ST. PETERS HILL SURGERY,E01026309,MALE,238
GP_PRAC_PAT_LIST,01/07/2026,C83040,ST. PETERS HILL SURGERY,E01026310,MALE,146
GP_PRAC_PAT_LIST,01/07/2026,C83040,ST. PETERS HILL SURGERY,E01026311,MALE,276
GP_PRAC_PAT_LIST,01/07/2026,C83040,ST. PETERS HILL SURGERY,E01026312,MALE,197
GP_PRAC_PAT_LIST,01/07/2026,C83040,ST. PETERS HILL SURGERY,E01026313,MALE,79
GP_PRAC_PAT_LIST,01/07/2026,C83040,ST. PETERS HILL SURGERY,E01026315,MALE,107
GP_PRAC_PAT_LIST,01/07/2026,C83040,ST. PETERS HILL SURGERY,E01026316,MALE,1
GP_PRAC_PAT_LIST,01/07/2026,C83040,ST. PETERS HILL SURGERY,E01026317,MALE,478
GP_PRAC_PAT_LIST,01/07/2026,C83040,ST. PETERS HILL SURGERY,E01026318,MALE,353
GP_PRAC_PAT_LIST,01/07/2026,C83040,ST. PETERS HILL SURGERY,E01026319,MALE,316
GP_PRAC_PAT_LIST,01/07/2026,C83040,ST. PETERS HILL SURGERY,E01026321,MALE,162
GP_PRAC_PAT_LIST,01/07/2026,C83040,ST. PETERS HILL SURGERY,E01026322,MALE,165
GP_PRAC_PAT_LIST,01/07/2026,C83040,ST. PETERS HILL SURGERY,E01026323,MALE,392
GP_PRAC_PAT_LIST,01/07/2026,C83040,ST. PETERS HILL SURGERY,E01026324,MALE,306
GP_PRAC_PAT_LIST,01/07/2026,C83040,ST. PETERS HILL SURGERY,E01026325,MALE,224
GP_PRAC_PAT_LIST,01/07/2026,C83040,ST. PETERS HILL SURGERY,E01026326,MALE,194
GP_PRAC_PAT_LIST,01/07/2026,C83040,ST. PETERS HILL SURGERY,E01026327,MALE,205
GP_PRAC_PAT_LIST,01/07/2026,C83040,ST. PETERS HILL SURGERY,E01026328,MALE,159
GP_PRAC_PAT_LIST,01/07/2026,C83040,ST. PETERS HILL SURGERY,E01026331,MALE,1
GP_PRAC_PAT_LIST,01/07/2026,C83040,ST. PETERS HILL SURGERY,E01026332,MALE,21
GP_PRAC_PAT_LIST,01/07/2026,C83040,ST. PETERS HILL SURGERY,E01026333,MALE,1
GP_PRAC_PAT_LIST,01/07/2026,C83040,ST. PETERS HILL SURGERY,E01026340,MALE,316
GP_PRAC_PAT_LIST,01/07/2026,C83040,ST. PETERS HILL SURGERY,E01026343,MALE,410
GP_PRAC_PAT_LIST,01/07/2026,C83040,ST. PETERS HILL SURGERY,E01026344,MALE,206
GP_PRAC_PAT_LIST,01/07/2026,C83040,ST. PETERS HILL SURGERY,E01026345,MALE,282
GP_PRAC_PAT_LIST,01/07/2026,C83040,ST. PETERS HILL SURGERY,E01026352,MALE,207
GP_PRAC_PAT_LIST,01/07/2026,C83040,ST. PETERS HILL SURGERY,E01026353,MALE,251
GP_PRAC_PAT_LIST,01/07/2026,C83040,ST. PETERS HILL SURGERY,E01026354,MALE,171
GP_PRAC_PAT_LIST,01/07/2026,C83040,ST. PETERS HILL SURGERY,E01026365,MALE,9
GP_PRAC_PAT_LIST,01/07/2026,C83040,ST. PETERS HILL SURGERY,E01028079,MALE,1
GP_PRAC_PAT_LIST,01/07/2026,C83040,ST. PETERS HILL SURGERY,E01028293,MALE,1
GP_PRAC_PAT_LIST,01/07/2026,C83040,ST. PETERS HILL SURGERY,E01028337,MALE,1
GP_PRAC_PAT_LIST,01/07/2026,C83040,ST. PETERS HILL SURGERY,E01029488,MALE,1
GP_PRAC_PAT_LIST,01/07/2026,C83040,ST. PETERS HILL SURGERY,E01031330,MALE,1
GP_PRAC_PAT_LIST,01/07/2026,C83040,ST. PETERS HILL SURGERY,E01034543,MALE,1
GP_PRAC_PAT_LIST,01/07/2026,C83040,ST. PETERS HILL SURGERY,E01034701,MALE,167
GP_PRAC_PAT_LIST,01/07/2026,C83040,ST. PETERS HILL SURGERY,E01034702,MALE,181
GP_PRAC_PAT_LIST,01/07/2026,C83040,ST. PETERS HILL SURGERY,EMPTY,MALE,10
GP_PRAC_PAT_LIST,01/07/2026,C83041,THE WOODLAND MEDICAL PRACTICE,E01025905,MALE,1
GP_PRAC_PAT_LIST,01/07/2026,C83041,THE WOODLAND MEDICAL PRACTICE,E01026124,MALE,2
GP_PRAC_PAT_LIST,01/07/2026,C83041,THE WOODLAND MEDICAL PRACTICE,E01026125,MALE,1
GP_PRAC_PAT_LIST,01/07/2026,C83041,THE WOODLAND MEDICAL PRACTICE,E01026126,MALE,1
GP_PRAC_PAT_LIST,01/07/2026,C83041,THE WOODLAND MEDICAL PRACTICE,E01026127,MALE,223
GP_PRAC_PAT_LIST,01/07/2026,C83041,THE WOODLAND MEDICAL PRACTICE,E01026129,MALE,270
GP_PRAC_PAT_LIST,01/07/2026,C83041,THE WOODLAND MEDICAL PRACTICE,E01026130,MALE,187
GP_PRAC_PAT_LIST,01/07/2026,C83041,THE WOODLAND MEDICAL PRACTICE,E01026131,MALE,249
GP_PRAC_PAT_LIST,01/07/2026,C83041,THE WOODLAND MEDICAL PRACTICE,E01026134,MALE,1
GP_PRAC_PAT_LIST,01/07/2026,C83041,THE WOODLAND MEDICAL PRACTICE,E01026135,MALE,3
GP_PRAC_PAT_LIST,01/07/2026,C83041,THE WOODLAND MEDICAL PRACTICE,E01026136,MALE,58
GP_PRAC_PAT_LIST,01/07/2026,C83041,THE WOODLAND MEDICAL PRACTICE,E01026139,MALE,13
GP_PRAC_PAT_LIST,01/07/2026,C83041,THE WOODLAND MEDICAL PRACTICE,E01026141,MALE,22
GP_PRAC_PAT_LIST,01/07/2026,C83041,THE WOODLAND MEDICAL PRACTICE,E01026144,MALE,1
GP_PRAC_PAT_LIST,01/07/2026,C83041,THE WOODLAND MEDICAL PRACTICE,E01026147,MALE,2
GP_PRAC_PAT_LIST,01/07/2026,C83041,THE WOODLAND MEDICAL PRACTICE,E01026150,MALE,1
GP_PRAC_PAT_LIST,01/07/2026,C83041,THE WOODLAND MEDICAL PRACTICE,E01026153,MALE,1
GP_PRAC_PAT_LIST,01/07/2026,C83041,THE WOODLAND MEDICAL PRACTICE,E01026158,MALE,242
GP_PRAC_PAT_LIST,01/07/2026,C83041,THE WOODLAND MEDICAL PRACTICE,E01026159,MALE,260
GP_PRAC_PAT_LIST,01/07/2026,C83041,THE WOODLAND MEDICAL PRACTICE,E01026160,MALE,209
GP_PRAC_PAT_LIST,01/07/2026,C83041,THE WOODLAND MEDICAL PRACTICE,E01026161,MALE,117
GP_PRAC_PAT_LIST,01/07/2026,C83041,THE WOODLAND MEDICAL PRACTICE,E01026162,MALE,159
GP_PRAC_PAT_LIST,01/07/2026,C83041,THE WOODLAND MEDICAL PRACTICE,E01026163,MALE,228
GP_PRAC_PAT_LIST,01/07/2026,C83041,THE WOODLAND MEDICAL PRACTICE,E01026168,MALE,1
GP_PRAC_PAT_LIST,01/07/2026,C83041,THE WOODLAND MEDICAL PRACTICE,E01026169,MALE,44
GP_PRAC_PAT_LIST,01/07/2026,C83041,THE WOODLAND MEDICAL PRACTICE,E01026170,MALE,11
GP_PRAC_PAT_LIST,01/07/2026,C83041,THE WOODLAND MEDICAL PRACTICE,E01026171,MALE,60
GP_PRAC_PAT_LIST,01/07/2026,C83041,THE WOODLAND MEDICAL PRACTICE,E01026172,MALE,32
GP_PRAC_PAT_LIST,01/07/2026,C83041,THE WOODLAND MEDICAL PRACTICE,E01026173,MALE,15
GP_PRAC_PAT_LIST,01/07/2026,C83041,THE WOODLAND MEDICAL PRACTICE,E01026174,MALE,1
GP_PRAC_PAT_LIST,01/07/2026,C83041,THE WOODLAND MEDICAL PRACTICE,E01026176,MALE,1
GP_PRAC_PAT_LIST,01/07/2026,C83041,THE WOODLAND MEDICAL PRACTICE,E01026177,MALE,1
GP_PRAC_PAT_LIST,01/07/2026,C83041,THE WOODLAND MEDICAL PRACTICE,E01026178,MALE,2
GP_PRAC_PAT_LIST,01/07/2026,C83041,THE WOODLAND MEDICAL PRACTICE,E01026185,MALE,1
GP_PRAC_PAT_LIST,01/07/2026,C83041,THE WOODLAND MEDICAL PRACTICE,E01026188,MALE,1
GP_PRAC_PAT_LIST,01/07/2026,C83041,THE WOODLAND MEDICAL PRACTICE,E01026196,MALE,1
GP_PRAC_PAT_LIST,01/07/2026,C83041,THE WOODLAND MEDICAL PRACTICE,E01026199,MALE,84
GP_PRAC_PAT_LIST,01/07/2026,C83041,THE WOODLAND MEDICAL PRACTICE,E01026210,MALE,1
GP_PRAC_PAT_LIST,01/07/2026,C83041,THE WOODLAND MEDICAL PRACTICE,E01026211,MALE,1
GP_PRAC_PAT_LIST,01/07/2026,C83041,THE WOODLAND MEDICAL PRACTICE,E01026214,MALE,16
GP_PRAC_PAT_LIST,01/07/2026,C83041,THE WOODLAND MEDICAL PRACTICE,E01026215,MALE,15
GP_PRAC_PAT_LIST,01/07/2026,C83041,THE WOODLAND MEDICAL PRACTICE,E01026218,MALE,22
GP_PRAC_PAT_LIST,01/07/2026,C83041,THE WOODLAND MEDICAL PRACTICE,E01026219,MALE,11
GP_PRAC_PAT_LIST,01/07/2026,C83041,THE WOODLAND MEDICAL PRACTICE,E01026220,MALE,5
GP_PRAC_PAT_LIST,01/07/2026,C83041,THE WOODLAND MEDICAL PRACTICE,E01026225,MALE,149
GP_PRAC_PAT_LIST,01/07/2026,C83041,THE WOODLAND MEDICAL PRACTICE,E01026226,MALE,205
GP_PRAC_PAT_LIST,01/07/2026,C83041,THE WOODLAND MEDICAL PRACTICE,E01026343,MALE,1
GP_PRAC_PAT_LIST,01/07/2026,C83041,THE WOODLAND MEDICAL PRACTICE,E01026375,MALE,1
GP_PRAC_PAT_LIST,01/07/2026,C83041,THE WOODLAND MEDICAL PRACTICE,E01026389,MALE,1
GP_PRAC_PAT_LIST,01/07/2026,C83041,THE WOODLAND MEDICAL PRACTICE,E01026390,MALE,1
GP_PRAC_PAT_LIST,01/07/2026,C83041,THE WOODLAND MEDICAL PRACTICE,E01026409,MALE,1
GP_PRAC_PAT_LIST,01/07/2026,C83041,THE WOODLAND MEDICAL PRACTICE,E01028039,MALE,1
GP_PRAC_PAT_LIST,01/07/2026,C83041,THE WOODLAND MEDICAL PRACTICE,E01028291,MALE,1
GP_PRAC_PAT_LIST,01/07/2026,C83041,THE WOODLAND MEDICAL PRACTICE,E01028334,MALE,1
GP_PRAC_PAT_LIST,01/07/2026,C83041,THE WOODLAND MEDICAL PRACTICE,E01029835,MALE,1
GP_PRAC_PAT_LIST,01/07/2026,C83041,THE WOODLAND MEDICAL PRACTICE,E01032988,MALE,11
GP_PRAC_PAT_LIST,01/07/2026,C83041,THE WOODLAND MEDICAL PRACTICE,E01032989,MALE,43
GP_PRAC_PAT_LIST,01/07/2026,C83041,THE WOODLAND MEDICAL PRACTICE,E01032991,MALE,82
GP_PRAC_PAT_LIST,01/07/2026,C83041,THE WOODLAND MEDICAL PRACTICE,E01032992,MALE,22
GP_PRAC_PAT_LIST,01/07/2026,C83041,THE WOODLAND MEDICAL PRACTICE,E01032993,MALE,38
GP_PRAC_PAT_LIST,01/07/2026,C83041,THE WOODLAND MEDICAL PRACTICE,E01032994,MALE,34
GP_PRAC_PAT_LIST,01/07/2026,C83041,THE WOODLAND MEDICAL PRACTICE,E01033777,MALE,1
GP_PRAC_PAT_LIST,01/07/2026,C83041,THE WOODLAND MEDICAL PRACTICE,E01034681,MALE,1
GP_PRAC_PAT_LIST,01/07/2026,C83041,THE WOODLAND MEDICAL PRACTICE,E01034689,MALE,213
GP_PRAC_PAT_LIST,01/07/2026,C83041,THE WOODLAND MEDICAL PRACTICE,E01034690,MALE,240
GP_PRAC_PAT_LIST,01/07/2026,C83041,THE WOODLAND MEDICAL PRACTICE,E01034691,MALE,2
GP_PRAC_PAT_LIST,01/07/2026,C83041,THE WOODLAND MEDICAL PRACTICE,E01034693,MALE,1
GP_PRAC_PAT_LIST,01/07/2026,C83041,THE WOODLAND MEDICAL PRACTICE,E01034707,MALE,7
GP_PRAC_PAT_LIST,01/07/2026,C83041,THE WOODLAND MEDICAL PRACTICE,EMPTY,MALE,2
GP_PRAC_PAT_LIST,01/07/2026,C83042,MARSH MEDICAL PRACTICE,E01013131,MALE,1
GP_PRAC_PAT_LIST,01/07/2026,C83042,MARSH MEDICAL PRACTICE,E01013132,MALE,1
GP_PRAC_PAT_LIST,01/07/2026,C83042,MARSH MEDICAL PRACTICE,E01013140,MALE,1
GP_PRAC_PAT_LIST,01/07/2026,C83042,MARSH MEDICAL PRACTICE,E01013146,MALE,1
GP_PRAC_PAT_LIST,01/07/2026,C83042,MARSH MEDICAL PRACTICE,E01013150,MALE,1
GP_PRAC_PAT_LIST,01/07/2026,C83042,MARSH MEDICAL PRACTICE,E01013155,MALE,2
GP_PRAC_PAT_LIST,01/07/2026,C83042,MARSH MEDICAL PRACTICE,E01013160,MALE,1
GP_PRAC_PAT_LIST,01/07/2026,C83042,MARSH MEDICAL PRACTICE,E01013172,MALE,1
GP_PRAC_PAT_LIST,01/07/2026,C83042,MARSH MEDICAL PRACTICE,E01013180,MALE,1
GP_PRAC_PAT_LIST,01/07/2026,C83042,MARSH MEDICAL PRACTICE,E01013184,MALE,1
GP_PRAC_PAT_LIST,01/07/2026,C83042,MARSH MEDICAL PRACTICE,E01013191,MALE,1
GP_PRAC_PAT_LIST,01/07/2026,C83042,MARSH MEDICAL PRACTICE,E01013193,MALE,1
GP_PRAC_PAT_LIST,01/07/2026,C83042,MARSH MEDICAL PRACTICE,E01013197,MALE,1
GP_PRAC_PAT_LIST,01/07/2026,C83042,MARSH MEDICAL PRACTICE,E01013200,MALE,2
GP_PRAC_PAT_LIST,01/07/2026,C83042,MARSH MEDICAL PRACTICE,E01013204,MALE,1
GP_PRAC_PAT_LIST,01/07/2026,C83042,MARSH MEDICAL PRACTICE,E01013207,MALE,1
GP_PRAC_PAT_LIST,01/07/2026,C83042,MARSH MEDICAL PRACTICE,E01013217,MALE,4
GP_PRAC_PAT_LIST,01/07/2026,C83042,MARSH MEDICAL PRACTICE,E01013219,MALE,2
GP_PRAC_PAT_LIST,01/07/2026,C83042,MARSH MEDICAL PRACTICE,E01013221,MALE,1
GP_PRAC_PAT_LIST,01/07/2026,C83042,MARSH MEDICAL PRACTICE,E01013224,MALE,3
GP_PRAC_PAT_LIST,01/07/2026,C83042,MARSH MEDICAL PRACTICE,E01013233,MALE,1
GP_PRAC_PAT_LIST,01/07/2026,C83042,MARSH MEDICAL PRACTICE,E01013562,MALE,1
GP_PRAC_PAT_LIST,01/07/2026,C83042,MARSH MEDICAL PRACTICE,E01017349,MALE,1
GP_PRAC_PAT_LIST,01/07/2026,C83042,MARSH MEDICAL PRACTICE,E01019777,MALE,2
GP_PRAC_PAT_LIST,01/07/2026,C83042,MARSH MEDICAL PRACTICE,E01026025,MALE,1
GP_PRAC_PAT_LIST,01/07/2026,C83042,MARSH MEDICAL PRACTICE,E01026042,MALE,12
GP_PRAC_PAT_LIST,01/07/2026,C83042,MARSH MEDICAL PRACTICE,E01026043,MALE,7
GP_PRAC_PAT_LIST,01/07/2026,C83042,MARSH MEDICAL PRACTICE,E01026044,MALE,14
GP_PRAC_PAT_LIST,01/07/2026,C83042,MARSH MEDICAL PRACTICE,E01026045,MALE,14
GP_PRAC_PAT_LIST,01/07/2026,C83042,MARSH MEDICAL PRACTICE,E01026058,MALE,605
GP_PRAC_PAT_LIST,01/07/2026,C83042,MARSH MEDICAL PRACTICE,E01026060,MALE,1
GP_PRAC_PAT_LIST,01/07/2026,C83042,MARSH MEDICAL PRACTICE,E01026061,MALE,3
GP_PRAC_PAT_LIST,01/07/2026,C83042,MARSH MEDICAL PRACTICE,E01026063,MALE,1
GP_PRAC_PAT_LIST,01/07/2026,C83042,MARSH MEDICAL PRACTICE,E01026064,MALE,1
GP_PRAC_PAT_LIST,01/07/2026,C83042,MARSH MEDICAL PRACTICE,E01026066,MALE,2
GP_PRAC_PAT_LIST,01/07/2026,C83042,MARSH MEDICAL PRACTICE,E01026067,MALE,1
GP_PRAC_PAT_LIST,01/07/2026,C83042,MARSH MEDICAL PRACTICE,E01026068,MALE,6
GP_PRAC_PAT_LIST,01/07/2026,C83042,MARSH MEDICAL PRACTICE,E01026070,MALE,109
GP_PRAC_PAT_LIST,01/07/2026,C83042,MARSH MEDICAL PRACTICE,E01026071,MALE,12
GP_PRAC_PAT_LIST,01/07/2026,C83042,MARSH MEDICAL PRACTICE,E01026072,MALE,30
GP_PRAC_PAT_LIST,01/07/2026,C83042,MARSH MEDICAL PRACTICE,E01026073,MALE,22
GP_PRAC_PAT_LIST,01/07/2026,C83042,MARSH MEDICAL PRACTICE,E01026074,MALE,25
GP_PRAC_PAT_LIST,01/07/2026,C83042,MARSH MEDICAL PRACTICE,E01026076,MALE,417
GP_PRAC_PAT_LIST,01/07/2026,C83042,MARSH MEDICAL PRACTICE,E01026077,MALE,42
GP_PRAC_PAT_LIST,01/07/2026,C83042,MARSH MEDICAL PRACTICE,E01026078,MALE,16
GP_PRAC_PAT_LIST,01/07/2026,C83042,MARSH MEDICAL PRACTICE,E01026079,MALE,867
GP_PRAC_PAT_LIST,01/07/2026,C83042,MARSH MEDICAL PRACTICE,E01026080,MALE,14
GP_PRAC_PAT_LIST,01/07/2026,C83042,MARSH MEDICAL PRACTICE,E01026081,MALE,40
GP_PRAC_PAT_LIST,01/07/2026,C83042,MARSH MEDICAL PRACTICE,E01026087,MALE,30
GP_PRAC_PAT_LIST,01/07/2026,C83042,MARSH MEDICAL PRACTICE,E01026088,MALE,19
GP_PRAC_PAT_LIST,01/07/2026,C83042,MARSH MEDICAL PRACTICE,E01026089,MALE,28
GP_PRAC_PAT_LIST,01/07/2026,C83042,MARSH MEDICAL PRACTICE,E01026090,MALE,18
GP_PRAC_PAT_LIST,01/07/2026,C83042,MARSH MEDICAL PRACTICE,E01026091,MALE,67
GP_PRAC_PAT_LIST,01/07/2026,C83042,MARSH MEDICAL PRACTICE,E01026099,MALE,647
GP_PRAC_PAT_LIST,01/07/2026,C83042,MARSH MEDICAL PRACTICE,E01026100,MALE,1
GP_PRAC_PAT_LIST,01/07/2026,C83042,MARSH MEDICAL PRACTICE,E01026103,MALE,8
GP_PRAC_PAT_LIST,01/07/2026,C83042,MARSH MEDICAL PRACTICE,E01026104,MALE,22
GP_PRAC_PAT_LIST,01/07/2026,C83042,MARSH MEDICAL PRACTICE,E01026105,MALE,5
GP_PRAC_PAT_LIST,01/07/2026,C83042,MARSH MEDICAL PRACTICE,E01026106,MALE,12
GP_PRAC_PAT_LIST,01/07/2026,C83042,MARSH MEDICAL PRACTICE,E01026107,MALE,49
GP_PRAC_PAT_LIST,01/07/2026,C83042,MARSH MEDICAL PRACTICE,E01026108,MALE,33
GP_PRAC_PAT_LIST,01/07/2026,C83042,MARSH MEDICAL PRACTICE,E01026109,MALE,29
GP_PRAC_PAT_LIST,01/07/2026,C83042,MARSH MEDICAL PRACTICE,E01026113,MALE,7
GP_PRAC_PAT_LIST,01/07/2026,C83042,MARSH MEDICAL PRACTICE,E01026114,MALE,1
GP_PRAC_PAT_LIST,01/07/2026,C83042,MARSH MEDICAL PRACTICE,E01026117,MALE,94
GP_PRAC_PAT_LIST,01/07/2026,C83042,MARSH MEDICAL PRACTICE,E01026125,MALE,1
GP_PRAC_PAT_LIST,01/07/2026,C83042,MARSH MEDICAL PRACTICE,E01026199,MALE,1
GP_PRAC_PAT_LIST,01/07/2026,C83042,MARSH MEDICAL PRACTICE,E01026220,MALE,1
GP_PRAC_PAT_LIST,01/07/2026,C83042,MARSH MEDICAL PRACTICE,E01026325,MALE,1
GP_PRAC_PAT_LIST,01/07/2026,C83042,MARSH MEDICAL PRACTICE,E01026392,MALE,1
GP_PRAC_PAT_LIST,01/07/2026,C83042,MARSH MEDICAL PRACTICE,E01026666,MALE,1
GP_PRAC_PAT_LIST,01/07/2026,C83042,MARSH MEDICAL PRACTICE,E01027194,MALE,1
GP_PRAC_PAT_LIST,01/07/2026,C83042,MARSH MEDICAL PRACTICE,E01027261,MALE,1
GP_PRAC_PAT_LIST,01/07/2026,C83042,MARSH MEDICAL PRACTICE,E01027302,MALE,1
GP_PRAC_PAT_LIST,01/07/2026,C83042,MARSH MEDICAL PRACTICE,E01032986,MALE,10
GP_PRAC_PAT_LIST,01/07/2026,C83042,MARSH MEDICAL PRACTICE,E01032987,MALE,14
GP_PRAC_PAT_LIST,01/07/2026,C83042,MARSH MEDICAL PRACTICE,E01033268,MALE,1
GP_PRAC_PAT_LIST,01/07/2026,C83042,MARSH MEDICAL PRACTICE,E01034686,MALE,1
GP_PRAC_PAT_LIST,01/07/2026,C83042,MARSH MEDICAL PRACTICE,E01034688,MALE,1
GP_PRAC_PAT_LIST,01/07/2026,C83042,MARSH MEDICAL PRACTICE,E01035476,MALE,1
GP_PRAC_PAT_LIST,01/07/2026,C83042,MARSH MEDICAL PRACTICE,E01035478,MALE,2
GP_PRAC_PAT_LIST,01/07/2026,C83042,MARSH MEDICAL PRACTICE,EMPTY,MALE,3
GP_PRAC_PAT_LIST,01/07/2026,C83042,MARSH MEDICAL PRACTICE,S01015353,MALE,1
GP_PRAC_PAT_LIST,01/07/2026,C83043,MARKET RASEN SURGERY,CLOSED,MALE,1
GP_PRAC_PAT_LIST,01/07/2026,C83043,MARKET RASEN SURGERY,E01001569,MALE,1
GP_PRAC_PAT_LIST,01/07/2026,C83043,MARKET RASEN SURGERY,E01001925,MALE,1
GP_PRAC_PAT_LIST,01/07/2026,C83043,MARKET RASEN SURGERY,E01002499,MALE,1
GP_PRAC_PAT_LIST,01/07/2026,C83043,MARKET RASEN SURGERY,E01007670,MALE,1
GP_PRAC_PAT_LIST,01/07/2026,C83043,MARKET RASEN SURGERY,E01008083,MALE,1
GP_PRAC_PAT_LIST,01/07/2026,C83043,MARKET RASEN SURGERY,E01009289,MALE,1
GP_PRAC_PAT_LIST,01/07/2026,C83043,MARKET RASEN SURGERY,E01010578,MALE,1
GP_PRAC_PAT_LIST,01/07/2026,C83043,MARKET RASEN SURGERY,E01012076,MALE,1
GP_PRAC_PAT_LIST,01/07/2026,C83043,MARKET RASEN SURGERY,E01013144,MALE,2
GP_PRAC_PAT_LIST,01/07/2026,C83043,MARKET RASEN SURGERY,E01013159,MALE,1
GP_PRAC_PAT_LIST,01/07/2026,C83043,MARKET RASEN SURGERY,E01013175,MALE,1
GP_PRAC_PAT_LIST,01/07/2026,C83043,MARKET RASEN SURGERY,E01013201,MALE,1
GP_PRAC_PAT_LIST,01/07/2026,C83043,MARKET RASEN SURGERY,E01013202,MALE,1
GP_PRAC_PAT_LIST,01/07/2026,C83043,MARKET RASEN SURGERY,E01013214,MALE,1
GP_PRAC_PAT_LIST,01/07/2026,C83043,MARKET RASEN SURGERY,E01013215,MALE,1
GP_PRAC_PAT_LIST,01/07/2026,C83043,MARKET RASEN SURGERY,E01013224,MALE,1
GP_PRAC_PAT_LIST,01/07/2026,C83043,MARKET RASEN SURGERY,E01013226,MALE,1
GP_PRAC_PAT_LIST,01/07/2026,C83043,MARKET RASEN SURGERY,E01013231,MALE,1
GP_PRAC_PAT_LIST,01/07/2026,C83043,MARKET RASEN SURGERY,E01013272,MALE,1
GP_PRAC_PAT_LIST,01/07/2026,C83043,MARKET RASEN SURGERY,E01013290,MALE,1
GP_PRAC_PAT_LIST,01/07/2026,C83043,MARKET RASEN SURGERY,E01013322,MALE,2
GP_PRAC_PAT_LIST,01/07/2026,C83043,MARKET RASEN SURGERY,E01013325,MALE,1
GP_PRAC_PAT_LIST,01/07/2026,C83043,MARKET RASEN SURGERY,E01017502,MALE,1
GP_PRAC_PAT_LIST,01/07/2026,C83043,MARKET RASEN SURGERY,E01018375,MALE,1
GP_PRAC_PAT_LIST,01/07/2026,C83043,MARKET RASEN SURGERY,E01020112,MALE,1
GP_PRAC_PAT_LIST,01/07/2026,C83043,MARKET RASEN SURGERY,E01020288,MALE,1
GP_PRAC_PAT_LIST,01/07/2026,C83043,MARKET RASEN SURGERY,E01024651,MALE,1
GP_PRAC_PAT_LIST,01/07/2026,C83043,MARKET RASEN SURGERY,E01026007,MALE,1
GP_PRAC_PAT_LIST,01/07/2026,C83043,MARKET RASEN SURGERY,E01026045,MALE,5
GP_PRAC_PAT_LIST,01/07/2026,C83043,MARKET RASEN SURGERY,E01026058,MALE,1
GP_PRAC_PAT_LIST,01/07/2026,C83043,MARKET RASEN SURGERY,E01026060,MALE,1
GP_PRAC_PAT_LIST,01/07/2026,C83043,MARKET RASEN SURGERY,E01026068,MALE,2
GP_PRAC_PAT_LIST,01/07/2026,C83043,MARKET RASEN SURGERY,E01026071,MALE,133
GP_PRAC_PAT_LIST,01/07/2026,C83043,MARKET RASEN SURGERY,E01026074,MALE,1
GP_PRAC_PAT_LIST,01/07/2026,C83043,MARKET RASEN SURGERY,E01026077,MALE,1
GP_PRAC_PAT_LIST,01/07/2026,C83043,MARKET RASEN SURGERY,E01026120,MALE,1
GP_PRAC_PAT_LIST,01/07/2026,C83043,MARKET RASEN SURGERY,E01026121,MALE,60
GP_PRAC_PAT_LIST,01/07/2026,C83043,MARKET RASEN SURGERY,E01026124,MALE,1
GP_PRAC_PAT_LIST,01/07/2026,C83043,MARKET RASEN SURGERY,E01026146,MALE,1
GP_PRAC_PAT_LIST,01/07/2026,C83043,MARKET RASEN SURGERY,E01026148,MALE,1
GP_PRAC_PAT_LIST,01/07/2026,C83043,MARKET RASEN SURGERY,E01026154,MALE,1
GP_PRAC_PAT_LIST,01/07/2026,C83043,MARKET RASEN SURGERY,E01026158,MALE,1
GP_PRAC_PAT_LIST,01/07/2026,C83043,MARKET RASEN SURGERY,E01026166,MALE,1
GP_PRAC_PAT_LIST,01/07/2026,C83043,MARKET RASEN SURGERY,E01026177,MALE,1
GP_PRAC_PAT_LIST,01/07/2026,C83043,MARKET RASEN SURGERY,E01026178,MALE,1
GP_PRAC_PAT_LIST,01/07/2026,C83043,MARKET RASEN SURGERY,E01026185,MALE,1
GP_PRAC_PAT_LIST,01/07/2026,C83043,MARKET RASEN SURGERY,E01026193,MALE,1
GP_PRAC_PAT_LIST,01/07/2026,C83043,MARKET RASEN SURGERY,E01026203,MALE,1
GP_PRAC_PAT_LIST,01/07/2026,C83043,MARKET RASEN SURGERY,E01026235,MALE,1
GP_PRAC_PAT_LIST,01/07/2026,C83043,MARKET RASEN SURGERY,E01026366,MALE,5
GP_PRAC_PAT_LIST,01/07/2026,C83043,MARKET RASEN SURGERY,E01026367,MALE,5
GP_PRAC_PAT_LIST,01/07/2026,C83043,MARKET RASEN SURGERY,E01026368,MALE,18
GP_PRAC_PAT_LIST,01/07/2026,C83043,MARKET RASEN SURGERY,E01026372,MALE,71
GP_PRAC_PAT_LIST,01/07/2026,C83043,MARKET RASEN SURGERY,E01026373,MALE,23
GP_PRAC_PAT_LIST,01/07/2026,C83043,MARKET RASEN SURGERY,E01026375,MALE,1
GP_PRAC_PAT_LIST,01/07/2026,C83043,MARKET RASEN SURGERY,E01026384,MALE,1
GP_PRAC_PAT_LIST,01/07/2026,C83043,MARKET RASEN SURGERY,E01026385,MALE,1
GP_PRAC_PAT_LIST,01/07/2026,C83043,MARKET RASEN SURGERY,E01026387,MALE,26
GP_PRAC_PAT_LIST,01/07/2026,C83043,MARKET RASEN SURGERY,E01026389,MALE,871
GP_PRAC_PAT_LIST,01/07/2026,C83043,MARKET RASEN SURGERY,E01026390,MALE,861
GP_PRAC_PAT_LIST,01/07/2026,C83043,MARKET RASEN SURGERY,E01026391,MALE,927
GP_PRAC_PAT_LIST,01/07/2026,C83043,MARKET RASEN SURGERY,E01026392,MALE,1463
GP_PRAC_PAT_LIST,01/07/2026,C83043,MARKET RASEN SURGERY,E01026394,MALE,2
GP_PRAC_PAT_LIST,01/07/2026,C83043,MARKET RASEN SURGERY,E01026399,MALE,2
GP_PRAC_PAT_LIST,01/07/2026,C83043,MARKET RASEN SURGERY,E01026402,MALE,1
GP_PRAC_PAT_LIST,01/07/2026,C83043,MARKET RASEN SURGERY,E01026411,MALE,165
GP_PRAC_PAT_LIST,01/07/2026,C83043,MARKET RASEN SURGERY,E01026412,MALE,3
GP_PRAC_PAT_LIST,01/07/2026,C83043,MARKET RASEN SURGERY,E01026414,MALE,257
GP_PRAC_PAT_LIST,01/07/2026,C83043,MARKET RASEN SURGERY,E01026415,MALE,28
GP_PRAC_PAT_LIST,01/07/2026,C83043,MARKET RASEN SURGERY,E01026416,MALE,186
GP_PRAC_PAT_LIST,01/07/2026,C83043,MARKET RASEN SURGERY,E01027777,MALE,1
GP_PRAC_PAT_LIST,01/07/2026,C83043,MARKET RASEN SURGERY,E01028012,MALE,1
GP_PRAC_PAT_LIST,01/07/2026,C83043,MARKET RASEN SURGERY,E01029725,MALE,1
GP_PRAC_PAT_LIST,01/07/2026,C83043,MARKET RASEN SURGERY,E01031168,MALE,1
GP_PRAC_PAT_LIST,01/07/2026,C83043,MARKET RASEN SURGERY,E01032396,MALE,1
GP_PRAC_PAT_LIST,01/07/2026,C83043,MARKET RASEN SURGERY,E01032986,MALE,1
GP_PRAC_PAT_LIST,01/07/2026,C83043,MARKET RASEN SURGERY,E01033414,MALE,1
GP_PRAC_PAT_LIST,01/07/2026,C83043,MARKET RASEN SURGERY,E01034692,MALE,1
GP_PRAC_PAT_LIST,01/07/2026,C83043,MARKET RASEN SURGERY,EMPTY,MALE,1
GP_PRAC_PAT_LIST,01/07/2026,C83044,CASKGATE STREET SURGERY,CLOSED,MALE,6
GP_PRAC_PAT_LIST,01/07/2026,C83044,CASKGATE STREET SURGERY,E01011385,MALE,1
GP_PRAC_PAT_LIST,01/07/2026,C83044,CASKGATE STREET SURGERY,E01011936,MALE,1
GP_PRAC_PAT_LIST,01/07/2026,C83044,CASKGATE STREET SURGERY,E01013138,MALE,1
GP_PRAC_PAT_LIST,01/07/2026,C83044,CASKGATE STREET SURGERY,E01013239,MALE,1
GP_PRAC_PAT_LIST,01/07/2026,C83044,CASKGATE STREET SURGERY,E01013313,MALE,1
GP_PRAC_PAT_LIST,01/07/2026,C83044,CASKGATE STREET SURGERY,E01018077,MALE,1
GP_PRAC_PAT_LIST,01/07/2026,C83044,CASKGATE STREET SURGERY,E01019557,MALE,1
GP_PRAC_PAT_LIST,01/07/2026,C83044,CASKGATE STREET SURGERY,E01024908,MALE,1
GP_PRAC_PAT_LIST,01/07/2026,C83044,CASKGATE STREET SURGERY,E01026124,MALE,1
GP_PRAC_PAT_LIST,01/07/2026,C83044,CASKGATE STREET SURGERY,E01026125,MALE,1
GP_PRAC_PAT_LIST,01/07/2026,C83044,CASKGATE STREET SURGERY,E01026132,MALE,3
GP_PRAC_PAT_LIST,01/07/2026,C83044,CASKGATE STREET SURGERY,E01026272,MALE,1
GP_PRAC_PAT_LIST,01/07/2026,C83044,CASKGATE STREET SURGERY,E01026276,MALE,1
GP_PRAC_PAT_LIST,01/07/2026,C83044,CASKGATE STREET SURGERY,E01026374,MALE,433
GP_PRAC_PAT_LIST,01/07/2026,C83044,CASKGATE STREET SURGERY,E01026375,MALE,561
GP_PRAC_PAT_LIST,01/07/2026,C83044,CASKGATE STREET SURGERY,E01026376,MALE,396
GP_PRAC_PAT_LIST,01/07/2026,C83044,CASKGATE STREET SURGERY,E01026377,MALE,514
GP_PRAC_PAT_LIST,01/07/2026,C83044,CASKGATE STREET SURGERY,E01026378,MALE,431
GP_PRAC_PAT_LIST,01/07/2026,C83044,CASKGATE STREET SURGERY,E01026379,MALE,466
GP_PRAC_PAT_LIST,01/07/2026,C83044,CASKGATE STREET SURGERY,E01026380,MALE,621
GP_PRAC_PAT_LIST,01/07/2026,C83044,CASKGATE STREET SURGERY,E01026381,MALE,323
GP_PRAC_PAT_LIST,01/07/2026,C83044,CASKGATE STREET SURGERY,E01026382,MALE,716
GP_PRAC_PAT_LIST,01/07/2026,C83044,CASKGATE STREET SURGERY,E01026383,MALE,568
GP_PRAC_PAT_LIST,01/07/2026,C83044,CASKGATE STREET SURGERY,E01026384,MALE,692
GP_PRAC_PAT_LIST,01/07/2026,C83044,CASKGATE STREET SURGERY,E01026385,MALE,12
GP_PRAC_PAT_LIST,01/07/2026,C83044,CASKGATE STREET SURGERY,E01026388,MALE,118
GP_PRAC_PAT_LIST,01/07/2026,C83044,CASKGATE STREET SURGERY,E01026403,MALE,19
GP_PRAC_PAT_LIST,01/07/2026,C83044,CASKGATE STREET SURGERY,E01026407,MALE,48
GP_PRAC_PAT_LIST,01/07/2026,C83044,CASKGATE STREET SURGERY,E01026408,MALE,248
GP_PRAC_PAT_LIST,01/07/2026,C83044,CASKGATE STREET SURGERY,E01026410,MALE,4
GP_PRAC_PAT_LIST,01/07/2026,C83044,CASKGATE STREET SURGERY,E01026414,MALE,1
GP_PRAC_PAT_LIST,01/07/2026,C83044,CASKGATE STREET SURGERY,E01027999,MALE,26
GP_PRAC_PAT_LIST,01/07/2026,C83044,CASKGATE STREET SURGERY,E01028001,MALE,1
GP_PRAC_PAT_LIST,01/07/2026,C83044,CASKGATE STREET SURGERY,E01028023,MALE,1
GP_PRAC_PAT_LIST,01/07/2026,C83044,CASKGATE STREET SURGERY,E01028027,MALE,1
GP_PRAC_PAT_LIST,01/07/2026,C83044,CASKGATE STREET SURGERY,E01028033,MALE,1
GP_PRAC_PAT_LIST,01/07/2026,C83044,CASKGATE STREET SURGERY,E01028035,MALE,2
GP_PRAC_PAT_LIST,01/07/2026,C83044,CASKGATE STREET SURGERY,E01028066,MALE,1
GP_PRAC_PAT_LIST,01/07/2026,C83044,CASKGATE STREET SURGERY,E01030299,MALE,1
GP_PRAC_PAT_LIST,01/07/2026,C83044,CASKGATE STREET SURGERY,E01033197,MALE,1
GP_PRAC_PAT_LIST,01/07/2026,C83044,CASKGATE STREET SURGERY,EMPTY,MALE,5
GP_PRAC_PAT_LIST,01/07/2026,C83045,HAWTHORN MEDICAL PRACTICE,E01002017,MALE,1
GP_PRAC_PAT_LIST,01/07/2026,C83045,HAWTHORN MEDICAL PRACTICE,E01002410,MALE,1
GP_PRAC_PAT_LIST,01/07/2026,C83045,HAWTHORN MEDICAL PRACTICE,E01005263,MALE,1
GP_PRAC_PAT_LIST,01/07/2026,C83045,HAWTHORN MEDICAL PRACTICE,E01010184,MALE,1
GP_PRAC_PAT_LIST,01/07/2026,C83045,HAWTHORN MEDICAL PRACTICE,E01011153,MALE,1
GP_PRAC_PAT_LIST,01/07/2026,C83045,HAWTHORN MEDICAL PRACTICE,E01013460,MALE,1
GP_PRAC_PAT_LIST,01/07/2026,C83045,HAWTHORN MEDICAL PRACTICE,E01013531,MALE,1
GP_PRAC_PAT_LIST,01/07/2026,C83045,HAWTHORN MEDICAL PRACTICE,E01013682,MALE,1
GP_PRAC_PAT_LIST,01/07/2026,C83045,HAWTHORN MEDICAL PRACTICE,E01013814,MALE,1
GP_PRAC_PAT_LIST,01/07/2026,C83045,HAWTHORN MEDICAL PRACTICE,E01015612,MALE,1
GP_PRAC_PAT_LIST,01/07/2026,C83045,HAWTHORN MEDICAL PRACTICE,E01015688,MALE,1
GP_PRAC_PAT_LIST,01/07/2026,C83045,HAWTHORN MEDICAL PRACTICE,E01016039,MALE,1
GP_PRAC_PAT_LIST,01/07/2026,C83045,HAWTHORN MEDICAL PRACTICE,E01016838,MALE,1
GP_PRAC_PAT_LIST,01/07/2026,C83045,HAWTHORN MEDICAL PRACTICE,E01019416,MALE,1
GP_PRAC_PAT_LIST,01/07/2026,C83045,HAWTHORN MEDICAL PRACTICE,E01019612,MALE,1
GP_PRAC_PAT_LIST,01/07/2026,C83045,HAWTHORN MEDICAL PRACTICE,E01019658,MALE,1
GP_PRAC_PAT_LIST,01/07/2026,C83045,HAWTHORN MEDICAL PRACTICE,E01023685,MALE,1
GP_PRAC_PAT_LIST,01/07/2026,C83045,HAWTHORN MEDICAL PRACTICE,E01023688,MALE,1
GP_PRAC_PAT_LIST,01/07/2026,C83045,HAWTHORN MEDICAL PRACTICE,E01026013,MALE,1
GP_PRAC_PAT_LIST,01/07/2026,C83045,HAWTHORN MEDICAL PRACTICE,E01026023,MALE,3
GP_PRAC_PAT_LIST,01/07/2026,C83045,HAWTHORN MEDICAL PRACTICE,E01026024,MALE,2
GP_PRAC_PAT_LIST,01/07/2026,C83045,HAWTHORN MEDICAL PRACTICE,E01026043,MALE,1
GP_PRAC_PAT_LIST,01/07/2026,C83045,HAWTHORN MEDICAL PRACTICE,E01026046,MALE,571
GP_PRAC_PAT_LIST,01/07/2026,C83045,HAWTHORN MEDICAL PRACTICE,E01026047,MALE,474
GP_PRAC_PAT_LIST,01/07/2026,C83045,HAWTHORN MEDICAL PRACTICE,E01026048,MALE,1
GP_PRAC_PAT_LIST,01/07/2026,C83045,HAWTHORN MEDICAL PRACTICE,E01026049,MALE,4
GP_PRAC_PAT_LIST,01/07/2026,C83045,HAWTHORN MEDICAL PRACTICE,E01026055,MALE,103
GP_PRAC_PAT_LIST,01/07/2026,C83045,HAWTHORN MEDICAL PRACTICE,E01026056,MALE,475
GP_PRAC_PAT_LIST,01/07/2026,C83045,HAWTHORN MEDICAL PRACTICE,E01026059,MALE,1
GP_PRAC_PAT_LIST,01/07/2026,C83045,HAWTHORN MEDICAL PRACTICE,E01026067,MALE,2
GP_PRAC_PAT_LIST,01/07/2026,C83045,HAWTHORN MEDICAL PRACTICE,E01026068,MALE,4
GP_PRAC_PAT_LIST,01/07/2026,C83045,HAWTHORN MEDICAL PRACTICE,E01026069,MALE,25
GP_PRAC_PAT_LIST,01/07/2026,C83045,HAWTHORN MEDICAL PRACTICE,E01026072,MALE,1
GP_PRAC_PAT_LIST,01/07/2026,C83045,HAWTHORN MEDICAL PRACTICE,E01026073,MALE,1
GP_PRAC_PAT_LIST,01/07/2026,C83045,HAWTHORN MEDICAL PRACTICE,E01026078,MALE,1
GP_PRAC_PAT_LIST,01/07/2026,C83045,HAWTHORN MEDICAL PRACTICE,E01026079,MALE,1
GP_PRAC_PAT_LIST,01/07/2026,C83045,HAWTHORN MEDICAL PRACTICE,E01026081,MALE,1
GP_PRAC_PAT_LIST,01/07/2026,C83045,HAWTHORN MEDICAL PRACTICE,E01026083,MALE,363
GP_PRAC_PAT_LIST,01/07/2026,C83045,HAWTHORN MEDICAL PRACTICE,E01026084,MALE,340
GP_PRAC_PAT_LIST,01/07/2026,C83045,HAWTHORN MEDICAL PRACTICE,E01026087,MALE,2
GP_PRAC_PAT_LIST,01/07/2026,C83045,HAWTHORN MEDICAL PRACTICE,E01026092,MALE,462
GP_PRAC_PAT_LIST,01/07/2026,C83045,HAWTHORN MEDICAL PRACTICE,E01026093,MALE,581
GP_PRAC_PAT_LIST,01/07/2026,C83045,HAWTHORN MEDICAL PRACTICE,E01026094,MALE,673
GP_PRAC_PAT_LIST,01/07/2026,C83045,HAWTHORN MEDICAL PRACTICE,E01026095,MALE,390
GP_PRAC_PAT_LIST,01/07/2026,C83045,HAWTHORN MEDICAL PRACTICE,E01026096,MALE,433
GP_PRAC_PAT_LIST,01/07/2026,C83045,HAWTHORN MEDICAL PRACTICE,E01026097,MALE,406
GP_PRAC_PAT_LIST,01/07/2026,C83045,HAWTHORN MEDICAL PRACTICE,E01026098,MALE,1
GP_PRAC_PAT_LIST,01/07/2026,C83045,HAWTHORN MEDICAL PRACTICE,E01026100,MALE,2
GP_PRAC_PAT_LIST,01/07/2026,C83045,HAWTHORN MEDICAL PRACTICE,E01026101,MALE,1
GP_PRAC_PAT_LIST,01/07/2026,C83045,HAWTHORN MEDICAL PRACTICE,E01026106,MALE,1
GP_PRAC_PAT_LIST,01/07/2026,C83045,HAWTHORN MEDICAL PRACTICE,E01026110,MALE,577
GP_PRAC_PAT_LIST,01/07/2026,C83045,HAWTHORN MEDICAL PRACTICE,E01026111,MALE,266
GP_PRAC_PAT_LIST,01/07/2026,C83045,HAWTHORN MEDICAL PRACTICE,E01026112,MALE,465
GP_PRAC_PAT_LIST,01/07/2026,C83045,HAWTHORN MEDICAL PRACTICE,E01026113,MALE,162
GP_PRAC_PAT_LIST,01/07/2026,C83045,HAWTHORN MEDICAL PRACTICE,E01026114,MALE,433
GP_PRAC_PAT_LIST,01/07/2026,C83045,HAWTHORN MEDICAL PRACTICE,E01026115,MALE,292
GP_PRAC_PAT_LIST,01/07/2026,C83045,HAWTHORN MEDICAL PRACTICE,E01026116,MALE,355
GP_PRAC_PAT_LIST,01/07/2026,C83045,HAWTHORN MEDICAL PRACTICE,E01026117,MALE,1
GP_PRAC_PAT_LIST,01/07/2026,C83045,HAWTHORN MEDICAL PRACTICE,E01026146,MALE,1
GP_PRAC_PAT_LIST,01/07/2026,C83045,HAWTHORN MEDICAL PRACTICE,E01026275,MALE,1
GP_PRAC_PAT_LIST,01/07/2026,C83045,HAWTHORN MEDICAL PRACTICE,E01026716,MALE,1
GP_PRAC_PAT_LIST,01/07/2026,C83045,HAWTHORN MEDICAL PRACTICE,E01027956,MALE,1
GP_PRAC_PAT_LIST,01/07/2026,C83045,HAWTHORN MEDICAL PRACTICE,E01028689,MALE,1
GP_PRAC_PAT_LIST,01/07/2026,C83045,HAWTHORN MEDICAL PRACTICE,E01029756,MALE,1
GP_PRAC_PAT_LIST,01/07/2026,C83045,HAWTHORN MEDICAL PRACTICE,E01030076,MALE,1
GP_PRAC_PAT_LIST,01/07/2026,C83045,HAWTHORN MEDICAL PRACTICE,E01031010,MALE,1
GP_PRAC_PAT_LIST,01/07/2026,C83045,HAWTHORN MEDICAL PRACTICE,E01031169,MALE,1
GP_PRAC_PAT_LIST,01/07/2026,C83045,HAWTHORN MEDICAL PRACTICE,E01032063,MALE,1
GP_PRAC_PAT_LIST,01/07/2026,C83045,HAWTHORN MEDICAL PRACTICE,E01034682,MALE,1
GP_PRAC_PAT_LIST,01/07/2026,C83045,HAWTHORN MEDICAL PRACTICE,E01034685,MALE,199
GP_PRAC_PAT_LIST,01/07/2026,C83045,HAWTHORN MEDICAL PRACTICE,E01034686,MALE,309
GP_PRAC_PAT_LIST,01/07/2026,C83045,HAWTHORN MEDICAL PRACTICE,E01035506,MALE,1
GP_PRAC_PAT_LIST,01/07/2026,C83045,HAWTHORN MEDICAL PRACTICE,EMPTY,MALE,7
GP_PRAC_PAT_LIST,01/07/2026,C83046,THE HEATH SURGERY,CLOSED,MALE,1
GP_PRAC_PAT_LIST,01/07/2026,C83046,THE HEATH SURGERY,E01000102,MALE,1
GP_PRAC_PAT_LIST,01/07/2026,C83046,THE HEATH SURGERY,E01001934,MALE,1
GP_PRAC_PAT_LIST,01/07/2026,C83046,THE HEATH SURGERY,E01005350,MALE,1
GP_PRAC_PAT_LIST,01/07/2026,C83046,THE HEATH SURGERY,E01013734,MALE,1
GP_PRAC_PAT_LIST,01/07/2026,C83046,THE HEATH SURGERY,E01024471,MALE,1
GP_PRAC_PAT_LIST,01/07/2026,C83046,THE HEATH SURGERY,E01026122,MALE,1
GP_PRAC_PAT_LIST,01/07/2026,C83046,THE HEATH SURGERY,E01026130,MALE,4
GP_PRAC_PAT_LIST,01/07/2026,C83046,THE HEATH SURGERY,E01026132,MALE,9
GP_PRAC_PAT_LIST,01/07/2026,C83046,THE HEATH SURGERY,E01026134,MALE,119
GP_PRAC_PAT_LIST,01/07/2026,C83046,THE HEATH SURGERY,E01026135,MALE,17
GP_PRAC_PAT_LIST,01/07/2026,C83046,THE HEATH SURGERY,E01026136,MALE,3
GP_PRAC_PAT_LIST,01/07/2026,C83046,THE HEATH SURGERY,E01026137,MALE,9
GP_PRAC_PAT_LIST,01/07/2026,C83046,THE HEATH SURGERY,E01026138,MALE,8
GP_PRAC_PAT_LIST,01/07/2026,C83046,THE HEATH SURGERY,E01026139,MALE,7
GP_PRAC_PAT_LIST,01/07/2026,C83046,THE HEATH SURGERY,E01026140,MALE,3
GP_PRAC_PAT_LIST,01/07/2026,C83046,THE HEATH SURGERY,E01026141,MALE,4
GP_PRAC_PAT_LIST,01/07/2026,C83046,THE HEATH SURGERY,E01026142,MALE,9
GP_PRAC_PAT_LIST,01/07/2026,C83046,THE HEATH SURGERY,E01026146,MALE,1
GP_PRAC_PAT_LIST,01/07/2026,C83046,THE HEATH SURGERY,E01026148,MALE,1
GP_PRAC_PAT_LIST,01/07/2026,C83046,THE HEATH SURGERY,E01026153,MALE,1
GP_PRAC_PAT_LIST,01/07/2026,C83046,THE HEATH SURGERY,E01026155,MALE,1
GP_PRAC_PAT_LIST,01/07/2026,C83046,THE HEATH SURGERY,E01026162,MALE,2
GP_PRAC_PAT_LIST,01/07/2026,C83046,THE HEATH SURGERY,E01026168,MALE,1
GP_PRAC_PAT_LIST,01/07/2026,C83046,THE HEATH SURGERY,E01026169,MALE,8
GP_PRAC_PAT_LIST,01/07/2026,C83046,THE HEATH SURGERY,E01026170,MALE,7
GP_PRAC_PAT_LIST,01/07/2026,C83046,THE HEATH SURGERY,E01026171,MALE,2
GP_PRAC_PAT_LIST,01/07/2026,C83046,THE HEATH SURGERY,E01026172,MALE,3
GP_PRAC_PAT_LIST,01/07/2026,C83046,THE HEATH SURGERY,E01026173,MALE,1
GP_PRAC_PAT_LIST,01/07/2026,C83046,THE HEATH SURGERY,E01026174,MALE,131
GP_PRAC_PAT_LIST,01/07/2026,C83046,THE HEATH SURGERY,E01026175,MALE,76
GP_PRAC_PAT_LIST,01/07/2026,C83046,THE HEATH SURGERY,E01026176,MALE,5
GP_PRAC_PAT_LIST,01/07/2026,C83046,THE HEATH SURGERY,E01026177,MALE,8
GP_PRAC_PAT_LIST,01/07/2026,C83046,THE HEATH SURGERY,E01026178,MALE,56
GP_PRAC_PAT_LIST,01/07/2026,C83046,THE HEATH SURGERY,E01026184,MALE,16
GP_PRAC_PAT_LIST,01/07/2026,C83046,THE HEATH SURGERY,E01026185,MALE,13
GP_PRAC_PAT_LIST,01/07/2026,C83046,THE HEATH SURGERY,E01026186,MALE,682
GP_PRAC_PAT_LIST,01/07/2026,C83046,THE HEATH SURGERY,E01026187,MALE,700
GP_PRAC_PAT_LIST,01/07/2026,C83046,THE HEATH SURGERY,E01026188,MALE,869
GP_PRAC_PAT_LIST,01/07/2026,C83046,THE HEATH SURGERY,E01026189,MALE,2
GP_PRAC_PAT_LIST,01/07/2026,C83046,THE HEATH SURGERY,E01026190,MALE,10
GP_PRAC_PAT_LIST,01/07/2026,C83046,THE HEATH SURGERY,E01026191,MALE,3
GP_PRAC_PAT_LIST,01/07/2026,C83046,THE HEATH SURGERY,E01026195,MALE,5
GP_PRAC_PAT_LIST,01/07/2026,C83046,THE HEATH SURGERY,E01026199,MALE,1
GP_PRAC_PAT_LIST,01/07/2026,C83046,THE HEATH SURGERY,E01026203,MALE,135
GP_PRAC_PAT_LIST,01/07/2026,C83046,THE HEATH SURGERY,E01026205,MALE,2
GP_PRAC_PAT_LIST,01/07/2026,C83046,THE HEATH SURGERY,E01026211,MALE,2
GP_PRAC_PAT_LIST,01/07/2026,C83046,THE HEATH SURGERY,E01026214,MALE,2
GP_PRAC_PAT_LIST,01/07/2026,C83046,THE HEATH SURGERY,E01026215,MALE,2
GP_PRAC_PAT_LIST,01/07/2026,C83046,THE HEATH SURGERY,E01026218,MALE,2
GP_PRAC_PAT_LIST,01/07/2026,C83046,THE HEATH SURGERY,E01026219,MALE,2
GP_PRAC_PAT_LIST,01/07/2026,C83046,THE HEATH SURGERY,E01026220,MALE,5
GP_PRAC_PAT_LIST,01/07/2026,C83046,THE HEATH SURGERY,E01026237,MALE,13
GP_PRAC_PAT_LIST,01/07/2026,C83046,THE HEATH SURGERY,E01026238,MALE,14
GP_PRAC_PAT_LIST,01/07/2026,C83046,THE HEATH SURGERY,E01026405,MALE,1
GP_PRAC_PAT_LIST,01/07/2026,C83046,THE HEATH SURGERY,E01028050,MALE,1
GP_PRAC_PAT_LIST,01/07/2026,C83046,THE HEATH SURGERY,E01028293,MALE,1
GP_PRAC_PAT_LIST,01/07/2026,C83046,THE HEATH SURGERY,E01032988,MALE,1
GP_PRAC_PAT_LIST,01/07/2026,C83046,THE HEATH SURGERY,E01032989,MALE,1
GP_PRAC_PAT_LIST,01/07/2026,C83046,THE HEATH SURGERY,E01032991,MALE,8
GP_PRAC_PAT_LIST,01/07/2026,C83046,THE HEATH SURGERY,E01032993,MALE,5
GP_PRAC_PAT_LIST,01/07/2026,C83046,THE HEATH SURGERY,E01034687,MALE,1
GP_PRAC_PAT_LIST,01/07/2026,C83046,THE HEATH SURGERY,E01034691,MALE,1
GP_PRAC_PAT_LIST,01/07/2026,C83046,THE HEATH SURGERY,E01034692,MALE,38
GP_PRAC_PAT_LIST,01/07/2026,C83046,THE HEATH SURGERY,EMPTY,MALE,1
GP_PRAC_PAT_LIST,01/07/2026,C83048,ST. JOHNS MEDICAL CENTRE,CLOSED,MALE,2
GP_PRAC_PAT_LIST,01/07/2026,C83048,ST. JOHNS MEDICAL CENTRE,E01003326,MALE,1
GP_PRAC_PAT_LIST,01/07/2026,C83048,ST. JOHNS MEDICAL CENTRE,E01003908,MALE,1
GP_PRAC_PAT_LIST,01/07/2026,C83048,ST. JOHNS MEDICAL CENTRE,E01007529,MALE,1
GP_PRAC_PAT_LIST,01/07/2026,C83048,ST. JOHNS MEDICAL CENTRE,E01007579,MALE,1
GP_PRAC_PAT_LIST,01/07/2026,C83048,ST. JOHNS MEDICAL CENTRE,E01012523,MALE,1
GP_PRAC_PAT_LIST,01/07/2026,C83048,ST. JOHNS MEDICAL CENTRE,E01013068,MALE,1
GP_PRAC_PAT_LIST,01/07/2026,C83048,ST. JOHNS MEDICAL CENTRE,E01013180,MALE,1
GP_PRAC_PAT_LIST,01/07/2026,C83048,ST. JOHNS MEDICAL CENTRE,E01013368,MALE,1
GP_PRAC_PAT_LIST,01/07/2026,C83048,ST. JOHNS MEDICAL CENTRE,E01013460,MALE,1
GP_PRAC_PAT_LIST,01/07/2026,C83048,ST. JOHNS MEDICAL CENTRE,E01013940,MALE,1
GP_PRAC_PAT_LIST,01/07/2026,C83048,ST. JOHNS MEDICAL CENTRE,E01013943,MALE,1
GP_PRAC_PAT_LIST,01/07/2026,C83048,ST. JOHNS MEDICAL CENTRE,E01014010,MALE,1
GP_PRAC_PAT_LIST,01/07/2026,C83048,ST. JOHNS MEDICAL CENTRE,E01017478,MALE,1
GP_PRAC_PAT_LIST,01/07/2026,C83048,ST. JOHNS MEDICAL CENTRE,E01025185,MALE,1
GP_PRAC_PAT_LIST,01/07/2026,C83048,ST. JOHNS MEDICAL CENTRE,E01025644,MALE,1
GP_PRAC_PAT_LIST,01/07/2026,C83048,ST. JOHNS MEDICAL CENTRE,E01025884,MALE,1
GP_PRAC_PAT_LIST,01/07/2026,C83048,ST. JOHNS MEDICAL CENTRE,E01025885,MALE,2
GP_PRAC_PAT_LIST,01/07/2026,C83048,ST. JOHNS MEDICAL CENTRE,E01025887,MALE,2
GP_PRAC_PAT_LIST,01/07/2026,C83048,ST. JOHNS MEDICAL CENTRE,E01025912,MALE,1
GP_PRAC_PAT_LIST,01/07/2026,C83048,ST. JOHNS MEDICAL CENTRE,E01026125,MALE,3
GP_PRAC_PAT_LIST,01/07/2026,C83048,ST. JOHNS MEDICAL CENTRE,E01026132,MALE,1
GP_PRAC_PAT_LIST,01/07/2026,C83048,ST. JOHNS MEDICAL CENTRE,E01026188,MALE,1
GP_PRAC_PAT_LIST,01/07/2026,C83048,ST. JOHNS MEDICAL CENTRE,E01026235,MALE,1
GP_PRAC_PAT_LIST,01/07/2026,C83048,ST. JOHNS MEDICAL CENTRE,E01026250,MALE,1
GP_PRAC_PAT_LIST,01/07/2026,C83048,ST. JOHNS MEDICAL CENTRE,E01026251,MALE,1
GP_PRAC_PAT_LIST,01/07/2026,C83048,ST. JOHNS MEDICAL CENTRE,E01026252,MALE,1
GP_PRAC_PAT_LIST,01/07/2026,C83048,ST. JOHNS MEDICAL CENTRE,E01026290,MALE,1
GP_PRAC_PAT_LIST,01/07/2026,C83048,ST. JOHNS MEDICAL CENTRE,E01026291,MALE,213
GP_PRAC_PAT_LIST,01/07/2026,C83048,ST. JOHNS MEDICAL CENTRE,E01026292,MALE,102
GP_PRAC_PAT_LIST,01/07/2026,C83048,ST. JOHNS MEDICAL CENTRE,E01026293,MALE,199
GP_PRAC_PAT_LIST,01/07/2026,C83048,ST. JOHNS MEDICAL CENTRE,E01026294,MALE,130
GP_PRAC_PAT_LIST,01/07/2026,C83048,ST. JOHNS MEDICAL CENTRE,E01026308,MALE,215
GP_PRAC_PAT_LIST,01/07/2026,C83048,ST. JOHNS MEDICAL CENTRE,E01026309,MALE,171
GP_PRAC_PAT_LIST,01/07/2026,C83048,ST. JOHNS MEDICAL CENTRE,E01026310,MALE,109
GP_PRAC_PAT_LIST,01/07/2026,C83048,ST. JOHNS MEDICAL CENTRE,E01026311,MALE,227
GP_PRAC_PAT_LIST,01/07/2026,C83048,ST. JOHNS MEDICAL CENTRE,E01026312,MALE,188
GP_PRAC_PAT_LIST,01/07/2026,C83048,ST. JOHNS MEDICAL CENTRE,E01026313,MALE,58
GP_PRAC_PAT_LIST,01/07/2026,C83048,ST. JOHNS MEDICAL CENTRE,E01026315,MALE,48
GP_PRAC_PAT_LIST,01/07/2026,C83048,ST. JOHNS MEDICAL CENTRE,E01026316,MALE,5
GP_PRAC_PAT_LIST,01/07/2026,C83048,ST. JOHNS MEDICAL CENTRE,E01026317,MALE,513
GP_PRAC_PAT_LIST,01/07/2026,C83048,ST. JOHNS MEDICAL CENTRE,E01026318,MALE,489
GP_PRAC_PAT_LIST,01/07/2026,C83048,ST. JOHNS MEDICAL CENTRE,E01026319,MALE,380
GP_PRAC_PAT_LIST,01/07/2026,C83048,ST. JOHNS MEDICAL CENTRE,E01026321,MALE,137
GP_PRAC_PAT_LIST,01/07/2026,C83048,ST. JOHNS MEDICAL CENTRE,E01026322,MALE,184
GP_PRAC_PAT_LIST,01/07/2026,C83048,ST. JOHNS MEDICAL CENTRE,E01026323,MALE,217
GP_PRAC_PAT_LIST,01/07/2026,C83048,ST. JOHNS MEDICAL CENTRE,E01026324,MALE,225
GP_PRAC_PAT_LIST,01/07/2026,C83048,ST. JOHNS MEDICAL CENTRE,E01026325,MALE,174
GP_PRAC_PAT_LIST,01/07/2026,C83048,ST. JOHNS MEDICAL CENTRE,E01026326,MALE,155
GP_PRAC_PAT_LIST,01/07/2026,C83048,ST. JOHNS MEDICAL CENTRE,E01026327,MALE,145
GP_PRAC_PAT_LIST,01/07/2026,C83048,ST. JOHNS MEDICAL CENTRE,E01026328,MALE,163
GP_PRAC_PAT_LIST,01/07/2026,C83048,ST. JOHNS MEDICAL CENTRE,E01026329,MALE,1
GP_PRAC_PAT_LIST,01/07/2026,C83048,ST. JOHNS MEDICAL CENTRE,E01026331,MALE,7
GP_PRAC_PAT_LIST,01/07/2026,C83048,ST. JOHNS MEDICAL CENTRE,E01026332,MALE,38
GP_PRAC_PAT_LIST,01/07/2026,C83048,ST. JOHNS MEDICAL CENTRE,E01026333,MALE,1
GP_PRAC_PAT_LIST,01/07/2026,C83048,ST. JOHNS MEDICAL CENTRE,E01026339,MALE,3
GP_PRAC_PAT_LIST,01/07/2026,C83048,ST. JOHNS MEDICAL CENTRE,E01026340,MALE,189
GP_PRAC_PAT_LIST,01/07/2026,C83048,ST. JOHNS MEDICAL CENTRE,E01026343,MALE,406
GP_PRAC_PAT_LIST,01/07/2026,C83048,ST. JOHNS MEDICAL CENTRE,E01026344,MALE,319
GP_PRAC_PAT_LIST,01/07/2026,C83048,ST. JOHNS MEDICAL CENTRE,E01026345,MALE,197
GP_PRAC_PAT_LIST,01/07/2026,C83048,ST. JOHNS MEDICAL CENTRE,E01026352,MALE,139
GP_PRAC_PAT_LIST,01/07/2026,C83048,ST. JOHNS MEDICAL CENTRE,E01026353,MALE,171
GP_PRAC_PAT_LIST,01/07/2026,C83048,ST. JOHNS MEDICAL CENTRE,E01026354,MALE,132
GP_PRAC_PAT_LIST,01/07/2026,C83048,ST. JOHNS MEDICAL CENTRE,E01026365,MALE,18
GP_PRAC_PAT_LIST,01/07/2026,C83048,ST. JOHNS MEDICAL CENTRE,E01028291,MALE,1
GP_PRAC_PAT_LIST,01/07/2026,C83048,ST. JOHNS MEDICAL CENTRE,E01028306,MALE,1
GP_PRAC_PAT_LIST,01/07/2026,C83048,ST. JOHNS MEDICAL CENTRE,E01028323,MALE,1
GP_PRAC_PAT_LIST,01/07/2026,C83048,ST. JOHNS MEDICAL CENTRE,E01028333,MALE,1
GP_PRAC_PAT_LIST,01/07/2026,C83048,ST. JOHNS MEDICAL CENTRE,E01028356,MALE,1
GP_PRAC_PAT_LIST,01/07/2026,C83048,ST. JOHNS MEDICAL CENTRE,E01030673,MALE,1
GP_PRAC_PAT_LIST,01/07/2026,C83048,ST. JOHNS MEDICAL CENTRE,E01032993,MALE,1
GP_PRAC_PAT_LIST,01/07/2026,C83048,ST. JOHNS MEDICAL CENTRE,E01033548,MALE,1
GP_PRAC_PAT_LIST,01/07/2026,C83048,ST. JOHNS MEDICAL CENTRE,E01033783,MALE,1
GP_PRAC_PAT_LIST,01/07/2026,C83048,ST. JOHNS MEDICAL CENTRE,E01034701,MALE,197
GP_PRAC_PAT_LIST,01/07/2026,C83048,ST. JOHNS MEDICAL CENTRE,E01034702,MALE,197
GP_PRAC_PAT_LIST,01/07/2026,C83048,ST. JOHNS MEDICAL CENTRE,E01034705,MALE,1
GP_PRAC_PAT_LIST,01/07/2026,C83048,ST. JOHNS MEDICAL CENTRE,EMPTY,MALE,14
GP_PRAC_PAT_LIST,01/07/2026,C83049,DR SINHA & PARTNERS,CLOSED,MALE,1
GP_PRAC_PAT_LIST,01/07/2026,C83049,DR SINHA & PARTNERS,E01001425,MALE,1
GP_PRAC_PAT_LIST,01/07/2026,C83049,DR SINHA & PARTNERS,E01001983,MALE,1
GP_PRAC_PAT_LIST,01/07/2026,C83049,DR SINHA & PARTNERS,E01007973,MALE,1
GP_PRAC_PAT_LIST,01/07/2026,C83049,DR SINHA & PARTNERS,E01013542,MALE,1
GP_PRAC_PAT_LIST,01/07/2026,C83049,DR SINHA & PARTNERS,E01014008,MALE,1
GP_PRAC_PAT_LIST,01/07/2026,C83049,DR SINHA & PARTNERS,E01014027,MALE,1
GP_PRAC_PAT_LIST,01/07/2026,C83049,DR SINHA & PARTNERS,E01015624,MALE,1
GP_PRAC_PAT_LIST,01/07/2026,C83049,DR SINHA & PARTNERS,E01015650,MALE,1
GP_PRAC_PAT_LIST,01/07/2026,C83049,DR SINHA & PARTNERS,E01018047,MALE,1
GP_PRAC_PAT_LIST,01/07/2026,C83049,DR SINHA & PARTNERS,E01024372,MALE,1
GP_PRAC_PAT_LIST,01/07/2026,C83049,DR SINHA & PARTNERS,E01024556,MALE,1
GP_PRAC_PAT_LIST,01/07/2026,C83049,DR SINHA & PARTNERS,E01026007,MALE,258
GP_PRAC_PAT_LIST,01/07/2026,C83049,DR SINHA & PARTNERS,E01026008,MALE,206
GP_PRAC_PAT_LIST,01/07/2026,C83049,DR SINHA & PARTNERS,E01026009,MALE,412
GP_PRAC_PAT_LIST,01/07/2026,C83049,DR SINHA & PARTNERS,E01026012,MALE,4
GP_PRAC_PAT_LIST,01/07/2026,C83049,DR SINHA & PARTNERS,E01026013,MALE,19
GP_PRAC_PAT_LIST,01/07/2026,C83049,DR SINHA & PARTNERS,E01026014,MALE,18
GP_PRAC_PAT_LIST,01/07/2026,C83049,DR SINHA & PARTNERS,E01026015,MALE,1
GP_PRAC_PAT_LIST,01/07/2026,C83049,DR SINHA & PARTNERS,E01026021,MALE,1
GP_PRAC_PAT_LIST,01/07/2026,C83049,DR SINHA & PARTNERS,E01026022,MALE,16
GP_PRAC_PAT_LIST,01/07/2026,C83049,DR SINHA & PARTNERS,E01026023,MALE,3605
GP_PRAC_PAT_LIST,01/07/2026,C83049,DR SINHA & PARTNERS,E01026024,MALE,1011
GP_PRAC_PAT_LIST,01/07/2026,C83049,DR SINHA & PARTNERS,E01026027,MALE,1
GP_PRAC_PAT_LIST,01/07/2026,C83049,DR SINHA & PARTNERS,E01026031,MALE,2
GP_PRAC_PAT_LIST,01/07/2026,C83049,DR SINHA & PARTNERS,E01026033,MALE,1
GP_PRAC_PAT_LIST,01/07/2026,C83049,DR SINHA & PARTNERS,E01026040,MALE,2
GP_PRAC_PAT_LIST,01/07/2026,C83049,DR SINHA & PARTNERS,E01026047,MALE,1
GP_PRAC_PAT_LIST,01/07/2026,C83049,DR SINHA & PARTNERS,E01026057,MALE,4
GP_PRAC_PAT_LIST,01/07/2026,C83049,DR SINHA & PARTNERS,E01026059,MALE,1
GP_PRAC_PAT_LIST,01/07/2026,C83049,DR SINHA & PARTNERS,E01026069,MALE,1
GP_PRAC_PAT_LIST,01/07/2026,C83049,DR SINHA & PARTNERS,E01026082,MALE,1
GP_PRAC_PAT_LIST,01/07/2026,C83049,DR SINHA & PARTNERS,E01026095,MALE,1
GP_PRAC_PAT_LIST,01/07/2026,C83049,DR SINHA & PARTNERS,E01026098,MALE,109
GP_PRAC_PAT_LIST,01/07/2026,C83049,DR SINHA & PARTNERS,E01026102,MALE,31
GP_PRAC_PAT_LIST,01/07/2026,C83049,DR SINHA & PARTNERS,E01026110,MALE,1
GP_PRAC_PAT_LIST,01/07/2026,C83049,DR SINHA & PARTNERS,E01026111,MALE,463
GP_PRAC_PAT_LIST,01/07/2026,C83049,DR SINHA & PARTNERS,E01028738,MALE,1
GP_PRAC_PAT_LIST,01/07/2026,C83049,DR SINHA & PARTNERS,E01034682,MALE,1
GP_PRAC_PAT_LIST,01/07/2026,C83049,DR SINHA & PARTNERS,E01034683,MALE,2
GP_PRAC_PAT_LIST,01/07/2026,C83049,DR SINHA & PARTNERS,E01035008,MALE,1
GP_PRAC_PAT_LIST,01/07/2026,C83049,DR SINHA & PARTNERS,E01035326,MALE,2
GP_PRAC_PAT_LIST,01/07/2026,C83051,ABBEY MEDICAL PRACTICE,CLOSED,MALE,2
GP_PRAC_PAT_LIST,01/07/2026,C83051,ABBEY MEDICAL PRACTICE,E01008105,MALE,1
GP_PRAC_PAT_LIST,01/07/2026,C83051,ABBEY MEDICAL PRACTICE,E01013967,MALE,1
GP_PRAC_PAT_LIST,01/07/2026,C83051,ABBEY MEDICAL PRACTICE,E01017965,MALE,1
GP_PRAC_PAT_LIST,01/07/2026,C83051,ABBEY MEDICAL PRACTICE,E01026122,MALE,596
GP_PRAC_PAT_LIST,01/07/2026,C83051,ABBEY MEDICAL PRACTICE,E01026123,MALE,515
GP_PRAC_PAT_LIST,01/07/2026,C83051,ABBEY MEDICAL PRACTICE,E01026124,MALE,842
GP_PRAC_PAT_LIST,01/07/2026,C83051,ABBEY MEDICAL PRACTICE,E01026125,MALE,305
GP_PRAC_PAT_LIST,01/07/2026,C83051,ABBEY MEDICAL PRACTICE,E01026126,MALE,833
GP_PRAC_PAT_LIST,01/07/2026,C83051,ABBEY MEDICAL PRACTICE,E01026132,MALE,39
GP_PRAC_PAT_LIST,01/07/2026,C83051,ABBEY MEDICAL PRACTICE,E01026134,MALE,52
GP_PRAC_PAT_LIST,01/07/2026,C83051,ABBEY MEDICAL PRACTICE,E01026144,MALE,31
GP_PRAC_PAT_LIST,01/07/2026,C83051,ABBEY MEDICAL PRACTICE,E01026145,MALE,26
GP_PRAC_PAT_LIST,01/07/2026,C83051,ABBEY MEDICAL PRACTICE,E01026146,MALE,40
GP_PRAC_PAT_LIST,01/07/2026,C83051,ABBEY MEDICAL PRACTICE,E01026147,MALE,39
GP_PRAC_PAT_LIST,01/07/2026,C83051,ABBEY MEDICAL PRACTICE,E01026148,MALE,48
GP_PRAC_PAT_LIST,01/07/2026,C83051,ABBEY MEDICAL PRACTICE,E01026149,MALE,51
GP_PRAC_PAT_LIST,01/07/2026,C83051,ABBEY MEDICAL PRACTICE,E01026150,MALE,54
GP_PRAC_PAT_LIST,01/07/2026,C83051,ABBEY MEDICAL PRACTICE,E01026151,MALE,46
GP_PRAC_PAT_LIST,01/07/2026,C83051,ABBEY MEDICAL PRACTICE,E01026152,MALE,57
GP_PRAC_PAT_LIST,01/07/2026,C83051,ABBEY MEDICAL PRACTICE,E01026153,MALE,69
GP_PRAC_PAT_LIST,01/07/2026,C83051,ABBEY MEDICAL PRACTICE,E01026154,MALE,68
GP_PRAC_PAT_LIST,01/07/2026,C83051,ABBEY MEDICAL PRACTICE,E01026155,MALE,41
GP_PRAC_PAT_LIST,01/07/2026,C83051,ABBEY MEDICAL PRACTICE,E01026156,MALE,44
GP_PRAC_PAT_LIST,01/07/2026,C83051,ABBEY MEDICAL PRACTICE,E01026157,MALE,35
GP_PRAC_PAT_LIST,01/07/2026,C83051,ABBEY MEDICAL PRACTICE,E01026162,MALE,1
GP_PRAC_PAT_LIST,01/07/2026,C83051,ABBEY MEDICAL PRACTICE,E01026164,MALE,20
GP_PRAC_PAT_LIST,01/07/2026,C83051,ABBEY MEDICAL PRACTICE,E01026165,MALE,41
GP_PRAC_PAT_LIST,01/07/2026,C83051,ABBEY MEDICAL PRACTICE,E01026166,MALE,61
GP_PRAC_PAT_LIST,01/07/2026,C83051,ABBEY MEDICAL PRACTICE,E01026167,MALE,66
GP_PRAC_PAT_LIST,01/07/2026,C83051,ABBEY MEDICAL PRACTICE,E01026168,MALE,61
GP_PRAC_PAT_LIST,01/07/2026,C83051,ABBEY MEDICAL PRACTICE,E01026169,MALE,1
GP_PRAC_PAT_LIST,01/07/2026,C83051,ABBEY MEDICAL PRACTICE,E01026173,MALE,1
GP_PRAC_PAT_LIST,01/07/2026,C83051,ABBEY MEDICAL PRACTICE,E01026174,MALE,18
GP_PRAC_PAT_LIST,01/07/2026,C83051,ABBEY MEDICAL PRACTICE,E01026176,MALE,136
GP_PRAC_PAT_LIST,01/07/2026,C83051,ABBEY MEDICAL PRACTICE,E01026177,MALE,86
GP_PRAC_PAT_LIST,01/07/2026,C83051,ABBEY MEDICAL PRACTICE,E01026178,MALE,79
GP_PRAC_PAT_LIST,01/07/2026,C83051,ABBEY MEDICAL PRACTICE,E01026188,MALE,1
GP_PRAC_PAT_LIST,01/07/2026,C83051,ABBEY MEDICAL PRACTICE,E01026369,MALE,2
GP_PRAC_PAT_LIST,01/07/2026,C83051,ABBEY MEDICAL PRACTICE,E01026382,MALE,1
GP_PRAC_PAT_LIST,01/07/2026,C83051,ABBEY MEDICAL PRACTICE,E01026394,MALE,54
GP_PRAC_PAT_LIST,01/07/2026,C83051,ABBEY MEDICAL PRACTICE,E01026613,MALE,1
GP_PRAC_PAT_LIST,01/07/2026,C83051,ABBEY MEDICAL PRACTICE,E01027100,MALE,1
GP_PRAC_PAT_LIST,01/07/2026,C83051,ABBEY MEDICAL PRACTICE,E01027746,MALE,1
GP_PRAC_PAT_LIST,01/07/2026,C83051,ABBEY MEDICAL PRACTICE,E01029232,MALE,1
GP_PRAC_PAT_LIST,01/07/2026,C83051,ABBEY MEDICAL PRACTICE,E01032988,MALE,1
GP_PRAC_PAT_LIST,01/07/2026,C83051,ABBEY MEDICAL PRACTICE,E01032992,MALE,1
GP_PRAC_PAT_LIST,01/07/2026,C83051,ABBEY MEDICAL PRACTICE,E01034687,MALE,28
GP_PRAC_PAT_LIST,01/07/2026,C83051,ABBEY MEDICAL PRACTICE,E01034688,MALE,29
GP_PRAC_PAT_LIST,01/07/2026,C83051,ABBEY MEDICAL PRACTICE,E01034691,MALE,4
GP_PRAC_PAT_LIST,01/07/2026,C83051,ABBEY MEDICAL PRACTICE,E01034692,MALE,37
GP_PRAC_PAT_LIST,01/07/2026,C83051,ABBEY MEDICAL PRACTICE,EMPTY,MALE,12
GP_PRAC_PAT_LIST,01/07/2026,C83052,THE INGHAM SURGERY,E01007610,MALE,1
GP_PRAC_PAT_LIST,01/07/2026,C83052,THE INGHAM SURGERY,E01013274,MALE,2
GP_PRAC_PAT_LIST,01/07/2026,C83052,THE INGHAM SURGERY,E01013318,MALE,2
GP_PRAC_PAT_LIST,01/07/2026,C83052,THE INGHAM SURGERY,E01013322,MALE,4
GP_PRAC_PAT_LIST,01/07/2026,C83052,THE INGHAM SURGERY,E01013323,MALE,1
GP_PRAC_PAT_LIST,01/07/2026,C83052,THE INGHAM SURGERY,E01013325,MALE,1
GP_PRAC_PAT_LIST,01/07/2026,C83052,THE INGHAM SURGERY,E01013329,MALE,2
GP_PRAC_PAT_LIST,01/07/2026,C83052,THE INGHAM SURGERY,E01026054,MALE,1
GP_PRAC_PAT_LIST,01/07/2026,C83052,THE INGHAM SURGERY,E01026070,MALE,1
GP_PRAC_PAT_LIST,01/07/2026,C83052,THE INGHAM SURGERY,E01026121,MALE,1
GP_PRAC_PAT_LIST,01/07/2026,C83052,THE INGHAM SURGERY,E01026129,MALE,1
GP_PRAC_PAT_LIST,01/07/2026,C83052,THE INGHAM SURGERY,E01026130,MALE,2
GP_PRAC_PAT_LIST,01/07/2026,C83052,THE INGHAM SURGERY,E01026136,MALE,1
GP_PRAC_PAT_LIST,01/07/2026,C83052,THE INGHAM SURGERY,E01026137,MALE,1
GP_PRAC_PAT_LIST,01/07/2026,C83052,THE INGHAM SURGERY,E01026140,MALE,1
GP_PRAC_PAT_LIST,01/07/2026,C83052,THE INGHAM SURGERY,E01026147,MALE,3
GP_PRAC_PAT_LIST,01/07/2026,C83052,THE INGHAM SURGERY,E01026148,MALE,5
GP_PRAC_PAT_LIST,01/07/2026,C83052,THE INGHAM SURGERY,E01026149,MALE,2
GP_PRAC_PAT_LIST,01/07/2026,C83052,THE INGHAM SURGERY,E01026150,MALE,1
GP_PRAC_PAT_LIST,01/07/2026,C83052,THE INGHAM SURGERY,E01026151,MALE,4
GP_PRAC_PAT_LIST,01/07/2026,C83052,THE INGHAM SURGERY,E01026152,MALE,4
GP_PRAC_PAT_LIST,01/07/2026,C83052,THE INGHAM SURGERY,E01026153,MALE,1
GP_PRAC_PAT_LIST,01/07/2026,C83052,THE INGHAM SURGERY,E01026164,MALE,3
GP_PRAC_PAT_LIST,01/07/2026,C83052,THE INGHAM SURGERY,E01026167,MALE,2
GP_PRAC_PAT_LIST,01/07/2026,C83052,THE INGHAM SURGERY,E01026172,MALE,1
GP_PRAC_PAT_LIST,01/07/2026,C83052,THE INGHAM SURGERY,E01026178,MALE,1
GP_PRAC_PAT_LIST,01/07/2026,C83052,THE INGHAM SURGERY,E01026199,MALE,2
GP_PRAC_PAT_LIST,01/07/2026,C83052,THE INGHAM SURGERY,E01026220,MALE,1
GP_PRAC_PAT_LIST,01/07/2026,C83052,THE INGHAM SURGERY,E01026225,MALE,2
GP_PRAC_PAT_LIST,01/07/2026,C83052,THE INGHAM SURGERY,E01026366,MALE,2
GP_PRAC_PAT_LIST,01/07/2026,C83052,THE INGHAM SURGERY,E01026369,MALE,1
GP_PRAC_PAT_LIST,01/07/2026,C83052,THE INGHAM SURGERY,E01026370,MALE,1
GP_PRAC_PAT_LIST,01/07/2026,C83052,THE INGHAM SURGERY,E01026371,MALE,1
GP_PRAC_PAT_LIST,01/07/2026,C83052,THE INGHAM SURGERY,E01026372,MALE,28
GP_PRAC_PAT_LIST,01/07/2026,C83052,THE INGHAM SURGERY,E01026373,MALE,2
GP_PRAC_PAT_LIST,01/07/2026,C83052,THE INGHAM SURGERY,E01026374,MALE,8
GP_PRAC_PAT_LIST,01/07/2026,C83052,THE INGHAM SURGERY,E01026375,MALE,9
GP_PRAC_PAT_LIST,01/07/2026,C83052,THE INGHAM SURGERY,E01026376,MALE,6
GP_PRAC_PAT_LIST,01/07/2026,C83052,THE INGHAM SURGERY,E01026377,MALE,8
GP_PRAC_PAT_LIST,01/07/2026,C83052,THE INGHAM SURGERY,E01026378,MALE,5
GP_PRAC_PAT_LIST,01/07/2026,C83052,THE INGHAM SURGERY,E01026379,MALE,4
GP_PRAC_PAT_LIST,01/07/2026,C83052,THE INGHAM SURGERY,E01026380,MALE,6
GP_PRAC_PAT_LIST,01/07/2026,C83052,THE INGHAM SURGERY,E01026381,MALE,7
GP_PRAC_PAT_LIST,01/07/2026,C83052,THE INGHAM SURGERY,E01026382,MALE,13
GP_PRAC_PAT_LIST,01/07/2026,C83052,THE INGHAM SURGERY,E01026383,MALE,1
GP_PRAC_PAT_LIST,01/07/2026,C83052,THE INGHAM SURGERY,E01026384,MALE,3
GP_PRAC_PAT_LIST,01/07/2026,C83052,THE INGHAM SURGERY,E01026385,MALE,89
GP_PRAC_PAT_LIST,01/07/2026,C83052,THE INGHAM SURGERY,E01026386,MALE,274
GP_PRAC_PAT_LIST,01/07/2026,C83052,THE INGHAM SURGERY,E01026387,MALE,3
GP_PRAC_PAT_LIST,01/07/2026,C83052,THE INGHAM SURGERY,E01026388,MALE,20
GP_PRAC_PAT_LIST,01/07/2026,C83052,THE INGHAM SURGERY,E01026389,MALE,3
GP_PRAC_PAT_LIST,01/07/2026,C83052,THE INGHAM SURGERY,E01026390,MALE,1
GP_PRAC_PAT_LIST,01/07/2026,C83052,THE INGHAM SURGERY,E01026391,MALE,6
GP_PRAC_PAT_LIST,01/07/2026,C83052,THE INGHAM SURGERY,E01026392,MALE,16
GP_PRAC_PAT_LIST,01/07/2026,C83052,THE INGHAM SURGERY,E01026393,MALE,1
GP_PRAC_PAT_LIST,01/07/2026,C83052,THE INGHAM SURGERY,E01026394,MALE,8
GP_PRAC_PAT_LIST,01/07/2026,C83052,THE INGHAM SURGERY,E01026395,MALE,2
GP_PRAC_PAT_LIST,01/07/2026,C83052,THE INGHAM SURGERY,E01026396,MALE,6
GP_PRAC_PAT_LIST,01/07/2026,C83052,THE INGHAM SURGERY,E01026398,MALE,10
GP_PRAC_PAT_LIST,01/07/2026,C83052,THE INGHAM SURGERY,E01026399,MALE,612
GP_PRAC_PAT_LIST,01/07/2026,C83052,THE INGHAM SURGERY,E01026400,MALE,288
GP_PRAC_PAT_LIST,01/07/2026,C83052,THE INGHAM SURGERY,E01026401,MALE,1
GP_PRAC_PAT_LIST,01/07/2026,C83052,THE INGHAM SURGERY,E01026403,MALE,1
GP_PRAC_PAT_LIST,01/07/2026,C83052,THE INGHAM SURGERY,E01026404,MALE,84
GP_PRAC_PAT_LIST,01/07/2026,C83052,THE INGHAM SURGERY,E01026405,MALE,11
GP_PRAC_PAT_LIST,01/07/2026,C83052,THE INGHAM SURGERY,E01026406,MALE,4
GP_PRAC_PAT_LIST,01/07/2026,C83052,THE INGHAM SURGERY,E01026407,MALE,4
GP_PRAC_PAT_LIST,01/07/2026,C83052,THE INGHAM SURGERY,E01026408,MALE,1
GP_PRAC_PAT_LIST,01/07/2026,C83052,THE INGHAM SURGERY,E01026409,MALE,1
GP_PRAC_PAT_LIST,01/07/2026,C83052,THE INGHAM SURGERY,E01026411,MALE,282
GP_PRAC_PAT_LIST,01/07/2026,C83052,THE INGHAM SURGERY,E01026412,MALE,30
GP_PRAC_PAT_LIST,01/07/2026,C83052,THE INGHAM SURGERY,E01026413,MALE,18
GP_PRAC_PAT_LIST,01/07/2026,C83052,THE INGHAM SURGERY,E01026414,MALE,75
GP_PRAC_PAT_LIST,01/07/2026,C83052,THE INGHAM SURGERY,E01026415,MALE,1
GP_PRAC_PAT_LIST,01/07/2026,C83052,THE INGHAM SURGERY,E01028292,MALE,1
GP_PRAC_PAT_LIST,01/07/2026,C83052,THE INGHAM SURGERY,E01028315,MALE,1
GP_PRAC_PAT_LIST,01/07/2026,C83052,THE INGHAM SURGERY,E01032988,MALE,2
GP_PRAC_PAT_LIST,01/07/2026,C83052,THE INGHAM SURGERY,E01034687,MALE,1
GP_PRAC_PAT_LIST,01/07/2026,C83052,THE INGHAM SURGERY,E01034690,MALE,1
GP_PRAC_PAT_LIST,01/07/2026,C83052,THE INGHAM SURGERY,E01034706,MALE,4
GP_PRAC_PAT_LIST,01/07/2026,C83052,THE INGHAM SURGERY,E01034707,MALE,46
GP_PRAC_PAT_LIST,01/07/2026,C83052,THE INGHAM SURGERY,E01035400,MALE,1
GP_PRAC_PAT_LIST,01/07/2026,C83052,THE INGHAM SURGERY,EMPTY,MALE,1
GP_PRAC_PAT_LIST,01/07/2026,C83053,COLSTERWORTH SURGERY,E01007529,MALE,1
GP_PRAC_PAT_LIST,01/07/2026,C83053,COLSTERWORTH SURGERY,E01013790,MALE,15
GP_PRAC_PAT_LIST,01/07/2026,C83053,COLSTERWORTH SURGERY,E01015640,MALE,1
GP_PRAC_PAT_LIST,01/07/2026,C83053,COLSTERWORTH SURGERY,E01025885,MALE,1
GP_PRAC_PAT_LIST,01/07/2026,C83053,COLSTERWORTH SURGERY,E01025887,MALE,3
GP_PRAC_PAT_LIST,01/07/2026,C83053,COLSTERWORTH SURGERY,E01025912,MALE,66
GP_PRAC_PAT_LIST,01/07/2026,C83053,COLSTERWORTH SURGERY,E01026315,MALE,79
GP_PRAC_PAT_LIST,01/07/2026,C83053,COLSTERWORTH SURGERY,E01026316,MALE,16
GP_PRAC_PAT_LIST,01/07/2026,C83053,COLSTERWORTH SURGERY,E01026317,MALE,2
GP_PRAC_PAT_LIST,01/07/2026,C83053,COLSTERWORTH SURGERY,E01026318,MALE,1
GP_PRAC_PAT_LIST,01/07/2026,C83053,COLSTERWORTH SURGERY,E01026330,MALE,2
GP_PRAC_PAT_LIST,01/07/2026,C83053,COLSTERWORTH SURGERY,E01026331,MALE,694
GP_PRAC_PAT_LIST,01/07/2026,C83053,COLSTERWORTH SURGERY,E01026332,MALE,6
GP_PRAC_PAT_LIST,01/07/2026,C83053,COLSTERWORTH SURGERY,E01026338,MALE,117
GP_PRAC_PAT_LIST,01/07/2026,C83053,COLSTERWORTH SURGERY,E01026339,MALE,241
GP_PRAC_PAT_LIST,01/07/2026,C83053,COLSTERWORTH SURGERY,E01026363,MALE,1
GP_PRAC_PAT_LIST,01/07/2026,C83053,COLSTERWORTH SURGERY,E01028336,MALE,1
GP_PRAC_PAT_LIST,01/07/2026,C83053,COLSTERWORTH SURGERY,S01014097,MALE,1
GP_PRAC_PAT_LIST,01/07/2026,C83053,COLSTERWORTH SURGERY,W01001964,MALE,1
GP_PRAC_PAT_LIST,01/07/2026,C83054,BOURNE GALLETLY PRACTICE TEAM,E01013804,MALE,8
GP_PRAC_PAT_LIST,01/07/2026,C83054,BOURNE GALLETLY PRACTICE TEAM,E01015589,MALE,1
GP_PRAC_PAT_LIST,01/07/2026,C83054,BOURNE GALLETLY PRACTICE TEAM,E01015590,MALE,2
GP_PRAC_PAT_LIST,01/07/2026,C83054,BOURNE GALLETLY PRACTICE TEAM,E01015594,MALE,1
GP_PRAC_PAT_LIST,01/07/2026,C83054,BOURNE GALLETLY PRACTICE TEAM,E01015632,MALE,1
GP_PRAC_PAT_LIST,01/07/2026,C83054,BOURNE GALLETLY PRACTICE TEAM,E01015635,MALE,1
GP_PRAC_PAT_LIST,01/07/2026,C83054,BOURNE GALLETLY PRACTICE TEAM,E01015645,MALE,1
GP_PRAC_PAT_LIST,01/07/2026,C83054,BOURNE GALLETLY PRACTICE TEAM,E01015646,MALE,1
GP_PRAC_PAT_LIST,01/07/2026,C83054,BOURNE GALLETLY PRACTICE TEAM,E01015666,MALE,1
GP_PRAC_PAT_LIST,01/07/2026,C83054,BOURNE GALLETLY PRACTICE TEAM,E01015691,MALE,1
GP_PRAC_PAT_LIST,01/07/2026,C83054,BOURNE GALLETLY PRACTICE TEAM,E01019869,MALE,1
GP_PRAC_PAT_LIST,01/07/2026,C83054,BOURNE GALLETLY PRACTICE TEAM,E01022174,MALE,1
GP_PRAC_PAT_LIST,01/07/2026,C83054,BOURNE GALLETLY PRACTICE TEAM,E01026055,MALE,1
GP_PRAC_PAT_LIST,01/07/2026,C83054,BOURNE GALLETLY PRACTICE TEAM,E01026241,MALE,58
GP_PRAC_PAT_LIST,01/07/2026,C83054,BOURNE GALLETLY PRACTICE TEAM,E01026259,MALE,3
GP_PRAC_PAT_LIST,01/07/2026,C83054,BOURNE GALLETLY PRACTICE TEAM,E01026290,MALE,343
GP_PRAC_PAT_LIST,01/07/2026,C83054,BOURNE GALLETLY PRACTICE TEAM,E01026296,MALE,456
GP_PRAC_PAT_LIST,01/07/2026,C83054,BOURNE GALLETLY PRACTICE TEAM,E01026297,MALE,412
GP_PRAC_PAT_LIST,01/07/2026,C83054,BOURNE GALLETLY PRACTICE TEAM,E01026298,MALE,608
GP_PRAC_PAT_LIST,01/07/2026,C83054,BOURNE GALLETLY PRACTICE TEAM,E01026299,MALE,317
GP_PRAC_PAT_LIST,01/07/2026,C83054,BOURNE GALLETLY PRACTICE TEAM,E01026300,MALE,430
GP_PRAC_PAT_LIST,01/07/2026,C83054,BOURNE GALLETLY PRACTICE TEAM,E01026302,MALE,406
GP_PRAC_PAT_LIST,01/07/2026,C83054,BOURNE GALLETLY PRACTICE TEAM,E01026304,MALE,1
GP_PRAC_PAT_LIST,01/07/2026,C83054,BOURNE GALLETLY PRACTICE TEAM,E01026316,MALE,60
GP_PRAC_PAT_LIST,01/07/2026,C83054,BOURNE GALLETLY PRACTICE TEAM,E01026330,MALE,258
GP_PRAC_PAT_LIST,01/07/2026,C83054,BOURNE GALLETLY PRACTICE TEAM,E01026331,MALE,1
GP_PRAC_PAT_LIST,01/07/2026,C83054,BOURNE GALLETLY PRACTICE TEAM,E01026336,MALE,3
GP_PRAC_PAT_LIST,01/07/2026,C83054,BOURNE GALLETLY PRACTICE TEAM,E01026340,MALE,1
GP_PRAC_PAT_LIST,01/07/2026,C83054,BOURNE GALLETLY PRACTICE TEAM,E01026341,MALE,476
GP_PRAC_PAT_LIST,01/07/2026,C83054,BOURNE GALLETLY PRACTICE TEAM,E01026342,MALE,423
GP_PRAC_PAT_LIST,01/07/2026,C83054,BOURNE GALLETLY PRACTICE TEAM,E01026350,MALE,5
GP_PRAC_PAT_LIST,01/07/2026,C83054,BOURNE GALLETLY PRACTICE TEAM,E01026359,MALE,1
GP_PRAC_PAT_LIST,01/07/2026,C83054,BOURNE GALLETLY PRACTICE TEAM,E01026360,MALE,594
GP_PRAC_PAT_LIST,01/07/2026,C83054,BOURNE GALLETLY PRACTICE TEAM,E01026362,MALE,172
GP_PRAC_PAT_LIST,01/07/2026,C83054,BOURNE GALLETLY PRACTICE TEAM,E01026363,MALE,5
GP_PRAC_PAT_LIST,01/07/2026,C83054,BOURNE GALLETLY PRACTICE TEAM,E01026364,MALE,258
GP_PRAC_PAT_LIST,01/07/2026,C83054,BOURNE GALLETLY PRACTICE TEAM,E01027033,MALE,1
GP_PRAC_PAT_LIST,01/07/2026,C83054,BOURNE GALLETLY PRACTICE TEAM,E01032997,MALE,327
GP_PRAC_PAT_LIST,01/07/2026,C83054,BOURNE GALLETLY PRACTICE TEAM,E01032998,MALE,504
GP_PRAC_PAT_LIST,01/07/2026,C83054,BOURNE GALLETLY PRACTICE TEAM,E01032999,MALE,303
GP_PRAC_PAT_LIST,01/07/2026,C83054,BOURNE GALLETLY PRACTICE TEAM,E01033058,MALE,1
GP_PRAC_PAT_LIST,01/07/2026,C83054,BOURNE GALLETLY PRACTICE TEAM,E01034703,MALE,478
GP_PRAC_PAT_LIST,01/07/2026,C83054,BOURNE GALLETLY PRACTICE TEAM,E01034704,MALE,607
GP_PRAC_PAT_LIST,01/07/2026,C83054,BOURNE GALLETLY PRACTICE TEAM,E01034705,MALE,417
GP_PRAC_PAT_LIST,01/07/2026,C83054,BOURNE GALLETLY PRACTICE TEAM,EMPTY,MALE,3
GP_PRAC_PAT_LIST,01/07/2026,C83055,STICKNEY SURGERY,CLOSED,MALE,4
GP_PRAC_PAT_LIST,01/07/2026,C83055,STICKNEY SURGERY,E01017606,MALE,1
GP_PRAC_PAT_LIST,01/07/2026,C83055,STICKNEY SURGERY,E01026007,MALE,2
GP_PRAC_PAT_LIST,01/07/2026,C83055,STICKNEY SURGERY,E01026008,MALE,6
GP_PRAC_PAT_LIST,01/07/2026,C83055,STICKNEY SURGERY,E01026013,MALE,7
GP_PRAC_PAT_LIST,01/07/2026,C83055,STICKNEY SURGERY,E01026022,MALE,13
GP_PRAC_PAT_LIST,01/07/2026,C83055,STICKNEY SURGERY,E01026023,MALE,26
GP_PRAC_PAT_LIST,01/07/2026,C83055,STICKNEY SURGERY,E01026024,MALE,59
GP_PRAC_PAT_LIST,01/07/2026,C83055,STICKNEY SURGERY,E01026035,MALE,1
GP_PRAC_PAT_LIST,01/07/2026,C83055,STICKNEY SURGERY,E01026051,MALE,2
GP_PRAC_PAT_LIST,01/07/2026,C83055,STICKNEY SURGERY,E01026057,MALE,445
GP_PRAC_PAT_LIST,01/07/2026,C83055,STICKNEY SURGERY,E01026059,MALE,85
GP_PRAC_PAT_LIST,01/07/2026,C83055,STICKNEY SURGERY,E01026060,MALE,331
GP_PRAC_PAT_LIST,01/07/2026,C83055,STICKNEY SURGERY,E01026068,MALE,2
GP_PRAC_PAT_LIST,01/07/2026,C83055,STICKNEY SURGERY,E01026075,MALE,314
GP_PRAC_PAT_LIST,01/07/2026,C83055,STICKNEY SURGERY,E01026093,MALE,1
GP_PRAC_PAT_LIST,01/07/2026,C83055,STICKNEY SURGERY,E01026098,MALE,648
GP_PRAC_PAT_LIST,01/07/2026,C83055,STICKNEY SURGERY,E01026102,MALE,1179
GP_PRAC_PAT_LIST,01/07/2026,C83055,STICKNEY SURGERY,E01026110,MALE,1
GP_PRAC_PAT_LIST,01/07/2026,C83055,STICKNEY SURGERY,E01026111,MALE,9
GP_PRAC_PAT_LIST,01/07/2026,C83055,STICKNEY SURGERY,E01027822,MALE,1
GP_PRAC_PAT_LIST,01/07/2026,C83055,STICKNEY SURGERY,E01028288,MALE,1
GP_PRAC_PAT_LIST,01/07/2026,C83055,STICKNEY SURGERY,EMPTY,MALE,1
GP_PRAC_PAT_LIST,01/07/2026,C83056,EAST LINDSEY MEDICAL GROUP,CLOSED,MALE,1
GP_PRAC_PAT_LIST,01/07/2026,C83056,EAST LINDSEY MEDICAL GROUP,E01001948,MALE,1
GP_PRAC_PAT_LIST,01/07/2026,C83056,EAST LINDSEY MEDICAL GROUP,E01007557,MALE,1
GP_PRAC_PAT_LIST,01/07/2026,C83056,EAST LINDSEY MEDICAL GROUP,E01011222,MALE,1
GP_PRAC_PAT_LIST,01/07/2026,C83056,EAST LINDSEY MEDICAL GROUP,E01012848,MALE,1
GP_PRAC_PAT_LIST,01/07/2026,C83056,EAST LINDSEY MEDICAL GROUP,E01013140,MALE,1
GP_PRAC_PAT_LIST,01/07/2026,C83056,EAST LINDSEY MEDICAL GROUP,E01013157,MALE,1
GP_PRAC_PAT_LIST,01/07/2026,C83056,EAST LINDSEY MEDICAL GROUP,E01013171,MALE,1
GP_PRAC_PAT_LIST,01/07/2026,C83056,EAST LINDSEY MEDICAL GROUP,E01013197,MALE,1
GP_PRAC_PAT_LIST,01/07/2026,C83056,EAST LINDSEY MEDICAL GROUP,E01013219,MALE,1
GP_PRAC_PAT_LIST,01/07/2026,C83056,EAST LINDSEY MEDICAL GROUP,E01013224,MALE,1
GP_PRAC_PAT_LIST,01/07/2026,C83056,EAST LINDSEY MEDICAL GROUP,E01013225,MALE,2
GP_PRAC_PAT_LIST,01/07/2026,C83056,EAST LINDSEY MEDICAL GROUP,E01013226,MALE,1
GP_PRAC_PAT_LIST,01/07/2026,C83056,EAST LINDSEY MEDICAL GROUP,E01013311,MALE,1
GP_PRAC_PAT_LIST,01/07/2026,C83056,EAST LINDSEY MEDICAL GROUP,E01016130,MALE,1
GP_PRAC_PAT_LIST,01/07/2026,C83056,EAST LINDSEY MEDICAL GROUP,E01016634,MALE,1
GP_PRAC_PAT_LIST,01/07/2026,C83056,EAST LINDSEY MEDICAL GROUP,E01022883,MALE,1
GP_PRAC_PAT_LIST,01/07/2026,C83056,EAST LINDSEY MEDICAL GROUP,E01025704,MALE,1
GP_PRAC_PAT_LIST,01/07/2026,C83056,EAST LINDSEY MEDICAL GROUP,E01025718,MALE,1
GP_PRAC_PAT_LIST,01/07/2026,C83056,EAST LINDSEY MEDICAL GROUP,E01026025,MALE,1
GP_PRAC_PAT_LIST,01/07/2026,C83056,EAST LINDSEY MEDICAL GROUP,E01026042,MALE,20
GP_PRAC_PAT_LIST,01/07/2026,C83056,EAST LINDSEY MEDICAL GROUP,E01026043,MALE,30
GP_PRAC_PAT_LIST,01/07/2026,C83056,EAST LINDSEY MEDICAL GROUP,E01026044,MALE,20
GP_PRAC_PAT_LIST,01/07/2026,C83056,EAST LINDSEY MEDICAL GROUP,E01026045,MALE,159
GP_PRAC_PAT_LIST,01/07/2026,C83056,EAST LINDSEY MEDICAL GROUP,E01026047,MALE,1
GP_PRAC_PAT_LIST,01/07/2026,C83056,EAST LINDSEY MEDICAL GROUP,E01026049,MALE,2
GP_PRAC_PAT_LIST,01/07/2026,C83056,EAST LINDSEY MEDICAL GROUP,E01026051,MALE,3
GP_PRAC_PAT_LIST,01/07/2026,C83056,EAST LINDSEY MEDICAL GROUP,E01026052,MALE,3
GP_PRAC_PAT_LIST,01/07/2026,C83056,EAST LINDSEY MEDICAL GROUP,E01026053,MALE,1
GP_PRAC_PAT_LIST,01/07/2026,C83056,EAST LINDSEY MEDICAL GROUP,E01026055,MALE,3
GP_PRAC_PAT_LIST,01/07/2026,C83056,EAST LINDSEY MEDICAL GROUP,E01026058,MALE,270
GP_PRAC_PAT_LIST,01/07/2026,C83056,EAST LINDSEY MEDICAL GROUP,E01026059,MALE,18
GP_PRAC_PAT_LIST,01/07/2026,C83056,EAST LINDSEY MEDICAL GROUP,E01026060,MALE,26
GP_PRAC_PAT_LIST,01/07/2026,C83056,EAST LINDSEY MEDICAL GROUP,E01026062,MALE,1
GP_PRAC_PAT_LIST,01/07/2026,C83056,EAST LINDSEY MEDICAL GROUP,E01026063,MALE,1
GP_PRAC_PAT_LIST,01/07/2026,C83056,EAST LINDSEY MEDICAL GROUP,E01026064,MALE,36
GP_PRAC_PAT_LIST,01/07/2026,C83056,EAST LINDSEY MEDICAL GROUP,E01026065,MALE,54
GP_PRAC_PAT_LIST,01/07/2026,C83056,EAST LINDSEY MEDICAL GROUP,E01026066,MALE,78
GP_PRAC_PAT_LIST,01/07/2026,C83056,EAST LINDSEY MEDICAL GROUP,E01026067,MALE,47
GP_PRAC_PAT_LIST,01/07/2026,C83056,EAST LINDSEY MEDICAL GROUP,E01026068,MALE,277
GP_PRAC_PAT_LIST,01/07/2026,C83056,EAST LINDSEY MEDICAL GROUP,E01026070,MALE,576
GP_PRAC_PAT_LIST,01/07/2026,C83056,EAST LINDSEY MEDICAL GROUP,E01026071,MALE,262
GP_PRAC_PAT_LIST,01/07/2026,C83056,EAST LINDSEY MEDICAL GROUP,E01026072,MALE,2
GP_PRAC_PAT_LIST,01/07/2026,C83056,EAST LINDSEY MEDICAL GROUP,E01026074,MALE,1
GP_PRAC_PAT_LIST,01/07/2026,C83056,EAST LINDSEY MEDICAL GROUP,E01026075,MALE,10
GP_PRAC_PAT_LIST,01/07/2026,C83056,EAST LINDSEY MEDICAL GROUP,E01026076,MALE,123
GP_PRAC_PAT_LIST,01/07/2026,C83056,EAST LINDSEY MEDICAL GROUP,E01026077,MALE,416
GP_PRAC_PAT_LIST,01/07/2026,C83056,EAST LINDSEY MEDICAL GROUP,E01026078,MALE,193
GP_PRAC_PAT_LIST,01/07/2026,C83056,EAST LINDSEY MEDICAL GROUP,E01026079,MALE,31
GP_PRAC_PAT_LIST,01/07/2026,C83056,EAST LINDSEY MEDICAL GROUP,E01026080,MALE,66
GP_PRAC_PAT_LIST,01/07/2026,C83056,EAST LINDSEY MEDICAL GROUP,E01026081,MALE,541
GP_PRAC_PAT_LIST,01/07/2026,C83056,EAST LINDSEY MEDICAL GROUP,E01026082,MALE,14
GP_PRAC_PAT_LIST,01/07/2026,C83056,EAST LINDSEY MEDICAL GROUP,E01026087,MALE,292
GP_PRAC_PAT_LIST,01/07/2026,C83056,EAST LINDSEY MEDICAL GROUP,E01026088,MALE,268
GP_PRAC_PAT_LIST,01/07/2026,C83056,EAST LINDSEY MEDICAL GROUP,E01026089,MALE,474
GP_PRAC_PAT_LIST,01/07/2026,C83056,EAST LINDSEY MEDICAL GROUP,E01026090,MALE,325
GP_PRAC_PAT_LIST,01/07/2026,C83056,EAST LINDSEY MEDICAL GROUP,E01026091,MALE,405
GP_PRAC_PAT_LIST,01/07/2026,C83056,EAST LINDSEY MEDICAL GROUP,E01026092,MALE,1
GP_PRAC_PAT_LIST,01/07/2026,C83056,EAST LINDSEY MEDICAL GROUP,E01026093,MALE,2
GP_PRAC_PAT_LIST,01/07/2026,C83056,EAST LINDSEY MEDICAL GROUP,E01026094,MALE,1
GP_PRAC_PAT_LIST,01/07/2026,C83056,EAST LINDSEY MEDICAL GROUP,E01026099,MALE,67
GP_PRAC_PAT_LIST,01/07/2026,C83056,EAST LINDSEY MEDICAL GROUP,E01026100,MALE,16
GP_PRAC_PAT_LIST,01/07/2026,C83056,EAST LINDSEY MEDICAL GROUP,E01026101,MALE,18
GP_PRAC_PAT_LIST,01/07/2026,C83056,EAST LINDSEY MEDICAL GROUP,E01026102,MALE,1
GP_PRAC_PAT_LIST,01/07/2026,C83056,EAST LINDSEY MEDICAL GROUP,E01026103,MALE,1
GP_PRAC_PAT_LIST,01/07/2026,C83056,EAST LINDSEY MEDICAL GROUP,E01026104,MALE,1
GP_PRAC_PAT_LIST,01/07/2026,C83056,EAST LINDSEY MEDICAL GROUP,E01026105,MALE,521
GP_PRAC_PAT_LIST,01/07/2026,C83056,EAST LINDSEY MEDICAL GROUP,E01026107,MALE,1
GP_PRAC_PAT_LIST,01/07/2026,C83056,EAST LINDSEY MEDICAL GROUP,E01026108,MALE,486
GP_PRAC_PAT_LIST,01/07/2026,C83056,EAST LINDSEY MEDICAL GROUP,E01026109,MALE,1
GP_PRAC_PAT_LIST,01/07/2026,C83056,EAST LINDSEY MEDICAL GROUP,E01026113,MALE,33
GP_PRAC_PAT_LIST,01/07/2026,C83056,EAST LINDSEY MEDICAL GROUP,E01026117,MALE,141
GP_PRAC_PAT_LIST,01/07/2026,C83056,EAST LINDSEY MEDICAL GROUP,E01026118,MALE,10
GP_PRAC_PAT_LIST,01/07/2026,C83056,EAST LINDSEY MEDICAL GROUP,E01026119,MALE,4
GP_PRAC_PAT_LIST,01/07/2026,C83056,EAST LINDSEY MEDICAL GROUP,E01026120,MALE,3
GP_PRAC_PAT_LIST,01/07/2026,C83056,EAST LINDSEY MEDICAL GROUP,E01026121,MALE,7
GP_PRAC_PAT_LIST,01/07/2026,C83056,EAST LINDSEY MEDICAL GROUP,E01026126,MALE,2
GP_PRAC_PAT_LIST,01/07/2026,C83056,EAST LINDSEY MEDICAL GROUP,E01026147,MALE,1
GP_PRAC_PAT_LIST,01/07/2026,C83056,EAST LINDSEY MEDICAL GROUP,E01026148,MALE,1
GP_PRAC_PAT_LIST,01/07/2026,C83056,EAST LINDSEY MEDICAL GROUP,E01026176,MALE,1
GP_PRAC_PAT_LIST,01/07/2026,C83056,EAST LINDSEY MEDICAL GROUP,E01026178,MALE,1
GP_PRAC_PAT_LIST,01/07/2026,C83056,EAST LINDSEY MEDICAL GROUP,E01026200,MALE,1
GP_PRAC_PAT_LIST,01/07/2026,C83056,EAST LINDSEY MEDICAL GROUP,E01026324,MALE,1
GP_PRAC_PAT_LIST,01/07/2026,C83056,EAST LINDSEY MEDICAL GROUP,E01026366,MALE,2
GP_PRAC_PAT_LIST,01/07/2026,C83056,EAST LINDSEY MEDICAL GROUP,E01026368,MALE,1
GP_PRAC_PAT_LIST,01/07/2026,C83056,EAST LINDSEY MEDICAL GROUP,E01026387,MALE,1
GP_PRAC_PAT_LIST,01/07/2026,C83056,EAST LINDSEY MEDICAL GROUP,E01026390,MALE,1
GP_PRAC_PAT_LIST,01/07/2026,C83056,EAST LINDSEY MEDICAL GROUP,E01026391,MALE,2
GP_PRAC_PAT_LIST,01/07/2026,C83056,EAST LINDSEY MEDICAL GROUP,E01026409,MALE,1
GP_PRAC_PAT_LIST,01/07/2026,C83056,EAST LINDSEY MEDICAL GROUP,E01026415,MALE,6
GP_PRAC_PAT_LIST,01/07/2026,C83056,EAST LINDSEY MEDICAL GROUP,E01028158,MALE,1
GP_PRAC_PAT_LIST,01/07/2026,C83056,EAST LINDSEY MEDICAL GROUP,E01032986,MALE,184
GP_PRAC_PAT_LIST,01/07/2026,C83056,EAST LINDSEY MEDICAL GROUP,E01032987,MALE,230
GP_PRAC_PAT_LIST,01/07/2026,C83056,EAST LINDSEY MEDICAL GROUP,E01033414,MALE,1
GP_PRAC_PAT_LIST,01/07/2026,C83056,EAST LINDSEY MEDICAL GROUP,E01034685,MALE,1
GP_PRAC_PAT_LIST,01/07/2026,C83056,EAST LINDSEY MEDICAL GROUP,E01035243,MALE,1
GP_PRAC_PAT_LIST,01/07/2026,C83056,EAST LINDSEY MEDICAL GROUP,EMPTY,MALE,18
GP_PRAC_PAT_LIST,01/07/2026,C83056,EAST LINDSEY MEDICAL GROUP,S01014347,MALE,1
GP_PRAC_PAT_LIST,01/07/2026,C83057,KIRTON MEDICAL CENTRE,CLOSED,MALE,1
GP_PRAC_PAT_LIST,01/07/2026,C83057,KIRTON MEDICAL CENTRE,E01011100,MALE,1
GP_PRAC_PAT_LIST,01/07/2026,C83057,KIRTON MEDICAL CENTRE,E01013795,MALE,1
GP_PRAC_PAT_LIST,01/07/2026,C83057,KIRTON MEDICAL CENTRE,E01015599,MALE,1
GP_PRAC_PAT_LIST,01/07/2026,C83057,KIRTON MEDICAL CENTRE,E01015676,MALE,1
GP_PRAC_PAT_LIST,01/07/2026,C83057,KIRTON MEDICAL CENTRE,E01026010,MALE,1
GP_PRAC_PAT_LIST,01/07/2026,C83057,KIRTON MEDICAL CENTRE,E01026012,MALE,1
GP_PRAC_PAT_LIST,01/07/2026,C83057,KIRTON MEDICAL CENTRE,E01026014,MALE,3
GP_PRAC_PAT_LIST,01/07/2026,C83057,KIRTON MEDICAL CENTRE,E01026015,MALE,1
GP_PRAC_PAT_LIST,01/07/2026,C83057,KIRTON MEDICAL CENTRE,E01026016,MALE,152
GP_PRAC_PAT_LIST,01/07/2026,C83057,KIRTON MEDICAL CENTRE,E01026017,MALE,175
GP_PRAC_PAT_LIST,01/07/2026,C83057,KIRTON MEDICAL CENTRE,E01026018,MALE,451
GP_PRAC_PAT_LIST,01/07/2026,C83057,KIRTON MEDICAL CENTRE,E01026019,MALE,933
GP_PRAC_PAT_LIST,01/07/2026,C83057,KIRTON MEDICAL CENTRE,E01026020,MALE,1153
GP_PRAC_PAT_LIST,01/07/2026,C83057,KIRTON MEDICAL CENTRE,E01026021,MALE,3
GP_PRAC_PAT_LIST,01/07/2026,C83057,KIRTON MEDICAL CENTRE,E01026022,MALE,2
GP_PRAC_PAT_LIST,01/07/2026,C83057,KIRTON MEDICAL CENTRE,E01026025,MALE,2
GP_PRAC_PAT_LIST,01/07/2026,C83057,KIRTON MEDICAL CENTRE,E01026030,MALE,1
GP_PRAC_PAT_LIST,01/07/2026,C83057,KIRTON MEDICAL CENTRE,E01026031,MALE,3
GP_PRAC_PAT_LIST,01/07/2026,C83057,KIRTON MEDICAL CENTRE,E01026032,MALE,1
GP_PRAC_PAT_LIST,01/07/2026,C83057,KIRTON MEDICAL CENTRE,E01026033,MALE,45
GP_PRAC_PAT_LIST,01/07/2026,C83057,KIRTON MEDICAL CENTRE,E01026034,MALE,62
GP_PRAC_PAT_LIST,01/07/2026,C83057,KIRTON MEDICAL CENTRE,E01026035,MALE,55
GP_PRAC_PAT_LIST,01/07/2026,C83057,KIRTON MEDICAL CENTRE,E01026036,MALE,1
GP_PRAC_PAT_LIST,01/07/2026,C83057,KIRTON MEDICAL CENTRE,E01026037,MALE,2
GP_PRAC_PAT_LIST,01/07/2026,C83057,KIRTON MEDICAL CENTRE,E01026039,MALE,195
GP_PRAC_PAT_LIST,01/07/2026,C83057,KIRTON MEDICAL CENTRE,E01026040,MALE,275
GP_PRAC_PAT_LIST,01/07/2026,C83057,KIRTON MEDICAL CENTRE,E01026041,MALE,272
GP_PRAC_PAT_LIST,01/07/2026,C83057,KIRTON MEDICAL CENTRE,E01026057,MALE,3
GP_PRAC_PAT_LIST,01/07/2026,C83057,KIRTON MEDICAL CENTRE,E01026066,MALE,1
GP_PRAC_PAT_LIST,01/07/2026,C83057,KIRTON MEDICAL CENTRE,E01026073,MALE,1
GP_PRAC_PAT_LIST,01/07/2026,C83057,KIRTON MEDICAL CENTRE,E01026124,MALE,1
GP_PRAC_PAT_LIST,01/07/2026,C83057,KIRTON MEDICAL CENTRE,E01026125,MALE,2
GP_PRAC_PAT_LIST,01/07/2026,C83057,KIRTON MEDICAL CENTRE,E01026160,MALE,1
GP_PRAC_PAT_LIST,01/07/2026,C83057,KIRTON MEDICAL CENTRE,E01026242,MALE,6
GP_PRAC_PAT_LIST,01/07/2026,C83057,KIRTON MEDICAL CENTRE,E01026243,MALE,10
GP_PRAC_PAT_LIST,01/07/2026,C83057,KIRTON MEDICAL CENTRE,E01026244,MALE,6
GP_PRAC_PAT_LIST,01/07/2026,C83057,KIRTON MEDICAL CENTRE,E01026247,MALE,4
GP_PRAC_PAT_LIST,01/07/2026,C83057,KIRTON MEDICAL CENTRE,E01026250,MALE,2
GP_PRAC_PAT_LIST,01/07/2026,C83057,KIRTON MEDICAL CENTRE,E01026252,MALE,1
GP_PRAC_PAT_LIST,01/07/2026,C83057,KIRTON MEDICAL CENTRE,E01026255,MALE,1
GP_PRAC_PAT_LIST,01/07/2026,C83057,KIRTON MEDICAL CENTRE,E01026268,MALE,1
GP_PRAC_PAT_LIST,01/07/2026,C83057,KIRTON MEDICAL CENTRE,E01026272,MALE,1
GP_PRAC_PAT_LIST,01/07/2026,C83057,KIRTON MEDICAL CENTRE,E01026276,MALE,4
GP_PRAC_PAT_LIST,01/07/2026,C83057,KIRTON MEDICAL CENTRE,E01026283,MALE,1
GP_PRAC_PAT_LIST,01/07/2026,C83057,KIRTON MEDICAL CENTRE,E01026331,MALE,1
GP_PRAC_PAT_LIST,01/07/2026,C83057,KIRTON MEDICAL CENTRE,E01026411,MALE,1
GP_PRAC_PAT_LIST,01/07/2026,C83057,KIRTON MEDICAL CENTRE,E01026659,MALE,1
GP_PRAC_PAT_LIST,01/07/2026,C83057,KIRTON MEDICAL CENTRE,E01027032,MALE,1
GP_PRAC_PAT_LIST,01/07/2026,C83057,KIRTON MEDICAL CENTRE,E01031720,MALE,1
GP_PRAC_PAT_LIST,01/07/2026,C83057,KIRTON MEDICAL CENTRE,E01034679,MALE,2
GP_PRAC_PAT_LIST,01/07/2026,C83057,KIRTON MEDICAL CENTRE,E01034681,MALE,2
GP_PRAC_PAT_LIST,01/07/2026,C83057,KIRTON MEDICAL CENTRE,E01034682,MALE,21
GP_PRAC_PAT_LIST,01/07/2026,C83057,KIRTON MEDICAL CENTRE,E01034683,MALE,100
GP_PRAC_PAT_LIST,01/07/2026,C83057,KIRTON MEDICAL CENTRE,E01034684,MALE,125
GP_PRAC_PAT_LIST,01/07/2026,C83057,KIRTON MEDICAL CENTRE,EMPTY,MALE,3
GP_PRAC_PAT_LIST,01/07/2026,C83058,WASHINGBOROUGH SURGERY,E01002228,MALE,1
GP_PRAC_PAT_LIST,01/07/2026,C83058,WASHINGBOROUGH SURGERY,E01004533,MALE,1
GP_PRAC_PAT_LIST,01/07/2026,C83058,WASHINGBOROUGH SURGERY,E01013322,MALE,1
GP_PRAC_PAT_LIST,01/07/2026,C83058,WASHINGBOROUGH SURGERY,E01026136,MALE,1
GP_PRAC_PAT_LIST,01/07/2026,C83058,WASHINGBOROUGH SURGERY,E01026175,MALE,1
GP_PRAC_PAT_LIST,01/07/2026,C83058,WASHINGBOROUGH SURGERY,E01026176,MALE,9
GP_PRAC_PAT_LIST,01/07/2026,C83058,WASHINGBOROUGH SURGERY,E01026186,MALE,2
GP_PRAC_PAT_LIST,01/07/2026,C83058,WASHINGBOROUGH SURGERY,E01026187,MALE,7
GP_PRAC_PAT_LIST,01/07/2026,C83058,WASHINGBOROUGH SURGERY,E01026189,MALE,504
GP_PRAC_PAT_LIST,01/07/2026,C83058,WASHINGBOROUGH SURGERY,E01026190,MALE,510
GP_PRAC_PAT_LIST,01/07/2026,C83058,WASHINGBOROUGH SURGERY,E01026191,MALE,422
GP_PRAC_PAT_LIST,01/07/2026,C83058,WASHINGBOROUGH SURGERY,E01026203,MALE,919
GP_PRAC_PAT_LIST,01/07/2026,C83058,WASHINGBOROUGH SURGERY,E01026204,MALE,687
GP_PRAC_PAT_LIST,01/07/2026,C83058,WASHINGBOROUGH SURGERY,E01026205,MALE,594
GP_PRAC_PAT_LIST,01/07/2026,C83058,WASHINGBOROUGH SURGERY,E01026206,MALE,722
GP_PRAC_PAT_LIST,01/07/2026,C83058,WASHINGBOROUGH SURGERY,E01026211,MALE,153
GP_PRAC_PAT_LIST,01/07/2026,C83058,WASHINGBOROUGH SURGERY,E01026220,MALE,1
GP_PRAC_PAT_LIST,01/07/2026,C83058,WASHINGBOROUGH SURGERY,E01026405,MALE,2
GP_PRAC_PAT_LIST,01/07/2026,C83058,WASHINGBOROUGH SURGERY,E01032953,MALE,1
GP_PRAC_PAT_LIST,01/07/2026,C83058,WASHINGBOROUGH SURGERY,E01032991,MALE,1
GP_PRAC_PAT_LIST,01/07/2026,C83058,WASHINGBOROUGH SURGERY,EMPTY,MALE,6
GP_PRAC_PAT_LIST,01/07/2026,C83059,GREYFRIARS SURGERY,E01000538,MALE,1
GP_PRAC_PAT_LIST,01/07/2026,C83059,GREYFRIARS SURGERY,E01015281,MALE,1
GP_PRAC_PAT_LIST,01/07/2026,C83059,GREYFRIARS SURGERY,E01015661,MALE,1
GP_PRAC_PAT_LIST,01/07/2026,C83059,GREYFRIARS SURGERY,E01015692,MALE,1
GP_PRAC_PAT_LIST,01/07/2026,C83059,GREYFRIARS SURGERY,E01023750,MALE,1
GP_PRAC_PAT_LIST,01/07/2026,C83059,GREYFRIARS SURGERY,E01024558,MALE,1
GP_PRAC_PAT_LIST,01/07/2026,C83059,GREYFRIARS SURGERY,E01026007,MALE,76
GP_PRAC_PAT_LIST,01/07/2026,C83059,GREYFRIARS SURGERY,E01026008,MALE,110
GP_PRAC_PAT_LIST,01/07/2026,C83059,GREYFRIARS SURGERY,E01026009,MALE,63
GP_PRAC_PAT_LIST,01/07/2026,C83059,GREYFRIARS SURGERY,E01026010,MALE,240
GP_PRAC_PAT_LIST,01/07/2026,C83059,GREYFRIARS SURGERY,E01026012,MALE,209
GP_PRAC_PAT_LIST,01/07/2026,C83059,GREYFRIARS SURGERY,E01026013,MALE,216
GP_PRAC_PAT_LIST,01/07/2026,C83059,GREYFRIARS SURGERY,E01026014,MALE,276
GP_PRAC_PAT_LIST,01/07/2026,C83059,GREYFRIARS SURGERY,E01026015,MALE,282
GP_PRAC_PAT_LIST,01/07/2026,C83059,GREYFRIARS SURGERY,E01026016,MALE,14
GP_PRAC_PAT_LIST,01/07/2026,C83059,GREYFRIARS SURGERY,E01026017,MALE,16
GP_PRAC_PAT_LIST,01/07/2026,C83059,GREYFRIARS SURGERY,E01026018,MALE,66
GP_PRAC_PAT_LIST,01/07/2026,C83059,GREYFRIARS SURGERY,E01026019,MALE,80
GP_PRAC_PAT_LIST,01/07/2026,C83059,GREYFRIARS SURGERY,E01026020,MALE,91
GP_PRAC_PAT_LIST,01/07/2026,C83059,GREYFRIARS SURGERY,E01026021,MALE,188
GP_PRAC_PAT_LIST,01/07/2026,C83059,GREYFRIARS SURGERY,E01026022,MALE,192
GP_PRAC_PAT_LIST,01/07/2026,C83059,GREYFRIARS SURGERY,E01026023,MALE,6
GP_PRAC_PAT_LIST,01/07/2026,C83059,GREYFRIARS SURGERY,E01026024,MALE,27
GP_PRAC_PAT_LIST,01/07/2026,C83059,GREYFRIARS SURGERY,E01026025,MALE,434
GP_PRAC_PAT_LIST,01/07/2026,C83059,GREYFRIARS SURGERY,E01026026,MALE,334
GP_PRAC_PAT_LIST,01/07/2026,C83059,GREYFRIARS SURGERY,E01026027,MALE,314
GP_PRAC_PAT_LIST,01/07/2026,C83059,GREYFRIARS SURGERY,E01026028,MALE,284
GP_PRAC_PAT_LIST,01/07/2026,C83059,GREYFRIARS SURGERY,E01026030,MALE,294
GP_PRAC_PAT_LIST,01/07/2026,C83059,GREYFRIARS SURGERY,E01026031,MALE,201
GP_PRAC_PAT_LIST,01/07/2026,C83059,GREYFRIARS SURGERY,E01026032,MALE,282
GP_PRAC_PAT_LIST,01/07/2026,C83059,GREYFRIARS SURGERY,E01026033,MALE,52
GP_PRAC_PAT_LIST,01/07/2026,C83059,GREYFRIARS SURGERY,E01026034,MALE,11
GP_PRAC_PAT_LIST,01/07/2026,C83059,GREYFRIARS SURGERY,E01026035,MALE,224
GP_PRAC_PAT_LIST,01/07/2026,C83059,GREYFRIARS SURGERY,E01026036,MALE,186
GP_PRAC_PAT_LIST,01/07/2026,C83059,GREYFRIARS SURGERY,E01026037,MALE,202
GP_PRAC_PAT_LIST,01/07/2026,C83059,GREYFRIARS SURGERY,E01026038,MALE,147
GP_PRAC_PAT_LIST,01/07/2026,C83059,GREYFRIARS SURGERY,E01026039,MALE,96
GP_PRAC_PAT_LIST,01/07/2026,C83059,GREYFRIARS SURGERY,E01026040,MALE,156
GP_PRAC_PAT_LIST,01/07/2026,C83059,GREYFRIARS SURGERY,E01026041,MALE,96
GP_PRAC_PAT_LIST,01/07/2026,C83059,GREYFRIARS SURGERY,E01026052,MALE,1
GP_PRAC_PAT_LIST,01/07/2026,C83059,GREYFRIARS SURGERY,E01026057,MALE,79
GP_PRAC_PAT_LIST,01/07/2026,C83059,GREYFRIARS SURGERY,E01026075,MALE,5
GP_PRAC_PAT_LIST,01/07/2026,C83059,GREYFRIARS SURGERY,E01026095,MALE,1
GP_PRAC_PAT_LIST,01/07/2026,C83059,GREYFRIARS SURGERY,E01026098,MALE,90
GP_PRAC_PAT_LIST,01/07/2026,C83059,GREYFRIARS SURGERY,E01026102,MALE,5
GP_PRAC_PAT_LIST,01/07/2026,C83059,GREYFRIARS SURGERY,E01026111,MALE,4
GP_PRAC_PAT_LIST,01/07/2026,C83059,GREYFRIARS SURGERY,E01026114,MALE,1
GP_PRAC_PAT_LIST,01/07/2026,C83059,GREYFRIARS SURGERY,E01026124,MALE,1
GP_PRAC_PAT_LIST,01/07/2026,C83059,GREYFRIARS SURGERY,E01026125,MALE,1
GP_PRAC_PAT_LIST,01/07/2026,C83059,GREYFRIARS SURGERY,E01026200,MALE,2
GP_PRAC_PAT_LIST,01/07/2026,C83059,GREYFRIARS SURGERY,E01026273,MALE,1
GP_PRAC_PAT_LIST,01/07/2026,C83059,GREYFRIARS SURGERY,E01026275,MALE,1
GP_PRAC_PAT_LIST,01/07/2026,C83059,GREYFRIARS SURGERY,E01026277,MALE,1
GP_PRAC_PAT_LIST,01/07/2026,C83059,GREYFRIARS SURGERY,E01028762,MALE,1
GP_PRAC_PAT_LIST,01/07/2026,C83059,GREYFRIARS SURGERY,E01034020,MALE,1
GP_PRAC_PAT_LIST,01/07/2026,C83059,GREYFRIARS SURGERY,E01034679,MALE,150
GP_PRAC_PAT_LIST,01/07/2026,C83059,GREYFRIARS SURGERY,E01034680,MALE,217
GP_PRAC_PAT_LIST,01/07/2026,C83059,GREYFRIARS SURGERY,E01034681,MALE,186
GP_PRAC_PAT_LIST,01/07/2026,C83059,GREYFRIARS SURGERY,E01034682,MALE,232
GP_PRAC_PAT_LIST,01/07/2026,C83059,GREYFRIARS SURGERY,E01034683,MALE,176
GP_PRAC_PAT_LIST,01/07/2026,C83059,GREYFRIARS SURGERY,E01034684,MALE,197
GP_PRAC_PAT_LIST,01/07/2026,C83059,GREYFRIARS SURGERY,EMPTY,MALE,8
GP_PRAC_PAT_LIST,01/07/2026,C83059,GREYFRIARS SURGERY,S01015592,MALE,1
GP_PRAC_PAT_LIST,01/07/2026,C83060,THE SIDINGS MEDICAL PRACTICE,E01000469,MALE,2
GP_PRAC_PAT_LIST,01/07/2026,C83060,THE SIDINGS MEDICAL PRACTICE,E01000521,MALE,1
GP_PRAC_PAT_LIST,01/07/2026,C83060,THE SIDINGS MEDICAL PRACTICE,E01001397,MALE,1
GP_PRAC_PAT_LIST,01/07/2026,C83060,THE SIDINGS MEDICAL PRACTICE,E01003345,MALE,1
GP_PRAC_PAT_LIST,01/07/2026,C83060,THE SIDINGS MEDICAL PRACTICE,E01005593,MALE,1
GP_PRAC_PAT_LIST,01/07/2026,C83060,THE SIDINGS MEDICAL PRACTICE,E01007325,MALE,1
GP_PRAC_PAT_LIST,01/07/2026,C83060,THE SIDINGS MEDICAL PRACTICE,E01007557,MALE,1
GP_PRAC_PAT_LIST,01/07/2026,C83060,THE SIDINGS MEDICAL PRACTICE,E01009741,MALE,1
GP_PRAC_PAT_LIST,01/07/2026,C83060,THE SIDINGS MEDICAL PRACTICE,E01010314,MALE,1
GP_PRAC_PAT_LIST,01/07/2026,C83060,THE SIDINGS MEDICAL PRACTICE,E01012819,MALE,1
GP_PRAC_PAT_LIST,01/07/2026,C83060,THE SIDINGS MEDICAL PRACTICE,E01013047,MALE,1
GP_PRAC_PAT_LIST,01/07/2026,C83060,THE SIDINGS MEDICAL PRACTICE,E01013138,MALE,1
GP_PRAC_PAT_LIST,01/07/2026,C83060,THE SIDINGS MEDICAL PRACTICE,E01013254,MALE,1
GP_PRAC_PAT_LIST,01/07/2026,C83060,THE SIDINGS MEDICAL PRACTICE,E01013572,MALE,1
GP_PRAC_PAT_LIST,01/07/2026,C83060,THE SIDINGS MEDICAL PRACTICE,E01013636,MALE,1
GP_PRAC_PAT_LIST,01/07/2026,C83060,THE SIDINGS MEDICAL PRACTICE,E01013804,MALE,1
GP_PRAC_PAT_LIST,01/07/2026,C83060,THE SIDINGS MEDICAL PRACTICE,E01013921,MALE,1
GP_PRAC_PAT_LIST,01/07/2026,C83060,THE SIDINGS MEDICAL PRACTICE,E01015032,MALE,1
GP_PRAC_PAT_LIST,01/07/2026,C83060,THE SIDINGS MEDICAL PRACTICE,E01016477,MALE,1
GP_PRAC_PAT_LIST,01/07/2026,C83060,THE SIDINGS MEDICAL PRACTICE,E01018090,MALE,1
GP_PRAC_PAT_LIST,01/07/2026,C83060,THE SIDINGS MEDICAL PRACTICE,E01018145,MALE,1
GP_PRAC_PAT_LIST,01/07/2026,C83060,THE SIDINGS MEDICAL PRACTICE,E01018439,MALE,1
GP_PRAC_PAT_LIST,01/07/2026,C83060,THE SIDINGS MEDICAL PRACTICE,E01019194,MALE,1
GP_PRAC_PAT_LIST,01/07/2026,C83060,THE SIDINGS MEDICAL PRACTICE,E01021306,MALE,1
GP_PRAC_PAT_LIST,01/07/2026,C83060,THE SIDINGS MEDICAL PRACTICE,E01021382,MALE,1
GP_PRAC_PAT_LIST,01/07/2026,C83060,THE SIDINGS MEDICAL PRACTICE,E01022388,MALE,1
GP_PRAC_PAT_LIST,01/07/2026,C83060,THE SIDINGS MEDICAL PRACTICE,E01023163,MALE,1
GP_PRAC_PAT_LIST,01/07/2026,C83060,THE SIDINGS MEDICAL PRACTICE,E01024706,MALE,1
GP_PRAC_PAT_LIST,01/07/2026,C83060,THE SIDINGS MEDICAL PRACTICE,E01026007,MALE,70
GP_PRAC_PAT_LIST,01/07/2026,C83060,THE SIDINGS MEDICAL PRACTICE,E01026008,MALE,99
GP_PRAC_PAT_LIST,01/07/2026,C83060,THE SIDINGS MEDICAL PRACTICE,E01026009,MALE,52
GP_PRAC_PAT_LIST,01/07/2026,C83060,THE SIDINGS MEDICAL PRACTICE,E01026010,MALE,357
GP_PRAC_PAT_LIST,01/07/2026,C83060,THE SIDINGS MEDICAL PRACTICE,E01026012,MALE,149
GP_PRAC_PAT_LIST,01/07/2026,C83060,THE SIDINGS MEDICAL PRACTICE,E01026013,MALE,213
GP_PRAC_PAT_LIST,01/07/2026,C83060,THE SIDINGS MEDICAL PRACTICE,E01026014,MALE,225
GP_PRAC_PAT_LIST,01/07/2026,C83060,THE SIDINGS MEDICAL PRACTICE,E01026015,MALE,236
GP_PRAC_PAT_LIST,01/07/2026,C83060,THE SIDINGS MEDICAL PRACTICE,E01026016,MALE,21
GP_PRAC_PAT_LIST,01/07/2026,C83060,THE SIDINGS MEDICAL PRACTICE,E01026017,MALE,4
GP_PRAC_PAT_LIST,01/07/2026,C83060,THE SIDINGS MEDICAL PRACTICE,E01026018,MALE,102
GP_PRAC_PAT_LIST,01/07/2026,C83060,THE SIDINGS MEDICAL PRACTICE,E01026019,MALE,81
GP_PRAC_PAT_LIST,01/07/2026,C83060,THE SIDINGS MEDICAL PRACTICE,E01026020,MALE,110
GP_PRAC_PAT_LIST,01/07/2026,C83060,THE SIDINGS MEDICAL PRACTICE,E01026021,MALE,159
GP_PRAC_PAT_LIST,01/07/2026,C83060,THE SIDINGS MEDICAL PRACTICE,E01026022,MALE,187
GP_PRAC_PAT_LIST,01/07/2026,C83060,THE SIDINGS MEDICAL PRACTICE,E01026023,MALE,6
GP_PRAC_PAT_LIST,01/07/2026,C83060,THE SIDINGS MEDICAL PRACTICE,E01026024,MALE,18
GP_PRAC_PAT_LIST,01/07/2026,C83060,THE SIDINGS MEDICAL PRACTICE,E01026025,MALE,306
GP_PRAC_PAT_LIST,01/07/2026,C83060,THE SIDINGS MEDICAL PRACTICE,E01026026,MALE,328
GP_PRAC_PAT_LIST,01/07/2026,C83060,THE SIDINGS MEDICAL PRACTICE,E01026027,MALE,231
GP_PRAC_PAT_LIST,01/07/2026,C83060,THE SIDINGS MEDICAL PRACTICE,E01026028,MALE,203
GP_PRAC_PAT_LIST,01/07/2026,C83060,THE SIDINGS MEDICAL PRACTICE,E01026030,MALE,607
GP_PRAC_PAT_LIST,01/07/2026,C83060,THE SIDINGS MEDICAL PRACTICE,E01026031,MALE,311
GP_PRAC_PAT_LIST,01/07/2026,C83060,THE SIDINGS MEDICAL PRACTICE,E01026032,MALE,548
GP_PRAC_PAT_LIST,01/07/2026,C83060,THE SIDINGS MEDICAL PRACTICE,E01026033,MALE,59
GP_PRAC_PAT_LIST,01/07/2026,C83060,THE SIDINGS MEDICAL PRACTICE,E01026034,MALE,23
GP_PRAC_PAT_LIST,01/07/2026,C83060,THE SIDINGS MEDICAL PRACTICE,E01026035,MALE,446
GP_PRAC_PAT_LIST,01/07/2026,C83060,THE SIDINGS MEDICAL PRACTICE,E01026036,MALE,235
GP_PRAC_PAT_LIST,01/07/2026,C83060,THE SIDINGS MEDICAL PRACTICE,E01026037,MALE,252
GP_PRAC_PAT_LIST,01/07/2026,C83060,THE SIDINGS MEDICAL PRACTICE,E01026038,MALE,155
GP_PRAC_PAT_LIST,01/07/2026,C83060,THE SIDINGS MEDICAL PRACTICE,E01026039,MALE,101
GP_PRAC_PAT_LIST,01/07/2026,C83060,THE SIDINGS MEDICAL PRACTICE,E01026040,MALE,183
GP_PRAC_PAT_LIST,01/07/2026,C83060,THE SIDINGS MEDICAL PRACTICE,E01026041,MALE,92
GP_PRAC_PAT_LIST,01/07/2026,C83060,THE SIDINGS MEDICAL PRACTICE,E01026048,MALE,1
GP_PRAC_PAT_LIST,01/07/2026,C83060,THE SIDINGS MEDICAL PRACTICE,E01026051,MALE,1
GP_PRAC_PAT_LIST,01/07/2026,C83060,THE SIDINGS MEDICAL PRACTICE,E01026054,MALE,2
GP_PRAC_PAT_LIST,01/07/2026,C83060,THE SIDINGS MEDICAL PRACTICE,E01026057,MALE,84
GP_PRAC_PAT_LIST,01/07/2026,C83060,THE SIDINGS MEDICAL PRACTICE,E01026058,MALE,1
GP_PRAC_PAT_LIST,01/07/2026,C83060,THE SIDINGS MEDICAL PRACTICE,E01026065,MALE,1
GP_PRAC_PAT_LIST,01/07/2026,C83060,THE SIDINGS MEDICAL PRACTICE,E01026074,MALE,1
GP_PRAC_PAT_LIST,01/07/2026,C83060,THE SIDINGS MEDICAL PRACTICE,E01026075,MALE,3
GP_PRAC_PAT_LIST,01/07/2026,C83060,THE SIDINGS MEDICAL PRACTICE,E01026084,MALE,1
GP_PRAC_PAT_LIST,01/07/2026,C83060,THE SIDINGS MEDICAL PRACTICE,E01026095,MALE,1
GP_PRAC_PAT_LIST,01/07/2026,C83060,THE SIDINGS MEDICAL PRACTICE,E01026098,MALE,63
GP_PRAC_PAT_LIST,01/07/2026,C83060,THE SIDINGS MEDICAL PRACTICE,E01026099,MALE,1
GP_PRAC_PAT_LIST,01/07/2026,C83060,THE SIDINGS MEDICAL PRACTICE,E01026102,MALE,5
GP_PRAC_PAT_LIST,01/07/2026,C83060,THE SIDINGS MEDICAL PRACTICE,E01026108,MALE,1
GP_PRAC_PAT_LIST,01/07/2026,C83060,THE SIDINGS MEDICAL PRACTICE,E01026111,MALE,2
GP_PRAC_PAT_LIST,01/07/2026,C83060,THE SIDINGS MEDICAL PRACTICE,E01026120,MALE,1
GP_PRAC_PAT_LIST,01/07/2026,C83060,THE SIDINGS MEDICAL PRACTICE,E01026125,MALE,1
GP_PRAC_PAT_LIST,01/07/2026,C83060,THE SIDINGS MEDICAL PRACTICE,E01026147,MALE,1
GP_PRAC_PAT_LIST,01/07/2026,C83060,THE SIDINGS MEDICAL PRACTICE,E01026149,MALE,1
GP_PRAC_PAT_LIST,01/07/2026,C83060,THE SIDINGS MEDICAL PRACTICE,E01026176,MALE,1
GP_PRAC_PAT_LIST,01/07/2026,C83060,THE SIDINGS MEDICAL PRACTICE,E01026183,MALE,3
GP_PRAC_PAT_LIST,01/07/2026,C83060,THE SIDINGS MEDICAL PRACTICE,E01026199,MALE,1
GP_PRAC_PAT_LIST,01/07/2026,C83060,THE SIDINGS MEDICAL PRACTICE,E01026201,MALE,1
GP_PRAC_PAT_LIST,01/07/2026,C83060,THE SIDINGS MEDICAL PRACTICE,E01026202,MALE,1
GP_PRAC_PAT_LIST,01/07/2026,C83060,THE SIDINGS MEDICAL PRACTICE,E01026208,MALE,1
GP_PRAC_PAT_LIST,01/07/2026,C83060,THE SIDINGS MEDICAL PRACTICE,E01026210,MALE,1
GP_PRAC_PAT_LIST,01/07/2026,C83060,THE SIDINGS MEDICAL PRACTICE,E01026227,MALE,1
GP_PRAC_PAT_LIST,01/07/2026,C83060,THE SIDINGS MEDICAL PRACTICE,E01026231,MALE,1
GP_PRAC_PAT_LIST,01/07/2026,C83060,THE SIDINGS MEDICAL PRACTICE,E01026240,MALE,1
GP_PRAC_PAT_LIST,01/07/2026,C83060,THE SIDINGS MEDICAL PRACTICE,E01026242,MALE,1
GP_PRAC_PAT_LIST,01/07/2026,C83060,THE SIDINGS MEDICAL PRACTICE,E01026243,MALE,2
GP_PRAC_PAT_LIST,01/07/2026,C83060,THE SIDINGS MEDICAL PRACTICE,E01026249,MALE,1
GP_PRAC_PAT_LIST,01/07/2026,C83060,THE SIDINGS MEDICAL PRACTICE,E01026253,MALE,1
GP_PRAC_PAT_LIST,01/07/2026,C83060,THE SIDINGS MEDICAL PRACTICE,E01026256,MALE,1
GP_PRAC_PAT_LIST,01/07/2026,C83060,THE SIDINGS MEDICAL PRACTICE,E01026260,MALE,2
GP_PRAC_PAT_LIST,01/07/2026,C83060,THE SIDINGS MEDICAL PRACTICE,E01026266,MALE,3
GP_PRAC_PAT_LIST,01/07/2026,C83060,THE SIDINGS MEDICAL PRACTICE,E01026270,MALE,1
GP_PRAC_PAT_LIST,01/07/2026,C83060,THE SIDINGS MEDICAL PRACTICE,E01026286,MALE,1
GP_PRAC_PAT_LIST,01/07/2026,C83060,THE SIDINGS MEDICAL PRACTICE,E01026323,MALE,1
GP_PRAC_PAT_LIST,01/07/2026,C83060,THE SIDINGS MEDICAL PRACTICE,E01026363,MALE,1
GP_PRAC_PAT_LIST,01/07/2026,C83060,THE SIDINGS MEDICAL PRACTICE,E01028254,MALE,1
GP_PRAC_PAT_LIST,01/07/2026,C83060,THE SIDINGS MEDICAL PRACTICE,E01029820,MALE,1
GP_PRAC_PAT_LIST,01/07/2026,C83060,THE SIDINGS MEDICAL PRACTICE,E01030750,MALE,1
GP_PRAC_PAT_LIST,01/07/2026,C83060,THE SIDINGS MEDICAL PRACTICE,E01031063,MALE,1
GP_PRAC_PAT_LIST,01/07/2026,C83060,THE SIDINGS MEDICAL PRACTICE,E01032489,MALE,2
GP_PRAC_PAT_LIST,01/07/2026,C83060,THE SIDINGS MEDICAL PRACTICE,E01032996,MALE,1
GP_PRAC_PAT_LIST,01/07/2026,C83060,THE SIDINGS MEDICAL PRACTICE,E01033011,MALE,1
GP_PRAC_PAT_LIST,01/07/2026,C83060,THE SIDINGS MEDICAL PRACTICE,E01033104,MALE,1
GP_PRAC_PAT_LIST,01/07/2026,C83060,THE SIDINGS MEDICAL PRACTICE,E01033716,MALE,1
GP_PRAC_PAT_LIST,01/07/2026,C83060,THE SIDINGS MEDICAL PRACTICE,E01034089,MALE,1
GP_PRAC_PAT_LIST,01/07/2026,C83060,THE SIDINGS MEDICAL PRACTICE,E01034215,MALE,1
GP_PRAC_PAT_LIST,01/07/2026,C83060,THE SIDINGS MEDICAL PRACTICE,E01034401,MALE,1
GP_PRAC_PAT_LIST,01/07/2026,C83060,THE SIDINGS MEDICAL PRACTICE,E01034679,MALE,322
GP_PRAC_PAT_LIST,01/07/2026,C83060,THE SIDINGS MEDICAL PRACTICE,E01034680,MALE,347
GP_PRAC_PAT_LIST,01/07/2026,C83060,THE SIDINGS MEDICAL PRACTICE,E01034681,MALE,333
GP_PRAC_PAT_LIST,01/07/2026,C83060,THE SIDINGS MEDICAL PRACTICE,E01034682,MALE,228
GP_PRAC_PAT_LIST,01/07/2026,C83060,THE SIDINGS MEDICAL PRACTICE,E01034683,MALE,159
GP_PRAC_PAT_LIST,01/07/2026,C83060,THE SIDINGS MEDICAL PRACTICE,E01034684,MALE,186
GP_PRAC_PAT_LIST,01/07/2026,C83060,THE SIDINGS MEDICAL PRACTICE,E01034686,MALE,1
GP_PRAC_PAT_LIST,01/07/2026,C83060,THE SIDINGS MEDICAL PRACTICE,E01034697,MALE,1
GP_PRAC_PAT_LIST,01/07/2026,C83060,THE SIDINGS MEDICAL PRACTICE,E01034698,MALE,3
GP_PRAC_PAT_LIST,01/07/2026,C83060,THE SIDINGS MEDICAL PRACTICE,E01035418,MALE,1
GP_PRAC_PAT_LIST,01/07/2026,C83060,THE SIDINGS MEDICAL PRACTICE,E01035554,MALE,1
GP_PRAC_PAT_LIST,01/07/2026,C83060,THE SIDINGS MEDICAL PRACTICE,EMPTY,MALE,2
GP_PRAC_PAT_LIST,01/07/2026,C83060,THE SIDINGS MEDICAL PRACTICE,W01001436,MALE,1
GP_PRAC_PAT_LIST,01/07/2026,C83061,NORTH THORESBY SURGERY,CLOSED,MALE,3
GP_PRAC_PAT_LIST,01/07/2026,C83061,NORTH THORESBY SURGERY,E01008066,MALE,1
GP_PRAC_PAT_LIST,01/07/2026,C83061,NORTH THORESBY SURGERY,E01013028,MALE,1
GP_PRAC_PAT_LIST,01/07/2026,C83061,NORTH THORESBY SURGERY,E01013129,MALE,1
GP_PRAC_PAT_LIST,01/07/2026,C83061,NORTH THORESBY SURGERY,E01013132,MALE,1
GP_PRAC_PAT_LIST,01/07/2026,C83061,NORTH THORESBY SURGERY,E01013142,MALE,1
GP_PRAC_PAT_LIST,01/07/2026,C83061,NORTH THORESBY SURGERY,E01013154,MALE,1
GP_PRAC_PAT_LIST,01/07/2026,C83061,NORTH THORESBY SURGERY,E01013155,MALE,1
GP_PRAC_PAT_LIST,01/07/2026,C83061,NORTH THORESBY SURGERY,E01013157,MALE,3
GP_PRAC_PAT_LIST,01/07/2026,C83061,NORTH THORESBY SURGERY,E01013158,MALE,1
GP_PRAC_PAT_LIST,01/07/2026,C83061,NORTH THORESBY SURGERY,E01013165,MALE,1
GP_PRAC_PAT_LIST,01/07/2026,C83061,NORTH THORESBY SURGERY,E01013167,MALE,10
GP_PRAC_PAT_LIST,01/07/2026,C83061,NORTH THORESBY SURGERY,E01013170,MALE,51
GP_PRAC_PAT_LIST,01/07/2026,C83061,NORTH THORESBY SURGERY,E01013171,MALE,115
GP_PRAC_PAT_LIST,01/07/2026,C83061,NORTH THORESBY SURGERY,E01013172,MALE,66
GP_PRAC_PAT_LIST,01/07/2026,C83061,NORTH THORESBY SURGERY,E01013184,MALE,2
GP_PRAC_PAT_LIST,01/07/2026,C83061,NORTH THORESBY SURGERY,E01013185,MALE,1
GP_PRAC_PAT_LIST,01/07/2026,C83061,NORTH THORESBY SURGERY,E01013187,MALE,1
GP_PRAC_PAT_LIST,01/07/2026,C83061,NORTH THORESBY SURGERY,E01013188,MALE,1
GP_PRAC_PAT_LIST,01/07/2026,C83061,NORTH THORESBY SURGERY,E01013189,MALE,3
GP_PRAC_PAT_LIST,01/07/2026,C83061,NORTH THORESBY SURGERY,E01013191,MALE,1
GP_PRAC_PAT_LIST,01/07/2026,C83061,NORTH THORESBY SURGERY,E01013192,MALE,1
GP_PRAC_PAT_LIST,01/07/2026,C83061,NORTH THORESBY SURGERY,E01013193,MALE,3
GP_PRAC_PAT_LIST,01/07/2026,C83061,NORTH THORESBY SURGERY,E01013194,MALE,1
GP_PRAC_PAT_LIST,01/07/2026,C83061,NORTH THORESBY SURGERY,E01013196,MALE,1
GP_PRAC_PAT_LIST,01/07/2026,C83061,NORTH THORESBY SURGERY,E01013198,MALE,1
GP_PRAC_PAT_LIST,01/07/2026,C83061,NORTH THORESBY SURGERY,E01013201,MALE,1
GP_PRAC_PAT_LIST,01/07/2026,C83061,NORTH THORESBY SURGERY,E01013202,MALE,1
GP_PRAC_PAT_LIST,01/07/2026,C83061,NORTH THORESBY SURGERY,E01013207,MALE,2
GP_PRAC_PAT_LIST,01/07/2026,C83061,NORTH THORESBY SURGERY,E01013213,MALE,31
GP_PRAC_PAT_LIST,01/07/2026,C83061,NORTH THORESBY SURGERY,E01013214,MALE,128
GP_PRAC_PAT_LIST,01/07/2026,C83061,NORTH THORESBY SURGERY,E01013215,MALE,88
GP_PRAC_PAT_LIST,01/07/2026,C83061,NORTH THORESBY SURGERY,E01013216,MALE,57
GP_PRAC_PAT_LIST,01/07/2026,C83061,NORTH THORESBY SURGERY,E01013217,MALE,52
GP_PRAC_PAT_LIST,01/07/2026,C83061,NORTH THORESBY SURGERY,E01013221,MALE,1
GP_PRAC_PAT_LIST,01/07/2026,C83061,NORTH THORESBY SURGERY,E01013225,MALE,90
GP_PRAC_PAT_LIST,01/07/2026,C83061,NORTH THORESBY SURGERY,E01013227,MALE,1
GP_PRAC_PAT_LIST,01/07/2026,C83061,NORTH THORESBY SURGERY,E01013228,MALE,3
GP_PRAC_PAT_LIST,01/07/2026,C83061,NORTH THORESBY SURGERY,E01013231,MALE,1
GP_PRAC_PAT_LIST,01/07/2026,C83061,NORTH THORESBY SURGERY,E01013287,MALE,1
GP_PRAC_PAT_LIST,01/07/2026,C83061,NORTH THORESBY SURGERY,E01013818,MALE,1
GP_PRAC_PAT_LIST,01/07/2026,C83061,NORTH THORESBY SURGERY,E01026045,MALE,103
GP_PRAC_PAT_LIST,01/07/2026,C83061,NORTH THORESBY SURGERY,E01026046,MALE,1
GP_PRAC_PAT_LIST,01/07/2026,C83061,NORTH THORESBY SURGERY,E01026061,MALE,378
GP_PRAC_PAT_LIST,01/07/2026,C83061,NORTH THORESBY SURGERY,E01026062,MALE,358
GP_PRAC_PAT_LIST,01/07/2026,C83061,NORTH THORESBY SURGERY,E01026063,MALE,480
GP_PRAC_PAT_LIST,01/07/2026,C83061,NORTH THORESBY SURGERY,E01026070,MALE,8
GP_PRAC_PAT_LIST,01/07/2026,C83061,NORTH THORESBY SURGERY,E01026076,MALE,363
GP_PRAC_PAT_LIST,01/07/2026,C83061,NORTH THORESBY SURGERY,E01026077,MALE,2
GP_PRAC_PAT_LIST,01/07/2026,C83061,NORTH THORESBY SURGERY,E01026080,MALE,784
GP_PRAC_PAT_LIST,01/07/2026,C83061,NORTH THORESBY SURGERY,E01026081,MALE,3
GP_PRAC_PAT_LIST,01/07/2026,C83061,NORTH THORESBY SURGERY,E01026089,MALE,1
GP_PRAC_PAT_LIST,01/07/2026,C83061,NORTH THORESBY SURGERY,E01026091,MALE,7
GP_PRAC_PAT_LIST,01/07/2026,C83061,NORTH THORESBY SURGERY,E01026106,MALE,450
GP_PRAC_PAT_LIST,01/07/2026,C83061,NORTH THORESBY SURGERY,E01026107,MALE,495
GP_PRAC_PAT_LIST,01/07/2026,C83061,NORTH THORESBY SURGERY,E01026108,MALE,3
GP_PRAC_PAT_LIST,01/07/2026,C83061,NORTH THORESBY SURGERY,E01026367,MALE,2
GP_PRAC_PAT_LIST,01/07/2026,C83061,NORTH THORESBY SURGERY,E01026392,MALE,2
GP_PRAC_PAT_LIST,01/07/2026,C83061,NORTH THORESBY SURGERY,E01026415,MALE,10
GP_PRAC_PAT_LIST,01/07/2026,C83061,NORTH THORESBY SURGERY,E01026416,MALE,5
GP_PRAC_PAT_LIST,01/07/2026,C83061,NORTH THORESBY SURGERY,E01032986,MALE,1
GP_PRAC_PAT_LIST,01/07/2026,C83061,NORTH THORESBY SURGERY,E01032987,MALE,2
GP_PRAC_PAT_LIST,01/07/2026,C83061,NORTH THORESBY SURGERY,E01033414,MALE,1
GP_PRAC_PAT_LIST,01/07/2026,C83061,NORTH THORESBY SURGERY,E01035476,MALE,28
GP_PRAC_PAT_LIST,01/07/2026,C83061,NORTH THORESBY SURGERY,E01035477,MALE,2
GP_PRAC_PAT_LIST,01/07/2026,C83061,NORTH THORESBY SURGERY,E01035478,MALE,2
GP_PRAC_PAT_LIST,01/07/2026,C83061,NORTH THORESBY SURGERY,E01035479,MALE,33
GP_PRAC_PAT_LIST,01/07/2026,C83061,NORTH THORESBY SURGERY,E01035480,MALE,80
GP_PRAC_PAT_LIST,01/07/2026,C83061,NORTH THORESBY SURGERY,EMPTY,MALE,4
GP_PRAC_PAT_LIST,01/07/2026,C83062,CHURCH WALK SURGERY,CLOSED,MALE,9
GP_PRAC_PAT_LIST,01/07/2026,C83062,CHURCH WALK SURGERY,E01026052,MALE,1
GP_PRAC_PAT_LIST,01/07/2026,C83062,CHURCH WALK SURGERY,E01026118,MALE,1
GP_PRAC_PAT_LIST,01/07/2026,C83062,CHURCH WALK SURGERY,E01026178,MALE,1
GP_PRAC_PAT_LIST,01/07/2026,C83062,CHURCH WALK SURGERY,E01026179,MALE,199
GP_PRAC_PAT_LIST,01/07/2026,C83062,CHURCH WALK SURGERY,E01026180,MALE,184
GP_PRAC_PAT_LIST,01/07/2026,C83062,CHURCH WALK SURGERY,E01026183,MALE,5
GP_PRAC_PAT_LIST,01/07/2026,C83062,CHURCH WALK SURGERY,E01026184,MALE,8
GP_PRAC_PAT_LIST,01/07/2026,C83062,CHURCH WALK SURGERY,E01026189,MALE,3
GP_PRAC_PAT_LIST,01/07/2026,C83062,CHURCH WALK SURGERY,E01026190,MALE,2
GP_PRAC_PAT_LIST,01/07/2026,C83062,CHURCH WALK SURGERY,E01026191,MALE,31
GP_PRAC_PAT_LIST,01/07/2026,C83062,CHURCH WALK SURGERY,E01026194,MALE,4
GP_PRAC_PAT_LIST,01/07/2026,C83062,CHURCH WALK SURGERY,E01026195,MALE,3
GP_PRAC_PAT_LIST,01/07/2026,C83062,CHURCH WALK SURGERY,E01026197,MALE,17
GP_PRAC_PAT_LIST,01/07/2026,C83062,CHURCH WALK SURGERY,E01026198,MALE,1
GP_PRAC_PAT_LIST,01/07/2026,C83062,CHURCH WALK SURGERY,E01026205,MALE,1
GP_PRAC_PAT_LIST,01/07/2026,C83062,CHURCH WALK SURGERY,E01026206,MALE,1
GP_PRAC_PAT_LIST,01/07/2026,C83062,CHURCH WALK SURGERY,E01026207,MALE,2
GP_PRAC_PAT_LIST,01/07/2026,C83062,CHURCH WALK SURGERY,E01026208,MALE,1
GP_PRAC_PAT_LIST,01/07/2026,C83062,CHURCH WALK SURGERY,E01026210,MALE,202
GP_PRAC_PAT_LIST,01/07/2026,C83062,CHURCH WALK SURGERY,E01026211,MALE,672
GP_PRAC_PAT_LIST,01/07/2026,C83062,CHURCH WALK SURGERY,E01026212,MALE,745
GP_PRAC_PAT_LIST,01/07/2026,C83062,CHURCH WALK SURGERY,E01026213,MALE,745
GP_PRAC_PAT_LIST,01/07/2026,C83062,CHURCH WALK SURGERY,E01026222,MALE,1
GP_PRAC_PAT_LIST,01/07/2026,C83062,CHURCH WALK SURGERY,E01026223,MALE,3
GP_PRAC_PAT_LIST,01/07/2026,C83062,CHURCH WALK SURGERY,E01026224,MALE,3
GP_PRAC_PAT_LIST,01/07/2026,C83062,CHURCH WALK SURGERY,E01026231,MALE,1
GP_PRAC_PAT_LIST,01/07/2026,C83062,CHURCH WALK SURGERY,E01026238,MALE,1
GP_PRAC_PAT_LIST,01/07/2026,C83062,CHURCH WALK SURGERY,E01026240,MALE,1
GP_PRAC_PAT_LIST,01/07/2026,C83062,CHURCH WALK SURGERY,E01026333,MALE,1
GP_PRAC_PAT_LIST,01/07/2026,C83062,CHURCH WALK SURGERY,E01026366,MALE,1
GP_PRAC_PAT_LIST,01/07/2026,C83062,CHURCH WALK SURGERY,E01026392,MALE,1
GP_PRAC_PAT_LIST,01/07/2026,C83062,CHURCH WALK SURGERY,E01032103,MALE,1
GP_PRAC_PAT_LIST,01/07/2026,C83062,CHURCH WALK SURGERY,EMPTY,MALE,3
GP_PRAC_PAT_LIST,01/07/2026,C83063,LONG SUTTON MEDICAL CTR.,CLOSED,MALE,5
GP_PRAC_PAT_LIST,01/07/2026,C83063,LONG SUTTON MEDICAL CTR.,E01001856,MALE,1
GP_PRAC_PAT_LIST,01/07/2026,C83063,LONG SUTTON MEDICAL CTR.,E01002346,MALE,1
GP_PRAC_PAT_LIST,01/07/2026,C83063,LONG SUTTON MEDICAL CTR.,E01002781,MALE,1
GP_PRAC_PAT_LIST,01/07/2026,C83063,LONG SUTTON MEDICAL CTR.,E01005920,MALE,1
GP_PRAC_PAT_LIST,01/07/2026,C83063,LONG SUTTON MEDICAL CTR.,E01013398,MALE,1
GP_PRAC_PAT_LIST,01/07/2026,C83063,LONG SUTTON MEDICAL CTR.,E01013759,MALE,1
GP_PRAC_PAT_LIST,01/07/2026,C83063,LONG SUTTON MEDICAL CTR.,E01015052,MALE,1
GP_PRAC_PAT_LIST,01/07/2026,C83063,LONG SUTTON MEDICAL CTR.,E01015425,MALE,1
GP_PRAC_PAT_LIST,01/07/2026,C83063,LONG SUTTON MEDICAL CTR.,E01018087,MALE,1
GP_PRAC_PAT_LIST,01/07/2026,C83063,LONG SUTTON MEDICAL CTR.,E01018097,MALE,323
GP_PRAC_PAT_LIST,01/07/2026,C83063,LONG SUTTON MEDICAL CTR.,E01020813,MALE,1
GP_PRAC_PAT_LIST,01/07/2026,C83063,LONG SUTTON MEDICAL CTR.,E01021289,MALE,1
GP_PRAC_PAT_LIST,01/07/2026,C83063,LONG SUTTON MEDICAL CTR.,E01021820,MALE,1
GP_PRAC_PAT_LIST,01/07/2026,C83063,LONG SUTTON MEDICAL CTR.,E01022249,MALE,1
GP_PRAC_PAT_LIST,01/07/2026,C83063,LONG SUTTON MEDICAL CTR.,E01023198,MALE,1
GP_PRAC_PAT_LIST,01/07/2026,C83063,LONG SUTTON MEDICAL CTR.,E01023546,MALE,1
GP_PRAC_PAT_LIST,01/07/2026,C83063,LONG SUTTON MEDICAL CTR.,E01024195,MALE,1
GP_PRAC_PAT_LIST,01/07/2026,C83063,LONG SUTTON MEDICAL CTR.,E01024682,MALE,1
GP_PRAC_PAT_LIST,01/07/2026,C83063,LONG SUTTON MEDICAL CTR.,E01025219,MALE,1
GP_PRAC_PAT_LIST,01/07/2026,C83063,LONG SUTTON MEDICAL CTR.,E01026041,MALE,1
GP_PRAC_PAT_LIST,01/07/2026,C83063,LONG SUTTON MEDICAL CTR.,E01026245,MALE,220
GP_PRAC_PAT_LIST,01/07/2026,C83063,LONG SUTTON MEDICAL CTR.,E01026246,MALE,869
GP_PRAC_PAT_LIST,01/07/2026,C83063,LONG SUTTON MEDICAL CTR.,E01026248,MALE,3
GP_PRAC_PAT_LIST,01/07/2026,C83063,LONG SUTTON MEDICAL CTR.,E01026249,MALE,2
GP_PRAC_PAT_LIST,01/07/2026,C83063,LONG SUTTON MEDICAL CTR.,E01026250,MALE,3
GP_PRAC_PAT_LIST,01/07/2026,C83063,LONG SUTTON MEDICAL CTR.,E01026251,MALE,2
GP_PRAC_PAT_LIST,01/07/2026,C83063,LONG SUTTON MEDICAL CTR.,E01026252,MALE,3
GP_PRAC_PAT_LIST,01/07/2026,C83063,LONG SUTTON MEDICAL CTR.,E01026253,MALE,1
GP_PRAC_PAT_LIST,01/07/2026,C83063,LONG SUTTON MEDICAL CTR.,E01026254,MALE,771
GP_PRAC_PAT_LIST,01/07/2026,C83063,LONG SUTTON MEDICAL CTR.,E01026255,MALE,977
GP_PRAC_PAT_LIST,01/07/2026,C83063,LONG SUTTON MEDICAL CTR.,E01026256,MALE,776
GP_PRAC_PAT_LIST,01/07/2026,C83063,LONG SUTTON MEDICAL CTR.,E01026257,MALE,1021
GP_PRAC_PAT_LIST,01/07/2026,C83063,LONG SUTTON MEDICAL CTR.,E01026275,MALE,1
GP_PRAC_PAT_LIST,01/07/2026,C83063,LONG SUTTON MEDICAL CTR.,E01026277,MALE,884
GP_PRAC_PAT_LIST,01/07/2026,C83063,LONG SUTTON MEDICAL CTR.,E01026278,MALE,678
GP_PRAC_PAT_LIST,01/07/2026,C83063,LONG SUTTON MEDICAL CTR.,E01026279,MALE,664
GP_PRAC_PAT_LIST,01/07/2026,C83063,LONG SUTTON MEDICAL CTR.,E01026280,MALE,442
GP_PRAC_PAT_LIST,01/07/2026,C83063,LONG SUTTON MEDICAL CTR.,E01026281,MALE,4
GP_PRAC_PAT_LIST,01/07/2026,C83063,LONG SUTTON MEDICAL CTR.,E01026283,MALE,1
GP_PRAC_PAT_LIST,01/07/2026,C83063,LONG SUTTON MEDICAL CTR.,E01026284,MALE,4
GP_PRAC_PAT_LIST,01/07/2026,C83063,LONG SUTTON MEDICAL CTR.,E01026326,MALE,1
GP_PRAC_PAT_LIST,01/07/2026,C83063,LONG SUTTON MEDICAL CTR.,E01026456,MALE,1
GP_PRAC_PAT_LIST,01/07/2026,C83063,LONG SUTTON MEDICAL CTR.,E01026673,MALE,1
GP_PRAC_PAT_LIST,01/07/2026,C83063,LONG SUTTON MEDICAL CTR.,E01026678,MALE,1
GP_PRAC_PAT_LIST,01/07/2026,C83063,LONG SUTTON MEDICAL CTR.,E01026684,MALE,2
GP_PRAC_PAT_LIST,01/07/2026,C83063,LONG SUTTON MEDICAL CTR.,E01026711,MALE,2
GP_PRAC_PAT_LIST,01/07/2026,C83063,LONG SUTTON MEDICAL CTR.,E01026712,MALE,1
GP_PRAC_PAT_LIST,01/07/2026,C83063,LONG SUTTON MEDICAL CTR.,E01026713,MALE,1
GP_PRAC_PAT_LIST,01/07/2026,C83063,LONG SUTTON MEDICAL CTR.,E01026719,MALE,105
GP_PRAC_PAT_LIST,01/07/2026,C83063,LONG SUTTON MEDICAL CTR.,E01026720,MALE,1
GP_PRAC_PAT_LIST,01/07/2026,C83063,LONG SUTTON MEDICAL CTR.,E01026723,MALE,1
GP_PRAC_PAT_LIST,01/07/2026,C83063,LONG SUTTON MEDICAL CTR.,E01026741,MALE,1
GP_PRAC_PAT_LIST,01/07/2026,C83063,LONG SUTTON MEDICAL CTR.,E01026771,MALE,1
GP_PRAC_PAT_LIST,01/07/2026,C83063,LONG SUTTON MEDICAL CTR.,E01026873,MALE,1
GP_PRAC_PAT_LIST,01/07/2026,C83063,LONG SUTTON MEDICAL CTR.,E01028371,MALE,1
GP_PRAC_PAT_LIST,01/07/2026,C83063,LONG SUTTON MEDICAL CTR.,E01032995,MALE,2
GP_PRAC_PAT_LIST,01/07/2026,C83063,LONG SUTTON MEDICAL CTR.,E01032996,MALE,1
GP_PRAC_PAT_LIST,01/07/2026,C83063,LONG SUTTON MEDICAL CTR.,E01034402,MALE,1
GP_PRAC_PAT_LIST,01/07/2026,C83063,LONG SUTTON MEDICAL CTR.,E01034698,MALE,1
GP_PRAC_PAT_LIST,01/07/2026,C83063,LONG SUTTON MEDICAL CTR.,E01035501,MALE,1
GP_PRAC_PAT_LIST,01/07/2026,C83063,LONG SUTTON MEDICAL CTR.,EMPTY,MALE,1
GP_PRAC_PAT_LIST,01/07/2026,C83064,MARISCO MEDICAL PRACTICE,CLOSED,MALE,1
GP_PRAC_PAT_LIST,01/07/2026,C83064,MARISCO MEDICAL PRACTICE,E01012824,MALE,1
GP_PRAC_PAT_LIST,01/07/2026,C83064,MARISCO MEDICAL PRACTICE,E01013207,MALE,1
GP_PRAC_PAT_LIST,01/07/2026,C83064,MARISCO MEDICAL PRACTICE,E01018925,MALE,1
GP_PRAC_PAT_LIST,01/07/2026,C83064,MARISCO MEDICAL PRACTICE,E01019954,MALE,1
GP_PRAC_PAT_LIST,01/07/2026,C83064,MARISCO MEDICAL PRACTICE,E01021840,MALE,1
GP_PRAC_PAT_LIST,01/07/2026,C83064,MARISCO MEDICAL PRACTICE,E01026042,MALE,52
GP_PRAC_PAT_LIST,01/07/2026,C83064,MARISCO MEDICAL PRACTICE,E01026043,MALE,51
GP_PRAC_PAT_LIST,01/07/2026,C83064,MARISCO MEDICAL PRACTICE,E01026044,MALE,164
GP_PRAC_PAT_LIST,01/07/2026,C83064,MARISCO MEDICAL PRACTICE,E01026047,MALE,1
GP_PRAC_PAT_LIST,01/07/2026,C83064,MARISCO MEDICAL PRACTICE,E01026048,MALE,24
GP_PRAC_PAT_LIST,01/07/2026,C83064,MARISCO MEDICAL PRACTICE,E01026049,MALE,62
GP_PRAC_PAT_LIST,01/07/2026,C83064,MARISCO MEDICAL PRACTICE,E01026050,MALE,41
GP_PRAC_PAT_LIST,01/07/2026,C83064,MARISCO MEDICAL PRACTICE,E01026055,MALE,1
GP_PRAC_PAT_LIST,01/07/2026,C83064,MARISCO MEDICAL PRACTICE,E01026058,MALE,4
GP_PRAC_PAT_LIST,01/07/2026,C83064,MARISCO MEDICAL PRACTICE,E01026059,MALE,4
GP_PRAC_PAT_LIST,01/07/2026,C83064,MARISCO MEDICAL PRACTICE,E01026060,MALE,1
GP_PRAC_PAT_LIST,01/07/2026,C83064,MARISCO MEDICAL PRACTICE,E01026067,MALE,1
GP_PRAC_PAT_LIST,01/07/2026,C83064,MARISCO MEDICAL PRACTICE,E01026068,MALE,5
GP_PRAC_PAT_LIST,01/07/2026,C83064,MARISCO MEDICAL PRACTICE,E01026069,MALE,22
GP_PRAC_PAT_LIST,01/07/2026,C83064,MARISCO MEDICAL PRACTICE,E01026070,MALE,4
GP_PRAC_PAT_LIST,01/07/2026,C83064,MARISCO MEDICAL PRACTICE,E01026072,MALE,1184
GP_PRAC_PAT_LIST,01/07/2026,C83064,MARISCO MEDICAL PRACTICE,E01026073,MALE,1010
GP_PRAC_PAT_LIST,01/07/2026,C83064,MARISCO MEDICAL PRACTICE,E01026074,MALE,1069
GP_PRAC_PAT_LIST,01/07/2026,C83064,MARISCO MEDICAL PRACTICE,E01026076,MALE,3
GP_PRAC_PAT_LIST,01/07/2026,C83064,MARISCO MEDICAL PRACTICE,E01026077,MALE,6
GP_PRAC_PAT_LIST,01/07/2026,C83064,MARISCO MEDICAL PRACTICE,E01026079,MALE,9
GP_PRAC_PAT_LIST,01/07/2026,C83064,MARISCO MEDICAL PRACTICE,E01026080,MALE,2
GP_PRAC_PAT_LIST,01/07/2026,C83064,MARISCO MEDICAL PRACTICE,E01026081,MALE,3
GP_PRAC_PAT_LIST,01/07/2026,C83064,MARISCO MEDICAL PRACTICE,E01026083,MALE,5
GP_PRAC_PAT_LIST,01/07/2026,C83064,MARISCO MEDICAL PRACTICE,E01026084,MALE,1
GP_PRAC_PAT_LIST,01/07/2026,C83064,MARISCO MEDICAL PRACTICE,E01026087,MALE,2
GP_PRAC_PAT_LIST,01/07/2026,C83064,MARISCO MEDICAL PRACTICE,E01026089,MALE,2
GP_PRAC_PAT_LIST,01/07/2026,C83064,MARISCO MEDICAL PRACTICE,E01026091,MALE,6
GP_PRAC_PAT_LIST,01/07/2026,C83064,MARISCO MEDICAL PRACTICE,E01026092,MALE,2
GP_PRAC_PAT_LIST,01/07/2026,C83064,MARISCO MEDICAL PRACTICE,E01026093,MALE,5
GP_PRAC_PAT_LIST,01/07/2026,C83064,MARISCO MEDICAL PRACTICE,E01026094,MALE,1
GP_PRAC_PAT_LIST,01/07/2026,C83064,MARISCO MEDICAL PRACTICE,E01026097,MALE,1
GP_PRAC_PAT_LIST,01/07/2026,C83064,MARISCO MEDICAL PRACTICE,E01026099,MALE,236
GP_PRAC_PAT_LIST,01/07/2026,C83064,MARISCO MEDICAL PRACTICE,E01026100,MALE,2
GP_PRAC_PAT_LIST,01/07/2026,C83064,MARISCO MEDICAL PRACTICE,E01026103,MALE,921
GP_PRAC_PAT_LIST,01/07/2026,C83064,MARISCO MEDICAL PRACTICE,E01026104,MALE,978
GP_PRAC_PAT_LIST,01/07/2026,C83064,MARISCO MEDICAL PRACTICE,E01026106,MALE,1
GP_PRAC_PAT_LIST,01/07/2026,C83064,MARISCO MEDICAL PRACTICE,E01026108,MALE,5
GP_PRAC_PAT_LIST,01/07/2026,C83064,MARISCO MEDICAL PRACTICE,E01026109,MALE,929
GP_PRAC_PAT_LIST,01/07/2026,C83064,MARISCO MEDICAL PRACTICE,E01026112,MALE,2
GP_PRAC_PAT_LIST,01/07/2026,C83064,MARISCO MEDICAL PRACTICE,E01026113,MALE,28
GP_PRAC_PAT_LIST,01/07/2026,C83064,MARISCO MEDICAL PRACTICE,E01026114,MALE,2
GP_PRAC_PAT_LIST,01/07/2026,C83064,MARISCO MEDICAL PRACTICE,E01026115,MALE,6
GP_PRAC_PAT_LIST,01/07/2026,C83064,MARISCO MEDICAL PRACTICE,E01026116,MALE,1
GP_PRAC_PAT_LIST,01/07/2026,C83064,MARISCO MEDICAL PRACTICE,E01026117,MALE,156
GP_PRAC_PAT_LIST,01/07/2026,C83064,MARISCO MEDICAL PRACTICE,E01026119,MALE,1
GP_PRAC_PAT_LIST,01/07/2026,C83064,MARISCO MEDICAL PRACTICE,E01026153,MALE,1
GP_PRAC_PAT_LIST,01/07/2026,C83064,MARISCO MEDICAL PRACTICE,E01026590,MALE,1
GP_PRAC_PAT_LIST,01/07/2026,C83064,MARISCO MEDICAL PRACTICE,E01028001,MALE,1
GP_PRAC_PAT_LIST,01/07/2026,C83064,MARISCO MEDICAL PRACTICE,E01028437,MALE,1
GP_PRAC_PAT_LIST,01/07/2026,C83064,MARISCO MEDICAL PRACTICE,E01032987,MALE,1
GP_PRAC_PAT_LIST,01/07/2026,C83064,MARISCO MEDICAL PRACTICE,E01034685,MALE,1
GP_PRAC_PAT_LIST,01/07/2026,C83064,MARISCO MEDICAL PRACTICE,E01034686,MALE,3
GP_PRAC_PAT_LIST,01/07/2026,C83064,MARISCO MEDICAL PRACTICE,E01035476,MALE,1
GP_PRAC_PAT_LIST,01/07/2026,C83064,MARISCO MEDICAL PRACTICE,EMPTY,MALE,3
GP_PRAC_PAT_LIST,01/07/2026,C83065,LITTLEBURY MEDICAL CENTRE,CLOSED,MALE,1
GP_PRAC_PAT_LIST,01/07/2026,C83065,LITTLEBURY MEDICAL CENTRE,E01002338,MALE,1
GP_PRAC_PAT_LIST,01/07/2026,C83065,LITTLEBURY MEDICAL CENTRE,E01003622,MALE,1
GP_PRAC_PAT_LIST,01/07/2026,C83065,LITTLEBURY MEDICAL CENTRE,E01008087,MALE,1
GP_PRAC_PAT_LIST,01/07/2026,C83065,LITTLEBURY MEDICAL CENTRE,E01008257,MALE,1
GP_PRAC_PAT_LIST,01/07/2026,C83065,LITTLEBURY MEDICAL CENTRE,E01013117,MALE,1
GP_PRAC_PAT_LIST,01/07/2026,C83065,LITTLEBURY MEDICAL CENTRE,E01013863,MALE,1
GP_PRAC_PAT_LIST,01/07/2026,C83065,LITTLEBURY MEDICAL CENTRE,E01015618,MALE,1
GP_PRAC_PAT_LIST,01/07/2026,C83065,LITTLEBURY MEDICAL CENTRE,E01015630,MALE,1
GP_PRAC_PAT_LIST,01/07/2026,C83065,LITTLEBURY MEDICAL CENTRE,E01015633,MALE,1
GP_PRAC_PAT_LIST,01/07/2026,C83065,LITTLEBURY MEDICAL CENTRE,E01015655,MALE,1
GP_PRAC_PAT_LIST,01/07/2026,C83065,LITTLEBURY MEDICAL CENTRE,E01015665,MALE,1
GP_PRAC_PAT_LIST,01/07/2026,C83065,LITTLEBURY MEDICAL CENTRE,E01015687,MALE,1
GP_PRAC_PAT_LIST,01/07/2026,C83065,LITTLEBURY MEDICAL CENTRE,E01016711,MALE,2
GP_PRAC_PAT_LIST,01/07/2026,C83065,LITTLEBURY MEDICAL CENTRE,E01017580,MALE,1
GP_PRAC_PAT_LIST,01/07/2026,C83065,LITTLEBURY MEDICAL CENTRE,E01018068,MALE,1
GP_PRAC_PAT_LIST,01/07/2026,C83065,LITTLEBURY MEDICAL CENTRE,E01018070,MALE,1
GP_PRAC_PAT_LIST,01/07/2026,C83065,LITTLEBURY MEDICAL CENTRE,E01018071,MALE,1
GP_PRAC_PAT_LIST,01/07/2026,C83065,LITTLEBURY MEDICAL CENTRE,E01018081,MALE,1
GP_PRAC_PAT_LIST,01/07/2026,C83065,LITTLEBURY MEDICAL CENTRE,E01018090,MALE,1
GP_PRAC_PAT_LIST,01/07/2026,C83065,LITTLEBURY MEDICAL CENTRE,E01018093,MALE,1
GP_PRAC_PAT_LIST,01/07/2026,C83065,LITTLEBURY MEDICAL CENTRE,E01018097,MALE,4
GP_PRAC_PAT_LIST,01/07/2026,C83065,LITTLEBURY MEDICAL CENTRE,E01023735,MALE,1
GP_PRAC_PAT_LIST,01/07/2026,C83065,LITTLEBURY MEDICAL CENTRE,E01026016,MALE,1
GP_PRAC_PAT_LIST,01/07/2026,C83065,LITTLEBURY MEDICAL CENTRE,E01026017,MALE,9
GP_PRAC_PAT_LIST,01/07/2026,C83065,LITTLEBURY MEDICAL CENTRE,E01026018,MALE,1
GP_PRAC_PAT_LIST,01/07/2026,C83065,LITTLEBURY MEDICAL CENTRE,E01026020,MALE,2
GP_PRAC_PAT_LIST,01/07/2026,C83065,LITTLEBURY MEDICAL CENTRE,E01026021,MALE,1
GP_PRAC_PAT_LIST,01/07/2026,C83065,LITTLEBURY MEDICAL CENTRE,E01026024,MALE,1
GP_PRAC_PAT_LIST,01/07/2026,C83065,LITTLEBURY MEDICAL CENTRE,E01026025,MALE,2
GP_PRAC_PAT_LIST,01/07/2026,C83065,LITTLEBURY MEDICAL CENTRE,E01026033,MALE,3
GP_PRAC_PAT_LIST,01/07/2026,C83065,LITTLEBURY MEDICAL CENTRE,E01026098,MALE,1
GP_PRAC_PAT_LIST,01/07/2026,C83065,LITTLEBURY MEDICAL CENTRE,E01026125,MALE,1
GP_PRAC_PAT_LIST,01/07/2026,C83065,LITTLEBURY MEDICAL CENTRE,E01026201,MALE,1
GP_PRAC_PAT_LIST,01/07/2026,C83065,LITTLEBURY MEDICAL CENTRE,E01026222,MALE,1
GP_PRAC_PAT_LIST,01/07/2026,C83065,LITTLEBURY MEDICAL CENTRE,E01026223,MALE,1
GP_PRAC_PAT_LIST,01/07/2026,C83065,LITTLEBURY MEDICAL CENTRE,E01026224,MALE,1
GP_PRAC_PAT_LIST,01/07/2026,C83065,LITTLEBURY MEDICAL CENTRE,E01026227,MALE,2
GP_PRAC_PAT_LIST,01/07/2026,C83065,LITTLEBURY MEDICAL CENTRE,E01026228,MALE,4
GP_PRAC_PAT_LIST,01/07/2026,C83065,LITTLEBURY MEDICAL CENTRE,E01026229,MALE,1
GP_PRAC_PAT_LIST,01/07/2026,C83065,LITTLEBURY MEDICAL CENTRE,E01026230,MALE,2
GP_PRAC_PAT_LIST,01/07/2026,C83065,LITTLEBURY MEDICAL CENTRE,E01026231,MALE,6
GP_PRAC_PAT_LIST,01/07/2026,C83065,LITTLEBURY MEDICAL CENTRE,E01026232,MALE,2
GP_PRAC_PAT_LIST,01/07/2026,C83065,LITTLEBURY MEDICAL CENTRE,E01026233,MALE,1
GP_PRAC_PAT_LIST,01/07/2026,C83065,LITTLEBURY MEDICAL CENTRE,E01026235,MALE,1
GP_PRAC_PAT_LIST,01/07/2026,C83065,LITTLEBURY MEDICAL CENTRE,E01026239,MALE,7
GP_PRAC_PAT_LIST,01/07/2026,C83065,LITTLEBURY MEDICAL CENTRE,E01026240,MALE,6
GP_PRAC_PAT_LIST,01/07/2026,C83065,LITTLEBURY MEDICAL CENTRE,E01026241,MALE,1
GP_PRAC_PAT_LIST,01/07/2026,C83065,LITTLEBURY MEDICAL CENTRE,E01026242,MALE,1
GP_PRAC_PAT_LIST,01/07/2026,C83065,LITTLEBURY MEDICAL CENTRE,E01026243,MALE,1
GP_PRAC_PAT_LIST,01/07/2026,C83065,LITTLEBURY MEDICAL CENTRE,E01026244,MALE,6
GP_PRAC_PAT_LIST,01/07/2026,C83065,LITTLEBURY MEDICAL CENTRE,E01026245,MALE,635
GP_PRAC_PAT_LIST,01/07/2026,C83065,LITTLEBURY MEDICAL CENTRE,E01026246,MALE,142
GP_PRAC_PAT_LIST,01/07/2026,C83065,LITTLEBURY MEDICAL CENTRE,E01026247,MALE,2
GP_PRAC_PAT_LIST,01/07/2026,C83065,LITTLEBURY MEDICAL CENTRE,E01026248,MALE,613
GP_PRAC_PAT_LIST,01/07/2026,C83065,LITTLEBURY MEDICAL CENTRE,E01026249,MALE,351
GP_PRAC_PAT_LIST,01/07/2026,C83065,LITTLEBURY MEDICAL CENTRE,E01026250,MALE,596
GP_PRAC_PAT_LIST,01/07/2026,C83065,LITTLEBURY MEDICAL CENTRE,E01026251,MALE,570
GP_PRAC_PAT_LIST,01/07/2026,C83065,LITTLEBURY MEDICAL CENTRE,E01026252,MALE,422
GP_PRAC_PAT_LIST,01/07/2026,C83065,LITTLEBURY MEDICAL CENTRE,E01026253,MALE,524
GP_PRAC_PAT_LIST,01/07/2026,C83065,LITTLEBURY MEDICAL CENTRE,E01026254,MALE,27
GP_PRAC_PAT_LIST,01/07/2026,C83065,LITTLEBURY MEDICAL CENTRE,E01026255,MALE,23
GP_PRAC_PAT_LIST,01/07/2026,C83065,LITTLEBURY MEDICAL CENTRE,E01026256,MALE,28
GP_PRAC_PAT_LIST,01/07/2026,C83065,LITTLEBURY MEDICAL CENTRE,E01026257,MALE,40
GP_PRAC_PAT_LIST,01/07/2026,C83065,LITTLEBURY MEDICAL CENTRE,E01026258,MALE,2
GP_PRAC_PAT_LIST,01/07/2026,C83065,LITTLEBURY MEDICAL CENTRE,E01026259,MALE,5
GP_PRAC_PAT_LIST,01/07/2026,C83065,LITTLEBURY MEDICAL CENTRE,E01026262,MALE,1
GP_PRAC_PAT_LIST,01/07/2026,C83065,LITTLEBURY MEDICAL CENTRE,E01026263,MALE,8
GP_PRAC_PAT_LIST,01/07/2026,C83065,LITTLEBURY MEDICAL CENTRE,E01026264,MALE,1
GP_PRAC_PAT_LIST,01/07/2026,C83065,LITTLEBURY MEDICAL CENTRE,E01026265,MALE,9
GP_PRAC_PAT_LIST,01/07/2026,C83065,LITTLEBURY MEDICAL CENTRE,E01026266,MALE,3
GP_PRAC_PAT_LIST,01/07/2026,C83065,LITTLEBURY MEDICAL CENTRE,E01026268,MALE,4
GP_PRAC_PAT_LIST,01/07/2026,C83065,LITTLEBURY MEDICAL CENTRE,E01026269,MALE,2
GP_PRAC_PAT_LIST,01/07/2026,C83065,LITTLEBURY MEDICAL CENTRE,E01026270,MALE,8
GP_PRAC_PAT_LIST,01/07/2026,C83065,LITTLEBURY MEDICAL CENTRE,E01026271,MALE,3
GP_PRAC_PAT_LIST,01/07/2026,C83065,LITTLEBURY MEDICAL CENTRE,E01026272,MALE,1
GP_PRAC_PAT_LIST,01/07/2026,C83065,LITTLEBURY MEDICAL CENTRE,E01026273,MALE,2
GP_PRAC_PAT_LIST,01/07/2026,C83065,LITTLEBURY MEDICAL CENTRE,E01026275,MALE,2
GP_PRAC_PAT_LIST,01/07/2026,C83065,LITTLEBURY MEDICAL CENTRE,E01026276,MALE,1
GP_PRAC_PAT_LIST,01/07/2026,C83065,LITTLEBURY MEDICAL CENTRE,E01026277,MALE,7
GP_PRAC_PAT_LIST,01/07/2026,C83065,LITTLEBURY MEDICAL CENTRE,E01026278,MALE,6
GP_PRAC_PAT_LIST,01/07/2026,C83065,LITTLEBURY MEDICAL CENTRE,E01026279,MALE,1
GP_PRAC_PAT_LIST,01/07/2026,C83065,LITTLEBURY MEDICAL CENTRE,E01026280,MALE,106
GP_PRAC_PAT_LIST,01/07/2026,C83065,LITTLEBURY MEDICAL CENTRE,E01026281,MALE,49
GP_PRAC_PAT_LIST,01/07/2026,C83065,LITTLEBURY MEDICAL CENTRE,E01026282,MALE,64
GP_PRAC_PAT_LIST,01/07/2026,C83065,LITTLEBURY MEDICAL CENTRE,E01026283,MALE,56
GP_PRAC_PAT_LIST,01/07/2026,C83065,LITTLEBURY MEDICAL CENTRE,E01026284,MALE,14
GP_PRAC_PAT_LIST,01/07/2026,C83065,LITTLEBURY MEDICAL CENTRE,E01026285,MALE,184
GP_PRAC_PAT_LIST,01/07/2026,C83065,LITTLEBURY MEDICAL CENTRE,E01026286,MALE,175
GP_PRAC_PAT_LIST,01/07/2026,C83065,LITTLEBURY MEDICAL CENTRE,E01026364,MALE,1
GP_PRAC_PAT_LIST,01/07/2026,C83065,LITTLEBURY MEDICAL CENTRE,E01026643,MALE,1
GP_PRAC_PAT_LIST,01/07/2026,C83065,LITTLEBURY MEDICAL CENTRE,E01026663,MALE,1
GP_PRAC_PAT_LIST,01/07/2026,C83065,LITTLEBURY MEDICAL CENTRE,E01026720,MALE,2
GP_PRAC_PAT_LIST,01/07/2026,C83065,LITTLEBURY MEDICAL CENTRE,E01032995,MALE,3
GP_PRAC_PAT_LIST,01/07/2026,C83065,LITTLEBURY MEDICAL CENTRE,E01032996,MALE,3
GP_PRAC_PAT_LIST,01/07/2026,C83065,LITTLEBURY MEDICAL CENTRE,E01034697,MALE,2
GP_PRAC_PAT_LIST,01/07/2026,C83065,LITTLEBURY MEDICAL CENTRE,E01034698,MALE,1
GP_PRAC_PAT_LIST,01/07/2026,C83065,LITTLEBURY MEDICAL CENTRE,E01034699,MALE,3
GP_PRAC_PAT_LIST,01/07/2026,C83065,LITTLEBURY MEDICAL CENTRE,E01034700,MALE,2
GP_PRAC_PAT_LIST,01/07/2026,C83065,LITTLEBURY MEDICAL CENTRE,E01035548,MALE,1
GP_PRAC_PAT_LIST,01/07/2026,C83065,LITTLEBURY MEDICAL CENTRE,EMPTY,MALE,6
GP_PRAC_PAT_LIST,01/07/2026,C83067,LONG BENNINGTON MEDICAL CENTRE,E01003179,MALE,1
GP_PRAC_PAT_LIST,01/07/2026,C83067,LONG BENNINGTON MEDICAL CENTRE,E01007710,MALE,1
GP_PRAC_PAT_LIST,01/07/2026,C83067,LONG BENNINGTON MEDICAL CENTRE,E01015645,MALE,1
GP_PRAC_PAT_LIST,01/07/2026,C83067,LONG BENNINGTON MEDICAL CENTRE,E01020419,MALE,1
GP_PRAC_PAT_LIST,01/07/2026,C83067,LONG BENNINGTON MEDICAL CENTRE,E01025885,MALE,307
GP_PRAC_PAT_LIST,01/07/2026,C83067,LONG BENNINGTON MEDICAL CENTRE,E01025886,MALE,126
GP_PRAC_PAT_LIST,01/07/2026,C83067,LONG BENNINGTON MEDICAL CENTRE,E01026291,MALE,2
GP_PRAC_PAT_LIST,01/07/2026,C83067,LONG BENNINGTON MEDICAL CENTRE,E01026313,MALE,3
GP_PRAC_PAT_LIST,01/07/2026,C83067,LONG BENNINGTON MEDICAL CENTRE,E01026314,MALE,1
GP_PRAC_PAT_LIST,01/07/2026,C83067,LONG BENNINGTON MEDICAL CENTRE,E01026315,MALE,1
GP_PRAC_PAT_LIST,01/07/2026,C83067,LONG BENNINGTON MEDICAL CENTRE,E01026317,MALE,1
GP_PRAC_PAT_LIST,01/07/2026,C83067,LONG BENNINGTON MEDICAL CENTRE,E01026333,MALE,472
GP_PRAC_PAT_LIST,01/07/2026,C83067,LONG BENNINGTON MEDICAL CENTRE,E01026340,MALE,9
GP_PRAC_PAT_LIST,01/07/2026,C83067,LONG BENNINGTON MEDICAL CENTRE,E01026355,MALE,1308
GP_PRAC_PAT_LIST,01/07/2026,C83067,LONG BENNINGTON MEDICAL CENTRE,E01026365,MALE,980
GP_PRAC_PAT_LIST,01/07/2026,C83067,LONG BENNINGTON MEDICAL CENTRE,E01028285,MALE,2
GP_PRAC_PAT_LIST,01/07/2026,C83067,LONG BENNINGTON MEDICAL CENTRE,E01028310,MALE,1
GP_PRAC_PAT_LIST,01/07/2026,C83067,LONG BENNINGTON MEDICAL CENTRE,E01028325,MALE,133
GP_PRAC_PAT_LIST,01/07/2026,C83067,LONG BENNINGTON MEDICAL CENTRE,E01028411,MALE,55
GP_PRAC_PAT_LIST,01/07/2026,C83067,LONG BENNINGTON MEDICAL CENTRE,E01033780,MALE,3
GP_PRAC_PAT_LIST,01/07/2026,C83067,LONG BENNINGTON MEDICAL CENTRE,E01035095,MALE,1
GP_PRAC_PAT_LIST,01/07/2026,C83067,LONG BENNINGTON MEDICAL CENTRE,EMPTY,MALE,3
GP_PRAC_PAT_LIST,01/07/2026,C83072,MINSTER MEDICAL PRACTICE,CLOSED,MALE,1
GP_PRAC_PAT_LIST,01/07/2026,C83072,MINSTER MEDICAL PRACTICE,E01004653,MALE,1
GP_PRAC_PAT_LIST,01/07/2026,C83072,MINSTER MEDICAL PRACTICE,E01004731,MALE,1
GP_PRAC_PAT_LIST,01/07/2026,C83072,MINSTER MEDICAL PRACTICE,E01007558,MALE,1
GP_PRAC_PAT_LIST,01/07/2026,C83072,MINSTER MEDICAL PRACTICE,E01008639,MALE,1
GP_PRAC_PAT_LIST,01/07/2026,C83072,MINSTER MEDICAL PRACTICE,E01011637,MALE,1
GP_PRAC_PAT_LIST,01/07/2026,C83072,MINSTER MEDICAL PRACTICE,E01014018,MALE,1
GP_PRAC_PAT_LIST,01/07/2026,C83072,MINSTER MEDICAL PRACTICE,E01017918,MALE,1
GP_PRAC_PAT_LIST,01/07/2026,C83072,MINSTER MEDICAL PRACTICE,E01017967,MALE,1
GP_PRAC_PAT_LIST,01/07/2026,C83072,MINSTER MEDICAL PRACTICE,E01019088,MALE,1
GP_PRAC_PAT_LIST,01/07/2026,C83072,MINSTER MEDICAL PRACTICE,E01023136,MALE,1
GP_PRAC_PAT_LIST,01/07/2026,C83072,MINSTER MEDICAL PRACTICE,E01025747,MALE,1
GP_PRAC_PAT_LIST,01/07/2026,C83072,MINSTER MEDICAL PRACTICE,E01025858,MALE,1
GP_PRAC_PAT_LIST,01/07/2026,C83072,MINSTER MEDICAL PRACTICE,E01026122,MALE,115
GP_PRAC_PAT_LIST,01/07/2026,C83072,MINSTER MEDICAL PRACTICE,E01026123,MALE,162
GP_PRAC_PAT_LIST,01/07/2026,C83072,MINSTER MEDICAL PRACTICE,E01026124,MALE,2
GP_PRAC_PAT_LIST,01/07/2026,C83072,MINSTER MEDICAL PRACTICE,E01026125,MALE,85
GP_PRAC_PAT_LIST,01/07/2026,C83072,MINSTER MEDICAL PRACTICE,E01026126,MALE,2
GP_PRAC_PAT_LIST,01/07/2026,C83072,MINSTER MEDICAL PRACTICE,E01026129,MALE,1
GP_PRAC_PAT_LIST,01/07/2026,C83072,MINSTER MEDICAL PRACTICE,E01026130,MALE,1
GP_PRAC_PAT_LIST,01/07/2026,C83072,MINSTER MEDICAL PRACTICE,E01026132,MALE,2
GP_PRAC_PAT_LIST,01/07/2026,C83072,MINSTER MEDICAL PRACTICE,E01026134,MALE,2
GP_PRAC_PAT_LIST,01/07/2026,C83072,MINSTER MEDICAL PRACTICE,E01026139,MALE,1
GP_PRAC_PAT_LIST,01/07/2026,C83072,MINSTER MEDICAL PRACTICE,E01026144,MALE,51
GP_PRAC_PAT_LIST,01/07/2026,C83072,MINSTER MEDICAL PRACTICE,E01026145,MALE,66
GP_PRAC_PAT_LIST,01/07/2026,C83072,MINSTER MEDICAL PRACTICE,E01026146,MALE,14
GP_PRAC_PAT_LIST,01/07/2026,C83072,MINSTER MEDICAL PRACTICE,E01026147,MALE,251
GP_PRAC_PAT_LIST,01/07/2026,C83072,MINSTER MEDICAL PRACTICE,E01026148,MALE,116
GP_PRAC_PAT_LIST,01/07/2026,C83072,MINSTER MEDICAL PRACTICE,E01026149,MALE,202
GP_PRAC_PAT_LIST,01/07/2026,C83072,MINSTER MEDICAL PRACTICE,E01026150,MALE,200
GP_PRAC_PAT_LIST,01/07/2026,C83072,MINSTER MEDICAL PRACTICE,E01026151,MALE,228
GP_PRAC_PAT_LIST,01/07/2026,C83072,MINSTER MEDICAL PRACTICE,E01026152,MALE,242
GP_PRAC_PAT_LIST,01/07/2026,C83072,MINSTER MEDICAL PRACTICE,E01026153,MALE,200
GP_PRAC_PAT_LIST,01/07/2026,C83072,MINSTER MEDICAL PRACTICE,E01026154,MALE,200
GP_PRAC_PAT_LIST,01/07/2026,C83072,MINSTER MEDICAL PRACTICE,E01026155,MALE,156
GP_PRAC_PAT_LIST,01/07/2026,C83072,MINSTER MEDICAL PRACTICE,E01026156,MALE,207
GP_PRAC_PAT_LIST,01/07/2026,C83072,MINSTER MEDICAL PRACTICE,E01026157,MALE,202
GP_PRAC_PAT_LIST,01/07/2026,C83072,MINSTER MEDICAL PRACTICE,E01026162,MALE,1
GP_PRAC_PAT_LIST,01/07/2026,C83072,MINSTER MEDICAL PRACTICE,E01026164,MALE,302
GP_PRAC_PAT_LIST,01/07/2026,C83072,MINSTER MEDICAL PRACTICE,E01026165,MALE,313
GP_PRAC_PAT_LIST,01/07/2026,C83072,MINSTER MEDICAL PRACTICE,E01026166,MALE,243
GP_PRAC_PAT_LIST,01/07/2026,C83072,MINSTER MEDICAL PRACTICE,E01026167,MALE,311
GP_PRAC_PAT_LIST,01/07/2026,C83072,MINSTER MEDICAL PRACTICE,E01026168,MALE,242
GP_PRAC_PAT_LIST,01/07/2026,C83072,MINSTER MEDICAL PRACTICE,E01026173,MALE,1
GP_PRAC_PAT_LIST,01/07/2026,C83072,MINSTER MEDICAL PRACTICE,E01026175,MALE,2
GP_PRAC_PAT_LIST,01/07/2026,C83072,MINSTER MEDICAL PRACTICE,E01026178,MALE,5
GP_PRAC_PAT_LIST,01/07/2026,C83072,MINSTER MEDICAL PRACTICE,E01026199,MALE,1
GP_PRAC_PAT_LIST,01/07/2026,C83072,MINSTER MEDICAL PRACTICE,E01026203,MALE,2
GP_PRAC_PAT_LIST,01/07/2026,C83072,MINSTER MEDICAL PRACTICE,E01026235,MALE,1
GP_PRAC_PAT_LIST,01/07/2026,C83072,MINSTER MEDICAL PRACTICE,E01026238,MALE,1
GP_PRAC_PAT_LIST,01/07/2026,C83072,MINSTER MEDICAL PRACTICE,E01026255,MALE,1
GP_PRAC_PAT_LIST,01/07/2026,C83072,MINSTER MEDICAL PRACTICE,E01026369,MALE,1
GP_PRAC_PAT_LIST,01/07/2026,C83072,MINSTER MEDICAL PRACTICE,E01026370,MALE,8
GP_PRAC_PAT_LIST,01/07/2026,C83072,MINSTER MEDICAL PRACTICE,E01026371,MALE,2
GP_PRAC_PAT_LIST,01/07/2026,C83072,MINSTER MEDICAL PRACTICE,E01026372,MALE,4
GP_PRAC_PAT_LIST,01/07/2026,C83072,MINSTER MEDICAL PRACTICE,E01026377,MALE,1
GP_PRAC_PAT_LIST,01/07/2026,C83072,MINSTER MEDICAL PRACTICE,E01026390,MALE,1
GP_PRAC_PAT_LIST,01/07/2026,C83072,MINSTER MEDICAL PRACTICE,E01026392,MALE,1
GP_PRAC_PAT_LIST,01/07/2026,C83072,MINSTER MEDICAL PRACTICE,E01026393,MALE,33
GP_PRAC_PAT_LIST,01/07/2026,C83072,MINSTER MEDICAL PRACTICE,E01026394,MALE,207
GP_PRAC_PAT_LIST,01/07/2026,C83072,MINSTER MEDICAL PRACTICE,E01026395,MALE,41
GP_PRAC_PAT_LIST,01/07/2026,C83072,MINSTER MEDICAL PRACTICE,E01026400,MALE,2
GP_PRAC_PAT_LIST,01/07/2026,C83072,MINSTER MEDICAL PRACTICE,E01026405,MALE,33
GP_PRAC_PAT_LIST,01/07/2026,C83072,MINSTER MEDICAL PRACTICE,E01026406,MALE,18
GP_PRAC_PAT_LIST,01/07/2026,C83072,MINSTER MEDICAL PRACTICE,E01026411,MALE,1
GP_PRAC_PAT_LIST,01/07/2026,C83072,MINSTER MEDICAL PRACTICE,E01026412,MALE,1
GP_PRAC_PAT_LIST,01/07/2026,C83072,MINSTER MEDICAL PRACTICE,E01026413,MALE,2
GP_PRAC_PAT_LIST,01/07/2026,C83072,MINSTER MEDICAL PRACTICE,E01028317,MALE,1
GP_PRAC_PAT_LIST,01/07/2026,C83072,MINSTER MEDICAL PRACTICE,E01032771,MALE,1
GP_PRAC_PAT_LIST,01/07/2026,C83072,MINSTER MEDICAL PRACTICE,E01032992,MALE,1
GP_PRAC_PAT_LIST,01/07/2026,C83072,MINSTER MEDICAL PRACTICE,E01034088,MALE,1
GP_PRAC_PAT_LIST,01/07/2026,C83072,MINSTER MEDICAL PRACTICE,E01034687,MALE,29
GP_PRAC_PAT_LIST,01/07/2026,C83072,MINSTER MEDICAL PRACTICE,E01034688,MALE,26
GP_PRAC_PAT_LIST,01/07/2026,C83072,MINSTER MEDICAL PRACTICE,E01034707,MALE,51
GP_PRAC_PAT_LIST,01/07/2026,C83072,MINSTER MEDICAL PRACTICE,E01035491,MALE,1
GP_PRAC_PAT_LIST,01/07/2026,C83072,MINSTER MEDICAL PRACTICE,EMPTY,MALE,5
GP_PRAC_PAT_LIST,01/07/2026,C83072,MINSTER MEDICAL PRACTICE,N21000423,MALE,1
GP_PRAC_PAT_LIST,01/07/2026,C83073,CLIFF HOUSE MEDICAL PRACTICE,CLOSED,MALE,2
GP_PRAC_PAT_LIST,01/07/2026,C83073,CLIFF HOUSE MEDICAL PRACTICE,E01000139,MALE,1
GP_PRAC_PAT_LIST,01/07/2026,C83073,CLIFF HOUSE MEDICAL PRACTICE,E01000646,MALE,1
GP_PRAC_PAT_LIST,01/07/2026,C83073,CLIFF HOUSE MEDICAL PRACTICE,E01001967,MALE,1
GP_PRAC_PAT_LIST,01/07/2026,C83073,CLIFF HOUSE MEDICAL PRACTICE,E01005825,MALE,1
GP_PRAC_PAT_LIST,01/07/2026,C83073,CLIFF HOUSE MEDICAL PRACTICE,E01007601,MALE,1
GP_PRAC_PAT_LIST,01/07/2026,C83073,CLIFF HOUSE MEDICAL PRACTICE,E01007663,MALE,1
GP_PRAC_PAT_LIST,01/07/2026,C83073,CLIFF HOUSE MEDICAL PRACTICE,E01012848,MALE,2
GP_PRAC_PAT_LIST,01/07/2026,C83073,CLIFF HOUSE MEDICAL PRACTICE,E01013174,MALE,1
GP_PRAC_PAT_LIST,01/07/2026,C83073,CLIFF HOUSE MEDICAL PRACTICE,E01013180,MALE,1
GP_PRAC_PAT_LIST,01/07/2026,C83073,CLIFF HOUSE MEDICAL PRACTICE,E01013257,MALE,1
GP_PRAC_PAT_LIST,01/07/2026,C83073,CLIFF HOUSE MEDICAL PRACTICE,E01013260,MALE,1
GP_PRAC_PAT_LIST,01/07/2026,C83073,CLIFF HOUSE MEDICAL PRACTICE,E01013326,MALE,1
GP_PRAC_PAT_LIST,01/07/2026,C83073,CLIFF HOUSE MEDICAL PRACTICE,E01014308,MALE,1
GP_PRAC_PAT_LIST,01/07/2026,C83073,CLIFF HOUSE MEDICAL PRACTICE,E01021471,MALE,1
GP_PRAC_PAT_LIST,01/07/2026,C83073,CLIFF HOUSE MEDICAL PRACTICE,E01021885,MALE,1
GP_PRAC_PAT_LIST,01/07/2026,C83073,CLIFF HOUSE MEDICAL PRACTICE,E01023546,MALE,2
GP_PRAC_PAT_LIST,01/07/2026,C83073,CLIFF HOUSE MEDICAL PRACTICE,E01024428,MALE,1
GP_PRAC_PAT_LIST,01/07/2026,C83073,CLIFF HOUSE MEDICAL PRACTICE,E01025696,MALE,1
GP_PRAC_PAT_LIST,01/07/2026,C83073,CLIFF HOUSE MEDICAL PRACTICE,E01025772,MALE,1
GP_PRAC_PAT_LIST,01/07/2026,C83073,CLIFF HOUSE MEDICAL PRACTICE,E01025941,MALE,1
GP_PRAC_PAT_LIST,01/07/2026,C83073,CLIFF HOUSE MEDICAL PRACTICE,E01026028,MALE,1
GP_PRAC_PAT_LIST,01/07/2026,C83073,CLIFF HOUSE MEDICAL PRACTICE,E01026064,MALE,1
GP_PRAC_PAT_LIST,01/07/2026,C83073,CLIFF HOUSE MEDICAL PRACTICE,E01026071,MALE,1
GP_PRAC_PAT_LIST,01/07/2026,C83073,CLIFF HOUSE MEDICAL PRACTICE,E01026082,MALE,1
GP_PRAC_PAT_LIST,01/07/2026,C83073,CLIFF HOUSE MEDICAL PRACTICE,E01026091,MALE,1
GP_PRAC_PAT_LIST,01/07/2026,C83073,CLIFF HOUSE MEDICAL PRACTICE,E01026093,MALE,1
GP_PRAC_PAT_LIST,01/07/2026,C83073,CLIFF HOUSE MEDICAL PRACTICE,E01026110,MALE,1
GP_PRAC_PAT_LIST,01/07/2026,C83073,CLIFF HOUSE MEDICAL PRACTICE,E01026121,MALE,2
GP_PRAC_PAT_LIST,01/07/2026,C83073,CLIFF HOUSE MEDICAL PRACTICE,E01026122,MALE,46
GP_PRAC_PAT_LIST,01/07/2026,C83073,CLIFF HOUSE MEDICAL PRACTICE,E01026123,MALE,45
GP_PRAC_PAT_LIST,01/07/2026,C83073,CLIFF HOUSE MEDICAL PRACTICE,E01026124,MALE,32
GP_PRAC_PAT_LIST,01/07/2026,C83073,CLIFF HOUSE MEDICAL PRACTICE,E01026125,MALE,37
GP_PRAC_PAT_LIST,01/07/2026,C83073,CLIFF HOUSE MEDICAL PRACTICE,E01026126,MALE,33
GP_PRAC_PAT_LIST,01/07/2026,C83073,CLIFF HOUSE MEDICAL PRACTICE,E01026127,MALE,2
GP_PRAC_PAT_LIST,01/07/2026,C83073,CLIFF HOUSE MEDICAL PRACTICE,E01026129,MALE,3
GP_PRAC_PAT_LIST,01/07/2026,C83073,CLIFF HOUSE MEDICAL PRACTICE,E01026130,MALE,6
GP_PRAC_PAT_LIST,01/07/2026,C83073,CLIFF HOUSE MEDICAL PRACTICE,E01026131,MALE,3
GP_PRAC_PAT_LIST,01/07/2026,C83073,CLIFF HOUSE MEDICAL PRACTICE,E01026132,MALE,21
GP_PRAC_PAT_LIST,01/07/2026,C83073,CLIFF HOUSE MEDICAL PRACTICE,E01026134,MALE,23
GP_PRAC_PAT_LIST,01/07/2026,C83073,CLIFF HOUSE MEDICAL PRACTICE,E01026135,MALE,11
GP_PRAC_PAT_LIST,01/07/2026,C83073,CLIFF HOUSE MEDICAL PRACTICE,E01026136,MALE,2
GP_PRAC_PAT_LIST,01/07/2026,C83073,CLIFF HOUSE MEDICAL PRACTICE,E01026137,MALE,2
GP_PRAC_PAT_LIST,01/07/2026,C83073,CLIFF HOUSE MEDICAL PRACTICE,E01026138,MALE,6
GP_PRAC_PAT_LIST,01/07/2026,C83073,CLIFF HOUSE MEDICAL PRACTICE,E01026139,MALE,3
GP_PRAC_PAT_LIST,01/07/2026,C83073,CLIFF HOUSE MEDICAL PRACTICE,E01026140,MALE,2
GP_PRAC_PAT_LIST,01/07/2026,C83073,CLIFF HOUSE MEDICAL PRACTICE,E01026141,MALE,4
GP_PRAC_PAT_LIST,01/07/2026,C83073,CLIFF HOUSE MEDICAL PRACTICE,E01026142,MALE,4
GP_PRAC_PAT_LIST,01/07/2026,C83073,CLIFF HOUSE MEDICAL PRACTICE,E01026144,MALE,262
GP_PRAC_PAT_LIST,01/07/2026,C83073,CLIFF HOUSE MEDICAL PRACTICE,E01026145,MALE,276
GP_PRAC_PAT_LIST,01/07/2026,C83073,CLIFF HOUSE MEDICAL PRACTICE,E01026146,MALE,116
GP_PRAC_PAT_LIST,01/07/2026,C83073,CLIFF HOUSE MEDICAL PRACTICE,E01026147,MALE,558
GP_PRAC_PAT_LIST,01/07/2026,C83073,CLIFF HOUSE MEDICAL PRACTICE,E01026148,MALE,507
GP_PRAC_PAT_LIST,01/07/2026,C83073,CLIFF HOUSE MEDICAL PRACTICE,E01026149,MALE,252
GP_PRAC_PAT_LIST,01/07/2026,C83073,CLIFF HOUSE MEDICAL PRACTICE,E01026150,MALE,155
GP_PRAC_PAT_LIST,01/07/2026,C83073,CLIFF HOUSE MEDICAL PRACTICE,E01026151,MALE,419
GP_PRAC_PAT_LIST,01/07/2026,C83073,CLIFF HOUSE MEDICAL PRACTICE,E01026152,MALE,31
GP_PRAC_PAT_LIST,01/07/2026,C83073,CLIFF HOUSE MEDICAL PRACTICE,E01026153,MALE,39
GP_PRAC_PAT_LIST,01/07/2026,C83073,CLIFF HOUSE MEDICAL PRACTICE,E01026154,MALE,16
GP_PRAC_PAT_LIST,01/07/2026,C83073,CLIFF HOUSE MEDICAL PRACTICE,E01026155,MALE,18
GP_PRAC_PAT_LIST,01/07/2026,C83073,CLIFF HOUSE MEDICAL PRACTICE,E01026156,MALE,44
GP_PRAC_PAT_LIST,01/07/2026,C83073,CLIFF HOUSE MEDICAL PRACTICE,E01026157,MALE,23
GP_PRAC_PAT_LIST,01/07/2026,C83073,CLIFF HOUSE MEDICAL PRACTICE,E01026158,MALE,3
GP_PRAC_PAT_LIST,01/07/2026,C83073,CLIFF HOUSE MEDICAL PRACTICE,E01026159,MALE,2
GP_PRAC_PAT_LIST,01/07/2026,C83073,CLIFF HOUSE MEDICAL PRACTICE,E01026160,MALE,2
GP_PRAC_PAT_LIST,01/07/2026,C83073,CLIFF HOUSE MEDICAL PRACTICE,E01026161,MALE,10
GP_PRAC_PAT_LIST,01/07/2026,C83073,CLIFF HOUSE MEDICAL PRACTICE,E01026162,MALE,5
GP_PRAC_PAT_LIST,01/07/2026,C83073,CLIFF HOUSE MEDICAL PRACTICE,E01026163,MALE,1
GP_PRAC_PAT_LIST,01/07/2026,C83073,CLIFF HOUSE MEDICAL PRACTICE,E01026164,MALE,109
GP_PRAC_PAT_LIST,01/07/2026,C83073,CLIFF HOUSE MEDICAL PRACTICE,E01026165,MALE,37
GP_PRAC_PAT_LIST,01/07/2026,C83073,CLIFF HOUSE MEDICAL PRACTICE,E01026166,MALE,56
GP_PRAC_PAT_LIST,01/07/2026,C83073,CLIFF HOUSE MEDICAL PRACTICE,E01026167,MALE,167
GP_PRAC_PAT_LIST,01/07/2026,C83073,CLIFF HOUSE MEDICAL PRACTICE,E01026168,MALE,55
GP_PRAC_PAT_LIST,01/07/2026,C83073,CLIFF HOUSE MEDICAL PRACTICE,E01026169,MALE,9
GP_PRAC_PAT_LIST,01/07/2026,C83073,CLIFF HOUSE MEDICAL PRACTICE,E01026170,MALE,4
GP_PRAC_PAT_LIST,01/07/2026,C83073,CLIFF HOUSE MEDICAL PRACTICE,E01026171,MALE,2
GP_PRAC_PAT_LIST,01/07/2026,C83073,CLIFF HOUSE MEDICAL PRACTICE,E01026172,MALE,6
GP_PRAC_PAT_LIST,01/07/2026,C83073,CLIFF HOUSE MEDICAL PRACTICE,E01026173,MALE,7
GP_PRAC_PAT_LIST,01/07/2026,C83073,CLIFF HOUSE MEDICAL PRACTICE,E01026174,MALE,15
GP_PRAC_PAT_LIST,01/07/2026,C83073,CLIFF HOUSE MEDICAL PRACTICE,E01026175,MALE,18
GP_PRAC_PAT_LIST,01/07/2026,C83073,CLIFF HOUSE MEDICAL PRACTICE,E01026176,MALE,23
GP_PRAC_PAT_LIST,01/07/2026,C83073,CLIFF HOUSE MEDICAL PRACTICE,E01026177,MALE,7
GP_PRAC_PAT_LIST,01/07/2026,C83073,CLIFF HOUSE MEDICAL PRACTICE,E01026178,MALE,13
GP_PRAC_PAT_LIST,01/07/2026,C83073,CLIFF HOUSE MEDICAL PRACTICE,E01026184,MALE,3
GP_PRAC_PAT_LIST,01/07/2026,C83073,CLIFF HOUSE MEDICAL PRACTICE,E01026185,MALE,9
GP_PRAC_PAT_LIST,01/07/2026,C83073,CLIFF HOUSE MEDICAL PRACTICE,E01026186,MALE,5
GP_PRAC_PAT_LIST,01/07/2026,C83073,CLIFF HOUSE MEDICAL PRACTICE,E01026187,MALE,5
GP_PRAC_PAT_LIST,01/07/2026,C83073,CLIFF HOUSE MEDICAL PRACTICE,E01026188,MALE,3
GP_PRAC_PAT_LIST,01/07/2026,C83073,CLIFF HOUSE MEDICAL PRACTICE,E01026189,MALE,5
GP_PRAC_PAT_LIST,01/07/2026,C83073,CLIFF HOUSE MEDICAL PRACTICE,E01026190,MALE,6
GP_PRAC_PAT_LIST,01/07/2026,C83073,CLIFF HOUSE MEDICAL PRACTICE,E01026191,MALE,3
GP_PRAC_PAT_LIST,01/07/2026,C83073,CLIFF HOUSE MEDICAL PRACTICE,E01026195,MALE,1
GP_PRAC_PAT_LIST,01/07/2026,C83073,CLIFF HOUSE MEDICAL PRACTICE,E01026196,MALE,3
GP_PRAC_PAT_LIST,01/07/2026,C83073,CLIFF HOUSE MEDICAL PRACTICE,E01026198,MALE,1
GP_PRAC_PAT_LIST,01/07/2026,C83073,CLIFF HOUSE MEDICAL PRACTICE,E01026199,MALE,4
GP_PRAC_PAT_LIST,01/07/2026,C83073,CLIFF HOUSE MEDICAL PRACTICE,E01026203,MALE,2
GP_PRAC_PAT_LIST,01/07/2026,C83073,CLIFF HOUSE MEDICAL PRACTICE,E01026204,MALE,1
GP_PRAC_PAT_LIST,01/07/2026,C83073,CLIFF HOUSE MEDICAL PRACTICE,E01026205,MALE,5
GP_PRAC_PAT_LIST,01/07/2026,C83073,CLIFF HOUSE MEDICAL PRACTICE,E01026207,MALE,1
GP_PRAC_PAT_LIST,01/07/2026,C83073,CLIFF HOUSE MEDICAL PRACTICE,E01026211,MALE,2
GP_PRAC_PAT_LIST,01/07/2026,C83073,CLIFF HOUSE MEDICAL PRACTICE,E01026212,MALE,3
GP_PRAC_PAT_LIST,01/07/2026,C83073,CLIFF HOUSE MEDICAL PRACTICE,E01026213,MALE,2
GP_PRAC_PAT_LIST,01/07/2026,C83073,CLIFF HOUSE MEDICAL PRACTICE,E01026214,MALE,5
GP_PRAC_PAT_LIST,01/07/2026,C83073,CLIFF HOUSE MEDICAL PRACTICE,E01026215,MALE,1
GP_PRAC_PAT_LIST,01/07/2026,C83073,CLIFF HOUSE MEDICAL PRACTICE,E01026218,MALE,2
GP_PRAC_PAT_LIST,01/07/2026,C83073,CLIFF HOUSE MEDICAL PRACTICE,E01026219,MALE,2
GP_PRAC_PAT_LIST,01/07/2026,C83073,CLIFF HOUSE MEDICAL PRACTICE,E01026220,MALE,1
GP_PRAC_PAT_LIST,01/07/2026,C83073,CLIFF HOUSE MEDICAL PRACTICE,E01026223,MALE,3
GP_PRAC_PAT_LIST,01/07/2026,C83073,CLIFF HOUSE MEDICAL PRACTICE,E01026225,MALE,10
GP_PRAC_PAT_LIST,01/07/2026,C83073,CLIFF HOUSE MEDICAL PRACTICE,E01026226,MALE,4
GP_PRAC_PAT_LIST,01/07/2026,C83073,CLIFF HOUSE MEDICAL PRACTICE,E01026237,MALE,1
GP_PRAC_PAT_LIST,01/07/2026,C83073,CLIFF HOUSE MEDICAL PRACTICE,E01026238,MALE,2
GP_PRAC_PAT_LIST,01/07/2026,C83073,CLIFF HOUSE MEDICAL PRACTICE,E01026290,MALE,1
GP_PRAC_PAT_LIST,01/07/2026,C83073,CLIFF HOUSE MEDICAL PRACTICE,E01026333,MALE,1
GP_PRAC_PAT_LIST,01/07/2026,C83073,CLIFF HOUSE MEDICAL PRACTICE,E01026353,MALE,1
GP_PRAC_PAT_LIST,01/07/2026,C83073,CLIFF HOUSE MEDICAL PRACTICE,E01026366,MALE,1
GP_PRAC_PAT_LIST,01/07/2026,C83073,CLIFF HOUSE MEDICAL PRACTICE,E01026369,MALE,4
GP_PRAC_PAT_LIST,01/07/2026,C83073,CLIFF HOUSE MEDICAL PRACTICE,E01026370,MALE,16
GP_PRAC_PAT_LIST,01/07/2026,C83073,CLIFF HOUSE MEDICAL PRACTICE,E01026371,MALE,10
GP_PRAC_PAT_LIST,01/07/2026,C83073,CLIFF HOUSE MEDICAL PRACTICE,E01026372,MALE,6
GP_PRAC_PAT_LIST,01/07/2026,C83073,CLIFF HOUSE MEDICAL PRACTICE,E01026373,MALE,6
GP_PRAC_PAT_LIST,01/07/2026,C83073,CLIFF HOUSE MEDICAL PRACTICE,E01026378,MALE,1
GP_PRAC_PAT_LIST,01/07/2026,C83073,CLIFF HOUSE MEDICAL PRACTICE,E01026380,MALE,1
GP_PRAC_PAT_LIST,01/07/2026,C83073,CLIFF HOUSE MEDICAL PRACTICE,E01026388,MALE,2
GP_PRAC_PAT_LIST,01/07/2026,C83073,CLIFF HOUSE MEDICAL PRACTICE,E01026391,MALE,3
GP_PRAC_PAT_LIST,01/07/2026,C83073,CLIFF HOUSE MEDICAL PRACTICE,E01026393,MALE,6
GP_PRAC_PAT_LIST,01/07/2026,C83073,CLIFF HOUSE MEDICAL PRACTICE,E01026394,MALE,39
GP_PRAC_PAT_LIST,01/07/2026,C83073,CLIFF HOUSE MEDICAL PRACTICE,E01026395,MALE,3
GP_PRAC_PAT_LIST,01/07/2026,C83073,CLIFF HOUSE MEDICAL PRACTICE,E01026398,MALE,3
GP_PRAC_PAT_LIST,01/07/2026,C83073,CLIFF HOUSE MEDICAL PRACTICE,E01026399,MALE,2
GP_PRAC_PAT_LIST,01/07/2026,C83073,CLIFF HOUSE MEDICAL PRACTICE,E01026400,MALE,15
GP_PRAC_PAT_LIST,01/07/2026,C83073,CLIFF HOUSE MEDICAL PRACTICE,E01026404,MALE,6
GP_PRAC_PAT_LIST,01/07/2026,C83073,CLIFF HOUSE MEDICAL PRACTICE,E01026405,MALE,4
GP_PRAC_PAT_LIST,01/07/2026,C83073,CLIFF HOUSE MEDICAL PRACTICE,E01026406,MALE,5
GP_PRAC_PAT_LIST,01/07/2026,C83073,CLIFF HOUSE MEDICAL PRACTICE,E01026409,MALE,2
GP_PRAC_PAT_LIST,01/07/2026,C83073,CLIFF HOUSE MEDICAL PRACTICE,E01026410,MALE,1
GP_PRAC_PAT_LIST,01/07/2026,C83073,CLIFF HOUSE MEDICAL PRACTICE,E01026411,MALE,1
GP_PRAC_PAT_LIST,01/07/2026,C83073,CLIFF HOUSE MEDICAL PRACTICE,E01026412,MALE,17
GP_PRAC_PAT_LIST,01/07/2026,C83073,CLIFF HOUSE MEDICAL PRACTICE,E01026413,MALE,1
GP_PRAC_PAT_LIST,01/07/2026,C83073,CLIFF HOUSE MEDICAL PRACTICE,E01026414,MALE,5
GP_PRAC_PAT_LIST,01/07/2026,C83073,CLIFF HOUSE MEDICAL PRACTICE,E01026644,MALE,1
GP_PRAC_PAT_LIST,01/07/2026,C83073,CLIFF HOUSE MEDICAL PRACTICE,E01028006,MALE,1
GP_PRAC_PAT_LIST,01/07/2026,C83073,CLIFF HOUSE MEDICAL PRACTICE,E01028033,MALE,1
GP_PRAC_PAT_LIST,01/07/2026,C83073,CLIFF HOUSE MEDICAL PRACTICE,E01028317,MALE,1
GP_PRAC_PAT_LIST,01/07/2026,C83073,CLIFF HOUSE MEDICAL PRACTICE,E01028320,MALE,1
GP_PRAC_PAT_LIST,01/07/2026,C83073,CLIFF HOUSE MEDICAL PRACTICE,E01032986,MALE,2
GP_PRAC_PAT_LIST,01/07/2026,C83073,CLIFF HOUSE MEDICAL PRACTICE,E01032989,MALE,9
GP_PRAC_PAT_LIST,01/07/2026,C83073,CLIFF HOUSE MEDICAL PRACTICE,E01032991,MALE,9
GP_PRAC_PAT_LIST,01/07/2026,C83073,CLIFF HOUSE MEDICAL PRACTICE,E01032992,MALE,3
GP_PRAC_PAT_LIST,01/07/2026,C83073,CLIFF HOUSE MEDICAL PRACTICE,E01032993,MALE,16
GP_PRAC_PAT_LIST,01/07/2026,C83073,CLIFF HOUSE MEDICAL PRACTICE,E01032994,MALE,2
GP_PRAC_PAT_LIST,01/07/2026,C83073,CLIFF HOUSE MEDICAL PRACTICE,E01033111,MALE,1
GP_PRAC_PAT_LIST,01/07/2026,C83073,CLIFF HOUSE MEDICAL PRACTICE,E01034365,MALE,1
GP_PRAC_PAT_LIST,01/07/2026,C83073,CLIFF HOUSE MEDICAL PRACTICE,E01034687,MALE,89
GP_PRAC_PAT_LIST,01/07/2026,C83073,CLIFF HOUSE MEDICAL PRACTICE,E01034688,MALE,60
GP_PRAC_PAT_LIST,01/07/2026,C83073,CLIFF HOUSE MEDICAL PRACTICE,E01034689,MALE,8
GP_PRAC_PAT_LIST,01/07/2026,C83073,CLIFF HOUSE MEDICAL PRACTICE,E01034690,MALE,3
GP_PRAC_PAT_LIST,01/07/2026,C83073,CLIFF HOUSE MEDICAL PRACTICE,E01034691,MALE,14
GP_PRAC_PAT_LIST,01/07/2026,C83073,CLIFF HOUSE MEDICAL PRACTICE,E01034692,MALE,22
GP_PRAC_PAT_LIST,01/07/2026,C83073,CLIFF HOUSE MEDICAL PRACTICE,E01034693,MALE,3
GP_PRAC_PAT_LIST,01/07/2026,C83073,CLIFF HOUSE MEDICAL PRACTICE,E01034694,MALE,9
GP_PRAC_PAT_LIST,01/07/2026,C83073,CLIFF HOUSE MEDICAL PRACTICE,E01034706,MALE,5
GP_PRAC_PAT_LIST,01/07/2026,C83073,CLIFF HOUSE MEDICAL PRACTICE,E01034707,MALE,84
GP_PRAC_PAT_LIST,01/07/2026,C83073,CLIFF HOUSE MEDICAL PRACTICE,EMPTY,MALE,10
GP_PRAC_PAT_LIST,01/07/2026,C83073,CLIFF HOUSE MEDICAL PRACTICE,W01001580,MALE,1
GP_PRAC_PAT_LIST,01/07/2026,C83074,WILLINGHAM-BY-STOW SURGERY,E01026144,MALE,1
GP_PRAC_PAT_LIST,01/07/2026,C83074,WILLINGHAM-BY-STOW SURGERY,E01026145,MALE,1
GP_PRAC_PAT_LIST,01/07/2026,C83074,WILLINGHAM-BY-STOW SURGERY,E01026196,MALE,1
GP_PRAC_PAT_LIST,01/07/2026,C83074,WILLINGHAM-BY-STOW SURGERY,E01026367,MALE,1
GP_PRAC_PAT_LIST,01/07/2026,C83074,WILLINGHAM-BY-STOW SURGERY,E01026374,MALE,1
GP_PRAC_PAT_LIST,01/07/2026,C83074,WILLINGHAM-BY-STOW SURGERY,E01026375,MALE,13
GP_PRAC_PAT_LIST,01/07/2026,C83074,WILLINGHAM-BY-STOW SURGERY,E01026376,MALE,8
GP_PRAC_PAT_LIST,01/07/2026,C83074,WILLINGHAM-BY-STOW SURGERY,E01026377,MALE,7
GP_PRAC_PAT_LIST,01/07/2026,C83074,WILLINGHAM-BY-STOW SURGERY,E01026378,MALE,2
GP_PRAC_PAT_LIST,01/07/2026,C83074,WILLINGHAM-BY-STOW SURGERY,E01026379,MALE,4
GP_PRAC_PAT_LIST,01/07/2026,C83074,WILLINGHAM-BY-STOW SURGERY,E01026380,MALE,3
GP_PRAC_PAT_LIST,01/07/2026,C83074,WILLINGHAM-BY-STOW SURGERY,E01026381,MALE,2
GP_PRAC_PAT_LIST,01/07/2026,C83074,WILLINGHAM-BY-STOW SURGERY,E01026382,MALE,59
GP_PRAC_PAT_LIST,01/07/2026,C83074,WILLINGHAM-BY-STOW SURGERY,E01026383,MALE,1
GP_PRAC_PAT_LIST,01/07/2026,C83074,WILLINGHAM-BY-STOW SURGERY,E01026384,MALE,2
GP_PRAC_PAT_LIST,01/07/2026,C83074,WILLINGHAM-BY-STOW SURGERY,E01026385,MALE,297
GP_PRAC_PAT_LIST,01/07/2026,C83074,WILLINGHAM-BY-STOW SURGERY,E01026386,MALE,7
GP_PRAC_PAT_LIST,01/07/2026,C83074,WILLINGHAM-BY-STOW SURGERY,E01026388,MALE,914
GP_PRAC_PAT_LIST,01/07/2026,C83074,WILLINGHAM-BY-STOW SURGERY,E01026396,MALE,4
GP_PRAC_PAT_LIST,01/07/2026,C83074,WILLINGHAM-BY-STOW SURGERY,E01026398,MALE,4
GP_PRAC_PAT_LIST,01/07/2026,C83074,WILLINGHAM-BY-STOW SURGERY,E01026399,MALE,102
GP_PRAC_PAT_LIST,01/07/2026,C83074,WILLINGHAM-BY-STOW SURGERY,E01026400,MALE,17
GP_PRAC_PAT_LIST,01/07/2026,C83074,WILLINGHAM-BY-STOW SURGERY,E01026403,MALE,1
GP_PRAC_PAT_LIST,01/07/2026,C83074,WILLINGHAM-BY-STOW SURGERY,E01026404,MALE,644
GP_PRAC_PAT_LIST,01/07/2026,C83074,WILLINGHAM-BY-STOW SURGERY,E01026407,MALE,55
GP_PRAC_PAT_LIST,01/07/2026,C83074,WILLINGHAM-BY-STOW SURGERY,E01026408,MALE,1
GP_PRAC_PAT_LIST,01/07/2026,C83074,WILLINGHAM-BY-STOW SURGERY,E01026409,MALE,40
GP_PRAC_PAT_LIST,01/07/2026,C83074,WILLINGHAM-BY-STOW SURGERY,E01026410,MALE,313
GP_PRAC_PAT_LIST,01/07/2026,C83074,WILLINGHAM-BY-STOW SURGERY,E01034706,MALE,5
GP_PRAC_PAT_LIST,01/07/2026,C83074,WILLINGHAM-BY-STOW SURGERY,E01034707,MALE,1
GP_PRAC_PAT_LIST,01/07/2026,C83075,VINE STREET SURGERY,CLOSED,MALE,1
GP_PRAC_PAT_LIST,01/07/2026,C83075,VINE STREET SURGERY,E01004277,MALE,1
GP_PRAC_PAT_LIST,01/07/2026,C83075,VINE STREET SURGERY,E01005078,MALE,1
GP_PRAC_PAT_LIST,01/07/2026,C83075,VINE STREET SURGERY,E01010523,MALE,1
GP_PRAC_PAT_LIST,01/07/2026,C83075,VINE STREET SURGERY,E01012271,MALE,1
GP_PRAC_PAT_LIST,01/07/2026,C83075,VINE STREET SURGERY,E01013732,MALE,1
GP_PRAC_PAT_LIST,01/07/2026,C83075,VINE STREET SURGERY,E01013967,MALE,1
GP_PRAC_PAT_LIST,01/07/2026,C83075,VINE STREET SURGERY,E01015613,MALE,1
GP_PRAC_PAT_LIST,01/07/2026,C83075,VINE STREET SURGERY,E01016724,MALE,1
GP_PRAC_PAT_LIST,01/07/2026,C83075,VINE STREET SURGERY,E01019696,MALE,1
GP_PRAC_PAT_LIST,01/07/2026,C83075,VINE STREET SURGERY,E01025034,MALE,1
GP_PRAC_PAT_LIST,01/07/2026,C83075,VINE STREET SURGERY,E01025891,MALE,1
GP_PRAC_PAT_LIST,01/07/2026,C83075,VINE STREET SURGERY,E01026139,MALE,1
GP_PRAC_PAT_LIST,01/07/2026,C83075,VINE STREET SURGERY,E01026192,MALE,1
GP_PRAC_PAT_LIST,01/07/2026,C83075,VINE STREET SURGERY,E01026228,MALE,1
GP_PRAC_PAT_LIST,01/07/2026,C83075,VINE STREET SURGERY,E01026236,MALE,1
GP_PRAC_PAT_LIST,01/07/2026,C83075,VINE STREET SURGERY,E01026291,MALE,149
GP_PRAC_PAT_LIST,01/07/2026,C83075,VINE STREET SURGERY,E01026292,MALE,91
GP_PRAC_PAT_LIST,01/07/2026,C83075,VINE STREET SURGERY,E01026293,MALE,157
GP_PRAC_PAT_LIST,01/07/2026,C83075,VINE STREET SURGERY,E01026294,MALE,177
GP_PRAC_PAT_LIST,01/07/2026,C83075,VINE STREET SURGERY,E01026299,MALE,1
GP_PRAC_PAT_LIST,01/07/2026,C83075,VINE STREET SURGERY,E01026308,MALE,69
GP_PRAC_PAT_LIST,01/07/2026,C83075,VINE STREET SURGERY,E01026309,MALE,97
GP_PRAC_PAT_LIST,01/07/2026,C83075,VINE STREET SURGERY,E01026310,MALE,54
GP_PRAC_PAT_LIST,01/07/2026,C83075,VINE STREET SURGERY,E01026311,MALE,77
GP_PRAC_PAT_LIST,01/07/2026,C83075,VINE STREET SURGERY,E01026312,MALE,55
GP_PRAC_PAT_LIST,01/07/2026,C83075,VINE STREET SURGERY,E01026313,MALE,85
GP_PRAC_PAT_LIST,01/07/2026,C83075,VINE STREET SURGERY,E01026314,MALE,2
GP_PRAC_PAT_LIST,01/07/2026,C83075,VINE STREET SURGERY,E01026315,MALE,4
GP_PRAC_PAT_LIST,01/07/2026,C83075,VINE STREET SURGERY,E01026316,MALE,4
GP_PRAC_PAT_LIST,01/07/2026,C83075,VINE STREET SURGERY,E01026317,MALE,182
GP_PRAC_PAT_LIST,01/07/2026,C83075,VINE STREET SURGERY,E01026318,MALE,149
GP_PRAC_PAT_LIST,01/07/2026,C83075,VINE STREET SURGERY,E01026319,MALE,189
GP_PRAC_PAT_LIST,01/07/2026,C83075,VINE STREET SURGERY,E01026321,MALE,164
GP_PRAC_PAT_LIST,01/07/2026,C83075,VINE STREET SURGERY,E01026322,MALE,165
GP_PRAC_PAT_LIST,01/07/2026,C83075,VINE STREET SURGERY,E01026323,MALE,353
GP_PRAC_PAT_LIST,01/07/2026,C83075,VINE STREET SURGERY,E01026324,MALE,268
GP_PRAC_PAT_LIST,01/07/2026,C83075,VINE STREET SURGERY,E01026325,MALE,90
GP_PRAC_PAT_LIST,01/07/2026,C83075,VINE STREET SURGERY,E01026326,MALE,165
GP_PRAC_PAT_LIST,01/07/2026,C83075,VINE STREET SURGERY,E01026327,MALE,136
GP_PRAC_PAT_LIST,01/07/2026,C83075,VINE STREET SURGERY,E01026328,MALE,71
GP_PRAC_PAT_LIST,01/07/2026,C83075,VINE STREET SURGERY,E01026329,MALE,1
GP_PRAC_PAT_LIST,01/07/2026,C83075,VINE STREET SURGERY,E01026332,MALE,4
GP_PRAC_PAT_LIST,01/07/2026,C83075,VINE STREET SURGERY,E01026333,MALE,1
GP_PRAC_PAT_LIST,01/07/2026,C83075,VINE STREET SURGERY,E01026334,MALE,1
GP_PRAC_PAT_LIST,01/07/2026,C83075,VINE STREET SURGERY,E01026339,MALE,1
GP_PRAC_PAT_LIST,01/07/2026,C83075,VINE STREET SURGERY,E01026340,MALE,375
GP_PRAC_PAT_LIST,01/07/2026,C83075,VINE STREET SURGERY,E01026343,MALE,135
GP_PRAC_PAT_LIST,01/07/2026,C83075,VINE STREET SURGERY,E01026344,MALE,113
GP_PRAC_PAT_LIST,01/07/2026,C83075,VINE STREET SURGERY,E01026345,MALE,172
GP_PRAC_PAT_LIST,01/07/2026,C83075,VINE STREET SURGERY,E01026349,MALE,1
GP_PRAC_PAT_LIST,01/07/2026,C83075,VINE STREET SURGERY,E01026352,MALE,216
GP_PRAC_PAT_LIST,01/07/2026,C83075,VINE STREET SURGERY,E01026353,MALE,350
GP_PRAC_PAT_LIST,01/07/2026,C83075,VINE STREET SURGERY,E01026354,MALE,140
GP_PRAC_PAT_LIST,01/07/2026,C83075,VINE STREET SURGERY,E01026355,MALE,1
GP_PRAC_PAT_LIST,01/07/2026,C83075,VINE STREET SURGERY,E01026363,MALE,1
GP_PRAC_PAT_LIST,01/07/2026,C83075,VINE STREET SURGERY,E01026365,MALE,2
GP_PRAC_PAT_LIST,01/07/2026,C83075,VINE STREET SURGERY,E01026376,MALE,1
GP_PRAC_PAT_LIST,01/07/2026,C83075,VINE STREET SURGERY,E01026381,MALE,2
GP_PRAC_PAT_LIST,01/07/2026,C83075,VINE STREET SURGERY,E01026473,MALE,1
GP_PRAC_PAT_LIST,01/07/2026,C83075,VINE STREET SURGERY,E01028292,MALE,1
GP_PRAC_PAT_LIST,01/07/2026,C83075,VINE STREET SURGERY,E01029428,MALE,1
GP_PRAC_PAT_LIST,01/07/2026,C83075,VINE STREET SURGERY,E01033400,MALE,1
GP_PRAC_PAT_LIST,01/07/2026,C83075,VINE STREET SURGERY,E01033780,MALE,1
GP_PRAC_PAT_LIST,01/07/2026,C83075,VINE STREET SURGERY,E01034681,MALE,2
GP_PRAC_PAT_LIST,01/07/2026,C83075,VINE STREET SURGERY,E01034699,MALE,1
GP_PRAC_PAT_LIST,01/07/2026,C83075,VINE STREET SURGERY,E01034701,MALE,212
GP_PRAC_PAT_LIST,01/07/2026,C83075,VINE STREET SURGERY,E01034702,MALE,195
GP_PRAC_PAT_LIST,01/07/2026,C83075,VINE STREET SURGERY,EMPTY,MALE,4
GP_PRAC_PAT_LIST,01/07/2026,C83078,BRANT ROAD & SPRINGCLIFFE SURGERY,E01000313,MALE,1
GP_PRAC_PAT_LIST,01/07/2026,C83078,BRANT ROAD & SPRINGCLIFFE SURGERY,E01004622,MALE,1
GP_PRAC_PAT_LIST,01/07/2026,C83078,BRANT ROAD & SPRINGCLIFFE SURGERY,E01007442,MALE,1
GP_PRAC_PAT_LIST,01/07/2026,C83078,BRANT ROAD & SPRINGCLIFFE SURGERY,E01009836,MALE,1
GP_PRAC_PAT_LIST,01/07/2026,C83078,BRANT ROAD & SPRINGCLIFFE SURGERY,E01017510,MALE,1
GP_PRAC_PAT_LIST,01/07/2026,C83078,BRANT ROAD & SPRINGCLIFFE SURGERY,E01026125,MALE,1
GP_PRAC_PAT_LIST,01/07/2026,C83078,BRANT ROAD & SPRINGCLIFFE SURGERY,E01026132,MALE,23
GP_PRAC_PAT_LIST,01/07/2026,C83078,BRANT ROAD & SPRINGCLIFFE SURGERY,E01026134,MALE,181
GP_PRAC_PAT_LIST,01/07/2026,C83078,BRANT ROAD & SPRINGCLIFFE SURGERY,E01026137,MALE,444
GP_PRAC_PAT_LIST,01/07/2026,C83078,BRANT ROAD & SPRINGCLIFFE SURGERY,E01026138,MALE,589
GP_PRAC_PAT_LIST,01/07/2026,C83078,BRANT ROAD & SPRINGCLIFFE SURGERY,E01026139,MALE,2
GP_PRAC_PAT_LIST,01/07/2026,C83078,BRANT ROAD & SPRINGCLIFFE SURGERY,E01026140,MALE,533
GP_PRAC_PAT_LIST,01/07/2026,C83078,BRANT ROAD & SPRINGCLIFFE SURGERY,E01026142,MALE,422
GP_PRAC_PAT_LIST,01/07/2026,C83078,BRANT ROAD & SPRINGCLIFFE SURGERY,E01026169,MALE,1
GP_PRAC_PAT_LIST,01/07/2026,C83078,BRANT ROAD & SPRINGCLIFFE SURGERY,E01026171,MALE,1
GP_PRAC_PAT_LIST,01/07/2026,C83078,BRANT ROAD & SPRINGCLIFFE SURGERY,E01026172,MALE,3
GP_PRAC_PAT_LIST,01/07/2026,C83078,BRANT ROAD & SPRINGCLIFFE SURGERY,E01026174,MALE,229
GP_PRAC_PAT_LIST,01/07/2026,C83078,BRANT ROAD & SPRINGCLIFFE SURGERY,E01026175,MALE,355
GP_PRAC_PAT_LIST,01/07/2026,C83078,BRANT ROAD & SPRINGCLIFFE SURGERY,E01026176,MALE,17
GP_PRAC_PAT_LIST,01/07/2026,C83078,BRANT ROAD & SPRINGCLIFFE SURGERY,E01026177,MALE,23
GP_PRAC_PAT_LIST,01/07/2026,C83078,BRANT ROAD & SPRINGCLIFFE SURGERY,E01026178,MALE,75
GP_PRAC_PAT_LIST,01/07/2026,C83078,BRANT ROAD & SPRINGCLIFFE SURGERY,E01026184,MALE,37
GP_PRAC_PAT_LIST,01/07/2026,C83078,BRANT ROAD & SPRINGCLIFFE SURGERY,E01026185,MALE,227
GP_PRAC_PAT_LIST,01/07/2026,C83078,BRANT ROAD & SPRINGCLIFFE SURGERY,E01026186,MALE,58
GP_PRAC_PAT_LIST,01/07/2026,C83078,BRANT ROAD & SPRINGCLIFFE SURGERY,E01026187,MALE,56
GP_PRAC_PAT_LIST,01/07/2026,C83078,BRANT ROAD & SPRINGCLIFFE SURGERY,E01026188,MALE,51
GP_PRAC_PAT_LIST,01/07/2026,C83078,BRANT ROAD & SPRINGCLIFFE SURGERY,E01026189,MALE,1
GP_PRAC_PAT_LIST,01/07/2026,C83078,BRANT ROAD & SPRINGCLIFFE SURGERY,E01026203,MALE,5
GP_PRAC_PAT_LIST,01/07/2026,C83078,BRANT ROAD & SPRINGCLIFFE SURGERY,E01026212,MALE,1
GP_PRAC_PAT_LIST,01/07/2026,C83078,BRANT ROAD & SPRINGCLIFFE SURGERY,E01026237,MALE,439
GP_PRAC_PAT_LIST,01/07/2026,C83078,BRANT ROAD & SPRINGCLIFFE SURGERY,E01026238,MALE,499
GP_PRAC_PAT_LIST,01/07/2026,C83078,BRANT ROAD & SPRINGCLIFFE SURGERY,E01026318,MALE,1
GP_PRAC_PAT_LIST,01/07/2026,C83078,BRANT ROAD & SPRINGCLIFFE SURGERY,E01026396,MALE,1
GP_PRAC_PAT_LIST,01/07/2026,C83078,BRANT ROAD & SPRINGCLIFFE SURGERY,E01028311,MALE,1
GP_PRAC_PAT_LIST,01/07/2026,C83078,BRANT ROAD & SPRINGCLIFFE SURGERY,E01031946,MALE,1
GP_PRAC_PAT_LIST,01/07/2026,C83078,BRANT ROAD & SPRINGCLIFFE SURGERY,E01032989,MALE,1
GP_PRAC_PAT_LIST,01/07/2026,C83078,BRANT ROAD & SPRINGCLIFFE SURGERY,E01034692,MALE,28
GP_PRAC_PAT_LIST,01/07/2026,C83078,BRANT ROAD & SPRINGCLIFFE SURGERY,E01034694,MALE,1
GP_PRAC_PAT_LIST,01/07/2026,C83078,BRANT ROAD & SPRINGCLIFFE SURGERY,EMPTY,MALE,2
GP_PRAC_PAT_LIST,01/07/2026,C83079,GLEBE PARK SURGERY,E01008131,MALE,1
GP_PRAC_PAT_LIST,01/07/2026,C83079,GLEBE PARK SURGERY,E01013040,MALE,1
GP_PRAC_PAT_LIST,01/07/2026,C83079,GLEBE PARK SURGERY,E01017813,MALE,1
GP_PRAC_PAT_LIST,01/07/2026,C83079,GLEBE PARK SURGERY,E01026099,MALE,1
GP_PRAC_PAT_LIST,01/07/2026,C83079,GLEBE PARK SURGERY,E01026121,MALE,1
GP_PRAC_PAT_LIST,01/07/2026,C83079,GLEBE PARK SURGERY,E01026122,MALE,14
GP_PRAC_PAT_LIST,01/07/2026,C83079,GLEBE PARK SURGERY,E01026123,MALE,385
GP_PRAC_PAT_LIST,01/07/2026,C83079,GLEBE PARK SURGERY,E01026124,MALE,14
GP_PRAC_PAT_LIST,01/07/2026,C83079,GLEBE PARK SURGERY,E01026125,MALE,78
GP_PRAC_PAT_LIST,01/07/2026,C83079,GLEBE PARK SURGERY,E01026126,MALE,8
GP_PRAC_PAT_LIST,01/07/2026,C83079,GLEBE PARK SURGERY,E01026129,MALE,1
GP_PRAC_PAT_LIST,01/07/2026,C83079,GLEBE PARK SURGERY,E01026130,MALE,4
GP_PRAC_PAT_LIST,01/07/2026,C83079,GLEBE PARK SURGERY,E01026131,MALE,1
GP_PRAC_PAT_LIST,01/07/2026,C83079,GLEBE PARK SURGERY,E01026132,MALE,2
GP_PRAC_PAT_LIST,01/07/2026,C83079,GLEBE PARK SURGERY,E01026136,MALE,6
GP_PRAC_PAT_LIST,01/07/2026,C83079,GLEBE PARK SURGERY,E01026137,MALE,1
GP_PRAC_PAT_LIST,01/07/2026,C83079,GLEBE PARK SURGERY,E01026138,MALE,1
GP_PRAC_PAT_LIST,01/07/2026,C83079,GLEBE PARK SURGERY,E01026139,MALE,1
GP_PRAC_PAT_LIST,01/07/2026,C83079,GLEBE PARK SURGERY,E01026140,MALE,1
GP_PRAC_PAT_LIST,01/07/2026,C83079,GLEBE PARK SURGERY,E01026144,MALE,3
GP_PRAC_PAT_LIST,01/07/2026,C83079,GLEBE PARK SURGERY,E01026145,MALE,3
GP_PRAC_PAT_LIST,01/07/2026,C83079,GLEBE PARK SURGERY,E01026146,MALE,1
GP_PRAC_PAT_LIST,01/07/2026,C83079,GLEBE PARK SURGERY,E01026147,MALE,15
GP_PRAC_PAT_LIST,01/07/2026,C83079,GLEBE PARK SURGERY,E01026148,MALE,24
GP_PRAC_PAT_LIST,01/07/2026,C83079,GLEBE PARK SURGERY,E01026149,MALE,37
GP_PRAC_PAT_LIST,01/07/2026,C83079,GLEBE PARK SURGERY,E01026150,MALE,54
GP_PRAC_PAT_LIST,01/07/2026,C83079,GLEBE PARK SURGERY,E01026151,MALE,30
GP_PRAC_PAT_LIST,01/07/2026,C83079,GLEBE PARK SURGERY,E01026152,MALE,144
GP_PRAC_PAT_LIST,01/07/2026,C83079,GLEBE PARK SURGERY,E01026153,MALE,740
GP_PRAC_PAT_LIST,01/07/2026,C83079,GLEBE PARK SURGERY,E01026154,MALE,156
GP_PRAC_PAT_LIST,01/07/2026,C83079,GLEBE PARK SURGERY,E01026155,MALE,443
GP_PRAC_PAT_LIST,01/07/2026,C83079,GLEBE PARK SURGERY,E01026156,MALE,68
GP_PRAC_PAT_LIST,01/07/2026,C83079,GLEBE PARK SURGERY,E01026157,MALE,161
GP_PRAC_PAT_LIST,01/07/2026,C83079,GLEBE PARK SURGERY,E01026159,MALE,1
GP_PRAC_PAT_LIST,01/07/2026,C83079,GLEBE PARK SURGERY,E01026161,MALE,3
GP_PRAC_PAT_LIST,01/07/2026,C83079,GLEBE PARK SURGERY,E01026162,MALE,1
GP_PRAC_PAT_LIST,01/07/2026,C83079,GLEBE PARK SURGERY,E01026164,MALE,42
GP_PRAC_PAT_LIST,01/07/2026,C83079,GLEBE PARK SURGERY,E01026165,MALE,99
GP_PRAC_PAT_LIST,01/07/2026,C83079,GLEBE PARK SURGERY,E01026166,MALE,31
GP_PRAC_PAT_LIST,01/07/2026,C83079,GLEBE PARK SURGERY,E01026167,MALE,19
GP_PRAC_PAT_LIST,01/07/2026,C83079,GLEBE PARK SURGERY,E01026168,MALE,42
GP_PRAC_PAT_LIST,01/07/2026,C83079,GLEBE PARK SURGERY,E01026169,MALE,2
GP_PRAC_PAT_LIST,01/07/2026,C83079,GLEBE PARK SURGERY,E01026174,MALE,4
GP_PRAC_PAT_LIST,01/07/2026,C83079,GLEBE PARK SURGERY,E01026175,MALE,3
GP_PRAC_PAT_LIST,01/07/2026,C83079,GLEBE PARK SURGERY,E01026176,MALE,1
GP_PRAC_PAT_LIST,01/07/2026,C83079,GLEBE PARK SURGERY,E01026177,MALE,2
GP_PRAC_PAT_LIST,01/07/2026,C83079,GLEBE PARK SURGERY,E01026180,MALE,1
GP_PRAC_PAT_LIST,01/07/2026,C83079,GLEBE PARK SURGERY,E01026184,MALE,1
GP_PRAC_PAT_LIST,01/07/2026,C83079,GLEBE PARK SURGERY,E01026185,MALE,2
GP_PRAC_PAT_LIST,01/07/2026,C83079,GLEBE PARK SURGERY,E01026186,MALE,3
GP_PRAC_PAT_LIST,01/07/2026,C83079,GLEBE PARK SURGERY,E01026187,MALE,1
GP_PRAC_PAT_LIST,01/07/2026,C83079,GLEBE PARK SURGERY,E01026188,MALE,2
GP_PRAC_PAT_LIST,01/07/2026,C83079,GLEBE PARK SURGERY,E01026195,MALE,1
GP_PRAC_PAT_LIST,01/07/2026,C83079,GLEBE PARK SURGERY,E01026203,MALE,2
GP_PRAC_PAT_LIST,01/07/2026,C83079,GLEBE PARK SURGERY,E01026205,MALE,1
GP_PRAC_PAT_LIST,01/07/2026,C83079,GLEBE PARK SURGERY,E01026206,MALE,1
GP_PRAC_PAT_LIST,01/07/2026,C83079,GLEBE PARK SURGERY,E01026214,MALE,3
GP_PRAC_PAT_LIST,01/07/2026,C83079,GLEBE PARK SURGERY,E01026220,MALE,2
GP_PRAC_PAT_LIST,01/07/2026,C83079,GLEBE PARK SURGERY,E01026225,MALE,2
GP_PRAC_PAT_LIST,01/07/2026,C83079,GLEBE PARK SURGERY,E01026366,MALE,1
GP_PRAC_PAT_LIST,01/07/2026,C83079,GLEBE PARK SURGERY,E01026369,MALE,76
GP_PRAC_PAT_LIST,01/07/2026,C83079,GLEBE PARK SURGERY,E01026370,MALE,123
GP_PRAC_PAT_LIST,01/07/2026,C83079,GLEBE PARK SURGERY,E01026371,MALE,48
GP_PRAC_PAT_LIST,01/07/2026,C83079,GLEBE PARK SURGERY,E01026372,MALE,7
GP_PRAC_PAT_LIST,01/07/2026,C83079,GLEBE PARK SURGERY,E01026373,MALE,50
GP_PRAC_PAT_LIST,01/07/2026,C83079,GLEBE PARK SURGERY,E01026390,MALE,1
GP_PRAC_PAT_LIST,01/07/2026,C83079,GLEBE PARK SURGERY,E01026393,MALE,32
GP_PRAC_PAT_LIST,01/07/2026,C83079,GLEBE PARK SURGERY,E01026394,MALE,524
GP_PRAC_PAT_LIST,01/07/2026,C83079,GLEBE PARK SURGERY,E01026395,MALE,25
GP_PRAC_PAT_LIST,01/07/2026,C83079,GLEBE PARK SURGERY,E01026399,MALE,1
GP_PRAC_PAT_LIST,01/07/2026,C83079,GLEBE PARK SURGERY,E01026400,MALE,1
GP_PRAC_PAT_LIST,01/07/2026,C83079,GLEBE PARK SURGERY,E01026405,MALE,22
GP_PRAC_PAT_LIST,01/07/2026,C83079,GLEBE PARK SURGERY,E01026406,MALE,30
GP_PRAC_PAT_LIST,01/07/2026,C83079,GLEBE PARK SURGERY,E01026411,MALE,3
GP_PRAC_PAT_LIST,01/07/2026,C83079,GLEBE PARK SURGERY,E01026412,MALE,5
GP_PRAC_PAT_LIST,01/07/2026,C83079,GLEBE PARK SURGERY,E01026413,MALE,10
GP_PRAC_PAT_LIST,01/07/2026,C83079,GLEBE PARK SURGERY,E01026414,MALE,4
GP_PRAC_PAT_LIST,01/07/2026,C83079,GLEBE PARK SURGERY,E01032989,MALE,1
GP_PRAC_PAT_LIST,01/07/2026,C83079,GLEBE PARK SURGERY,E01032991,MALE,4
GP_PRAC_PAT_LIST,01/07/2026,C83079,GLEBE PARK SURGERY,E01034691,MALE,3
GP_PRAC_PAT_LIST,01/07/2026,C83079,GLEBE PARK SURGERY,E01034693,MALE,2
GP_PRAC_PAT_LIST,01/07/2026,C83079,GLEBE PARK SURGERY,E01034707,MALE,5
GP_PRAC_PAT_LIST,01/07/2026,C83079,GLEBE PARK SURGERY,EMPTY,MALE,1
GP_PRAC_PAT_LIST,01/07/2026,C83080,THE HARROWBY LANE SURGERY,E01013854,MALE,1
GP_PRAC_PAT_LIST,01/07/2026,C83080,THE HARROWBY LANE SURGERY,E01022081,MALE,1
GP_PRAC_PAT_LIST,01/07/2026,C83080,THE HARROWBY LANE SURGERY,E01025490,MALE,1
GP_PRAC_PAT_LIST,01/07/2026,C83080,THE HARROWBY LANE SURGERY,E01025886,MALE,1
GP_PRAC_PAT_LIST,01/07/2026,C83080,THE HARROWBY LANE SURGERY,E01026291,MALE,10
GP_PRAC_PAT_LIST,01/07/2026,C83080,THE HARROWBY LANE SURGERY,E01026292,MALE,304
GP_PRAC_PAT_LIST,01/07/2026,C83080,THE HARROWBY LANE SURGERY,E01026293,MALE,356
GP_PRAC_PAT_LIST,01/07/2026,C83080,THE HARROWBY LANE SURGERY,E01026294,MALE,249
GP_PRAC_PAT_LIST,01/07/2026,C83080,THE HARROWBY LANE SURGERY,E01026308,MALE,2
GP_PRAC_PAT_LIST,01/07/2026,C83080,THE HARROWBY LANE SURGERY,E01026309,MALE,9
GP_PRAC_PAT_LIST,01/07/2026,C83080,THE HARROWBY LANE SURGERY,E01026310,MALE,4
GP_PRAC_PAT_LIST,01/07/2026,C83080,THE HARROWBY LANE SURGERY,E01026311,MALE,6
GP_PRAC_PAT_LIST,01/07/2026,C83080,THE HARROWBY LANE SURGERY,E01026312,MALE,12
GP_PRAC_PAT_LIST,01/07/2026,C83080,THE HARROWBY LANE SURGERY,E01026313,MALE,40
GP_PRAC_PAT_LIST,01/07/2026,C83080,THE HARROWBY LANE SURGERY,E01026315,MALE,2
GP_PRAC_PAT_LIST,01/07/2026,C83080,THE HARROWBY LANE SURGERY,E01026316,MALE,1
GP_PRAC_PAT_LIST,01/07/2026,C83080,THE HARROWBY LANE SURGERY,E01026317,MALE,23
GP_PRAC_PAT_LIST,01/07/2026,C83080,THE HARROWBY LANE SURGERY,E01026318,MALE,15
GP_PRAC_PAT_LIST,01/07/2026,C83080,THE HARROWBY LANE SURGERY,E01026319,MALE,18
GP_PRAC_PAT_LIST,01/07/2026,C83080,THE HARROWBY LANE SURGERY,E01026321,MALE,13
GP_PRAC_PAT_LIST,01/07/2026,C83080,THE HARROWBY LANE SURGERY,E01026322,MALE,10
GP_PRAC_PAT_LIST,01/07/2026,C83080,THE HARROWBY LANE SURGERY,E01026323,MALE,46
GP_PRAC_PAT_LIST,01/07/2026,C83080,THE HARROWBY LANE SURGERY,E01026324,MALE,68
GP_PRAC_PAT_LIST,01/07/2026,C83080,THE HARROWBY LANE SURGERY,E01026325,MALE,328
GP_PRAC_PAT_LIST,01/07/2026,C83080,THE HARROWBY LANE SURGERY,E01026326,MALE,257
GP_PRAC_PAT_LIST,01/07/2026,C83080,THE HARROWBY LANE SURGERY,E01026327,MALE,227
GP_PRAC_PAT_LIST,01/07/2026,C83080,THE HARROWBY LANE SURGERY,E01026328,MALE,336
GP_PRAC_PAT_LIST,01/07/2026,C83080,THE HARROWBY LANE SURGERY,E01026331,MALE,1
GP_PRAC_PAT_LIST,01/07/2026,C83080,THE HARROWBY LANE SURGERY,E01026332,MALE,34
GP_PRAC_PAT_LIST,01/07/2026,C83080,THE HARROWBY LANE SURGERY,E01026340,MALE,75
GP_PRAC_PAT_LIST,01/07/2026,C83080,THE HARROWBY LANE SURGERY,E01026343,MALE,41
GP_PRAC_PAT_LIST,01/07/2026,C83080,THE HARROWBY LANE SURGERY,E01026344,MALE,38
GP_PRAC_PAT_LIST,01/07/2026,C83080,THE HARROWBY LANE SURGERY,E01026345,MALE,171
GP_PRAC_PAT_LIST,01/07/2026,C83080,THE HARROWBY LANE SURGERY,E01026352,MALE,55
GP_PRAC_PAT_LIST,01/07/2026,C83080,THE HARROWBY LANE SURGERY,E01026353,MALE,41
GP_PRAC_PAT_LIST,01/07/2026,C83080,THE HARROWBY LANE SURGERY,E01026354,MALE,82
GP_PRAC_PAT_LIST,01/07/2026,C83080,THE HARROWBY LANE SURGERY,E01026365,MALE,1
GP_PRAC_PAT_LIST,01/07/2026,C83080,THE HARROWBY LANE SURGERY,E01026491,MALE,1
GP_PRAC_PAT_LIST,01/07/2026,C83080,THE HARROWBY LANE SURGERY,E01032989,MALE,2
GP_PRAC_PAT_LIST,01/07/2026,C83080,THE HARROWBY LANE SURGERY,E01034701,MALE,2
GP_PRAC_PAT_LIST,01/07/2026,C83080,THE HARROWBY LANE SURGERY,E01034702,MALE,10
GP_PRAC_PAT_LIST,01/07/2026,C83080,THE HARROWBY LANE SURGERY,EMPTY,MALE,5
GP_PRAC_PAT_LIST,01/07/2026,C83082,BIRCHWOOD MEDICAL PRACTICE,E01017557,MALE,1
GP_PRAC_PAT_LIST,01/07/2026,C83082,BIRCHWOOD MEDICAL PRACTICE,E01019503,MALE,1
GP_PRAC_PAT_LIST,01/07/2026,C83082,BIRCHWOOD MEDICAL PRACTICE,E01023217,MALE,1
GP_PRAC_PAT_LIST,01/07/2026,C83082,BIRCHWOOD MEDICAL PRACTICE,E01026081,MALE,1
GP_PRAC_PAT_LIST,01/07/2026,C83082,BIRCHWOOD MEDICAL PRACTICE,E01026114,MALE,1
GP_PRAC_PAT_LIST,01/07/2026,C83082,BIRCHWOOD MEDICAL PRACTICE,E01026123,MALE,1
GP_PRAC_PAT_LIST,01/07/2026,C83082,BIRCHWOOD MEDICAL PRACTICE,E01026124,MALE,1
GP_PRAC_PAT_LIST,01/07/2026,C83082,BIRCHWOOD MEDICAL PRACTICE,E01026127,MALE,421
GP_PRAC_PAT_LIST,01/07/2026,C83082,BIRCHWOOD MEDICAL PRACTICE,E01026129,MALE,580
GP_PRAC_PAT_LIST,01/07/2026,C83082,BIRCHWOOD MEDICAL PRACTICE,E01026130,MALE,383
GP_PRAC_PAT_LIST,01/07/2026,C83082,BIRCHWOOD MEDICAL PRACTICE,E01026131,MALE,459
GP_PRAC_PAT_LIST,01/07/2026,C83082,BIRCHWOOD MEDICAL PRACTICE,E01026134,MALE,1
GP_PRAC_PAT_LIST,01/07/2026,C83082,BIRCHWOOD MEDICAL PRACTICE,E01026135,MALE,3
GP_PRAC_PAT_LIST,01/07/2026,C83082,BIRCHWOOD MEDICAL PRACTICE,E01026136,MALE,88
GP_PRAC_PAT_LIST,01/07/2026,C83082,BIRCHWOOD MEDICAL PRACTICE,E01026137,MALE,1
GP_PRAC_PAT_LIST,01/07/2026,C83082,BIRCHWOOD MEDICAL PRACTICE,E01026150,MALE,1
GP_PRAC_PAT_LIST,01/07/2026,C83082,BIRCHWOOD MEDICAL PRACTICE,E01026158,MALE,341
GP_PRAC_PAT_LIST,01/07/2026,C83082,BIRCHWOOD MEDICAL PRACTICE,E01026159,MALE,406
GP_PRAC_PAT_LIST,01/07/2026,C83082,BIRCHWOOD MEDICAL PRACTICE,E01026160,MALE,410
GP_PRAC_PAT_LIST,01/07/2026,C83082,BIRCHWOOD MEDICAL PRACTICE,E01026161,MALE,192
GP_PRAC_PAT_LIST,01/07/2026,C83082,BIRCHWOOD MEDICAL PRACTICE,E01026162,MALE,264
GP_PRAC_PAT_LIST,01/07/2026,C83082,BIRCHWOOD MEDICAL PRACTICE,E01026163,MALE,384
GP_PRAC_PAT_LIST,01/07/2026,C83082,BIRCHWOOD MEDICAL PRACTICE,E01026165,MALE,1
GP_PRAC_PAT_LIST,01/07/2026,C83082,BIRCHWOOD MEDICAL PRACTICE,E01026169,MALE,5
GP_PRAC_PAT_LIST,01/07/2026,C83082,BIRCHWOOD MEDICAL PRACTICE,E01026170,MALE,4
GP_PRAC_PAT_LIST,01/07/2026,C83082,BIRCHWOOD MEDICAL PRACTICE,E01026171,MALE,50
GP_PRAC_PAT_LIST,01/07/2026,C83082,BIRCHWOOD MEDICAL PRACTICE,E01026172,MALE,8
GP_PRAC_PAT_LIST,01/07/2026,C83082,BIRCHWOOD MEDICAL PRACTICE,E01026173,MALE,9
GP_PRAC_PAT_LIST,01/07/2026,C83082,BIRCHWOOD MEDICAL PRACTICE,E01026175,MALE,2
GP_PRAC_PAT_LIST,01/07/2026,C83082,BIRCHWOOD MEDICAL PRACTICE,E01026191,MALE,1
GP_PRAC_PAT_LIST,01/07/2026,C83082,BIRCHWOOD MEDICAL PRACTICE,E01026195,MALE,1
GP_PRAC_PAT_LIST,01/07/2026,C83082,BIRCHWOOD MEDICAL PRACTICE,E01026199,MALE,17
GP_PRAC_PAT_LIST,01/07/2026,C83082,BIRCHWOOD MEDICAL PRACTICE,E01026202,MALE,1
GP_PRAC_PAT_LIST,01/07/2026,C83082,BIRCHWOOD MEDICAL PRACTICE,E01026214,MALE,1
GP_PRAC_PAT_LIST,01/07/2026,C83082,BIRCHWOOD MEDICAL PRACTICE,E01026215,MALE,6
GP_PRAC_PAT_LIST,01/07/2026,C83082,BIRCHWOOD MEDICAL PRACTICE,E01026218,MALE,1
GP_PRAC_PAT_LIST,01/07/2026,C83082,BIRCHWOOD MEDICAL PRACTICE,E01026219,MALE,1
GP_PRAC_PAT_LIST,01/07/2026,C83082,BIRCHWOOD MEDICAL PRACTICE,E01026220,MALE,1
GP_PRAC_PAT_LIST,01/07/2026,C83082,BIRCHWOOD MEDICAL PRACTICE,E01026225,MALE,209
GP_PRAC_PAT_LIST,01/07/2026,C83082,BIRCHWOOD MEDICAL PRACTICE,E01026226,MALE,244
GP_PRAC_PAT_LIST,01/07/2026,C83082,BIRCHWOOD MEDICAL PRACTICE,E01026272,MALE,1
GP_PRAC_PAT_LIST,01/07/2026,C83082,BIRCHWOOD MEDICAL PRACTICE,E01026372,MALE,1
GP_PRAC_PAT_LIST,01/07/2026,C83082,BIRCHWOOD MEDICAL PRACTICE,E01026373,MALE,1
GP_PRAC_PAT_LIST,01/07/2026,C83082,BIRCHWOOD MEDICAL PRACTICE,E01026404,MALE,1
GP_PRAC_PAT_LIST,01/07/2026,C83082,BIRCHWOOD MEDICAL PRACTICE,E01030750,MALE,1
GP_PRAC_PAT_LIST,01/07/2026,C83082,BIRCHWOOD MEDICAL PRACTICE,E01031959,MALE,1
GP_PRAC_PAT_LIST,01/07/2026,C83082,BIRCHWOOD MEDICAL PRACTICE,E01032988,MALE,2
GP_PRAC_PAT_LIST,01/07/2026,C83082,BIRCHWOOD MEDICAL PRACTICE,E01032989,MALE,1
GP_PRAC_PAT_LIST,01/07/2026,C83082,BIRCHWOOD MEDICAL PRACTICE,E01032991,MALE,19
GP_PRAC_PAT_LIST,01/07/2026,C83082,BIRCHWOOD MEDICAL PRACTICE,E01032992,MALE,3
GP_PRAC_PAT_LIST,01/07/2026,C83082,BIRCHWOOD MEDICAL PRACTICE,E01032993,MALE,2
GP_PRAC_PAT_LIST,01/07/2026,C83082,BIRCHWOOD MEDICAL PRACTICE,E01032994,MALE,1
GP_PRAC_PAT_LIST,01/07/2026,C83082,BIRCHWOOD MEDICAL PRACTICE,E01034687,MALE,1
GP_PRAC_PAT_LIST,01/07/2026,C83082,BIRCHWOOD MEDICAL PRACTICE,E01034689,MALE,339
GP_PRAC_PAT_LIST,01/07/2026,C83082,BIRCHWOOD MEDICAL PRACTICE,E01034690,MALE,503
GP_PRAC_PAT_LIST,01/07/2026,C83082,BIRCHWOOD MEDICAL PRACTICE,E01034691,MALE,3
GP_PRAC_PAT_LIST,01/07/2026,C83082,BIRCHWOOD MEDICAL PRACTICE,E01034692,MALE,2
GP_PRAC_PAT_LIST,01/07/2026,C83082,BIRCHWOOD MEDICAL PRACTICE,E01034693,MALE,4
GP_PRAC_PAT_LIST,01/07/2026,C83082,BIRCHWOOD MEDICAL PRACTICE,E01034694,MALE,2
GP_PRAC_PAT_LIST,01/07/2026,C83082,BIRCHWOOD MEDICAL PRACTICE,E01034706,MALE,1
GP_PRAC_PAT_LIST,01/07/2026,C83082,BIRCHWOOD MEDICAL PRACTICE,E01034707,MALE,1
GP_PRAC_PAT_LIST,01/07/2026,C83082,BIRCHWOOD MEDICAL PRACTICE,E01035406,MALE,1
GP_PRAC_PAT_LIST,01/07/2026,C83082,BIRCHWOOD MEDICAL PRACTICE,EMPTY,MALE,1
GP_PRAC_PAT_LIST,01/07/2026,C83083,THE NEW CONINGSBY SURGERY,E01007355,MALE,1
GP_PRAC_PAT_LIST,01/07/2026,C83083,THE NEW CONINGSBY SURGERY,E01007463,MALE,1
GP_PRAC_PAT_LIST,01/07/2026,C83083,THE NEW CONINGSBY SURGERY,E01011098,MALE,1
GP_PRAC_PAT_LIST,01/07/2026,C83083,THE NEW CONINGSBY SURGERY,E01012520,MALE,1
GP_PRAC_PAT_LIST,01/07/2026,C83083,THE NEW CONINGSBY SURGERY,E01013076,MALE,1
GP_PRAC_PAT_LIST,01/07/2026,C83083,THE NEW CONINGSBY SURGERY,E01017978,MALE,1
GP_PRAC_PAT_LIST,01/07/2026,C83083,THE NEW CONINGSBY SURGERY,E01021849,MALE,1
GP_PRAC_PAT_LIST,01/07/2026,C83083,THE NEW CONINGSBY SURGERY,E01026008,MALE,1
GP_PRAC_PAT_LIST,01/07/2026,C83083,THE NEW CONINGSBY SURGERY,E01026021,MALE,1
GP_PRAC_PAT_LIST,01/07/2026,C83083,THE NEW CONINGSBY SURGERY,E01026022,MALE,1
GP_PRAC_PAT_LIST,01/07/2026,C83083,THE NEW CONINGSBY SURGERY,E01026033,MALE,132
GP_PRAC_PAT_LIST,01/07/2026,C83083,THE NEW CONINGSBY SURGERY,E01026051,MALE,546
GP_PRAC_PAT_LIST,01/07/2026,C83083,THE NEW CONINGSBY SURGERY,E01026052,MALE,769
GP_PRAC_PAT_LIST,01/07/2026,C83083,THE NEW CONINGSBY SURGERY,E01026053,MALE,584
GP_PRAC_PAT_LIST,01/07/2026,C83083,THE NEW CONINGSBY SURGERY,E01026054,MALE,660
GP_PRAC_PAT_LIST,01/07/2026,C83083,THE NEW CONINGSBY SURGERY,E01026057,MALE,95
GP_PRAC_PAT_LIST,01/07/2026,C83083,THE NEW CONINGSBY SURGERY,E01026059,MALE,1
GP_PRAC_PAT_LIST,01/07/2026,C83083,THE NEW CONINGSBY SURGERY,E01026060,MALE,5
GP_PRAC_PAT_LIST,01/07/2026,C83083,THE NEW CONINGSBY SURGERY,E01026064,MALE,17
GP_PRAC_PAT_LIST,01/07/2026,C83083,THE NEW CONINGSBY SURGERY,E01026065,MALE,17
GP_PRAC_PAT_LIST,01/07/2026,C83083,THE NEW CONINGSBY SURGERY,E01026066,MALE,15
GP_PRAC_PAT_LIST,01/07/2026,C83083,THE NEW CONINGSBY SURGERY,E01026067,MALE,11
GP_PRAC_PAT_LIST,01/07/2026,C83083,THE NEW CONINGSBY SURGERY,E01026068,MALE,1
GP_PRAC_PAT_LIST,01/07/2026,C83083,THE NEW CONINGSBY SURGERY,E01026075,MALE,516
GP_PRAC_PAT_LIST,01/07/2026,C83083,THE NEW CONINGSBY SURGERY,E01026082,MALE,19
GP_PRAC_PAT_LIST,01/07/2026,C83083,THE NEW CONINGSBY SURGERY,E01026094,MALE,1
GP_PRAC_PAT_LIST,01/07/2026,C83083,THE NEW CONINGSBY SURGERY,E01026098,MALE,1
GP_PRAC_PAT_LIST,01/07/2026,C83083,THE NEW CONINGSBY SURGERY,E01026105,MALE,1
GP_PRAC_PAT_LIST,01/07/2026,C83083,THE NEW CONINGSBY SURGERY,E01026118,MALE,44
GP_PRAC_PAT_LIST,01/07/2026,C83083,THE NEW CONINGSBY SURGERY,E01026119,MALE,41
GP_PRAC_PAT_LIST,01/07/2026,C83083,THE NEW CONINGSBY SURGERY,E01026120,MALE,45
GP_PRAC_PAT_LIST,01/07/2026,C83083,THE NEW CONINGSBY SURGERY,E01026125,MALE,1
GP_PRAC_PAT_LIST,01/07/2026,C83083,THE NEW CONINGSBY SURGERY,E01026183,MALE,85
GP_PRAC_PAT_LIST,01/07/2026,C83083,THE NEW CONINGSBY SURGERY,E01026184,MALE,1
GP_PRAC_PAT_LIST,01/07/2026,C83083,THE NEW CONINGSBY SURGERY,E01026207,MALE,4
GP_PRAC_PAT_LIST,01/07/2026,C83083,THE NEW CONINGSBY SURGERY,E01026209,MALE,1
GP_PRAC_PAT_LIST,01/07/2026,C83083,THE NEW CONINGSBY SURGERY,E01026210,MALE,15
GP_PRAC_PAT_LIST,01/07/2026,C83083,THE NEW CONINGSBY SURGERY,E01026229,MALE,1
GP_PRAC_PAT_LIST,01/07/2026,C83083,THE NEW CONINGSBY SURGERY,E01026294,MALE,1
GP_PRAC_PAT_LIST,01/07/2026,C83083,THE NEW CONINGSBY SURGERY,E01026400,MALE,1
GP_PRAC_PAT_LIST,01/07/2026,C83083,THE NEW CONINGSBY SURGERY,E01026406,MALE,1
GP_PRAC_PAT_LIST,01/07/2026,C83083,THE NEW CONINGSBY SURGERY,E01026416,MALE,1
GP_PRAC_PAT_LIST,01/07/2026,C83083,THE NEW CONINGSBY SURGERY,E01026722,MALE,1
GP_PRAC_PAT_LIST,01/07/2026,C83083,THE NEW CONINGSBY SURGERY,E01034683,MALE,1
GP_PRAC_PAT_LIST,01/07/2026,C83083,THE NEW CONINGSBY SURGERY,EMPTY,MALE,3
GP_PRAC_PAT_LIST,01/07/2026,C83085,JAMES STREET FAMILY PRACTICE,E01005719,MALE,1
GP_PRAC_PAT_LIST,01/07/2026,C83085,JAMES STREET FAMILY PRACTICE,E01013172,MALE,2
GP_PRAC_PAT_LIST,01/07/2026,C83085,JAMES STREET FAMILY PRACTICE,E01013174,MALE,1
GP_PRAC_PAT_LIST,01/07/2026,C83085,JAMES STREET FAMILY PRACTICE,E01013180,MALE,1
GP_PRAC_PAT_LIST,01/07/2026,C83085,JAMES STREET FAMILY PRACTICE,E01013221,MALE,1
GP_PRAC_PAT_LIST,01/07/2026,C83085,JAMES STREET FAMILY PRACTICE,E01013306,MALE,1
GP_PRAC_PAT_LIST,01/07/2026,C83085,JAMES STREET FAMILY PRACTICE,E01013888,MALE,1
GP_PRAC_PAT_LIST,01/07/2026,C83085,JAMES STREET FAMILY PRACTICE,E01026026,MALE,1
GP_PRAC_PAT_LIST,01/07/2026,C83085,JAMES STREET FAMILY PRACTICE,E01026042,MALE,2
GP_PRAC_PAT_LIST,01/07/2026,C83085,JAMES STREET FAMILY PRACTICE,E01026043,MALE,2
GP_PRAC_PAT_LIST,01/07/2026,C83085,JAMES STREET FAMILY PRACTICE,E01026044,MALE,1
GP_PRAC_PAT_LIST,01/07/2026,C83085,JAMES STREET FAMILY PRACTICE,E01026045,MALE,193
GP_PRAC_PAT_LIST,01/07/2026,C83085,JAMES STREET FAMILY PRACTICE,E01026058,MALE,306
GP_PRAC_PAT_LIST,01/07/2026,C83085,JAMES STREET FAMILY PRACTICE,E01026062,MALE,2
GP_PRAC_PAT_LIST,01/07/2026,C83085,JAMES STREET FAMILY PRACTICE,E01026063,MALE,1
GP_PRAC_PAT_LIST,01/07/2026,C83085,JAMES STREET FAMILY PRACTICE,E01026066,MALE,1
GP_PRAC_PAT_LIST,01/07/2026,C83085,JAMES STREET FAMILY PRACTICE,E01026067,MALE,2
GP_PRAC_PAT_LIST,01/07/2026,C83085,JAMES STREET FAMILY PRACTICE,E01026068,MALE,32
GP_PRAC_PAT_LIST,01/07/2026,C83085,JAMES STREET FAMILY PRACTICE,E01026070,MALE,480
GP_PRAC_PAT_LIST,01/07/2026,C83085,JAMES STREET FAMILY PRACTICE,E01026071,MALE,149
GP_PRAC_PAT_LIST,01/07/2026,C83085,JAMES STREET FAMILY PRACTICE,E01026073,MALE,2
GP_PRAC_PAT_LIST,01/07/2026,C83085,JAMES STREET FAMILY PRACTICE,E01026076,MALE,186
GP_PRAC_PAT_LIST,01/07/2026,C83085,JAMES STREET FAMILY PRACTICE,E01026077,MALE,597
GP_PRAC_PAT_LIST,01/07/2026,C83085,JAMES STREET FAMILY PRACTICE,E01026078,MALE,289
GP_PRAC_PAT_LIST,01/07/2026,C83085,JAMES STREET FAMILY PRACTICE,E01026079,MALE,34
GP_PRAC_PAT_LIST,01/07/2026,C83085,JAMES STREET FAMILY PRACTICE,E01026080,MALE,42
GP_PRAC_PAT_LIST,01/07/2026,C83085,JAMES STREET FAMILY PRACTICE,E01026081,MALE,637
GP_PRAC_PAT_LIST,01/07/2026,C83085,JAMES STREET FAMILY PRACTICE,E01026087,MALE,494
GP_PRAC_PAT_LIST,01/07/2026,C83085,JAMES STREET FAMILY PRACTICE,E01026088,MALE,379
GP_PRAC_PAT_LIST,01/07/2026,C83085,JAMES STREET FAMILY PRACTICE,E01026089,MALE,427
GP_PRAC_PAT_LIST,01/07/2026,C83085,JAMES STREET FAMILY PRACTICE,E01026090,MALE,259
GP_PRAC_PAT_LIST,01/07/2026,C83085,JAMES STREET FAMILY PRACTICE,E01026091,MALE,339
GP_PRAC_PAT_LIST,01/07/2026,C83085,JAMES STREET FAMILY PRACTICE,E01026094,MALE,1
GP_PRAC_PAT_LIST,01/07/2026,C83085,JAMES STREET FAMILY PRACTICE,E01026098,MALE,1
GP_PRAC_PAT_LIST,01/07/2026,C83085,JAMES STREET FAMILY PRACTICE,E01026099,MALE,103
GP_PRAC_PAT_LIST,01/07/2026,C83085,JAMES STREET FAMILY PRACTICE,E01026105,MALE,6
GP_PRAC_PAT_LIST,01/07/2026,C83085,JAMES STREET FAMILY PRACTICE,E01026108,MALE,728
GP_PRAC_PAT_LIST,01/07/2026,C83085,JAMES STREET FAMILY PRACTICE,E01026113,MALE,2
GP_PRAC_PAT_LIST,01/07/2026,C83085,JAMES STREET FAMILY PRACTICE,E01026117,MALE,109
GP_PRAC_PAT_LIST,01/07/2026,C83085,JAMES STREET FAMILY PRACTICE,E01026121,MALE,1
GP_PRAC_PAT_LIST,01/07/2026,C83085,JAMES STREET FAMILY PRACTICE,E01026129,MALE,1
GP_PRAC_PAT_LIST,01/07/2026,C83085,JAMES STREET FAMILY PRACTICE,E01026153,MALE,1
GP_PRAC_PAT_LIST,01/07/2026,C83085,JAMES STREET FAMILY PRACTICE,E01026177,MALE,1
GP_PRAC_PAT_LIST,01/07/2026,C83085,JAMES STREET FAMILY PRACTICE,E01026205,MALE,1
GP_PRAC_PAT_LIST,01/07/2026,C83085,JAMES STREET FAMILY PRACTICE,E01026224,MALE,1
GP_PRAC_PAT_LIST,01/07/2026,C83085,JAMES STREET FAMILY PRACTICE,E01026389,MALE,1
GP_PRAC_PAT_LIST,01/07/2026,C83085,JAMES STREET FAMILY PRACTICE,E01026391,MALE,6
GP_PRAC_PAT_LIST,01/07/2026,C83085,JAMES STREET FAMILY PRACTICE,E01026392,MALE,1
GP_PRAC_PAT_LIST,01/07/2026,C83085,JAMES STREET FAMILY PRACTICE,E01026414,MALE,1
GP_PRAC_PAT_LIST,01/07/2026,C83085,JAMES STREET FAMILY PRACTICE,E01026415,MALE,1
GP_PRAC_PAT_LIST,01/07/2026,C83085,JAMES STREET FAMILY PRACTICE,E01028182,MALE,1
GP_PRAC_PAT_LIST,01/07/2026,C83085,JAMES STREET FAMILY PRACTICE,E01032986,MALE,347
GP_PRAC_PAT_LIST,01/07/2026,C83085,JAMES STREET FAMILY PRACTICE,E01032987,MALE,470
GP_PRAC_PAT_LIST,01/07/2026,C83085,JAMES STREET FAMILY PRACTICE,E01033277,MALE,1
GP_PRAC_PAT_LIST,01/07/2026,C83085,JAMES STREET FAMILY PRACTICE,E01034017,MALE,1
GP_PRAC_PAT_LIST,01/07/2026,C83085,JAMES STREET FAMILY PRACTICE,E01034696,MALE,1
GP_PRAC_PAT_LIST,01/07/2026,C83085,JAMES STREET FAMILY PRACTICE,E01035473,MALE,1
GP_PRAC_PAT_LIST,01/07/2026,C83085,JAMES STREET FAMILY PRACTICE,E01035480,MALE,1
GP_PRAC_PAT_LIST,01/07/2026,C83085,JAMES STREET FAMILY PRACTICE,EMPTY,MALE,9
GP_PRAC_PAT_LIST,01/07/2026,C83611,THE BASSINGHAM SURGERY,CLOSED,MALE,1
GP_PRAC_PAT_LIST,01/07/2026,C83611,THE BASSINGHAM SURGERY,E01007363,MALE,1
GP_PRAC_PAT_LIST,01/07/2026,C83611,THE BASSINGHAM SURGERY,E01013788,MALE,1
GP_PRAC_PAT_LIST,01/07/2026,C83611,THE BASSINGHAM SURGERY,E01017925,MALE,1
GP_PRAC_PAT_LIST,01/07/2026,C83611,THE BASSINGHAM SURGERY,E01026058,MALE,1
GP_PRAC_PAT_LIST,01/07/2026,C83611,THE BASSINGHAM SURGERY,E01026163,MALE,2
GP_PRAC_PAT_LIST,01/07/2026,C83611,THE BASSINGHAM SURGERY,E01026172,MALE,1
GP_PRAC_PAT_LIST,01/07/2026,C83611,THE BASSINGHAM SURGERY,E01026175,MALE,1
GP_PRAC_PAT_LIST,01/07/2026,C83611,THE BASSINGHAM SURGERY,E01026182,MALE,742
GP_PRAC_PAT_LIST,01/07/2026,C83611,THE BASSINGHAM SURGERY,E01026185,MALE,6
GP_PRAC_PAT_LIST,01/07/2026,C83611,THE BASSINGHAM SURGERY,E01026192,MALE,444
GP_PRAC_PAT_LIST,01/07/2026,C83611,THE BASSINGHAM SURGERY,E01026193,MALE,423
GP_PRAC_PAT_LIST,01/07/2026,C83611,THE BASSINGHAM SURGERY,E01026194,MALE,53
GP_PRAC_PAT_LIST,01/07/2026,C83611,THE BASSINGHAM SURGERY,E01026195,MALE,85
GP_PRAC_PAT_LIST,01/07/2026,C83611,THE BASSINGHAM SURGERY,E01026196,MALE,23
GP_PRAC_PAT_LIST,01/07/2026,C83611,THE BASSINGHAM SURGERY,E01026197,MALE,1
GP_PRAC_PAT_LIST,01/07/2026,C83611,THE BASSINGHAM SURGERY,E01026198,MALE,1
GP_PRAC_PAT_LIST,01/07/2026,C83611,THE BASSINGHAM SURGERY,E01026199,MALE,128
GP_PRAC_PAT_LIST,01/07/2026,C83611,THE BASSINGHAM SURGERY,E01026219,MALE,1
GP_PRAC_PAT_LIST,01/07/2026,C83611,THE BASSINGHAM SURGERY,E01026220,MALE,1
GP_PRAC_PAT_LIST,01/07/2026,C83611,THE BASSINGHAM SURGERY,E01026230,MALE,2
GP_PRAC_PAT_LIST,01/07/2026,C83611,THE BASSINGHAM SURGERY,E01026233,MALE,1
GP_PRAC_PAT_LIST,01/07/2026,C83611,THE BASSINGHAM SURGERY,E01026237,MALE,2
GP_PRAC_PAT_LIST,01/07/2026,C83611,THE BASSINGHAM SURGERY,E01026329,MALE,2
GP_PRAC_PAT_LIST,01/07/2026,C83611,THE BASSINGHAM SURGERY,E01026333,MALE,3
GP_PRAC_PAT_LIST,01/07/2026,C83611,THE BASSINGHAM SURGERY,E01026373,MALE,1
GP_PRAC_PAT_LIST,01/07/2026,C83611,THE BASSINGHAM SURGERY,E01028024,MALE,1
GP_PRAC_PAT_LIST,01/07/2026,C83611,THE BASSINGHAM SURGERY,E01028310,MALE,1
GP_PRAC_PAT_LIST,01/07/2026,C83611,THE BASSINGHAM SURGERY,E01028316,MALE,1
GP_PRAC_PAT_LIST,01/07/2026,C83611,THE BASSINGHAM SURGERY,E01028353,MALE,1
GP_PRAC_PAT_LIST,01/07/2026,C83611,THE BASSINGHAM SURGERY,E01031343,MALE,1
GP_PRAC_PAT_LIST,01/07/2026,C83611,THE BASSINGHAM SURGERY,E01032551,MALE,1
GP_PRAC_PAT_LIST,01/07/2026,C83611,THE BASSINGHAM SURGERY,E01032988,MALE,1
GP_PRAC_PAT_LIST,01/07/2026,C83611,THE BASSINGHAM SURGERY,E01032989,MALE,3
GP_PRAC_PAT_LIST,01/07/2026,C83611,THE BASSINGHAM SURGERY,E01032992,MALE,3
GP_PRAC_PAT_LIST,01/07/2026,C83611,THE BASSINGHAM SURGERY,E01032993,MALE,5
GP_PRAC_PAT_LIST,01/07/2026,C83611,THE BASSINGHAM SURGERY,E01032994,MALE,174
GP_PRAC_PAT_LIST,01/07/2026,C83611,THE BASSINGHAM SURGERY,E01034693,MALE,705
GP_PRAC_PAT_LIST,01/07/2026,C83611,THE BASSINGHAM SURGERY,E01034694,MALE,743
GP_PRAC_PAT_LIST,01/07/2026,C83611,THE BASSINGHAM SURGERY,E01034843,MALE,1
GP_PRAC_PAT_LIST,01/07/2026,C83611,THE BASSINGHAM SURGERY,EMPTY,MALE,7
GP_PRAC_PAT_LIST,01/07/2026,C83613,CAISTOR HEALTH CENTRE,CLOSED,MALE,4
GP_PRAC_PAT_LIST,01/07/2026,C83613,CAISTOR HEALTH CENTRE,E01013006,MALE,1
GP_PRAC_PAT_LIST,01/07/2026,C83613,CAISTOR HEALTH CENTRE,E01013097,MALE,1
GP_PRAC_PAT_LIST,01/07/2026,C83613,CAISTOR HEALTH CENTRE,E01013175,MALE,5
GP_PRAC_PAT_LIST,01/07/2026,C83613,CAISTOR HEALTH CENTRE,E01013214,MALE,1
GP_PRAC_PAT_LIST,01/07/2026,C83613,CAISTOR HEALTH CENTRE,E01013225,MALE,8
GP_PRAC_PAT_LIST,01/07/2026,C83613,CAISTOR HEALTH CENTRE,E01013228,MALE,1
GP_PRAC_PAT_LIST,01/07/2026,C83613,CAISTOR HEALTH CENTRE,E01013267,MALE,1
GP_PRAC_PAT_LIST,01/07/2026,C83613,CAISTOR HEALTH CENTRE,E01013272,MALE,1
GP_PRAC_PAT_LIST,01/07/2026,C83613,CAISTOR HEALTH CENTRE,E01013308,MALE,1
GP_PRAC_PAT_LIST,01/07/2026,C83613,CAISTOR HEALTH CENTRE,E01013314,MALE,1
GP_PRAC_PAT_LIST,01/07/2026,C83613,CAISTOR HEALTH CENTRE,E01013319,MALE,1
GP_PRAC_PAT_LIST,01/07/2026,C83613,CAISTOR HEALTH CENTRE,E01013325,MALE,16
GP_PRAC_PAT_LIST,01/07/2026,C83613,CAISTOR HEALTH CENTRE,E01018938,MALE,1
GP_PRAC_PAT_LIST,01/07/2026,C83613,CAISTOR HEALTH CENTRE,E01026045,MALE,2
GP_PRAC_PAT_LIST,01/07/2026,C83613,CAISTOR HEALTH CENTRE,E01026080,MALE,1
GP_PRAC_PAT_LIST,01/07/2026,C83613,CAISTOR HEALTH CENTRE,E01026122,MALE,1
GP_PRAC_PAT_LIST,01/07/2026,C83613,CAISTOR HEALTH CENTRE,E01026125,MALE,1
GP_PRAC_PAT_LIST,01/07/2026,C83613,CAISTOR HEALTH CENTRE,E01026188,MALE,1
GP_PRAC_PAT_LIST,01/07/2026,C83613,CAISTOR HEALTH CENTRE,E01026207,MALE,1
GP_PRAC_PAT_LIST,01/07/2026,C83613,CAISTOR HEALTH CENTRE,E01026367,MALE,682
GP_PRAC_PAT_LIST,01/07/2026,C83613,CAISTOR HEALTH CENTRE,E01026368,MALE,893
GP_PRAC_PAT_LIST,01/07/2026,C83613,CAISTOR HEALTH CENTRE,E01026382,MALE,1
GP_PRAC_PAT_LIST,01/07/2026,C83613,CAISTOR HEALTH CENTRE,E01026387,MALE,467
GP_PRAC_PAT_LIST,01/07/2026,C83613,CAISTOR HEALTH CENTRE,E01026389,MALE,2
GP_PRAC_PAT_LIST,01/07/2026,C83613,CAISTOR HEALTH CENTRE,E01026390,MALE,1
GP_PRAC_PAT_LIST,01/07/2026,C83613,CAISTOR HEALTH CENTRE,E01026391,MALE,4
GP_PRAC_PAT_LIST,01/07/2026,C83613,CAISTOR HEALTH CENTRE,E01026392,MALE,55
GP_PRAC_PAT_LIST,01/07/2026,C83613,CAISTOR HEALTH CENTRE,E01026411,MALE,9
GP_PRAC_PAT_LIST,01/07/2026,C83613,CAISTOR HEALTH CENTRE,E01026415,MALE,20
GP_PRAC_PAT_LIST,01/07/2026,C83613,CAISTOR HEALTH CENTRE,E01026416,MALE,436
GP_PRAC_PAT_LIST,01/07/2026,C83613,CAISTOR HEALTH CENTRE,E01032683,MALE,27
GP_PRAC_PAT_LIST,01/07/2026,C83613,CAISTOR HEALTH CENTRE,E01032986,MALE,1
GP_PRAC_PAT_LIST,01/07/2026,C83613,CAISTOR HEALTH CENTRE,EMPTY,MALE,2
GP_PRAC_PAT_LIST,01/07/2026,C83614,SUTTERTON SURGERY,E01026008,MALE,4
GP_PRAC_PAT_LIST,01/07/2026,C83614,SUTTERTON SURGERY,E01026009,MALE,2
GP_PRAC_PAT_LIST,01/07/2026,C83614,SUTTERTON SURGERY,E01026010,MALE,5
GP_PRAC_PAT_LIST,01/07/2026,C83614,SUTTERTON SURGERY,E01026013,MALE,3
GP_PRAC_PAT_LIST,01/07/2026,C83614,SUTTERTON SURGERY,E01026014,MALE,7
GP_PRAC_PAT_LIST,01/07/2026,C83614,SUTTERTON SURGERY,E01026015,MALE,3
GP_PRAC_PAT_LIST,01/07/2026,C83614,SUTTERTON SURGERY,E01026016,MALE,542
GP_PRAC_PAT_LIST,01/07/2026,C83614,SUTTERTON SURGERY,E01026017,MALE,537
GP_PRAC_PAT_LIST,01/07/2026,C83614,SUTTERTON SURGERY,E01026018,MALE,55
GP_PRAC_PAT_LIST,01/07/2026,C83614,SUTTERTON SURGERY,E01026019,MALE,91
GP_PRAC_PAT_LIST,01/07/2026,C83614,SUTTERTON SURGERY,E01026020,MALE,111
GP_PRAC_PAT_LIST,01/07/2026,C83614,SUTTERTON SURGERY,E01026021,MALE,5
GP_PRAC_PAT_LIST,01/07/2026,C83614,SUTTERTON SURGERY,E01026022,MALE,4
GP_PRAC_PAT_LIST,01/07/2026,C83614,SUTTERTON SURGERY,E01026025,MALE,2
GP_PRAC_PAT_LIST,01/07/2026,C83614,SUTTERTON SURGERY,E01026026,MALE,4
GP_PRAC_PAT_LIST,01/07/2026,C83614,SUTTERTON SURGERY,E01026027,MALE,3
GP_PRAC_PAT_LIST,01/07/2026,C83614,SUTTERTON SURGERY,E01026028,MALE,3
GP_PRAC_PAT_LIST,01/07/2026,C83614,SUTTERTON SURGERY,E01026030,MALE,4
GP_PRAC_PAT_LIST,01/07/2026,C83614,SUTTERTON SURGERY,E01026031,MALE,4
GP_PRAC_PAT_LIST,01/07/2026,C83614,SUTTERTON SURGERY,E01026032,MALE,3
GP_PRAC_PAT_LIST,01/07/2026,C83614,SUTTERTON SURGERY,E01026033,MALE,28
GP_PRAC_PAT_LIST,01/07/2026,C83614,SUTTERTON SURGERY,E01026034,MALE,23
GP_PRAC_PAT_LIST,01/07/2026,C83614,SUTTERTON SURGERY,E01026035,MALE,15
GP_PRAC_PAT_LIST,01/07/2026,C83614,SUTTERTON SURGERY,E01026036,MALE,3
GP_PRAC_PAT_LIST,01/07/2026,C83614,SUTTERTON SURGERY,E01026037,MALE,2
GP_PRAC_PAT_LIST,01/07/2026,C83614,SUTTERTON SURGERY,E01026038,MALE,4
GP_PRAC_PAT_LIST,01/07/2026,C83614,SUTTERTON SURGERY,E01026039,MALE,22
GP_PRAC_PAT_LIST,01/07/2026,C83614,SUTTERTON SURGERY,E01026040,MALE,20
GP_PRAC_PAT_LIST,01/07/2026,C83614,SUTTERTON SURGERY,E01026041,MALE,26
GP_PRAC_PAT_LIST,01/07/2026,C83614,SUTTERTON SURGERY,E01026054,MALE,1
GP_PRAC_PAT_LIST,01/07/2026,C83614,SUTTERTON SURGERY,E01026057,MALE,2
GP_PRAC_PAT_LIST,01/07/2026,C83614,SUTTERTON SURGERY,E01026080,MALE,1
GP_PRAC_PAT_LIST,01/07/2026,C83614,SUTTERTON SURGERY,E01026094,MALE,1
GP_PRAC_PAT_LIST,01/07/2026,C83614,SUTTERTON SURGERY,E01026098,MALE,3
GP_PRAC_PAT_LIST,01/07/2026,C83614,SUTTERTON SURGERY,E01026118,MALE,1
GP_PRAC_PAT_LIST,01/07/2026,C83614,SUTTERTON SURGERY,E01026232,MALE,1
GP_PRAC_PAT_LIST,01/07/2026,C83614,SUTTERTON SURGERY,E01026242,MALE,21
GP_PRAC_PAT_LIST,01/07/2026,C83614,SUTTERTON SURGERY,E01026243,MALE,22
GP_PRAC_PAT_LIST,01/07/2026,C83614,SUTTERTON SURGERY,E01026244,MALE,20
GP_PRAC_PAT_LIST,01/07/2026,C83614,SUTTERTON SURGERY,E01026245,MALE,1
GP_PRAC_PAT_LIST,01/07/2026,C83614,SUTTERTON SURGERY,E01026246,MALE,1
GP_PRAC_PAT_LIST,01/07/2026,C83614,SUTTERTON SURGERY,E01026247,MALE,20
GP_PRAC_PAT_LIST,01/07/2026,C83614,SUTTERTON SURGERY,E01026248,MALE,16
GP_PRAC_PAT_LIST,01/07/2026,C83614,SUTTERTON SURGERY,E01026250,MALE,1
GP_PRAC_PAT_LIST,01/07/2026,C83614,SUTTERTON SURGERY,E01026251,MALE,3
GP_PRAC_PAT_LIST,01/07/2026,C83614,SUTTERTON SURGERY,E01026252,MALE,3
GP_PRAC_PAT_LIST,01/07/2026,C83614,SUTTERTON SURGERY,E01026253,MALE,1
GP_PRAC_PAT_LIST,01/07/2026,C83614,SUTTERTON SURGERY,E01026255,MALE,1
GP_PRAC_PAT_LIST,01/07/2026,C83614,SUTTERTON SURGERY,E01026259,MALE,5
GP_PRAC_PAT_LIST,01/07/2026,C83614,SUTTERTON SURGERY,E01026260,MALE,10
GP_PRAC_PAT_LIST,01/07/2026,C83614,SUTTERTON SURGERY,E01026263,MALE,1
GP_PRAC_PAT_LIST,01/07/2026,C83614,SUTTERTON SURGERY,E01026266,MALE,1
GP_PRAC_PAT_LIST,01/07/2026,C83614,SUTTERTON SURGERY,E01026269,MALE,2
GP_PRAC_PAT_LIST,01/07/2026,C83614,SUTTERTON SURGERY,E01026273,MALE,1
GP_PRAC_PAT_LIST,01/07/2026,C83614,SUTTERTON SURGERY,E01026276,MALE,20
GP_PRAC_PAT_LIST,01/07/2026,C83614,SUTTERTON SURGERY,E01026281,MALE,2
GP_PRAC_PAT_LIST,01/07/2026,C83614,SUTTERTON SURGERY,E01026282,MALE,3
GP_PRAC_PAT_LIST,01/07/2026,C83614,SUTTERTON SURGERY,E01026283,MALE,27
GP_PRAC_PAT_LIST,01/07/2026,C83614,SUTTERTON SURGERY,E01026285,MALE,4
GP_PRAC_PAT_LIST,01/07/2026,C83614,SUTTERTON SURGERY,E01026286,MALE,8
GP_PRAC_PAT_LIST,01/07/2026,C83614,SUTTERTON SURGERY,E01032996,MALE,1
GP_PRAC_PAT_LIST,01/07/2026,C83614,SUTTERTON SURGERY,E01034679,MALE,5
GP_PRAC_PAT_LIST,01/07/2026,C83614,SUTTERTON SURGERY,E01034683,MALE,10
GP_PRAC_PAT_LIST,01/07/2026,C83614,SUTTERTON SURGERY,E01034684,MALE,20
GP_PRAC_PAT_LIST,01/07/2026,C83614,SUTTERTON SURGERY,E01034699,MALE,1
GP_PRAC_PAT_LIST,01/07/2026,C83614,SUTTERTON SURGERY,E01034700,MALE,1
GP_PRAC_PAT_LIST,01/07/2026,C83617,ABBEYVIEW SURGERY,CLOSED,MALE,1
GP_PRAC_PAT_LIST,01/07/2026,C83617,ABBEYVIEW SURGERY,E01015596,MALE,1
GP_PRAC_PAT_LIST,01/07/2026,C83617,ABBEYVIEW SURGERY,E01015614,MALE,1
GP_PRAC_PAT_LIST,01/07/2026,C83617,ABBEYVIEW SURGERY,E01015617,MALE,38
GP_PRAC_PAT_LIST,01/07/2026,C83617,ABBEYVIEW SURGERY,E01015618,MALE,27
GP_PRAC_PAT_LIST,01/07/2026,C83617,ABBEYVIEW SURGERY,E01015619,MALE,17
GP_PRAC_PAT_LIST,01/07/2026,C83617,ABBEYVIEW SURGERY,E01015620,MALE,18
GP_PRAC_PAT_LIST,01/07/2026,C83617,ABBEYVIEW SURGERY,E01015629,MALE,1
GP_PRAC_PAT_LIST,01/07/2026,C83617,ABBEYVIEW SURGERY,E01015630,MALE,84
GP_PRAC_PAT_LIST,01/07/2026,C83617,ABBEYVIEW SURGERY,E01015631,MALE,159
GP_PRAC_PAT_LIST,01/07/2026,C83617,ABBEYVIEW SURGERY,E01015674,MALE,1
GP_PRAC_PAT_LIST,01/07/2026,C83617,ABBEYVIEW SURGERY,E01015679,MALE,1
GP_PRAC_PAT_LIST,01/07/2026,C83617,ABBEYVIEW SURGERY,E01015681,MALE,1
GP_PRAC_PAT_LIST,01/07/2026,C83617,ABBEYVIEW SURGERY,E01015685,MALE,1
GP_PRAC_PAT_LIST,01/07/2026,C83617,ABBEYVIEW SURGERY,E01018090,MALE,5
GP_PRAC_PAT_LIST,01/07/2026,C83617,ABBEYVIEW SURGERY,E01018191,MALE,1
GP_PRAC_PAT_LIST,01/07/2026,C83617,ABBEYVIEW SURGERY,E01019936,MALE,1
GP_PRAC_PAT_LIST,01/07/2026,C83617,ABBEYVIEW SURGERY,E01026129,MALE,1
GP_PRAC_PAT_LIST,01/07/2026,C83617,ABBEYVIEW SURGERY,E01026193,MALE,1
GP_PRAC_PAT_LIST,01/07/2026,C83617,ABBEYVIEW SURGERY,E01026239,MALE,1019
GP_PRAC_PAT_LIST,01/07/2026,C83617,ABBEYVIEW SURGERY,E01026240,MALE,1629
GP_PRAC_PAT_LIST,01/07/2026,C83617,ABBEYVIEW SURGERY,E01026241,MALE,345
GP_PRAC_PAT_LIST,01/07/2026,C83617,ABBEYVIEW SURGERY,E01026245,MALE,24
GP_PRAC_PAT_LIST,01/07/2026,C83617,ABBEYVIEW SURGERY,E01026249,MALE,507
GP_PRAC_PAT_LIST,01/07/2026,C83617,ABBEYVIEW SURGERY,E01026250,MALE,1
GP_PRAC_PAT_LIST,01/07/2026,C83617,ABBEYVIEW SURGERY,E01026259,MALE,3
GP_PRAC_PAT_LIST,01/07/2026,C83617,ABBEYVIEW SURGERY,E01026262,MALE,13
GP_PRAC_PAT_LIST,01/07/2026,C83617,ABBEYVIEW SURGERY,E01026263,MALE,8
GP_PRAC_PAT_LIST,01/07/2026,C83617,ABBEYVIEW SURGERY,E01026264,MALE,1
GP_PRAC_PAT_LIST,01/07/2026,C83617,ABBEYVIEW SURGERY,E01026265,MALE,19
GP_PRAC_PAT_LIST,01/07/2026,C83617,ABBEYVIEW SURGERY,E01026266,MALE,9
GP_PRAC_PAT_LIST,01/07/2026,C83617,ABBEYVIEW SURGERY,E01026268,MALE,5
GP_PRAC_PAT_LIST,01/07/2026,C83617,ABBEYVIEW SURGERY,E01026269,MALE,6
GP_PRAC_PAT_LIST,01/07/2026,C83617,ABBEYVIEW SURGERY,E01026270,MALE,5
GP_PRAC_PAT_LIST,01/07/2026,C83617,ABBEYVIEW SURGERY,E01026271,MALE,2
GP_PRAC_PAT_LIST,01/07/2026,C83617,ABBEYVIEW SURGERY,E01026272,MALE,7
GP_PRAC_PAT_LIST,01/07/2026,C83617,ABBEYVIEW SURGERY,E01026273,MALE,3
GP_PRAC_PAT_LIST,01/07/2026,C83617,ABBEYVIEW SURGERY,E01026275,MALE,1
GP_PRAC_PAT_LIST,01/07/2026,C83617,ABBEYVIEW SURGERY,E01026276,MALE,1
GP_PRAC_PAT_LIST,01/07/2026,C83617,ABBEYVIEW SURGERY,E01026280,MALE,200
GP_PRAC_PAT_LIST,01/07/2026,C83617,ABBEYVIEW SURGERY,E01026281,MALE,13
GP_PRAC_PAT_LIST,01/07/2026,C83617,ABBEYVIEW SURGERY,E01026282,MALE,51
GP_PRAC_PAT_LIST,01/07/2026,C83617,ABBEYVIEW SURGERY,E01026283,MALE,1
GP_PRAC_PAT_LIST,01/07/2026,C83617,ABBEYVIEW SURGERY,E01026284,MALE,302
GP_PRAC_PAT_LIST,01/07/2026,C83617,ABBEYVIEW SURGERY,E01026285,MALE,12
GP_PRAC_PAT_LIST,01/07/2026,C83617,ABBEYVIEW SURGERY,E01026296,MALE,1
GP_PRAC_PAT_LIST,01/07/2026,C83617,ABBEYVIEW SURGERY,E01026306,MALE,1
GP_PRAC_PAT_LIST,01/07/2026,C83617,ABBEYVIEW SURGERY,E01026337,MALE,1
GP_PRAC_PAT_LIST,01/07/2026,C83617,ABBEYVIEW SURGERY,E01026588,MALE,1
GP_PRAC_PAT_LIST,01/07/2026,C83617,ABBEYVIEW SURGERY,E01026719,MALE,1
GP_PRAC_PAT_LIST,01/07/2026,C83617,ABBEYVIEW SURGERY,E01032995,MALE,4
GP_PRAC_PAT_LIST,01/07/2026,C83617,ABBEYVIEW SURGERY,E01032996,MALE,4
GP_PRAC_PAT_LIST,01/07/2026,C83617,ABBEYVIEW SURGERY,E01033540,MALE,1
GP_PRAC_PAT_LIST,01/07/2026,C83617,ABBEYVIEW SURGERY,E01034698,MALE,4
GP_PRAC_PAT_LIST,01/07/2026,C83617,ABBEYVIEW SURGERY,E01034699,MALE,4
GP_PRAC_PAT_LIST,01/07/2026,C83617,ABBEYVIEW SURGERY,E01034700,MALE,7
GP_PRAC_PAT_LIST,01/07/2026,C83617,ABBEYVIEW SURGERY,E01035547,MALE,1
GP_PRAC_PAT_LIST,01/07/2026,C83617,ABBEYVIEW SURGERY,E01035553,MALE,1
GP_PRAC_PAT_LIST,01/07/2026,C83617,ABBEYVIEW SURGERY,EMPTY,MALE,1
GP_PRAC_PAT_LIST,01/07/2026,C83626,BRAYFORD MEDICAL PRACTICE,CLOSED,MALE,11
GP_PRAC_PAT_LIST,01/07/2026,C83626,BRAYFORD MEDICAL PRACTICE,E01000978,MALE,1
GP_PRAC_PAT_LIST,01/07/2026,C83626,BRAYFORD MEDICAL PRACTICE,E01007498,MALE,1
GP_PRAC_PAT_LIST,01/07/2026,C83626,BRAYFORD MEDICAL PRACTICE,E01007647,MALE,1
GP_PRAC_PAT_LIST,01/07/2026,C83626,BRAYFORD MEDICAL PRACTICE,E01010323,MALE,1
GP_PRAC_PAT_LIST,01/07/2026,C83626,BRAYFORD MEDICAL PRACTICE,E01010512,MALE,1
GP_PRAC_PAT_LIST,01/07/2026,C83626,BRAYFORD MEDICAL PRACTICE,E01012107,MALE,1
GP_PRAC_PAT_LIST,01/07/2026,C83626,BRAYFORD MEDICAL PRACTICE,E01012795,MALE,1
GP_PRAC_PAT_LIST,01/07/2026,C83626,BRAYFORD MEDICAL PRACTICE,E01013144,MALE,1
GP_PRAC_PAT_LIST,01/07/2026,C83626,BRAYFORD MEDICAL PRACTICE,E01013218,MALE,1
GP_PRAC_PAT_LIST,01/07/2026,C83626,BRAYFORD MEDICAL PRACTICE,E01013259,MALE,2
GP_PRAC_PAT_LIST,01/07/2026,C83626,BRAYFORD MEDICAL PRACTICE,E01016215,MALE,1
GP_PRAC_PAT_LIST,01/07/2026,C83626,BRAYFORD MEDICAL PRACTICE,E01016792,MALE,1
GP_PRAC_PAT_LIST,01/07/2026,C83626,BRAYFORD MEDICAL PRACTICE,E01017483,MALE,1
GP_PRAC_PAT_LIST,01/07/2026,C83626,BRAYFORD MEDICAL PRACTICE,E01018192,MALE,1
GP_PRAC_PAT_LIST,01/07/2026,C83626,BRAYFORD MEDICAL PRACTICE,E01023439,MALE,1
GP_PRAC_PAT_LIST,01/07/2026,C83626,BRAYFORD MEDICAL PRACTICE,E01026044,MALE,1
GP_PRAC_PAT_LIST,01/07/2026,C83626,BRAYFORD MEDICAL PRACTICE,E01026052,MALE,2
GP_PRAC_PAT_LIST,01/07/2026,C83626,BRAYFORD MEDICAL PRACTICE,E01026053,MALE,1
GP_PRAC_PAT_LIST,01/07/2026,C83626,BRAYFORD MEDICAL PRACTICE,E01026076,MALE,1
GP_PRAC_PAT_LIST,01/07/2026,C83626,BRAYFORD MEDICAL PRACTICE,E01026121,MALE,2
GP_PRAC_PAT_LIST,01/07/2026,C83626,BRAYFORD MEDICAL PRACTICE,E01026122,MALE,196
GP_PRAC_PAT_LIST,01/07/2026,C83626,BRAYFORD MEDICAL PRACTICE,E01026123,MALE,93
GP_PRAC_PAT_LIST,01/07/2026,C83626,BRAYFORD MEDICAL PRACTICE,E01026124,MALE,97
GP_PRAC_PAT_LIST,01/07/2026,C83626,BRAYFORD MEDICAL PRACTICE,E01026125,MALE,68
GP_PRAC_PAT_LIST,01/07/2026,C83626,BRAYFORD MEDICAL PRACTICE,E01026126,MALE,164
GP_PRAC_PAT_LIST,01/07/2026,C83626,BRAYFORD MEDICAL PRACTICE,E01026127,MALE,12
GP_PRAC_PAT_LIST,01/07/2026,C83626,BRAYFORD MEDICAL PRACTICE,E01026129,MALE,16
GP_PRAC_PAT_LIST,01/07/2026,C83626,BRAYFORD MEDICAL PRACTICE,E01026130,MALE,9
GP_PRAC_PAT_LIST,01/07/2026,C83626,BRAYFORD MEDICAL PRACTICE,E01026131,MALE,10
GP_PRAC_PAT_LIST,01/07/2026,C83626,BRAYFORD MEDICAL PRACTICE,E01026132,MALE,348
GP_PRAC_PAT_LIST,01/07/2026,C83626,BRAYFORD MEDICAL PRACTICE,E01026134,MALE,145
GP_PRAC_PAT_LIST,01/07/2026,C83626,BRAYFORD MEDICAL PRACTICE,E01026135,MALE,49
GP_PRAC_PAT_LIST,01/07/2026,C83626,BRAYFORD MEDICAL PRACTICE,E01026136,MALE,39
GP_PRAC_PAT_LIST,01/07/2026,C83626,BRAYFORD MEDICAL PRACTICE,E01026137,MALE,10
GP_PRAC_PAT_LIST,01/07/2026,C83626,BRAYFORD MEDICAL PRACTICE,E01026138,MALE,10
GP_PRAC_PAT_LIST,01/07/2026,C83626,BRAYFORD MEDICAL PRACTICE,E01026139,MALE,17
GP_PRAC_PAT_LIST,01/07/2026,C83626,BRAYFORD MEDICAL PRACTICE,E01026140,MALE,11
GP_PRAC_PAT_LIST,01/07/2026,C83626,BRAYFORD MEDICAL PRACTICE,E01026141,MALE,28
GP_PRAC_PAT_LIST,01/07/2026,C83626,BRAYFORD MEDICAL PRACTICE,E01026142,MALE,10
GP_PRAC_PAT_LIST,01/07/2026,C83626,BRAYFORD MEDICAL PRACTICE,E01026144,MALE,402
GP_PRAC_PAT_LIST,01/07/2026,C83626,BRAYFORD MEDICAL PRACTICE,E01026145,MALE,181
GP_PRAC_PAT_LIST,01/07/2026,C83626,BRAYFORD MEDICAL PRACTICE,E01026146,MALE,333
GP_PRAC_PAT_LIST,01/07/2026,C83626,BRAYFORD MEDICAL PRACTICE,E01026147,MALE,174
GP_PRAC_PAT_LIST,01/07/2026,C83626,BRAYFORD MEDICAL PRACTICE,E01026148,MALE,99
GP_PRAC_PAT_LIST,01/07/2026,C83626,BRAYFORD MEDICAL PRACTICE,E01026149,MALE,71
GP_PRAC_PAT_LIST,01/07/2026,C83626,BRAYFORD MEDICAL PRACTICE,E01026150,MALE,63
GP_PRAC_PAT_LIST,01/07/2026,C83626,BRAYFORD MEDICAL PRACTICE,E01026151,MALE,72
GP_PRAC_PAT_LIST,01/07/2026,C83626,BRAYFORD MEDICAL PRACTICE,E01026152,MALE,26
GP_PRAC_PAT_LIST,01/07/2026,C83626,BRAYFORD MEDICAL PRACTICE,E01026153,MALE,45
GP_PRAC_PAT_LIST,01/07/2026,C83626,BRAYFORD MEDICAL PRACTICE,E01026154,MALE,33
GP_PRAC_PAT_LIST,01/07/2026,C83626,BRAYFORD MEDICAL PRACTICE,E01026155,MALE,27
GP_PRAC_PAT_LIST,01/07/2026,C83626,BRAYFORD MEDICAL PRACTICE,E01026156,MALE,46
GP_PRAC_PAT_LIST,01/07/2026,C83626,BRAYFORD MEDICAL PRACTICE,E01026157,MALE,40
GP_PRAC_PAT_LIST,01/07/2026,C83626,BRAYFORD MEDICAL PRACTICE,E01026158,MALE,6
GP_PRAC_PAT_LIST,01/07/2026,C83626,BRAYFORD MEDICAL PRACTICE,E01026159,MALE,12
GP_PRAC_PAT_LIST,01/07/2026,C83626,BRAYFORD MEDICAL PRACTICE,E01026160,MALE,8
GP_PRAC_PAT_LIST,01/07/2026,C83626,BRAYFORD MEDICAL PRACTICE,E01026161,MALE,29
GP_PRAC_PAT_LIST,01/07/2026,C83626,BRAYFORD MEDICAL PRACTICE,E01026162,MALE,23
GP_PRAC_PAT_LIST,01/07/2026,C83626,BRAYFORD MEDICAL PRACTICE,E01026163,MALE,14
GP_PRAC_PAT_LIST,01/07/2026,C83626,BRAYFORD MEDICAL PRACTICE,E01026164,MALE,26
GP_PRAC_PAT_LIST,01/07/2026,C83626,BRAYFORD MEDICAL PRACTICE,E01026165,MALE,44
GP_PRAC_PAT_LIST,01/07/2026,C83626,BRAYFORD MEDICAL PRACTICE,E01026166,MALE,42
GP_PRAC_PAT_LIST,01/07/2026,C83626,BRAYFORD MEDICAL PRACTICE,E01026167,MALE,103
GP_PRAC_PAT_LIST,01/07/2026,C83626,BRAYFORD MEDICAL PRACTICE,E01026168,MALE,32
GP_PRAC_PAT_LIST,01/07/2026,C83626,BRAYFORD MEDICAL PRACTICE,E01026169,MALE,18
GP_PRAC_PAT_LIST,01/07/2026,C83626,BRAYFORD MEDICAL PRACTICE,E01026170,MALE,28
GP_PRAC_PAT_LIST,01/07/2026,C83626,BRAYFORD MEDICAL PRACTICE,E01026171,MALE,16
GP_PRAC_PAT_LIST,01/07/2026,C83626,BRAYFORD MEDICAL PRACTICE,E01026172,MALE,38
GP_PRAC_PAT_LIST,01/07/2026,C83626,BRAYFORD MEDICAL PRACTICE,E01026173,MALE,26
GP_PRAC_PAT_LIST,01/07/2026,C83626,BRAYFORD MEDICAL PRACTICE,E01026174,MALE,83
GP_PRAC_PAT_LIST,01/07/2026,C83626,BRAYFORD MEDICAL PRACTICE,E01026175,MALE,93
GP_PRAC_PAT_LIST,01/07/2026,C83626,BRAYFORD MEDICAL PRACTICE,E01026176,MALE,172
GP_PRAC_PAT_LIST,01/07/2026,C83626,BRAYFORD MEDICAL PRACTICE,E01026177,MALE,160
GP_PRAC_PAT_LIST,01/07/2026,C83626,BRAYFORD MEDICAL PRACTICE,E01026178,MALE,149
GP_PRAC_PAT_LIST,01/07/2026,C83626,BRAYFORD MEDICAL PRACTICE,E01026179,MALE,2
GP_PRAC_PAT_LIST,01/07/2026,C83626,BRAYFORD MEDICAL PRACTICE,E01026180,MALE,1
GP_PRAC_PAT_LIST,01/07/2026,C83626,BRAYFORD MEDICAL PRACTICE,E01026182,MALE,2
GP_PRAC_PAT_LIST,01/07/2026,C83626,BRAYFORD MEDICAL PRACTICE,E01026183,MALE,1
GP_PRAC_PAT_LIST,01/07/2026,C83626,BRAYFORD MEDICAL PRACTICE,E01026184,MALE,6
GP_PRAC_PAT_LIST,01/07/2026,C83626,BRAYFORD MEDICAL PRACTICE,E01026185,MALE,8
GP_PRAC_PAT_LIST,01/07/2026,C83626,BRAYFORD MEDICAL PRACTICE,E01026186,MALE,7
GP_PRAC_PAT_LIST,01/07/2026,C83626,BRAYFORD MEDICAL PRACTICE,E01026187,MALE,26
GP_PRAC_PAT_LIST,01/07/2026,C83626,BRAYFORD MEDICAL PRACTICE,E01026188,MALE,18
GP_PRAC_PAT_LIST,01/07/2026,C83626,BRAYFORD MEDICAL PRACTICE,E01026189,MALE,6
GP_PRAC_PAT_LIST,01/07/2026,C83626,BRAYFORD MEDICAL PRACTICE,E01026190,MALE,4
GP_PRAC_PAT_LIST,01/07/2026,C83626,BRAYFORD MEDICAL PRACTICE,E01026191,MALE,5
GP_PRAC_PAT_LIST,01/07/2026,C83626,BRAYFORD MEDICAL PRACTICE,E01026194,MALE,3
GP_PRAC_PAT_LIST,01/07/2026,C83626,BRAYFORD MEDICAL PRACTICE,E01026195,MALE,4
GP_PRAC_PAT_LIST,01/07/2026,C83626,BRAYFORD MEDICAL PRACTICE,E01026196,MALE,1
GP_PRAC_PAT_LIST,01/07/2026,C83626,BRAYFORD MEDICAL PRACTICE,E01026197,MALE,1
GP_PRAC_PAT_LIST,01/07/2026,C83626,BRAYFORD MEDICAL PRACTICE,E01026199,MALE,11
GP_PRAC_PAT_LIST,01/07/2026,C83626,BRAYFORD MEDICAL PRACTICE,E01026203,MALE,18
GP_PRAC_PAT_LIST,01/07/2026,C83626,BRAYFORD MEDICAL PRACTICE,E01026204,MALE,5
GP_PRAC_PAT_LIST,01/07/2026,C83626,BRAYFORD MEDICAL PRACTICE,E01026205,MALE,21
GP_PRAC_PAT_LIST,01/07/2026,C83626,BRAYFORD MEDICAL PRACTICE,E01026206,MALE,8
GP_PRAC_PAT_LIST,01/07/2026,C83626,BRAYFORD MEDICAL PRACTICE,E01026210,MALE,1
GP_PRAC_PAT_LIST,01/07/2026,C83626,BRAYFORD MEDICAL PRACTICE,E01026211,MALE,6
GP_PRAC_PAT_LIST,01/07/2026,C83626,BRAYFORD MEDICAL PRACTICE,E01026212,MALE,7
GP_PRAC_PAT_LIST,01/07/2026,C83626,BRAYFORD MEDICAL PRACTICE,E01026213,MALE,2
GP_PRAC_PAT_LIST,01/07/2026,C83626,BRAYFORD MEDICAL PRACTICE,E01026214,MALE,8
GP_PRAC_PAT_LIST,01/07/2026,C83626,BRAYFORD MEDICAL PRACTICE,E01026215,MALE,5
GP_PRAC_PAT_LIST,01/07/2026,C83626,BRAYFORD MEDICAL PRACTICE,E01026218,MALE,3
GP_PRAC_PAT_LIST,01/07/2026,C83626,BRAYFORD MEDICAL PRACTICE,E01026219,MALE,13
GP_PRAC_PAT_LIST,01/07/2026,C83626,BRAYFORD MEDICAL PRACTICE,E01026220,MALE,16
GP_PRAC_PAT_LIST,01/07/2026,C83626,BRAYFORD MEDICAL PRACTICE,E01026221,MALE,1
GP_PRAC_PAT_LIST,01/07/2026,C83626,BRAYFORD MEDICAL PRACTICE,E01026224,MALE,1
GP_PRAC_PAT_LIST,01/07/2026,C83626,BRAYFORD MEDICAL PRACTICE,E01026225,MALE,18
GP_PRAC_PAT_LIST,01/07/2026,C83626,BRAYFORD MEDICAL PRACTICE,E01026226,MALE,9
GP_PRAC_PAT_LIST,01/07/2026,C83626,BRAYFORD MEDICAL PRACTICE,E01026237,MALE,4
GP_PRAC_PAT_LIST,01/07/2026,C83626,BRAYFORD MEDICAL PRACTICE,E01026238,MALE,13
GP_PRAC_PAT_LIST,01/07/2026,C83626,BRAYFORD MEDICAL PRACTICE,E01026299,MALE,1
GP_PRAC_PAT_LIST,01/07/2026,C83626,BRAYFORD MEDICAL PRACTICE,E01026318,MALE,1
GP_PRAC_PAT_LIST,01/07/2026,C83626,BRAYFORD MEDICAL PRACTICE,E01026348,MALE,1
GP_PRAC_PAT_LIST,01/07/2026,C83626,BRAYFORD MEDICAL PRACTICE,E01026361,MALE,1
GP_PRAC_PAT_LIST,01/07/2026,C83626,BRAYFORD MEDICAL PRACTICE,E01026366,MALE,4
GP_PRAC_PAT_LIST,01/07/2026,C83626,BRAYFORD MEDICAL PRACTICE,E01026369,MALE,14
GP_PRAC_PAT_LIST,01/07/2026,C83626,BRAYFORD MEDICAL PRACTICE,E01026370,MALE,14
GP_PRAC_PAT_LIST,01/07/2026,C83626,BRAYFORD MEDICAL PRACTICE,E01026371,MALE,8
GP_PRAC_PAT_LIST,01/07/2026,C83626,BRAYFORD MEDICAL PRACTICE,E01026372,MALE,16
GP_PRAC_PAT_LIST,01/07/2026,C83626,BRAYFORD MEDICAL PRACTICE,E01026373,MALE,23
GP_PRAC_PAT_LIST,01/07/2026,C83626,BRAYFORD MEDICAL PRACTICE,E01026379,MALE,1
GP_PRAC_PAT_LIST,01/07/2026,C83626,BRAYFORD MEDICAL PRACTICE,E01026381,MALE,1
GP_PRAC_PAT_LIST,01/07/2026,C83626,BRAYFORD MEDICAL PRACTICE,E01026384,MALE,2
GP_PRAC_PAT_LIST,01/07/2026,C83626,BRAYFORD MEDICAL PRACTICE,E01026389,MALE,2
GP_PRAC_PAT_LIST,01/07/2026,C83626,BRAYFORD MEDICAL PRACTICE,E01026393,MALE,11
GP_PRAC_PAT_LIST,01/07/2026,C83626,BRAYFORD MEDICAL PRACTICE,E01026394,MALE,58
GP_PRAC_PAT_LIST,01/07/2026,C83626,BRAYFORD MEDICAL PRACTICE,E01026395,MALE,5
GP_PRAC_PAT_LIST,01/07/2026,C83626,BRAYFORD MEDICAL PRACTICE,E01026396,MALE,11
GP_PRAC_PAT_LIST,01/07/2026,C83626,BRAYFORD MEDICAL PRACTICE,E01026398,MALE,14
GP_PRAC_PAT_LIST,01/07/2026,C83626,BRAYFORD MEDICAL PRACTICE,E01026399,MALE,1
GP_PRAC_PAT_LIST,01/07/2026,C83626,BRAYFORD MEDICAL PRACTICE,E01026400,MALE,6
GP_PRAC_PAT_LIST,01/07/2026,C83626,BRAYFORD MEDICAL PRACTICE,E01026404,MALE,4
GP_PRAC_PAT_LIST,01/07/2026,C83626,BRAYFORD MEDICAL PRACTICE,E01026405,MALE,6
GP_PRAC_PAT_LIST,01/07/2026,C83626,BRAYFORD MEDICAL PRACTICE,E01026406,MALE,6
GP_PRAC_PAT_LIST,01/07/2026,C83626,BRAYFORD MEDICAL PRACTICE,E01026407,MALE,1
GP_PRAC_PAT_LIST,01/07/2026,C83626,BRAYFORD MEDICAL PRACTICE,E01026409,MALE,3
GP_PRAC_PAT_LIST,01/07/2026,C83626,BRAYFORD MEDICAL PRACTICE,E01026411,MALE,1
GP_PRAC_PAT_LIST,01/07/2026,C83626,BRAYFORD MEDICAL PRACTICE,E01026412,MALE,5
GP_PRAC_PAT_LIST,01/07/2026,C83626,BRAYFORD MEDICAL PRACTICE,E01026413,MALE,6
GP_PRAC_PAT_LIST,01/07/2026,C83626,BRAYFORD MEDICAL PRACTICE,E01026414,MALE,3
GP_PRAC_PAT_LIST,01/07/2026,C83626,BRAYFORD MEDICAL PRACTICE,E01026654,MALE,1
GP_PRAC_PAT_LIST,01/07/2026,C83626,BRAYFORD MEDICAL PRACTICE,E01026953,MALE,1
GP_PRAC_PAT_LIST,01/07/2026,C83626,BRAYFORD MEDICAL PRACTICE,E01027650,MALE,1
GP_PRAC_PAT_LIST,01/07/2026,C83626,BRAYFORD MEDICAL PRACTICE,E01027806,MALE,1
GP_PRAC_PAT_LIST,01/07/2026,C83626,BRAYFORD MEDICAL PRACTICE,E01028285,MALE,1
GP_PRAC_PAT_LIST,01/07/2026,C83626,BRAYFORD MEDICAL PRACTICE,E01028286,MALE,1
GP_PRAC_PAT_LIST,01/07/2026,C83626,BRAYFORD MEDICAL PRACTICE,E01028294,MALE,1
GP_PRAC_PAT_LIST,01/07/2026,C83626,BRAYFORD MEDICAL PRACTICE,E01028353,MALE,1
GP_PRAC_PAT_LIST,01/07/2026,C83626,BRAYFORD MEDICAL PRACTICE,E01028472,MALE,1
GP_PRAC_PAT_LIST,01/07/2026,C83626,BRAYFORD MEDICAL PRACTICE,E01028809,MALE,1
GP_PRAC_PAT_LIST,01/07/2026,C83626,BRAYFORD MEDICAL PRACTICE,E01029425,MALE,1
GP_PRAC_PAT_LIST,01/07/2026,C83626,BRAYFORD MEDICAL PRACTICE,E01031319,MALE,1
GP_PRAC_PAT_LIST,01/07/2026,C83626,BRAYFORD MEDICAL PRACTICE,E01032988,MALE,11
GP_PRAC_PAT_LIST,01/07/2026,C83626,BRAYFORD MEDICAL PRACTICE,E01032989,MALE,18
GP_PRAC_PAT_LIST,01/07/2026,C83626,BRAYFORD MEDICAL PRACTICE,E01032991,MALE,15
GP_PRAC_PAT_LIST,01/07/2026,C83626,BRAYFORD MEDICAL PRACTICE,E01032992,MALE,14
GP_PRAC_PAT_LIST,01/07/2026,C83626,BRAYFORD MEDICAL PRACTICE,E01032993,MALE,16
GP_PRAC_PAT_LIST,01/07/2026,C83626,BRAYFORD MEDICAL PRACTICE,E01032994,MALE,9
GP_PRAC_PAT_LIST,01/07/2026,C83626,BRAYFORD MEDICAL PRACTICE,E01033522,MALE,1
GP_PRAC_PAT_LIST,01/07/2026,C83626,BRAYFORD MEDICAL PRACTICE,E01033617,MALE,1
GP_PRAC_PAT_LIST,01/07/2026,C83626,BRAYFORD MEDICAL PRACTICE,E01034014,MALE,1
GP_PRAC_PAT_LIST,01/07/2026,C83626,BRAYFORD MEDICAL PRACTICE,E01034687,MALE,236
GP_PRAC_PAT_LIST,01/07/2026,C83626,BRAYFORD MEDICAL PRACTICE,E01034688,MALE,302
GP_PRAC_PAT_LIST,01/07/2026,C83626,BRAYFORD MEDICAL PRACTICE,E01034689,MALE,14
GP_PRAC_PAT_LIST,01/07/2026,C83626,BRAYFORD MEDICAL PRACTICE,E01034690,MALE,11
GP_PRAC_PAT_LIST,01/07/2026,C83626,BRAYFORD MEDICAL PRACTICE,E01034691,MALE,246
GP_PRAC_PAT_LIST,01/07/2026,C83626,BRAYFORD MEDICAL PRACTICE,E01034692,MALE,127
GP_PRAC_PAT_LIST,01/07/2026,C83626,BRAYFORD MEDICAL PRACTICE,E01034693,MALE,6
GP_PRAC_PAT_LIST,01/07/2026,C83626,BRAYFORD MEDICAL PRACTICE,E01034694,MALE,9
GP_PRAC_PAT_LIST,01/07/2026,C83626,BRAYFORD MEDICAL PRACTICE,E01034706,MALE,16
GP_PRAC_PAT_LIST,01/07/2026,C83626,BRAYFORD MEDICAL PRACTICE,E01034707,MALE,26
GP_PRAC_PAT_LIST,01/07/2026,C83626,BRAYFORD MEDICAL PRACTICE,E01034755,MALE,1
GP_PRAC_PAT_LIST,01/07/2026,C83626,BRAYFORD MEDICAL PRACTICE,E01035536,MALE,1
GP_PRAC_PAT_LIST,01/07/2026,C83626,BRAYFORD MEDICAL PRACTICE,EMPTY,MALE,10
GP_PRAC_PAT_LIST,01/07/2026,C83634,TASBURGH LODGE SURGERY,E01002679,MALE,1
GP_PRAC_PAT_LIST,01/07/2026,C83634,TASBURGH LODGE SURGERY,E01019122,MALE,2
GP_PRAC_PAT_LIST,01/07/2026,C83634,TASBURGH LODGE SURGERY,E01026028,MALE,1
GP_PRAC_PAT_LIST,01/07/2026,C83634,TASBURGH LODGE SURGERY,E01026033,MALE,3
GP_PRAC_PAT_LIST,01/07/2026,C83634,TASBURGH LODGE SURGERY,E01026051,MALE,106
GP_PRAC_PAT_LIST,01/07/2026,C83634,TASBURGH LODGE SURGERY,E01026052,MALE,138
GP_PRAC_PAT_LIST,01/07/2026,C83634,TASBURGH LODGE SURGERY,E01026053,MALE,174
GP_PRAC_PAT_LIST,01/07/2026,C83634,TASBURGH LODGE SURGERY,E01026054,MALE,110
GP_PRAC_PAT_LIST,01/07/2026,C83634,TASBURGH LODGE SURGERY,E01026064,MALE,16
GP_PRAC_PAT_LIST,01/07/2026,C83634,TASBURGH LODGE SURGERY,E01026065,MALE,28
GP_PRAC_PAT_LIST,01/07/2026,C83634,TASBURGH LODGE SURGERY,E01026066,MALE,56
GP_PRAC_PAT_LIST,01/07/2026,C83634,TASBURGH LODGE SURGERY,E01026067,MALE,21
GP_PRAC_PAT_LIST,01/07/2026,C83634,TASBURGH LODGE SURGERY,E01026075,MALE,77
GP_PRAC_PAT_LIST,01/07/2026,C83634,TASBURGH LODGE SURGERY,E01026082,MALE,146
GP_PRAC_PAT_LIST,01/07/2026,C83634,TASBURGH LODGE SURGERY,E01026105,MALE,8
GP_PRAC_PAT_LIST,01/07/2026,C83634,TASBURGH LODGE SURGERY,E01026118,MALE,551
GP_PRAC_PAT_LIST,01/07/2026,C83634,TASBURGH LODGE SURGERY,E01026119,MALE,290
GP_PRAC_PAT_LIST,01/07/2026,C83634,TASBURGH LODGE SURGERY,E01026120,MALE,495
GP_PRAC_PAT_LIST,01/07/2026,C83634,TASBURGH LODGE SURGERY,E01026179,MALE,1
GP_PRAC_PAT_LIST,01/07/2026,C83634,TASBURGH LODGE SURGERY,E01026180,MALE,1
GP_PRAC_PAT_LIST,01/07/2026,C83634,TASBURGH LODGE SURGERY,E01026183,MALE,19
GP_PRAC_PAT_LIST,01/07/2026,C83634,TASBURGH LODGE SURGERY,E01026207,MALE,4
GP_PRAC_PAT_LIST,01/07/2026,C83634,TASBURGH LODGE SURGERY,E01026210,MALE,109
GP_PRAC_PAT_LIST,01/07/2026,C83634,TASBURGH LODGE SURGERY,E01026211,MALE,9
GP_PRAC_PAT_LIST,01/07/2026,C83634,TASBURGH LODGE SURGERY,E01026212,MALE,4
GP_PRAC_PAT_LIST,01/07/2026,C83634,TASBURGH LODGE SURGERY,E01026213,MALE,8
GP_PRAC_PAT_LIST,01/07/2026,C83634,TASBURGH LODGE SURGERY,E01026366,MALE,19
GP_PRAC_PAT_LIST,01/07/2026,C83634,TASBURGH LODGE SURGERY,E01033253,MALE,1
GP_PRAC_PAT_LIST,01/07/2026,C83634,TASBURGH LODGE SURGERY,EMPTY,MALE,1
GP_PRAC_PAT_LIST,01/07/2026,C83635,WOODHALL SPA NEW SURGERY,E01026051,MALE,9
GP_PRAC_PAT_LIST,01/07/2026,C83635,WOODHALL SPA NEW SURGERY,E01026052,MALE,5
GP_PRAC_PAT_LIST,01/07/2026,C83635,WOODHALL SPA NEW SURGERY,E01026053,MALE,35
GP_PRAC_PAT_LIST,01/07/2026,C83635,WOODHALL SPA NEW SURGERY,E01026054,MALE,9
GP_PRAC_PAT_LIST,01/07/2026,C83635,WOODHALL SPA NEW SURGERY,E01026064,MALE,5
GP_PRAC_PAT_LIST,01/07/2026,C83635,WOODHALL SPA NEW SURGERY,E01026065,MALE,5
GP_PRAC_PAT_LIST,01/07/2026,C83635,WOODHALL SPA NEW SURGERY,E01026066,MALE,33
GP_PRAC_PAT_LIST,01/07/2026,C83635,WOODHALL SPA NEW SURGERY,E01026067,MALE,3
GP_PRAC_PAT_LIST,01/07/2026,C83635,WOODHALL SPA NEW SURGERY,E01026068,MALE,1
GP_PRAC_PAT_LIST,01/07/2026,C83635,WOODHALL SPA NEW SURGERY,E01026071,MALE,1
GP_PRAC_PAT_LIST,01/07/2026,C83635,WOODHALL SPA NEW SURGERY,E01026072,MALE,1
GP_PRAC_PAT_LIST,01/07/2026,C83635,WOODHALL SPA NEW SURGERY,E01026075,MALE,9
GP_PRAC_PAT_LIST,01/07/2026,C83635,WOODHALL SPA NEW SURGERY,E01026082,MALE,502
GP_PRAC_PAT_LIST,01/07/2026,C83635,WOODHALL SPA NEW SURGERY,E01026084,MALE,1
GP_PRAC_PAT_LIST,01/07/2026,C83635,WOODHALL SPA NEW SURGERY,E01026105,MALE,1
GP_PRAC_PAT_LIST,01/07/2026,C83635,WOODHALL SPA NEW SURGERY,E01026118,MALE,297
GP_PRAC_PAT_LIST,01/07/2026,C83635,WOODHALL SPA NEW SURGERY,E01026119,MALE,182
GP_PRAC_PAT_LIST,01/07/2026,C83635,WOODHALL SPA NEW SURGERY,E01026120,MALE,137
GP_PRAC_PAT_LIST,01/07/2026,C83635,WOODHALL SPA NEW SURGERY,E01026121,MALE,3
GP_PRAC_PAT_LIST,01/07/2026,C83635,WOODHALL SPA NEW SURGERY,E01026122,MALE,1
GP_PRAC_PAT_LIST,01/07/2026,C83635,WOODHALL SPA NEW SURGERY,E01026123,MALE,1
GP_PRAC_PAT_LIST,01/07/2026,C83635,WOODHALL SPA NEW SURGERY,E01026136,MALE,1
GP_PRAC_PAT_LIST,01/07/2026,C83635,WOODHALL SPA NEW SURGERY,E01026180,MALE,1
GP_PRAC_PAT_LIST,01/07/2026,C83635,WOODHALL SPA NEW SURGERY,E01026183,MALE,2
GP_PRAC_PAT_LIST,01/07/2026,C83635,WOODHALL SPA NEW SURGERY,E01026185,MALE,1
GP_PRAC_PAT_LIST,01/07/2026,C83635,WOODHALL SPA NEW SURGERY,E01026190,MALE,2
GP_PRAC_PAT_LIST,01/07/2026,C83635,WOODHALL SPA NEW SURGERY,E01026191,MALE,30
GP_PRAC_PAT_LIST,01/07/2026,C83635,WOODHALL SPA NEW SURGERY,E01026210,MALE,333
GP_PRAC_PAT_LIST,01/07/2026,C83635,WOODHALL SPA NEW SURGERY,E01026211,MALE,16
GP_PRAC_PAT_LIST,01/07/2026,C83635,WOODHALL SPA NEW SURGERY,E01026212,MALE,3
GP_PRAC_PAT_LIST,01/07/2026,C83635,WOODHALL SPA NEW SURGERY,E01026213,MALE,1
GP_PRAC_PAT_LIST,01/07/2026,C83635,WOODHALL SPA NEW SURGERY,E01026366,MALE,970
GP_PRAC_PAT_LIST,01/07/2026,C83635,WOODHALL SPA NEW SURGERY,E01026373,MALE,1
GP_PRAC_PAT_LIST,01/07/2026,C83635,WOODHALL SPA NEW SURGERY,E01026412,MALE,1
GP_PRAC_PAT_LIST,01/07/2026,C83635,WOODHALL SPA NEW SURGERY,E01028310,MALE,1
GP_PRAC_PAT_LIST,01/07/2026,C83635,WOODHALL SPA NEW SURGERY,E01033414,MALE,1
GP_PRAC_PAT_LIST,01/07/2026,C83635,WOODHALL SPA NEW SURGERY,E01034689,MALE,1
GP_PRAC_PAT_LIST,01/07/2026,C83635,WOODHALL SPA NEW SURGERY,EMPTY,MALE,3
GP_PRAC_PAT_LIST,01/07/2026,C83641,TRENT VALLEY SURGERY,E01008697,MALE,1
GP_PRAC_PAT_LIST,01/07/2026,C83641,TRENT VALLEY SURGERY,E01026047,MALE,1
GP_PRAC_PAT_LIST,01/07/2026,C83641,TRENT VALLEY SURGERY,E01026126,MALE,1
GP_PRAC_PAT_LIST,01/07/2026,C83641,TRENT VALLEY SURGERY,E01026130,MALE,6
GP_PRAC_PAT_LIST,01/07/2026,C83641,TRENT VALLEY SURGERY,E01026132,MALE,1
GP_PRAC_PAT_LIST,01/07/2026,C83641,TRENT VALLEY SURGERY,E01026135,MALE,2
GP_PRAC_PAT_LIST,01/07/2026,C83641,TRENT VALLEY SURGERY,E01026136,MALE,2
GP_PRAC_PAT_LIST,01/07/2026,C83641,TRENT VALLEY SURGERY,E01026137,MALE,1
GP_PRAC_PAT_LIST,01/07/2026,C83641,TRENT VALLEY SURGERY,E01026144,MALE,1
GP_PRAC_PAT_LIST,01/07/2026,C83641,TRENT VALLEY SURGERY,E01026147,MALE,7
GP_PRAC_PAT_LIST,01/07/2026,C83641,TRENT VALLEY SURGERY,E01026150,MALE,1
GP_PRAC_PAT_LIST,01/07/2026,C83641,TRENT VALLEY SURGERY,E01026151,MALE,2
GP_PRAC_PAT_LIST,01/07/2026,C83641,TRENT VALLEY SURGERY,E01026154,MALE,1
GP_PRAC_PAT_LIST,01/07/2026,C83641,TRENT VALLEY SURGERY,E01026155,MALE,1
GP_PRAC_PAT_LIST,01/07/2026,C83641,TRENT VALLEY SURGERY,E01026158,MALE,1
GP_PRAC_PAT_LIST,01/07/2026,C83641,TRENT VALLEY SURGERY,E01026159,MALE,1
GP_PRAC_PAT_LIST,01/07/2026,C83641,TRENT VALLEY SURGERY,E01026162,MALE,1
GP_PRAC_PAT_LIST,01/07/2026,C83641,TRENT VALLEY SURGERY,E01026163,MALE,2
GP_PRAC_PAT_LIST,01/07/2026,C83641,TRENT VALLEY SURGERY,E01026164,MALE,1
GP_PRAC_PAT_LIST,01/07/2026,C83641,TRENT VALLEY SURGERY,E01026167,MALE,3
GP_PRAC_PAT_LIST,01/07/2026,C83641,TRENT VALLEY SURGERY,E01026168,MALE,4
GP_PRAC_PAT_LIST,01/07/2026,C83641,TRENT VALLEY SURGERY,E01026169,MALE,1
GP_PRAC_PAT_LIST,01/07/2026,C83641,TRENT VALLEY SURGERY,E01026176,MALE,1
GP_PRAC_PAT_LIST,01/07/2026,C83641,TRENT VALLEY SURGERY,E01026178,MALE,1
GP_PRAC_PAT_LIST,01/07/2026,C83641,TRENT VALLEY SURGERY,E01026189,MALE,2
GP_PRAC_PAT_LIST,01/07/2026,C83641,TRENT VALLEY SURGERY,E01026192,MALE,1
GP_PRAC_PAT_LIST,01/07/2026,C83641,TRENT VALLEY SURGERY,E01026193,MALE,1
GP_PRAC_PAT_LIST,01/07/2026,C83641,TRENT VALLEY SURGERY,E01026199,MALE,33
GP_PRAC_PAT_LIST,01/07/2026,C83641,TRENT VALLEY SURGERY,E01026220,MALE,1
GP_PRAC_PAT_LIST,01/07/2026,C83641,TRENT VALLEY SURGERY,E01026225,MALE,47
GP_PRAC_PAT_LIST,01/07/2026,C83641,TRENT VALLEY SURGERY,E01026226,MALE,49
GP_PRAC_PAT_LIST,01/07/2026,C83641,TRENT VALLEY SURGERY,E01026373,MALE,1
GP_PRAC_PAT_LIST,01/07/2026,C83641,TRENT VALLEY SURGERY,E01026374,MALE,1
GP_PRAC_PAT_LIST,01/07/2026,C83641,TRENT VALLEY SURGERY,E01026375,MALE,2
GP_PRAC_PAT_LIST,01/07/2026,C83641,TRENT VALLEY SURGERY,E01026376,MALE,3
GP_PRAC_PAT_LIST,01/07/2026,C83641,TRENT VALLEY SURGERY,E01026377,MALE,2
GP_PRAC_PAT_LIST,01/07/2026,C83641,TRENT VALLEY SURGERY,E01026378,MALE,3
GP_PRAC_PAT_LIST,01/07/2026,C83641,TRENT VALLEY SURGERY,E01026379,MALE,1
GP_PRAC_PAT_LIST,01/07/2026,C83641,TRENT VALLEY SURGERY,E01026380,MALE,2
GP_PRAC_PAT_LIST,01/07/2026,C83641,TRENT VALLEY SURGERY,E01026381,MALE,1
GP_PRAC_PAT_LIST,01/07/2026,C83641,TRENT VALLEY SURGERY,E01026382,MALE,8
GP_PRAC_PAT_LIST,01/07/2026,C83641,TRENT VALLEY SURGERY,E01026383,MALE,2
GP_PRAC_PAT_LIST,01/07/2026,C83641,TRENT VALLEY SURGERY,E01026384,MALE,1
GP_PRAC_PAT_LIST,01/07/2026,C83641,TRENT VALLEY SURGERY,E01026388,MALE,5
GP_PRAC_PAT_LIST,01/07/2026,C83641,TRENT VALLEY SURGERY,E01026391,MALE,2
GP_PRAC_PAT_LIST,01/07/2026,C83641,TRENT VALLEY SURGERY,E01026392,MALE,1
GP_PRAC_PAT_LIST,01/07/2026,C83641,TRENT VALLEY SURGERY,E01026394,MALE,4
GP_PRAC_PAT_LIST,01/07/2026,C83641,TRENT VALLEY SURGERY,E01026395,MALE,2
GP_PRAC_PAT_LIST,01/07/2026,C83641,TRENT VALLEY SURGERY,E01026396,MALE,200
GP_PRAC_PAT_LIST,01/07/2026,C83641,TRENT VALLEY SURGERY,E01026398,MALE,218
GP_PRAC_PAT_LIST,01/07/2026,C83641,TRENT VALLEY SURGERY,E01026399,MALE,4
GP_PRAC_PAT_LIST,01/07/2026,C83641,TRENT VALLEY SURGERY,E01026400,MALE,19
GP_PRAC_PAT_LIST,01/07/2026,C83641,TRENT VALLEY SURGERY,E01026402,MALE,1
GP_PRAC_PAT_LIST,01/07/2026,C83641,TRENT VALLEY SURGERY,E01026404,MALE,229
GP_PRAC_PAT_LIST,01/07/2026,C83641,TRENT VALLEY SURGERY,E01026405,MALE,1
GP_PRAC_PAT_LIST,01/07/2026,C83641,TRENT VALLEY SURGERY,E01026407,MALE,1
GP_PRAC_PAT_LIST,01/07/2026,C83641,TRENT VALLEY SURGERY,E01026408,MALE,1
GP_PRAC_PAT_LIST,01/07/2026,C83641,TRENT VALLEY SURGERY,E01026409,MALE,291
GP_PRAC_PAT_LIST,01/07/2026,C83641,TRENT VALLEY SURGERY,E01026410,MALE,330
GP_PRAC_PAT_LIST,01/07/2026,C83641,TRENT VALLEY SURGERY,E01026412,MALE,1
GP_PRAC_PAT_LIST,01/07/2026,C83641,TRENT VALLEY SURGERY,E01026413,MALE,2
GP_PRAC_PAT_LIST,01/07/2026,C83641,TRENT VALLEY SURGERY,E01026414,MALE,1
GP_PRAC_PAT_LIST,01/07/2026,C83641,TRENT VALLEY SURGERY,E01027999,MALE,2
GP_PRAC_PAT_LIST,01/07/2026,C83641,TRENT VALLEY SURGERY,E01028009,MALE,1
GP_PRAC_PAT_LIST,01/07/2026,C83641,TRENT VALLEY SURGERY,E01028033,MALE,3
GP_PRAC_PAT_LIST,01/07/2026,C83641,TRENT VALLEY SURGERY,E01028035,MALE,1
GP_PRAC_PAT_LIST,01/07/2026,C83641,TRENT VALLEY SURGERY,E01028039,MALE,4
GP_PRAC_PAT_LIST,01/07/2026,C83641,TRENT VALLEY SURGERY,E01028148,MALE,1
GP_PRAC_PAT_LIST,01/07/2026,C83641,TRENT VALLEY SURGERY,E01028293,MALE,1
GP_PRAC_PAT_LIST,01/07/2026,C83641,TRENT VALLEY SURGERY,E01028303,MALE,1
GP_PRAC_PAT_LIST,01/07/2026,C83641,TRENT VALLEY SURGERY,E01028310,MALE,1
GP_PRAC_PAT_LIST,01/07/2026,C83641,TRENT VALLEY SURGERY,E01028315,MALE,1
GP_PRAC_PAT_LIST,01/07/2026,C83641,TRENT VALLEY SURGERY,E01028317,MALE,89
GP_PRAC_PAT_LIST,01/07/2026,C83641,TRENT VALLEY SURGERY,E01028319,MALE,1
GP_PRAC_PAT_LIST,01/07/2026,C83641,TRENT VALLEY SURGERY,E01032989,MALE,2
GP_PRAC_PAT_LIST,01/07/2026,C83641,TRENT VALLEY SURGERY,E01032991,MALE,2
GP_PRAC_PAT_LIST,01/07/2026,C83641,TRENT VALLEY SURGERY,E01032992,MALE,1
GP_PRAC_PAT_LIST,01/07/2026,C83641,TRENT VALLEY SURGERY,E01032993,MALE,4
GP_PRAC_PAT_LIST,01/07/2026,C83641,TRENT VALLEY SURGERY,E01032994,MALE,1
GP_PRAC_PAT_LIST,01/07/2026,C83641,TRENT VALLEY SURGERY,E01034687,MALE,1
GP_PRAC_PAT_LIST,01/07/2026,C83641,TRENT VALLEY SURGERY,E01034688,MALE,1
GP_PRAC_PAT_LIST,01/07/2026,C83641,TRENT VALLEY SURGERY,E01034693,MALE,2
GP_PRAC_PAT_LIST,01/07/2026,C83641,TRENT VALLEY SURGERY,E01034694,MALE,2
GP_PRAC_PAT_LIST,01/07/2026,C83641,TRENT VALLEY SURGERY,E01034706,MALE,262
GP_PRAC_PAT_LIST,01/07/2026,C83641,TRENT VALLEY SURGERY,E01034707,MALE,122
GP_PRAC_PAT_LIST,01/07/2026,C83641,TRENT VALLEY SURGERY,EMPTY,MALE,1
GP_PRAC_PAT_LIST,01/07/2026,C83641,TRENT VALLEY SURGERY,S01020376,MALE,1
GP_PRAC_PAT_LIST,01/07/2026,C83643,BINBROOK SURGERY,E01001687,MALE,1
GP_PRAC_PAT_LIST,01/07/2026,C83643,BINBROOK SURGERY,E01012848,MALE,1
GP_PRAC_PAT_LIST,01/07/2026,C83643,BINBROOK SURGERY,E01013225,MALE,46
GP_PRAC_PAT_LIST,01/07/2026,C83643,BINBROOK SURGERY,E01013315,MALE,1
GP_PRAC_PAT_LIST,01/07/2026,C83643,BINBROOK SURGERY,E01013325,MALE,1
GP_PRAC_PAT_LIST,01/07/2026,C83643,BINBROOK SURGERY,E01026045,MALE,400
GP_PRAC_PAT_LIST,01/07/2026,C83643,BINBROOK SURGERY,E01026070,MALE,6
GP_PRAC_PAT_LIST,01/07/2026,C83643,BINBROOK SURGERY,E01026071,MALE,95
GP_PRAC_PAT_LIST,01/07/2026,C83643,BINBROOK SURGERY,E01026080,MALE,7
GP_PRAC_PAT_LIST,01/07/2026,C83643,BINBROOK SURGERY,E01026367,MALE,4
GP_PRAC_PAT_LIST,01/07/2026,C83643,BINBROOK SURGERY,E01026368,MALE,1
GP_PRAC_PAT_LIST,01/07/2026,C83643,BINBROOK SURGERY,E01026389,MALE,11
GP_PRAC_PAT_LIST,01/07/2026,C83643,BINBROOK SURGERY,E01026390,MALE,7
GP_PRAC_PAT_LIST,01/07/2026,C83643,BINBROOK SURGERY,E01026391,MALE,71
GP_PRAC_PAT_LIST,01/07/2026,C83643,BINBROOK SURGERY,E01026392,MALE,15
GP_PRAC_PAT_LIST,01/07/2026,C83643,BINBROOK SURGERY,E01026414,MALE,1
GP_PRAC_PAT_LIST,01/07/2026,C83643,BINBROOK SURGERY,E01026415,MALE,492
GP_PRAC_PAT_LIST,01/07/2026,C83643,BINBROOK SURGERY,E01026416,MALE,18
GP_PRAC_PAT_LIST,01/07/2026,C83643,BINBROOK SURGERY,E01032986,MALE,1
GP_PRAC_PAT_LIST,01/07/2026,C83643,BINBROOK SURGERY,E01033386,MALE,1
GP_PRAC_PAT_LIST,01/07/2026,C83643,BINBROOK SURGERY,E01035476,MALE,1
GP_PRAC_PAT_LIST,01/07/2026,C83643,BINBROOK SURGERY,EMPTY,MALE,1
GP_PRAC_PAT_LIST,01/07/2026,C83649,MARKET CROSS SURGERY,CLOSED,MALE,1
GP_PRAC_PAT_LIST,01/07/2026,C83649,MARKET CROSS SURGERY,E01013788,MALE,1
GP_PRAC_PAT_LIST,01/07/2026,C83649,MARKET CROSS SURGERY,E01013790,MALE,16
GP_PRAC_PAT_LIST,01/07/2026,C83649,MARKET CROSS SURGERY,E01015590,MALE,1
GP_PRAC_PAT_LIST,01/07/2026,C83649,MARKET CROSS SURGERY,E01025891,MALE,1
GP_PRAC_PAT_LIST,01/07/2026,C83649,MARKET CROSS SURGERY,E01025911,MALE,1
GP_PRAC_PAT_LIST,01/07/2026,C83649,MARKET CROSS SURGERY,E01025912,MALE,22
GP_PRAC_PAT_LIST,01/07/2026,C83649,MARKET CROSS SURGERY,E01026075,MALE,1
GP_PRAC_PAT_LIST,01/07/2026,C83649,MARKET CROSS SURGERY,E01026125,MALE,1
GP_PRAC_PAT_LIST,01/07/2026,C83649,MARKET CROSS SURGERY,E01026221,MALE,3
GP_PRAC_PAT_LIST,01/07/2026,C83649,MARKET CROSS SURGERY,E01026289,MALE,1
GP_PRAC_PAT_LIST,01/07/2026,C83649,MARKET CROSS SURGERY,E01026290,MALE,18
GP_PRAC_PAT_LIST,01/07/2026,C83649,MARKET CROSS SURGERY,E01026291,MALE,15
GP_PRAC_PAT_LIST,01/07/2026,C83649,MARKET CROSS SURGERY,E01026292,MALE,2
GP_PRAC_PAT_LIST,01/07/2026,C83649,MARKET CROSS SURGERY,E01026293,MALE,19
GP_PRAC_PAT_LIST,01/07/2026,C83649,MARKET CROSS SURGERY,E01026294,MALE,8
GP_PRAC_PAT_LIST,01/07/2026,C83649,MARKET CROSS SURGERY,E01026296,MALE,6
GP_PRAC_PAT_LIST,01/07/2026,C83649,MARKET CROSS SURGERY,E01026297,MALE,6
GP_PRAC_PAT_LIST,01/07/2026,C83649,MARKET CROSS SURGERY,E01026298,MALE,3
GP_PRAC_PAT_LIST,01/07/2026,C83649,MARKET CROSS SURGERY,E01026299,MALE,3
GP_PRAC_PAT_LIST,01/07/2026,C83649,MARKET CROSS SURGERY,E01026300,MALE,4
GP_PRAC_PAT_LIST,01/07/2026,C83649,MARKET CROSS SURGERY,E01026302,MALE,4
GP_PRAC_PAT_LIST,01/07/2026,C83649,MARKET CROSS SURGERY,E01026308,MALE,1
GP_PRAC_PAT_LIST,01/07/2026,C83649,MARKET CROSS SURGERY,E01026309,MALE,7
GP_PRAC_PAT_LIST,01/07/2026,C83649,MARKET CROSS SURGERY,E01026310,MALE,1
GP_PRAC_PAT_LIST,01/07/2026,C83649,MARKET CROSS SURGERY,E01026311,MALE,2
GP_PRAC_PAT_LIST,01/07/2026,C83649,MARKET CROSS SURGERY,E01026313,MALE,1
GP_PRAC_PAT_LIST,01/07/2026,C83649,MARKET CROSS SURGERY,E01026315,MALE,41
GP_PRAC_PAT_LIST,01/07/2026,C83649,MARKET CROSS SURGERY,E01026316,MALE,999
GP_PRAC_PAT_LIST,01/07/2026,C83649,MARKET CROSS SURGERY,E01026317,MALE,6
GP_PRAC_PAT_LIST,01/07/2026,C83649,MARKET CROSS SURGERY,E01026318,MALE,3
GP_PRAC_PAT_LIST,01/07/2026,C83649,MARKET CROSS SURGERY,E01026319,MALE,12
GP_PRAC_PAT_LIST,01/07/2026,C83649,MARKET CROSS SURGERY,E01026321,MALE,3
GP_PRAC_PAT_LIST,01/07/2026,C83649,MARKET CROSS SURGERY,E01026322,MALE,7
GP_PRAC_PAT_LIST,01/07/2026,C83649,MARKET CROSS SURGERY,E01026323,MALE,5
GP_PRAC_PAT_LIST,01/07/2026,C83649,MARKET CROSS SURGERY,E01026324,MALE,9
GP_PRAC_PAT_LIST,01/07/2026,C83649,MARKET CROSS SURGERY,E01026325,MALE,6
GP_PRAC_PAT_LIST,01/07/2026,C83649,MARKET CROSS SURGERY,E01026326,MALE,1
GP_PRAC_PAT_LIST,01/07/2026,C83649,MARKET CROSS SURGERY,E01026327,MALE,3
GP_PRAC_PAT_LIST,01/07/2026,C83649,MARKET CROSS SURGERY,E01026328,MALE,7
GP_PRAC_PAT_LIST,01/07/2026,C83649,MARKET CROSS SURGERY,E01026330,MALE,108
GP_PRAC_PAT_LIST,01/07/2026,C83649,MARKET CROSS SURGERY,E01026331,MALE,394
GP_PRAC_PAT_LIST,01/07/2026,C83649,MARKET CROSS SURGERY,E01026332,MALE,375
GP_PRAC_PAT_LIST,01/07/2026,C83649,MARKET CROSS SURGERY,E01026338,MALE,127
GP_PRAC_PAT_LIST,01/07/2026,C83649,MARKET CROSS SURGERY,E01026339,MALE,67
GP_PRAC_PAT_LIST,01/07/2026,C83649,MARKET CROSS SURGERY,E01026340,MALE,4
GP_PRAC_PAT_LIST,01/07/2026,C83649,MARKET CROSS SURGERY,E01026341,MALE,11
GP_PRAC_PAT_LIST,01/07/2026,C83649,MARKET CROSS SURGERY,E01026342,MALE,17
GP_PRAC_PAT_LIST,01/07/2026,C83649,MARKET CROSS SURGERY,E01026343,MALE,2
GP_PRAC_PAT_LIST,01/07/2026,C83649,MARKET CROSS SURGERY,E01026344,MALE,12
GP_PRAC_PAT_LIST,01/07/2026,C83649,MARKET CROSS SURGERY,E01026345,MALE,8
GP_PRAC_PAT_LIST,01/07/2026,C83649,MARKET CROSS SURGERY,E01026346,MALE,1
GP_PRAC_PAT_LIST,01/07/2026,C83649,MARKET CROSS SURGERY,E01026351,MALE,1
GP_PRAC_PAT_LIST,01/07/2026,C83649,MARKET CROSS SURGERY,E01026353,MALE,5
GP_PRAC_PAT_LIST,01/07/2026,C83649,MARKET CROSS SURGERY,E01026354,MALE,1
GP_PRAC_PAT_LIST,01/07/2026,C83649,MARKET CROSS SURGERY,E01026360,MALE,10
GP_PRAC_PAT_LIST,01/07/2026,C83649,MARKET CROSS SURGERY,E01026361,MALE,6
GP_PRAC_PAT_LIST,01/07/2026,C83649,MARKET CROSS SURGERY,E01032997,MALE,8
GP_PRAC_PAT_LIST,01/07/2026,C83649,MARKET CROSS SURGERY,E01032998,MALE,21
GP_PRAC_PAT_LIST,01/07/2026,C83649,MARKET CROSS SURGERY,E01032999,MALE,5
GP_PRAC_PAT_LIST,01/07/2026,C83649,MARKET CROSS SURGERY,E01034696,MALE,1
GP_PRAC_PAT_LIST,01/07/2026,C83649,MARKET CROSS SURGERY,E01034701,MALE,10
GP_PRAC_PAT_LIST,01/07/2026,C83649,MARKET CROSS SURGERY,E01034702,MALE,10
GP_PRAC_PAT_LIST,01/07/2026,C83649,MARKET CROSS SURGERY,E01034703,MALE,9
GP_PRAC_PAT_LIST,01/07/2026,C83649,MARKET CROSS SURGERY,E01034704,MALE,11
GP_PRAC_PAT_LIST,01/07/2026,C83649,MARKET CROSS SURGERY,E01034705,MALE,6
GP_PRAC_PAT_LIST,01/07/2026,C83649,MARKET CROSS SURGERY,E01035105,MALE,1
GP_PRAC_PAT_LIST,01/07/2026,C83649,MARKET CROSS SURGERY,EMPTY,MALE,1
GP_PRAC_PAT_LIST,01/07/2026,C83650,THE WRAGBY SURGERY,CLOSED,MALE,1
GP_PRAC_PAT_LIST,01/07/2026,C83650,THE WRAGBY SURGERY,E01026045,MALE,2
GP_PRAC_PAT_LIST,01/07/2026,C83650,THE WRAGBY SURGERY,E01026066,MALE,3
GP_PRAC_PAT_LIST,01/07/2026,C83650,THE WRAGBY SURGERY,E01026067,MALE,1
GP_PRAC_PAT_LIST,01/07/2026,C83650,THE WRAGBY SURGERY,E01026071,MALE,165
GP_PRAC_PAT_LIST,01/07/2026,C83650,THE WRAGBY SURGERY,E01026082,MALE,88
GP_PRAC_PAT_LIST,01/07/2026,C83650,THE WRAGBY SURGERY,E01026105,MALE,13
GP_PRAC_PAT_LIST,01/07/2026,C83650,THE WRAGBY SURGERY,E01026121,MALE,1280
GP_PRAC_PAT_LIST,01/07/2026,C83650,THE WRAGBY SURGERY,E01026191,MALE,3
GP_PRAC_PAT_LIST,01/07/2026,C83650,THE WRAGBY SURGERY,E01026230,MALE,1
GP_PRAC_PAT_LIST,01/07/2026,C83650,THE WRAGBY SURGERY,E01026366,MALE,181
GP_PRAC_PAT_LIST,01/07/2026,C83650,THE WRAGBY SURGERY,E01026372,MALE,34
GP_PRAC_PAT_LIST,01/07/2026,C83650,THE WRAGBY SURGERY,E01026373,MALE,197
GP_PRAC_PAT_LIST,01/07/2026,C83650,THE WRAGBY SURGERY,E01026387,MALE,1
GP_PRAC_PAT_LIST,01/07/2026,C83650,THE WRAGBY SURGERY,E01026389,MALE,7
GP_PRAC_PAT_LIST,01/07/2026,C83650,THE WRAGBY SURGERY,E01026390,MALE,12
GP_PRAC_PAT_LIST,01/07/2026,C83650,THE WRAGBY SURGERY,E01026391,MALE,47
GP_PRAC_PAT_LIST,01/07/2026,C83650,THE WRAGBY SURGERY,E01026392,MALE,1
GP_PRAC_PAT_LIST,01/07/2026,C83650,THE WRAGBY SURGERY,E01026405,MALE,3
GP_PRAC_PAT_LIST,01/07/2026,C83650,THE WRAGBY SURGERY,E01026406,MALE,7
GP_PRAC_PAT_LIST,01/07/2026,C83650,THE WRAGBY SURGERY,E01026411,MALE,1
GP_PRAC_PAT_LIST,01/07/2026,C83650,THE WRAGBY SURGERY,E01026414,MALE,3
GP_PRAC_PAT_LIST,01/07/2026,C83650,THE WRAGBY SURGERY,EMPTY,MALE,1
GP_PRAC_PAT_LIST,01/07/2026,Y01652,THE NEW SPRINGWELLS PRACTICE,E01003247,MALE,1
GP_PRAC_PAT_LIST,01/07/2026,Y01652,THE NEW SPRINGWELLS PRACTICE,E01007866,MALE,1
GP_PRAC_PAT_LIST,01/07/2026,Y01652,THE NEW SPRINGWELLS PRACTICE,E01015626,MALE,1
GP_PRAC_PAT_LIST,01/07/2026,Y01652,THE NEW SPRINGWELLS PRACTICE,E01015688,MALE,1
GP_PRAC_PAT_LIST,01/07/2026,Y01652,THE NEW SPRINGWELLS PRACTICE,E01020147,MALE,1
GP_PRAC_PAT_LIST,01/07/2026,Y01652,THE NEW SPRINGWELLS PRACTICE,E01026016,MALE,2
GP_PRAC_PAT_LIST,01/07/2026,Y01652,THE NEW SPRINGWELLS PRACTICE,E01026180,MALE,1
GP_PRAC_PAT_LIST,01/07/2026,Y01652,THE NEW SPRINGWELLS PRACTICE,E01026200,MALE,9
GP_PRAC_PAT_LIST,01/07/2026,Y01652,THE NEW SPRINGWELLS PRACTICE,E01026201,MALE,222
GP_PRAC_PAT_LIST,01/07/2026,Y01652,THE NEW SPRINGWELLS PRACTICE,E01026202,MALE,8
GP_PRAC_PAT_LIST,01/07/2026,Y01652,THE NEW SPRINGWELLS PRACTICE,E01026209,MALE,5
GP_PRAC_PAT_LIST,01/07/2026,Y01652,THE NEW SPRINGWELLS PRACTICE,E01026221,MALE,506
GP_PRAC_PAT_LIST,01/07/2026,Y01652,THE NEW SPRINGWELLS PRACTICE,E01026223,MALE,1
GP_PRAC_PAT_LIST,01/07/2026,Y01652,THE NEW SPRINGWELLS PRACTICE,E01026228,MALE,3
GP_PRAC_PAT_LIST,01/07/2026,Y01652,THE NEW SPRINGWELLS PRACTICE,E01026229,MALE,1
GP_PRAC_PAT_LIST,01/07/2026,Y01652,THE NEW SPRINGWELLS PRACTICE,E01026231,MALE,6
GP_PRAC_PAT_LIST,01/07/2026,Y01652,THE NEW SPRINGWELLS PRACTICE,E01026233,MALE,2
GP_PRAC_PAT_LIST,01/07/2026,Y01652,THE NEW SPRINGWELLS PRACTICE,E01026236,MALE,2
GP_PRAC_PAT_LIST,01/07/2026,Y01652,THE NEW SPRINGWELLS PRACTICE,E01026242,MALE,8
GP_PRAC_PAT_LIST,01/07/2026,Y01652,THE NEW SPRINGWELLS PRACTICE,E01026243,MALE,2
GP_PRAC_PAT_LIST,01/07/2026,Y01652,THE NEW SPRINGWELLS PRACTICE,E01026244,MALE,9
GP_PRAC_PAT_LIST,01/07/2026,Y01652,THE NEW SPRINGWELLS PRACTICE,E01026247,MALE,1
GP_PRAC_PAT_LIST,01/07/2026,Y01652,THE NEW SPRINGWELLS PRACTICE,E01026259,MALE,2
GP_PRAC_PAT_LIST,01/07/2026,Y01652,THE NEW SPRINGWELLS PRACTICE,E01026276,MALE,10
GP_PRAC_PAT_LIST,01/07/2026,Y01652,THE NEW SPRINGWELLS PRACTICE,E01026290,MALE,599
GP_PRAC_PAT_LIST,01/07/2026,Y01652,THE NEW SPRINGWELLS PRACTICE,E01026292,MALE,1
GP_PRAC_PAT_LIST,01/07/2026,Y01652,THE NEW SPRINGWELLS PRACTICE,E01026296,MALE,4
GP_PRAC_PAT_LIST,01/07/2026,Y01652,THE NEW SPRINGWELLS PRACTICE,E01026299,MALE,1
GP_PRAC_PAT_LIST,01/07/2026,Y01652,THE NEW SPRINGWELLS PRACTICE,E01026300,MALE,1
GP_PRAC_PAT_LIST,01/07/2026,Y01652,THE NEW SPRINGWELLS PRACTICE,E01026313,MALE,2
GP_PRAC_PAT_LIST,01/07/2026,Y01652,THE NEW SPRINGWELLS PRACTICE,E01026316,MALE,18
GP_PRAC_PAT_LIST,01/07/2026,Y01652,THE NEW SPRINGWELLS PRACTICE,E01026329,MALE,1
GP_PRAC_PAT_LIST,01/07/2026,Y01652,THE NEW SPRINGWELLS PRACTICE,E01026330,MALE,1
GP_PRAC_PAT_LIST,01/07/2026,Y01652,THE NEW SPRINGWELLS PRACTICE,E01026332,MALE,120
GP_PRAC_PAT_LIST,01/07/2026,Y01652,THE NEW SPRINGWELLS PRACTICE,E01026341,MALE,33
GP_PRAC_PAT_LIST,01/07/2026,Y01652,THE NEW SPRINGWELLS PRACTICE,E01026342,MALE,37
GP_PRAC_PAT_LIST,01/07/2026,Y01652,THE NEW SPRINGWELLS PRACTICE,E01026361,MALE,1273
GP_PRAC_PAT_LIST,01/07/2026,Y01652,THE NEW SPRINGWELLS PRACTICE,E01026364,MALE,1
GP_PRAC_PAT_LIST,01/07/2026,Y01652,THE NEW SPRINGWELLS PRACTICE,E01032500,MALE,1
GP_PRAC_PAT_LIST,01/07/2026,Y01652,THE NEW SPRINGWELLS PRACTICE,E01032997,MALE,1
GP_PRAC_PAT_LIST,01/07/2026,Y01652,THE NEW SPRINGWELLS PRACTICE,E01032998,MALE,1
GP_PRAC_PAT_LIST,01/07/2026,Y01652,THE NEW SPRINGWELLS PRACTICE,E01034695,MALE,38
GP_PRAC_PAT_LIST,01/07/2026,Y01652,THE NEW SPRINGWELLS PRACTICE,E01034696,MALE,2
GP_PRAC_PAT_LIST,01/07/2026,Y01652,THE NEW SPRINGWELLS PRACTICE,EMPTY,MALE,2
