PUBLICATION,EXTRACT_DATE,PRACTICE_CODE,PRACTICE_NAME,LSOA_CODE,SEX,NUMBER_OF_PATIENTS
GP_PRAC_PAT_LIST,01/07/2026,C82076,THE WELBY PRACTICE,E01001889,ALL,1
GP_PRAC_PAT_LIST,01/07/2026,C82076,THE WELBY PRACTICE,E01001955,ALL,1
GP_PRAC_PAT_LIST,01/07/2026,C82076,THE WELBY PRACTICE,E01004716,ALL,1
GP_PRAC_PAT_LIST,01/07/2026,C82076,THE WELBY PRACTICE,E01008107,ALL,1
GP_PRAC_PAT_LIST,01/07/2026,C82076,THE WELBY PRACTICE,E01008373,ALL,1
GP_PRAC_PAT_LIST,01/07/2026,C82076,THE WELBY PRACTICE,E01011938,ALL,1
GP_PRAC_PAT_LIST,01/07/2026,C82076,THE WELBY PRACTICE,E01013788,ALL,1
GP_PRAC_PAT_LIST,01/07/2026,C82076,THE WELBY PRACTICE,E01013937,ALL,1
GP_PRAC_PAT_LIST,01/07/2026,C82076,THE WELBY PRACTICE,E01013941,ALL,2
GP_PRAC_PAT_LIST,01/07/2026,C82076,THE WELBY PRACTICE,E01013972,ALL,1
GP_PRAC_PAT_LIST,01/07/2026,C82076,THE WELBY PRACTICE,E01018060,ALL,1
GP_PRAC_PAT_LIST,01/07/2026,C82076,THE WELBY PRACTICE,E01020295,ALL,1
GP_PRAC_PAT_LIST,01/07/2026,C82076,THE WELBY PRACTICE,E01025645,ALL,1
GP_PRAC_PAT_LIST,01/07/2026,C82076,THE WELBY PRACTICE,E01025690,ALL,1
GP_PRAC_PAT_LIST,01/07/2026,C82076,THE WELBY PRACTICE,E01025695,ALL,1
GP_PRAC_PAT_LIST,01/07/2026,C82076,THE WELBY PRACTICE,E01025787,ALL,1
GP_PRAC_PAT_LIST,01/07/2026,C82076,THE WELBY PRACTICE,E01025833,ALL,1
GP_PRAC_PAT_LIST,01/07/2026,C82076,THE WELBY PRACTICE,E01025883,ALL,1
GP_PRAC_PAT_LIST,01/07/2026,C82076,THE WELBY PRACTICE,E01025884,ALL,2
GP_PRAC_PAT_LIST,01/07/2026,C82076,THE WELBY PRACTICE,E01025885,ALL,1511
GP_PRAC_PAT_LIST,01/07/2026,C82076,THE WELBY PRACTICE,E01025886,ALL,1282
GP_PRAC_PAT_LIST,01/07/2026,C82076,THE WELBY PRACTICE,E01025887,ALL,303
GP_PRAC_PAT_LIST,01/07/2026,C82076,THE WELBY PRACTICE,E01025890,ALL,31
GP_PRAC_PAT_LIST,01/07/2026,C82076,THE WELBY PRACTICE,E01025891,ALL,22
GP_PRAC_PAT_LIST,01/07/2026,C82076,THE WELBY PRACTICE,E01025892,ALL,471
GP_PRAC_PAT_LIST,01/07/2026,C82076,THE WELBY PRACTICE,E01025893,ALL,3
GP_PRAC_PAT_LIST,01/07/2026,C82076,THE WELBY PRACTICE,E01025894,ALL,3
GP_PRAC_PAT_LIST,01/07/2026,C82076,THE WELBY PRACTICE,E01025895,ALL,4
GP_PRAC_PAT_LIST,01/07/2026,C82076,THE WELBY PRACTICE,E01025896,ALL,11
GP_PRAC_PAT_LIST,01/07/2026,C82076,THE WELBY PRACTICE,E01025897,ALL,1
GP_PRAC_PAT_LIST,01/07/2026,C82076,THE WELBY PRACTICE,E01025898,ALL,3
GP_PRAC_PAT_LIST,01/07/2026,C82076,THE WELBY PRACTICE,E01025899,ALL,2
GP_PRAC_PAT_LIST,01/07/2026,C82076,THE WELBY PRACTICE,E01025900,ALL,1
GP_PRAC_PAT_LIST,01/07/2026,C82076,THE WELBY PRACTICE,E01025901,ALL,8
GP_PRAC_PAT_LIST,01/07/2026,C82076,THE WELBY PRACTICE,E01025902,ALL,24
GP_PRAC_PAT_LIST,01/07/2026,C82076,THE WELBY PRACTICE,E01025903,ALL,2
GP_PRAC_PAT_LIST,01/07/2026,C82076,THE WELBY PRACTICE,E01025904,ALL,13
GP_PRAC_PAT_LIST,01/07/2026,C82076,THE WELBY PRACTICE,E01025905,ALL,2
GP_PRAC_PAT_LIST,01/07/2026,C82076,THE WELBY PRACTICE,E01025906,ALL,7
GP_PRAC_PAT_LIST,01/07/2026,C82076,THE WELBY PRACTICE,E01025907,ALL,9
GP_PRAC_PAT_LIST,01/07/2026,C82076,THE WELBY PRACTICE,E01025908,ALL,6
GP_PRAC_PAT_LIST,01/07/2026,C82076,THE WELBY PRACTICE,E01025910,ALL,3
GP_PRAC_PAT_LIST,01/07/2026,C82076,THE WELBY PRACTICE,E01025911,ALL,555
GP_PRAC_PAT_LIST,01/07/2026,C82076,THE WELBY PRACTICE,E01025912,ALL,135
GP_PRAC_PAT_LIST,01/07/2026,C82076,THE WELBY PRACTICE,E01026221,ALL,2
GP_PRAC_PAT_LIST,01/07/2026,C82076,THE WELBY PRACTICE,E01026231,ALL,3
GP_PRAC_PAT_LIST,01/07/2026,C82076,THE WELBY PRACTICE,E01026248,ALL,1
GP_PRAC_PAT_LIST,01/07/2026,C82076,THE WELBY PRACTICE,E01026291,ALL,360
GP_PRAC_PAT_LIST,01/07/2026,C82076,THE WELBY PRACTICE,E01026292,ALL,3
GP_PRAC_PAT_LIST,01/07/2026,C82076,THE WELBY PRACTICE,E01026293,ALL,6
GP_PRAC_PAT_LIST,01/07/2026,C82076,THE WELBY PRACTICE,E01026294,ALL,3
GP_PRAC_PAT_LIST,01/07/2026,C82076,THE WELBY PRACTICE,E01026308,ALL,6
GP_PRAC_PAT_LIST,01/07/2026,C82076,THE WELBY PRACTICE,E01026309,ALL,12
GP_PRAC_PAT_LIST,01/07/2026,C82076,THE WELBY PRACTICE,E01026310,ALL,7
GP_PRAC_PAT_LIST,01/07/2026,C82076,THE WELBY PRACTICE,E01026311,ALL,1
GP_PRAC_PAT_LIST,01/07/2026,C82076,THE WELBY PRACTICE,E01026312,ALL,2
GP_PRAC_PAT_LIST,01/07/2026,C82076,THE WELBY PRACTICE,E01026313,ALL,3
GP_PRAC_PAT_LIST,01/07/2026,C82076,THE WELBY PRACTICE,E01026315,ALL,793
GP_PRAC_PAT_LIST,01/07/2026,C82076,THE WELBY PRACTICE,E01026317,ALL,12
GP_PRAC_PAT_LIST,01/07/2026,C82076,THE WELBY PRACTICE,E01026318,ALL,5
GP_PRAC_PAT_LIST,01/07/2026,C82076,THE WELBY PRACTICE,E01026319,ALL,110
GP_PRAC_PAT_LIST,01/07/2026,C82076,THE WELBY PRACTICE,E01026321,ALL,30
GP_PRAC_PAT_LIST,01/07/2026,C82076,THE WELBY PRACTICE,E01026322,ALL,8
GP_PRAC_PAT_LIST,01/07/2026,C82076,THE WELBY PRACTICE,E01026323,ALL,8
GP_PRAC_PAT_LIST,01/07/2026,C82076,THE WELBY PRACTICE,E01026324,ALL,23
GP_PRAC_PAT_LIST,01/07/2026,C82076,THE WELBY PRACTICE,E01026325,ALL,1
GP_PRAC_PAT_LIST,01/07/2026,C82076,THE WELBY PRACTICE,E01026326,ALL,1
GP_PRAC_PAT_LIST,01/07/2026,C82076,THE WELBY PRACTICE,E01026327,ALL,2
GP_PRAC_PAT_LIST,01/07/2026,C82076,THE WELBY PRACTICE,E01026328,ALL,2
GP_PRAC_PAT_LIST,01/07/2026,C82076,THE WELBY PRACTICE,E01026331,ALL,69
GP_PRAC_PAT_LIST,01/07/2026,C82076,THE WELBY PRACTICE,E01026332,ALL,2
GP_PRAC_PAT_LIST,01/07/2026,C82076,THE WELBY PRACTICE,E01026333,ALL,6
GP_PRAC_PAT_LIST,01/07/2026,C82076,THE WELBY PRACTICE,E01026338,ALL,1
GP_PRAC_PAT_LIST,01/07/2026,C82076,THE WELBY PRACTICE,E01026340,ALL,47
GP_PRAC_PAT_LIST,01/07/2026,C82076,THE WELBY PRACTICE,E01026343,ALL,8
GP_PRAC_PAT_LIST,01/07/2026,C82076,THE WELBY PRACTICE,E01026344,ALL,8
GP_PRAC_PAT_LIST,01/07/2026,C82076,THE WELBY PRACTICE,E01026345,ALL,6
GP_PRAC_PAT_LIST,01/07/2026,C82076,THE WELBY PRACTICE,E01026352,ALL,4
GP_PRAC_PAT_LIST,01/07/2026,C82076,THE WELBY PRACTICE,E01026353,ALL,5
GP_PRAC_PAT_LIST,01/07/2026,C82076,THE WELBY PRACTICE,E01026354,ALL,4
GP_PRAC_PAT_LIST,01/07/2026,C82076,THE WELBY PRACTICE,E01026355,ALL,36
GP_PRAC_PAT_LIST,01/07/2026,C82076,THE WELBY PRACTICE,E01026365,ALL,268
GP_PRAC_PAT_LIST,01/07/2026,C82076,THE WELBY PRACTICE,E01026367,ALL,1
GP_PRAC_PAT_LIST,01/07/2026,C82076,THE WELBY PRACTICE,E01026394,ALL,1
GP_PRAC_PAT_LIST,01/07/2026,C82076,THE WELBY PRACTICE,E01028170,ALL,1
GP_PRAC_PAT_LIST,01/07/2026,C82076,THE WELBY PRACTICE,E01028185,ALL,1
GP_PRAC_PAT_LIST,01/07/2026,C82076,THE WELBY PRACTICE,E01028285,ALL,1
GP_PRAC_PAT_LIST,01/07/2026,C82076,THE WELBY PRACTICE,E01028304,ALL,1
GP_PRAC_PAT_LIST,01/07/2026,C82076,THE WELBY PRACTICE,E01028325,ALL,51
GP_PRAC_PAT_LIST,01/07/2026,C82076,THE WELBY PRACTICE,E01028357,ALL,7
GP_PRAC_PAT_LIST,01/07/2026,C82076,THE WELBY PRACTICE,E01028358,ALL,2
GP_PRAC_PAT_LIST,01/07/2026,C82076,THE WELBY PRACTICE,E01028359,ALL,2
GP_PRAC_PAT_LIST,01/07/2026,C82076,THE WELBY PRACTICE,E01028360,ALL,7
GP_PRAC_PAT_LIST,01/07/2026,C82076,THE WELBY PRACTICE,E01028361,ALL,1
GP_PRAC_PAT_LIST,01/07/2026,C82076,THE WELBY PRACTICE,E01028371,ALL,107
GP_PRAC_PAT_LIST,01/07/2026,C82076,THE WELBY PRACTICE,E01028380,ALL,2
GP_PRAC_PAT_LIST,01/07/2026,C82076,THE WELBY PRACTICE,E01028403,ALL,2
GP_PRAC_PAT_LIST,01/07/2026,C82076,THE WELBY PRACTICE,E01028410,ALL,3
GP_PRAC_PAT_LIST,01/07/2026,C82076,THE WELBY PRACTICE,E01028411,ALL,231
GP_PRAC_PAT_LIST,01/07/2026,C82076,THE WELBY PRACTICE,E01028415,ALL,2
GP_PRAC_PAT_LIST,01/07/2026,C82076,THE WELBY PRACTICE,E01028420,ALL,25
GP_PRAC_PAT_LIST,01/07/2026,C82076,THE WELBY PRACTICE,E01029616,ALL,1
GP_PRAC_PAT_LIST,01/07/2026,C82076,THE WELBY PRACTICE,E01031897,ALL,1
GP_PRAC_PAT_LIST,01/07/2026,C82076,THE WELBY PRACTICE,E01032038,ALL,1
GP_PRAC_PAT_LIST,01/07/2026,C82076,THE WELBY PRACTICE,E01033394,ALL,2
GP_PRAC_PAT_LIST,01/07/2026,C82076,THE WELBY PRACTICE,E01034695,ALL,1
GP_PRAC_PAT_LIST,01/07/2026,C82076,THE WELBY PRACTICE,E01034701,ALL,12
GP_PRAC_PAT_LIST,01/07/2026,C82076,THE WELBY PRACTICE,E01034702,ALL,31
GP_PRAC_PAT_LIST,01/07/2026,C82076,THE WELBY PRACTICE,E01035264,ALL,1
GP_PRAC_PAT_LIST,01/07/2026,C82076,THE WELBY PRACTICE,E01035501,ALL,1
GP_PRAC_PAT_LIST,01/07/2026,C82076,THE WELBY PRACTICE,EMPTY,ALL,5
GP_PRAC_PAT_LIST,01/07/2026,C83001,HEART OF LINCOLN HEALTH GROUP,CLOSED,ALL,62
GP_PRAC_PAT_LIST,01/07/2026,C83001,HEART OF LINCOLN HEALTH GROUP,E01000044,ALL,1
GP_PRAC_PAT_LIST,01/07/2026,C83001,HEART OF LINCOLN HEALTH GROUP,E01000219,ALL,1
GP_PRAC_PAT_LIST,01/07/2026,C83001,HEART OF LINCOLN HEALTH GROUP,E01000237,ALL,1
GP_PRAC_PAT_LIST,01/07/2026,C83001,HEART OF LINCOLN HEALTH GROUP,E01000259,ALL,1
GP_PRAC_PAT_LIST,01/07/2026,C83001,HEART OF LINCOLN HEALTH GROUP,E01000405,ALL,1
GP_PRAC_PAT_LIST,01/07/2026,C83001,HEART OF LINCOLN HEALTH GROUP,E01000523,ALL,1
GP_PRAC_PAT_LIST,01/07/2026,C83001,HEART OF LINCOLN HEALTH GROUP,E01000644,ALL,1
GP_PRAC_PAT_LIST,01/07/2026,C83001,HEART OF LINCOLN HEALTH GROUP,E01000815,ALL,1
GP_PRAC_PAT_LIST,01/07/2026,C83001,HEART OF LINCOLN HEALTH GROUP,E01001239,ALL,1
GP_PRAC_PAT_LIST,01/07/2026,C83001,HEART OF LINCOLN HEALTH GROUP,E01001513,ALL,1
GP_PRAC_PAT_LIST,01/07/2026,C83001,HEART OF LINCOLN HEALTH GROUP,E01001911,ALL,1
GP_PRAC_PAT_LIST,01/07/2026,C83001,HEART OF LINCOLN HEALTH GROUP,E01002386,ALL,1
GP_PRAC_PAT_LIST,01/07/2026,C83001,HEART OF LINCOLN HEALTH GROUP,E01002744,ALL,1
GP_PRAC_PAT_LIST,01/07/2026,C83001,HEART OF LINCOLN HEALTH GROUP,E01002912,ALL,1
GP_PRAC_PAT_LIST,01/07/2026,C83001,HEART OF LINCOLN HEALTH GROUP,E01002997,ALL,1
GP_PRAC_PAT_LIST,01/07/2026,C83001,HEART OF LINCOLN HEALTH GROUP,E01003194,ALL,1
GP_PRAC_PAT_LIST,01/07/2026,C83001,HEART OF LINCOLN HEALTH GROUP,E01003353,ALL,1
GP_PRAC_PAT_LIST,01/07/2026,C83001,HEART OF LINCOLN HEALTH GROUP,E01003645,ALL,1
GP_PRAC_PAT_LIST,01/07/2026,C83001,HEART OF LINCOLN HEALTH GROUP,E01003753,ALL,1
GP_PRAC_PAT_LIST,01/07/2026,C83001,HEART OF LINCOLN HEALTH GROUP,E01003783,ALL,1
GP_PRAC_PAT_LIST,01/07/2026,C83001,HEART OF LINCOLN HEALTH GROUP,E01003812,ALL,1
GP_PRAC_PAT_LIST,01/07/2026,C83001,HEART OF LINCOLN HEALTH GROUP,E01004172,ALL,1
GP_PRAC_PAT_LIST,01/07/2026,C83001,HEART OF LINCOLN HEALTH GROUP,E01004345,ALL,1
GP_PRAC_PAT_LIST,01/07/2026,C83001,HEART OF LINCOLN HEALTH GROUP,E01004386,ALL,1
GP_PRAC_PAT_LIST,01/07/2026,C83001,HEART OF LINCOLN HEALTH GROUP,E01004955,ALL,1
GP_PRAC_PAT_LIST,01/07/2026,C83001,HEART OF LINCOLN HEALTH GROUP,E01005182,ALL,1
GP_PRAC_PAT_LIST,01/07/2026,C83001,HEART OF LINCOLN HEALTH GROUP,E01005300,ALL,1
GP_PRAC_PAT_LIST,01/07/2026,C83001,HEART OF LINCOLN HEALTH GROUP,E01005317,ALL,1
GP_PRAC_PAT_LIST,01/07/2026,C83001,HEART OF LINCOLN HEALTH GROUP,E01005320,ALL,1
GP_PRAC_PAT_LIST,01/07/2026,C83001,HEART OF LINCOLN HEALTH GROUP,E01006058,ALL,1
GP_PRAC_PAT_LIST,01/07/2026,C83001,HEART OF LINCOLN HEALTH GROUP,E01006544,ALL,1
GP_PRAC_PAT_LIST,01/07/2026,C83001,HEART OF LINCOLN HEALTH GROUP,E01006688,ALL,1
GP_PRAC_PAT_LIST,01/07/2026,C83001,HEART OF LINCOLN HEALTH GROUP,E01006693,ALL,1
GP_PRAC_PAT_LIST,01/07/2026,C83001,HEART OF LINCOLN HEALTH GROUP,E01007125,ALL,1
GP_PRAC_PAT_LIST,01/07/2026,C83001,HEART OF LINCOLN HEALTH GROUP,E01007329,ALL,1
GP_PRAC_PAT_LIST,01/07/2026,C83001,HEART OF LINCOLN HEALTH GROUP,E01007361,ALL,1
GP_PRAC_PAT_LIST,01/07/2026,C83001,HEART OF LINCOLN HEALTH GROUP,E01007385,ALL,1
GP_PRAC_PAT_LIST,01/07/2026,C83001,HEART OF LINCOLN HEALTH GROUP,E01007388,ALL,1
GP_PRAC_PAT_LIST,01/07/2026,C83001,HEART OF LINCOLN HEALTH GROUP,E01007409,ALL,1
GP_PRAC_PAT_LIST,01/07/2026,C83001,HEART OF LINCOLN HEALTH GROUP,E01007410,ALL,1
GP_PRAC_PAT_LIST,01/07/2026,C83001,HEART OF LINCOLN HEALTH GROUP,E01007419,ALL,1
GP_PRAC_PAT_LIST,01/07/2026,C83001,HEART OF LINCOLN HEALTH GROUP,E01007456,ALL,1
GP_PRAC_PAT_LIST,01/07/2026,C83001,HEART OF LINCOLN HEALTH GROUP,E01007469,ALL,1
GP_PRAC_PAT_LIST,01/07/2026,C83001,HEART OF LINCOLN HEALTH GROUP,E01007537,ALL,1
GP_PRAC_PAT_LIST,01/07/2026,C83001,HEART OF LINCOLN HEALTH GROUP,E01007593,ALL,2
GP_PRAC_PAT_LIST,01/07/2026,C83001,HEART OF LINCOLN HEALTH GROUP,E01007753,ALL,1
GP_PRAC_PAT_LIST,01/07/2026,C83001,HEART OF LINCOLN HEALTH GROUP,E01007848,ALL,1
GP_PRAC_PAT_LIST,01/07/2026,C83001,HEART OF LINCOLN HEALTH GROUP,E01007878,ALL,1
GP_PRAC_PAT_LIST,01/07/2026,C83001,HEART OF LINCOLN HEALTH GROUP,E01007879,ALL,1
GP_PRAC_PAT_LIST,01/07/2026,C83001,HEART OF LINCOLN HEALTH GROUP,E01007989,ALL,1
GP_PRAC_PAT_LIST,01/07/2026,C83001,HEART OF LINCOLN HEALTH GROUP,E01008044,ALL,1
GP_PRAC_PAT_LIST,01/07/2026,C83001,HEART OF LINCOLN HEALTH GROUP,E01008087,ALL,1
GP_PRAC_PAT_LIST,01/07/2026,C83001,HEART OF LINCOLN HEALTH GROUP,E01008130,ALL,1
GP_PRAC_PAT_LIST,01/07/2026,C83001,HEART OF LINCOLN HEALTH GROUP,E01008178,ALL,1
GP_PRAC_PAT_LIST,01/07/2026,C83001,HEART OF LINCOLN HEALTH GROUP,E01008507,ALL,1
GP_PRAC_PAT_LIST,01/07/2026,C83001,HEART OF LINCOLN HEALTH GROUP,E01008570,ALL,1
GP_PRAC_PAT_LIST,01/07/2026,C83001,HEART OF LINCOLN HEALTH GROUP,E01009146,ALL,1
GP_PRAC_PAT_LIST,01/07/2026,C83001,HEART OF LINCOLN HEALTH GROUP,E01009416,ALL,1
GP_PRAC_PAT_LIST,01/07/2026,C83001,HEART OF LINCOLN HEALTH GROUP,E01009467,ALL,1
GP_PRAC_PAT_LIST,01/07/2026,C83001,HEART OF LINCOLN HEALTH GROUP,E01009531,ALL,1
GP_PRAC_PAT_LIST,01/07/2026,C83001,HEART OF LINCOLN HEALTH GROUP,E01009549,ALL,1
GP_PRAC_PAT_LIST,01/07/2026,C83001,HEART OF LINCOLN HEALTH GROUP,E01009567,ALL,1
GP_PRAC_PAT_LIST,01/07/2026,C83001,HEART OF LINCOLN HEALTH GROUP,E01009640,ALL,1
GP_PRAC_PAT_LIST,01/07/2026,C83001,HEART OF LINCOLN HEALTH GROUP,E01009649,ALL,1
GP_PRAC_PAT_LIST,01/07/2026,C83001,HEART OF LINCOLN HEALTH GROUP,E01009682,ALL,1
GP_PRAC_PAT_LIST,01/07/2026,C83001,HEART OF LINCOLN HEALTH GROUP,E01009735,ALL,1
GP_PRAC_PAT_LIST,01/07/2026,C83001,HEART OF LINCOLN HEALTH GROUP,E01009943,ALL,1
GP_PRAC_PAT_LIST,01/07/2026,C83001,HEART OF LINCOLN HEALTH GROUP,E01009960,ALL,1
GP_PRAC_PAT_LIST,01/07/2026,C83001,HEART OF LINCOLN HEALTH GROUP,E01010022,ALL,1
GP_PRAC_PAT_LIST,01/07/2026,C83001,HEART OF LINCOLN HEALTH GROUP,E01010048,ALL,1
GP_PRAC_PAT_LIST,01/07/2026,C83001,HEART OF LINCOLN HEALTH GROUP,E01010213,ALL,1
GP_PRAC_PAT_LIST,01/07/2026,C83001,HEART OF LINCOLN HEALTH GROUP,E01010237,ALL,1
GP_PRAC_PAT_LIST,01/07/2026,C83001,HEART OF LINCOLN HEALTH GROUP,E01010330,ALL,1
GP_PRAC_PAT_LIST,01/07/2026,C83001,HEART OF LINCOLN HEALTH GROUP,E01010402,ALL,1
GP_PRAC_PAT_LIST,01/07/2026,C83001,HEART OF LINCOLN HEALTH GROUP,E01010653,ALL,1
GP_PRAC_PAT_LIST,01/07/2026,C83001,HEART OF LINCOLN HEALTH GROUP,E01010859,ALL,1
GP_PRAC_PAT_LIST,01/07/2026,C83001,HEART OF LINCOLN HEALTH GROUP,E01010880,ALL,1
GP_PRAC_PAT_LIST,01/07/2026,C83001,HEART OF LINCOLN HEALTH GROUP,E01011102,ALL,1
GP_PRAC_PAT_LIST,01/07/2026,C83001,HEART OF LINCOLN HEALTH GROUP,E01011177,ALL,1
GP_PRAC_PAT_LIST,01/07/2026,C83001,HEART OF LINCOLN HEALTH GROUP,E01011569,ALL,1
GP_PRAC_PAT_LIST,01/07/2026,C83001,HEART OF LINCOLN HEALTH GROUP,E01011787,ALL,1
GP_PRAC_PAT_LIST,01/07/2026,C83001,HEART OF LINCOLN HEALTH GROUP,E01011819,ALL,1
GP_PRAC_PAT_LIST,01/07/2026,C83001,HEART OF LINCOLN HEALTH GROUP,E01012312,ALL,1
GP_PRAC_PAT_LIST,01/07/2026,C83001,HEART OF LINCOLN HEALTH GROUP,E01012767,ALL,1
GP_PRAC_PAT_LIST,01/07/2026,C83001,HEART OF LINCOLN HEALTH GROUP,E01012795,ALL,1
GP_PRAC_PAT_LIST,01/07/2026,C83001,HEART OF LINCOLN HEALTH GROUP,E01012800,ALL,1
GP_PRAC_PAT_LIST,01/07/2026,C83001,HEART OF LINCOLN HEALTH GROUP,E01012825,ALL,1
GP_PRAC_PAT_LIST,01/07/2026,C83001,HEART OF LINCOLN HEALTH GROUP,E01012924,ALL,1
GP_PRAC_PAT_LIST,01/07/2026,C83001,HEART OF LINCOLN HEALTH GROUP,E01012955,ALL,1
GP_PRAC_PAT_LIST,01/07/2026,C83001,HEART OF LINCOLN HEALTH GROUP,E01012985,ALL,1
GP_PRAC_PAT_LIST,01/07/2026,C83001,HEART OF LINCOLN HEALTH GROUP,E01013005,ALL,1
GP_PRAC_PAT_LIST,01/07/2026,C83001,HEART OF LINCOLN HEALTH GROUP,E01013017,ALL,1
GP_PRAC_PAT_LIST,01/07/2026,C83001,HEART OF LINCOLN HEALTH GROUP,E01013018,ALL,1
GP_PRAC_PAT_LIST,01/07/2026,C83001,HEART OF LINCOLN HEALTH GROUP,E01013147,ALL,2
GP_PRAC_PAT_LIST,01/07/2026,C83001,HEART OF LINCOLN HEALTH GROUP,E01013149,ALL,1
GP_PRAC_PAT_LIST,01/07/2026,C83001,HEART OF LINCOLN HEALTH GROUP,E01013158,ALL,1
GP_PRAC_PAT_LIST,01/07/2026,C83001,HEART OF LINCOLN HEALTH GROUP,E01013164,ALL,1
GP_PRAC_PAT_LIST,01/07/2026,C83001,HEART OF LINCOLN HEALTH GROUP,E01013170,ALL,1
GP_PRAC_PAT_LIST,01/07/2026,C83001,HEART OF LINCOLN HEALTH GROUP,E01013171,ALL,1
GP_PRAC_PAT_LIST,01/07/2026,C83001,HEART OF LINCOLN HEALTH GROUP,E01013203,ALL,1
GP_PRAC_PAT_LIST,01/07/2026,C83001,HEART OF LINCOLN HEALTH GROUP,E01013248,ALL,1
GP_PRAC_PAT_LIST,01/07/2026,C83001,HEART OF LINCOLN HEALTH GROUP,E01013279,ALL,1
GP_PRAC_PAT_LIST,01/07/2026,C83001,HEART OF LINCOLN HEALTH GROUP,E01013307,ALL,1
GP_PRAC_PAT_LIST,01/07/2026,C83001,HEART OF LINCOLN HEALTH GROUP,E01013322,ALL,1
GP_PRAC_PAT_LIST,01/07/2026,C83001,HEART OF LINCOLN HEALTH GROUP,E01013485,ALL,1
GP_PRAC_PAT_LIST,01/07/2026,C83001,HEART OF LINCOLN HEALTH GROUP,E01013509,ALL,1
GP_PRAC_PAT_LIST,01/07/2026,C83001,HEART OF LINCOLN HEALTH GROUP,E01013511,ALL,1
GP_PRAC_PAT_LIST,01/07/2026,C83001,HEART OF LINCOLN HEALTH GROUP,E01013519,ALL,1
GP_PRAC_PAT_LIST,01/07/2026,C83001,HEART OF LINCOLN HEALTH GROUP,E01013524,ALL,1
GP_PRAC_PAT_LIST,01/07/2026,C83001,HEART OF LINCOLN HEALTH GROUP,E01013557,ALL,1
GP_PRAC_PAT_LIST,01/07/2026,C83001,HEART OF LINCOLN HEALTH GROUP,E01013623,ALL,1
GP_PRAC_PAT_LIST,01/07/2026,C83001,HEART OF LINCOLN HEALTH GROUP,E01013632,ALL,1
GP_PRAC_PAT_LIST,01/07/2026,C83001,HEART OF LINCOLN HEALTH GROUP,E01013703,ALL,1
GP_PRAC_PAT_LIST,01/07/2026,C83001,HEART OF LINCOLN HEALTH GROUP,E01013718,ALL,1
GP_PRAC_PAT_LIST,01/07/2026,C83001,HEART OF LINCOLN HEALTH GROUP,E01013727,ALL,1
GP_PRAC_PAT_LIST,01/07/2026,C83001,HEART OF LINCOLN HEALTH GROUP,E01013845,ALL,1
GP_PRAC_PAT_LIST,01/07/2026,C83001,HEART OF LINCOLN HEALTH GROUP,E01013853,ALL,1
GP_PRAC_PAT_LIST,01/07/2026,C83001,HEART OF LINCOLN HEALTH GROUP,E01013947,ALL,1
GP_PRAC_PAT_LIST,01/07/2026,C83001,HEART OF LINCOLN HEALTH GROUP,E01013967,ALL,1
GP_PRAC_PAT_LIST,01/07/2026,C83001,HEART OF LINCOLN HEALTH GROUP,E01013983,ALL,1
GP_PRAC_PAT_LIST,01/07/2026,C83001,HEART OF LINCOLN HEALTH GROUP,E01014096,ALL,1
GP_PRAC_PAT_LIST,01/07/2026,C83001,HEART OF LINCOLN HEALTH GROUP,E01014454,ALL,1
GP_PRAC_PAT_LIST,01/07/2026,C83001,HEART OF LINCOLN HEALTH GROUP,E01014481,ALL,1
GP_PRAC_PAT_LIST,01/07/2026,C83001,HEART OF LINCOLN HEALTH GROUP,E01014747,ALL,1
GP_PRAC_PAT_LIST,01/07/2026,C83001,HEART OF LINCOLN HEALTH GROUP,E01015475,ALL,1
GP_PRAC_PAT_LIST,01/07/2026,C83001,HEART OF LINCOLN HEALTH GROUP,E01015599,ALL,1
GP_PRAC_PAT_LIST,01/07/2026,C83001,HEART OF LINCOLN HEALTH GROUP,E01015613,ALL,1
GP_PRAC_PAT_LIST,01/07/2026,C83001,HEART OF LINCOLN HEALTH GROUP,E01015650,ALL,1
GP_PRAC_PAT_LIST,01/07/2026,C83001,HEART OF LINCOLN HEALTH GROUP,E01015661,ALL,1
GP_PRAC_PAT_LIST,01/07/2026,C83001,HEART OF LINCOLN HEALTH GROUP,E01015669,ALL,1
GP_PRAC_PAT_LIST,01/07/2026,C83001,HEART OF LINCOLN HEALTH GROUP,E01015806,ALL,1
GP_PRAC_PAT_LIST,01/07/2026,C83001,HEART OF LINCOLN HEALTH GROUP,E01015859,ALL,1
GP_PRAC_PAT_LIST,01/07/2026,C83001,HEART OF LINCOLN HEALTH GROUP,E01015868,ALL,1
GP_PRAC_PAT_LIST,01/07/2026,C83001,HEART OF LINCOLN HEALTH GROUP,E01015871,ALL,1
GP_PRAC_PAT_LIST,01/07/2026,C83001,HEART OF LINCOLN HEALTH GROUP,E01015970,ALL,1
GP_PRAC_PAT_LIST,01/07/2026,C83001,HEART OF LINCOLN HEALTH GROUP,E01016054,ALL,1
GP_PRAC_PAT_LIST,01/07/2026,C83001,HEART OF LINCOLN HEALTH GROUP,E01016365,ALL,1
GP_PRAC_PAT_LIST,01/07/2026,C83001,HEART OF LINCOLN HEALTH GROUP,E01016379,ALL,1
GP_PRAC_PAT_LIST,01/07/2026,C83001,HEART OF LINCOLN HEALTH GROUP,E01016403,ALL,2
GP_PRAC_PAT_LIST,01/07/2026,C83001,HEART OF LINCOLN HEALTH GROUP,E01016605,ALL,1
GP_PRAC_PAT_LIST,01/07/2026,C83001,HEART OF LINCOLN HEALTH GROUP,E01016710,ALL,1
GP_PRAC_PAT_LIST,01/07/2026,C83001,HEART OF LINCOLN HEALTH GROUP,E01016714,ALL,1
GP_PRAC_PAT_LIST,01/07/2026,C83001,HEART OF LINCOLN HEALTH GROUP,E01016724,ALL,1
GP_PRAC_PAT_LIST,01/07/2026,C83001,HEART OF LINCOLN HEALTH GROUP,E01016774,ALL,1
GP_PRAC_PAT_LIST,01/07/2026,C83001,HEART OF LINCOLN HEALTH GROUP,E01016890,ALL,1
GP_PRAC_PAT_LIST,01/07/2026,C83001,HEART OF LINCOLN HEALTH GROUP,E01016893,ALL,1
GP_PRAC_PAT_LIST,01/07/2026,C83001,HEART OF LINCOLN HEALTH GROUP,E01017373,ALL,1
GP_PRAC_PAT_LIST,01/07/2026,C83001,HEART OF LINCOLN HEALTH GROUP,E01017383,ALL,1
GP_PRAC_PAT_LIST,01/07/2026,C83001,HEART OF LINCOLN HEALTH GROUP,E01017427,ALL,1
GP_PRAC_PAT_LIST,01/07/2026,C83001,HEART OF LINCOLN HEALTH GROUP,E01017444,ALL,1
GP_PRAC_PAT_LIST,01/07/2026,C83001,HEART OF LINCOLN HEALTH GROUP,E01017478,ALL,1
GP_PRAC_PAT_LIST,01/07/2026,C83001,HEART OF LINCOLN HEALTH GROUP,E01017606,ALL,1
GP_PRAC_PAT_LIST,01/07/2026,C83001,HEART OF LINCOLN HEALTH GROUP,E01017613,ALL,1
GP_PRAC_PAT_LIST,01/07/2026,C83001,HEART OF LINCOLN HEALTH GROUP,E01017623,ALL,1
GP_PRAC_PAT_LIST,01/07/2026,C83001,HEART OF LINCOLN HEALTH GROUP,E01017666,ALL,1
GP_PRAC_PAT_LIST,01/07/2026,C83001,HEART OF LINCOLN HEALTH GROUP,E01017770,ALL,1
GP_PRAC_PAT_LIST,01/07/2026,C83001,HEART OF LINCOLN HEALTH GROUP,E01017827,ALL,1
GP_PRAC_PAT_LIST,01/07/2026,C83001,HEART OF LINCOLN HEALTH GROUP,E01017963,ALL,1
GP_PRAC_PAT_LIST,01/07/2026,C83001,HEART OF LINCOLN HEALTH GROUP,E01018024,ALL,1
GP_PRAC_PAT_LIST,01/07/2026,C83001,HEART OF LINCOLN HEALTH GROUP,E01018039,ALL,1
GP_PRAC_PAT_LIST,01/07/2026,C83001,HEART OF LINCOLN HEALTH GROUP,E01018056,ALL,1
GP_PRAC_PAT_LIST,01/07/2026,C83001,HEART OF LINCOLN HEALTH GROUP,E01018080,ALL,1
GP_PRAC_PAT_LIST,01/07/2026,C83001,HEART OF LINCOLN HEALTH GROUP,E01018115,ALL,1
GP_PRAC_PAT_LIST,01/07/2026,C83001,HEART OF LINCOLN HEALTH GROUP,E01018137,ALL,1
GP_PRAC_PAT_LIST,01/07/2026,C83001,HEART OF LINCOLN HEALTH GROUP,E01018143,ALL,1
GP_PRAC_PAT_LIST,01/07/2026,C83001,HEART OF LINCOLN HEALTH GROUP,E01018144,ALL,1
GP_PRAC_PAT_LIST,01/07/2026,C83001,HEART OF LINCOLN HEALTH GROUP,E01018146,ALL,1
GP_PRAC_PAT_LIST,01/07/2026,C83001,HEART OF LINCOLN HEALTH GROUP,E01018160,ALL,1
GP_PRAC_PAT_LIST,01/07/2026,C83001,HEART OF LINCOLN HEALTH GROUP,E01018168,ALL,1
GP_PRAC_PAT_LIST,01/07/2026,C83001,HEART OF LINCOLN HEALTH GROUP,E01018232,ALL,1
GP_PRAC_PAT_LIST,01/07/2026,C83001,HEART OF LINCOLN HEALTH GROUP,E01018264,ALL,1
GP_PRAC_PAT_LIST,01/07/2026,C83001,HEART OF LINCOLN HEALTH GROUP,E01018273,ALL,1
GP_PRAC_PAT_LIST,01/07/2026,C83001,HEART OF LINCOLN HEALTH GROUP,E01018283,ALL,1
GP_PRAC_PAT_LIST,01/07/2026,C83001,HEART OF LINCOLN HEALTH GROUP,E01018290,ALL,1
GP_PRAC_PAT_LIST,01/07/2026,C83001,HEART OF LINCOLN HEALTH GROUP,E01018338,ALL,1
GP_PRAC_PAT_LIST,01/07/2026,C83001,HEART OF LINCOLN HEALTH GROUP,E01018340,ALL,1
GP_PRAC_PAT_LIST,01/07/2026,C83001,HEART OF LINCOLN HEALTH GROUP,E01018399,ALL,1
GP_PRAC_PAT_LIST,01/07/2026,C83001,HEART OF LINCOLN HEALTH GROUP,E01019270,ALL,1
GP_PRAC_PAT_LIST,01/07/2026,C83001,HEART OF LINCOLN HEALTH GROUP,E01019392,ALL,1
GP_PRAC_PAT_LIST,01/07/2026,C83001,HEART OF LINCOLN HEALTH GROUP,E01019477,ALL,1
GP_PRAC_PAT_LIST,01/07/2026,C83001,HEART OF LINCOLN HEALTH GROUP,E01019483,ALL,1
GP_PRAC_PAT_LIST,01/07/2026,C83001,HEART OF LINCOLN HEALTH GROUP,E01019495,ALL,1
GP_PRAC_PAT_LIST,01/07/2026,C83001,HEART OF LINCOLN HEALTH GROUP,E01019522,ALL,1
GP_PRAC_PAT_LIST,01/07/2026,C83001,HEART OF LINCOLN HEALTH GROUP,E01019539,ALL,1
GP_PRAC_PAT_LIST,01/07/2026,C83001,HEART OF LINCOLN HEALTH GROUP,E01019592,ALL,1
GP_PRAC_PAT_LIST,01/07/2026,C83001,HEART OF LINCOLN HEALTH GROUP,E01019614,ALL,1
GP_PRAC_PAT_LIST,01/07/2026,C83001,HEART OF LINCOLN HEALTH GROUP,E01019778,ALL,1
GP_PRAC_PAT_LIST,01/07/2026,C83001,HEART OF LINCOLN HEALTH GROUP,E01019821,ALL,1
GP_PRAC_PAT_LIST,01/07/2026,C83001,HEART OF LINCOLN HEALTH GROUP,E01019968,ALL,1
GP_PRAC_PAT_LIST,01/07/2026,C83001,HEART OF LINCOLN HEALTH GROUP,E01020189,ALL,1
GP_PRAC_PAT_LIST,01/07/2026,C83001,HEART OF LINCOLN HEALTH GROUP,E01020561,ALL,1
GP_PRAC_PAT_LIST,01/07/2026,C83001,HEART OF LINCOLN HEALTH GROUP,E01020708,ALL,1
GP_PRAC_PAT_LIST,01/07/2026,C83001,HEART OF LINCOLN HEALTH GROUP,E01020863,ALL,1
GP_PRAC_PAT_LIST,01/07/2026,C83001,HEART OF LINCOLN HEALTH GROUP,E01021055,ALL,1
GP_PRAC_PAT_LIST,01/07/2026,C83001,HEART OF LINCOLN HEALTH GROUP,E01021115,ALL,1
GP_PRAC_PAT_LIST,01/07/2026,C83001,HEART OF LINCOLN HEALTH GROUP,E01021397,ALL,1
GP_PRAC_PAT_LIST,01/07/2026,C83001,HEART OF LINCOLN HEALTH GROUP,E01021467,ALL,1
GP_PRAC_PAT_LIST,01/07/2026,C83001,HEART OF LINCOLN HEALTH GROUP,E01021506,ALL,1
GP_PRAC_PAT_LIST,01/07/2026,C83001,HEART OF LINCOLN HEALTH GROUP,E01021513,ALL,1
GP_PRAC_PAT_LIST,01/07/2026,C83001,HEART OF LINCOLN HEALTH GROUP,E01021651,ALL,1
GP_PRAC_PAT_LIST,01/07/2026,C83001,HEART OF LINCOLN HEALTH GROUP,E01021721,ALL,1
GP_PRAC_PAT_LIST,01/07/2026,C83001,HEART OF LINCOLN HEALTH GROUP,E01021965,ALL,1
GP_PRAC_PAT_LIST,01/07/2026,C83001,HEART OF LINCOLN HEALTH GROUP,E01022014,ALL,1
GP_PRAC_PAT_LIST,01/07/2026,C83001,HEART OF LINCOLN HEALTH GROUP,E01022071,ALL,1
GP_PRAC_PAT_LIST,01/07/2026,C83001,HEART OF LINCOLN HEALTH GROUP,E01022137,ALL,1
GP_PRAC_PAT_LIST,01/07/2026,C83001,HEART OF LINCOLN HEALTH GROUP,E01023240,ALL,1
GP_PRAC_PAT_LIST,01/07/2026,C83001,HEART OF LINCOLN HEALTH GROUP,E01023339,ALL,1
GP_PRAC_PAT_LIST,01/07/2026,C83001,HEART OF LINCOLN HEALTH GROUP,E01023502,ALL,1
GP_PRAC_PAT_LIST,01/07/2026,C83001,HEART OF LINCOLN HEALTH GROUP,E01023541,ALL,1
GP_PRAC_PAT_LIST,01/07/2026,C83001,HEART OF LINCOLN HEALTH GROUP,E01023577,ALL,1
GP_PRAC_PAT_LIST,01/07/2026,C83001,HEART OF LINCOLN HEALTH GROUP,E01023617,ALL,1
GP_PRAC_PAT_LIST,01/07/2026,C83001,HEART OF LINCOLN HEALTH GROUP,E01023643,ALL,1
GP_PRAC_PAT_LIST,01/07/2026,C83001,HEART OF LINCOLN HEALTH GROUP,E01023649,ALL,1
GP_PRAC_PAT_LIST,01/07/2026,C83001,HEART OF LINCOLN HEALTH GROUP,E01023657,ALL,1
GP_PRAC_PAT_LIST,01/07/2026,C83001,HEART OF LINCOLN HEALTH GROUP,E01023695,ALL,1
GP_PRAC_PAT_LIST,01/07/2026,C83001,HEART OF LINCOLN HEALTH GROUP,E01024157,ALL,1
GP_PRAC_PAT_LIST,01/07/2026,C83001,HEART OF LINCOLN HEALTH GROUP,E01024382,ALL,1
GP_PRAC_PAT_LIST,01/07/2026,C83001,HEART OF LINCOLN HEALTH GROUP,E01024723,ALL,1
GP_PRAC_PAT_LIST,01/07/2026,C83001,HEART OF LINCOLN HEALTH GROUP,E01025649,ALL,1
GP_PRAC_PAT_LIST,01/07/2026,C83001,HEART OF LINCOLN HEALTH GROUP,E01025681,ALL,1
GP_PRAC_PAT_LIST,01/07/2026,C83001,HEART OF LINCOLN HEALTH GROUP,E01025699,ALL,1
GP_PRAC_PAT_LIST,01/07/2026,C83001,HEART OF LINCOLN HEALTH GROUP,E01025701,ALL,1
GP_PRAC_PAT_LIST,01/07/2026,C83001,HEART OF LINCOLN HEALTH GROUP,E01025715,ALL,1
GP_PRAC_PAT_LIST,01/07/2026,C83001,HEART OF LINCOLN HEALTH GROUP,E01025728,ALL,1
GP_PRAC_PAT_LIST,01/07/2026,C83001,HEART OF LINCOLN HEALTH GROUP,E01025734,ALL,1
GP_PRAC_PAT_LIST,01/07/2026,C83001,HEART OF LINCOLN HEALTH GROUP,E01025761,ALL,1
GP_PRAC_PAT_LIST,01/07/2026,C83001,HEART OF LINCOLN HEALTH GROUP,E01025776,ALL,1
GP_PRAC_PAT_LIST,01/07/2026,C83001,HEART OF LINCOLN HEALTH GROUP,E01025783,ALL,1
GP_PRAC_PAT_LIST,01/07/2026,C83001,HEART OF LINCOLN HEALTH GROUP,E01025819,ALL,1
GP_PRAC_PAT_LIST,01/07/2026,C83001,HEART OF LINCOLN HEALTH GROUP,E01025823,ALL,1
GP_PRAC_PAT_LIST,01/07/2026,C83001,HEART OF LINCOLN HEALTH GROUP,E01025829,ALL,1
GP_PRAC_PAT_LIST,01/07/2026,C83001,HEART OF LINCOLN HEALTH GROUP,E01025846,ALL,1
GP_PRAC_PAT_LIST,01/07/2026,C83001,HEART OF LINCOLN HEALTH GROUP,E01025926,ALL,1
GP_PRAC_PAT_LIST,01/07/2026,C83001,HEART OF LINCOLN HEALTH GROUP,E01025942,ALL,1
GP_PRAC_PAT_LIST,01/07/2026,C83001,HEART OF LINCOLN HEALTH GROUP,E01025943,ALL,1
GP_PRAC_PAT_LIST,01/07/2026,C83001,HEART OF LINCOLN HEALTH GROUP,E01025956,ALL,1
GP_PRAC_PAT_LIST,01/07/2026,C83001,HEART OF LINCOLN HEALTH GROUP,E01026007,ALL,1
GP_PRAC_PAT_LIST,01/07/2026,C83001,HEART OF LINCOLN HEALTH GROUP,E01026013,ALL,1
GP_PRAC_PAT_LIST,01/07/2026,C83001,HEART OF LINCOLN HEALTH GROUP,E01026032,ALL,1
GP_PRAC_PAT_LIST,01/07/2026,C83001,HEART OF LINCOLN HEALTH GROUP,E01026042,ALL,2
GP_PRAC_PAT_LIST,01/07/2026,C83001,HEART OF LINCOLN HEALTH GROUP,E01026052,ALL,1
GP_PRAC_PAT_LIST,01/07/2026,C83001,HEART OF LINCOLN HEALTH GROUP,E01026053,ALL,1
GP_PRAC_PAT_LIST,01/07/2026,C83001,HEART OF LINCOLN HEALTH GROUP,E01026054,ALL,1
GP_PRAC_PAT_LIST,01/07/2026,C83001,HEART OF LINCOLN HEALTH GROUP,E01026055,ALL,2
GP_PRAC_PAT_LIST,01/07/2026,C83001,HEART OF LINCOLN HEALTH GROUP,E01026061,ALL,1
GP_PRAC_PAT_LIST,01/07/2026,C83001,HEART OF LINCOLN HEALTH GROUP,E01026083,ALL,1
GP_PRAC_PAT_LIST,01/07/2026,C83001,HEART OF LINCOLN HEALTH GROUP,E01026094,ALL,1
GP_PRAC_PAT_LIST,01/07/2026,C83001,HEART OF LINCOLN HEALTH GROUP,E01026099,ALL,1
GP_PRAC_PAT_LIST,01/07/2026,C83001,HEART OF LINCOLN HEALTH GROUP,E01026107,ALL,1
GP_PRAC_PAT_LIST,01/07/2026,C83001,HEART OF LINCOLN HEALTH GROUP,E01026112,ALL,2
GP_PRAC_PAT_LIST,01/07/2026,C83001,HEART OF LINCOLN HEALTH GROUP,E01026113,ALL,1
GP_PRAC_PAT_LIST,01/07/2026,C83001,HEART OF LINCOLN HEALTH GROUP,E01026121,ALL,1
GP_PRAC_PAT_LIST,01/07/2026,C83001,HEART OF LINCOLN HEALTH GROUP,E01026122,ALL,429
GP_PRAC_PAT_LIST,01/07/2026,C83001,HEART OF LINCOLN HEALTH GROUP,E01026123,ALL,226
GP_PRAC_PAT_LIST,01/07/2026,C83001,HEART OF LINCOLN HEALTH GROUP,E01026124,ALL,256
GP_PRAC_PAT_LIST,01/07/2026,C83001,HEART OF LINCOLN HEALTH GROUP,E01026125,ALL,90
GP_PRAC_PAT_LIST,01/07/2026,C83001,HEART OF LINCOLN HEALTH GROUP,E01026126,ALL,412
GP_PRAC_PAT_LIST,01/07/2026,C83001,HEART OF LINCOLN HEALTH GROUP,E01026127,ALL,42
GP_PRAC_PAT_LIST,01/07/2026,C83001,HEART OF LINCOLN HEALTH GROUP,E01026129,ALL,28
GP_PRAC_PAT_LIST,01/07/2026,C83001,HEART OF LINCOLN HEALTH GROUP,E01026130,ALL,33
GP_PRAC_PAT_LIST,01/07/2026,C83001,HEART OF LINCOLN HEALTH GROUP,E01026131,ALL,41
GP_PRAC_PAT_LIST,01/07/2026,C83001,HEART OF LINCOLN HEALTH GROUP,E01026132,ALL,2826
GP_PRAC_PAT_LIST,01/07/2026,C83001,HEART OF LINCOLN HEALTH GROUP,E01026134,ALL,916
GP_PRAC_PAT_LIST,01/07/2026,C83001,HEART OF LINCOLN HEALTH GROUP,E01026135,ALL,143
GP_PRAC_PAT_LIST,01/07/2026,C83001,HEART OF LINCOLN HEALTH GROUP,E01026136,ALL,137
GP_PRAC_PAT_LIST,01/07/2026,C83001,HEART OF LINCOLN HEALTH GROUP,E01026137,ALL,177
GP_PRAC_PAT_LIST,01/07/2026,C83001,HEART OF LINCOLN HEALTH GROUP,E01026138,ALL,162
GP_PRAC_PAT_LIST,01/07/2026,C83001,HEART OF LINCOLN HEALTH GROUP,E01026139,ALL,496
GP_PRAC_PAT_LIST,01/07/2026,C83001,HEART OF LINCOLN HEALTH GROUP,E01026140,ALL,158
GP_PRAC_PAT_LIST,01/07/2026,C83001,HEART OF LINCOLN HEALTH GROUP,E01026141,ALL,837
GP_PRAC_PAT_LIST,01/07/2026,C83001,HEART OF LINCOLN HEALTH GROUP,E01026142,ALL,303
GP_PRAC_PAT_LIST,01/07/2026,C83001,HEART OF LINCOLN HEALTH GROUP,E01026144,ALL,530
GP_PRAC_PAT_LIST,01/07/2026,C83001,HEART OF LINCOLN HEALTH GROUP,E01026145,ALL,269
GP_PRAC_PAT_LIST,01/07/2026,C83001,HEART OF LINCOLN HEALTH GROUP,E01026146,ALL,798
GP_PRAC_PAT_LIST,01/07/2026,C83001,HEART OF LINCOLN HEALTH GROUP,E01026147,ALL,169
GP_PRAC_PAT_LIST,01/07/2026,C83001,HEART OF LINCOLN HEALTH GROUP,E01026148,ALL,126
GP_PRAC_PAT_LIST,01/07/2026,C83001,HEART OF LINCOLN HEALTH GROUP,E01026149,ALL,105
GP_PRAC_PAT_LIST,01/07/2026,C83001,HEART OF LINCOLN HEALTH GROUP,E01026150,ALL,127
GP_PRAC_PAT_LIST,01/07/2026,C83001,HEART OF LINCOLN HEALTH GROUP,E01026151,ALL,101
GP_PRAC_PAT_LIST,01/07/2026,C83001,HEART OF LINCOLN HEALTH GROUP,E01026152,ALL,73
GP_PRAC_PAT_LIST,01/07/2026,C83001,HEART OF LINCOLN HEALTH GROUP,E01026153,ALL,72
GP_PRAC_PAT_LIST,01/07/2026,C83001,HEART OF LINCOLN HEALTH GROUP,E01026154,ALL,64
GP_PRAC_PAT_LIST,01/07/2026,C83001,HEART OF LINCOLN HEALTH GROUP,E01026155,ALL,23
GP_PRAC_PAT_LIST,01/07/2026,C83001,HEART OF LINCOLN HEALTH GROUP,E01026156,ALL,48
GP_PRAC_PAT_LIST,01/07/2026,C83001,HEART OF LINCOLN HEALTH GROUP,E01026157,ALL,53
GP_PRAC_PAT_LIST,01/07/2026,C83001,HEART OF LINCOLN HEALTH GROUP,E01026158,ALL,47
GP_PRAC_PAT_LIST,01/07/2026,C83001,HEART OF LINCOLN HEALTH GROUP,E01026159,ALL,57
GP_PRAC_PAT_LIST,01/07/2026,C83001,HEART OF LINCOLN HEALTH GROUP,E01026160,ALL,31
GP_PRAC_PAT_LIST,01/07/2026,C83001,HEART OF LINCOLN HEALTH GROUP,E01026161,ALL,130
GP_PRAC_PAT_LIST,01/07/2026,C83001,HEART OF LINCOLN HEALTH GROUP,E01026162,ALL,153
GP_PRAC_PAT_LIST,01/07/2026,C83001,HEART OF LINCOLN HEALTH GROUP,E01026163,ALL,69
GP_PRAC_PAT_LIST,01/07/2026,C83001,HEART OF LINCOLN HEALTH GROUP,E01026164,ALL,38
GP_PRAC_PAT_LIST,01/07/2026,C83001,HEART OF LINCOLN HEALTH GROUP,E01026165,ALL,62
GP_PRAC_PAT_LIST,01/07/2026,C83001,HEART OF LINCOLN HEALTH GROUP,E01026166,ALL,61
GP_PRAC_PAT_LIST,01/07/2026,C83001,HEART OF LINCOLN HEALTH GROUP,E01026167,ALL,117
GP_PRAC_PAT_LIST,01/07/2026,C83001,HEART OF LINCOLN HEALTH GROUP,E01026168,ALL,88
GP_PRAC_PAT_LIST,01/07/2026,C83001,HEART OF LINCOLN HEALTH GROUP,E01026169,ALL,664
GP_PRAC_PAT_LIST,01/07/2026,C83001,HEART OF LINCOLN HEALTH GROUP,E01026170,ALL,650
GP_PRAC_PAT_LIST,01/07/2026,C83001,HEART OF LINCOLN HEALTH GROUP,E01026171,ALL,574
GP_PRAC_PAT_LIST,01/07/2026,C83001,HEART OF LINCOLN HEALTH GROUP,E01026172,ALL,195
GP_PRAC_PAT_LIST,01/07/2026,C83001,HEART OF LINCOLN HEALTH GROUP,E01026173,ALL,205
GP_PRAC_PAT_LIST,01/07/2026,C83001,HEART OF LINCOLN HEALTH GROUP,E01026174,ALL,592
GP_PRAC_PAT_LIST,01/07/2026,C83001,HEART OF LINCOLN HEALTH GROUP,E01026175,ALL,830
GP_PRAC_PAT_LIST,01/07/2026,C83001,HEART OF LINCOLN HEALTH GROUP,E01026176,ALL,1889
GP_PRAC_PAT_LIST,01/07/2026,C83001,HEART OF LINCOLN HEALTH GROUP,E01026177,ALL,2182
GP_PRAC_PAT_LIST,01/07/2026,C83001,HEART OF LINCOLN HEALTH GROUP,E01026178,ALL,1387
GP_PRAC_PAT_LIST,01/07/2026,C83001,HEART OF LINCOLN HEALTH GROUP,E01026179,ALL,1
GP_PRAC_PAT_LIST,01/07/2026,C83001,HEART OF LINCOLN HEALTH GROUP,E01026180,ALL,6
GP_PRAC_PAT_LIST,01/07/2026,C83001,HEART OF LINCOLN HEALTH GROUP,E01026182,ALL,1
GP_PRAC_PAT_LIST,01/07/2026,C83001,HEART OF LINCOLN HEALTH GROUP,E01026183,ALL,1
GP_PRAC_PAT_LIST,01/07/2026,C83001,HEART OF LINCOLN HEALTH GROUP,E01026184,ALL,16
GP_PRAC_PAT_LIST,01/07/2026,C83001,HEART OF LINCOLN HEALTH GROUP,E01026185,ALL,28
GP_PRAC_PAT_LIST,01/07/2026,C83001,HEART OF LINCOLN HEALTH GROUP,E01026186,ALL,30
GP_PRAC_PAT_LIST,01/07/2026,C83001,HEART OF LINCOLN HEALTH GROUP,E01026187,ALL,35
GP_PRAC_PAT_LIST,01/07/2026,C83001,HEART OF LINCOLN HEALTH GROUP,E01026188,ALL,48
GP_PRAC_PAT_LIST,01/07/2026,C83001,HEART OF LINCOLN HEALTH GROUP,E01026189,ALL,5
GP_PRAC_PAT_LIST,01/07/2026,C83001,HEART OF LINCOLN HEALTH GROUP,E01026190,ALL,5
GP_PRAC_PAT_LIST,01/07/2026,C83001,HEART OF LINCOLN HEALTH GROUP,E01026191,ALL,12
GP_PRAC_PAT_LIST,01/07/2026,C83001,HEART OF LINCOLN HEALTH GROUP,E01026192,ALL,2
GP_PRAC_PAT_LIST,01/07/2026,C83001,HEART OF LINCOLN HEALTH GROUP,E01026193,ALL,2
GP_PRAC_PAT_LIST,01/07/2026,C83001,HEART OF LINCOLN HEALTH GROUP,E01026194,ALL,2
GP_PRAC_PAT_LIST,01/07/2026,C83001,HEART OF LINCOLN HEALTH GROUP,E01026195,ALL,5
GP_PRAC_PAT_LIST,01/07/2026,C83001,HEART OF LINCOLN HEALTH GROUP,E01026196,ALL,2
GP_PRAC_PAT_LIST,01/07/2026,C83001,HEART OF LINCOLN HEALTH GROUP,E01026199,ALL,22
GP_PRAC_PAT_LIST,01/07/2026,C83001,HEART OF LINCOLN HEALTH GROUP,E01026200,ALL,1
GP_PRAC_PAT_LIST,01/07/2026,C83001,HEART OF LINCOLN HEALTH GROUP,E01026203,ALL,36
GP_PRAC_PAT_LIST,01/07/2026,C83001,HEART OF LINCOLN HEALTH GROUP,E01026204,ALL,1
GP_PRAC_PAT_LIST,01/07/2026,C83001,HEART OF LINCOLN HEALTH GROUP,E01026205,ALL,3
GP_PRAC_PAT_LIST,01/07/2026,C83001,HEART OF LINCOLN HEALTH GROUP,E01026206,ALL,4
GP_PRAC_PAT_LIST,01/07/2026,C83001,HEART OF LINCOLN HEALTH GROUP,E01026210,ALL,2
GP_PRAC_PAT_LIST,01/07/2026,C83001,HEART OF LINCOLN HEALTH GROUP,E01026211,ALL,1
GP_PRAC_PAT_LIST,01/07/2026,C83001,HEART OF LINCOLN HEALTH GROUP,E01026212,ALL,6
GP_PRAC_PAT_LIST,01/07/2026,C83001,HEART OF LINCOLN HEALTH GROUP,E01026213,ALL,1
GP_PRAC_PAT_LIST,01/07/2026,C83001,HEART OF LINCOLN HEALTH GROUP,E01026214,ALL,221
GP_PRAC_PAT_LIST,01/07/2026,C83001,HEART OF LINCOLN HEALTH GROUP,E01026215,ALL,284
GP_PRAC_PAT_LIST,01/07/2026,C83001,HEART OF LINCOLN HEALTH GROUP,E01026218,ALL,87
GP_PRAC_PAT_LIST,01/07/2026,C83001,HEART OF LINCOLN HEALTH GROUP,E01026219,ALL,153
GP_PRAC_PAT_LIST,01/07/2026,C83001,HEART OF LINCOLN HEALTH GROUP,E01026220,ALL,300
GP_PRAC_PAT_LIST,01/07/2026,C83001,HEART OF LINCOLN HEALTH GROUP,E01026223,ALL,1
GP_PRAC_PAT_LIST,01/07/2026,C83001,HEART OF LINCOLN HEALTH GROUP,E01026225,ALL,23
GP_PRAC_PAT_LIST,01/07/2026,C83001,HEART OF LINCOLN HEALTH GROUP,E01026226,ALL,12
GP_PRAC_PAT_LIST,01/07/2026,C83001,HEART OF LINCOLN HEALTH GROUP,E01026227,ALL,1
GP_PRAC_PAT_LIST,01/07/2026,C83001,HEART OF LINCOLN HEALTH GROUP,E01026229,ALL,1
GP_PRAC_PAT_LIST,01/07/2026,C83001,HEART OF LINCOLN HEALTH GROUP,E01026232,ALL,1
GP_PRAC_PAT_LIST,01/07/2026,C83001,HEART OF LINCOLN HEALTH GROUP,E01026237,ALL,91
GP_PRAC_PAT_LIST,01/07/2026,C83001,HEART OF LINCOLN HEALTH GROUP,E01026238,ALL,81
GP_PRAC_PAT_LIST,01/07/2026,C83001,HEART OF LINCOLN HEALTH GROUP,E01026254,ALL,1
GP_PRAC_PAT_LIST,01/07/2026,C83001,HEART OF LINCOLN HEALTH GROUP,E01026262,ALL,1
GP_PRAC_PAT_LIST,01/07/2026,C83001,HEART OF LINCOLN HEALTH GROUP,E01026277,ALL,1
GP_PRAC_PAT_LIST,01/07/2026,C83001,HEART OF LINCOLN HEALTH GROUP,E01026282,ALL,1
GP_PRAC_PAT_LIST,01/07/2026,C83001,HEART OF LINCOLN HEALTH GROUP,E01026283,ALL,1
GP_PRAC_PAT_LIST,01/07/2026,C83001,HEART OF LINCOLN HEALTH GROUP,E01026300,ALL,1
GP_PRAC_PAT_LIST,01/07/2026,C83001,HEART OF LINCOLN HEALTH GROUP,E01026311,ALL,1
GP_PRAC_PAT_LIST,01/07/2026,C83001,HEART OF LINCOLN HEALTH GROUP,E01026313,ALL,1
GP_PRAC_PAT_LIST,01/07/2026,C83001,HEART OF LINCOLN HEALTH GROUP,E01026318,ALL,1
GP_PRAC_PAT_LIST,01/07/2026,C83001,HEART OF LINCOLN HEALTH GROUP,E01026324,ALL,1
GP_PRAC_PAT_LIST,01/07/2026,C83001,HEART OF LINCOLN HEALTH GROUP,E01026333,ALL,1
GP_PRAC_PAT_LIST,01/07/2026,C83001,HEART OF LINCOLN HEALTH GROUP,E01026360,ALL,1
GP_PRAC_PAT_LIST,01/07/2026,C83001,HEART OF LINCOLN HEALTH GROUP,E01026366,ALL,5
GP_PRAC_PAT_LIST,01/07/2026,C83001,HEART OF LINCOLN HEALTH GROUP,E01026368,ALL,1
GP_PRAC_PAT_LIST,01/07/2026,C83001,HEART OF LINCOLN HEALTH GROUP,E01026369,ALL,5
GP_PRAC_PAT_LIST,01/07/2026,C83001,HEART OF LINCOLN HEALTH GROUP,E01026370,ALL,22
GP_PRAC_PAT_LIST,01/07/2026,C83001,HEART OF LINCOLN HEALTH GROUP,E01026371,ALL,8
GP_PRAC_PAT_LIST,01/07/2026,C83001,HEART OF LINCOLN HEALTH GROUP,E01026372,ALL,5
GP_PRAC_PAT_LIST,01/07/2026,C83001,HEART OF LINCOLN HEALTH GROUP,E01026373,ALL,11
GP_PRAC_PAT_LIST,01/07/2026,C83001,HEART OF LINCOLN HEALTH GROUP,E01026374,ALL,1
GP_PRAC_PAT_LIST,01/07/2026,C83001,HEART OF LINCOLN HEALTH GROUP,E01026375,ALL,2
GP_PRAC_PAT_LIST,01/07/2026,C83001,HEART OF LINCOLN HEALTH GROUP,E01026376,ALL,1
GP_PRAC_PAT_LIST,01/07/2026,C83001,HEART OF LINCOLN HEALTH GROUP,E01026377,ALL,3
GP_PRAC_PAT_LIST,01/07/2026,C83001,HEART OF LINCOLN HEALTH GROUP,E01026380,ALL,1
GP_PRAC_PAT_LIST,01/07/2026,C83001,HEART OF LINCOLN HEALTH GROUP,E01026381,ALL,1
GP_PRAC_PAT_LIST,01/07/2026,C83001,HEART OF LINCOLN HEALTH GROUP,E01026382,ALL,3
GP_PRAC_PAT_LIST,01/07/2026,C83001,HEART OF LINCOLN HEALTH GROUP,E01026384,ALL,1
GP_PRAC_PAT_LIST,01/07/2026,C83001,HEART OF LINCOLN HEALTH GROUP,E01026385,ALL,1
GP_PRAC_PAT_LIST,01/07/2026,C83001,HEART OF LINCOLN HEALTH GROUP,E01026386,ALL,1
GP_PRAC_PAT_LIST,01/07/2026,C83001,HEART OF LINCOLN HEALTH GROUP,E01026387,ALL,1
GP_PRAC_PAT_LIST,01/07/2026,C83001,HEART OF LINCOLN HEALTH GROUP,E01026391,ALL,1
GP_PRAC_PAT_LIST,01/07/2026,C83001,HEART OF LINCOLN HEALTH GROUP,E01026393,ALL,5
GP_PRAC_PAT_LIST,01/07/2026,C83001,HEART OF LINCOLN HEALTH GROUP,E01026394,ALL,54
GP_PRAC_PAT_LIST,01/07/2026,C83001,HEART OF LINCOLN HEALTH GROUP,E01026395,ALL,3
GP_PRAC_PAT_LIST,01/07/2026,C83001,HEART OF LINCOLN HEALTH GROUP,E01026398,ALL,13
GP_PRAC_PAT_LIST,01/07/2026,C83001,HEART OF LINCOLN HEALTH GROUP,E01026399,ALL,1
GP_PRAC_PAT_LIST,01/07/2026,C83001,HEART OF LINCOLN HEALTH GROUP,E01026400,ALL,8
GP_PRAC_PAT_LIST,01/07/2026,C83001,HEART OF LINCOLN HEALTH GROUP,E01026401,ALL,1
GP_PRAC_PAT_LIST,01/07/2026,C83001,HEART OF LINCOLN HEALTH GROUP,E01026402,ALL,1
GP_PRAC_PAT_LIST,01/07/2026,C83001,HEART OF LINCOLN HEALTH GROUP,E01026404,ALL,1
GP_PRAC_PAT_LIST,01/07/2026,C83001,HEART OF LINCOLN HEALTH GROUP,E01026405,ALL,1
GP_PRAC_PAT_LIST,01/07/2026,C83001,HEART OF LINCOLN HEALTH GROUP,E01026406,ALL,3
GP_PRAC_PAT_LIST,01/07/2026,C83001,HEART OF LINCOLN HEALTH GROUP,E01026409,ALL,2
GP_PRAC_PAT_LIST,01/07/2026,C83001,HEART OF LINCOLN HEALTH GROUP,E01026411,ALL,1
GP_PRAC_PAT_LIST,01/07/2026,C83001,HEART OF LINCOLN HEALTH GROUP,E01026412,ALL,5
GP_PRAC_PAT_LIST,01/07/2026,C83001,HEART OF LINCOLN HEALTH GROUP,E01026414,ALL,2
GP_PRAC_PAT_LIST,01/07/2026,C83001,HEART OF LINCOLN HEALTH GROUP,E01026467,ALL,1
GP_PRAC_PAT_LIST,01/07/2026,C83001,HEART OF LINCOLN HEALTH GROUP,E01026470,ALL,1
GP_PRAC_PAT_LIST,01/07/2026,C83001,HEART OF LINCOLN HEALTH GROUP,E01026484,ALL,1
GP_PRAC_PAT_LIST,01/07/2026,C83001,HEART OF LINCOLN HEALTH GROUP,E01026522,ALL,1
GP_PRAC_PAT_LIST,01/07/2026,C83001,HEART OF LINCOLN HEALTH GROUP,E01026525,ALL,1
GP_PRAC_PAT_LIST,01/07/2026,C83001,HEART OF LINCOLN HEALTH GROUP,E01026574,ALL,1
GP_PRAC_PAT_LIST,01/07/2026,C83001,HEART OF LINCOLN HEALTH GROUP,E01026578,ALL,1
GP_PRAC_PAT_LIST,01/07/2026,C83001,HEART OF LINCOLN HEALTH GROUP,E01026605,ALL,1
GP_PRAC_PAT_LIST,01/07/2026,C83001,HEART OF LINCOLN HEALTH GROUP,E01026625,ALL,1
GP_PRAC_PAT_LIST,01/07/2026,C83001,HEART OF LINCOLN HEALTH GROUP,E01026694,ALL,1
GP_PRAC_PAT_LIST,01/07/2026,C83001,HEART OF LINCOLN HEALTH GROUP,E01026701,ALL,1
GP_PRAC_PAT_LIST,01/07/2026,C83001,HEART OF LINCOLN HEALTH GROUP,E01026716,ALL,1
GP_PRAC_PAT_LIST,01/07/2026,C83001,HEART OF LINCOLN HEALTH GROUP,E01026744,ALL,1
GP_PRAC_PAT_LIST,01/07/2026,C83001,HEART OF LINCOLN HEALTH GROUP,E01026745,ALL,1
GP_PRAC_PAT_LIST,01/07/2026,C83001,HEART OF LINCOLN HEALTH GROUP,E01026786,ALL,1
GP_PRAC_PAT_LIST,01/07/2026,C83001,HEART OF LINCOLN HEALTH GROUP,E01026791,ALL,1
GP_PRAC_PAT_LIST,01/07/2026,C83001,HEART OF LINCOLN HEALTH GROUP,E01026869,ALL,1
GP_PRAC_PAT_LIST,01/07/2026,C83001,HEART OF LINCOLN HEALTH GROUP,E01026878,ALL,1
GP_PRAC_PAT_LIST,01/07/2026,C83001,HEART OF LINCOLN HEALTH GROUP,E01026892,ALL,1
GP_PRAC_PAT_LIST,01/07/2026,C83001,HEART OF LINCOLN HEALTH GROUP,E01026955,ALL,2
GP_PRAC_PAT_LIST,01/07/2026,C83001,HEART OF LINCOLN HEALTH GROUP,E01027023,ALL,1
GP_PRAC_PAT_LIST,01/07/2026,C83001,HEART OF LINCOLN HEALTH GROUP,E01027031,ALL,2
GP_PRAC_PAT_LIST,01/07/2026,C83001,HEART OF LINCOLN HEALTH GROUP,E01027035,ALL,1
GP_PRAC_PAT_LIST,01/07/2026,C83001,HEART OF LINCOLN HEALTH GROUP,E01027052,ALL,1
GP_PRAC_PAT_LIST,01/07/2026,C83001,HEART OF LINCOLN HEALTH GROUP,E01027097,ALL,1
GP_PRAC_PAT_LIST,01/07/2026,C83001,HEART OF LINCOLN HEALTH GROUP,E01027156,ALL,1
GP_PRAC_PAT_LIST,01/07/2026,C83001,HEART OF LINCOLN HEALTH GROUP,E01027261,ALL,1
GP_PRAC_PAT_LIST,01/07/2026,C83001,HEART OF LINCOLN HEALTH GROUP,E01027295,ALL,1
GP_PRAC_PAT_LIST,01/07/2026,C83001,HEART OF LINCOLN HEALTH GROUP,E01027300,ALL,1
GP_PRAC_PAT_LIST,01/07/2026,C83001,HEART OF LINCOLN HEALTH GROUP,E01027343,ALL,1
GP_PRAC_PAT_LIST,01/07/2026,C83001,HEART OF LINCOLN HEALTH GROUP,E01027460,ALL,1
GP_PRAC_PAT_LIST,01/07/2026,C83001,HEART OF LINCOLN HEALTH GROUP,E01027626,ALL,1
GP_PRAC_PAT_LIST,01/07/2026,C83001,HEART OF LINCOLN HEALTH GROUP,E01027816,ALL,1
GP_PRAC_PAT_LIST,01/07/2026,C83001,HEART OF LINCOLN HEALTH GROUP,E01027837,ALL,1
GP_PRAC_PAT_LIST,01/07/2026,C83001,HEART OF LINCOLN HEALTH GROUP,E01027839,ALL,1
GP_PRAC_PAT_LIST,01/07/2026,C83001,HEART OF LINCOLN HEALTH GROUP,E01027894,ALL,1
GP_PRAC_PAT_LIST,01/07/2026,C83001,HEART OF LINCOLN HEALTH GROUP,E01027906,ALL,1
GP_PRAC_PAT_LIST,01/07/2026,C83001,HEART OF LINCOLN HEALTH GROUP,E01027933,ALL,1
GP_PRAC_PAT_LIST,01/07/2026,C83001,HEART OF LINCOLN HEALTH GROUP,E01027942,ALL,1
GP_PRAC_PAT_LIST,01/07/2026,C83001,HEART OF LINCOLN HEALTH GROUP,E01027974,ALL,1
GP_PRAC_PAT_LIST,01/07/2026,C83001,HEART OF LINCOLN HEALTH GROUP,E01028002,ALL,1
GP_PRAC_PAT_LIST,01/07/2026,C83001,HEART OF LINCOLN HEALTH GROUP,E01028039,ALL,3
GP_PRAC_PAT_LIST,01/07/2026,C83001,HEART OF LINCOLN HEALTH GROUP,E01028106,ALL,1
GP_PRAC_PAT_LIST,01/07/2026,C83001,HEART OF LINCOLN HEALTH GROUP,E01028139,ALL,1
GP_PRAC_PAT_LIST,01/07/2026,C83001,HEART OF LINCOLN HEALTH GROUP,E01028185,ALL,1
GP_PRAC_PAT_LIST,01/07/2026,C83001,HEART OF LINCOLN HEALTH GROUP,E01028283,ALL,1
GP_PRAC_PAT_LIST,01/07/2026,C83001,HEART OF LINCOLN HEALTH GROUP,E01028290,ALL,1
GP_PRAC_PAT_LIST,01/07/2026,C83001,HEART OF LINCOLN HEALTH GROUP,E01028294,ALL,1
GP_PRAC_PAT_LIST,01/07/2026,C83001,HEART OF LINCOLN HEALTH GROUP,E01028310,ALL,1
GP_PRAC_PAT_LIST,01/07/2026,C83001,HEART OF LINCOLN HEALTH GROUP,E01028312,ALL,1
GP_PRAC_PAT_LIST,01/07/2026,C83001,HEART OF LINCOLN HEALTH GROUP,E01028348,ALL,1
GP_PRAC_PAT_LIST,01/07/2026,C83001,HEART OF LINCOLN HEALTH GROUP,E01028371,ALL,1
GP_PRAC_PAT_LIST,01/07/2026,C83001,HEART OF LINCOLN HEALTH GROUP,E01028415,ALL,1
GP_PRAC_PAT_LIST,01/07/2026,C83001,HEART OF LINCOLN HEALTH GROUP,E01028443,ALL,1
GP_PRAC_PAT_LIST,01/07/2026,C83001,HEART OF LINCOLN HEALTH GROUP,E01028496,ALL,1
GP_PRAC_PAT_LIST,01/07/2026,C83001,HEART OF LINCOLN HEALTH GROUP,E01028503,ALL,1
GP_PRAC_PAT_LIST,01/07/2026,C83001,HEART OF LINCOLN HEALTH GROUP,E01028609,ALL,1
GP_PRAC_PAT_LIST,01/07/2026,C83001,HEART OF LINCOLN HEALTH GROUP,E01028610,ALL,1
GP_PRAC_PAT_LIST,01/07/2026,C83001,HEART OF LINCOLN HEALTH GROUP,E01028837,ALL,1
GP_PRAC_PAT_LIST,01/07/2026,C83001,HEART OF LINCOLN HEALTH GROUP,E01028943,ALL,1
GP_PRAC_PAT_LIST,01/07/2026,C83001,HEART OF LINCOLN HEALTH GROUP,E01029203,ALL,1
GP_PRAC_PAT_LIST,01/07/2026,C83001,HEART OF LINCOLN HEALTH GROUP,E01029475,ALL,1
GP_PRAC_PAT_LIST,01/07/2026,C83001,HEART OF LINCOLN HEALTH GROUP,E01029501,ALL,1
GP_PRAC_PAT_LIST,01/07/2026,C83001,HEART OF LINCOLN HEALTH GROUP,E01029743,ALL,1
GP_PRAC_PAT_LIST,01/07/2026,C83001,HEART OF LINCOLN HEALTH GROUP,E01029745,ALL,1
GP_PRAC_PAT_LIST,01/07/2026,C83001,HEART OF LINCOLN HEALTH GROUP,E01029885,ALL,1
GP_PRAC_PAT_LIST,01/07/2026,C83001,HEART OF LINCOLN HEALTH GROUP,E01029897,ALL,2
GP_PRAC_PAT_LIST,01/07/2026,C83001,HEART OF LINCOLN HEALTH GROUP,E01029939,ALL,1
GP_PRAC_PAT_LIST,01/07/2026,C83001,HEART OF LINCOLN HEALTH GROUP,E01030000,ALL,1
GP_PRAC_PAT_LIST,01/07/2026,C83001,HEART OF LINCOLN HEALTH GROUP,E01030007,ALL,1
GP_PRAC_PAT_LIST,01/07/2026,C83001,HEART OF LINCOLN HEALTH GROUP,E01030037,ALL,1
GP_PRAC_PAT_LIST,01/07/2026,C83001,HEART OF LINCOLN HEALTH GROUP,E01030053,ALL,1
GP_PRAC_PAT_LIST,01/07/2026,C83001,HEART OF LINCOLN HEALTH GROUP,E01030058,ALL,1
GP_PRAC_PAT_LIST,01/07/2026,C83001,HEART OF LINCOLN HEALTH GROUP,E01030064,ALL,1
GP_PRAC_PAT_LIST,01/07/2026,C83001,HEART OF LINCOLN HEALTH GROUP,E01030088,ALL,1
GP_PRAC_PAT_LIST,01/07/2026,C83001,HEART OF LINCOLN HEALTH GROUP,E01030090,ALL,1
GP_PRAC_PAT_LIST,01/07/2026,C83001,HEART OF LINCOLN HEALTH GROUP,E01030121,ALL,1
GP_PRAC_PAT_LIST,01/07/2026,C83001,HEART OF LINCOLN HEALTH GROUP,E01030127,ALL,1
GP_PRAC_PAT_LIST,01/07/2026,C83001,HEART OF LINCOLN HEALTH GROUP,E01030128,ALL,1
GP_PRAC_PAT_LIST,01/07/2026,C83001,HEART OF LINCOLN HEALTH GROUP,E01030206,ALL,1
GP_PRAC_PAT_LIST,01/07/2026,C83001,HEART OF LINCOLN HEALTH GROUP,E01030256,ALL,1
GP_PRAC_PAT_LIST,01/07/2026,C83001,HEART OF LINCOLN HEALTH GROUP,E01030275,ALL,2
GP_PRAC_PAT_LIST,01/07/2026,C83001,HEART OF LINCOLN HEALTH GROUP,E01030279,ALL,1
GP_PRAC_PAT_LIST,01/07/2026,C83001,HEART OF LINCOLN HEALTH GROUP,E01030291,ALL,1
GP_PRAC_PAT_LIST,01/07/2026,C83001,HEART OF LINCOLN HEALTH GROUP,E01030305,ALL,1
GP_PRAC_PAT_LIST,01/07/2026,C83001,HEART OF LINCOLN HEALTH GROUP,E01030457,ALL,1
GP_PRAC_PAT_LIST,01/07/2026,C83001,HEART OF LINCOLN HEALTH GROUP,E01030502,ALL,1
GP_PRAC_PAT_LIST,01/07/2026,C83001,HEART OF LINCOLN HEALTH GROUP,E01030582,ALL,1
GP_PRAC_PAT_LIST,01/07/2026,C83001,HEART OF LINCOLN HEALTH GROUP,E01030714,ALL,1
GP_PRAC_PAT_LIST,01/07/2026,C83001,HEART OF LINCOLN HEALTH GROUP,E01030800,ALL,1
GP_PRAC_PAT_LIST,01/07/2026,C83001,HEART OF LINCOLN HEALTH GROUP,E01031011,ALL,1
GP_PRAC_PAT_LIST,01/07/2026,C83001,HEART OF LINCOLN HEALTH GROUP,E01031016,ALL,1
GP_PRAC_PAT_LIST,01/07/2026,C83001,HEART OF LINCOLN HEALTH GROUP,E01031114,ALL,1
GP_PRAC_PAT_LIST,01/07/2026,C83001,HEART OF LINCOLN HEALTH GROUP,E01031159,ALL,1
GP_PRAC_PAT_LIST,01/07/2026,C83001,HEART OF LINCOLN HEALTH GROUP,E01031181,ALL,1
GP_PRAC_PAT_LIST,01/07/2026,C83001,HEART OF LINCOLN HEALTH GROUP,E01031220,ALL,1
GP_PRAC_PAT_LIST,01/07/2026,C83001,HEART OF LINCOLN HEALTH GROUP,E01031333,ALL,1
GP_PRAC_PAT_LIST,01/07/2026,C83001,HEART OF LINCOLN HEALTH GROUP,E01031337,ALL,1
GP_PRAC_PAT_LIST,01/07/2026,C83001,HEART OF LINCOLN HEALTH GROUP,E01031420,ALL,1
GP_PRAC_PAT_LIST,01/07/2026,C83001,HEART OF LINCOLN HEALTH GROUP,E01031430,ALL,1
GP_PRAC_PAT_LIST,01/07/2026,C83001,HEART OF LINCOLN HEALTH GROUP,E01031575,ALL,1
GP_PRAC_PAT_LIST,01/07/2026,C83001,HEART OF LINCOLN HEALTH GROUP,E01032035,ALL,1
GP_PRAC_PAT_LIST,01/07/2026,C83001,HEART OF LINCOLN HEALTH GROUP,E01032148,ALL,1
GP_PRAC_PAT_LIST,01/07/2026,C83001,HEART OF LINCOLN HEALTH GROUP,E01032361,ALL,1
GP_PRAC_PAT_LIST,01/07/2026,C83001,HEART OF LINCOLN HEALTH GROUP,E01032536,ALL,1
GP_PRAC_PAT_LIST,01/07/2026,C83001,HEART OF LINCOLN HEALTH GROUP,E01032779,ALL,1
GP_PRAC_PAT_LIST,01/07/2026,C83001,HEART OF LINCOLN HEALTH GROUP,E01032988,ALL,122
GP_PRAC_PAT_LIST,01/07/2026,C83001,HEART OF LINCOLN HEALTH GROUP,E01032989,ALL,99
GP_PRAC_PAT_LIST,01/07/2026,C83001,HEART OF LINCOLN HEALTH GROUP,E01032991,ALL,293
GP_PRAC_PAT_LIST,01/07/2026,C83001,HEART OF LINCOLN HEALTH GROUP,E01032992,ALL,85
GP_PRAC_PAT_LIST,01/07/2026,C83001,HEART OF LINCOLN HEALTH GROUP,E01032993,ALL,158
GP_PRAC_PAT_LIST,01/07/2026,C83001,HEART OF LINCOLN HEALTH GROUP,E01032994,ALL,41
GP_PRAC_PAT_LIST,01/07/2026,C83001,HEART OF LINCOLN HEALTH GROUP,E01033037,ALL,1
GP_PRAC_PAT_LIST,01/07/2026,C83001,HEART OF LINCOLN HEALTH GROUP,E01033104,ALL,1
GP_PRAC_PAT_LIST,01/07/2026,C83001,HEART OF LINCOLN HEALTH GROUP,E01033114,ALL,1
GP_PRAC_PAT_LIST,01/07/2026,C83001,HEART OF LINCOLN HEALTH GROUP,E01033263,ALL,1
GP_PRAC_PAT_LIST,01/07/2026,C83001,HEART OF LINCOLN HEALTH GROUP,E01033329,ALL,1
GP_PRAC_PAT_LIST,01/07/2026,C83001,HEART OF LINCOLN HEALTH GROUP,E01033392,ALL,1
GP_PRAC_PAT_LIST,01/07/2026,C83001,HEART OF LINCOLN HEALTH GROUP,E01033520,ALL,1
GP_PRAC_PAT_LIST,01/07/2026,C83001,HEART OF LINCOLN HEALTH GROUP,E01033550,ALL,1
GP_PRAC_PAT_LIST,01/07/2026,C83001,HEART OF LINCOLN HEALTH GROUP,E01033653,ALL,1
GP_PRAC_PAT_LIST,01/07/2026,C83001,HEART OF LINCOLN HEALTH GROUP,E01033870,ALL,1
GP_PRAC_PAT_LIST,01/07/2026,C83001,HEART OF LINCOLN HEALTH GROUP,E01033989,ALL,1
GP_PRAC_PAT_LIST,01/07/2026,C83001,HEART OF LINCOLN HEALTH GROUP,E01034129,ALL,1
GP_PRAC_PAT_LIST,01/07/2026,C83001,HEART OF LINCOLN HEALTH GROUP,E01034217,ALL,1
GP_PRAC_PAT_LIST,01/07/2026,C83001,HEART OF LINCOLN HEALTH GROUP,E01034239,ALL,1
GP_PRAC_PAT_LIST,01/07/2026,C83001,HEART OF LINCOLN HEALTH GROUP,E01034247,ALL,1
GP_PRAC_PAT_LIST,01/07/2026,C83001,HEART OF LINCOLN HEALTH GROUP,E01034385,ALL,1
GP_PRAC_PAT_LIST,01/07/2026,C83001,HEART OF LINCOLN HEALTH GROUP,E01034617,ALL,1
GP_PRAC_PAT_LIST,01/07/2026,C83001,HEART OF LINCOLN HEALTH GROUP,E01034682,ALL,1
GP_PRAC_PAT_LIST,01/07/2026,C83001,HEART OF LINCOLN HEALTH GROUP,E01034685,ALL,1
GP_PRAC_PAT_LIST,01/07/2026,C83001,HEART OF LINCOLN HEALTH GROUP,E01034687,ALL,280
GP_PRAC_PAT_LIST,01/07/2026,C83001,HEART OF LINCOLN HEALTH GROUP,E01034688,ALL,564
GP_PRAC_PAT_LIST,01/07/2026,C83001,HEART OF LINCOLN HEALTH GROUP,E01034689,ALL,32
GP_PRAC_PAT_LIST,01/07/2026,C83001,HEART OF LINCOLN HEALTH GROUP,E01034690,ALL,42
GP_PRAC_PAT_LIST,01/07/2026,C83001,HEART OF LINCOLN HEALTH GROUP,E01034691,ALL,1475
GP_PRAC_PAT_LIST,01/07/2026,C83001,HEART OF LINCOLN HEALTH GROUP,E01034692,ALL,823
GP_PRAC_PAT_LIST,01/07/2026,C83001,HEART OF LINCOLN HEALTH GROUP,E01034693,ALL,18
GP_PRAC_PAT_LIST,01/07/2026,C83001,HEART OF LINCOLN HEALTH GROUP,E01034694,ALL,8
GP_PRAC_PAT_LIST,01/07/2026,C83001,HEART OF LINCOLN HEALTH GROUP,E01034706,ALL,10
GP_PRAC_PAT_LIST,01/07/2026,C83001,HEART OF LINCOLN HEALTH GROUP,E01034707,ALL,10
GP_PRAC_PAT_LIST,01/07/2026,C83001,HEART OF LINCOLN HEALTH GROUP,E01034743,ALL,1
GP_PRAC_PAT_LIST,01/07/2026,C83001,HEART OF LINCOLN HEALTH GROUP,E01034999,ALL,1
GP_PRAC_PAT_LIST,01/07/2026,C83001,HEART OF LINCOLN HEALTH GROUP,E01035086,ALL,1
GP_PRAC_PAT_LIST,01/07/2026,C83001,HEART OF LINCOLN HEALTH GROUP,E01035103,ALL,1
GP_PRAC_PAT_LIST,01/07/2026,C83001,HEART OF LINCOLN HEALTH GROUP,E01035149,ALL,1
GP_PRAC_PAT_LIST,01/07/2026,C83001,HEART OF LINCOLN HEALTH GROUP,E01035324,ALL,1
GP_PRAC_PAT_LIST,01/07/2026,C83001,HEART OF LINCOLN HEALTH GROUP,E01035403,ALL,1
GP_PRAC_PAT_LIST,01/07/2026,C83001,HEART OF LINCOLN HEALTH GROUP,E01035440,ALL,1
GP_PRAC_PAT_LIST,01/07/2026,C83001,HEART OF LINCOLN HEALTH GROUP,E01035478,ALL,1
GP_PRAC_PAT_LIST,01/07/2026,C83001,HEART OF LINCOLN HEALTH GROUP,E01035479,ALL,1
GP_PRAC_PAT_LIST,01/07/2026,C83001,HEART OF LINCOLN HEALTH GROUP,E01035485,ALL,1
GP_PRAC_PAT_LIST,01/07/2026,C83001,HEART OF LINCOLN HEALTH GROUP,E01035547,ALL,1
GP_PRAC_PAT_LIST,01/07/2026,C83001,HEART OF LINCOLN HEALTH GROUP,E01035558,ALL,1
GP_PRAC_PAT_LIST,01/07/2026,C83001,HEART OF LINCOLN HEALTH GROUP,E01035593,ALL,1
GP_PRAC_PAT_LIST,01/07/2026,C83001,HEART OF LINCOLN HEALTH GROUP,E01035737,ALL,1
GP_PRAC_PAT_LIST,01/07/2026,C83001,HEART OF LINCOLN HEALTH GROUP,EMPTY,ALL,28
GP_PRAC_PAT_LIST,01/07/2026,C83001,HEART OF LINCOLN HEALTH GROUP,S01017383,ALL,1
GP_PRAC_PAT_LIST,01/07/2026,C83001,HEART OF LINCOLN HEALTH GROUP,S01018173,ALL,1
GP_PRAC_PAT_LIST,01/07/2026,C83001,HEART OF LINCOLN HEALTH GROUP,W01000489,ALL,1
GP_PRAC_PAT_LIST,01/07/2026,C83002,NAVENBY CLIFF VILLAGES SURGERY,CLOSED,ALL,1
GP_PRAC_PAT_LIST,01/07/2026,C83002,NAVENBY CLIFF VILLAGES SURGERY,E01001418,ALL,1
GP_PRAC_PAT_LIST,01/07/2026,C83002,NAVENBY CLIFF VILLAGES SURGERY,E01007863,ALL,1
GP_PRAC_PAT_LIST,01/07/2026,C83002,NAVENBY CLIFF VILLAGES SURGERY,E01015661,ALL,1
GP_PRAC_PAT_LIST,01/07/2026,C83002,NAVENBY CLIFF VILLAGES SURGERY,E01019834,ALL,1
GP_PRAC_PAT_LIST,01/07/2026,C83002,NAVENBY CLIFF VILLAGES SURGERY,E01023066,ALL,1
GP_PRAC_PAT_LIST,01/07/2026,C83002,NAVENBY CLIFF VILLAGES SURGERY,E01024230,ALL,1
GP_PRAC_PAT_LIST,01/07/2026,C83002,NAVENBY CLIFF VILLAGES SURGERY,E01025887,ALL,1
GP_PRAC_PAT_LIST,01/07/2026,C83002,NAVENBY CLIFF VILLAGES SURGERY,E01025899,ALL,1
GP_PRAC_PAT_LIST,01/07/2026,C83002,NAVENBY CLIFF VILLAGES SURGERY,E01026111,ALL,1
GP_PRAC_PAT_LIST,01/07/2026,C83002,NAVENBY CLIFF VILLAGES SURGERY,E01026125,ALL,1
GP_PRAC_PAT_LIST,01/07/2026,C83002,NAVENBY CLIFF VILLAGES SURGERY,E01026134,ALL,1
GP_PRAC_PAT_LIST,01/07/2026,C83002,NAVENBY CLIFF VILLAGES SURGERY,E01026135,ALL,1
GP_PRAC_PAT_LIST,01/07/2026,C83002,NAVENBY CLIFF VILLAGES SURGERY,E01026137,ALL,7
GP_PRAC_PAT_LIST,01/07/2026,C83002,NAVENBY CLIFF VILLAGES SURGERY,E01026138,ALL,1
GP_PRAC_PAT_LIST,01/07/2026,C83002,NAVENBY CLIFF VILLAGES SURGERY,E01026140,ALL,5
GP_PRAC_PAT_LIST,01/07/2026,C83002,NAVENBY CLIFF VILLAGES SURGERY,E01026142,ALL,2
GP_PRAC_PAT_LIST,01/07/2026,C83002,NAVENBY CLIFF VILLAGES SURGERY,E01026159,ALL,1
GP_PRAC_PAT_LIST,01/07/2026,C83002,NAVENBY CLIFF VILLAGES SURGERY,E01026161,ALL,1
GP_PRAC_PAT_LIST,01/07/2026,C83002,NAVENBY CLIFF VILLAGES SURGERY,E01026175,ALL,2
GP_PRAC_PAT_LIST,01/07/2026,C83002,NAVENBY CLIFF VILLAGES SURGERY,E01026179,ALL,4
GP_PRAC_PAT_LIST,01/07/2026,C83002,NAVENBY CLIFF VILLAGES SURGERY,E01026180,ALL,4
GP_PRAC_PAT_LIST,01/07/2026,C83002,NAVENBY CLIFF VILLAGES SURGERY,E01026182,ALL,2
GP_PRAC_PAT_LIST,01/07/2026,C83002,NAVENBY CLIFF VILLAGES SURGERY,E01026184,ALL,1253
GP_PRAC_PAT_LIST,01/07/2026,C83002,NAVENBY CLIFF VILLAGES SURGERY,E01026185,ALL,1899
GP_PRAC_PAT_LIST,01/07/2026,C83002,NAVENBY CLIFF VILLAGES SURGERY,E01026186,ALL,163
GP_PRAC_PAT_LIST,01/07/2026,C83002,NAVENBY CLIFF VILLAGES SURGERY,E01026187,ALL,121
GP_PRAC_PAT_LIST,01/07/2026,C83002,NAVENBY CLIFF VILLAGES SURGERY,E01026188,ALL,137
GP_PRAC_PAT_LIST,01/07/2026,C83002,NAVENBY CLIFF VILLAGES SURGERY,E01026190,ALL,7
GP_PRAC_PAT_LIST,01/07/2026,C83002,NAVENBY CLIFF VILLAGES SURGERY,E01026192,ALL,7
GP_PRAC_PAT_LIST,01/07/2026,C83002,NAVENBY CLIFF VILLAGES SURGERY,E01026193,ALL,2
GP_PRAC_PAT_LIST,01/07/2026,C83002,NAVENBY CLIFF VILLAGES SURGERY,E01026194,ALL,1956
GP_PRAC_PAT_LIST,01/07/2026,C83002,NAVENBY CLIFF VILLAGES SURGERY,E01026195,ALL,1543
GP_PRAC_PAT_LIST,01/07/2026,C83002,NAVENBY CLIFF VILLAGES SURGERY,E01026196,ALL,746
GP_PRAC_PAT_LIST,01/07/2026,C83002,NAVENBY CLIFF VILLAGES SURGERY,E01026197,ALL,82
GP_PRAC_PAT_LIST,01/07/2026,C83002,NAVENBY CLIFF VILLAGES SURGERY,E01026203,ALL,13
GP_PRAC_PAT_LIST,01/07/2026,C83002,NAVENBY CLIFF VILLAGES SURGERY,E01026206,ALL,2
GP_PRAC_PAT_LIST,01/07/2026,C83002,NAVENBY CLIFF VILLAGES SURGERY,E01026210,ALL,19
GP_PRAC_PAT_LIST,01/07/2026,C83002,NAVENBY CLIFF VILLAGES SURGERY,E01026211,ALL,4
GP_PRAC_PAT_LIST,01/07/2026,C83002,NAVENBY CLIFF VILLAGES SURGERY,E01026219,ALL,1
GP_PRAC_PAT_LIST,01/07/2026,C83002,NAVENBY CLIFF VILLAGES SURGERY,E01026231,ALL,1
GP_PRAC_PAT_LIST,01/07/2026,C83002,NAVENBY CLIFF VILLAGES SURGERY,E01026237,ALL,33
GP_PRAC_PAT_LIST,01/07/2026,C83002,NAVENBY CLIFF VILLAGES SURGERY,E01026238,ALL,432
GP_PRAC_PAT_LIST,01/07/2026,C83002,NAVENBY CLIFF VILLAGES SURGERY,E01026329,ALL,10
GP_PRAC_PAT_LIST,01/07/2026,C83002,NAVENBY CLIFF VILLAGES SURGERY,E01026349,ALL,1
GP_PRAC_PAT_LIST,01/07/2026,C83002,NAVENBY CLIFF VILLAGES SURGERY,E01026373,ALL,1
GP_PRAC_PAT_LIST,01/07/2026,C83002,NAVENBY CLIFF VILLAGES SURGERY,E01026392,ALL,1
GP_PRAC_PAT_LIST,01/07/2026,C83002,NAVENBY CLIFF VILLAGES SURGERY,E01026395,ALL,1
GP_PRAC_PAT_LIST,01/07/2026,C83002,NAVENBY CLIFF VILLAGES SURGERY,E01026400,ALL,1
GP_PRAC_PAT_LIST,01/07/2026,C83002,NAVENBY CLIFF VILLAGES SURGERY,E01028316,ALL,1
GP_PRAC_PAT_LIST,01/07/2026,C83002,NAVENBY CLIFF VILLAGES SURGERY,E01028317,ALL,1
GP_PRAC_PAT_LIST,01/07/2026,C83002,NAVENBY CLIFF VILLAGES SURGERY,E01028601,ALL,1
GP_PRAC_PAT_LIST,01/07/2026,C83002,NAVENBY CLIFF VILLAGES SURGERY,E01032953,ALL,1
GP_PRAC_PAT_LIST,01/07/2026,C83002,NAVENBY CLIFF VILLAGES SURGERY,E01032992,ALL,1
GP_PRAC_PAT_LIST,01/07/2026,C83002,NAVENBY CLIFF VILLAGES SURGERY,E01032994,ALL,1
GP_PRAC_PAT_LIST,01/07/2026,C83002,NAVENBY CLIFF VILLAGES SURGERY,E01034691,ALL,1
GP_PRAC_PAT_LIST,01/07/2026,C83002,NAVENBY CLIFF VILLAGES SURGERY,E01034693,ALL,2
GP_PRAC_PAT_LIST,01/07/2026,C83002,NAVENBY CLIFF VILLAGES SURGERY,EMPTY,ALL,5
GP_PRAC_PAT_LIST,01/07/2026,C83002,NAVENBY CLIFF VILLAGES SURGERY,S01017132,ALL,1
GP_PRAC_PAT_LIST,01/07/2026,C83003,BEECHFIELD MEDICAL CENTRE,CLOSED,ALL,8
GP_PRAC_PAT_LIST,01/07/2026,C83003,BEECHFIELD MEDICAL CENTRE,E01001597,ALL,1
GP_PRAC_PAT_LIST,01/07/2026,C83003,BEECHFIELD MEDICAL CENTRE,E01002444,ALL,1
GP_PRAC_PAT_LIST,01/07/2026,C83003,BEECHFIELD MEDICAL CENTRE,E01002876,ALL,1
GP_PRAC_PAT_LIST,01/07/2026,C83003,BEECHFIELD MEDICAL CENTRE,E01004622,ALL,2
GP_PRAC_PAT_LIST,01/07/2026,C83003,BEECHFIELD MEDICAL CENTRE,E01006836,ALL,1
GP_PRAC_PAT_LIST,01/07/2026,C83003,BEECHFIELD MEDICAL CENTRE,E01007561,ALL,1
GP_PRAC_PAT_LIST,01/07/2026,C83003,BEECHFIELD MEDICAL CENTRE,E01007915,ALL,1
GP_PRAC_PAT_LIST,01/07/2026,C83003,BEECHFIELD MEDICAL CENTRE,E01013019,ALL,1
GP_PRAC_PAT_LIST,01/07/2026,C83003,BEECHFIELD MEDICAL CENTRE,E01015244,ALL,1
GP_PRAC_PAT_LIST,01/07/2026,C83003,BEECHFIELD MEDICAL CENTRE,E01015624,ALL,1
GP_PRAC_PAT_LIST,01/07/2026,C83003,BEECHFIELD MEDICAL CENTRE,E01015632,ALL,1
GP_PRAC_PAT_LIST,01/07/2026,C83003,BEECHFIELD MEDICAL CENTRE,E01015658,ALL,1
GP_PRAC_PAT_LIST,01/07/2026,C83003,BEECHFIELD MEDICAL CENTRE,E01015661,ALL,1
GP_PRAC_PAT_LIST,01/07/2026,C83003,BEECHFIELD MEDICAL CENTRE,E01015679,ALL,1
GP_PRAC_PAT_LIST,01/07/2026,C83003,BEECHFIELD MEDICAL CENTRE,E01015749,ALL,1
GP_PRAC_PAT_LIST,01/07/2026,C83003,BEECHFIELD MEDICAL CENTRE,E01016332,ALL,1
GP_PRAC_PAT_LIST,01/07/2026,C83003,BEECHFIELD MEDICAL CENTRE,E01016540,ALL,1
GP_PRAC_PAT_LIST,01/07/2026,C83003,BEECHFIELD MEDICAL CENTRE,E01017478,ALL,1
GP_PRAC_PAT_LIST,01/07/2026,C83003,BEECHFIELD MEDICAL CENTRE,E01018075,ALL,1
GP_PRAC_PAT_LIST,01/07/2026,C83003,BEECHFIELD MEDICAL CENTRE,E01018138,ALL,1
GP_PRAC_PAT_LIST,01/07/2026,C83003,BEECHFIELD MEDICAL CENTRE,E01018192,ALL,1
GP_PRAC_PAT_LIST,01/07/2026,C83003,BEECHFIELD MEDICAL CENTRE,E01020588,ALL,1
GP_PRAC_PAT_LIST,01/07/2026,C83003,BEECHFIELD MEDICAL CENTRE,E01026017,ALL,2
GP_PRAC_PAT_LIST,01/07/2026,C83003,BEECHFIELD MEDICAL CENTRE,E01026019,ALL,1
GP_PRAC_PAT_LIST,01/07/2026,C83003,BEECHFIELD MEDICAL CENTRE,E01026020,ALL,1
GP_PRAC_PAT_LIST,01/07/2026,C83003,BEECHFIELD MEDICAL CENTRE,E01026025,ALL,1
GP_PRAC_PAT_LIST,01/07/2026,C83003,BEECHFIELD MEDICAL CENTRE,E01026037,ALL,1
GP_PRAC_PAT_LIST,01/07/2026,C83003,BEECHFIELD MEDICAL CENTRE,E01026057,ALL,1
GP_PRAC_PAT_LIST,01/07/2026,C83003,BEECHFIELD MEDICAL CENTRE,E01026100,ALL,1
GP_PRAC_PAT_LIST,01/07/2026,C83003,BEECHFIELD MEDICAL CENTRE,E01026183,ALL,1
GP_PRAC_PAT_LIST,01/07/2026,C83003,BEECHFIELD MEDICAL CENTRE,E01026201,ALL,1
GP_PRAC_PAT_LIST,01/07/2026,C83003,BEECHFIELD MEDICAL CENTRE,E01026239,ALL,13
GP_PRAC_PAT_LIST,01/07/2026,C83003,BEECHFIELD MEDICAL CENTRE,E01026240,ALL,19
GP_PRAC_PAT_LIST,01/07/2026,C83003,BEECHFIELD MEDICAL CENTRE,E01026241,ALL,302
GP_PRAC_PAT_LIST,01/07/2026,C83003,BEECHFIELD MEDICAL CENTRE,E01026242,ALL,4
GP_PRAC_PAT_LIST,01/07/2026,C83003,BEECHFIELD MEDICAL CENTRE,E01026243,ALL,4
GP_PRAC_PAT_LIST,01/07/2026,C83003,BEECHFIELD MEDICAL CENTRE,E01026244,ALL,2
GP_PRAC_PAT_LIST,01/07/2026,C83003,BEECHFIELD MEDICAL CENTRE,E01026245,ALL,1
GP_PRAC_PAT_LIST,01/07/2026,C83003,BEECHFIELD MEDICAL CENTRE,E01026247,ALL,12
GP_PRAC_PAT_LIST,01/07/2026,C83003,BEECHFIELD MEDICAL CENTRE,E01026248,ALL,4
GP_PRAC_PAT_LIST,01/07/2026,C83003,BEECHFIELD MEDICAL CENTRE,E01026249,ALL,9
GP_PRAC_PAT_LIST,01/07/2026,C83003,BEECHFIELD MEDICAL CENTRE,E01026250,ALL,4
GP_PRAC_PAT_LIST,01/07/2026,C83003,BEECHFIELD MEDICAL CENTRE,E01026252,ALL,12
GP_PRAC_PAT_LIST,01/07/2026,C83003,BEECHFIELD MEDICAL CENTRE,E01026253,ALL,4
GP_PRAC_PAT_LIST,01/07/2026,C83003,BEECHFIELD MEDICAL CENTRE,E01026258,ALL,749
GP_PRAC_PAT_LIST,01/07/2026,C83003,BEECHFIELD MEDICAL CENTRE,E01026259,ALL,395
GP_PRAC_PAT_LIST,01/07/2026,C83003,BEECHFIELD MEDICAL CENTRE,E01026260,ALL,432
GP_PRAC_PAT_LIST,01/07/2026,C83003,BEECHFIELD MEDICAL CENTRE,E01026262,ALL,843
GP_PRAC_PAT_LIST,01/07/2026,C83003,BEECHFIELD MEDICAL CENTRE,E01026263,ALL,1450
GP_PRAC_PAT_LIST,01/07/2026,C83003,BEECHFIELD MEDICAL CENTRE,E01026264,ALL,967
GP_PRAC_PAT_LIST,01/07/2026,C83003,BEECHFIELD MEDICAL CENTRE,E01026265,ALL,860
GP_PRAC_PAT_LIST,01/07/2026,C83003,BEECHFIELD MEDICAL CENTRE,E01026266,ALL,1537
GP_PRAC_PAT_LIST,01/07/2026,C83003,BEECHFIELD MEDICAL CENTRE,E01026268,ALL,1308
GP_PRAC_PAT_LIST,01/07/2026,C83003,BEECHFIELD MEDICAL CENTRE,E01026269,ALL,1288
GP_PRAC_PAT_LIST,01/07/2026,C83003,BEECHFIELD MEDICAL CENTRE,E01026270,ALL,997
GP_PRAC_PAT_LIST,01/07/2026,C83003,BEECHFIELD MEDICAL CENTRE,E01026271,ALL,861
GP_PRAC_PAT_LIST,01/07/2026,C83003,BEECHFIELD MEDICAL CENTRE,E01026272,ALL,878
GP_PRAC_PAT_LIST,01/07/2026,C83003,BEECHFIELD MEDICAL CENTRE,E01026273,ALL,756
GP_PRAC_PAT_LIST,01/07/2026,C83003,BEECHFIELD MEDICAL CENTRE,E01026275,ALL,1321
GP_PRAC_PAT_LIST,01/07/2026,C83003,BEECHFIELD MEDICAL CENTRE,E01026276,ALL,221
GP_PRAC_PAT_LIST,01/07/2026,C83003,BEECHFIELD MEDICAL CENTRE,E01026280,ALL,4
GP_PRAC_PAT_LIST,01/07/2026,C83003,BEECHFIELD MEDICAL CENTRE,E01026281,ALL,346
GP_PRAC_PAT_LIST,01/07/2026,C83003,BEECHFIELD MEDICAL CENTRE,E01026282,ALL,239
GP_PRAC_PAT_LIST,01/07/2026,C83003,BEECHFIELD MEDICAL CENTRE,E01026283,ALL,82
GP_PRAC_PAT_LIST,01/07/2026,C83003,BEECHFIELD MEDICAL CENTRE,E01026284,ALL,592
GP_PRAC_PAT_LIST,01/07/2026,C83003,BEECHFIELD MEDICAL CENTRE,E01026285,ALL,67
GP_PRAC_PAT_LIST,01/07/2026,C83003,BEECHFIELD MEDICAL CENTRE,E01026286,ALL,37
GP_PRAC_PAT_LIST,01/07/2026,C83003,BEECHFIELD MEDICAL CENTRE,E01026298,ALL,2
GP_PRAC_PAT_LIST,01/07/2026,C83003,BEECHFIELD MEDICAL CENTRE,E01026334,ALL,1
GP_PRAC_PAT_LIST,01/07/2026,C83003,BEECHFIELD MEDICAL CENTRE,E01026335,ALL,1
GP_PRAC_PAT_LIST,01/07/2026,C83003,BEECHFIELD MEDICAL CENTRE,E01026349,ALL,1
GP_PRAC_PAT_LIST,01/07/2026,C83003,BEECHFIELD MEDICAL CENTRE,E01026696,ALL,1
GP_PRAC_PAT_LIST,01/07/2026,C83003,BEECHFIELD MEDICAL CENTRE,E01027362,ALL,1
GP_PRAC_PAT_LIST,01/07/2026,C83003,BEECHFIELD MEDICAL CENTRE,E01028177,ALL,1
GP_PRAC_PAT_LIST,01/07/2026,C83003,BEECHFIELD MEDICAL CENTRE,E01030354,ALL,1
GP_PRAC_PAT_LIST,01/07/2026,C83003,BEECHFIELD MEDICAL CENTRE,E01032995,ALL,724
GP_PRAC_PAT_LIST,01/07/2026,C83003,BEECHFIELD MEDICAL CENTRE,E01032996,ALL,365
GP_PRAC_PAT_LIST,01/07/2026,C83003,BEECHFIELD MEDICAL CENTRE,E01033179,ALL,1
GP_PRAC_PAT_LIST,01/07/2026,C83003,BEECHFIELD MEDICAL CENTRE,E01033265,ALL,1
GP_PRAC_PAT_LIST,01/07/2026,C83003,BEECHFIELD MEDICAL CENTRE,E01033654,ALL,1
GP_PRAC_PAT_LIST,01/07/2026,C83003,BEECHFIELD MEDICAL CENTRE,E01034278,ALL,1
GP_PRAC_PAT_LIST,01/07/2026,C83003,BEECHFIELD MEDICAL CENTRE,E01034683,ALL,2
GP_PRAC_PAT_LIST,01/07/2026,C83003,BEECHFIELD MEDICAL CENTRE,E01034697,ALL,581
GP_PRAC_PAT_LIST,01/07/2026,C83003,BEECHFIELD MEDICAL CENTRE,E01034698,ALL,836
GP_PRAC_PAT_LIST,01/07/2026,C83003,BEECHFIELD MEDICAL CENTRE,E01034699,ALL,764
GP_PRAC_PAT_LIST,01/07/2026,C83003,BEECHFIELD MEDICAL CENTRE,E01034700,ALL,801
GP_PRAC_PAT_LIST,01/07/2026,C83003,BEECHFIELD MEDICAL CENTRE,E01035025,ALL,1
GP_PRAC_PAT_LIST,01/07/2026,C83003,BEECHFIELD MEDICAL CENTRE,E01035517,ALL,1
GP_PRAC_PAT_LIST,01/07/2026,C83003,BEECHFIELD MEDICAL CENTRE,E01035521,ALL,1
GP_PRAC_PAT_LIST,01/07/2026,C83003,BEECHFIELD MEDICAL CENTRE,E01035540,ALL,1
GP_PRAC_PAT_LIST,01/07/2026,C83003,BEECHFIELD MEDICAL CENTRE,E01035544,ALL,1
GP_PRAC_PAT_LIST,01/07/2026,C83003,BEECHFIELD MEDICAL CENTRE,EMPTY,ALL,11
GP_PRAC_PAT_LIST,01/07/2026,C83003,BEECHFIELD MEDICAL CENTRE,N21000084,ALL,1
GP_PRAC_PAT_LIST,01/07/2026,C83003,BEECHFIELD MEDICAL CENTRE,N21000688,ALL,1
GP_PRAC_PAT_LIST,01/07/2026,C83004,LIQUORPOND SURGERY,CLOSED,ALL,2
GP_PRAC_PAT_LIST,01/07/2026,C83004,LIQUORPOND SURGERY,E01002444,ALL,1
GP_PRAC_PAT_LIST,01/07/2026,C83004,LIQUORPOND SURGERY,E01006329,ALL,1
GP_PRAC_PAT_LIST,01/07/2026,C83004,LIQUORPOND SURGERY,E01013181,ALL,1
GP_PRAC_PAT_LIST,01/07/2026,C83004,LIQUORPOND SURGERY,E01013790,ALL,1
GP_PRAC_PAT_LIST,01/07/2026,C83004,LIQUORPOND SURGERY,E01015614,ALL,1
GP_PRAC_PAT_LIST,01/07/2026,C83004,LIQUORPOND SURGERY,E01015661,ALL,1
GP_PRAC_PAT_LIST,01/07/2026,C83004,LIQUORPOND SURGERY,E01016975,ALL,1
GP_PRAC_PAT_LIST,01/07/2026,C83004,LIQUORPOND SURGERY,E01025306,ALL,1
GP_PRAC_PAT_LIST,01/07/2026,C83004,LIQUORPOND SURGERY,E01026007,ALL,145
GP_PRAC_PAT_LIST,01/07/2026,C83004,LIQUORPOND SURGERY,E01026008,ALL,184
GP_PRAC_PAT_LIST,01/07/2026,C83004,LIQUORPOND SURGERY,E01026009,ALL,82
GP_PRAC_PAT_LIST,01/07/2026,C83004,LIQUORPOND SURGERY,E01026010,ALL,335
GP_PRAC_PAT_LIST,01/07/2026,C83004,LIQUORPOND SURGERY,E01026012,ALL,206
GP_PRAC_PAT_LIST,01/07/2026,C83004,LIQUORPOND SURGERY,E01026013,ALL,329
GP_PRAC_PAT_LIST,01/07/2026,C83004,LIQUORPOND SURGERY,E01026014,ALL,357
GP_PRAC_PAT_LIST,01/07/2026,C83004,LIQUORPOND SURGERY,E01026015,ALL,352
GP_PRAC_PAT_LIST,01/07/2026,C83004,LIQUORPOND SURGERY,E01026016,ALL,16
GP_PRAC_PAT_LIST,01/07/2026,C83004,LIQUORPOND SURGERY,E01026017,ALL,6
GP_PRAC_PAT_LIST,01/07/2026,C83004,LIQUORPOND SURGERY,E01026018,ALL,204
GP_PRAC_PAT_LIST,01/07/2026,C83004,LIQUORPOND SURGERY,E01026019,ALL,192
GP_PRAC_PAT_LIST,01/07/2026,C83004,LIQUORPOND SURGERY,E01026020,ALL,207
GP_PRAC_PAT_LIST,01/07/2026,C83004,LIQUORPOND SURGERY,E01026021,ALL,313
GP_PRAC_PAT_LIST,01/07/2026,C83004,LIQUORPOND SURGERY,E01026022,ALL,319
GP_PRAC_PAT_LIST,01/07/2026,C83004,LIQUORPOND SURGERY,E01026023,ALL,4
GP_PRAC_PAT_LIST,01/07/2026,C83004,LIQUORPOND SURGERY,E01026024,ALL,20
GP_PRAC_PAT_LIST,01/07/2026,C83004,LIQUORPOND SURGERY,E01026025,ALL,556
GP_PRAC_PAT_LIST,01/07/2026,C83004,LIQUORPOND SURGERY,E01026026,ALL,489
GP_PRAC_PAT_LIST,01/07/2026,C83004,LIQUORPOND SURGERY,E01026027,ALL,402
GP_PRAC_PAT_LIST,01/07/2026,C83004,LIQUORPOND SURGERY,E01026028,ALL,321
GP_PRAC_PAT_LIST,01/07/2026,C83004,LIQUORPOND SURGERY,E01026030,ALL,617
GP_PRAC_PAT_LIST,01/07/2026,C83004,LIQUORPOND SURGERY,E01026031,ALL,366
GP_PRAC_PAT_LIST,01/07/2026,C83004,LIQUORPOND SURGERY,E01026032,ALL,448
GP_PRAC_PAT_LIST,01/07/2026,C83004,LIQUORPOND SURGERY,E01026033,ALL,70
GP_PRAC_PAT_LIST,01/07/2026,C83004,LIQUORPOND SURGERY,E01026034,ALL,36
GP_PRAC_PAT_LIST,01/07/2026,C83004,LIQUORPOND SURGERY,E01026035,ALL,488
GP_PRAC_PAT_LIST,01/07/2026,C83004,LIQUORPOND SURGERY,E01026036,ALL,299
GP_PRAC_PAT_LIST,01/07/2026,C83004,LIQUORPOND SURGERY,E01026037,ALL,248
GP_PRAC_PAT_LIST,01/07/2026,C83004,LIQUORPOND SURGERY,E01026038,ALL,214
GP_PRAC_PAT_LIST,01/07/2026,C83004,LIQUORPOND SURGERY,E01026039,ALL,241
GP_PRAC_PAT_LIST,01/07/2026,C83004,LIQUORPOND SURGERY,E01026040,ALL,340
GP_PRAC_PAT_LIST,01/07/2026,C83004,LIQUORPOND SURGERY,E01026041,ALL,293
GP_PRAC_PAT_LIST,01/07/2026,C83004,LIQUORPOND SURGERY,E01026043,ALL,1
GP_PRAC_PAT_LIST,01/07/2026,C83004,LIQUORPOND SURGERY,E01026051,ALL,4
GP_PRAC_PAT_LIST,01/07/2026,C83004,LIQUORPOND SURGERY,E01026057,ALL,142
GP_PRAC_PAT_LIST,01/07/2026,C83004,LIQUORPOND SURGERY,E01026075,ALL,8
GP_PRAC_PAT_LIST,01/07/2026,C83004,LIQUORPOND SURGERY,E01026093,ALL,2
GP_PRAC_PAT_LIST,01/07/2026,C83004,LIQUORPOND SURGERY,E01026098,ALL,101
GP_PRAC_PAT_LIST,01/07/2026,C83004,LIQUORPOND SURGERY,E01026100,ALL,1
GP_PRAC_PAT_LIST,01/07/2026,C83004,LIQUORPOND SURGERY,E01026102,ALL,4
GP_PRAC_PAT_LIST,01/07/2026,C83004,LIQUORPOND SURGERY,E01026120,ALL,1
GP_PRAC_PAT_LIST,01/07/2026,C83004,LIQUORPOND SURGERY,E01026125,ALL,1
GP_PRAC_PAT_LIST,01/07/2026,C83004,LIQUORPOND SURGERY,E01026193,ALL,2
GP_PRAC_PAT_LIST,01/07/2026,C83004,LIQUORPOND SURGERY,E01026200,ALL,1
GP_PRAC_PAT_LIST,01/07/2026,C83004,LIQUORPOND SURGERY,E01026206,ALL,1
GP_PRAC_PAT_LIST,01/07/2026,C83004,LIQUORPOND SURGERY,E01026210,ALL,1
GP_PRAC_PAT_LIST,01/07/2026,C83004,LIQUORPOND SURGERY,E01026233,ALL,1
GP_PRAC_PAT_LIST,01/07/2026,C83004,LIQUORPOND SURGERY,E01026242,ALL,1
GP_PRAC_PAT_LIST,01/07/2026,C83004,LIQUORPOND SURGERY,E01026243,ALL,1
GP_PRAC_PAT_LIST,01/07/2026,C83004,LIQUORPOND SURGERY,E01026248,ALL,1
GP_PRAC_PAT_LIST,01/07/2026,C83004,LIQUORPOND SURGERY,E01026250,ALL,1
GP_PRAC_PAT_LIST,01/07/2026,C83004,LIQUORPOND SURGERY,E01026257,ALL,1
GP_PRAC_PAT_LIST,01/07/2026,C83004,LIQUORPOND SURGERY,E01026263,ALL,5
GP_PRAC_PAT_LIST,01/07/2026,C83004,LIQUORPOND SURGERY,E01026265,ALL,1
GP_PRAC_PAT_LIST,01/07/2026,C83004,LIQUORPOND SURGERY,E01026275,ALL,1
GP_PRAC_PAT_LIST,01/07/2026,C83004,LIQUORPOND SURGERY,E01026928,ALL,1
GP_PRAC_PAT_LIST,01/07/2026,C83004,LIQUORPOND SURGERY,E01032991,ALL,1
GP_PRAC_PAT_LIST,01/07/2026,C83004,LIQUORPOND SURGERY,E01033272,ALL,1
GP_PRAC_PAT_LIST,01/07/2026,C83004,LIQUORPOND SURGERY,E01034233,ALL,1
GP_PRAC_PAT_LIST,01/07/2026,C83004,LIQUORPOND SURGERY,E01034679,ALL,262
GP_PRAC_PAT_LIST,01/07/2026,C83004,LIQUORPOND SURGERY,E01034680,ALL,319
GP_PRAC_PAT_LIST,01/07/2026,C83004,LIQUORPOND SURGERY,E01034681,ALL,453
GP_PRAC_PAT_LIST,01/07/2026,C83004,LIQUORPOND SURGERY,E01034682,ALL,794
GP_PRAC_PAT_LIST,01/07/2026,C83004,LIQUORPOND SURGERY,E01034683,ALL,381
GP_PRAC_PAT_LIST,01/07/2026,C83004,LIQUORPOND SURGERY,E01034684,ALL,408
GP_PRAC_PAT_LIST,01/07/2026,C83004,LIQUORPOND SURGERY,E01034698,ALL,1
GP_PRAC_PAT_LIST,01/07/2026,C83004,LIQUORPOND SURGERY,E01035748,ALL,1
GP_PRAC_PAT_LIST,01/07/2026,C83004,LIQUORPOND SURGERY,EMPTY,ALL,17
GP_PRAC_PAT_LIST,01/07/2026,C83004,LIQUORPOND SURGERY,L99999999,ALL,1
GP_PRAC_PAT_LIST,01/07/2026,C83005,SPILSBY SURGERY,CLOSED,ALL,1
GP_PRAC_PAT_LIST,01/07/2026,C83005,SPILSBY SURGERY,E01007739,ALL,1
GP_PRAC_PAT_LIST,01/07/2026,C83005,SPILSBY SURGERY,E01017288,ALL,1
GP_PRAC_PAT_LIST,01/07/2026,C83005,SPILSBY SURGERY,E01026021,ALL,1
GP_PRAC_PAT_LIST,01/07/2026,C83005,SPILSBY SURGERY,E01026022,ALL,1
GP_PRAC_PAT_LIST,01/07/2026,C83005,SPILSBY SURGERY,E01026038,ALL,1
GP_PRAC_PAT_LIST,01/07/2026,C83005,SPILSBY SURGERY,E01026043,ALL,2
GP_PRAC_PAT_LIST,01/07/2026,C83005,SPILSBY SURGERY,E01026044,ALL,1
GP_PRAC_PAT_LIST,01/07/2026,C83005,SPILSBY SURGERY,E01026046,ALL,6
GP_PRAC_PAT_LIST,01/07/2026,C83005,SPILSBY SURGERY,E01026047,ALL,11
GP_PRAC_PAT_LIST,01/07/2026,C83005,SPILSBY SURGERY,E01026055,ALL,892
GP_PRAC_PAT_LIST,01/07/2026,C83005,SPILSBY SURGERY,E01026056,ALL,94
GP_PRAC_PAT_LIST,01/07/2026,C83005,SPILSBY SURGERY,E01026057,ALL,2
GP_PRAC_PAT_LIST,01/07/2026,C83005,SPILSBY SURGERY,E01026059,ALL,967
GP_PRAC_PAT_LIST,01/07/2026,C83005,SPILSBY SURGERY,E01026060,ALL,532
GP_PRAC_PAT_LIST,01/07/2026,C83005,SPILSBY SURGERY,E01026066,ALL,2
GP_PRAC_PAT_LIST,01/07/2026,C83005,SPILSBY SURGERY,E01026068,ALL,1138
GP_PRAC_PAT_LIST,01/07/2026,C83005,SPILSBY SURGERY,E01026072,ALL,1
GP_PRAC_PAT_LIST,01/07/2026,C83005,SPILSBY SURGERY,E01026073,ALL,2
GP_PRAC_PAT_LIST,01/07/2026,C83005,SPILSBY SURGERY,E01026075,ALL,18
GP_PRAC_PAT_LIST,01/07/2026,C83005,SPILSBY SURGERY,E01026077,ALL,1
GP_PRAC_PAT_LIST,01/07/2026,C83005,SPILSBY SURGERY,E01026089,ALL,1
GP_PRAC_PAT_LIST,01/07/2026,C83005,SPILSBY SURGERY,E01026092,ALL,2
GP_PRAC_PAT_LIST,01/07/2026,C83005,SPILSBY SURGERY,E01026093,ALL,1
GP_PRAC_PAT_LIST,01/07/2026,C83005,SPILSBY SURGERY,E01026094,ALL,5
GP_PRAC_PAT_LIST,01/07/2026,C83005,SPILSBY SURGERY,E01026095,ALL,1
GP_PRAC_PAT_LIST,01/07/2026,C83005,SPILSBY SURGERY,E01026097,ALL,2
GP_PRAC_PAT_LIST,01/07/2026,C83005,SPILSBY SURGERY,E01026098,ALL,3
GP_PRAC_PAT_LIST,01/07/2026,C83005,SPILSBY SURGERY,E01026100,ALL,1821
GP_PRAC_PAT_LIST,01/07/2026,C83005,SPILSBY SURGERY,E01026101,ALL,1329
GP_PRAC_PAT_LIST,01/07/2026,C83005,SPILSBY SURGERY,E01026102,ALL,67
GP_PRAC_PAT_LIST,01/07/2026,C83005,SPILSBY SURGERY,E01026104,ALL,1
GP_PRAC_PAT_LIST,01/07/2026,C83005,SPILSBY SURGERY,E01026105,ALL,124
GP_PRAC_PAT_LIST,01/07/2026,C83005,SPILSBY SURGERY,E01026110,ALL,1
GP_PRAC_PAT_LIST,01/07/2026,C83005,SPILSBY SURGERY,E01026113,ALL,241
GP_PRAC_PAT_LIST,01/07/2026,C83005,SPILSBY SURGERY,E01026114,ALL,2
GP_PRAC_PAT_LIST,01/07/2026,C83005,SPILSBY SURGERY,E01026115,ALL,2
GP_PRAC_PAT_LIST,01/07/2026,C83005,SPILSBY SURGERY,E01026116,ALL,1
GP_PRAC_PAT_LIST,01/07/2026,C83005,SPILSBY SURGERY,E01026117,ALL,1
GP_PRAC_PAT_LIST,01/07/2026,C83005,SPILSBY SURGERY,E01026125,ALL,1
GP_PRAC_PAT_LIST,01/07/2026,C83005,SPILSBY SURGERY,E01026272,ALL,1
GP_PRAC_PAT_LIST,01/07/2026,C83005,SPILSBY SURGERY,E01026362,ALL,1
GP_PRAC_PAT_LIST,01/07/2026,C83005,SPILSBY SURGERY,E01030208,ALL,1
GP_PRAC_PAT_LIST,01/07/2026,C83005,SPILSBY SURGERY,E01032987,ALL,1
GP_PRAC_PAT_LIST,01/07/2026,C83005,SPILSBY SURGERY,EMPTY,ALL,1
GP_PRAC_PAT_LIST,01/07/2026,C83007,LAKESIDE HEALTHCARE STAMFORD,CLOSED,ALL,8
GP_PRAC_PAT_LIST,01/07/2026,C83007,LAKESIDE HEALTHCARE STAMFORD,E01000524,ALL,1
GP_PRAC_PAT_LIST,01/07/2026,C83007,LAKESIDE HEALTHCARE STAMFORD,E01001047,ALL,1
GP_PRAC_PAT_LIST,01/07/2026,C83007,LAKESIDE HEALTHCARE STAMFORD,E01001896,ALL,1
GP_PRAC_PAT_LIST,01/07/2026,C83007,LAKESIDE HEALTHCARE STAMFORD,E01001906,ALL,1
GP_PRAC_PAT_LIST,01/07/2026,C83007,LAKESIDE HEALTHCARE STAMFORD,E01001907,ALL,1
GP_PRAC_PAT_LIST,01/07/2026,C83007,LAKESIDE HEALTHCARE STAMFORD,E01001988,ALL,1
GP_PRAC_PAT_LIST,01/07/2026,C83007,LAKESIDE HEALTHCARE STAMFORD,E01003102,ALL,1
GP_PRAC_PAT_LIST,01/07/2026,C83007,LAKESIDE HEALTHCARE STAMFORD,E01003198,ALL,1
GP_PRAC_PAT_LIST,01/07/2026,C83007,LAKESIDE HEALTHCARE STAMFORD,E01004115,ALL,1
GP_PRAC_PAT_LIST,01/07/2026,C83007,LAKESIDE HEALTHCARE STAMFORD,E01004203,ALL,1
GP_PRAC_PAT_LIST,01/07/2026,C83007,LAKESIDE HEALTHCARE STAMFORD,E01004540,ALL,1
GP_PRAC_PAT_LIST,01/07/2026,C83007,LAKESIDE HEALTHCARE STAMFORD,E01004564,ALL,1
GP_PRAC_PAT_LIST,01/07/2026,C83007,LAKESIDE HEALTHCARE STAMFORD,E01004621,ALL,1
GP_PRAC_PAT_LIST,01/07/2026,C83007,LAKESIDE HEALTHCARE STAMFORD,E01005853,ALL,1
GP_PRAC_PAT_LIST,01/07/2026,C83007,LAKESIDE HEALTHCARE STAMFORD,E01007187,ALL,1
GP_PRAC_PAT_LIST,01/07/2026,C83007,LAKESIDE HEALTHCARE STAMFORD,E01007863,ALL,1
GP_PRAC_PAT_LIST,01/07/2026,C83007,LAKESIDE HEALTHCARE STAMFORD,E01008420,ALL,1
GP_PRAC_PAT_LIST,01/07/2026,C83007,LAKESIDE HEALTHCARE STAMFORD,E01009670,ALL,1
GP_PRAC_PAT_LIST,01/07/2026,C83007,LAKESIDE HEALTHCARE STAMFORD,E01011057,ALL,1
GP_PRAC_PAT_LIST,01/07/2026,C83007,LAKESIDE HEALTHCARE STAMFORD,E01011444,ALL,1
GP_PRAC_PAT_LIST,01/07/2026,C83007,LAKESIDE HEALTHCARE STAMFORD,E01011706,ALL,1
GP_PRAC_PAT_LIST,01/07/2026,C83007,LAKESIDE HEALTHCARE STAMFORD,E01012679,ALL,1
GP_PRAC_PAT_LIST,01/07/2026,C83007,LAKESIDE HEALTHCARE STAMFORD,E01013524,ALL,1
GP_PRAC_PAT_LIST,01/07/2026,C83007,LAKESIDE HEALTHCARE STAMFORD,E01013787,ALL,4
GP_PRAC_PAT_LIST,01/07/2026,C83007,LAKESIDE HEALTHCARE STAMFORD,E01013788,ALL,8
GP_PRAC_PAT_LIST,01/07/2026,C83007,LAKESIDE HEALTHCARE STAMFORD,E01013789,ALL,4
GP_PRAC_PAT_LIST,01/07/2026,C83007,LAKESIDE HEALTHCARE STAMFORD,E01013790,ALL,12
GP_PRAC_PAT_LIST,01/07/2026,C83007,LAKESIDE HEALTHCARE STAMFORD,E01013791,ALL,547
GP_PRAC_PAT_LIST,01/07/2026,C83007,LAKESIDE HEALTHCARE STAMFORD,E01013792,ALL,362
GP_PRAC_PAT_LIST,01/07/2026,C83007,LAKESIDE HEALTHCARE STAMFORD,E01013794,ALL,4
GP_PRAC_PAT_LIST,01/07/2026,C83007,LAKESIDE HEALTHCARE STAMFORD,E01013795,ALL,2
GP_PRAC_PAT_LIST,01/07/2026,C83007,LAKESIDE HEALTHCARE STAMFORD,E01013796,ALL,23
GP_PRAC_PAT_LIST,01/07/2026,C83007,LAKESIDE HEALTHCARE STAMFORD,E01013797,ALL,28
GP_PRAC_PAT_LIST,01/07/2026,C83007,LAKESIDE HEALTHCARE STAMFORD,E01013800,ALL,3
GP_PRAC_PAT_LIST,01/07/2026,C83007,LAKESIDE HEALTHCARE STAMFORD,E01013804,ALL,1111
GP_PRAC_PAT_LIST,01/07/2026,C83007,LAKESIDE HEALTHCARE STAMFORD,E01013805,ALL,714
GP_PRAC_PAT_LIST,01/07/2026,C83007,LAKESIDE HEALTHCARE STAMFORD,E01013807,ALL,1
GP_PRAC_PAT_LIST,01/07/2026,C83007,LAKESIDE HEALTHCARE STAMFORD,E01013965,ALL,2
GP_PRAC_PAT_LIST,01/07/2026,C83007,LAKESIDE HEALTHCARE STAMFORD,E01015356,ALL,1
GP_PRAC_PAT_LIST,01/07/2026,C83007,LAKESIDE HEALTHCARE STAMFORD,E01015552,ALL,1
GP_PRAC_PAT_LIST,01/07/2026,C83007,LAKESIDE HEALTHCARE STAMFORD,E01015589,ALL,384
GP_PRAC_PAT_LIST,01/07/2026,C83007,LAKESIDE HEALTHCARE STAMFORD,E01015590,ALL,938
GP_PRAC_PAT_LIST,01/07/2026,C83007,LAKESIDE HEALTHCARE STAMFORD,E01015594,ALL,1
GP_PRAC_PAT_LIST,01/07/2026,C83007,LAKESIDE HEALTHCARE STAMFORD,E01015597,ALL,1
GP_PRAC_PAT_LIST,01/07/2026,C83007,LAKESIDE HEALTHCARE STAMFORD,E01015599,ALL,1
GP_PRAC_PAT_LIST,01/07/2026,C83007,LAKESIDE HEALTHCARE STAMFORD,E01015612,ALL,1
GP_PRAC_PAT_LIST,01/07/2026,C83007,LAKESIDE HEALTHCARE STAMFORD,E01015613,ALL,1
GP_PRAC_PAT_LIST,01/07/2026,C83007,LAKESIDE HEALTHCARE STAMFORD,E01015618,ALL,1
GP_PRAC_PAT_LIST,01/07/2026,C83007,LAKESIDE HEALTHCARE STAMFORD,E01015622,ALL,1
GP_PRAC_PAT_LIST,01/07/2026,C83007,LAKESIDE HEALTHCARE STAMFORD,E01015624,ALL,1
GP_PRAC_PAT_LIST,01/07/2026,C83007,LAKESIDE HEALTHCARE STAMFORD,E01015626,ALL,302
GP_PRAC_PAT_LIST,01/07/2026,C83007,LAKESIDE HEALTHCARE STAMFORD,E01015627,ALL,2
GP_PRAC_PAT_LIST,01/07/2026,C83007,LAKESIDE HEALTHCARE STAMFORD,E01015628,ALL,353
GP_PRAC_PAT_LIST,01/07/2026,C83007,LAKESIDE HEALTHCARE STAMFORD,E01015635,ALL,1
GP_PRAC_PAT_LIST,01/07/2026,C83007,LAKESIDE HEALTHCARE STAMFORD,E01015636,ALL,8
GP_PRAC_PAT_LIST,01/07/2026,C83007,LAKESIDE HEALTHCARE STAMFORD,E01015641,ALL,1
GP_PRAC_PAT_LIST,01/07/2026,C83007,LAKESIDE HEALTHCARE STAMFORD,E01015645,ALL,1
GP_PRAC_PAT_LIST,01/07/2026,C83007,LAKESIDE HEALTHCARE STAMFORD,E01015650,ALL,1
GP_PRAC_PAT_LIST,01/07/2026,C83007,LAKESIDE HEALTHCARE STAMFORD,E01015654,ALL,1
GP_PRAC_PAT_LIST,01/07/2026,C83007,LAKESIDE HEALTHCARE STAMFORD,E01015655,ALL,1
GP_PRAC_PAT_LIST,01/07/2026,C83007,LAKESIDE HEALTHCARE STAMFORD,E01015656,ALL,1
GP_PRAC_PAT_LIST,01/07/2026,C83007,LAKESIDE HEALTHCARE STAMFORD,E01015659,ALL,1
GP_PRAC_PAT_LIST,01/07/2026,C83007,LAKESIDE HEALTHCARE STAMFORD,E01015664,ALL,1
GP_PRAC_PAT_LIST,01/07/2026,C83007,LAKESIDE HEALTHCARE STAMFORD,E01015667,ALL,1
GP_PRAC_PAT_LIST,01/07/2026,C83007,LAKESIDE HEALTHCARE STAMFORD,E01015668,ALL,1
GP_PRAC_PAT_LIST,01/07/2026,C83007,LAKESIDE HEALTHCARE STAMFORD,E01015669,ALL,1
GP_PRAC_PAT_LIST,01/07/2026,C83007,LAKESIDE HEALTHCARE STAMFORD,E01015672,ALL,1
GP_PRAC_PAT_LIST,01/07/2026,C83007,LAKESIDE HEALTHCARE STAMFORD,E01015680,ALL,1
GP_PRAC_PAT_LIST,01/07/2026,C83007,LAKESIDE HEALTHCARE STAMFORD,E01015759,ALL,1
GP_PRAC_PAT_LIST,01/07/2026,C83007,LAKESIDE HEALTHCARE STAMFORD,E01017437,ALL,1
GP_PRAC_PAT_LIST,01/07/2026,C83007,LAKESIDE HEALTHCARE STAMFORD,E01017522,ALL,1
GP_PRAC_PAT_LIST,01/07/2026,C83007,LAKESIDE HEALTHCARE STAMFORD,E01017674,ALL,1
GP_PRAC_PAT_LIST,01/07/2026,C83007,LAKESIDE HEALTHCARE STAMFORD,E01018058,ALL,1
GP_PRAC_PAT_LIST,01/07/2026,C83007,LAKESIDE HEALTHCARE STAMFORD,E01018074,ALL,1
GP_PRAC_PAT_LIST,01/07/2026,C83007,LAKESIDE HEALTHCARE STAMFORD,E01018090,ALL,1
GP_PRAC_PAT_LIST,01/07/2026,C83007,LAKESIDE HEALTHCARE STAMFORD,E01018115,ALL,1
GP_PRAC_PAT_LIST,01/07/2026,C83007,LAKESIDE HEALTHCARE STAMFORD,E01018120,ALL,1
GP_PRAC_PAT_LIST,01/07/2026,C83007,LAKESIDE HEALTHCARE STAMFORD,E01018127,ALL,1
GP_PRAC_PAT_LIST,01/07/2026,C83007,LAKESIDE HEALTHCARE STAMFORD,E01018128,ALL,6
GP_PRAC_PAT_LIST,01/07/2026,C83007,LAKESIDE HEALTHCARE STAMFORD,E01018147,ALL,1
GP_PRAC_PAT_LIST,01/07/2026,C83007,LAKESIDE HEALTHCARE STAMFORD,E01018157,ALL,1
GP_PRAC_PAT_LIST,01/07/2026,C83007,LAKESIDE HEALTHCARE STAMFORD,E01018168,ALL,1
GP_PRAC_PAT_LIST,01/07/2026,C83007,LAKESIDE HEALTHCARE STAMFORD,E01018217,ALL,1
GP_PRAC_PAT_LIST,01/07/2026,C83007,LAKESIDE HEALTHCARE STAMFORD,E01018226,ALL,1
GP_PRAC_PAT_LIST,01/07/2026,C83007,LAKESIDE HEALTHCARE STAMFORD,E01018749,ALL,1
GP_PRAC_PAT_LIST,01/07/2026,C83007,LAKESIDE HEALTHCARE STAMFORD,E01019807,ALL,1
GP_PRAC_PAT_LIST,01/07/2026,C83007,LAKESIDE HEALTHCARE STAMFORD,E01020280,ALL,1
GP_PRAC_PAT_LIST,01/07/2026,C83007,LAKESIDE HEALTHCARE STAMFORD,E01020395,ALL,1
GP_PRAC_PAT_LIST,01/07/2026,C83007,LAKESIDE HEALTHCARE STAMFORD,E01020723,ALL,1
GP_PRAC_PAT_LIST,01/07/2026,C83007,LAKESIDE HEALTHCARE STAMFORD,E01023451,ALL,1
GP_PRAC_PAT_LIST,01/07/2026,C83007,LAKESIDE HEALTHCARE STAMFORD,E01023656,ALL,1
GP_PRAC_PAT_LIST,01/07/2026,C83007,LAKESIDE HEALTHCARE STAMFORD,E01025645,ALL,1
GP_PRAC_PAT_LIST,01/07/2026,C83007,LAKESIDE HEALTHCARE STAMFORD,E01025906,ALL,1
GP_PRAC_PAT_LIST,01/07/2026,C83007,LAKESIDE HEALTHCARE STAMFORD,E01025912,ALL,1
GP_PRAC_PAT_LIST,01/07/2026,C83007,LAKESIDE HEALTHCARE STAMFORD,E01025983,ALL,1
GP_PRAC_PAT_LIST,01/07/2026,C83007,LAKESIDE HEALTHCARE STAMFORD,E01026041,ALL,1
GP_PRAC_PAT_LIST,01/07/2026,C83007,LAKESIDE HEALTHCARE STAMFORD,E01026046,ALL,1
GP_PRAC_PAT_LIST,01/07/2026,C83007,LAKESIDE HEALTHCARE STAMFORD,E01026072,ALL,1
GP_PRAC_PAT_LIST,01/07/2026,C83007,LAKESIDE HEALTHCARE STAMFORD,E01026092,ALL,1
GP_PRAC_PAT_LIST,01/07/2026,C83007,LAKESIDE HEALTHCARE STAMFORD,E01026198,ALL,1
GP_PRAC_PAT_LIST,01/07/2026,C83007,LAKESIDE HEALTHCARE STAMFORD,E01026221,ALL,1
GP_PRAC_PAT_LIST,01/07/2026,C83007,LAKESIDE HEALTHCARE STAMFORD,E01026226,ALL,1
GP_PRAC_PAT_LIST,01/07/2026,C83007,LAKESIDE HEALTHCARE STAMFORD,E01026228,ALL,1
GP_PRAC_PAT_LIST,01/07/2026,C83007,LAKESIDE HEALTHCARE STAMFORD,E01026240,ALL,2
GP_PRAC_PAT_LIST,01/07/2026,C83007,LAKESIDE HEALTHCARE STAMFORD,E01026241,ALL,2
GP_PRAC_PAT_LIST,01/07/2026,C83007,LAKESIDE HEALTHCARE STAMFORD,E01026242,ALL,1
GP_PRAC_PAT_LIST,01/07/2026,C83007,LAKESIDE HEALTHCARE STAMFORD,E01026252,ALL,1
GP_PRAC_PAT_LIST,01/07/2026,C83007,LAKESIDE HEALTHCARE STAMFORD,E01026272,ALL,1
GP_PRAC_PAT_LIST,01/07/2026,C83007,LAKESIDE HEALTHCARE STAMFORD,E01026282,ALL,1
GP_PRAC_PAT_LIST,01/07/2026,C83007,LAKESIDE HEALTHCARE STAMFORD,E01026287,ALL,1280
GP_PRAC_PAT_LIST,01/07/2026,C83007,LAKESIDE HEALTHCARE STAMFORD,E01026288,ALL,1622
GP_PRAC_PAT_LIST,01/07/2026,C83007,LAKESIDE HEALTHCARE STAMFORD,E01026289,ALL,2132
GP_PRAC_PAT_LIST,01/07/2026,C83007,LAKESIDE HEALTHCARE STAMFORD,E01026297,ALL,3
GP_PRAC_PAT_LIST,01/07/2026,C83007,LAKESIDE HEALTHCARE STAMFORD,E01026298,ALL,4
GP_PRAC_PAT_LIST,01/07/2026,C83007,LAKESIDE HEALTHCARE STAMFORD,E01026299,ALL,5
GP_PRAC_PAT_LIST,01/07/2026,C83007,LAKESIDE HEALTHCARE STAMFORD,E01026304,ALL,3
GP_PRAC_PAT_LIST,01/07/2026,C83007,LAKESIDE HEALTHCARE STAMFORD,E01026305,ALL,2
GP_PRAC_PAT_LIST,01/07/2026,C83007,LAKESIDE HEALTHCARE STAMFORD,E01026306,ALL,3
GP_PRAC_PAT_LIST,01/07/2026,C83007,LAKESIDE HEALTHCARE STAMFORD,E01026308,ALL,1
GP_PRAC_PAT_LIST,01/07/2026,C83007,LAKESIDE HEALTHCARE STAMFORD,E01026312,ALL,1
GP_PRAC_PAT_LIST,01/07/2026,C83007,LAKESIDE HEALTHCARE STAMFORD,E01026316,ALL,2
GP_PRAC_PAT_LIST,01/07/2026,C83007,LAKESIDE HEALTHCARE STAMFORD,E01026317,ALL,2
GP_PRAC_PAT_LIST,01/07/2026,C83007,LAKESIDE HEALTHCARE STAMFORD,E01026326,ALL,1
GP_PRAC_PAT_LIST,01/07/2026,C83007,LAKESIDE HEALTHCARE STAMFORD,E01026330,ALL,431
GP_PRAC_PAT_LIST,01/07/2026,C83007,LAKESIDE HEALTHCARE STAMFORD,E01026331,ALL,1
GP_PRAC_PAT_LIST,01/07/2026,C83007,LAKESIDE HEALTHCARE STAMFORD,E01026332,ALL,2
GP_PRAC_PAT_LIST,01/07/2026,C83007,LAKESIDE HEALTHCARE STAMFORD,E01026334,ALL,13
GP_PRAC_PAT_LIST,01/07/2026,C83007,LAKESIDE HEALTHCARE STAMFORD,E01026335,ALL,1
GP_PRAC_PAT_LIST,01/07/2026,C83007,LAKESIDE HEALTHCARE STAMFORD,E01026336,ALL,4
GP_PRAC_PAT_LIST,01/07/2026,C83007,LAKESIDE HEALTHCARE STAMFORD,E01026337,ALL,1
GP_PRAC_PAT_LIST,01/07/2026,C83007,LAKESIDE HEALTHCARE STAMFORD,E01026338,ALL,33
GP_PRAC_PAT_LIST,01/07/2026,C83007,LAKESIDE HEALTHCARE STAMFORD,E01026339,ALL,6
GP_PRAC_PAT_LIST,01/07/2026,C83007,LAKESIDE HEALTHCARE STAMFORD,E01026340,ALL,1
GP_PRAC_PAT_LIST,01/07/2026,C83007,LAKESIDE HEALTHCARE STAMFORD,E01026341,ALL,1
GP_PRAC_PAT_LIST,01/07/2026,C83007,LAKESIDE HEALTHCARE STAMFORD,E01026342,ALL,1
GP_PRAC_PAT_LIST,01/07/2026,C83007,LAKESIDE HEALTHCARE STAMFORD,E01026343,ALL,1
GP_PRAC_PAT_LIST,01/07/2026,C83007,LAKESIDE HEALTHCARE STAMFORD,E01026344,ALL,1
GP_PRAC_PAT_LIST,01/07/2026,C83007,LAKESIDE HEALTHCARE STAMFORD,E01026346,ALL,1039
GP_PRAC_PAT_LIST,01/07/2026,C83007,LAKESIDE HEALTHCARE STAMFORD,E01026347,ALL,1417
GP_PRAC_PAT_LIST,01/07/2026,C83007,LAKESIDE HEALTHCARE STAMFORD,E01026348,ALL,1237
GP_PRAC_PAT_LIST,01/07/2026,C83007,LAKESIDE HEALTHCARE STAMFORD,E01026349,ALL,1308
GP_PRAC_PAT_LIST,01/07/2026,C83007,LAKESIDE HEALTHCARE STAMFORD,E01026350,ALL,2170
GP_PRAC_PAT_LIST,01/07/2026,C83007,LAKESIDE HEALTHCARE STAMFORD,E01026351,ALL,1394
GP_PRAC_PAT_LIST,01/07/2026,C83007,LAKESIDE HEALTHCARE STAMFORD,E01026356,ALL,1145
GP_PRAC_PAT_LIST,01/07/2026,C83007,LAKESIDE HEALTHCARE STAMFORD,E01026357,ALL,1147
GP_PRAC_PAT_LIST,01/07/2026,C83007,LAKESIDE HEALTHCARE STAMFORD,E01026358,ALL,1120
GP_PRAC_PAT_LIST,01/07/2026,C83007,LAKESIDE HEALTHCARE STAMFORD,E01026359,ALL,2193
GP_PRAC_PAT_LIST,01/07/2026,C83007,LAKESIDE HEALTHCARE STAMFORD,E01026360,ALL,3
GP_PRAC_PAT_LIST,01/07/2026,C83007,LAKESIDE HEALTHCARE STAMFORD,E01026361,ALL,2
GP_PRAC_PAT_LIST,01/07/2026,C83007,LAKESIDE HEALTHCARE STAMFORD,E01026362,ALL,10
GP_PRAC_PAT_LIST,01/07/2026,C83007,LAKESIDE HEALTHCARE STAMFORD,E01026363,ALL,1191
GP_PRAC_PAT_LIST,01/07/2026,C83007,LAKESIDE HEALTHCARE STAMFORD,E01026364,ALL,11
GP_PRAC_PAT_LIST,01/07/2026,C83007,LAKESIDE HEALTHCARE STAMFORD,E01026509,ALL,1
GP_PRAC_PAT_LIST,01/07/2026,C83007,LAKESIDE HEALTHCARE STAMFORD,E01026644,ALL,2
GP_PRAC_PAT_LIST,01/07/2026,C83007,LAKESIDE HEALTHCARE STAMFORD,E01026913,ALL,1
GP_PRAC_PAT_LIST,01/07/2026,C83007,LAKESIDE HEALTHCARE STAMFORD,E01026959,ALL,1
GP_PRAC_PAT_LIST,01/07/2026,C83007,LAKESIDE HEALTHCARE STAMFORD,E01026979,ALL,1
GP_PRAC_PAT_LIST,01/07/2026,C83007,LAKESIDE HEALTHCARE STAMFORD,E01027033,ALL,845
GP_PRAC_PAT_LIST,01/07/2026,C83007,LAKESIDE HEALTHCARE STAMFORD,E01027043,ALL,10
GP_PRAC_PAT_LIST,01/07/2026,C83007,LAKESIDE HEALTHCARE STAMFORD,E01027044,ALL,2
GP_PRAC_PAT_LIST,01/07/2026,C83007,LAKESIDE HEALTHCARE STAMFORD,E01027046,ALL,1
GP_PRAC_PAT_LIST,01/07/2026,C83007,LAKESIDE HEALTHCARE STAMFORD,E01027050,ALL,4
GP_PRAC_PAT_LIST,01/07/2026,C83007,LAKESIDE HEALTHCARE STAMFORD,E01027103,ALL,1
GP_PRAC_PAT_LIST,01/07/2026,C83007,LAKESIDE HEALTHCARE STAMFORD,E01027107,ALL,1
GP_PRAC_PAT_LIST,01/07/2026,C83007,LAKESIDE HEALTHCARE STAMFORD,E01027113,ALL,1
GP_PRAC_PAT_LIST,01/07/2026,C83007,LAKESIDE HEALTHCARE STAMFORD,E01028034,ALL,1
GP_PRAC_PAT_LIST,01/07/2026,C83007,LAKESIDE HEALTHCARE STAMFORD,E01028284,ALL,1
GP_PRAC_PAT_LIST,01/07/2026,C83007,LAKESIDE HEALTHCARE STAMFORD,E01028403,ALL,1
GP_PRAC_PAT_LIST,01/07/2026,C83007,LAKESIDE HEALTHCARE STAMFORD,E01029408,ALL,1
GP_PRAC_PAT_LIST,01/07/2026,C83007,LAKESIDE HEALTHCARE STAMFORD,E01029736,ALL,1
GP_PRAC_PAT_LIST,01/07/2026,C83007,LAKESIDE HEALTHCARE STAMFORD,E01031078,ALL,3
GP_PRAC_PAT_LIST,01/07/2026,C83007,LAKESIDE HEALTHCARE STAMFORD,E01031145,ALL,1
GP_PRAC_PAT_LIST,01/07/2026,C83007,LAKESIDE HEALTHCARE STAMFORD,E01031518,ALL,1
GP_PRAC_PAT_LIST,01/07/2026,C83007,LAKESIDE HEALTHCARE STAMFORD,E01031656,ALL,1
GP_PRAC_PAT_LIST,01/07/2026,C83007,LAKESIDE HEALTHCARE STAMFORD,E01032054,ALL,1
GP_PRAC_PAT_LIST,01/07/2026,C83007,LAKESIDE HEALTHCARE STAMFORD,E01032612,ALL,1
GP_PRAC_PAT_LIST,01/07/2026,C83007,LAKESIDE HEALTHCARE STAMFORD,E01032997,ALL,3
GP_PRAC_PAT_LIST,01/07/2026,C83007,LAKESIDE HEALTHCARE STAMFORD,E01032998,ALL,3
GP_PRAC_PAT_LIST,01/07/2026,C83007,LAKESIDE HEALTHCARE STAMFORD,E01033174,ALL,2
GP_PRAC_PAT_LIST,01/07/2026,C83007,LAKESIDE HEALTHCARE STAMFORD,E01033175,ALL,1
GP_PRAC_PAT_LIST,01/07/2026,C83007,LAKESIDE HEALTHCARE STAMFORD,E01033177,ALL,1
GP_PRAC_PAT_LIST,01/07/2026,C83007,LAKESIDE HEALTHCARE STAMFORD,E01033272,ALL,1
GP_PRAC_PAT_LIST,01/07/2026,C83007,LAKESIDE HEALTHCARE STAMFORD,E01034003,ALL,1
GP_PRAC_PAT_LIST,01/07/2026,C83007,LAKESIDE HEALTHCARE STAMFORD,E01034219,ALL,1
GP_PRAC_PAT_LIST,01/07/2026,C83007,LAKESIDE HEALTHCARE STAMFORD,E01034445,ALL,1
GP_PRAC_PAT_LIST,01/07/2026,C83007,LAKESIDE HEALTHCARE STAMFORD,E01034703,ALL,3
GP_PRAC_PAT_LIST,01/07/2026,C83007,LAKESIDE HEALTHCARE STAMFORD,E01034704,ALL,7
GP_PRAC_PAT_LIST,01/07/2026,C83007,LAKESIDE HEALTHCARE STAMFORD,E01034705,ALL,8
GP_PRAC_PAT_LIST,01/07/2026,C83007,LAKESIDE HEALTHCARE STAMFORD,E01034930,ALL,1
GP_PRAC_PAT_LIST,01/07/2026,C83007,LAKESIDE HEALTHCARE STAMFORD,E01034936,ALL,1
GP_PRAC_PAT_LIST,01/07/2026,C83007,LAKESIDE HEALTHCARE STAMFORD,E01035103,ALL,3
GP_PRAC_PAT_LIST,01/07/2026,C83007,LAKESIDE HEALTHCARE STAMFORD,E01035104,ALL,3
GP_PRAC_PAT_LIST,01/07/2026,C83007,LAKESIDE HEALTHCARE STAMFORD,E01035396,ALL,1
GP_PRAC_PAT_LIST,01/07/2026,C83007,LAKESIDE HEALTHCARE STAMFORD,E01035543,ALL,1
GP_PRAC_PAT_LIST,01/07/2026,C83007,LAKESIDE HEALTHCARE STAMFORD,E01035544,ALL,1
GP_PRAC_PAT_LIST,01/07/2026,C83007,LAKESIDE HEALTHCARE STAMFORD,E01035545,ALL,2
GP_PRAC_PAT_LIST,01/07/2026,C83007,LAKESIDE HEALTHCARE STAMFORD,E01035547,ALL,1
GP_PRAC_PAT_LIST,01/07/2026,C83007,LAKESIDE HEALTHCARE STAMFORD,E01035552,ALL,1
GP_PRAC_PAT_LIST,01/07/2026,C83007,LAKESIDE HEALTHCARE STAMFORD,E01035554,ALL,2
GP_PRAC_PAT_LIST,01/07/2026,C83007,LAKESIDE HEALTHCARE STAMFORD,EMPTY,ALL,26
GP_PRAC_PAT_LIST,01/07/2026,C83008,SWINGBRIDGE SURGERY,CLOSED,ALL,1
GP_PRAC_PAT_LIST,01/07/2026,C83008,SWINGBRIDGE SURGERY,E01001661,ALL,2
GP_PRAC_PAT_LIST,01/07/2026,C83008,SWINGBRIDGE SURGERY,E01011442,ALL,1
GP_PRAC_PAT_LIST,01/07/2026,C83008,SWINGBRIDGE SURGERY,E01013864,ALL,1
GP_PRAC_PAT_LIST,01/07/2026,C83008,SWINGBRIDGE SURGERY,E01013920,ALL,1
GP_PRAC_PAT_LIST,01/07/2026,C83008,SWINGBRIDGE SURGERY,E01013932,ALL,1
GP_PRAC_PAT_LIST,01/07/2026,C83008,SWINGBRIDGE SURGERY,E01015599,ALL,1
GP_PRAC_PAT_LIST,01/07/2026,C83008,SWINGBRIDGE SURGERY,E01015612,ALL,1
GP_PRAC_PAT_LIST,01/07/2026,C83008,SWINGBRIDGE SURGERY,E01018068,ALL,1
GP_PRAC_PAT_LIST,01/07/2026,C83008,SWINGBRIDGE SURGERY,E01023843,ALL,1
GP_PRAC_PAT_LIST,01/07/2026,C83008,SWINGBRIDGE SURGERY,E01025885,ALL,1
GP_PRAC_PAT_LIST,01/07/2026,C83008,SWINGBRIDGE SURGERY,E01025886,ALL,1
GP_PRAC_PAT_LIST,01/07/2026,C83008,SWINGBRIDGE SURGERY,E01025887,ALL,1
GP_PRAC_PAT_LIST,01/07/2026,C83008,SWINGBRIDGE SURGERY,E01025892,ALL,1
GP_PRAC_PAT_LIST,01/07/2026,C83008,SWINGBRIDGE SURGERY,E01025936,ALL,1
GP_PRAC_PAT_LIST,01/07/2026,C83008,SWINGBRIDGE SURGERY,E01026016,ALL,1
GP_PRAC_PAT_LIST,01/07/2026,C83008,SWINGBRIDGE SURGERY,E01026125,ALL,1
GP_PRAC_PAT_LIST,01/07/2026,C83008,SWINGBRIDGE SURGERY,E01026193,ALL,1
GP_PRAC_PAT_LIST,01/07/2026,C83008,SWINGBRIDGE SURGERY,E01026198,ALL,1
GP_PRAC_PAT_LIST,01/07/2026,C83008,SWINGBRIDGE SURGERY,E01026207,ALL,1
GP_PRAC_PAT_LIST,01/07/2026,C83008,SWINGBRIDGE SURGERY,E01026221,ALL,1
GP_PRAC_PAT_LIST,01/07/2026,C83008,SWINGBRIDGE SURGERY,E01026224,ALL,1
GP_PRAC_PAT_LIST,01/07/2026,C83008,SWINGBRIDGE SURGERY,E01026228,ALL,3
GP_PRAC_PAT_LIST,01/07/2026,C83008,SWINGBRIDGE SURGERY,E01026288,ALL,1
GP_PRAC_PAT_LIST,01/07/2026,C83008,SWINGBRIDGE SURGERY,E01026291,ALL,841
GP_PRAC_PAT_LIST,01/07/2026,C83008,SWINGBRIDGE SURGERY,E01026292,ALL,58
GP_PRAC_PAT_LIST,01/07/2026,C83008,SWINGBRIDGE SURGERY,E01026293,ALL,87
GP_PRAC_PAT_LIST,01/07/2026,C83008,SWINGBRIDGE SURGERY,E01026294,ALL,66
GP_PRAC_PAT_LIST,01/07/2026,C83008,SWINGBRIDGE SURGERY,E01026298,ALL,1
GP_PRAC_PAT_LIST,01/07/2026,C83008,SWINGBRIDGE SURGERY,E01026308,ALL,700
GP_PRAC_PAT_LIST,01/07/2026,C83008,SWINGBRIDGE SURGERY,E01026309,ALL,486
GP_PRAC_PAT_LIST,01/07/2026,C83008,SWINGBRIDGE SURGERY,E01026310,ALL,525
GP_PRAC_PAT_LIST,01/07/2026,C83008,SWINGBRIDGE SURGERY,E01026311,ALL,495
GP_PRAC_PAT_LIST,01/07/2026,C83008,SWINGBRIDGE SURGERY,E01026312,ALL,636
GP_PRAC_PAT_LIST,01/07/2026,C83008,SWINGBRIDGE SURGERY,E01026313,ALL,20
GP_PRAC_PAT_LIST,01/07/2026,C83008,SWINGBRIDGE SURGERY,E01026315,ALL,98
GP_PRAC_PAT_LIST,01/07/2026,C83008,SWINGBRIDGE SURGERY,E01026316,ALL,5
GP_PRAC_PAT_LIST,01/07/2026,C83008,SWINGBRIDGE SURGERY,E01026317,ALL,301
GP_PRAC_PAT_LIST,01/07/2026,C83008,SWINGBRIDGE SURGERY,E01026318,ALL,238
GP_PRAC_PAT_LIST,01/07/2026,C83008,SWINGBRIDGE SURGERY,E01026319,ALL,666
GP_PRAC_PAT_LIST,01/07/2026,C83008,SWINGBRIDGE SURGERY,E01026321,ALL,470
GP_PRAC_PAT_LIST,01/07/2026,C83008,SWINGBRIDGE SURGERY,E01026322,ALL,219
GP_PRAC_PAT_LIST,01/07/2026,C83008,SWINGBRIDGE SURGERY,E01026323,ALL,98
GP_PRAC_PAT_LIST,01/07/2026,C83008,SWINGBRIDGE SURGERY,E01026324,ALL,164
GP_PRAC_PAT_LIST,01/07/2026,C83008,SWINGBRIDGE SURGERY,E01026325,ALL,61
GP_PRAC_PAT_LIST,01/07/2026,C83008,SWINGBRIDGE SURGERY,E01026326,ALL,29
GP_PRAC_PAT_LIST,01/07/2026,C83008,SWINGBRIDGE SURGERY,E01026327,ALL,52
GP_PRAC_PAT_LIST,01/07/2026,C83008,SWINGBRIDGE SURGERY,E01026328,ALL,106
GP_PRAC_PAT_LIST,01/07/2026,C83008,SWINGBRIDGE SURGERY,E01026329,ALL,2
GP_PRAC_PAT_LIST,01/07/2026,C83008,SWINGBRIDGE SURGERY,E01026331,ALL,14
GP_PRAC_PAT_LIST,01/07/2026,C83008,SWINGBRIDGE SURGERY,E01026332,ALL,17
GP_PRAC_PAT_LIST,01/07/2026,C83008,SWINGBRIDGE SURGERY,E01026333,ALL,9
GP_PRAC_PAT_LIST,01/07/2026,C83008,SWINGBRIDGE SURGERY,E01026339,ALL,1
GP_PRAC_PAT_LIST,01/07/2026,C83008,SWINGBRIDGE SURGERY,E01026340,ALL,106
GP_PRAC_PAT_LIST,01/07/2026,C83008,SWINGBRIDGE SURGERY,E01026343,ALL,68
GP_PRAC_PAT_LIST,01/07/2026,C83008,SWINGBRIDGE SURGERY,E01026344,ALL,106
GP_PRAC_PAT_LIST,01/07/2026,C83008,SWINGBRIDGE SURGERY,E01026345,ALL,72
GP_PRAC_PAT_LIST,01/07/2026,C83008,SWINGBRIDGE SURGERY,E01026352,ALL,62
GP_PRAC_PAT_LIST,01/07/2026,C83008,SWINGBRIDGE SURGERY,E01026353,ALL,65
GP_PRAC_PAT_LIST,01/07/2026,C83008,SWINGBRIDGE SURGERY,E01026354,ALL,44
GP_PRAC_PAT_LIST,01/07/2026,C83008,SWINGBRIDGE SURGERY,E01026355,ALL,1
GP_PRAC_PAT_LIST,01/07/2026,C83008,SWINGBRIDGE SURGERY,E01026365,ALL,19
GP_PRAC_PAT_LIST,01/07/2026,C83008,SWINGBRIDGE SURGERY,E01028112,ALL,1
GP_PRAC_PAT_LIST,01/07/2026,C83008,SWINGBRIDGE SURGERY,E01028290,ALL,2
GP_PRAC_PAT_LIST,01/07/2026,C83008,SWINGBRIDGE SURGERY,E01028310,ALL,1
GP_PRAC_PAT_LIST,01/07/2026,C83008,SWINGBRIDGE SURGERY,E01028311,ALL,1
GP_PRAC_PAT_LIST,01/07/2026,C83008,SWINGBRIDGE SURGERY,E01028320,ALL,1
GP_PRAC_PAT_LIST,01/07/2026,C83008,SWINGBRIDGE SURGERY,E01028334,ALL,1
GP_PRAC_PAT_LIST,01/07/2026,C83008,SWINGBRIDGE SURGERY,E01028359,ALL,1
GP_PRAC_PAT_LIST,01/07/2026,C83008,SWINGBRIDGE SURGERY,E01030662,ALL,1
GP_PRAC_PAT_LIST,01/07/2026,C83008,SWINGBRIDGE SURGERY,E01030672,ALL,1
GP_PRAC_PAT_LIST,01/07/2026,C83008,SWINGBRIDGE SURGERY,E01033184,ALL,1
GP_PRAC_PAT_LIST,01/07/2026,C83008,SWINGBRIDGE SURGERY,E01033780,ALL,1
GP_PRAC_PAT_LIST,01/07/2026,C83008,SWINGBRIDGE SURGERY,E01034691,ALL,1
GP_PRAC_PAT_LIST,01/07/2026,C83008,SWINGBRIDGE SURGERY,E01034701,ALL,485
GP_PRAC_PAT_LIST,01/07/2026,C83008,SWINGBRIDGE SURGERY,E01034702,ALL,333
GP_PRAC_PAT_LIST,01/07/2026,C83008,SWINGBRIDGE SURGERY,E01034704,ALL,1
GP_PRAC_PAT_LIST,01/07/2026,C83008,SWINGBRIDGE SURGERY,E01035455,ALL,1
GP_PRAC_PAT_LIST,01/07/2026,C83008,SWINGBRIDGE SURGERY,EMPTY,ALL,10
GP_PRAC_PAT_LIST,01/07/2026,C83009,LINDUM MEDICAL PRACTICE,E01005719,ALL,1
GP_PRAC_PAT_LIST,01/07/2026,C83009,LINDUM MEDICAL PRACTICE,E01010017,ALL,1
GP_PRAC_PAT_LIST,01/07/2026,C83009,LINDUM MEDICAL PRACTICE,E01015661,ALL,1
GP_PRAC_PAT_LIST,01/07/2026,C83009,LINDUM MEDICAL PRACTICE,E01018466,ALL,1
GP_PRAC_PAT_LIST,01/07/2026,C83009,LINDUM MEDICAL PRACTICE,E01019669,ALL,1
GP_PRAC_PAT_LIST,01/07/2026,C83009,LINDUM MEDICAL PRACTICE,E01026051,ALL,1
GP_PRAC_PAT_LIST,01/07/2026,C83009,LINDUM MEDICAL PRACTICE,E01026073,ALL,1
GP_PRAC_PAT_LIST,01/07/2026,C83009,LINDUM MEDICAL PRACTICE,E01026095,ALL,1
GP_PRAC_PAT_LIST,01/07/2026,C83009,LINDUM MEDICAL PRACTICE,E01026122,ALL,78
GP_PRAC_PAT_LIST,01/07/2026,C83009,LINDUM MEDICAL PRACTICE,E01026123,ALL,259
GP_PRAC_PAT_LIST,01/07/2026,C83009,LINDUM MEDICAL PRACTICE,E01026124,ALL,23
GP_PRAC_PAT_LIST,01/07/2026,C83009,LINDUM MEDICAL PRACTICE,E01026125,ALL,107
GP_PRAC_PAT_LIST,01/07/2026,C83009,LINDUM MEDICAL PRACTICE,E01026126,ALL,46
GP_PRAC_PAT_LIST,01/07/2026,C83009,LINDUM MEDICAL PRACTICE,E01026127,ALL,1
GP_PRAC_PAT_LIST,01/07/2026,C83009,LINDUM MEDICAL PRACTICE,E01026131,ALL,2
GP_PRAC_PAT_LIST,01/07/2026,C83009,LINDUM MEDICAL PRACTICE,E01026132,ALL,21
GP_PRAC_PAT_LIST,01/07/2026,C83009,LINDUM MEDICAL PRACTICE,E01026134,ALL,1
GP_PRAC_PAT_LIST,01/07/2026,C83009,LINDUM MEDICAL PRACTICE,E01026135,ALL,1
GP_PRAC_PAT_LIST,01/07/2026,C83009,LINDUM MEDICAL PRACTICE,E01026136,ALL,2
GP_PRAC_PAT_LIST,01/07/2026,C83009,LINDUM MEDICAL PRACTICE,E01026140,ALL,2
GP_PRAC_PAT_LIST,01/07/2026,C83009,LINDUM MEDICAL PRACTICE,E01026142,ALL,9
GP_PRAC_PAT_LIST,01/07/2026,C83009,LINDUM MEDICAL PRACTICE,E01026144,ALL,46
GP_PRAC_PAT_LIST,01/07/2026,C83009,LINDUM MEDICAL PRACTICE,E01026145,ALL,65
GP_PRAC_PAT_LIST,01/07/2026,C83009,LINDUM MEDICAL PRACTICE,E01026146,ALL,22
GP_PRAC_PAT_LIST,01/07/2026,C83009,LINDUM MEDICAL PRACTICE,E01026147,ALL,238
GP_PRAC_PAT_LIST,01/07/2026,C83009,LINDUM MEDICAL PRACTICE,E01026148,ALL,149
GP_PRAC_PAT_LIST,01/07/2026,C83009,LINDUM MEDICAL PRACTICE,E01026149,ALL,427
GP_PRAC_PAT_LIST,01/07/2026,C83009,LINDUM MEDICAL PRACTICE,E01026150,ALL,573
GP_PRAC_PAT_LIST,01/07/2026,C83009,LINDUM MEDICAL PRACTICE,E01026151,ALL,276
GP_PRAC_PAT_LIST,01/07/2026,C83009,LINDUM MEDICAL PRACTICE,E01026152,ALL,562
GP_PRAC_PAT_LIST,01/07/2026,C83009,LINDUM MEDICAL PRACTICE,E01026153,ALL,294
GP_PRAC_PAT_LIST,01/07/2026,C83009,LINDUM MEDICAL PRACTICE,E01026154,ALL,439
GP_PRAC_PAT_LIST,01/07/2026,C83009,LINDUM MEDICAL PRACTICE,E01026155,ALL,238
GP_PRAC_PAT_LIST,01/07/2026,C83009,LINDUM MEDICAL PRACTICE,E01026156,ALL,478
GP_PRAC_PAT_LIST,01/07/2026,C83009,LINDUM MEDICAL PRACTICE,E01026157,ALL,480
GP_PRAC_PAT_LIST,01/07/2026,C83009,LINDUM MEDICAL PRACTICE,E01026163,ALL,1
GP_PRAC_PAT_LIST,01/07/2026,C83009,LINDUM MEDICAL PRACTICE,E01026164,ALL,344
GP_PRAC_PAT_LIST,01/07/2026,C83009,LINDUM MEDICAL PRACTICE,E01026165,ALL,687
GP_PRAC_PAT_LIST,01/07/2026,C83009,LINDUM MEDICAL PRACTICE,E01026166,ALL,572
GP_PRAC_PAT_LIST,01/07/2026,C83009,LINDUM MEDICAL PRACTICE,E01026167,ALL,189
GP_PRAC_PAT_LIST,01/07/2026,C83009,LINDUM MEDICAL PRACTICE,E01026168,ALL,765
GP_PRAC_PAT_LIST,01/07/2026,C83009,LINDUM MEDICAL PRACTICE,E01026169,ALL,1
GP_PRAC_PAT_LIST,01/07/2026,C83009,LINDUM MEDICAL PRACTICE,E01026172,ALL,1
GP_PRAC_PAT_LIST,01/07/2026,C83009,LINDUM MEDICAL PRACTICE,E01026173,ALL,1
GP_PRAC_PAT_LIST,01/07/2026,C83009,LINDUM MEDICAL PRACTICE,E01026174,ALL,2
GP_PRAC_PAT_LIST,01/07/2026,C83009,LINDUM MEDICAL PRACTICE,E01026176,ALL,2
GP_PRAC_PAT_LIST,01/07/2026,C83009,LINDUM MEDICAL PRACTICE,E01026190,ALL,1
GP_PRAC_PAT_LIST,01/07/2026,C83009,LINDUM MEDICAL PRACTICE,E01026196,ALL,1
GP_PRAC_PAT_LIST,01/07/2026,C83009,LINDUM MEDICAL PRACTICE,E01026220,ALL,1
GP_PRAC_PAT_LIST,01/07/2026,C83009,LINDUM MEDICAL PRACTICE,E01026238,ALL,1
GP_PRAC_PAT_LIST,01/07/2026,C83009,LINDUM MEDICAL PRACTICE,E01026369,ALL,68
GP_PRAC_PAT_LIST,01/07/2026,C83009,LINDUM MEDICAL PRACTICE,E01026370,ALL,154
GP_PRAC_PAT_LIST,01/07/2026,C83009,LINDUM MEDICAL PRACTICE,E01026371,ALL,41
GP_PRAC_PAT_LIST,01/07/2026,C83009,LINDUM MEDICAL PRACTICE,E01026372,ALL,41
GP_PRAC_PAT_LIST,01/07/2026,C83009,LINDUM MEDICAL PRACTICE,E01026373,ALL,22
GP_PRAC_PAT_LIST,01/07/2026,C83009,LINDUM MEDICAL PRACTICE,E01026393,ALL,34
GP_PRAC_PAT_LIST,01/07/2026,C83009,LINDUM MEDICAL PRACTICE,E01026394,ALL,342
GP_PRAC_PAT_LIST,01/07/2026,C83009,LINDUM MEDICAL PRACTICE,E01026395,ALL,60
GP_PRAC_PAT_LIST,01/07/2026,C83009,LINDUM MEDICAL PRACTICE,E01026396,ALL,1
GP_PRAC_PAT_LIST,01/07/2026,C83009,LINDUM MEDICAL PRACTICE,E01026398,ALL,2
GP_PRAC_PAT_LIST,01/07/2026,C83009,LINDUM MEDICAL PRACTICE,E01026400,ALL,36
GP_PRAC_PAT_LIST,01/07/2026,C83009,LINDUM MEDICAL PRACTICE,E01026404,ALL,3
GP_PRAC_PAT_LIST,01/07/2026,C83009,LINDUM MEDICAL PRACTICE,E01026405,ALL,31
GP_PRAC_PAT_LIST,01/07/2026,C83009,LINDUM MEDICAL PRACTICE,E01026406,ALL,46
GP_PRAC_PAT_LIST,01/07/2026,C83009,LINDUM MEDICAL PRACTICE,E01026412,ALL,42
GP_PRAC_PAT_LIST,01/07/2026,C83009,LINDUM MEDICAL PRACTICE,E01026413,ALL,16
GP_PRAC_PAT_LIST,01/07/2026,C83009,LINDUM MEDICAL PRACTICE,E01026414,ALL,11
GP_PRAC_PAT_LIST,01/07/2026,C83009,LINDUM MEDICAL PRACTICE,E01027057,ALL,1
GP_PRAC_PAT_LIST,01/07/2026,C83009,LINDUM MEDICAL PRACTICE,E01028296,ALL,1
GP_PRAC_PAT_LIST,01/07/2026,C83009,LINDUM MEDICAL PRACTICE,E01028317,ALL,1
GP_PRAC_PAT_LIST,01/07/2026,C83009,LINDUM MEDICAL PRACTICE,E01029637,ALL,1
GP_PRAC_PAT_LIST,01/07/2026,C83009,LINDUM MEDICAL PRACTICE,E01032988,ALL,1
GP_PRAC_PAT_LIST,01/07/2026,C83009,LINDUM MEDICAL PRACTICE,E01033179,ALL,1
GP_PRAC_PAT_LIST,01/07/2026,C83009,LINDUM MEDICAL PRACTICE,E01033938,ALL,1
GP_PRAC_PAT_LIST,01/07/2026,C83009,LINDUM MEDICAL PRACTICE,E01034687,ALL,20
GP_PRAC_PAT_LIST,01/07/2026,C83009,LINDUM MEDICAL PRACTICE,E01034688,ALL,37
GP_PRAC_PAT_LIST,01/07/2026,C83009,LINDUM MEDICAL PRACTICE,E01034691,ALL,5
GP_PRAC_PAT_LIST,01/07/2026,C83009,LINDUM MEDICAL PRACTICE,E01034697,ALL,1
GP_PRAC_PAT_LIST,01/07/2026,C83009,LINDUM MEDICAL PRACTICE,E01034707,ALL,77
GP_PRAC_PAT_LIST,01/07/2026,C83009,LINDUM MEDICAL PRACTICE,EMPTY,ALL,3
GP_PRAC_PAT_LIST,01/07/2026,C83010,PARKSIDE MEDICAL CENTRE,CLOSED,ALL,6
GP_PRAC_PAT_LIST,01/07/2026,C83010,PARKSIDE MEDICAL CENTRE,E01001035,ALL,1
GP_PRAC_PAT_LIST,01/07/2026,C83010,PARKSIDE MEDICAL CENTRE,E01001876,ALL,1
GP_PRAC_PAT_LIST,01/07/2026,C83010,PARKSIDE MEDICAL CENTRE,E01002444,ALL,1
GP_PRAC_PAT_LIST,01/07/2026,C83010,PARKSIDE MEDICAL CENTRE,E01004622,ALL,2
GP_PRAC_PAT_LIST,01/07/2026,C83010,PARKSIDE MEDICAL CENTRE,E01005949,ALL,1
GP_PRAC_PAT_LIST,01/07/2026,C83010,PARKSIDE MEDICAL CENTRE,E01009345,ALL,1
GP_PRAC_PAT_LIST,01/07/2026,C83010,PARKSIDE MEDICAL CENTRE,E01011446,ALL,1
GP_PRAC_PAT_LIST,01/07/2026,C83010,PARKSIDE MEDICAL CENTRE,E01011999,ALL,1
GP_PRAC_PAT_LIST,01/07/2026,C83010,PARKSIDE MEDICAL CENTRE,E01012036,ALL,1
GP_PRAC_PAT_LIST,01/07/2026,C83010,PARKSIDE MEDICAL CENTRE,E01012534,ALL,1
GP_PRAC_PAT_LIST,01/07/2026,C83010,PARKSIDE MEDICAL CENTRE,E01012674,ALL,1
GP_PRAC_PAT_LIST,01/07/2026,C83010,PARKSIDE MEDICAL CENTRE,E01013138,ALL,1
GP_PRAC_PAT_LIST,01/07/2026,C83010,PARKSIDE MEDICAL CENTRE,E01013524,ALL,1
GP_PRAC_PAT_LIST,01/07/2026,C83010,PARKSIDE MEDICAL CENTRE,E01013967,ALL,1
GP_PRAC_PAT_LIST,01/07/2026,C83010,PARKSIDE MEDICAL CENTRE,E01014034,ALL,1
GP_PRAC_PAT_LIST,01/07/2026,C83010,PARKSIDE MEDICAL CENTRE,E01015601,ALL,1
GP_PRAC_PAT_LIST,01/07/2026,C83010,PARKSIDE MEDICAL CENTRE,E01015622,ALL,1
GP_PRAC_PAT_LIST,01/07/2026,C83010,PARKSIDE MEDICAL CENTRE,E01015661,ALL,1
GP_PRAC_PAT_LIST,01/07/2026,C83010,PARKSIDE MEDICAL CENTRE,E01015680,ALL,1
GP_PRAC_PAT_LIST,01/07/2026,C83010,PARKSIDE MEDICAL CENTRE,E01017207,ALL,1
GP_PRAC_PAT_LIST,01/07/2026,C83010,PARKSIDE MEDICAL CENTRE,E01017478,ALL,1
GP_PRAC_PAT_LIST,01/07/2026,C83010,PARKSIDE MEDICAL CENTRE,E01017609,ALL,1
GP_PRAC_PAT_LIST,01/07/2026,C83010,PARKSIDE MEDICAL CENTRE,E01017995,ALL,1
GP_PRAC_PAT_LIST,01/07/2026,C83010,PARKSIDE MEDICAL CENTRE,E01018106,ALL,1
GP_PRAC_PAT_LIST,01/07/2026,C83010,PARKSIDE MEDICAL CENTRE,E01018817,ALL,1
GP_PRAC_PAT_LIST,01/07/2026,C83010,PARKSIDE MEDICAL CENTRE,E01021627,ALL,1
GP_PRAC_PAT_LIST,01/07/2026,C83010,PARKSIDE MEDICAL CENTRE,E01021859,ALL,1
GP_PRAC_PAT_LIST,01/07/2026,C83010,PARKSIDE MEDICAL CENTRE,E01026007,ALL,264
GP_PRAC_PAT_LIST,01/07/2026,C83010,PARKSIDE MEDICAL CENTRE,E01026008,ALL,297
GP_PRAC_PAT_LIST,01/07/2026,C83010,PARKSIDE MEDICAL CENTRE,E01026009,ALL,112
GP_PRAC_PAT_LIST,01/07/2026,C83010,PARKSIDE MEDICAL CENTRE,E01026010,ALL,544
GP_PRAC_PAT_LIST,01/07/2026,C83010,PARKSIDE MEDICAL CENTRE,E01026012,ALL,442
GP_PRAC_PAT_LIST,01/07/2026,C83010,PARKSIDE MEDICAL CENTRE,E01026013,ALL,757
GP_PRAC_PAT_LIST,01/07/2026,C83010,PARKSIDE MEDICAL CENTRE,E01026014,ALL,589
GP_PRAC_PAT_LIST,01/07/2026,C83010,PARKSIDE MEDICAL CENTRE,E01026015,ALL,642
GP_PRAC_PAT_LIST,01/07/2026,C83010,PARKSIDE MEDICAL CENTRE,E01026016,ALL,14
GP_PRAC_PAT_LIST,01/07/2026,C83010,PARKSIDE MEDICAL CENTRE,E01026017,ALL,11
GP_PRAC_PAT_LIST,01/07/2026,C83010,PARKSIDE MEDICAL CENTRE,E01026018,ALL,163
GP_PRAC_PAT_LIST,01/07/2026,C83010,PARKSIDE MEDICAL CENTRE,E01026019,ALL,146
GP_PRAC_PAT_LIST,01/07/2026,C83010,PARKSIDE MEDICAL CENTRE,E01026020,ALL,182
GP_PRAC_PAT_LIST,01/07/2026,C83010,PARKSIDE MEDICAL CENTRE,E01026021,ALL,1244
GP_PRAC_PAT_LIST,01/07/2026,C83010,PARKSIDE MEDICAL CENTRE,E01026022,ALL,1095
GP_PRAC_PAT_LIST,01/07/2026,C83010,PARKSIDE MEDICAL CENTRE,E01026023,ALL,12
GP_PRAC_PAT_LIST,01/07/2026,C83010,PARKSIDE MEDICAL CENTRE,E01026024,ALL,83
GP_PRAC_PAT_LIST,01/07/2026,C83010,PARKSIDE MEDICAL CENTRE,E01026025,ALL,936
GP_PRAC_PAT_LIST,01/07/2026,C83010,PARKSIDE MEDICAL CENTRE,E01026026,ALL,646
GP_PRAC_PAT_LIST,01/07/2026,C83010,PARKSIDE MEDICAL CENTRE,E01026027,ALL,587
GP_PRAC_PAT_LIST,01/07/2026,C83010,PARKSIDE MEDICAL CENTRE,E01026028,ALL,780
GP_PRAC_PAT_LIST,01/07/2026,C83010,PARKSIDE MEDICAL CENTRE,E01026030,ALL,655
GP_PRAC_PAT_LIST,01/07/2026,C83010,PARKSIDE MEDICAL CENTRE,E01026031,ALL,461
GP_PRAC_PAT_LIST,01/07/2026,C83010,PARKSIDE MEDICAL CENTRE,E01026032,ALL,786
GP_PRAC_PAT_LIST,01/07/2026,C83010,PARKSIDE MEDICAL CENTRE,E01026033,ALL,57
GP_PRAC_PAT_LIST,01/07/2026,C83010,PARKSIDE MEDICAL CENTRE,E01026034,ALL,6
GP_PRAC_PAT_LIST,01/07/2026,C83010,PARKSIDE MEDICAL CENTRE,E01026035,ALL,531
GP_PRAC_PAT_LIST,01/07/2026,C83010,PARKSIDE MEDICAL CENTRE,E01026036,ALL,1180
GP_PRAC_PAT_LIST,01/07/2026,C83010,PARKSIDE MEDICAL CENTRE,E01026037,ALL,732
GP_PRAC_PAT_LIST,01/07/2026,C83010,PARKSIDE MEDICAL CENTRE,E01026038,ALL,618
GP_PRAC_PAT_LIST,01/07/2026,C83010,PARKSIDE MEDICAL CENTRE,E01026039,ALL,252
GP_PRAC_PAT_LIST,01/07/2026,C83010,PARKSIDE MEDICAL CENTRE,E01026040,ALL,326
GP_PRAC_PAT_LIST,01/07/2026,C83010,PARKSIDE MEDICAL CENTRE,E01026041,ALL,222
GP_PRAC_PAT_LIST,01/07/2026,C83010,PARKSIDE MEDICAL CENTRE,E01026043,ALL,1
GP_PRAC_PAT_LIST,01/07/2026,C83010,PARKSIDE MEDICAL CENTRE,E01026045,ALL,1
GP_PRAC_PAT_LIST,01/07/2026,C83010,PARKSIDE MEDICAL CENTRE,E01026053,ALL,1
GP_PRAC_PAT_LIST,01/07/2026,C83010,PARKSIDE MEDICAL CENTRE,E01026057,ALL,297
GP_PRAC_PAT_LIST,01/07/2026,C83010,PARKSIDE MEDICAL CENTRE,E01026069,ALL,1
GP_PRAC_PAT_LIST,01/07/2026,C83010,PARKSIDE MEDICAL CENTRE,E01026072,ALL,1
GP_PRAC_PAT_LIST,01/07/2026,C83010,PARKSIDE MEDICAL CENTRE,E01026075,ALL,9
GP_PRAC_PAT_LIST,01/07/2026,C83010,PARKSIDE MEDICAL CENTRE,E01026081,ALL,1
GP_PRAC_PAT_LIST,01/07/2026,C83010,PARKSIDE MEDICAL CENTRE,E01026098,ALL,242
GP_PRAC_PAT_LIST,01/07/2026,C83010,PARKSIDE MEDICAL CENTRE,E01026102,ALL,5
GP_PRAC_PAT_LIST,01/07/2026,C83010,PARKSIDE MEDICAL CENTRE,E01026111,ALL,1
GP_PRAC_PAT_LIST,01/07/2026,C83010,PARKSIDE MEDICAL CENTRE,E01026114,ALL,1
GP_PRAC_PAT_LIST,01/07/2026,C83010,PARKSIDE MEDICAL CENTRE,E01026118,ALL,1
GP_PRAC_PAT_LIST,01/07/2026,C83010,PARKSIDE MEDICAL CENTRE,E01026122,ALL,1
GP_PRAC_PAT_LIST,01/07/2026,C83010,PARKSIDE MEDICAL CENTRE,E01026125,ALL,2
GP_PRAC_PAT_LIST,01/07/2026,C83010,PARKSIDE MEDICAL CENTRE,E01026173,ALL,1
GP_PRAC_PAT_LIST,01/07/2026,C83010,PARKSIDE MEDICAL CENTRE,E01026200,ALL,2
GP_PRAC_PAT_LIST,01/07/2026,C83010,PARKSIDE MEDICAL CENTRE,E01026202,ALL,1
GP_PRAC_PAT_LIST,01/07/2026,C83010,PARKSIDE MEDICAL CENTRE,E01026212,ALL,1
GP_PRAC_PAT_LIST,01/07/2026,C83010,PARKSIDE MEDICAL CENTRE,E01026247,ALL,2
GP_PRAC_PAT_LIST,01/07/2026,C83010,PARKSIDE MEDICAL CENTRE,E01026250,ALL,1
GP_PRAC_PAT_LIST,01/07/2026,C83010,PARKSIDE MEDICAL CENTRE,E01026255,ALL,2
GP_PRAC_PAT_LIST,01/07/2026,C83010,PARKSIDE MEDICAL CENTRE,E01026266,ALL,1
GP_PRAC_PAT_LIST,01/07/2026,C83010,PARKSIDE MEDICAL CENTRE,E01026268,ALL,2
GP_PRAC_PAT_LIST,01/07/2026,C83010,PARKSIDE MEDICAL CENTRE,E01026275,ALL,1
GP_PRAC_PAT_LIST,01/07/2026,C83010,PARKSIDE MEDICAL CENTRE,E01026345,ALL,1
GP_PRAC_PAT_LIST,01/07/2026,C83010,PARKSIDE MEDICAL CENTRE,E01026360,ALL,1
GP_PRAC_PAT_LIST,01/07/2026,C83010,PARKSIDE MEDICAL CENTRE,E01026389,ALL,1
GP_PRAC_PAT_LIST,01/07/2026,C83010,PARKSIDE MEDICAL CENTRE,E01028152,ALL,1
GP_PRAC_PAT_LIST,01/07/2026,C83010,PARKSIDE MEDICAL CENTRE,E01028427,ALL,1
GP_PRAC_PAT_LIST,01/07/2026,C83010,PARKSIDE MEDICAL CENTRE,E01029217,ALL,1
GP_PRAC_PAT_LIST,01/07/2026,C83010,PARKSIDE MEDICAL CENTRE,E01029408,ALL,1
GP_PRAC_PAT_LIST,01/07/2026,C83010,PARKSIDE MEDICAL CENTRE,E01029425,ALL,1
GP_PRAC_PAT_LIST,01/07/2026,C83010,PARKSIDE MEDICAL CENTRE,E01033129,ALL,2
GP_PRAC_PAT_LIST,01/07/2026,C83010,PARKSIDE MEDICAL CENTRE,E01033175,ALL,1
GP_PRAC_PAT_LIST,01/07/2026,C83010,PARKSIDE MEDICAL CENTRE,E01033603,ALL,1
GP_PRAC_PAT_LIST,01/07/2026,C83010,PARKSIDE MEDICAL CENTRE,E01034679,ALL,530
GP_PRAC_PAT_LIST,01/07/2026,C83010,PARKSIDE MEDICAL CENTRE,E01034680,ALL,464
GP_PRAC_PAT_LIST,01/07/2026,C83010,PARKSIDE MEDICAL CENTRE,E01034681,ALL,530
GP_PRAC_PAT_LIST,01/07/2026,C83010,PARKSIDE MEDICAL CENTRE,E01034682,ALL,585
GP_PRAC_PAT_LIST,01/07/2026,C83010,PARKSIDE MEDICAL CENTRE,E01034683,ALL,274
GP_PRAC_PAT_LIST,01/07/2026,C83010,PARKSIDE MEDICAL CENTRE,E01034684,ALL,299
GP_PRAC_PAT_LIST,01/07/2026,C83010,PARKSIDE MEDICAL CENTRE,E01035655,ALL,1
GP_PRAC_PAT_LIST,01/07/2026,C83010,PARKSIDE MEDICAL CENTRE,E01035748,ALL,1
GP_PRAC_PAT_LIST,01/07/2026,C83010,PARKSIDE MEDICAL CENTRE,EMPTY,ALL,13
GP_PRAC_PAT_LIST,01/07/2026,C83011,MILLVIEW MEDICAL CENTRE,CLOSED,ALL,1
GP_PRAC_PAT_LIST,01/07/2026,C83011,MILLVIEW MEDICAL CENTRE,E01013237,ALL,6
GP_PRAC_PAT_LIST,01/07/2026,C83011,MILLVIEW MEDICAL CENTRE,E01015598,ALL,1
GP_PRAC_PAT_LIST,01/07/2026,C83011,MILLVIEW MEDICAL CENTRE,E01015663,ALL,1
GP_PRAC_PAT_LIST,01/07/2026,C83011,MILLVIEW MEDICAL CENTRE,E01018108,ALL,1
GP_PRAC_PAT_LIST,01/07/2026,C83011,MILLVIEW MEDICAL CENTRE,E01022458,ALL,1
GP_PRAC_PAT_LIST,01/07/2026,C83011,MILLVIEW MEDICAL CENTRE,E01026016,ALL,1
GP_PRAC_PAT_LIST,01/07/2026,C83011,MILLVIEW MEDICAL CENTRE,E01026021,ALL,1
GP_PRAC_PAT_LIST,01/07/2026,C83011,MILLVIEW MEDICAL CENTRE,E01026022,ALL,1
GP_PRAC_PAT_LIST,01/07/2026,C83011,MILLVIEW MEDICAL CENTRE,E01026033,ALL,12
GP_PRAC_PAT_LIST,01/07/2026,C83011,MILLVIEW MEDICAL CENTRE,E01026044,ALL,1
GP_PRAC_PAT_LIST,01/07/2026,C83011,MILLVIEW MEDICAL CENTRE,E01026045,ALL,1
GP_PRAC_PAT_LIST,01/07/2026,C83011,MILLVIEW MEDICAL CENTRE,E01026054,ALL,1
GP_PRAC_PAT_LIST,01/07/2026,C83011,MILLVIEW MEDICAL CENTRE,E01026058,ALL,1
GP_PRAC_PAT_LIST,01/07/2026,C83011,MILLVIEW MEDICAL CENTRE,E01026114,ALL,1
GP_PRAC_PAT_LIST,01/07/2026,C83011,MILLVIEW MEDICAL CENTRE,E01026125,ALL,2
GP_PRAC_PAT_LIST,01/07/2026,C83011,MILLVIEW MEDICAL CENTRE,E01026126,ALL,1
GP_PRAC_PAT_LIST,01/07/2026,C83011,MILLVIEW MEDICAL CENTRE,E01026136,ALL,1
GP_PRAC_PAT_LIST,01/07/2026,C83011,MILLVIEW MEDICAL CENTRE,E01026166,ALL,1
GP_PRAC_PAT_LIST,01/07/2026,C83011,MILLVIEW MEDICAL CENTRE,E01026168,ALL,1
GP_PRAC_PAT_LIST,01/07/2026,C83011,MILLVIEW MEDICAL CENTRE,E01026180,ALL,10
GP_PRAC_PAT_LIST,01/07/2026,C83011,MILLVIEW MEDICAL CENTRE,E01026183,ALL,3
GP_PRAC_PAT_LIST,01/07/2026,C83011,MILLVIEW MEDICAL CENTRE,E01026184,ALL,1
GP_PRAC_PAT_LIST,01/07/2026,C83011,MILLVIEW MEDICAL CENTRE,E01026188,ALL,1
GP_PRAC_PAT_LIST,01/07/2026,C83011,MILLVIEW MEDICAL CENTRE,E01026190,ALL,1
GP_PRAC_PAT_LIST,01/07/2026,C83011,MILLVIEW MEDICAL CENTRE,E01026194,ALL,3
GP_PRAC_PAT_LIST,01/07/2026,C83011,MILLVIEW MEDICAL CENTRE,E01026197,ALL,146
GP_PRAC_PAT_LIST,01/07/2026,C83011,MILLVIEW MEDICAL CENTRE,E01026198,ALL,43
GP_PRAC_PAT_LIST,01/07/2026,C83011,MILLVIEW MEDICAL CENTRE,E01026200,ALL,1375
GP_PRAC_PAT_LIST,01/07/2026,C83011,MILLVIEW MEDICAL CENTRE,E01026201,ALL,1273
GP_PRAC_PAT_LIST,01/07/2026,C83011,MILLVIEW MEDICAL CENTRE,E01026202,ALL,1716
GP_PRAC_PAT_LIST,01/07/2026,C83011,MILLVIEW MEDICAL CENTRE,E01026207,ALL,130
GP_PRAC_PAT_LIST,01/07/2026,C83011,MILLVIEW MEDICAL CENTRE,E01026208,ALL,598
GP_PRAC_PAT_LIST,01/07/2026,C83011,MILLVIEW MEDICAL CENTRE,E01026209,ALL,291
GP_PRAC_PAT_LIST,01/07/2026,C83011,MILLVIEW MEDICAL CENTRE,E01026210,ALL,1
GP_PRAC_PAT_LIST,01/07/2026,C83011,MILLVIEW MEDICAL CENTRE,E01026221,ALL,282
GP_PRAC_PAT_LIST,01/07/2026,C83011,MILLVIEW MEDICAL CENTRE,E01026222,ALL,112
GP_PRAC_PAT_LIST,01/07/2026,C83011,MILLVIEW MEDICAL CENTRE,E01026223,ALL,118
GP_PRAC_PAT_LIST,01/07/2026,C83011,MILLVIEW MEDICAL CENTRE,E01026224,ALL,82
GP_PRAC_PAT_LIST,01/07/2026,C83011,MILLVIEW MEDICAL CENTRE,E01026227,ALL,461
GP_PRAC_PAT_LIST,01/07/2026,C83011,MILLVIEW MEDICAL CENTRE,E01026228,ALL,598
GP_PRAC_PAT_LIST,01/07/2026,C83011,MILLVIEW MEDICAL CENTRE,E01026229,ALL,620
GP_PRAC_PAT_LIST,01/07/2026,C83011,MILLVIEW MEDICAL CENTRE,E01026230,ALL,647
GP_PRAC_PAT_LIST,01/07/2026,C83011,MILLVIEW MEDICAL CENTRE,E01026231,ALL,1315
GP_PRAC_PAT_LIST,01/07/2026,C83011,MILLVIEW MEDICAL CENTRE,E01026232,ALL,548
GP_PRAC_PAT_LIST,01/07/2026,C83011,MILLVIEW MEDICAL CENTRE,E01026233,ALL,522
GP_PRAC_PAT_LIST,01/07/2026,C83011,MILLVIEW MEDICAL CENTRE,E01026235,ALL,473
GP_PRAC_PAT_LIST,01/07/2026,C83011,MILLVIEW MEDICAL CENTRE,E01026236,ALL,345
GP_PRAC_PAT_LIST,01/07/2026,C83011,MILLVIEW MEDICAL CENTRE,E01026282,ALL,1
GP_PRAC_PAT_LIST,01/07/2026,C83011,MILLVIEW MEDICAL CENTRE,E01026290,ALL,1
GP_PRAC_PAT_LIST,01/07/2026,C83011,MILLVIEW MEDICAL CENTRE,E01026291,ALL,1
GP_PRAC_PAT_LIST,01/07/2026,C83011,MILLVIEW MEDICAL CENTRE,E01026310,ALL,2
GP_PRAC_PAT_LIST,01/07/2026,C83011,MILLVIEW MEDICAL CENTRE,E01026312,ALL,3
GP_PRAC_PAT_LIST,01/07/2026,C83011,MILLVIEW MEDICAL CENTRE,E01026313,ALL,1
GP_PRAC_PAT_LIST,01/07/2026,C83011,MILLVIEW MEDICAL CENTRE,E01026317,ALL,6
GP_PRAC_PAT_LIST,01/07/2026,C83011,MILLVIEW MEDICAL CENTRE,E01026321,ALL,1
GP_PRAC_PAT_LIST,01/07/2026,C83011,MILLVIEW MEDICAL CENTRE,E01026322,ALL,2
GP_PRAC_PAT_LIST,01/07/2026,C83011,MILLVIEW MEDICAL CENTRE,E01026326,ALL,1
GP_PRAC_PAT_LIST,01/07/2026,C83011,MILLVIEW MEDICAL CENTRE,E01026327,ALL,2
GP_PRAC_PAT_LIST,01/07/2026,C83011,MILLVIEW MEDICAL CENTRE,E01026328,ALL,1
GP_PRAC_PAT_LIST,01/07/2026,C83011,MILLVIEW MEDICAL CENTRE,E01026340,ALL,2
GP_PRAC_PAT_LIST,01/07/2026,C83011,MILLVIEW MEDICAL CENTRE,E01026352,ALL,1
GP_PRAC_PAT_LIST,01/07/2026,C83011,MILLVIEW MEDICAL CENTRE,E01026354,ALL,3
GP_PRAC_PAT_LIST,01/07/2026,C83011,MILLVIEW MEDICAL CENTRE,E01026361,ALL,3
GP_PRAC_PAT_LIST,01/07/2026,C83011,MILLVIEW MEDICAL CENTRE,E01028035,ALL,1
GP_PRAC_PAT_LIST,01/07/2026,C83011,MILLVIEW MEDICAL CENTRE,E01028288,ALL,1
GP_PRAC_PAT_LIST,01/07/2026,C83011,MILLVIEW MEDICAL CENTRE,E01030422,ALL,1
GP_PRAC_PAT_LIST,01/07/2026,C83011,MILLVIEW MEDICAL CENTRE,E01032994,ALL,1
GP_PRAC_PAT_LIST,01/07/2026,C83011,MILLVIEW MEDICAL CENTRE,E01034695,ALL,338
GP_PRAC_PAT_LIST,01/07/2026,C83011,MILLVIEW MEDICAL CENTRE,E01034696,ALL,549
GP_PRAC_PAT_LIST,01/07/2026,C83011,MILLVIEW MEDICAL CENTRE,E01034967,ALL,1
GP_PRAC_PAT_LIST,01/07/2026,C83011,MILLVIEW MEDICAL CENTRE,E01035478,ALL,1
GP_PRAC_PAT_LIST,01/07/2026,C83011,MILLVIEW MEDICAL CENTRE,EMPTY,ALL,5
GP_PRAC_PAT_LIST,01/07/2026,C83013,RUSKINGTON SURGERY,E01003833,ALL,1
GP_PRAC_PAT_LIST,01/07/2026,C83013,RUSKINGTON SURGERY,E01026139,ALL,1
GP_PRAC_PAT_LIST,01/07/2026,C83013,RUSKINGTON SURGERY,E01026153,ALL,1
GP_PRAC_PAT_LIST,01/07/2026,C83013,RUSKINGTON SURGERY,E01026178,ALL,1
GP_PRAC_PAT_LIST,01/07/2026,C83013,RUSKINGTON SURGERY,E01026179,ALL,376
GP_PRAC_PAT_LIST,01/07/2026,C83013,RUSKINGTON SURGERY,E01026180,ALL,568
GP_PRAC_PAT_LIST,01/07/2026,C83013,RUSKINGTON SURGERY,E01026183,ALL,8
GP_PRAC_PAT_LIST,01/07/2026,C83013,RUSKINGTON SURGERY,E01026184,ALL,1
GP_PRAC_PAT_LIST,01/07/2026,C83013,RUSKINGTON SURGERY,E01026190,ALL,1
GP_PRAC_PAT_LIST,01/07/2026,C83013,RUSKINGTON SURGERY,E01026194,ALL,1
GP_PRAC_PAT_LIST,01/07/2026,C83013,RUSKINGTON SURGERY,E01026197,ALL,238
GP_PRAC_PAT_LIST,01/07/2026,C83013,RUSKINGTON SURGERY,E01026198,ALL,87
GP_PRAC_PAT_LIST,01/07/2026,C83013,RUSKINGTON SURGERY,E01026200,ALL,8
GP_PRAC_PAT_LIST,01/07/2026,C83013,RUSKINGTON SURGERY,E01026201,ALL,1
GP_PRAC_PAT_LIST,01/07/2026,C83013,RUSKINGTON SURGERY,E01026202,ALL,13
GP_PRAC_PAT_LIST,01/07/2026,C83013,RUSKINGTON SURGERY,E01026203,ALL,1
GP_PRAC_PAT_LIST,01/07/2026,C83013,RUSKINGTON SURGERY,E01026206,ALL,1
GP_PRAC_PAT_LIST,01/07/2026,C83013,RUSKINGTON SURGERY,E01026207,ALL,154
GP_PRAC_PAT_LIST,01/07/2026,C83013,RUSKINGTON SURGERY,E01026208,ALL,166
GP_PRAC_PAT_LIST,01/07/2026,C83013,RUSKINGTON SURGERY,E01026209,ALL,567
GP_PRAC_PAT_LIST,01/07/2026,C83013,RUSKINGTON SURGERY,E01026210,ALL,6
GP_PRAC_PAT_LIST,01/07/2026,C83013,RUSKINGTON SURGERY,E01026211,ALL,2
GP_PRAC_PAT_LIST,01/07/2026,C83013,RUSKINGTON SURGERY,E01026212,ALL,6
GP_PRAC_PAT_LIST,01/07/2026,C83013,RUSKINGTON SURGERY,E01026213,ALL,7
GP_PRAC_PAT_LIST,01/07/2026,C83013,RUSKINGTON SURGERY,E01026221,ALL,11
GP_PRAC_PAT_LIST,01/07/2026,C83013,RUSKINGTON SURGERY,E01026222,ALL,1385
GP_PRAC_PAT_LIST,01/07/2026,C83013,RUSKINGTON SURGERY,E01026223,ALL,1738
GP_PRAC_PAT_LIST,01/07/2026,C83013,RUSKINGTON SURGERY,E01026224,ALL,1337
GP_PRAC_PAT_LIST,01/07/2026,C83013,RUSKINGTON SURGERY,E01026227,ALL,58
GP_PRAC_PAT_LIST,01/07/2026,C83013,RUSKINGTON SURGERY,E01026228,ALL,90
GP_PRAC_PAT_LIST,01/07/2026,C83013,RUSKINGTON SURGERY,E01026229,ALL,168
GP_PRAC_PAT_LIST,01/07/2026,C83013,RUSKINGTON SURGERY,E01026230,ALL,145
GP_PRAC_PAT_LIST,01/07/2026,C83013,RUSKINGTON SURGERY,E01026231,ALL,184
GP_PRAC_PAT_LIST,01/07/2026,C83013,RUSKINGTON SURGERY,E01026232,ALL,114
GP_PRAC_PAT_LIST,01/07/2026,C83013,RUSKINGTON SURGERY,E01026233,ALL,120
GP_PRAC_PAT_LIST,01/07/2026,C83013,RUSKINGTON SURGERY,E01026235,ALL,59
GP_PRAC_PAT_LIST,01/07/2026,C83013,RUSKINGTON SURGERY,E01026236,ALL,72
GP_PRAC_PAT_LIST,01/07/2026,C83013,RUSKINGTON SURGERY,E01026242,ALL,1
GP_PRAC_PAT_LIST,01/07/2026,C83013,RUSKINGTON SURGERY,E01026290,ALL,1
GP_PRAC_PAT_LIST,01/07/2026,C83013,RUSKINGTON SURGERY,E01026319,ALL,2
GP_PRAC_PAT_LIST,01/07/2026,C83013,RUSKINGTON SURGERY,E01026332,ALL,1
GP_PRAC_PAT_LIST,01/07/2026,C83013,RUSKINGTON SURGERY,E01026345,ALL,1
GP_PRAC_PAT_LIST,01/07/2026,C83013,RUSKINGTON SURGERY,E01033394,ALL,1
GP_PRAC_PAT_LIST,01/07/2026,C83013,RUSKINGTON SURGERY,E01034695,ALL,77
GP_PRAC_PAT_LIST,01/07/2026,C83013,RUSKINGTON SURGERY,E01034696,ALL,106
GP_PRAC_PAT_LIST,01/07/2026,C83013,RUSKINGTON SURGERY,EMPTY,ALL,1
GP_PRAC_PAT_LIST,01/07/2026,C83014,BOULTHAM PARK MEDICAL PRACTICE,E01008104,ALL,1
GP_PRAC_PAT_LIST,01/07/2026,C83014,BOULTHAM PARK MEDICAL PRACTICE,E01011334,ALL,1
GP_PRAC_PAT_LIST,01/07/2026,C83014,BOULTHAM PARK MEDICAL PRACTICE,E01026125,ALL,3
GP_PRAC_PAT_LIST,01/07/2026,C83014,BOULTHAM PARK MEDICAL PRACTICE,E01026126,ALL,2
GP_PRAC_PAT_LIST,01/07/2026,C83014,BOULTHAM PARK MEDICAL PRACTICE,E01026127,ALL,19
GP_PRAC_PAT_LIST,01/07/2026,C83014,BOULTHAM PARK MEDICAL PRACTICE,E01026129,ALL,6
GP_PRAC_PAT_LIST,01/07/2026,C83014,BOULTHAM PARK MEDICAL PRACTICE,E01026130,ALL,104
GP_PRAC_PAT_LIST,01/07/2026,C83014,BOULTHAM PARK MEDICAL PRACTICE,E01026131,ALL,27
GP_PRAC_PAT_LIST,01/07/2026,C83014,BOULTHAM PARK MEDICAL PRACTICE,E01026132,ALL,3
GP_PRAC_PAT_LIST,01/07/2026,C83014,BOULTHAM PARK MEDICAL PRACTICE,E01026134,ALL,104
GP_PRAC_PAT_LIST,01/07/2026,C83014,BOULTHAM PARK MEDICAL PRACTICE,E01026135,ALL,1540
GP_PRAC_PAT_LIST,01/07/2026,C83014,BOULTHAM PARK MEDICAL PRACTICE,E01026136,ALL,1337
GP_PRAC_PAT_LIST,01/07/2026,C83014,BOULTHAM PARK MEDICAL PRACTICE,E01026137,ALL,16
GP_PRAC_PAT_LIST,01/07/2026,C83014,BOULTHAM PARK MEDICAL PRACTICE,E01026138,ALL,22
GP_PRAC_PAT_LIST,01/07/2026,C83014,BOULTHAM PARK MEDICAL PRACTICE,E01026139,ALL,56
GP_PRAC_PAT_LIST,01/07/2026,C83014,BOULTHAM PARK MEDICAL PRACTICE,E01026140,ALL,11
GP_PRAC_PAT_LIST,01/07/2026,C83014,BOULTHAM PARK MEDICAL PRACTICE,E01026141,ALL,117
GP_PRAC_PAT_LIST,01/07/2026,C83014,BOULTHAM PARK MEDICAL PRACTICE,E01026142,ALL,30
GP_PRAC_PAT_LIST,01/07/2026,C83014,BOULTHAM PARK MEDICAL PRACTICE,E01026144,ALL,6
GP_PRAC_PAT_LIST,01/07/2026,C83014,BOULTHAM PARK MEDICAL PRACTICE,E01026145,ALL,2
GP_PRAC_PAT_LIST,01/07/2026,C83014,BOULTHAM PARK MEDICAL PRACTICE,E01026146,ALL,1
GP_PRAC_PAT_LIST,01/07/2026,C83014,BOULTHAM PARK MEDICAL PRACTICE,E01026147,ALL,4
GP_PRAC_PAT_LIST,01/07/2026,C83014,BOULTHAM PARK MEDICAL PRACTICE,E01026152,ALL,3
GP_PRAC_PAT_LIST,01/07/2026,C83014,BOULTHAM PARK MEDICAL PRACTICE,E01026156,ALL,1
GP_PRAC_PAT_LIST,01/07/2026,C83014,BOULTHAM PARK MEDICAL PRACTICE,E01026158,ALL,59
GP_PRAC_PAT_LIST,01/07/2026,C83014,BOULTHAM PARK MEDICAL PRACTICE,E01026159,ALL,13
GP_PRAC_PAT_LIST,01/07/2026,C83014,BOULTHAM PARK MEDICAL PRACTICE,E01026160,ALL,12
GP_PRAC_PAT_LIST,01/07/2026,C83014,BOULTHAM PARK MEDICAL PRACTICE,E01026161,ALL,616
GP_PRAC_PAT_LIST,01/07/2026,C83014,BOULTHAM PARK MEDICAL PRACTICE,E01026162,ALL,383
GP_PRAC_PAT_LIST,01/07/2026,C83014,BOULTHAM PARK MEDICAL PRACTICE,E01026163,ALL,18
GP_PRAC_PAT_LIST,01/07/2026,C83014,BOULTHAM PARK MEDICAL PRACTICE,E01026167,ALL,1
GP_PRAC_PAT_LIST,01/07/2026,C83014,BOULTHAM PARK MEDICAL PRACTICE,E01026169,ALL,865
GP_PRAC_PAT_LIST,01/07/2026,C83014,BOULTHAM PARK MEDICAL PRACTICE,E01026170,ALL,921
GP_PRAC_PAT_LIST,01/07/2026,C83014,BOULTHAM PARK MEDICAL PRACTICE,E01026171,ALL,342
GP_PRAC_PAT_LIST,01/07/2026,C83014,BOULTHAM PARK MEDICAL PRACTICE,E01026172,ALL,1291
GP_PRAC_PAT_LIST,01/07/2026,C83014,BOULTHAM PARK MEDICAL PRACTICE,E01026173,ALL,1337
GP_PRAC_PAT_LIST,01/07/2026,C83014,BOULTHAM PARK MEDICAL PRACTICE,E01026174,ALL,36
GP_PRAC_PAT_LIST,01/07/2026,C83014,BOULTHAM PARK MEDICAL PRACTICE,E01026175,ALL,61
GP_PRAC_PAT_LIST,01/07/2026,C83014,BOULTHAM PARK MEDICAL PRACTICE,E01026176,ALL,8
GP_PRAC_PAT_LIST,01/07/2026,C83014,BOULTHAM PARK MEDICAL PRACTICE,E01026177,ALL,2
GP_PRAC_PAT_LIST,01/07/2026,C83014,BOULTHAM PARK MEDICAL PRACTICE,E01026178,ALL,12
GP_PRAC_PAT_LIST,01/07/2026,C83014,BOULTHAM PARK MEDICAL PRACTICE,E01026187,ALL,2
GP_PRAC_PAT_LIST,01/07/2026,C83014,BOULTHAM PARK MEDICAL PRACTICE,E01026188,ALL,2
GP_PRAC_PAT_LIST,01/07/2026,C83014,BOULTHAM PARK MEDICAL PRACTICE,E01026191,ALL,1
GP_PRAC_PAT_LIST,01/07/2026,C83014,BOULTHAM PARK MEDICAL PRACTICE,E01026214,ALL,18
GP_PRAC_PAT_LIST,01/07/2026,C83014,BOULTHAM PARK MEDICAL PRACTICE,E01026215,ALL,25
GP_PRAC_PAT_LIST,01/07/2026,C83014,BOULTHAM PARK MEDICAL PRACTICE,E01026218,ALL,1
GP_PRAC_PAT_LIST,01/07/2026,C83014,BOULTHAM PARK MEDICAL PRACTICE,E01026219,ALL,7
GP_PRAC_PAT_LIST,01/07/2026,C83014,BOULTHAM PARK MEDICAL PRACTICE,E01026220,ALL,17
GP_PRAC_PAT_LIST,01/07/2026,C83014,BOULTHAM PARK MEDICAL PRACTICE,E01026225,ALL,1
GP_PRAC_PAT_LIST,01/07/2026,C83014,BOULTHAM PARK MEDICAL PRACTICE,E01026226,ALL,1
GP_PRAC_PAT_LIST,01/07/2026,C83014,BOULTHAM PARK MEDICAL PRACTICE,E01026237,ALL,7
GP_PRAC_PAT_LIST,01/07/2026,C83014,BOULTHAM PARK MEDICAL PRACTICE,E01026319,ALL,1
GP_PRAC_PAT_LIST,01/07/2026,C83014,BOULTHAM PARK MEDICAL PRACTICE,E01026345,ALL,1
GP_PRAC_PAT_LIST,01/07/2026,C83014,BOULTHAM PARK MEDICAL PRACTICE,E01026366,ALL,1
GP_PRAC_PAT_LIST,01/07/2026,C83014,BOULTHAM PARK MEDICAL PRACTICE,E01026369,ALL,1
GP_PRAC_PAT_LIST,01/07/2026,C83014,BOULTHAM PARK MEDICAL PRACTICE,E01026370,ALL,1
GP_PRAC_PAT_LIST,01/07/2026,C83014,BOULTHAM PARK MEDICAL PRACTICE,E01026393,ALL,2
GP_PRAC_PAT_LIST,01/07/2026,C83014,BOULTHAM PARK MEDICAL PRACTICE,E01028125,ALL,4
GP_PRAC_PAT_LIST,01/07/2026,C83014,BOULTHAM PARK MEDICAL PRACTICE,E01028297,ALL,1
GP_PRAC_PAT_LIST,01/07/2026,C83014,BOULTHAM PARK MEDICAL PRACTICE,E01032989,ALL,1
GP_PRAC_PAT_LIST,01/07/2026,C83014,BOULTHAM PARK MEDICAL PRACTICE,E01032991,ALL,44
GP_PRAC_PAT_LIST,01/07/2026,C83014,BOULTHAM PARK MEDICAL PRACTICE,E01032992,ALL,4
GP_PRAC_PAT_LIST,01/07/2026,C83014,BOULTHAM PARK MEDICAL PRACTICE,E01032993,ALL,2
GP_PRAC_PAT_LIST,01/07/2026,C83014,BOULTHAM PARK MEDICAL PRACTICE,E01032994,ALL,1
GP_PRAC_PAT_LIST,01/07/2026,C83014,BOULTHAM PARK MEDICAL PRACTICE,E01034090,ALL,1
GP_PRAC_PAT_LIST,01/07/2026,C83014,BOULTHAM PARK MEDICAL PRACTICE,E01034689,ALL,15
GP_PRAC_PAT_LIST,01/07/2026,C83014,BOULTHAM PARK MEDICAL PRACTICE,E01034690,ALL,15
GP_PRAC_PAT_LIST,01/07/2026,C83014,BOULTHAM PARK MEDICAL PRACTICE,E01034691,ALL,362
GP_PRAC_PAT_LIST,01/07/2026,C83014,BOULTHAM PARK MEDICAL PRACTICE,E01034692,ALL,291
GP_PRAC_PAT_LIST,01/07/2026,C83014,BOULTHAM PARK MEDICAL PRACTICE,E01034694,ALL,1
GP_PRAC_PAT_LIST,01/07/2026,C83014,BOULTHAM PARK MEDICAL PRACTICE,EMPTY,ALL,3
GP_PRAC_PAT_LIST,01/07/2026,C83015,SWINESHEAD SURGERY,CLOSED,ALL,2
GP_PRAC_PAT_LIST,01/07/2026,C83015,SWINESHEAD SURGERY,E01007090,ALL,1
GP_PRAC_PAT_LIST,01/07/2026,C83015,SWINESHEAD SURGERY,E01008114,ALL,1
GP_PRAC_PAT_LIST,01/07/2026,C83015,SWINESHEAD SURGERY,E01011002,ALL,1
GP_PRAC_PAT_LIST,01/07/2026,C83015,SWINESHEAD SURGERY,E01011440,ALL,1
GP_PRAC_PAT_LIST,01/07/2026,C83015,SWINESHEAD SURGERY,E01013476,ALL,1
GP_PRAC_PAT_LIST,01/07/2026,C83015,SWINESHEAD SURGERY,E01015615,ALL,1
GP_PRAC_PAT_LIST,01/07/2026,C83015,SWINESHEAD SURGERY,E01015645,ALL,1
GP_PRAC_PAT_LIST,01/07/2026,C83015,SWINESHEAD SURGERY,E01017757,ALL,1
GP_PRAC_PAT_LIST,01/07/2026,C83015,SWINESHEAD SURGERY,E01018094,ALL,3
GP_PRAC_PAT_LIST,01/07/2026,C83015,SWINESHEAD SURGERY,E01018159,ALL,2
GP_PRAC_PAT_LIST,01/07/2026,C83015,SWINESHEAD SURGERY,E01020610,ALL,1
GP_PRAC_PAT_LIST,01/07/2026,C83015,SWINESHEAD SURGERY,E01021372,ALL,1
GP_PRAC_PAT_LIST,01/07/2026,C83015,SWINESHEAD SURGERY,E01026007,ALL,3
GP_PRAC_PAT_LIST,01/07/2026,C83015,SWINESHEAD SURGERY,E01026008,ALL,2
GP_PRAC_PAT_LIST,01/07/2026,C83015,SWINESHEAD SURGERY,E01026009,ALL,1
GP_PRAC_PAT_LIST,01/07/2026,C83015,SWINESHEAD SURGERY,E01026010,ALL,5
GP_PRAC_PAT_LIST,01/07/2026,C83015,SWINESHEAD SURGERY,E01026013,ALL,5
GP_PRAC_PAT_LIST,01/07/2026,C83015,SWINESHEAD SURGERY,E01026014,ALL,10
GP_PRAC_PAT_LIST,01/07/2026,C83015,SWINESHEAD SURGERY,E01026015,ALL,5
GP_PRAC_PAT_LIST,01/07/2026,C83015,SWINESHEAD SURGERY,E01026016,ALL,987
GP_PRAC_PAT_LIST,01/07/2026,C83015,SWINESHEAD SURGERY,E01026017,ALL,124
GP_PRAC_PAT_LIST,01/07/2026,C83015,SWINESHEAD SURGERY,E01026018,ALL,377
GP_PRAC_PAT_LIST,01/07/2026,C83015,SWINESHEAD SURGERY,E01026019,ALL,110
GP_PRAC_PAT_LIST,01/07/2026,C83015,SWINESHEAD SURGERY,E01026020,ALL,230
GP_PRAC_PAT_LIST,01/07/2026,C83015,SWINESHEAD SURGERY,E01026021,ALL,7
GP_PRAC_PAT_LIST,01/07/2026,C83015,SWINESHEAD SURGERY,E01026022,ALL,2
GP_PRAC_PAT_LIST,01/07/2026,C83015,SWINESHEAD SURGERY,E01026024,ALL,2
GP_PRAC_PAT_LIST,01/07/2026,C83015,SWINESHEAD SURGERY,E01026025,ALL,2
GP_PRAC_PAT_LIST,01/07/2026,C83015,SWINESHEAD SURGERY,E01026026,ALL,8
GP_PRAC_PAT_LIST,01/07/2026,C83015,SWINESHEAD SURGERY,E01026027,ALL,2
GP_PRAC_PAT_LIST,01/07/2026,C83015,SWINESHEAD SURGERY,E01026028,ALL,8
GP_PRAC_PAT_LIST,01/07/2026,C83015,SWINESHEAD SURGERY,E01026030,ALL,4
GP_PRAC_PAT_LIST,01/07/2026,C83015,SWINESHEAD SURGERY,E01026031,ALL,7
GP_PRAC_PAT_LIST,01/07/2026,C83015,SWINESHEAD SURGERY,E01026032,ALL,10
GP_PRAC_PAT_LIST,01/07/2026,C83015,SWINESHEAD SURGERY,E01026033,ALL,1865
GP_PRAC_PAT_LIST,01/07/2026,C83015,SWINESHEAD SURGERY,E01026034,ALL,1606
GP_PRAC_PAT_LIST,01/07/2026,C83015,SWINESHEAD SURGERY,E01026035,ALL,113
GP_PRAC_PAT_LIST,01/07/2026,C83015,SWINESHEAD SURGERY,E01026036,ALL,1
GP_PRAC_PAT_LIST,01/07/2026,C83015,SWINESHEAD SURGERY,E01026039,ALL,79
GP_PRAC_PAT_LIST,01/07/2026,C83015,SWINESHEAD SURGERY,E01026040,ALL,78
GP_PRAC_PAT_LIST,01/07/2026,C83015,SWINESHEAD SURGERY,E01026041,ALL,32
GP_PRAC_PAT_LIST,01/07/2026,C83015,SWINESHEAD SURGERY,E01026047,ALL,1
GP_PRAC_PAT_LIST,01/07/2026,C83015,SWINESHEAD SURGERY,E01026052,ALL,4
GP_PRAC_PAT_LIST,01/07/2026,C83015,SWINESHEAD SURGERY,E01026053,ALL,1
GP_PRAC_PAT_LIST,01/07/2026,C83015,SWINESHEAD SURGERY,E01026057,ALL,52
GP_PRAC_PAT_LIST,01/07/2026,C83015,SWINESHEAD SURGERY,E01026075,ALL,5
GP_PRAC_PAT_LIST,01/07/2026,C83015,SWINESHEAD SURGERY,E01026098,ALL,2
GP_PRAC_PAT_LIST,01/07/2026,C83015,SWINESHEAD SURGERY,E01026101,ALL,1
GP_PRAC_PAT_LIST,01/07/2026,C83015,SWINESHEAD SURGERY,E01026111,ALL,4
GP_PRAC_PAT_LIST,01/07/2026,C83015,SWINESHEAD SURGERY,E01026118,ALL,1
GP_PRAC_PAT_LIST,01/07/2026,C83015,SWINESHEAD SURGERY,E01026200,ALL,119
GP_PRAC_PAT_LIST,01/07/2026,C83015,SWINESHEAD SURGERY,E01026201,ALL,84
GP_PRAC_PAT_LIST,01/07/2026,C83015,SWINESHEAD SURGERY,E01026202,ALL,102
GP_PRAC_PAT_LIST,01/07/2026,C83015,SWINESHEAD SURGERY,E01026203,ALL,1
GP_PRAC_PAT_LIST,01/07/2026,C83015,SWINESHEAD SURGERY,E01026207,ALL,26
GP_PRAC_PAT_LIST,01/07/2026,C83015,SWINESHEAD SURGERY,E01026208,ALL,3
GP_PRAC_PAT_LIST,01/07/2026,C83015,SWINESHEAD SURGERY,E01026209,ALL,1
GP_PRAC_PAT_LIST,01/07/2026,C83015,SWINESHEAD SURGERY,E01026213,ALL,3
GP_PRAC_PAT_LIST,01/07/2026,C83015,SWINESHEAD SURGERY,E01026221,ALL,10
GP_PRAC_PAT_LIST,01/07/2026,C83015,SWINESHEAD SURGERY,E01026223,ALL,1
GP_PRAC_PAT_LIST,01/07/2026,C83015,SWINESHEAD SURGERY,E01026229,ALL,8
GP_PRAC_PAT_LIST,01/07/2026,C83015,SWINESHEAD SURGERY,E01026231,ALL,2
GP_PRAC_PAT_LIST,01/07/2026,C83015,SWINESHEAD SURGERY,E01026233,ALL,3
GP_PRAC_PAT_LIST,01/07/2026,C83015,SWINESHEAD SURGERY,E01026235,ALL,2
GP_PRAC_PAT_LIST,01/07/2026,C83015,SWINESHEAD SURGERY,E01026241,ALL,1
GP_PRAC_PAT_LIST,01/07/2026,C83015,SWINESHEAD SURGERY,E01026242,ALL,1040
GP_PRAC_PAT_LIST,01/07/2026,C83015,SWINESHEAD SURGERY,E01026243,ALL,782
GP_PRAC_PAT_LIST,01/07/2026,C83015,SWINESHEAD SURGERY,E01026244,ALL,278
GP_PRAC_PAT_LIST,01/07/2026,C83015,SWINESHEAD SURGERY,E01026247,ALL,157
GP_PRAC_PAT_LIST,01/07/2026,C83015,SWINESHEAD SURGERY,E01026248,ALL,1
GP_PRAC_PAT_LIST,01/07/2026,C83015,SWINESHEAD SURGERY,E01026252,ALL,2
GP_PRAC_PAT_LIST,01/07/2026,C83015,SWINESHEAD SURGERY,E01026258,ALL,13
GP_PRAC_PAT_LIST,01/07/2026,C83015,SWINESHEAD SURGERY,E01026259,ALL,3
GP_PRAC_PAT_LIST,01/07/2026,C83015,SWINESHEAD SURGERY,E01026260,ALL,19
GP_PRAC_PAT_LIST,01/07/2026,C83015,SWINESHEAD SURGERY,E01026262,ALL,3
GP_PRAC_PAT_LIST,01/07/2026,C83015,SWINESHEAD SURGERY,E01026263,ALL,4
GP_PRAC_PAT_LIST,01/07/2026,C83015,SWINESHEAD SURGERY,E01026265,ALL,1
GP_PRAC_PAT_LIST,01/07/2026,C83015,SWINESHEAD SURGERY,E01026266,ALL,2
GP_PRAC_PAT_LIST,01/07/2026,C83015,SWINESHEAD SURGERY,E01026268,ALL,5
GP_PRAC_PAT_LIST,01/07/2026,C83015,SWINESHEAD SURGERY,E01026269,ALL,8
GP_PRAC_PAT_LIST,01/07/2026,C83015,SWINESHEAD SURGERY,E01026270,ALL,1
GP_PRAC_PAT_LIST,01/07/2026,C83015,SWINESHEAD SURGERY,E01026271,ALL,1
GP_PRAC_PAT_LIST,01/07/2026,C83015,SWINESHEAD SURGERY,E01026273,ALL,2
GP_PRAC_PAT_LIST,01/07/2026,C83015,SWINESHEAD SURGERY,E01026276,ALL,108
GP_PRAC_PAT_LIST,01/07/2026,C83015,SWINESHEAD SURGERY,E01026281,ALL,6
GP_PRAC_PAT_LIST,01/07/2026,C83015,SWINESHEAD SURGERY,E01026282,ALL,3
GP_PRAC_PAT_LIST,01/07/2026,C83015,SWINESHEAD SURGERY,E01026283,ALL,1
GP_PRAC_PAT_LIST,01/07/2026,C83015,SWINESHEAD SURGERY,E01026284,ALL,2
GP_PRAC_PAT_LIST,01/07/2026,C83015,SWINESHEAD SURGERY,E01026290,ALL,1
GP_PRAC_PAT_LIST,01/07/2026,C83015,SWINESHEAD SURGERY,E01026346,ALL,1
GP_PRAC_PAT_LIST,01/07/2026,C83015,SWINESHEAD SURGERY,E01026361,ALL,16
GP_PRAC_PAT_LIST,01/07/2026,C83015,SWINESHEAD SURGERY,E01026390,ALL,1
GP_PRAC_PAT_LIST,01/07/2026,C83015,SWINESHEAD SURGERY,E01026411,ALL,1
GP_PRAC_PAT_LIST,01/07/2026,C83015,SWINESHEAD SURGERY,E01026781,ALL,1
GP_PRAC_PAT_LIST,01/07/2026,C83015,SWINESHEAD SURGERY,E01032527,ALL,1
GP_PRAC_PAT_LIST,01/07/2026,C83015,SWINESHEAD SURGERY,E01032995,ALL,2
GP_PRAC_PAT_LIST,01/07/2026,C83015,SWINESHEAD SURGERY,E01033174,ALL,1
GP_PRAC_PAT_LIST,01/07/2026,C83015,SWINESHEAD SURGERY,E01033407,ALL,1
GP_PRAC_PAT_LIST,01/07/2026,C83015,SWINESHEAD SURGERY,E01034679,ALL,12
GP_PRAC_PAT_LIST,01/07/2026,C83015,SWINESHEAD SURGERY,E01034683,ALL,45
GP_PRAC_PAT_LIST,01/07/2026,C83015,SWINESHEAD SURGERY,E01034684,ALL,50
GP_PRAC_PAT_LIST,01/07/2026,C83015,SWINESHEAD SURGERY,E01034695,ALL,2
GP_PRAC_PAT_LIST,01/07/2026,C83015,SWINESHEAD SURGERY,E01034697,ALL,1
GP_PRAC_PAT_LIST,01/07/2026,C83015,SWINESHEAD SURGERY,E01034701,ALL,7
GP_PRAC_PAT_LIST,01/07/2026,C83015,SWINESHEAD SURGERY,EMPTY,ALL,6
GP_PRAC_PAT_LIST,01/07/2026,C83018,CLEVELAND SURGERY,CLOSED,ALL,10
GP_PRAC_PAT_LIST,01/07/2026,C83018,CLEVELAND SURGERY,E01001261,ALL,1
GP_PRAC_PAT_LIST,01/07/2026,C83018,CLEVELAND SURGERY,E01001501,ALL,1
GP_PRAC_PAT_LIST,01/07/2026,C83018,CLEVELAND SURGERY,E01001540,ALL,1
GP_PRAC_PAT_LIST,01/07/2026,C83018,CLEVELAND SURGERY,E01003240,ALL,1
GP_PRAC_PAT_LIST,01/07/2026,C83018,CLEVELAND SURGERY,E01004622,ALL,1
GP_PRAC_PAT_LIST,01/07/2026,C83018,CLEVELAND SURGERY,E01005284,ALL,1
GP_PRAC_PAT_LIST,01/07/2026,C83018,CLEVELAND SURGERY,E01007384,ALL,3
GP_PRAC_PAT_LIST,01/07/2026,C83018,CLEVELAND SURGERY,E01007626,ALL,3
GP_PRAC_PAT_LIST,01/07/2026,C83018,CLEVELAND SURGERY,E01007791,ALL,1
GP_PRAC_PAT_LIST,01/07/2026,C83018,CLEVELAND SURGERY,E01007866,ALL,1
GP_PRAC_PAT_LIST,01/07/2026,C83018,CLEVELAND SURGERY,E01008047,ALL,1
GP_PRAC_PAT_LIST,01/07/2026,C83018,CLEVELAND SURGERY,E01010465,ALL,1
GP_PRAC_PAT_LIST,01/07/2026,C83018,CLEVELAND SURGERY,E01010978,ALL,1
GP_PRAC_PAT_LIST,01/07/2026,C83018,CLEVELAND SURGERY,E01011084,ALL,1
GP_PRAC_PAT_LIST,01/07/2026,C83018,CLEVELAND SURGERY,E01011492,ALL,1
GP_PRAC_PAT_LIST,01/07/2026,C83018,CLEVELAND SURGERY,E01012966,ALL,2
GP_PRAC_PAT_LIST,01/07/2026,C83018,CLEVELAND SURGERY,E01013159,ALL,2
GP_PRAC_PAT_LIST,01/07/2026,C83018,CLEVELAND SURGERY,E01013179,ALL,1
GP_PRAC_PAT_LIST,01/07/2026,C83018,CLEVELAND SURGERY,E01013188,ALL,1
GP_PRAC_PAT_LIST,01/07/2026,C83018,CLEVELAND SURGERY,E01013236,ALL,1
GP_PRAC_PAT_LIST,01/07/2026,C83018,CLEVELAND SURGERY,E01013247,ALL,1
GP_PRAC_PAT_LIST,01/07/2026,C83018,CLEVELAND SURGERY,E01013249,ALL,1
GP_PRAC_PAT_LIST,01/07/2026,C83018,CLEVELAND SURGERY,E01013250,ALL,2
GP_PRAC_PAT_LIST,01/07/2026,C83018,CLEVELAND SURGERY,E01013253,ALL,1
GP_PRAC_PAT_LIST,01/07/2026,C83018,CLEVELAND SURGERY,E01013260,ALL,1
GP_PRAC_PAT_LIST,01/07/2026,C83018,CLEVELAND SURGERY,E01013263,ALL,1
GP_PRAC_PAT_LIST,01/07/2026,C83018,CLEVELAND SURGERY,E01013279,ALL,1
GP_PRAC_PAT_LIST,01/07/2026,C83018,CLEVELAND SURGERY,E01013284,ALL,1
GP_PRAC_PAT_LIST,01/07/2026,C83018,CLEVELAND SURGERY,E01013292,ALL,1
GP_PRAC_PAT_LIST,01/07/2026,C83018,CLEVELAND SURGERY,E01013315,ALL,1
GP_PRAC_PAT_LIST,01/07/2026,C83018,CLEVELAND SURGERY,E01013318,ALL,1
GP_PRAC_PAT_LIST,01/07/2026,C83018,CLEVELAND SURGERY,E01013319,ALL,1
GP_PRAC_PAT_LIST,01/07/2026,C83018,CLEVELAND SURGERY,E01013320,ALL,1
GP_PRAC_PAT_LIST,01/07/2026,C83018,CLEVELAND SURGERY,E01013322,ALL,5
GP_PRAC_PAT_LIST,01/07/2026,C83018,CLEVELAND SURGERY,E01013323,ALL,3
GP_PRAC_PAT_LIST,01/07/2026,C83018,CLEVELAND SURGERY,E01013332,ALL,1
GP_PRAC_PAT_LIST,01/07/2026,C83018,CLEVELAND SURGERY,E01013400,ALL,1
GP_PRAC_PAT_LIST,01/07/2026,C83018,CLEVELAND SURGERY,E01013855,ALL,1
GP_PRAC_PAT_LIST,01/07/2026,C83018,CLEVELAND SURGERY,E01018092,ALL,1
GP_PRAC_PAT_LIST,01/07/2026,C83018,CLEVELAND SURGERY,E01019782,ALL,1
GP_PRAC_PAT_LIST,01/07/2026,C83018,CLEVELAND SURGERY,E01020867,ALL,1
GP_PRAC_PAT_LIST,01/07/2026,C83018,CLEVELAND SURGERY,E01025722,ALL,1
GP_PRAC_PAT_LIST,01/07/2026,C83018,CLEVELAND SURGERY,E01026025,ALL,1
GP_PRAC_PAT_LIST,01/07/2026,C83018,CLEVELAND SURGERY,E01026052,ALL,2
GP_PRAC_PAT_LIST,01/07/2026,C83018,CLEVELAND SURGERY,E01026076,ALL,1
GP_PRAC_PAT_LIST,01/07/2026,C83018,CLEVELAND SURGERY,E01026122,ALL,3
GP_PRAC_PAT_LIST,01/07/2026,C83018,CLEVELAND SURGERY,E01026123,ALL,2
GP_PRAC_PAT_LIST,01/07/2026,C83018,CLEVELAND SURGERY,E01026124,ALL,1
GP_PRAC_PAT_LIST,01/07/2026,C83018,CLEVELAND SURGERY,E01026125,ALL,3
GP_PRAC_PAT_LIST,01/07/2026,C83018,CLEVELAND SURGERY,E01026129,ALL,1
GP_PRAC_PAT_LIST,01/07/2026,C83018,CLEVELAND SURGERY,E01026132,ALL,1
GP_PRAC_PAT_LIST,01/07/2026,C83018,CLEVELAND SURGERY,E01026134,ALL,1
GP_PRAC_PAT_LIST,01/07/2026,C83018,CLEVELAND SURGERY,E01026139,ALL,1
GP_PRAC_PAT_LIST,01/07/2026,C83018,CLEVELAND SURGERY,E01026142,ALL,1
GP_PRAC_PAT_LIST,01/07/2026,C83018,CLEVELAND SURGERY,E01026149,ALL,2
GP_PRAC_PAT_LIST,01/07/2026,C83018,CLEVELAND SURGERY,E01026154,ALL,1
GP_PRAC_PAT_LIST,01/07/2026,C83018,CLEVELAND SURGERY,E01026161,ALL,1
GP_PRAC_PAT_LIST,01/07/2026,C83018,CLEVELAND SURGERY,E01026170,ALL,1
GP_PRAC_PAT_LIST,01/07/2026,C83018,CLEVELAND SURGERY,E01026173,ALL,3
GP_PRAC_PAT_LIST,01/07/2026,C83018,CLEVELAND SURGERY,E01026174,ALL,1
GP_PRAC_PAT_LIST,01/07/2026,C83018,CLEVELAND SURGERY,E01026176,ALL,1
GP_PRAC_PAT_LIST,01/07/2026,C83018,CLEVELAND SURGERY,E01026188,ALL,1
GP_PRAC_PAT_LIST,01/07/2026,C83018,CLEVELAND SURGERY,E01026220,ALL,1
GP_PRAC_PAT_LIST,01/07/2026,C83018,CLEVELAND SURGERY,E01026221,ALL,1
GP_PRAC_PAT_LIST,01/07/2026,C83018,CLEVELAND SURGERY,E01026308,ALL,1
GP_PRAC_PAT_LIST,01/07/2026,C83018,CLEVELAND SURGERY,E01026312,ALL,1
GP_PRAC_PAT_LIST,01/07/2026,C83018,CLEVELAND SURGERY,E01026329,ALL,1
GP_PRAC_PAT_LIST,01/07/2026,C83018,CLEVELAND SURGERY,E01026366,ALL,1
GP_PRAC_PAT_LIST,01/07/2026,C83018,CLEVELAND SURGERY,E01026367,ALL,1
GP_PRAC_PAT_LIST,01/07/2026,C83018,CLEVELAND SURGERY,E01026374,ALL,780
GP_PRAC_PAT_LIST,01/07/2026,C83018,CLEVELAND SURGERY,E01026375,ALL,870
GP_PRAC_PAT_LIST,01/07/2026,C83018,CLEVELAND SURGERY,E01026376,ALL,787
GP_PRAC_PAT_LIST,01/07/2026,C83018,CLEVELAND SURGERY,E01026377,ALL,1202
GP_PRAC_PAT_LIST,01/07/2026,C83018,CLEVELAND SURGERY,E01026378,ALL,907
GP_PRAC_PAT_LIST,01/07/2026,C83018,CLEVELAND SURGERY,E01026379,ALL,920
GP_PRAC_PAT_LIST,01/07/2026,C83018,CLEVELAND SURGERY,E01026380,ALL,1427
GP_PRAC_PAT_LIST,01/07/2026,C83018,CLEVELAND SURGERY,E01026381,ALL,967
GP_PRAC_PAT_LIST,01/07/2026,C83018,CLEVELAND SURGERY,E01026382,ALL,1039
GP_PRAC_PAT_LIST,01/07/2026,C83018,CLEVELAND SURGERY,E01026383,ALL,472
GP_PRAC_PAT_LIST,01/07/2026,C83018,CLEVELAND SURGERY,E01026384,ALL,783
GP_PRAC_PAT_LIST,01/07/2026,C83018,CLEVELAND SURGERY,E01026385,ALL,69
GP_PRAC_PAT_LIST,01/07/2026,C83018,CLEVELAND SURGERY,E01026386,ALL,13
GP_PRAC_PAT_LIST,01/07/2026,C83018,CLEVELAND SURGERY,E01026387,ALL,1
GP_PRAC_PAT_LIST,01/07/2026,C83018,CLEVELAND SURGERY,E01026388,ALL,201
GP_PRAC_PAT_LIST,01/07/2026,C83018,CLEVELAND SURGERY,E01026389,ALL,1
GP_PRAC_PAT_LIST,01/07/2026,C83018,CLEVELAND SURGERY,E01026391,ALL,1
GP_PRAC_PAT_LIST,01/07/2026,C83018,CLEVELAND SURGERY,E01026399,ALL,3
GP_PRAC_PAT_LIST,01/07/2026,C83018,CLEVELAND SURGERY,E01026400,ALL,1
GP_PRAC_PAT_LIST,01/07/2026,C83018,CLEVELAND SURGERY,E01026401,ALL,7
GP_PRAC_PAT_LIST,01/07/2026,C83018,CLEVELAND SURGERY,E01026402,ALL,13
GP_PRAC_PAT_LIST,01/07/2026,C83018,CLEVELAND SURGERY,E01026403,ALL,190
GP_PRAC_PAT_LIST,01/07/2026,C83018,CLEVELAND SURGERY,E01026404,ALL,4
GP_PRAC_PAT_LIST,01/07/2026,C83018,CLEVELAND SURGERY,E01026407,ALL,159
GP_PRAC_PAT_LIST,01/07/2026,C83018,CLEVELAND SURGERY,E01026408,ALL,880
GP_PRAC_PAT_LIST,01/07/2026,C83018,CLEVELAND SURGERY,E01026409,ALL,2
GP_PRAC_PAT_LIST,01/07/2026,C83018,CLEVELAND SURGERY,E01026410,ALL,14
GP_PRAC_PAT_LIST,01/07/2026,C83018,CLEVELAND SURGERY,E01027899,ALL,1
GP_PRAC_PAT_LIST,01/07/2026,C83018,CLEVELAND SURGERY,E01027999,ALL,76
GP_PRAC_PAT_LIST,01/07/2026,C83018,CLEVELAND SURGERY,E01028001,ALL,1
GP_PRAC_PAT_LIST,01/07/2026,C83018,CLEVELAND SURGERY,E01028008,ALL,1
GP_PRAC_PAT_LIST,01/07/2026,C83018,CLEVELAND SURGERY,E01028017,ALL,1
GP_PRAC_PAT_LIST,01/07/2026,C83018,CLEVELAND SURGERY,E01028025,ALL,1
GP_PRAC_PAT_LIST,01/07/2026,C83018,CLEVELAND SURGERY,E01028032,ALL,3
GP_PRAC_PAT_LIST,01/07/2026,C83018,CLEVELAND SURGERY,E01028033,ALL,1
GP_PRAC_PAT_LIST,01/07/2026,C83018,CLEVELAND SURGERY,E01028035,ALL,1
GP_PRAC_PAT_LIST,01/07/2026,C83018,CLEVELAND SURGERY,E01028043,ALL,1
GP_PRAC_PAT_LIST,01/07/2026,C83018,CLEVELAND SURGERY,E01028057,ALL,1
GP_PRAC_PAT_LIST,01/07/2026,C83018,CLEVELAND SURGERY,E01028058,ALL,1
GP_PRAC_PAT_LIST,01/07/2026,C83018,CLEVELAND SURGERY,E01028310,ALL,1
GP_PRAC_PAT_LIST,01/07/2026,C83018,CLEVELAND SURGERY,E01029098,ALL,1
GP_PRAC_PAT_LIST,01/07/2026,C83018,CLEVELAND SURGERY,E01030563,ALL,1
GP_PRAC_PAT_LIST,01/07/2026,C83018,CLEVELAND SURGERY,E01030580,ALL,1
GP_PRAC_PAT_LIST,01/07/2026,C83018,CLEVELAND SURGERY,E01032991,ALL,2
GP_PRAC_PAT_LIST,01/07/2026,C83018,CLEVELAND SURGERY,E01033264,ALL,1
GP_PRAC_PAT_LIST,01/07/2026,C83018,CLEVELAND SURGERY,E01034595,ALL,1
GP_PRAC_PAT_LIST,01/07/2026,C83018,CLEVELAND SURGERY,E01034688,ALL,1
GP_PRAC_PAT_LIST,01/07/2026,C83018,CLEVELAND SURGERY,E01035323,ALL,1
GP_PRAC_PAT_LIST,01/07/2026,C83018,CLEVELAND SURGERY,E01035481,ALL,2
GP_PRAC_PAT_LIST,01/07/2026,C83018,CLEVELAND SURGERY,EMPTY,ALL,10
GP_PRAC_PAT_LIST,01/07/2026,C83018,CLEVELAND SURGERY,S01018105,ALL,1
GP_PRAC_PAT_LIST,01/07/2026,C83019,BEACON MEDICAL PRACTICE,CLOSED,ALL,21
GP_PRAC_PAT_LIST,01/07/2026,C83019,BEACON MEDICAL PRACTICE,E01000518,ALL,1
GP_PRAC_PAT_LIST,01/07/2026,C83019,BEACON MEDICAL PRACTICE,E01000941,ALL,1
GP_PRAC_PAT_LIST,01/07/2026,C83019,BEACON MEDICAL PRACTICE,E01001879,ALL,1
GP_PRAC_PAT_LIST,01/07/2026,C83019,BEACON MEDICAL PRACTICE,E01003249,ALL,1
GP_PRAC_PAT_LIST,01/07/2026,C83019,BEACON MEDICAL PRACTICE,E01004888,ALL,1
GP_PRAC_PAT_LIST,01/07/2026,C83019,BEACON MEDICAL PRACTICE,E01005515,ALL,1
GP_PRAC_PAT_LIST,01/07/2026,C83019,BEACON MEDICAL PRACTICE,E01006747,ALL,1
GP_PRAC_PAT_LIST,01/07/2026,C83019,BEACON MEDICAL PRACTICE,E01007338,ALL,1
GP_PRAC_PAT_LIST,01/07/2026,C83019,BEACON MEDICAL PRACTICE,E01007344,ALL,1
GP_PRAC_PAT_LIST,01/07/2026,C83019,BEACON MEDICAL PRACTICE,E01007347,ALL,1
GP_PRAC_PAT_LIST,01/07/2026,C83019,BEACON MEDICAL PRACTICE,E01007546,ALL,1
GP_PRAC_PAT_LIST,01/07/2026,C83019,BEACON MEDICAL PRACTICE,E01007557,ALL,1
GP_PRAC_PAT_LIST,01/07/2026,C83019,BEACON MEDICAL PRACTICE,E01007653,ALL,1
GP_PRAC_PAT_LIST,01/07/2026,C83019,BEACON MEDICAL PRACTICE,E01007777,ALL,1
GP_PRAC_PAT_LIST,01/07/2026,C83019,BEACON MEDICAL PRACTICE,E01007888,ALL,1
GP_PRAC_PAT_LIST,01/07/2026,C83019,BEACON MEDICAL PRACTICE,E01007892,ALL,1
GP_PRAC_PAT_LIST,01/07/2026,C83019,BEACON MEDICAL PRACTICE,E01008059,ALL,1
GP_PRAC_PAT_LIST,01/07/2026,C83019,BEACON MEDICAL PRACTICE,E01008098,ALL,1
GP_PRAC_PAT_LIST,01/07/2026,C83019,BEACON MEDICAL PRACTICE,E01008101,ALL,1
GP_PRAC_PAT_LIST,01/07/2026,C83019,BEACON MEDICAL PRACTICE,E01008122,ALL,1
GP_PRAC_PAT_LIST,01/07/2026,C83019,BEACON MEDICAL PRACTICE,E01008989,ALL,1
GP_PRAC_PAT_LIST,01/07/2026,C83019,BEACON MEDICAL PRACTICE,E01009502,ALL,1
GP_PRAC_PAT_LIST,01/07/2026,C83019,BEACON MEDICAL PRACTICE,E01009584,ALL,1
GP_PRAC_PAT_LIST,01/07/2026,C83019,BEACON MEDICAL PRACTICE,E01009596,ALL,2
GP_PRAC_PAT_LIST,01/07/2026,C83019,BEACON MEDICAL PRACTICE,E01009747,ALL,1
GP_PRAC_PAT_LIST,01/07/2026,C83019,BEACON MEDICAL PRACTICE,E01009751,ALL,1
GP_PRAC_PAT_LIST,01/07/2026,C83019,BEACON MEDICAL PRACTICE,E01009993,ALL,1
GP_PRAC_PAT_LIST,01/07/2026,C83019,BEACON MEDICAL PRACTICE,E01010053,ALL,1
GP_PRAC_PAT_LIST,01/07/2026,C83019,BEACON MEDICAL PRACTICE,E01010864,ALL,1
GP_PRAC_PAT_LIST,01/07/2026,C83019,BEACON MEDICAL PRACTICE,E01010980,ALL,1
GP_PRAC_PAT_LIST,01/07/2026,C83019,BEACON MEDICAL PRACTICE,E01011918,ALL,1
GP_PRAC_PAT_LIST,01/07/2026,C83019,BEACON MEDICAL PRACTICE,E01012992,ALL,1
GP_PRAC_PAT_LIST,01/07/2026,C83019,BEACON MEDICAL PRACTICE,E01013017,ALL,1
GP_PRAC_PAT_LIST,01/07/2026,C83019,BEACON MEDICAL PRACTICE,E01013102,ALL,2
GP_PRAC_PAT_LIST,01/07/2026,C83019,BEACON MEDICAL PRACTICE,E01013174,ALL,1
GP_PRAC_PAT_LIST,01/07/2026,C83019,BEACON MEDICAL PRACTICE,E01013186,ALL,1
GP_PRAC_PAT_LIST,01/07/2026,C83019,BEACON MEDICAL PRACTICE,E01013278,ALL,1
GP_PRAC_PAT_LIST,01/07/2026,C83019,BEACON MEDICAL PRACTICE,E01013460,ALL,1
GP_PRAC_PAT_LIST,01/07/2026,C83019,BEACON MEDICAL PRACTICE,E01013524,ALL,1
GP_PRAC_PAT_LIST,01/07/2026,C83019,BEACON MEDICAL PRACTICE,E01013574,ALL,1
GP_PRAC_PAT_LIST,01/07/2026,C83019,BEACON MEDICAL PRACTICE,E01013616,ALL,1
GP_PRAC_PAT_LIST,01/07/2026,C83019,BEACON MEDICAL PRACTICE,E01013625,ALL,1
GP_PRAC_PAT_LIST,01/07/2026,C83019,BEACON MEDICAL PRACTICE,E01013653,ALL,1
GP_PRAC_PAT_LIST,01/07/2026,C83019,BEACON MEDICAL PRACTICE,E01013812,ALL,2
GP_PRAC_PAT_LIST,01/07/2026,C83019,BEACON MEDICAL PRACTICE,E01015617,ALL,1
GP_PRAC_PAT_LIST,01/07/2026,C83019,BEACON MEDICAL PRACTICE,E01015626,ALL,1
GP_PRAC_PAT_LIST,01/07/2026,C83019,BEACON MEDICAL PRACTICE,E01016843,ALL,1
GP_PRAC_PAT_LIST,01/07/2026,C83019,BEACON MEDICAL PRACTICE,E01018203,ALL,1
GP_PRAC_PAT_LIST,01/07/2026,C83019,BEACON MEDICAL PRACTICE,E01019406,ALL,1
GP_PRAC_PAT_LIST,01/07/2026,C83019,BEACON MEDICAL PRACTICE,E01019531,ALL,1
GP_PRAC_PAT_LIST,01/07/2026,C83019,BEACON MEDICAL PRACTICE,E01019547,ALL,1
GP_PRAC_PAT_LIST,01/07/2026,C83019,BEACON MEDICAL PRACTICE,E01019627,ALL,1
GP_PRAC_PAT_LIST,01/07/2026,C83019,BEACON MEDICAL PRACTICE,E01019777,ALL,1
GP_PRAC_PAT_LIST,01/07/2026,C83019,BEACON MEDICAL PRACTICE,E01019865,ALL,1
GP_PRAC_PAT_LIST,01/07/2026,C83019,BEACON MEDICAL PRACTICE,E01021905,ALL,1
GP_PRAC_PAT_LIST,01/07/2026,C83019,BEACON MEDICAL PRACTICE,E01024975,ALL,1
GP_PRAC_PAT_LIST,01/07/2026,C83019,BEACON MEDICAL PRACTICE,E01025024,ALL,1
GP_PRAC_PAT_LIST,01/07/2026,C83019,BEACON MEDICAL PRACTICE,E01025657,ALL,1
GP_PRAC_PAT_LIST,01/07/2026,C83019,BEACON MEDICAL PRACTICE,E01025662,ALL,1
GP_PRAC_PAT_LIST,01/07/2026,C83019,BEACON MEDICAL PRACTICE,E01026007,ALL,3
GP_PRAC_PAT_LIST,01/07/2026,C83019,BEACON MEDICAL PRACTICE,E01026008,ALL,1
GP_PRAC_PAT_LIST,01/07/2026,C83019,BEACON MEDICAL PRACTICE,E01026009,ALL,1
GP_PRAC_PAT_LIST,01/07/2026,C83019,BEACON MEDICAL PRACTICE,E01026014,ALL,2
GP_PRAC_PAT_LIST,01/07/2026,C83019,BEACON MEDICAL PRACTICE,E01026024,ALL,6
GP_PRAC_PAT_LIST,01/07/2026,C83019,BEACON MEDICAL PRACTICE,E01026025,ALL,2
GP_PRAC_PAT_LIST,01/07/2026,C83019,BEACON MEDICAL PRACTICE,E01026036,ALL,1
GP_PRAC_PAT_LIST,01/07/2026,C83019,BEACON MEDICAL PRACTICE,E01026042,ALL,7
GP_PRAC_PAT_LIST,01/07/2026,C83019,BEACON MEDICAL PRACTICE,E01026043,ALL,3
GP_PRAC_PAT_LIST,01/07/2026,C83019,BEACON MEDICAL PRACTICE,E01026044,ALL,20
GP_PRAC_PAT_LIST,01/07/2026,C83019,BEACON MEDICAL PRACTICE,E01026045,ALL,1
GP_PRAC_PAT_LIST,01/07/2026,C83019,BEACON MEDICAL PRACTICE,E01026046,ALL,605
GP_PRAC_PAT_LIST,01/07/2026,C83019,BEACON MEDICAL PRACTICE,E01026047,ALL,329
GP_PRAC_PAT_LIST,01/07/2026,C83019,BEACON MEDICAL PRACTICE,E01026048,ALL,1615
GP_PRAC_PAT_LIST,01/07/2026,C83019,BEACON MEDICAL PRACTICE,E01026049,ALL,1294
GP_PRAC_PAT_LIST,01/07/2026,C83019,BEACON MEDICAL PRACTICE,E01026050,ALL,1551
GP_PRAC_PAT_LIST,01/07/2026,C83019,BEACON MEDICAL PRACTICE,E01026054,ALL,1
GP_PRAC_PAT_LIST,01/07/2026,C83019,BEACON MEDICAL PRACTICE,E01026055,ALL,99
GP_PRAC_PAT_LIST,01/07/2026,C83019,BEACON MEDICAL PRACTICE,E01026056,ALL,387
GP_PRAC_PAT_LIST,01/07/2026,C83019,BEACON MEDICAL PRACTICE,E01026058,ALL,1
GP_PRAC_PAT_LIST,01/07/2026,C83019,BEACON MEDICAL PRACTICE,E01026059,ALL,1
GP_PRAC_PAT_LIST,01/07/2026,C83019,BEACON MEDICAL PRACTICE,E01026064,ALL,2
GP_PRAC_PAT_LIST,01/07/2026,C83019,BEACON MEDICAL PRACTICE,E01026065,ALL,1
GP_PRAC_PAT_LIST,01/07/2026,C83019,BEACON MEDICAL PRACTICE,E01026067,ALL,1
GP_PRAC_PAT_LIST,01/07/2026,C83019,BEACON MEDICAL PRACTICE,E01026068,ALL,15
GP_PRAC_PAT_LIST,01/07/2026,C83019,BEACON MEDICAL PRACTICE,E01026069,ALL,2453
GP_PRAC_PAT_LIST,01/07/2026,C83019,BEACON MEDICAL PRACTICE,E01026072,ALL,2
GP_PRAC_PAT_LIST,01/07/2026,C83019,BEACON MEDICAL PRACTICE,E01026073,ALL,3
GP_PRAC_PAT_LIST,01/07/2026,C83019,BEACON MEDICAL PRACTICE,E01026074,ALL,2
GP_PRAC_PAT_LIST,01/07/2026,C83019,BEACON MEDICAL PRACTICE,E01026077,ALL,3
GP_PRAC_PAT_LIST,01/07/2026,C83019,BEACON MEDICAL PRACTICE,E01026078,ALL,1
GP_PRAC_PAT_LIST,01/07/2026,C83019,BEACON MEDICAL PRACTICE,E01026083,ALL,1015
GP_PRAC_PAT_LIST,01/07/2026,C83019,BEACON MEDICAL PRACTICE,E01026084,ALL,1064
GP_PRAC_PAT_LIST,01/07/2026,C83019,BEACON MEDICAL PRACTICE,E01026087,ALL,3
GP_PRAC_PAT_LIST,01/07/2026,C83019,BEACON MEDICAL PRACTICE,E01026089,ALL,1
GP_PRAC_PAT_LIST,01/07/2026,C83019,BEACON MEDICAL PRACTICE,E01026090,ALL,2
GP_PRAC_PAT_LIST,01/07/2026,C83019,BEACON MEDICAL PRACTICE,E01026091,ALL,3
GP_PRAC_PAT_LIST,01/07/2026,C83019,BEACON MEDICAL PRACTICE,E01026092,ALL,691
GP_PRAC_PAT_LIST,01/07/2026,C83019,BEACON MEDICAL PRACTICE,E01026093,ALL,981
GP_PRAC_PAT_LIST,01/07/2026,C83019,BEACON MEDICAL PRACTICE,E01026094,ALL,1441
GP_PRAC_PAT_LIST,01/07/2026,C83019,BEACON MEDICAL PRACTICE,E01026095,ALL,732
GP_PRAC_PAT_LIST,01/07/2026,C83019,BEACON MEDICAL PRACTICE,E01026096,ALL,623
GP_PRAC_PAT_LIST,01/07/2026,C83019,BEACON MEDICAL PRACTICE,E01026097,ALL,689
GP_PRAC_PAT_LIST,01/07/2026,C83019,BEACON MEDICAL PRACTICE,E01026099,ALL,1
GP_PRAC_PAT_LIST,01/07/2026,C83019,BEACON MEDICAL PRACTICE,E01026100,ALL,14
GP_PRAC_PAT_LIST,01/07/2026,C83019,BEACON MEDICAL PRACTICE,E01026101,ALL,2
GP_PRAC_PAT_LIST,01/07/2026,C83019,BEACON MEDICAL PRACTICE,E01026102,ALL,1
GP_PRAC_PAT_LIST,01/07/2026,C83019,BEACON MEDICAL PRACTICE,E01026104,ALL,2
GP_PRAC_PAT_LIST,01/07/2026,C83019,BEACON MEDICAL PRACTICE,E01026110,ALL,307
GP_PRAC_PAT_LIST,01/07/2026,C83019,BEACON MEDICAL PRACTICE,E01026111,ALL,11
GP_PRAC_PAT_LIST,01/07/2026,C83019,BEACON MEDICAL PRACTICE,E01026112,ALL,367
GP_PRAC_PAT_LIST,01/07/2026,C83019,BEACON MEDICAL PRACTICE,E01026113,ALL,486
GP_PRAC_PAT_LIST,01/07/2026,C83019,BEACON MEDICAL PRACTICE,E01026114,ALL,1126
GP_PRAC_PAT_LIST,01/07/2026,C83019,BEACON MEDICAL PRACTICE,E01026115,ALL,1179
GP_PRAC_PAT_LIST,01/07/2026,C83019,BEACON MEDICAL PRACTICE,E01026116,ALL,982
GP_PRAC_PAT_LIST,01/07/2026,C83019,BEACON MEDICAL PRACTICE,E01026117,ALL,4
GP_PRAC_PAT_LIST,01/07/2026,C83019,BEACON MEDICAL PRACTICE,E01026121,ALL,1
GP_PRAC_PAT_LIST,01/07/2026,C83019,BEACON MEDICAL PRACTICE,E01026125,ALL,2
GP_PRAC_PAT_LIST,01/07/2026,C83019,BEACON MEDICAL PRACTICE,E01026131,ALL,1
GP_PRAC_PAT_LIST,01/07/2026,C83019,BEACON MEDICAL PRACTICE,E01026176,ALL,1
GP_PRAC_PAT_LIST,01/07/2026,C83019,BEACON MEDICAL PRACTICE,E01026177,ALL,1
GP_PRAC_PAT_LIST,01/07/2026,C83019,BEACON MEDICAL PRACTICE,E01026220,ALL,1
GP_PRAC_PAT_LIST,01/07/2026,C83019,BEACON MEDICAL PRACTICE,E01026244,ALL,1
GP_PRAC_PAT_LIST,01/07/2026,C83019,BEACON MEDICAL PRACTICE,E01026281,ALL,1
GP_PRAC_PAT_LIST,01/07/2026,C83019,BEACON MEDICAL PRACTICE,E01026323,ALL,1
GP_PRAC_PAT_LIST,01/07/2026,C83019,BEACON MEDICAL PRACTICE,E01026345,ALL,1
GP_PRAC_PAT_LIST,01/07/2026,C83019,BEACON MEDICAL PRACTICE,E01026377,ALL,1
GP_PRAC_PAT_LIST,01/07/2026,C83019,BEACON MEDICAL PRACTICE,E01026384,ALL,1
GP_PRAC_PAT_LIST,01/07/2026,C83019,BEACON MEDICAL PRACTICE,E01026398,ALL,1
GP_PRAC_PAT_LIST,01/07/2026,C83019,BEACON MEDICAL PRACTICE,E01027006,ALL,1
GP_PRAC_PAT_LIST,01/07/2026,C83019,BEACON MEDICAL PRACTICE,E01027072,ALL,1
GP_PRAC_PAT_LIST,01/07/2026,C83019,BEACON MEDICAL PRACTICE,E01027263,ALL,1
GP_PRAC_PAT_LIST,01/07/2026,C83019,BEACON MEDICAL PRACTICE,E01027297,ALL,1
GP_PRAC_PAT_LIST,01/07/2026,C83019,BEACON MEDICAL PRACTICE,E01027907,ALL,1
GP_PRAC_PAT_LIST,01/07/2026,C83019,BEACON MEDICAL PRACTICE,E01027977,ALL,1
GP_PRAC_PAT_LIST,01/07/2026,C83019,BEACON MEDICAL PRACTICE,E01028018,ALL,1
GP_PRAC_PAT_LIST,01/07/2026,C83019,BEACON MEDICAL PRACTICE,E01028033,ALL,1
GP_PRAC_PAT_LIST,01/07/2026,C83019,BEACON MEDICAL PRACTICE,E01028277,ALL,1
GP_PRAC_PAT_LIST,01/07/2026,C83019,BEACON MEDICAL PRACTICE,E01028408,ALL,1
GP_PRAC_PAT_LIST,01/07/2026,C83019,BEACON MEDICAL PRACTICE,E01029939,ALL,1
GP_PRAC_PAT_LIST,01/07/2026,C83019,BEACON MEDICAL PRACTICE,E01031205,ALL,1
GP_PRAC_PAT_LIST,01/07/2026,C83019,BEACON MEDICAL PRACTICE,E01032986,ALL,2
GP_PRAC_PAT_LIST,01/07/2026,C83019,BEACON MEDICAL PRACTICE,E01032997,ALL,1
GP_PRAC_PAT_LIST,01/07/2026,C83019,BEACON MEDICAL PRACTICE,E01033264,ALL,1
GP_PRAC_PAT_LIST,01/07/2026,C83019,BEACON MEDICAL PRACTICE,E01033367,ALL,1
GP_PRAC_PAT_LIST,01/07/2026,C83019,BEACON MEDICAL PRACTICE,E01033414,ALL,1
GP_PRAC_PAT_LIST,01/07/2026,C83019,BEACON MEDICAL PRACTICE,E01033889,ALL,1
GP_PRAC_PAT_LIST,01/07/2026,C83019,BEACON MEDICAL PRACTICE,E01034265,ALL,1
GP_PRAC_PAT_LIST,01/07/2026,C83019,BEACON MEDICAL PRACTICE,E01034405,ALL,1
GP_PRAC_PAT_LIST,01/07/2026,C83019,BEACON MEDICAL PRACTICE,E01034616,ALL,1
GP_PRAC_PAT_LIST,01/07/2026,C83019,BEACON MEDICAL PRACTICE,E01034681,ALL,1
GP_PRAC_PAT_LIST,01/07/2026,C83019,BEACON MEDICAL PRACTICE,E01034685,ALL,814
GP_PRAC_PAT_LIST,01/07/2026,C83019,BEACON MEDICAL PRACTICE,E01034686,ALL,1238
GP_PRAC_PAT_LIST,01/07/2026,C83019,BEACON MEDICAL PRACTICE,E01034757,ALL,1
GP_PRAC_PAT_LIST,01/07/2026,C83019,BEACON MEDICAL PRACTICE,E01035028,ALL,1
GP_PRAC_PAT_LIST,01/07/2026,C83019,BEACON MEDICAL PRACTICE,E01035540,ALL,1
GP_PRAC_PAT_LIST,01/07/2026,C83019,BEACON MEDICAL PRACTICE,E01035542,ALL,2
GP_PRAC_PAT_LIST,01/07/2026,C83019,BEACON MEDICAL PRACTICE,EMPTY,ALL,17
GP_PRAC_PAT_LIST,01/07/2026,C83020,CAYTHORPE & ANCASTER MEDICAL PRACTICE,CLOSED,ALL,4
GP_PRAC_PAT_LIST,01/07/2026,C83020,CAYTHORPE & ANCASTER MEDICAL PRACTICE,E01004719,ALL,1
GP_PRAC_PAT_LIST,01/07/2026,C83020,CAYTHORPE & ANCASTER MEDICAL PRACTICE,E01005271,ALL,1
GP_PRAC_PAT_LIST,01/07/2026,C83020,CAYTHORPE & ANCASTER MEDICAL PRACTICE,E01006647,ALL,1
GP_PRAC_PAT_LIST,01/07/2026,C83020,CAYTHORPE & ANCASTER MEDICAL PRACTICE,E01016541,ALL,1
GP_PRAC_PAT_LIST,01/07/2026,C83020,CAYTHORPE & ANCASTER MEDICAL PRACTICE,E01017875,ALL,1
GP_PRAC_PAT_LIST,01/07/2026,C83020,CAYTHORPE & ANCASTER MEDICAL PRACTICE,E01020326,ALL,1
GP_PRAC_PAT_LIST,01/07/2026,C83020,CAYTHORPE & ANCASTER MEDICAL PRACTICE,E01021790,ALL,1
GP_PRAC_PAT_LIST,01/07/2026,C83020,CAYTHORPE & ANCASTER MEDICAL PRACTICE,E01025027,ALL,1
GP_PRAC_PAT_LIST,01/07/2026,C83020,CAYTHORPE & ANCASTER MEDICAL PRACTICE,E01025883,ALL,1
GP_PRAC_PAT_LIST,01/07/2026,C83020,CAYTHORPE & ANCASTER MEDICAL PRACTICE,E01026125,ALL,1
GP_PRAC_PAT_LIST,01/07/2026,C83020,CAYTHORPE & ANCASTER MEDICAL PRACTICE,E01026192,ALL,310
GP_PRAC_PAT_LIST,01/07/2026,C83020,CAYTHORPE & ANCASTER MEDICAL PRACTICE,E01026193,ALL,1
GP_PRAC_PAT_LIST,01/07/2026,C83020,CAYTHORPE & ANCASTER MEDICAL PRACTICE,E01026194,ALL,207
GP_PRAC_PAT_LIST,01/07/2026,C83020,CAYTHORPE & ANCASTER MEDICAL PRACTICE,E01026195,ALL,60
GP_PRAC_PAT_LIST,01/07/2026,C83020,CAYTHORPE & ANCASTER MEDICAL PRACTICE,E01026196,ALL,714
GP_PRAC_PAT_LIST,01/07/2026,C83020,CAYTHORPE & ANCASTER MEDICAL PRACTICE,E01026197,ALL,434
GP_PRAC_PAT_LIST,01/07/2026,C83020,CAYTHORPE & ANCASTER MEDICAL PRACTICE,E01026198,ALL,264
GP_PRAC_PAT_LIST,01/07/2026,C83020,CAYTHORPE & ANCASTER MEDICAL PRACTICE,E01026202,ALL,1
GP_PRAC_PAT_LIST,01/07/2026,C83020,CAYTHORPE & ANCASTER MEDICAL PRACTICE,E01026208,ALL,4
GP_PRAC_PAT_LIST,01/07/2026,C83020,CAYTHORPE & ANCASTER MEDICAL PRACTICE,E01026209,ALL,374
GP_PRAC_PAT_LIST,01/07/2026,C83020,CAYTHORPE & ANCASTER MEDICAL PRACTICE,E01026221,ALL,736
GP_PRAC_PAT_LIST,01/07/2026,C83020,CAYTHORPE & ANCASTER MEDICAL PRACTICE,E01026222,ALL,1
GP_PRAC_PAT_LIST,01/07/2026,C83020,CAYTHORPE & ANCASTER MEDICAL PRACTICE,E01026223,ALL,1
GP_PRAC_PAT_LIST,01/07/2026,C83020,CAYTHORPE & ANCASTER MEDICAL PRACTICE,E01026227,ALL,1
GP_PRAC_PAT_LIST,01/07/2026,C83020,CAYTHORPE & ANCASTER MEDICAL PRACTICE,E01026228,ALL,3
GP_PRAC_PAT_LIST,01/07/2026,C83020,CAYTHORPE & ANCASTER MEDICAL PRACTICE,E01026229,ALL,6
GP_PRAC_PAT_LIST,01/07/2026,C83020,CAYTHORPE & ANCASTER MEDICAL PRACTICE,E01026230,ALL,3
GP_PRAC_PAT_LIST,01/07/2026,C83020,CAYTHORPE & ANCASTER MEDICAL PRACTICE,E01026231,ALL,9
GP_PRAC_PAT_LIST,01/07/2026,C83020,CAYTHORPE & ANCASTER MEDICAL PRACTICE,E01026232,ALL,1
GP_PRAC_PAT_LIST,01/07/2026,C83020,CAYTHORPE & ANCASTER MEDICAL PRACTICE,E01026233,ALL,12
GP_PRAC_PAT_LIST,01/07/2026,C83020,CAYTHORPE & ANCASTER MEDICAL PRACTICE,E01026236,ALL,1
GP_PRAC_PAT_LIST,01/07/2026,C83020,CAYTHORPE & ANCASTER MEDICAL PRACTICE,E01026238,ALL,1
GP_PRAC_PAT_LIST,01/07/2026,C83020,CAYTHORPE & ANCASTER MEDICAL PRACTICE,E01026291,ALL,1
GP_PRAC_PAT_LIST,01/07/2026,C83020,CAYTHORPE & ANCASTER MEDICAL PRACTICE,E01026293,ALL,52
GP_PRAC_PAT_LIST,01/07/2026,C83020,CAYTHORPE & ANCASTER MEDICAL PRACTICE,E01026294,ALL,4
GP_PRAC_PAT_LIST,01/07/2026,C83020,CAYTHORPE & ANCASTER MEDICAL PRACTICE,E01026311,ALL,1
GP_PRAC_PAT_LIST,01/07/2026,C83020,CAYTHORPE & ANCASTER MEDICAL PRACTICE,E01026313,ALL,900
GP_PRAC_PAT_LIST,01/07/2026,C83020,CAYTHORPE & ANCASTER MEDICAL PRACTICE,E01026314,ALL,1501
GP_PRAC_PAT_LIST,01/07/2026,C83020,CAYTHORPE & ANCASTER MEDICAL PRACTICE,E01026316,ALL,3
GP_PRAC_PAT_LIST,01/07/2026,C83020,CAYTHORPE & ANCASTER MEDICAL PRACTICE,E01026319,ALL,2
GP_PRAC_PAT_LIST,01/07/2026,C83020,CAYTHORPE & ANCASTER MEDICAL PRACTICE,E01026322,ALL,1
GP_PRAC_PAT_LIST,01/07/2026,C83020,CAYTHORPE & ANCASTER MEDICAL PRACTICE,E01026323,ALL,1
GP_PRAC_PAT_LIST,01/07/2026,C83020,CAYTHORPE & ANCASTER MEDICAL PRACTICE,E01026325,ALL,4
GP_PRAC_PAT_LIST,01/07/2026,C83020,CAYTHORPE & ANCASTER MEDICAL PRACTICE,E01026329,ALL,1989
GP_PRAC_PAT_LIST,01/07/2026,C83020,CAYTHORPE & ANCASTER MEDICAL PRACTICE,E01026332,ALL,902
GP_PRAC_PAT_LIST,01/07/2026,C83020,CAYTHORPE & ANCASTER MEDICAL PRACTICE,E01026333,ALL,1169
GP_PRAC_PAT_LIST,01/07/2026,C83020,CAYTHORPE & ANCASTER MEDICAL PRACTICE,E01026340,ALL,9
GP_PRAC_PAT_LIST,01/07/2026,C83020,CAYTHORPE & ANCASTER MEDICAL PRACTICE,E01026343,ALL,1
GP_PRAC_PAT_LIST,01/07/2026,C83020,CAYTHORPE & ANCASTER MEDICAL PRACTICE,E01026355,ALL,9
GP_PRAC_PAT_LIST,01/07/2026,C83020,CAYTHORPE & ANCASTER MEDICAL PRACTICE,E01026363,ALL,1
GP_PRAC_PAT_LIST,01/07/2026,C83020,CAYTHORPE & ANCASTER MEDICAL PRACTICE,E01026365,ALL,96
GP_PRAC_PAT_LIST,01/07/2026,C83020,CAYTHORPE & ANCASTER MEDICAL PRACTICE,E01026781,ALL,1
GP_PRAC_PAT_LIST,01/07/2026,C83020,CAYTHORPE & ANCASTER MEDICAL PRACTICE,E01028311,ALL,1
GP_PRAC_PAT_LIST,01/07/2026,C83020,CAYTHORPE & ANCASTER MEDICAL PRACTICE,E01028816,ALL,1
GP_PRAC_PAT_LIST,01/07/2026,C83020,CAYTHORPE & ANCASTER MEDICAL PRACTICE,E01033781,ALL,1
GP_PRAC_PAT_LIST,01/07/2026,C83020,CAYTHORPE & ANCASTER MEDICAL PRACTICE,E01034693,ALL,1
GP_PRAC_PAT_LIST,01/07/2026,C83020,CAYTHORPE & ANCASTER MEDICAL PRACTICE,E01034695,ALL,584
GP_PRAC_PAT_LIST,01/07/2026,C83020,CAYTHORPE & ANCASTER MEDICAL PRACTICE,E01034696,ALL,4
GP_PRAC_PAT_LIST,01/07/2026,C83020,CAYTHORPE & ANCASTER MEDICAL PRACTICE,E01034701,ALL,1
GP_PRAC_PAT_LIST,01/07/2026,C83020,CAYTHORPE & ANCASTER MEDICAL PRACTICE,E01035044,ALL,1
GP_PRAC_PAT_LIST,01/07/2026,C83020,CAYTHORPE & ANCASTER MEDICAL PRACTICE,EMPTY,ALL,1
GP_PRAC_PAT_LIST,01/07/2026,C83022,MUNRO MEDICAL CENTRE,E01002624,ALL,1
GP_PRAC_PAT_LIST,01/07/2026,C83022,MUNRO MEDICAL CENTRE,E01003237,ALL,1
GP_PRAC_PAT_LIST,01/07/2026,C83022,MUNRO MEDICAL CENTRE,E01003446,ALL,1
GP_PRAC_PAT_LIST,01/07/2026,C83022,MUNRO MEDICAL CENTRE,E01007469,ALL,1
GP_PRAC_PAT_LIST,01/07/2026,C83022,MUNRO MEDICAL CENTRE,E01008114,ALL,1
GP_PRAC_PAT_LIST,01/07/2026,C83022,MUNRO MEDICAL CENTRE,E01013456,ALL,1
GP_PRAC_PAT_LIST,01/07/2026,C83022,MUNRO MEDICAL CENTRE,E01013790,ALL,1
GP_PRAC_PAT_LIST,01/07/2026,C83022,MUNRO MEDICAL CENTRE,E01015622,ALL,1
GP_PRAC_PAT_LIST,01/07/2026,C83022,MUNRO MEDICAL CENTRE,E01015628,ALL,1
GP_PRAC_PAT_LIST,01/07/2026,C83022,MUNRO MEDICAL CENTRE,E01015635,ALL,1
GP_PRAC_PAT_LIST,01/07/2026,C83022,MUNRO MEDICAL CENTRE,E01015636,ALL,7
GP_PRAC_PAT_LIST,01/07/2026,C83022,MUNRO MEDICAL CENTRE,E01015645,ALL,1
GP_PRAC_PAT_LIST,01/07/2026,C83022,MUNRO MEDICAL CENTRE,E01015661,ALL,1
GP_PRAC_PAT_LIST,01/07/2026,C83022,MUNRO MEDICAL CENTRE,E01015662,ALL,1
GP_PRAC_PAT_LIST,01/07/2026,C83022,MUNRO MEDICAL CENTRE,E01015675,ALL,1
GP_PRAC_PAT_LIST,01/07/2026,C83022,MUNRO MEDICAL CENTRE,E01015681,ALL,1
GP_PRAC_PAT_LIST,01/07/2026,C83022,MUNRO MEDICAL CENTRE,E01015692,ALL,1
GP_PRAC_PAT_LIST,01/07/2026,C83022,MUNRO MEDICAL CENTRE,E01018188,ALL,1
GP_PRAC_PAT_LIST,01/07/2026,C83022,MUNRO MEDICAL CENTRE,E01018192,ALL,1
GP_PRAC_PAT_LIST,01/07/2026,C83022,MUNRO MEDICAL CENTRE,E01021339,ALL,1
GP_PRAC_PAT_LIST,01/07/2026,C83022,MUNRO MEDICAL CENTRE,E01021631,ALL,1
GP_PRAC_PAT_LIST,01/07/2026,C83022,MUNRO MEDICAL CENTRE,E01021771,ALL,1
GP_PRAC_PAT_LIST,01/07/2026,C83022,MUNRO MEDICAL CENTRE,E01026016,ALL,4
GP_PRAC_PAT_LIST,01/07/2026,C83022,MUNRO MEDICAL CENTRE,E01026017,ALL,3
GP_PRAC_PAT_LIST,01/07/2026,C83022,MUNRO MEDICAL CENTRE,E01026018,ALL,2
GP_PRAC_PAT_LIST,01/07/2026,C83022,MUNRO MEDICAL CENTRE,E01026019,ALL,3
GP_PRAC_PAT_LIST,01/07/2026,C83022,MUNRO MEDICAL CENTRE,E01026020,ALL,9
GP_PRAC_PAT_LIST,01/07/2026,C83022,MUNRO MEDICAL CENTRE,E01026027,ALL,1
GP_PRAC_PAT_LIST,01/07/2026,C83022,MUNRO MEDICAL CENTRE,E01026030,ALL,1
GP_PRAC_PAT_LIST,01/07/2026,C83022,MUNRO MEDICAL CENTRE,E01026033,ALL,1
GP_PRAC_PAT_LIST,01/07/2026,C83022,MUNRO MEDICAL CENTRE,E01026036,ALL,1
GP_PRAC_PAT_LIST,01/07/2026,C83022,MUNRO MEDICAL CENTRE,E01026040,ALL,2
GP_PRAC_PAT_LIST,01/07/2026,C83022,MUNRO MEDICAL CENTRE,E01026125,ALL,2
GP_PRAC_PAT_LIST,01/07/2026,C83022,MUNRO MEDICAL CENTRE,E01026144,ALL,1
GP_PRAC_PAT_LIST,01/07/2026,C83022,MUNRO MEDICAL CENTRE,E01026221,ALL,2
GP_PRAC_PAT_LIST,01/07/2026,C83022,MUNRO MEDICAL CENTRE,E01026231,ALL,1
GP_PRAC_PAT_LIST,01/07/2026,C83022,MUNRO MEDICAL CENTRE,E01026239,ALL,5
GP_PRAC_PAT_LIST,01/07/2026,C83022,MUNRO MEDICAL CENTRE,E01026240,ALL,17
GP_PRAC_PAT_LIST,01/07/2026,C83022,MUNRO MEDICAL CENTRE,E01026241,ALL,375
GP_PRAC_PAT_LIST,01/07/2026,C83022,MUNRO MEDICAL CENTRE,E01026242,ALL,29
GP_PRAC_PAT_LIST,01/07/2026,C83022,MUNRO MEDICAL CENTRE,E01026243,ALL,11
GP_PRAC_PAT_LIST,01/07/2026,C83022,MUNRO MEDICAL CENTRE,E01026244,ALL,18
GP_PRAC_PAT_LIST,01/07/2026,C83022,MUNRO MEDICAL CENTRE,E01026245,ALL,4
GP_PRAC_PAT_LIST,01/07/2026,C83022,MUNRO MEDICAL CENTRE,E01026246,ALL,10
GP_PRAC_PAT_LIST,01/07/2026,C83022,MUNRO MEDICAL CENTRE,E01026247,ALL,77
GP_PRAC_PAT_LIST,01/07/2026,C83022,MUNRO MEDICAL CENTRE,E01026248,ALL,6
GP_PRAC_PAT_LIST,01/07/2026,C83022,MUNRO MEDICAL CENTRE,E01026249,ALL,24
GP_PRAC_PAT_LIST,01/07/2026,C83022,MUNRO MEDICAL CENTRE,E01026250,ALL,12
GP_PRAC_PAT_LIST,01/07/2026,C83022,MUNRO MEDICAL CENTRE,E01026251,ALL,10
GP_PRAC_PAT_LIST,01/07/2026,C83022,MUNRO MEDICAL CENTRE,E01026252,ALL,10
GP_PRAC_PAT_LIST,01/07/2026,C83022,MUNRO MEDICAL CENTRE,E01026253,ALL,7
GP_PRAC_PAT_LIST,01/07/2026,C83022,MUNRO MEDICAL CENTRE,E01026255,ALL,3
GP_PRAC_PAT_LIST,01/07/2026,C83022,MUNRO MEDICAL CENTRE,E01026256,ALL,1
GP_PRAC_PAT_LIST,01/07/2026,C83022,MUNRO MEDICAL CENTRE,E01026258,ALL,1408
GP_PRAC_PAT_LIST,01/07/2026,C83022,MUNRO MEDICAL CENTRE,E01026259,ALL,808
GP_PRAC_PAT_LIST,01/07/2026,C83022,MUNRO MEDICAL CENTRE,E01026260,ALL,1007
GP_PRAC_PAT_LIST,01/07/2026,C83022,MUNRO MEDICAL CENTRE,E01026262,ALL,762
GP_PRAC_PAT_LIST,01/07/2026,C83022,MUNRO MEDICAL CENTRE,E01026263,ALL,1282
GP_PRAC_PAT_LIST,01/07/2026,C83022,MUNRO MEDICAL CENTRE,E01026264,ALL,703
GP_PRAC_PAT_LIST,01/07/2026,C83022,MUNRO MEDICAL CENTRE,E01026265,ALL,818
GP_PRAC_PAT_LIST,01/07/2026,C83022,MUNRO MEDICAL CENTRE,E01026266,ALL,941
GP_PRAC_PAT_LIST,01/07/2026,C83022,MUNRO MEDICAL CENTRE,E01026268,ALL,914
GP_PRAC_PAT_LIST,01/07/2026,C83022,MUNRO MEDICAL CENTRE,E01026269,ALL,955
GP_PRAC_PAT_LIST,01/07/2026,C83022,MUNRO MEDICAL CENTRE,E01026270,ALL,1200
GP_PRAC_PAT_LIST,01/07/2026,C83022,MUNRO MEDICAL CENTRE,E01026271,ALL,824
GP_PRAC_PAT_LIST,01/07/2026,C83022,MUNRO MEDICAL CENTRE,E01026272,ALL,583
GP_PRAC_PAT_LIST,01/07/2026,C83022,MUNRO MEDICAL CENTRE,E01026273,ALL,1118
GP_PRAC_PAT_LIST,01/07/2026,C83022,MUNRO MEDICAL CENTRE,E01026275,ALL,1387
GP_PRAC_PAT_LIST,01/07/2026,C83022,MUNRO MEDICAL CENTRE,E01026276,ALL,393
GP_PRAC_PAT_LIST,01/07/2026,C83022,MUNRO MEDICAL CENTRE,E01026278,ALL,1
GP_PRAC_PAT_LIST,01/07/2026,C83022,MUNRO MEDICAL CENTRE,E01026279,ALL,3
GP_PRAC_PAT_LIST,01/07/2026,C83022,MUNRO MEDICAL CENTRE,E01026280,ALL,12
GP_PRAC_PAT_LIST,01/07/2026,C83022,MUNRO MEDICAL CENTRE,E01026281,ALL,491
GP_PRAC_PAT_LIST,01/07/2026,C83022,MUNRO MEDICAL CENTRE,E01026282,ALL,305
GP_PRAC_PAT_LIST,01/07/2026,C83022,MUNRO MEDICAL CENTRE,E01026283,ALL,128
GP_PRAC_PAT_LIST,01/07/2026,C83022,MUNRO MEDICAL CENTRE,E01026284,ALL,666
GP_PRAC_PAT_LIST,01/07/2026,C83022,MUNRO MEDICAL CENTRE,E01026285,ALL,83
GP_PRAC_PAT_LIST,01/07/2026,C83022,MUNRO MEDICAL CENTRE,E01026286,ALL,64
GP_PRAC_PAT_LIST,01/07/2026,C83022,MUNRO MEDICAL CENTRE,E01026289,ALL,1
GP_PRAC_PAT_LIST,01/07/2026,C83022,MUNRO MEDICAL CENTRE,E01026290,ALL,4
GP_PRAC_PAT_LIST,01/07/2026,C83022,MUNRO MEDICAL CENTRE,E01026296,ALL,3
GP_PRAC_PAT_LIST,01/07/2026,C83022,MUNRO MEDICAL CENTRE,E01026297,ALL,1
GP_PRAC_PAT_LIST,01/07/2026,C83022,MUNRO MEDICAL CENTRE,E01026298,ALL,1
GP_PRAC_PAT_LIST,01/07/2026,C83022,MUNRO MEDICAL CENTRE,E01026302,ALL,1
GP_PRAC_PAT_LIST,01/07/2026,C83022,MUNRO MEDICAL CENTRE,E01026304,ALL,2
GP_PRAC_PAT_LIST,01/07/2026,C83022,MUNRO MEDICAL CENTRE,E01026305,ALL,5
GP_PRAC_PAT_LIST,01/07/2026,C83022,MUNRO MEDICAL CENTRE,E01026306,ALL,1
GP_PRAC_PAT_LIST,01/07/2026,C83022,MUNRO MEDICAL CENTRE,E01026323,ALL,1
GP_PRAC_PAT_LIST,01/07/2026,C83022,MUNRO MEDICAL CENTRE,E01026335,ALL,10
GP_PRAC_PAT_LIST,01/07/2026,C83022,MUNRO MEDICAL CENTRE,E01026337,ALL,1
GP_PRAC_PAT_LIST,01/07/2026,C83022,MUNRO MEDICAL CENTRE,E01026341,ALL,2
GP_PRAC_PAT_LIST,01/07/2026,C83022,MUNRO MEDICAL CENTRE,E01026347,ALL,1
GP_PRAC_PAT_LIST,01/07/2026,C83022,MUNRO MEDICAL CENTRE,E01026350,ALL,1
GP_PRAC_PAT_LIST,01/07/2026,C83022,MUNRO MEDICAL CENTRE,E01026351,ALL,1
GP_PRAC_PAT_LIST,01/07/2026,C83022,MUNRO MEDICAL CENTRE,E01026360,ALL,3
GP_PRAC_PAT_LIST,01/07/2026,C83022,MUNRO MEDICAL CENTRE,E01026361,ALL,1
GP_PRAC_PAT_LIST,01/07/2026,C83022,MUNRO MEDICAL CENTRE,E01026363,ALL,4
GP_PRAC_PAT_LIST,01/07/2026,C83022,MUNRO MEDICAL CENTRE,E01026364,ALL,4
GP_PRAC_PAT_LIST,01/07/2026,C83022,MUNRO MEDICAL CENTRE,E01026635,ALL,1
GP_PRAC_PAT_LIST,01/07/2026,C83022,MUNRO MEDICAL CENTRE,E01026797,ALL,1
GP_PRAC_PAT_LIST,01/07/2026,C83022,MUNRO MEDICAL CENTRE,E01026845,ALL,1
GP_PRAC_PAT_LIST,01/07/2026,C83022,MUNRO MEDICAL CENTRE,E01027031,ALL,1
GP_PRAC_PAT_LIST,01/07/2026,C83022,MUNRO MEDICAL CENTRE,E01027047,ALL,1
GP_PRAC_PAT_LIST,01/07/2026,C83022,MUNRO MEDICAL CENTRE,E01030421,ALL,1
GP_PRAC_PAT_LIST,01/07/2026,C83022,MUNRO MEDICAL CENTRE,E01031144,ALL,1
GP_PRAC_PAT_LIST,01/07/2026,C83022,MUNRO MEDICAL CENTRE,E01032995,ALL,737
GP_PRAC_PAT_LIST,01/07/2026,C83022,MUNRO MEDICAL CENTRE,E01032996,ALL,1014
GP_PRAC_PAT_LIST,01/07/2026,C83022,MUNRO MEDICAL CENTRE,E01032997,ALL,3
GP_PRAC_PAT_LIST,01/07/2026,C83022,MUNRO MEDICAL CENTRE,E01032998,ALL,2
GP_PRAC_PAT_LIST,01/07/2026,C83022,MUNRO MEDICAL CENTRE,E01033182,ALL,1
GP_PRAC_PAT_LIST,01/07/2026,C83022,MUNRO MEDICAL CENTRE,E01034680,ALL,2
GP_PRAC_PAT_LIST,01/07/2026,C83022,MUNRO MEDICAL CENTRE,E01034683,ALL,1
GP_PRAC_PAT_LIST,01/07/2026,C83022,MUNRO MEDICAL CENTRE,E01034684,ALL,1
GP_PRAC_PAT_LIST,01/07/2026,C83022,MUNRO MEDICAL CENTRE,E01034697,ALL,1029
GP_PRAC_PAT_LIST,01/07/2026,C83022,MUNRO MEDICAL CENTRE,E01034698,ALL,879
GP_PRAC_PAT_LIST,01/07/2026,C83022,MUNRO MEDICAL CENTRE,E01034699,ALL,619
GP_PRAC_PAT_LIST,01/07/2026,C83022,MUNRO MEDICAL CENTRE,E01034700,ALL,793
GP_PRAC_PAT_LIST,01/07/2026,C83022,MUNRO MEDICAL CENTRE,E01034703,ALL,2
GP_PRAC_PAT_LIST,01/07/2026,C83022,MUNRO MEDICAL CENTRE,E01034704,ALL,5
GP_PRAC_PAT_LIST,01/07/2026,C83022,MUNRO MEDICAL CENTRE,E01034705,ALL,1
GP_PRAC_PAT_LIST,01/07/2026,C83022,MUNRO MEDICAL CENTRE,E01034777,ALL,1
GP_PRAC_PAT_LIST,01/07/2026,C83022,MUNRO MEDICAL CENTRE,E01035653,ALL,1
GP_PRAC_PAT_LIST,01/07/2026,C83022,MUNRO MEDICAL CENTRE,EMPTY,ALL,22
GP_PRAC_PAT_LIST,01/07/2026,C83022,MUNRO MEDICAL CENTRE,S01015859,ALL,1
GP_PRAC_PAT_LIST,01/07/2026,C83023,SLEAFORD MEDICAL GROUP,E01000268,ALL,1
GP_PRAC_PAT_LIST,01/07/2026,C83023,SLEAFORD MEDICAL GROUP,E01005243,ALL,1
GP_PRAC_PAT_LIST,01/07/2026,C83023,SLEAFORD MEDICAL GROUP,E01005732,ALL,1
GP_PRAC_PAT_LIST,01/07/2026,C83023,SLEAFORD MEDICAL GROUP,E01006628,ALL,1
GP_PRAC_PAT_LIST,01/07/2026,C83023,SLEAFORD MEDICAL GROUP,E01007494,ALL,1
GP_PRAC_PAT_LIST,01/07/2026,C83023,SLEAFORD MEDICAL GROUP,E01007629,ALL,1
GP_PRAC_PAT_LIST,01/07/2026,C83023,SLEAFORD MEDICAL GROUP,E01008066,ALL,1
GP_PRAC_PAT_LIST,01/07/2026,C83023,SLEAFORD MEDICAL GROUP,E01009695,ALL,1
GP_PRAC_PAT_LIST,01/07/2026,C83023,SLEAFORD MEDICAL GROUP,E01010710,ALL,1
GP_PRAC_PAT_LIST,01/07/2026,C83023,SLEAFORD MEDICAL GROUP,E01011081,ALL,1
GP_PRAC_PAT_LIST,01/07/2026,C83023,SLEAFORD MEDICAL GROUP,E01013171,ALL,1
GP_PRAC_PAT_LIST,01/07/2026,C83023,SLEAFORD MEDICAL GROUP,E01013731,ALL,1
GP_PRAC_PAT_LIST,01/07/2026,C83023,SLEAFORD MEDICAL GROUP,E01013840,ALL,1
GP_PRAC_PAT_LIST,01/07/2026,C83023,SLEAFORD MEDICAL GROUP,E01013886,ALL,1
GP_PRAC_PAT_LIST,01/07/2026,C83023,SLEAFORD MEDICAL GROUP,E01013939,ALL,1
GP_PRAC_PAT_LIST,01/07/2026,C83023,SLEAFORD MEDICAL GROUP,E01013942,ALL,1
GP_PRAC_PAT_LIST,01/07/2026,C83023,SLEAFORD MEDICAL GROUP,E01013967,ALL,1
GP_PRAC_PAT_LIST,01/07/2026,C83023,SLEAFORD MEDICAL GROUP,E01015169,ALL,1
GP_PRAC_PAT_LIST,01/07/2026,C83023,SLEAFORD MEDICAL GROUP,E01015638,ALL,1
GP_PRAC_PAT_LIST,01/07/2026,C83023,SLEAFORD MEDICAL GROUP,E01015642,ALL,1
GP_PRAC_PAT_LIST,01/07/2026,C83023,SLEAFORD MEDICAL GROUP,E01015644,ALL,1
GP_PRAC_PAT_LIST,01/07/2026,C83023,SLEAFORD MEDICAL GROUP,E01015661,ALL,1
GP_PRAC_PAT_LIST,01/07/2026,C83023,SLEAFORD MEDICAL GROUP,E01017699,ALL,1
GP_PRAC_PAT_LIST,01/07/2026,C83023,SLEAFORD MEDICAL GROUP,E01017736,ALL,1
GP_PRAC_PAT_LIST,01/07/2026,C83023,SLEAFORD MEDICAL GROUP,E01019440,ALL,1
GP_PRAC_PAT_LIST,01/07/2026,C83023,SLEAFORD MEDICAL GROUP,E01019597,ALL,1
GP_PRAC_PAT_LIST,01/07/2026,C83023,SLEAFORD MEDICAL GROUP,E01019930,ALL,1
GP_PRAC_PAT_LIST,01/07/2026,C83023,SLEAFORD MEDICAL GROUP,E01020099,ALL,1
GP_PRAC_PAT_LIST,01/07/2026,C83023,SLEAFORD MEDICAL GROUP,E01021357,ALL,1
GP_PRAC_PAT_LIST,01/07/2026,C83023,SLEAFORD MEDICAL GROUP,E01023860,ALL,1
GP_PRAC_PAT_LIST,01/07/2026,C83023,SLEAFORD MEDICAL GROUP,E01025295,ALL,1
GP_PRAC_PAT_LIST,01/07/2026,C83023,SLEAFORD MEDICAL GROUP,E01025517,ALL,1
GP_PRAC_PAT_LIST,01/07/2026,C83023,SLEAFORD MEDICAL GROUP,E01025824,ALL,1
GP_PRAC_PAT_LIST,01/07/2026,C83023,SLEAFORD MEDICAL GROUP,E01025885,ALL,1
GP_PRAC_PAT_LIST,01/07/2026,C83023,SLEAFORD MEDICAL GROUP,E01026010,ALL,1
GP_PRAC_PAT_LIST,01/07/2026,C83023,SLEAFORD MEDICAL GROUP,E01026020,ALL,1
GP_PRAC_PAT_LIST,01/07/2026,C83023,SLEAFORD MEDICAL GROUP,E01026037,ALL,1
GP_PRAC_PAT_LIST,01/07/2026,C83023,SLEAFORD MEDICAL GROUP,E01026053,ALL,1
GP_PRAC_PAT_LIST,01/07/2026,C83023,SLEAFORD MEDICAL GROUP,E01026054,ALL,1
GP_PRAC_PAT_LIST,01/07/2026,C83023,SLEAFORD MEDICAL GROUP,E01026104,ALL,1
GP_PRAC_PAT_LIST,01/07/2026,C83023,SLEAFORD MEDICAL GROUP,E01026122,ALL,2
GP_PRAC_PAT_LIST,01/07/2026,C83023,SLEAFORD MEDICAL GROUP,E01026126,ALL,1
GP_PRAC_PAT_LIST,01/07/2026,C83023,SLEAFORD MEDICAL GROUP,E01026132,ALL,1
GP_PRAC_PAT_LIST,01/07/2026,C83023,SLEAFORD MEDICAL GROUP,E01026137,ALL,1
GP_PRAC_PAT_LIST,01/07/2026,C83023,SLEAFORD MEDICAL GROUP,E01026142,ALL,1
GP_PRAC_PAT_LIST,01/07/2026,C83023,SLEAFORD MEDICAL GROUP,E01026148,ALL,1
GP_PRAC_PAT_LIST,01/07/2026,C83023,SLEAFORD MEDICAL GROUP,E01026151,ALL,2
GP_PRAC_PAT_LIST,01/07/2026,C83023,SLEAFORD MEDICAL GROUP,E01026160,ALL,1
GP_PRAC_PAT_LIST,01/07/2026,C83023,SLEAFORD MEDICAL GROUP,E01026174,ALL,1
GP_PRAC_PAT_LIST,01/07/2026,C83023,SLEAFORD MEDICAL GROUP,E01026175,ALL,2
GP_PRAC_PAT_LIST,01/07/2026,C83023,SLEAFORD MEDICAL GROUP,E01026177,ALL,1
GP_PRAC_PAT_LIST,01/07/2026,C83023,SLEAFORD MEDICAL GROUP,E01026179,ALL,23
GP_PRAC_PAT_LIST,01/07/2026,C83023,SLEAFORD MEDICAL GROUP,E01026180,ALL,59
GP_PRAC_PAT_LIST,01/07/2026,C83023,SLEAFORD MEDICAL GROUP,E01026183,ALL,6
GP_PRAC_PAT_LIST,01/07/2026,C83023,SLEAFORD MEDICAL GROUP,E01026187,ALL,1
GP_PRAC_PAT_LIST,01/07/2026,C83023,SLEAFORD MEDICAL GROUP,E01026192,ALL,1
GP_PRAC_PAT_LIST,01/07/2026,C83023,SLEAFORD MEDICAL GROUP,E01026195,ALL,1
GP_PRAC_PAT_LIST,01/07/2026,C83023,SLEAFORD MEDICAL GROUP,E01026196,ALL,5
GP_PRAC_PAT_LIST,01/07/2026,C83023,SLEAFORD MEDICAL GROUP,E01026197,ALL,450
GP_PRAC_PAT_LIST,01/07/2026,C83023,SLEAFORD MEDICAL GROUP,E01026198,ALL,158
GP_PRAC_PAT_LIST,01/07/2026,C83023,SLEAFORD MEDICAL GROUP,E01026200,ALL,160
GP_PRAC_PAT_LIST,01/07/2026,C83023,SLEAFORD MEDICAL GROUP,E01026201,ALL,228
GP_PRAC_PAT_LIST,01/07/2026,C83023,SLEAFORD MEDICAL GROUP,E01026202,ALL,187
GP_PRAC_PAT_LIST,01/07/2026,C83023,SLEAFORD MEDICAL GROUP,E01026204,ALL,1
GP_PRAC_PAT_LIST,01/07/2026,C83023,SLEAFORD MEDICAL GROUP,E01026206,ALL,1
GP_PRAC_PAT_LIST,01/07/2026,C83023,SLEAFORD MEDICAL GROUP,E01026207,ALL,97
GP_PRAC_PAT_LIST,01/07/2026,C83023,SLEAFORD MEDICAL GROUP,E01026208,ALL,747
GP_PRAC_PAT_LIST,01/07/2026,C83023,SLEAFORD MEDICAL GROUP,E01026209,ALL,793
GP_PRAC_PAT_LIST,01/07/2026,C83023,SLEAFORD MEDICAL GROUP,E01026210,ALL,4
GP_PRAC_PAT_LIST,01/07/2026,C83023,SLEAFORD MEDICAL GROUP,E01026212,ALL,2
GP_PRAC_PAT_LIST,01/07/2026,C83023,SLEAFORD MEDICAL GROUP,E01026213,ALL,1
GP_PRAC_PAT_LIST,01/07/2026,C83023,SLEAFORD MEDICAL GROUP,E01026221,ALL,416
GP_PRAC_PAT_LIST,01/07/2026,C83023,SLEAFORD MEDICAL GROUP,E01026222,ALL,304
GP_PRAC_PAT_LIST,01/07/2026,C83023,SLEAFORD MEDICAL GROUP,E01026223,ALL,331
GP_PRAC_PAT_LIST,01/07/2026,C83023,SLEAFORD MEDICAL GROUP,E01026224,ALL,283
GP_PRAC_PAT_LIST,01/07/2026,C83023,SLEAFORD MEDICAL GROUP,E01026227,ALL,966
GP_PRAC_PAT_LIST,01/07/2026,C83023,SLEAFORD MEDICAL GROUP,E01026228,ALL,1062
GP_PRAC_PAT_LIST,01/07/2026,C83023,SLEAFORD MEDICAL GROUP,E01026229,ALL,1040
GP_PRAC_PAT_LIST,01/07/2026,C83023,SLEAFORD MEDICAL GROUP,E01026230,ALL,1435
GP_PRAC_PAT_LIST,01/07/2026,C83023,SLEAFORD MEDICAL GROUP,E01026231,ALL,2119
GP_PRAC_PAT_LIST,01/07/2026,C83023,SLEAFORD MEDICAL GROUP,E01026232,ALL,1624
GP_PRAC_PAT_LIST,01/07/2026,C83023,SLEAFORD MEDICAL GROUP,E01026233,ALL,1061
GP_PRAC_PAT_LIST,01/07/2026,C83023,SLEAFORD MEDICAL GROUP,E01026235,ALL,1140
GP_PRAC_PAT_LIST,01/07/2026,C83023,SLEAFORD MEDICAL GROUP,E01026236,ALL,706
GP_PRAC_PAT_LIST,01/07/2026,C83023,SLEAFORD MEDICAL GROUP,E01026242,ALL,1
GP_PRAC_PAT_LIST,01/07/2026,C83023,SLEAFORD MEDICAL GROUP,E01026245,ALL,1
GP_PRAC_PAT_LIST,01/07/2026,C83023,SLEAFORD MEDICAL GROUP,E01026255,ALL,1
GP_PRAC_PAT_LIST,01/07/2026,C83023,SLEAFORD MEDICAL GROUP,E01026290,ALL,3
GP_PRAC_PAT_LIST,01/07/2026,C83023,SLEAFORD MEDICAL GROUP,E01026313,ALL,1
GP_PRAC_PAT_LIST,01/07/2026,C83023,SLEAFORD MEDICAL GROUP,E01026314,ALL,5
GP_PRAC_PAT_LIST,01/07/2026,C83023,SLEAFORD MEDICAL GROUP,E01026317,ALL,2
GP_PRAC_PAT_LIST,01/07/2026,C83023,SLEAFORD MEDICAL GROUP,E01026319,ALL,1
GP_PRAC_PAT_LIST,01/07/2026,C83023,SLEAFORD MEDICAL GROUP,E01026329,ALL,2
GP_PRAC_PAT_LIST,01/07/2026,C83023,SLEAFORD MEDICAL GROUP,E01026332,ALL,2
GP_PRAC_PAT_LIST,01/07/2026,C83023,SLEAFORD MEDICAL GROUP,E01026341,ALL,1
GP_PRAC_PAT_LIST,01/07/2026,C83023,SLEAFORD MEDICAL GROUP,E01026343,ALL,2
GP_PRAC_PAT_LIST,01/07/2026,C83023,SLEAFORD MEDICAL GROUP,E01026344,ALL,1
GP_PRAC_PAT_LIST,01/07/2026,C83023,SLEAFORD MEDICAL GROUP,E01026345,ALL,1
GP_PRAC_PAT_LIST,01/07/2026,C83023,SLEAFORD MEDICAL GROUP,E01026352,ALL,1
GP_PRAC_PAT_LIST,01/07/2026,C83023,SLEAFORD MEDICAL GROUP,E01026353,ALL,1
GP_PRAC_PAT_LIST,01/07/2026,C83023,SLEAFORD MEDICAL GROUP,E01026355,ALL,1
GP_PRAC_PAT_LIST,01/07/2026,C83023,SLEAFORD MEDICAL GROUP,E01026361,ALL,6
GP_PRAC_PAT_LIST,01/07/2026,C83023,SLEAFORD MEDICAL GROUP,E01026388,ALL,1
GP_PRAC_PAT_LIST,01/07/2026,C83023,SLEAFORD MEDICAL GROUP,E01026390,ALL,1
GP_PRAC_PAT_LIST,01/07/2026,C83023,SLEAFORD MEDICAL GROUP,E01026413,ALL,2
GP_PRAC_PAT_LIST,01/07/2026,C83023,SLEAFORD MEDICAL GROUP,E01026466,ALL,1
GP_PRAC_PAT_LIST,01/07/2026,C83023,SLEAFORD MEDICAL GROUP,E01026468,ALL,1
GP_PRAC_PAT_LIST,01/07/2026,C83023,SLEAFORD MEDICAL GROUP,E01026780,ALL,1
GP_PRAC_PAT_LIST,01/07/2026,C83023,SLEAFORD MEDICAL GROUP,E01027048,ALL,1
GP_PRAC_PAT_LIST,01/07/2026,C83023,SLEAFORD MEDICAL GROUP,E01027197,ALL,1
GP_PRAC_PAT_LIST,01/07/2026,C83023,SLEAFORD MEDICAL GROUP,E01028289,ALL,1
GP_PRAC_PAT_LIST,01/07/2026,C83023,SLEAFORD MEDICAL GROUP,E01028293,ALL,1
GP_PRAC_PAT_LIST,01/07/2026,C83023,SLEAFORD MEDICAL GROUP,E01028326,ALL,1
GP_PRAC_PAT_LIST,01/07/2026,C83023,SLEAFORD MEDICAL GROUP,E01028418,ALL,1
GP_PRAC_PAT_LIST,01/07/2026,C83023,SLEAFORD MEDICAL GROUP,E01029447,ALL,1
GP_PRAC_PAT_LIST,01/07/2026,C83023,SLEAFORD MEDICAL GROUP,E01029925,ALL,1
GP_PRAC_PAT_LIST,01/07/2026,C83023,SLEAFORD MEDICAL GROUP,E01032546,ALL,1
GP_PRAC_PAT_LIST,01/07/2026,C83023,SLEAFORD MEDICAL GROUP,E01032993,ALL,2
GP_PRAC_PAT_LIST,01/07/2026,C83023,SLEAFORD MEDICAL GROUP,E01032995,ALL,1
GP_PRAC_PAT_LIST,01/07/2026,C83023,SLEAFORD MEDICAL GROUP,E01033197,ALL,1
GP_PRAC_PAT_LIST,01/07/2026,C83023,SLEAFORD MEDICAL GROUP,E01034468,ALL,1
GP_PRAC_PAT_LIST,01/07/2026,C83023,SLEAFORD MEDICAL GROUP,E01034693,ALL,2
GP_PRAC_PAT_LIST,01/07/2026,C83023,SLEAFORD MEDICAL GROUP,E01034695,ALL,737
GP_PRAC_PAT_LIST,01/07/2026,C83023,SLEAFORD MEDICAL GROUP,E01034696,ALL,954
GP_PRAC_PAT_LIST,01/07/2026,C83023,SLEAFORD MEDICAL GROUP,E01034964,ALL,1
GP_PRAC_PAT_LIST,01/07/2026,C83023,SLEAFORD MEDICAL GROUP,E01035380,ALL,1
GP_PRAC_PAT_LIST,01/07/2026,C83023,SLEAFORD MEDICAL GROUP,EMPTY,ALL,18
GP_PRAC_PAT_LIST,01/07/2026,C83024,THE GLENSIDE COUNTRY PRACTICE,E01003088,ALL,1
GP_PRAC_PAT_LIST,01/07/2026,C83024,THE GLENSIDE COUNTRY PRACTICE,E01013787,ALL,1
GP_PRAC_PAT_LIST,01/07/2026,C83024,THE GLENSIDE COUNTRY PRACTICE,E01013788,ALL,57
GP_PRAC_PAT_LIST,01/07/2026,C83024,THE GLENSIDE COUNTRY PRACTICE,E01013790,ALL,278
GP_PRAC_PAT_LIST,01/07/2026,C83024,THE GLENSIDE COUNTRY PRACTICE,E01013791,ALL,4
GP_PRAC_PAT_LIST,01/07/2026,C83024,THE GLENSIDE COUNTRY PRACTICE,E01013792,ALL,3
GP_PRAC_PAT_LIST,01/07/2026,C83024,THE GLENSIDE COUNTRY PRACTICE,E01013796,ALL,1
GP_PRAC_PAT_LIST,01/07/2026,C83024,THE GLENSIDE COUNTRY PRACTICE,E01013799,ALL,1
GP_PRAC_PAT_LIST,01/07/2026,C83024,THE GLENSIDE COUNTRY PRACTICE,E01013800,ALL,1
GP_PRAC_PAT_LIST,01/07/2026,C83024,THE GLENSIDE COUNTRY PRACTICE,E01013803,ALL,1
GP_PRAC_PAT_LIST,01/07/2026,C83024,THE GLENSIDE COUNTRY PRACTICE,E01013804,ALL,146
GP_PRAC_PAT_LIST,01/07/2026,C83024,THE GLENSIDE COUNTRY PRACTICE,E01013805,ALL,66
GP_PRAC_PAT_LIST,01/07/2026,C83024,THE GLENSIDE COUNTRY PRACTICE,E01015589,ALL,2
GP_PRAC_PAT_LIST,01/07/2026,C83024,THE GLENSIDE COUNTRY PRACTICE,E01015590,ALL,7
GP_PRAC_PAT_LIST,01/07/2026,C83024,THE GLENSIDE COUNTRY PRACTICE,E01015642,ALL,1
GP_PRAC_PAT_LIST,01/07/2026,C83024,THE GLENSIDE COUNTRY PRACTICE,E01017363,ALL,1
GP_PRAC_PAT_LIST,01/07/2026,C83024,THE GLENSIDE COUNTRY PRACTICE,E01018225,ALL,1
GP_PRAC_PAT_LIST,01/07/2026,C83024,THE GLENSIDE COUNTRY PRACTICE,E01025683,ALL,1
GP_PRAC_PAT_LIST,01/07/2026,C83024,THE GLENSIDE COUNTRY PRACTICE,E01025894,ALL,1
GP_PRAC_PAT_LIST,01/07/2026,C83024,THE GLENSIDE COUNTRY PRACTICE,E01025911,ALL,2
GP_PRAC_PAT_LIST,01/07/2026,C83024,THE GLENSIDE COUNTRY PRACTICE,E01025912,ALL,19
GP_PRAC_PAT_LIST,01/07/2026,C83024,THE GLENSIDE COUNTRY PRACTICE,E01026221,ALL,2
GP_PRAC_PAT_LIST,01/07/2026,C83024,THE GLENSIDE COUNTRY PRACTICE,E01026287,ALL,25
GP_PRAC_PAT_LIST,01/07/2026,C83024,THE GLENSIDE COUNTRY PRACTICE,E01026288,ALL,45
GP_PRAC_PAT_LIST,01/07/2026,C83024,THE GLENSIDE COUNTRY PRACTICE,E01026289,ALL,46
GP_PRAC_PAT_LIST,01/07/2026,C83024,THE GLENSIDE COUNTRY PRACTICE,E01026290,ALL,29
GP_PRAC_PAT_LIST,01/07/2026,C83024,THE GLENSIDE COUNTRY PRACTICE,E01026291,ALL,3
GP_PRAC_PAT_LIST,01/07/2026,C83024,THE GLENSIDE COUNTRY PRACTICE,E01026292,ALL,3
GP_PRAC_PAT_LIST,01/07/2026,C83024,THE GLENSIDE COUNTRY PRACTICE,E01026293,ALL,7
GP_PRAC_PAT_LIST,01/07/2026,C83024,THE GLENSIDE COUNTRY PRACTICE,E01026294,ALL,5
GP_PRAC_PAT_LIST,01/07/2026,C83024,THE GLENSIDE COUNTRY PRACTICE,E01026296,ALL,14
GP_PRAC_PAT_LIST,01/07/2026,C83024,THE GLENSIDE COUNTRY PRACTICE,E01026297,ALL,6
GP_PRAC_PAT_LIST,01/07/2026,C83024,THE GLENSIDE COUNTRY PRACTICE,E01026298,ALL,9
GP_PRAC_PAT_LIST,01/07/2026,C83024,THE GLENSIDE COUNTRY PRACTICE,E01026299,ALL,9
GP_PRAC_PAT_LIST,01/07/2026,C83024,THE GLENSIDE COUNTRY PRACTICE,E01026300,ALL,19
GP_PRAC_PAT_LIST,01/07/2026,C83024,THE GLENSIDE COUNTRY PRACTICE,E01026302,ALL,8
GP_PRAC_PAT_LIST,01/07/2026,C83024,THE GLENSIDE COUNTRY PRACTICE,E01026307,ALL,1
GP_PRAC_PAT_LIST,01/07/2026,C83024,THE GLENSIDE COUNTRY PRACTICE,E01026308,ALL,3
GP_PRAC_PAT_LIST,01/07/2026,C83024,THE GLENSIDE COUNTRY PRACTICE,E01026310,ALL,1
GP_PRAC_PAT_LIST,01/07/2026,C83024,THE GLENSIDE COUNTRY PRACTICE,E01026311,ALL,3
GP_PRAC_PAT_LIST,01/07/2026,C83024,THE GLENSIDE COUNTRY PRACTICE,E01026315,ALL,13
GP_PRAC_PAT_LIST,01/07/2026,C83024,THE GLENSIDE COUNTRY PRACTICE,E01026316,ALL,458
GP_PRAC_PAT_LIST,01/07/2026,C83024,THE GLENSIDE COUNTRY PRACTICE,E01026317,ALL,10
GP_PRAC_PAT_LIST,01/07/2026,C83024,THE GLENSIDE COUNTRY PRACTICE,E01026318,ALL,3
GP_PRAC_PAT_LIST,01/07/2026,C83024,THE GLENSIDE COUNTRY PRACTICE,E01026319,ALL,15
GP_PRAC_PAT_LIST,01/07/2026,C83024,THE GLENSIDE COUNTRY PRACTICE,E01026321,ALL,9
GP_PRAC_PAT_LIST,01/07/2026,C83024,THE GLENSIDE COUNTRY PRACTICE,E01026322,ALL,1
GP_PRAC_PAT_LIST,01/07/2026,C83024,THE GLENSIDE COUNTRY PRACTICE,E01026323,ALL,5
GP_PRAC_PAT_LIST,01/07/2026,C83024,THE GLENSIDE COUNTRY PRACTICE,E01026324,ALL,7
GP_PRAC_PAT_LIST,01/07/2026,C83024,THE GLENSIDE COUNTRY PRACTICE,E01026325,ALL,3
GP_PRAC_PAT_LIST,01/07/2026,C83024,THE GLENSIDE COUNTRY PRACTICE,E01026326,ALL,1
GP_PRAC_PAT_LIST,01/07/2026,C83024,THE GLENSIDE COUNTRY PRACTICE,E01026327,ALL,5
GP_PRAC_PAT_LIST,01/07/2026,C83024,THE GLENSIDE COUNTRY PRACTICE,E01026330,ALL,462
GP_PRAC_PAT_LIST,01/07/2026,C83024,THE GLENSIDE COUNTRY PRACTICE,E01026331,ALL,157
GP_PRAC_PAT_LIST,01/07/2026,C83024,THE GLENSIDE COUNTRY PRACTICE,E01026332,ALL,97
GP_PRAC_PAT_LIST,01/07/2026,C83024,THE GLENSIDE COUNTRY PRACTICE,E01026335,ALL,1
GP_PRAC_PAT_LIST,01/07/2026,C83024,THE GLENSIDE COUNTRY PRACTICE,E01026338,ALL,728
GP_PRAC_PAT_LIST,01/07/2026,C83024,THE GLENSIDE COUNTRY PRACTICE,E01026339,ALL,278
GP_PRAC_PAT_LIST,01/07/2026,C83024,THE GLENSIDE COUNTRY PRACTICE,E01026340,ALL,8
GP_PRAC_PAT_LIST,01/07/2026,C83024,THE GLENSIDE COUNTRY PRACTICE,E01026341,ALL,17
GP_PRAC_PAT_LIST,01/07/2026,C83024,THE GLENSIDE COUNTRY PRACTICE,E01026342,ALL,14
GP_PRAC_PAT_LIST,01/07/2026,C83024,THE GLENSIDE COUNTRY PRACTICE,E01026343,ALL,7
GP_PRAC_PAT_LIST,01/07/2026,C83024,THE GLENSIDE COUNTRY PRACTICE,E01026344,ALL,2
GP_PRAC_PAT_LIST,01/07/2026,C83024,THE GLENSIDE COUNTRY PRACTICE,E01026345,ALL,5
GP_PRAC_PAT_LIST,01/07/2026,C83024,THE GLENSIDE COUNTRY PRACTICE,E01026346,ALL,33
GP_PRAC_PAT_LIST,01/07/2026,C83024,THE GLENSIDE COUNTRY PRACTICE,E01026347,ALL,33
GP_PRAC_PAT_LIST,01/07/2026,C83024,THE GLENSIDE COUNTRY PRACTICE,E01026348,ALL,22
GP_PRAC_PAT_LIST,01/07/2026,C83024,THE GLENSIDE COUNTRY PRACTICE,E01026349,ALL,34
GP_PRAC_PAT_LIST,01/07/2026,C83024,THE GLENSIDE COUNTRY PRACTICE,E01026350,ALL,53
GP_PRAC_PAT_LIST,01/07/2026,C83024,THE GLENSIDE COUNTRY PRACTICE,E01026351,ALL,39
GP_PRAC_PAT_LIST,01/07/2026,C83024,THE GLENSIDE COUNTRY PRACTICE,E01026352,ALL,5
GP_PRAC_PAT_LIST,01/07/2026,C83024,THE GLENSIDE COUNTRY PRACTICE,E01026353,ALL,1
GP_PRAC_PAT_LIST,01/07/2026,C83024,THE GLENSIDE COUNTRY PRACTICE,E01026354,ALL,7
GP_PRAC_PAT_LIST,01/07/2026,C83024,THE GLENSIDE COUNTRY PRACTICE,E01026356,ALL,18
GP_PRAC_PAT_LIST,01/07/2026,C83024,THE GLENSIDE COUNTRY PRACTICE,E01026357,ALL,29
GP_PRAC_PAT_LIST,01/07/2026,C83024,THE GLENSIDE COUNTRY PRACTICE,E01026358,ALL,36
GP_PRAC_PAT_LIST,01/07/2026,C83024,THE GLENSIDE COUNTRY PRACTICE,E01026359,ALL,68
GP_PRAC_PAT_LIST,01/07/2026,C83024,THE GLENSIDE COUNTRY PRACTICE,E01026360,ALL,22
GP_PRAC_PAT_LIST,01/07/2026,C83024,THE GLENSIDE COUNTRY PRACTICE,E01026361,ALL,7
GP_PRAC_PAT_LIST,01/07/2026,C83024,THE GLENSIDE COUNTRY PRACTICE,E01026363,ALL,13
GP_PRAC_PAT_LIST,01/07/2026,C83024,THE GLENSIDE COUNTRY PRACTICE,E01026365,ALL,2
GP_PRAC_PAT_LIST,01/07/2026,C83024,THE GLENSIDE COUNTRY PRACTICE,E01027033,ALL,7
GP_PRAC_PAT_LIST,01/07/2026,C83024,THE GLENSIDE COUNTRY PRACTICE,E01027047,ALL,1
GP_PRAC_PAT_LIST,01/07/2026,C83024,THE GLENSIDE COUNTRY PRACTICE,E01027698,ALL,1
GP_PRAC_PAT_LIST,01/07/2026,C83024,THE GLENSIDE COUNTRY PRACTICE,E01032997,ALL,8
GP_PRAC_PAT_LIST,01/07/2026,C83024,THE GLENSIDE COUNTRY PRACTICE,E01032998,ALL,10
GP_PRAC_PAT_LIST,01/07/2026,C83024,THE GLENSIDE COUNTRY PRACTICE,E01032999,ALL,9
GP_PRAC_PAT_LIST,01/07/2026,C83024,THE GLENSIDE COUNTRY PRACTICE,E01034701,ALL,9
GP_PRAC_PAT_LIST,01/07/2026,C83024,THE GLENSIDE COUNTRY PRACTICE,E01034702,ALL,5
GP_PRAC_PAT_LIST,01/07/2026,C83024,THE GLENSIDE COUNTRY PRACTICE,E01034703,ALL,13
GP_PRAC_PAT_LIST,01/07/2026,C83024,THE GLENSIDE COUNTRY PRACTICE,E01034704,ALL,16
GP_PRAC_PAT_LIST,01/07/2026,C83024,THE GLENSIDE COUNTRY PRACTICE,E01034705,ALL,13
GP_PRAC_PAT_LIST,01/07/2026,C83024,THE GLENSIDE COUNTRY PRACTICE,E01035102,ALL,3
GP_PRAC_PAT_LIST,01/07/2026,C83024,THE GLENSIDE COUNTRY PRACTICE,E01035103,ALL,2
GP_PRAC_PAT_LIST,01/07/2026,C83024,THE GLENSIDE COUNTRY PRACTICE,E01035104,ALL,1
GP_PRAC_PAT_LIST,01/07/2026,C83024,THE GLENSIDE COUNTRY PRACTICE,EMPTY,ALL,1
GP_PRAC_PAT_LIST,01/07/2026,C83025,RICHMOND MEDICAL CENTRE,CLOSED,ALL,2
GP_PRAC_PAT_LIST,01/07/2026,C83025,RICHMOND MEDICAL CENTRE,E01004350,ALL,1
GP_PRAC_PAT_LIST,01/07/2026,C83025,RICHMOND MEDICAL CENTRE,E01012848,ALL,1
GP_PRAC_PAT_LIST,01/07/2026,C83025,RICHMOND MEDICAL CENTRE,E01013001,ALL,1
GP_PRAC_PAT_LIST,01/07/2026,C83025,RICHMOND MEDICAL CENTRE,E01015462,ALL,1
GP_PRAC_PAT_LIST,01/07/2026,C83025,RICHMOND MEDICAL CENTRE,E01019577,ALL,1
GP_PRAC_PAT_LIST,01/07/2026,C83025,RICHMOND MEDICAL CENTRE,E01019646,ALL,1
GP_PRAC_PAT_LIST,01/07/2026,C83025,RICHMOND MEDICAL CENTRE,E01026042,ALL,1
GP_PRAC_PAT_LIST,01/07/2026,C83025,RICHMOND MEDICAL CENTRE,E01026126,ALL,1
GP_PRAC_PAT_LIST,01/07/2026,C83025,RICHMOND MEDICAL CENTRE,E01026127,ALL,2
GP_PRAC_PAT_LIST,01/07/2026,C83025,RICHMOND MEDICAL CENTRE,E01026129,ALL,3
GP_PRAC_PAT_LIST,01/07/2026,C83025,RICHMOND MEDICAL CENTRE,E01026130,ALL,16
GP_PRAC_PAT_LIST,01/07/2026,C83025,RICHMOND MEDICAL CENTRE,E01026131,ALL,4
GP_PRAC_PAT_LIST,01/07/2026,C83025,RICHMOND MEDICAL CENTRE,E01026134,ALL,1
GP_PRAC_PAT_LIST,01/07/2026,C83025,RICHMOND MEDICAL CENTRE,E01026135,ALL,7
GP_PRAC_PAT_LIST,01/07/2026,C83025,RICHMOND MEDICAL CENTRE,E01026136,ALL,3
GP_PRAC_PAT_LIST,01/07/2026,C83025,RICHMOND MEDICAL CENTRE,E01026137,ALL,7
GP_PRAC_PAT_LIST,01/07/2026,C83025,RICHMOND MEDICAL CENTRE,E01026138,ALL,16
GP_PRAC_PAT_LIST,01/07/2026,C83025,RICHMOND MEDICAL CENTRE,E01026139,ALL,648
GP_PRAC_PAT_LIST,01/07/2026,C83025,RICHMOND MEDICAL CENTRE,E01026140,ALL,11
GP_PRAC_PAT_LIST,01/07/2026,C83025,RICHMOND MEDICAL CENTRE,E01026141,ALL,553
GP_PRAC_PAT_LIST,01/07/2026,C83025,RICHMOND MEDICAL CENTRE,E01026142,ALL,4
GP_PRAC_PAT_LIST,01/07/2026,C83025,RICHMOND MEDICAL CENTRE,E01026144,ALL,1
GP_PRAC_PAT_LIST,01/07/2026,C83025,RICHMOND MEDICAL CENTRE,E01026147,ALL,1
GP_PRAC_PAT_LIST,01/07/2026,C83025,RICHMOND MEDICAL CENTRE,E01026152,ALL,1
GP_PRAC_PAT_LIST,01/07/2026,C83025,RICHMOND MEDICAL CENTRE,E01026153,ALL,1
GP_PRAC_PAT_LIST,01/07/2026,C83025,RICHMOND MEDICAL CENTRE,E01026155,ALL,1
GP_PRAC_PAT_LIST,01/07/2026,C83025,RICHMOND MEDICAL CENTRE,E01026158,ALL,12
GP_PRAC_PAT_LIST,01/07/2026,C83025,RICHMOND MEDICAL CENTRE,E01026159,ALL,15
GP_PRAC_PAT_LIST,01/07/2026,C83025,RICHMOND MEDICAL CENTRE,E01026160,ALL,9
GP_PRAC_PAT_LIST,01/07/2026,C83025,RICHMOND MEDICAL CENTRE,E01026161,ALL,2
GP_PRAC_PAT_LIST,01/07/2026,C83025,RICHMOND MEDICAL CENTRE,E01026162,ALL,59
GP_PRAC_PAT_LIST,01/07/2026,C83025,RICHMOND MEDICAL CENTRE,E01026163,ALL,36
GP_PRAC_PAT_LIST,01/07/2026,C83025,RICHMOND MEDICAL CENTRE,E01026169,ALL,92
GP_PRAC_PAT_LIST,01/07/2026,C83025,RICHMOND MEDICAL CENTRE,E01026170,ALL,14
GP_PRAC_PAT_LIST,01/07/2026,C83025,RICHMOND MEDICAL CENTRE,E01026171,ALL,235
GP_PRAC_PAT_LIST,01/07/2026,C83025,RICHMOND MEDICAL CENTRE,E01026172,ALL,3
GP_PRAC_PAT_LIST,01/07/2026,C83025,RICHMOND MEDICAL CENTRE,E01026173,ALL,2
GP_PRAC_PAT_LIST,01/07/2026,C83025,RICHMOND MEDICAL CENTRE,E01026174,ALL,2
GP_PRAC_PAT_LIST,01/07/2026,C83025,RICHMOND MEDICAL CENTRE,E01026175,ALL,2
GP_PRAC_PAT_LIST,01/07/2026,C83025,RICHMOND MEDICAL CENTRE,E01026177,ALL,2
GP_PRAC_PAT_LIST,01/07/2026,C83025,RICHMOND MEDICAL CENTRE,E01026178,ALL,1
GP_PRAC_PAT_LIST,01/07/2026,C83025,RICHMOND MEDICAL CENTRE,E01026184,ALL,6
GP_PRAC_PAT_LIST,01/07/2026,C83025,RICHMOND MEDICAL CENTRE,E01026185,ALL,3
GP_PRAC_PAT_LIST,01/07/2026,C83025,RICHMOND MEDICAL CENTRE,E01026186,ALL,1
GP_PRAC_PAT_LIST,01/07/2026,C83025,RICHMOND MEDICAL CENTRE,E01026187,ALL,2
GP_PRAC_PAT_LIST,01/07/2026,C83025,RICHMOND MEDICAL CENTRE,E01026188,ALL,1
GP_PRAC_PAT_LIST,01/07/2026,C83025,RICHMOND MEDICAL CENTRE,E01026190,ALL,1
GP_PRAC_PAT_LIST,01/07/2026,C83025,RICHMOND MEDICAL CENTRE,E01026191,ALL,2
GP_PRAC_PAT_LIST,01/07/2026,C83025,RICHMOND MEDICAL CENTRE,E01026192,ALL,1
GP_PRAC_PAT_LIST,01/07/2026,C83025,RICHMOND MEDICAL CENTRE,E01026193,ALL,11
GP_PRAC_PAT_LIST,01/07/2026,C83025,RICHMOND MEDICAL CENTRE,E01026199,ALL,753
GP_PRAC_PAT_LIST,01/07/2026,C83025,RICHMOND MEDICAL CENTRE,E01026203,ALL,2
GP_PRAC_PAT_LIST,01/07/2026,C83025,RICHMOND MEDICAL CENTRE,E01026214,ALL,764
GP_PRAC_PAT_LIST,01/07/2026,C83025,RICHMOND MEDICAL CENTRE,E01026215,ALL,721
GP_PRAC_PAT_LIST,01/07/2026,C83025,RICHMOND MEDICAL CENTRE,E01026218,ALL,934
GP_PRAC_PAT_LIST,01/07/2026,C83025,RICHMOND MEDICAL CENTRE,E01026219,ALL,946
GP_PRAC_PAT_LIST,01/07/2026,C83025,RICHMOND MEDICAL CENTRE,E01026220,ALL,1945
GP_PRAC_PAT_LIST,01/07/2026,C83025,RICHMOND MEDICAL CENTRE,E01026225,ALL,6
GP_PRAC_PAT_LIST,01/07/2026,C83025,RICHMOND MEDICAL CENTRE,E01026226,ALL,5
GP_PRAC_PAT_LIST,01/07/2026,C83025,RICHMOND MEDICAL CENTRE,E01026229,ALL,1
GP_PRAC_PAT_LIST,01/07/2026,C83025,RICHMOND MEDICAL CENTRE,E01026237,ALL,15
GP_PRAC_PAT_LIST,01/07/2026,C83025,RICHMOND MEDICAL CENTRE,E01026238,ALL,29
GP_PRAC_PAT_LIST,01/07/2026,C83025,RICHMOND MEDICAL CENTRE,E01026373,ALL,1
GP_PRAC_PAT_LIST,01/07/2026,C83025,RICHMOND MEDICAL CENTRE,E01027636,ALL,1
GP_PRAC_PAT_LIST,01/07/2026,C83025,RICHMOND MEDICAL CENTRE,E01027650,ALL,1
GP_PRAC_PAT_LIST,01/07/2026,C83025,RICHMOND MEDICAL CENTRE,E01028315,ALL,1
GP_PRAC_PAT_LIST,01/07/2026,C83025,RICHMOND MEDICAL CENTRE,E01028402,ALL,1
GP_PRAC_PAT_LIST,01/07/2026,C83025,RICHMOND MEDICAL CENTRE,E01028474,ALL,1
GP_PRAC_PAT_LIST,01/07/2026,C83025,RICHMOND MEDICAL CENTRE,E01032988,ALL,1845
GP_PRAC_PAT_LIST,01/07/2026,C83025,RICHMOND MEDICAL CENTRE,E01032989,ALL,1927
GP_PRAC_PAT_LIST,01/07/2026,C83025,RICHMOND MEDICAL CENTRE,E01032991,ALL,1727
GP_PRAC_PAT_LIST,01/07/2026,C83025,RICHMOND MEDICAL CENTRE,E01032992,ALL,1416
GP_PRAC_PAT_LIST,01/07/2026,C83025,RICHMOND MEDICAL CENTRE,E01032993,ALL,2098
GP_PRAC_PAT_LIST,01/07/2026,C83025,RICHMOND MEDICAL CENTRE,E01032994,ALL,996
GP_PRAC_PAT_LIST,01/07/2026,C83025,RICHMOND MEDICAL CENTRE,E01033263,ALL,1
GP_PRAC_PAT_LIST,01/07/2026,C83025,RICHMOND MEDICAL CENTRE,E01033314,ALL,1
GP_PRAC_PAT_LIST,01/07/2026,C83025,RICHMOND MEDICAL CENTRE,E01033402,ALL,1
GP_PRAC_PAT_LIST,01/07/2026,C83025,RICHMOND MEDICAL CENTRE,E01034687,ALL,1
GP_PRAC_PAT_LIST,01/07/2026,C83025,RICHMOND MEDICAL CENTRE,E01034689,ALL,7
GP_PRAC_PAT_LIST,01/07/2026,C83025,RICHMOND MEDICAL CENTRE,E01034690,ALL,7
GP_PRAC_PAT_LIST,01/07/2026,C83025,RICHMOND MEDICAL CENTRE,E01034691,ALL,6
GP_PRAC_PAT_LIST,01/07/2026,C83025,RICHMOND MEDICAL CENTRE,E01034693,ALL,457
GP_PRAC_PAT_LIST,01/07/2026,C83025,RICHMOND MEDICAL CENTRE,E01034694,ALL,503
GP_PRAC_PAT_LIST,01/07/2026,C83025,RICHMOND MEDICAL CENTRE,EMPTY,ALL,27
GP_PRAC_PAT_LIST,01/07/2026,C83026,THE DEEPINGS PRACTICE,CLOSED,ALL,2
GP_PRAC_PAT_LIST,01/07/2026,C83026,THE DEEPINGS PRACTICE,E01002361,ALL,1
GP_PRAC_PAT_LIST,01/07/2026,C83026,THE DEEPINGS PRACTICE,E01003669,ALL,1
GP_PRAC_PAT_LIST,01/07/2026,C83026,THE DEEPINGS PRACTICE,E01010186,ALL,1
GP_PRAC_PAT_LIST,01/07/2026,C83026,THE DEEPINGS PRACTICE,E01013378,ALL,1
GP_PRAC_PAT_LIST,01/07/2026,C83026,THE DEEPINGS PRACTICE,E01013400,ALL,1
GP_PRAC_PAT_LIST,01/07/2026,C83026,THE DEEPINGS PRACTICE,E01014380,ALL,1
GP_PRAC_PAT_LIST,01/07/2026,C83026,THE DEEPINGS PRACTICE,E01015589,ALL,979
GP_PRAC_PAT_LIST,01/07/2026,C83026,THE DEEPINGS PRACTICE,E01015590,ALL,1
GP_PRAC_PAT_LIST,01/07/2026,C83026,THE DEEPINGS PRACTICE,E01015618,ALL,1
GP_PRAC_PAT_LIST,01/07/2026,C83026,THE DEEPINGS PRACTICE,E01015628,ALL,1
GP_PRAC_PAT_LIST,01/07/2026,C83026,THE DEEPINGS PRACTICE,E01015629,ALL,1402
GP_PRAC_PAT_LIST,01/07/2026,C83026,THE DEEPINGS PRACTICE,E01015630,ALL,379
GP_PRAC_PAT_LIST,01/07/2026,C83026,THE DEEPINGS PRACTICE,E01015635,ALL,1475
GP_PRAC_PAT_LIST,01/07/2026,C83026,THE DEEPINGS PRACTICE,E01015636,ALL,901
GP_PRAC_PAT_LIST,01/07/2026,C83026,THE DEEPINGS PRACTICE,E01015646,ALL,1
GP_PRAC_PAT_LIST,01/07/2026,C83026,THE DEEPINGS PRACTICE,E01015659,ALL,2
GP_PRAC_PAT_LIST,01/07/2026,C83026,THE DEEPINGS PRACTICE,E01015674,ALL,1
GP_PRAC_PAT_LIST,01/07/2026,C83026,THE DEEPINGS PRACTICE,E01015676,ALL,1
GP_PRAC_PAT_LIST,01/07/2026,C83026,THE DEEPINGS PRACTICE,E01015679,ALL,28
GP_PRAC_PAT_LIST,01/07/2026,C83026,THE DEEPINGS PRACTICE,E01015681,ALL,1
GP_PRAC_PAT_LIST,01/07/2026,C83026,THE DEEPINGS PRACTICE,E01015686,ALL,2
GP_PRAC_PAT_LIST,01/07/2026,C83026,THE DEEPINGS PRACTICE,E01018058,ALL,1
GP_PRAC_PAT_LIST,01/07/2026,C83026,THE DEEPINGS PRACTICE,E01018072,ALL,1
GP_PRAC_PAT_LIST,01/07/2026,C83026,THE DEEPINGS PRACTICE,E01018077,ALL,1
GP_PRAC_PAT_LIST,01/07/2026,C83026,THE DEEPINGS PRACTICE,E01018092,ALL,1
GP_PRAC_PAT_LIST,01/07/2026,C83026,THE DEEPINGS PRACTICE,E01019492,ALL,1
GP_PRAC_PAT_LIST,01/07/2026,C83026,THE DEEPINGS PRACTICE,E01020657,ALL,1
GP_PRAC_PAT_LIST,01/07/2026,C83026,THE DEEPINGS PRACTICE,E01021285,ALL,1
GP_PRAC_PAT_LIST,01/07/2026,C83026,THE DEEPINGS PRACTICE,E01021537,ALL,1
GP_PRAC_PAT_LIST,01/07/2026,C83026,THE DEEPINGS PRACTICE,E01023456,ALL,1
GP_PRAC_PAT_LIST,01/07/2026,C83026,THE DEEPINGS PRACTICE,E01023766,ALL,1
GP_PRAC_PAT_LIST,01/07/2026,C83026,THE DEEPINGS PRACTICE,E01025893,ALL,1
GP_PRAC_PAT_LIST,01/07/2026,C83026,THE DEEPINGS PRACTICE,E01026153,ALL,1
GP_PRAC_PAT_LIST,01/07/2026,C83026,THE DEEPINGS PRACTICE,E01026240,ALL,1
GP_PRAC_PAT_LIST,01/07/2026,C83026,THE DEEPINGS PRACTICE,E01026241,ALL,564
GP_PRAC_PAT_LIST,01/07/2026,C83026,THE DEEPINGS PRACTICE,E01026244,ALL,1
GP_PRAC_PAT_LIST,01/07/2026,C83026,THE DEEPINGS PRACTICE,E01026248,ALL,1
GP_PRAC_PAT_LIST,01/07/2026,C83026,THE DEEPINGS PRACTICE,E01026265,ALL,1
GP_PRAC_PAT_LIST,01/07/2026,C83026,THE DEEPINGS PRACTICE,E01026268,ALL,1
GP_PRAC_PAT_LIST,01/07/2026,C83026,THE DEEPINGS PRACTICE,E01026275,ALL,1
GP_PRAC_PAT_LIST,01/07/2026,C83026,THE DEEPINGS PRACTICE,E01026276,ALL,1
GP_PRAC_PAT_LIST,01/07/2026,C83026,THE DEEPINGS PRACTICE,E01026282,ALL,2
GP_PRAC_PAT_LIST,01/07/2026,C83026,THE DEEPINGS PRACTICE,E01026284,ALL,1
GP_PRAC_PAT_LIST,01/07/2026,C83026,THE DEEPINGS PRACTICE,E01026290,ALL,1
GP_PRAC_PAT_LIST,01/07/2026,C83026,THE DEEPINGS PRACTICE,E01026297,ALL,2
GP_PRAC_PAT_LIST,01/07/2026,C83026,THE DEEPINGS PRACTICE,E01026299,ALL,2
GP_PRAC_PAT_LIST,01/07/2026,C83026,THE DEEPINGS PRACTICE,E01026303,ALL,1184
GP_PRAC_PAT_LIST,01/07/2026,C83026,THE DEEPINGS PRACTICE,E01026304,ALL,1465
GP_PRAC_PAT_LIST,01/07/2026,C83026,THE DEEPINGS PRACTICE,E01026305,ALL,1501
GP_PRAC_PAT_LIST,01/07/2026,C83026,THE DEEPINGS PRACTICE,E01026306,ALL,1808
GP_PRAC_PAT_LIST,01/07/2026,C83026,THE DEEPINGS PRACTICE,E01026307,ALL,1187
GP_PRAC_PAT_LIST,01/07/2026,C83026,THE DEEPINGS PRACTICE,E01026312,ALL,1
GP_PRAC_PAT_LIST,01/07/2026,C83026,THE DEEPINGS PRACTICE,E01026316,ALL,1
GP_PRAC_PAT_LIST,01/07/2026,C83026,THE DEEPINGS PRACTICE,E01026318,ALL,1
GP_PRAC_PAT_LIST,01/07/2026,C83026,THE DEEPINGS PRACTICE,E01026330,ALL,187
GP_PRAC_PAT_LIST,01/07/2026,C83026,THE DEEPINGS PRACTICE,E01026331,ALL,1
GP_PRAC_PAT_LIST,01/07/2026,C83026,THE DEEPINGS PRACTICE,E01026334,ALL,1444
GP_PRAC_PAT_LIST,01/07/2026,C83026,THE DEEPINGS PRACTICE,E01026335,ALL,1430
GP_PRAC_PAT_LIST,01/07/2026,C83026,THE DEEPINGS PRACTICE,E01026336,ALL,1911
GP_PRAC_PAT_LIST,01/07/2026,C83026,THE DEEPINGS PRACTICE,E01026337,ALL,2156
GP_PRAC_PAT_LIST,01/07/2026,C83026,THE DEEPINGS PRACTICE,E01026342,ALL,1
GP_PRAC_PAT_LIST,01/07/2026,C83026,THE DEEPINGS PRACTICE,E01026349,ALL,1
GP_PRAC_PAT_LIST,01/07/2026,C83026,THE DEEPINGS PRACTICE,E01026356,ALL,2
GP_PRAC_PAT_LIST,01/07/2026,C83026,THE DEEPINGS PRACTICE,E01026357,ALL,1
GP_PRAC_PAT_LIST,01/07/2026,C83026,THE DEEPINGS PRACTICE,E01026362,ALL,1262
GP_PRAC_PAT_LIST,01/07/2026,C83026,THE DEEPINGS PRACTICE,E01026363,ALL,700
GP_PRAC_PAT_LIST,01/07/2026,C83026,THE DEEPINGS PRACTICE,E01026364,ALL,925
GP_PRAC_PAT_LIST,01/07/2026,C83026,THE DEEPINGS PRACTICE,E01026683,ALL,1
GP_PRAC_PAT_LIST,01/07/2026,C83026,THE DEEPINGS PRACTICE,E01026981,ALL,1
GP_PRAC_PAT_LIST,01/07/2026,C83026,THE DEEPINGS PRACTICE,E01027680,ALL,1
GP_PRAC_PAT_LIST,01/07/2026,C83026,THE DEEPINGS PRACTICE,E01032431,ALL,1
GP_PRAC_PAT_LIST,01/07/2026,C83026,THE DEEPINGS PRACTICE,E01032998,ALL,1
GP_PRAC_PAT_LIST,01/07/2026,C83026,THE DEEPINGS PRACTICE,E01033177,ALL,2
GP_PRAC_PAT_LIST,01/07/2026,C83026,THE DEEPINGS PRACTICE,E01033181,ALL,1
GP_PRAC_PAT_LIST,01/07/2026,C83026,THE DEEPINGS PRACTICE,E01033761,ALL,1
GP_PRAC_PAT_LIST,01/07/2026,C83026,THE DEEPINGS PRACTICE,E01034041,ALL,1
GP_PRAC_PAT_LIST,01/07/2026,C83026,THE DEEPINGS PRACTICE,E01034451,ALL,1
GP_PRAC_PAT_LIST,01/07/2026,C83026,THE DEEPINGS PRACTICE,E01034699,ALL,1
GP_PRAC_PAT_LIST,01/07/2026,C83026,THE DEEPINGS PRACTICE,E01034727,ALL,1
GP_PRAC_PAT_LIST,01/07/2026,C83026,THE DEEPINGS PRACTICE,E01035348,ALL,1
GP_PRAC_PAT_LIST,01/07/2026,C83026,THE DEEPINGS PRACTICE,E01035544,ALL,1
GP_PRAC_PAT_LIST,01/07/2026,C83026,THE DEEPINGS PRACTICE,E01035545,ALL,2
GP_PRAC_PAT_LIST,01/07/2026,C83026,THE DEEPINGS PRACTICE,E01035547,ALL,1
GP_PRAC_PAT_LIST,01/07/2026,C83026,THE DEEPINGS PRACTICE,E01035549,ALL,1
GP_PRAC_PAT_LIST,01/07/2026,C83026,THE DEEPINGS PRACTICE,E01035552,ALL,1
GP_PRAC_PAT_LIST,01/07/2026,C83026,THE DEEPINGS PRACTICE,EMPTY,ALL,51
GP_PRAC_PAT_LIST,01/07/2026,C83027,HORNCASTLE MEDICAL GROUP,CLOSED,ALL,2
GP_PRAC_PAT_LIST,01/07/2026,C83027,HORNCASTLE MEDICAL GROUP,E01004714,ALL,1
GP_PRAC_PAT_LIST,01/07/2026,C83027,HORNCASTLE MEDICAL GROUP,E01011446,ALL,1
GP_PRAC_PAT_LIST,01/07/2026,C83027,HORNCASTLE MEDICAL GROUP,E01013421,ALL,1
GP_PRAC_PAT_LIST,01/07/2026,C83027,HORNCASTLE MEDICAL GROUP,E01015661,ALL,1
GP_PRAC_PAT_LIST,01/07/2026,C83027,HORNCASTLE MEDICAL GROUP,E01016754,ALL,1
GP_PRAC_PAT_LIST,01/07/2026,C83027,HORNCASTLE MEDICAL GROUP,E01025187,ALL,1
GP_PRAC_PAT_LIST,01/07/2026,C83027,HORNCASTLE MEDICAL GROUP,E01026026,ALL,1
GP_PRAC_PAT_LIST,01/07/2026,C83027,HORNCASTLE MEDICAL GROUP,E01026051,ALL,9
GP_PRAC_PAT_LIST,01/07/2026,C83027,HORNCASTLE MEDICAL GROUP,E01026052,ALL,3
GP_PRAC_PAT_LIST,01/07/2026,C83027,HORNCASTLE MEDICAL GROUP,E01026053,ALL,15
GP_PRAC_PAT_LIST,01/07/2026,C83027,HORNCASTLE MEDICAL GROUP,E01026054,ALL,7
GP_PRAC_PAT_LIST,01/07/2026,C83027,HORNCASTLE MEDICAL GROUP,E01026055,ALL,3
GP_PRAC_PAT_LIST,01/07/2026,C83027,HORNCASTLE MEDICAL GROUP,E01026060,ALL,58
GP_PRAC_PAT_LIST,01/07/2026,C83027,HORNCASTLE MEDICAL GROUP,E01026064,ALL,1484
GP_PRAC_PAT_LIST,01/07/2026,C83027,HORNCASTLE MEDICAL GROUP,E01026065,ALL,2055
GP_PRAC_PAT_LIST,01/07/2026,C83027,HORNCASTLE MEDICAL GROUP,E01026066,ALL,2234
GP_PRAC_PAT_LIST,01/07/2026,C83027,HORNCASTLE MEDICAL GROUP,E01026067,ALL,1579
GP_PRAC_PAT_LIST,01/07/2026,C83027,HORNCASTLE MEDICAL GROUP,E01026068,ALL,27
GP_PRAC_PAT_LIST,01/07/2026,C83027,HORNCASTLE MEDICAL GROUP,E01026070,ALL,3
GP_PRAC_PAT_LIST,01/07/2026,C83027,HORNCASTLE MEDICAL GROUP,E01026071,ALL,408
GP_PRAC_PAT_LIST,01/07/2026,C83027,HORNCASTLE MEDICAL GROUP,E01026075,ALL,425
GP_PRAC_PAT_LIST,01/07/2026,C83027,HORNCASTLE MEDICAL GROUP,E01026078,ALL,1
GP_PRAC_PAT_LIST,01/07/2026,C83027,HORNCASTLE MEDICAL GROUP,E01026082,ALL,697
GP_PRAC_PAT_LIST,01/07/2026,C83027,HORNCASTLE MEDICAL GROUP,E01026100,ALL,1
GP_PRAC_PAT_LIST,01/07/2026,C83027,HORNCASTLE MEDICAL GROUP,E01026102,ALL,1
GP_PRAC_PAT_LIST,01/07/2026,C83027,HORNCASTLE MEDICAL GROUP,E01026103,ALL,1
GP_PRAC_PAT_LIST,01/07/2026,C83027,HORNCASTLE MEDICAL GROUP,E01026105,ALL,1044
GP_PRAC_PAT_LIST,01/07/2026,C83027,HORNCASTLE MEDICAL GROUP,E01026118,ALL,63
GP_PRAC_PAT_LIST,01/07/2026,C83027,HORNCASTLE MEDICAL GROUP,E01026119,ALL,52
GP_PRAC_PAT_LIST,01/07/2026,C83027,HORNCASTLE MEDICAL GROUP,E01026120,ALL,80
GP_PRAC_PAT_LIST,01/07/2026,C83027,HORNCASTLE MEDICAL GROUP,E01026121,ALL,51
GP_PRAC_PAT_LIST,01/07/2026,C83027,HORNCASTLE MEDICAL GROUP,E01026124,ALL,1
GP_PRAC_PAT_LIST,01/07/2026,C83027,HORNCASTLE MEDICAL GROUP,E01026191,ALL,1
GP_PRAC_PAT_LIST,01/07/2026,C83027,HORNCASTLE MEDICAL GROUP,E01026196,ALL,1
GP_PRAC_PAT_LIST,01/07/2026,C83027,HORNCASTLE MEDICAL GROUP,E01026210,ALL,7
GP_PRAC_PAT_LIST,01/07/2026,C83027,HORNCASTLE MEDICAL GROUP,E01026366,ALL,9
GP_PRAC_PAT_LIST,01/07/2026,C83027,HORNCASTLE MEDICAL GROUP,E01026373,ALL,2
GP_PRAC_PAT_LIST,01/07/2026,C83027,HORNCASTLE MEDICAL GROUP,E01026390,ALL,1
GP_PRAC_PAT_LIST,01/07/2026,C83027,HORNCASTLE MEDICAL GROUP,E01026391,ALL,1
GP_PRAC_PAT_LIST,01/07/2026,C83027,HORNCASTLE MEDICAL GROUP,E01026414,ALL,1
GP_PRAC_PAT_LIST,01/07/2026,C83027,HORNCASTLE MEDICAL GROUP,E01026415,ALL,2
GP_PRAC_PAT_LIST,01/07/2026,C83027,HORNCASTLE MEDICAL GROUP,E01027284,ALL,1
GP_PRAC_PAT_LIST,01/07/2026,C83027,HORNCASTLE MEDICAL GROUP,EMPTY,ALL,5
GP_PRAC_PAT_LIST,01/07/2026,C83028,HOLBEACH MEDICAL CENTRE,CLOSED,ALL,1
GP_PRAC_PAT_LIST,01/07/2026,C83028,HOLBEACH MEDICAL CENTRE,E01007662,ALL,1
GP_PRAC_PAT_LIST,01/07/2026,C83028,HOLBEACH MEDICAL CENTRE,E01013791,ALL,1
GP_PRAC_PAT_LIST,01/07/2026,C83028,HOLBEACH MEDICAL CENTRE,E01015596,ALL,1
GP_PRAC_PAT_LIST,01/07/2026,C83028,HOLBEACH MEDICAL CENTRE,E01018097,ALL,1
GP_PRAC_PAT_LIST,01/07/2026,C83028,HOLBEACH MEDICAL CENTRE,E01018107,ALL,1
GP_PRAC_PAT_LIST,01/07/2026,C83028,HOLBEACH MEDICAL CENTRE,E01021318,ALL,3
GP_PRAC_PAT_LIST,01/07/2026,C83028,HOLBEACH MEDICAL CENTRE,E01026017,ALL,14
GP_PRAC_PAT_LIST,01/07/2026,C83028,HOLBEACH MEDICAL CENTRE,E01026020,ALL,1
GP_PRAC_PAT_LIST,01/07/2026,C83028,HOLBEACH MEDICAL CENTRE,E01026098,ALL,1
GP_PRAC_PAT_LIST,01/07/2026,C83028,HOLBEACH MEDICAL CENTRE,E01026241,ALL,1
GP_PRAC_PAT_LIST,01/07/2026,C83028,HOLBEACH MEDICAL CENTRE,E01026245,ALL,923
GP_PRAC_PAT_LIST,01/07/2026,C83028,HOLBEACH MEDICAL CENTRE,E01026246,ALL,307
GP_PRAC_PAT_LIST,01/07/2026,C83028,HOLBEACH MEDICAL CENTRE,E01026248,ALL,1091
GP_PRAC_PAT_LIST,01/07/2026,C83028,HOLBEACH MEDICAL CENTRE,E01026249,ALL,457
GP_PRAC_PAT_LIST,01/07/2026,C83028,HOLBEACH MEDICAL CENTRE,E01026250,ALL,999
GP_PRAC_PAT_LIST,01/07/2026,C83028,HOLBEACH MEDICAL CENTRE,E01026251,ALL,941
GP_PRAC_PAT_LIST,01/07/2026,C83028,HOLBEACH MEDICAL CENTRE,E01026252,ALL,1117
GP_PRAC_PAT_LIST,01/07/2026,C83028,HOLBEACH MEDICAL CENTRE,E01026253,ALL,1017
GP_PRAC_PAT_LIST,01/07/2026,C83028,HOLBEACH MEDICAL CENTRE,E01026254,ALL,11
GP_PRAC_PAT_LIST,01/07/2026,C83028,HOLBEACH MEDICAL CENTRE,E01026255,ALL,16
GP_PRAC_PAT_LIST,01/07/2026,C83028,HOLBEACH MEDICAL CENTRE,E01026256,ALL,45
GP_PRAC_PAT_LIST,01/07/2026,C83028,HOLBEACH MEDICAL CENTRE,E01026257,ALL,38
GP_PRAC_PAT_LIST,01/07/2026,C83028,HOLBEACH MEDICAL CENTRE,E01026260,ALL,1
GP_PRAC_PAT_LIST,01/07/2026,C83028,HOLBEACH MEDICAL CENTRE,E01026264,ALL,1
GP_PRAC_PAT_LIST,01/07/2026,C83028,HOLBEACH MEDICAL CENTRE,E01026268,ALL,1
GP_PRAC_PAT_LIST,01/07/2026,C83028,HOLBEACH MEDICAL CENTRE,E01026269,ALL,1
GP_PRAC_PAT_LIST,01/07/2026,C83028,HOLBEACH MEDICAL CENTRE,E01026270,ALL,1
GP_PRAC_PAT_LIST,01/07/2026,C83028,HOLBEACH MEDICAL CENTRE,E01026271,ALL,1
GP_PRAC_PAT_LIST,01/07/2026,C83028,HOLBEACH MEDICAL CENTRE,E01026277,ALL,1
GP_PRAC_PAT_LIST,01/07/2026,C83028,HOLBEACH MEDICAL CENTRE,E01026278,ALL,4
GP_PRAC_PAT_LIST,01/07/2026,C83028,HOLBEACH MEDICAL CENTRE,E01026279,ALL,1
GP_PRAC_PAT_LIST,01/07/2026,C83028,HOLBEACH MEDICAL CENTRE,E01026280,ALL,102
GP_PRAC_PAT_LIST,01/07/2026,C83028,HOLBEACH MEDICAL CENTRE,E01026281,ALL,10
GP_PRAC_PAT_LIST,01/07/2026,C83028,HOLBEACH MEDICAL CENTRE,E01026282,ALL,61
GP_PRAC_PAT_LIST,01/07/2026,C83028,HOLBEACH MEDICAL CENTRE,E01026283,ALL,112
GP_PRAC_PAT_LIST,01/07/2026,C83028,HOLBEACH MEDICAL CENTRE,E01026284,ALL,25
GP_PRAC_PAT_LIST,01/07/2026,C83028,HOLBEACH MEDICAL CENTRE,E01026285,ALL,259
GP_PRAC_PAT_LIST,01/07/2026,C83028,HOLBEACH MEDICAL CENTRE,E01026286,ALL,331
GP_PRAC_PAT_LIST,01/07/2026,C83028,HOLBEACH MEDICAL CENTRE,E01026404,ALL,1
GP_PRAC_PAT_LIST,01/07/2026,C83028,HOLBEACH MEDICAL CENTRE,E01027129,ALL,1
GP_PRAC_PAT_LIST,01/07/2026,C83028,HOLBEACH MEDICAL CENTRE,E01027151,ALL,1
GP_PRAC_PAT_LIST,01/07/2026,C83028,HOLBEACH MEDICAL CENTRE,E01032995,ALL,1
GP_PRAC_PAT_LIST,01/07/2026,C83028,HOLBEACH MEDICAL CENTRE,E01032996,ALL,1
GP_PRAC_PAT_LIST,01/07/2026,C83028,HOLBEACH MEDICAL CENTRE,E01034700,ALL,2
GP_PRAC_PAT_LIST,01/07/2026,C83028,HOLBEACH MEDICAL CENTRE,E01035534,ALL,1
GP_PRAC_PAT_LIST,01/07/2026,C83028,HOLBEACH MEDICAL CENTRE,EMPTY,ALL,8
GP_PRAC_PAT_LIST,01/07/2026,C83029,BRANSTON & HEIGHINGTON FAMILY PRACTICE,E01006751,ALL,1
GP_PRAC_PAT_LIST,01/07/2026,C83029,BRANSTON & HEIGHINGTON FAMILY PRACTICE,E01012100,ALL,1
GP_PRAC_PAT_LIST,01/07/2026,C83029,BRANSTON & HEIGHINGTON FAMILY PRACTICE,E01018831,ALL,1
GP_PRAC_PAT_LIST,01/07/2026,C83029,BRANSTON & HEIGHINGTON FAMILY PRACTICE,E01020704,ALL,1
GP_PRAC_PAT_LIST,01/07/2026,C83029,BRANSTON & HEIGHINGTON FAMILY PRACTICE,E01021372,ALL,1
GP_PRAC_PAT_LIST,01/07/2026,C83029,BRANSTON & HEIGHINGTON FAMILY PRACTICE,E01026033,ALL,1
GP_PRAC_PAT_LIST,01/07/2026,C83029,BRANSTON & HEIGHINGTON FAMILY PRACTICE,E01026105,ALL,2
GP_PRAC_PAT_LIST,01/07/2026,C83029,BRANSTON & HEIGHINGTON FAMILY PRACTICE,E01026124,ALL,1
GP_PRAC_PAT_LIST,01/07/2026,C83029,BRANSTON & HEIGHINGTON FAMILY PRACTICE,E01026134,ALL,1
GP_PRAC_PAT_LIST,01/07/2026,C83029,BRANSTON & HEIGHINGTON FAMILY PRACTICE,E01026140,ALL,1
GP_PRAC_PAT_LIST,01/07/2026,C83029,BRANSTON & HEIGHINGTON FAMILY PRACTICE,E01026148,ALL,1
GP_PRAC_PAT_LIST,01/07/2026,C83029,BRANSTON & HEIGHINGTON FAMILY PRACTICE,E01026155,ALL,1
GP_PRAC_PAT_LIST,01/07/2026,C83029,BRANSTON & HEIGHINGTON FAMILY PRACTICE,E01026157,ALL,1
GP_PRAC_PAT_LIST,01/07/2026,C83029,BRANSTON & HEIGHINGTON FAMILY PRACTICE,E01026163,ALL,1
GP_PRAC_PAT_LIST,01/07/2026,C83029,BRANSTON & HEIGHINGTON FAMILY PRACTICE,E01026167,ALL,1
GP_PRAC_PAT_LIST,01/07/2026,C83029,BRANSTON & HEIGHINGTON FAMILY PRACTICE,E01026169,ALL,1
GP_PRAC_PAT_LIST,01/07/2026,C83029,BRANSTON & HEIGHINGTON FAMILY PRACTICE,E01026175,ALL,4
GP_PRAC_PAT_LIST,01/07/2026,C83029,BRANSTON & HEIGHINGTON FAMILY PRACTICE,E01026176,ALL,3
GP_PRAC_PAT_LIST,01/07/2026,C83029,BRANSTON & HEIGHINGTON FAMILY PRACTICE,E01026177,ALL,1
GP_PRAC_PAT_LIST,01/07/2026,C83029,BRANSTON & HEIGHINGTON FAMILY PRACTICE,E01026180,ALL,1
GP_PRAC_PAT_LIST,01/07/2026,C83029,BRANSTON & HEIGHINGTON FAMILY PRACTICE,E01026184,ALL,6
GP_PRAC_PAT_LIST,01/07/2026,C83029,BRANSTON & HEIGHINGTON FAMILY PRACTICE,E01026185,ALL,4
GP_PRAC_PAT_LIST,01/07/2026,C83029,BRANSTON & HEIGHINGTON FAMILY PRACTICE,E01026186,ALL,13
GP_PRAC_PAT_LIST,01/07/2026,C83029,BRANSTON & HEIGHINGTON FAMILY PRACTICE,E01026187,ALL,16
GP_PRAC_PAT_LIST,01/07/2026,C83029,BRANSTON & HEIGHINGTON FAMILY PRACTICE,E01026188,ALL,16
GP_PRAC_PAT_LIST,01/07/2026,C83029,BRANSTON & HEIGHINGTON FAMILY PRACTICE,E01026189,ALL,687
GP_PRAC_PAT_LIST,01/07/2026,C83029,BRANSTON & HEIGHINGTON FAMILY PRACTICE,E01026190,ALL,1214
GP_PRAC_PAT_LIST,01/07/2026,C83029,BRANSTON & HEIGHINGTON FAMILY PRACTICE,E01026191,ALL,838
GP_PRAC_PAT_LIST,01/07/2026,C83029,BRANSTON & HEIGHINGTON FAMILY PRACTICE,E01026193,ALL,1
GP_PRAC_PAT_LIST,01/07/2026,C83029,BRANSTON & HEIGHINGTON FAMILY PRACTICE,E01026194,ALL,1
GP_PRAC_PAT_LIST,01/07/2026,C83029,BRANSTON & HEIGHINGTON FAMILY PRACTICE,E01026195,ALL,6
GP_PRAC_PAT_LIST,01/07/2026,C83029,BRANSTON & HEIGHINGTON FAMILY PRACTICE,E01026196,ALL,1
GP_PRAC_PAT_LIST,01/07/2026,C83029,BRANSTON & HEIGHINGTON FAMILY PRACTICE,E01026199,ALL,1
GP_PRAC_PAT_LIST,01/07/2026,C83029,BRANSTON & HEIGHINGTON FAMILY PRACTICE,E01026200,ALL,1
GP_PRAC_PAT_LIST,01/07/2026,C83029,BRANSTON & HEIGHINGTON FAMILY PRACTICE,E01026203,ALL,103
GP_PRAC_PAT_LIST,01/07/2026,C83029,BRANSTON & HEIGHINGTON FAMILY PRACTICE,E01026204,ALL,116
GP_PRAC_PAT_LIST,01/07/2026,C83029,BRANSTON & HEIGHINGTON FAMILY PRACTICE,E01026205,ALL,375
GP_PRAC_PAT_LIST,01/07/2026,C83029,BRANSTON & HEIGHINGTON FAMILY PRACTICE,E01026206,ALL,328
GP_PRAC_PAT_LIST,01/07/2026,C83029,BRANSTON & HEIGHINGTON FAMILY PRACTICE,E01026211,ALL,324
GP_PRAC_PAT_LIST,01/07/2026,C83029,BRANSTON & HEIGHINGTON FAMILY PRACTICE,E01026212,ALL,44
GP_PRAC_PAT_LIST,01/07/2026,C83029,BRANSTON & HEIGHINGTON FAMILY PRACTICE,E01026213,ALL,31
GP_PRAC_PAT_LIST,01/07/2026,C83029,BRANSTON & HEIGHINGTON FAMILY PRACTICE,E01026219,ALL,1
GP_PRAC_PAT_LIST,01/07/2026,C83029,BRANSTON & HEIGHINGTON FAMILY PRACTICE,E01026223,ALL,1
GP_PRAC_PAT_LIST,01/07/2026,C83029,BRANSTON & HEIGHINGTON FAMILY PRACTICE,E01026225,ALL,1
GP_PRAC_PAT_LIST,01/07/2026,C83029,BRANSTON & HEIGHINGTON FAMILY PRACTICE,E01026227,ALL,1
GP_PRAC_PAT_LIST,01/07/2026,C83029,BRANSTON & HEIGHINGTON FAMILY PRACTICE,E01026231,ALL,1
GP_PRAC_PAT_LIST,01/07/2026,C83029,BRANSTON & HEIGHINGTON FAMILY PRACTICE,E01026237,ALL,2
GP_PRAC_PAT_LIST,01/07/2026,C83029,BRANSTON & HEIGHINGTON FAMILY PRACTICE,E01026238,ALL,3
GP_PRAC_PAT_LIST,01/07/2026,C83029,BRANSTON & HEIGHINGTON FAMILY PRACTICE,E01026366,ALL,27
GP_PRAC_PAT_LIST,01/07/2026,C83029,BRANSTON & HEIGHINGTON FAMILY PRACTICE,E01026370,ALL,1
GP_PRAC_PAT_LIST,01/07/2026,C83029,BRANSTON & HEIGHINGTON FAMILY PRACTICE,E01028304,ALL,1
GP_PRAC_PAT_LIST,01/07/2026,C83029,BRANSTON & HEIGHINGTON FAMILY PRACTICE,E01032196,ALL,1
GP_PRAC_PAT_LIST,01/07/2026,C83029,BRANSTON & HEIGHINGTON FAMILY PRACTICE,E01032989,ALL,2
GP_PRAC_PAT_LIST,01/07/2026,C83029,BRANSTON & HEIGHINGTON FAMILY PRACTICE,E01032991,ALL,1
GP_PRAC_PAT_LIST,01/07/2026,C83029,BRANSTON & HEIGHINGTON FAMILY PRACTICE,E01032994,ALL,1
GP_PRAC_PAT_LIST,01/07/2026,C83029,BRANSTON & HEIGHINGTON FAMILY PRACTICE,E01034687,ALL,2
GP_PRAC_PAT_LIST,01/07/2026,C83029,BRANSTON & HEIGHINGTON FAMILY PRACTICE,E01034689,ALL,1
GP_PRAC_PAT_LIST,01/07/2026,C83030,BILLINGHAY MEDICAL PRACTICE,E01026033,ALL,18
GP_PRAC_PAT_LIST,01/07/2026,C83030,BILLINGHAY MEDICAL PRACTICE,E01026052,ALL,1
GP_PRAC_PAT_LIST,01/07/2026,C83030,BILLINGHAY MEDICAL PRACTICE,E01026054,ALL,1
GP_PRAC_PAT_LIST,01/07/2026,C83030,BILLINGHAY MEDICAL PRACTICE,E01026121,ALL,1
GP_PRAC_PAT_LIST,01/07/2026,C83030,BILLINGHAY MEDICAL PRACTICE,E01026175,ALL,1
GP_PRAC_PAT_LIST,01/07/2026,C83030,BILLINGHAY MEDICAL PRACTICE,E01026179,ALL,78
GP_PRAC_PAT_LIST,01/07/2026,C83030,BILLINGHAY MEDICAL PRACTICE,E01026180,ALL,488
GP_PRAC_PAT_LIST,01/07/2026,C83030,BILLINGHAY MEDICAL PRACTICE,E01026183,ALL,2668
GP_PRAC_PAT_LIST,01/07/2026,C83030,BILLINGHAY MEDICAL PRACTICE,E01026184,ALL,1
GP_PRAC_PAT_LIST,01/07/2026,C83030,BILLINGHAY MEDICAL PRACTICE,E01026202,ALL,1
GP_PRAC_PAT_LIST,01/07/2026,C83030,BILLINGHAY MEDICAL PRACTICE,E01026207,ALL,894
GP_PRAC_PAT_LIST,01/07/2026,C83030,BILLINGHAY MEDICAL PRACTICE,E01026208,ALL,2
GP_PRAC_PAT_LIST,01/07/2026,C83030,BILLINGHAY MEDICAL PRACTICE,E01026210,ALL,1075
GP_PRAC_PAT_LIST,01/07/2026,C83030,BILLINGHAY MEDICAL PRACTICE,E01026221,ALL,1
GP_PRAC_PAT_LIST,01/07/2026,C83030,BILLINGHAY MEDICAL PRACTICE,E01026224,ALL,31
GP_PRAC_PAT_LIST,01/07/2026,C83030,BILLINGHAY MEDICAL PRACTICE,E01026229,ALL,1
GP_PRAC_PAT_LIST,01/07/2026,C83030,BILLINGHAY MEDICAL PRACTICE,E01026230,ALL,1
GP_PRAC_PAT_LIST,01/07/2026,C83030,BILLINGHAY MEDICAL PRACTICE,E01026232,ALL,1
GP_PRAC_PAT_LIST,01/07/2026,C83030,BILLINGHAY MEDICAL PRACTICE,EMPTY,ALL,1
GP_PRAC_PAT_LIST,01/07/2026,C83031,NETTLEHAM MEDICAL PRACTICE,CLOSED,ALL,1
GP_PRAC_PAT_LIST,01/07/2026,C83031,NETTLEHAM MEDICAL PRACTICE,E01007627,ALL,1
GP_PRAC_PAT_LIST,01/07/2026,C83031,NETTLEHAM MEDICAL PRACTICE,E01013308,ALL,1
GP_PRAC_PAT_LIST,01/07/2026,C83031,NETTLEHAM MEDICAL PRACTICE,E01016887,ALL,1
GP_PRAC_PAT_LIST,01/07/2026,C83031,NETTLEHAM MEDICAL PRACTICE,E01019560,ALL,2
GP_PRAC_PAT_LIST,01/07/2026,C83031,NETTLEHAM MEDICAL PRACTICE,E01021865,ALL,1
GP_PRAC_PAT_LIST,01/07/2026,C83031,NETTLEHAM MEDICAL PRACTICE,E01025826,ALL,1
GP_PRAC_PAT_LIST,01/07/2026,C83031,NETTLEHAM MEDICAL PRACTICE,E01025888,ALL,1
GP_PRAC_PAT_LIST,01/07/2026,C83031,NETTLEHAM MEDICAL PRACTICE,E01026035,ALL,1
GP_PRAC_PAT_LIST,01/07/2026,C83031,NETTLEHAM MEDICAL PRACTICE,E01026088,ALL,1
GP_PRAC_PAT_LIST,01/07/2026,C83031,NETTLEHAM MEDICAL PRACTICE,E01026108,ALL,1
GP_PRAC_PAT_LIST,01/07/2026,C83031,NETTLEHAM MEDICAL PRACTICE,E01026121,ALL,2
GP_PRAC_PAT_LIST,01/07/2026,C83031,NETTLEHAM MEDICAL PRACTICE,E01026122,ALL,2
GP_PRAC_PAT_LIST,01/07/2026,C83031,NETTLEHAM MEDICAL PRACTICE,E01026123,ALL,45
GP_PRAC_PAT_LIST,01/07/2026,C83031,NETTLEHAM MEDICAL PRACTICE,E01026124,ALL,1
GP_PRAC_PAT_LIST,01/07/2026,C83031,NETTLEHAM MEDICAL PRACTICE,E01026125,ALL,2
GP_PRAC_PAT_LIST,01/07/2026,C83031,NETTLEHAM MEDICAL PRACTICE,E01026126,ALL,1
GP_PRAC_PAT_LIST,01/07/2026,C83031,NETTLEHAM MEDICAL PRACTICE,E01026129,ALL,1
GP_PRAC_PAT_LIST,01/07/2026,C83031,NETTLEHAM MEDICAL PRACTICE,E01026137,ALL,2
GP_PRAC_PAT_LIST,01/07/2026,C83031,NETTLEHAM MEDICAL PRACTICE,E01026149,ALL,1
GP_PRAC_PAT_LIST,01/07/2026,C83031,NETTLEHAM MEDICAL PRACTICE,E01026150,ALL,2
GP_PRAC_PAT_LIST,01/07/2026,C83031,NETTLEHAM MEDICAL PRACTICE,E01026151,ALL,1
GP_PRAC_PAT_LIST,01/07/2026,C83031,NETTLEHAM MEDICAL PRACTICE,E01026153,ALL,83
GP_PRAC_PAT_LIST,01/07/2026,C83031,NETTLEHAM MEDICAL PRACTICE,E01026154,ALL,1
GP_PRAC_PAT_LIST,01/07/2026,C83031,NETTLEHAM MEDICAL PRACTICE,E01026155,ALL,92
GP_PRAC_PAT_LIST,01/07/2026,C83031,NETTLEHAM MEDICAL PRACTICE,E01026157,ALL,26
GP_PRAC_PAT_LIST,01/07/2026,C83031,NETTLEHAM MEDICAL PRACTICE,E01026159,ALL,1
GP_PRAC_PAT_LIST,01/07/2026,C83031,NETTLEHAM MEDICAL PRACTICE,E01026164,ALL,1
GP_PRAC_PAT_LIST,01/07/2026,C83031,NETTLEHAM MEDICAL PRACTICE,E01026165,ALL,1
GP_PRAC_PAT_LIST,01/07/2026,C83031,NETTLEHAM MEDICAL PRACTICE,E01026166,ALL,2
GP_PRAC_PAT_LIST,01/07/2026,C83031,NETTLEHAM MEDICAL PRACTICE,E01026167,ALL,5
GP_PRAC_PAT_LIST,01/07/2026,C83031,NETTLEHAM MEDICAL PRACTICE,E01026168,ALL,1
GP_PRAC_PAT_LIST,01/07/2026,C83031,NETTLEHAM MEDICAL PRACTICE,E01026175,ALL,1
GP_PRAC_PAT_LIST,01/07/2026,C83031,NETTLEHAM MEDICAL PRACTICE,E01026176,ALL,1
GP_PRAC_PAT_LIST,01/07/2026,C83031,NETTLEHAM MEDICAL PRACTICE,E01026177,ALL,2
GP_PRAC_PAT_LIST,01/07/2026,C83031,NETTLEHAM MEDICAL PRACTICE,E01026185,ALL,1
GP_PRAC_PAT_LIST,01/07/2026,C83031,NETTLEHAM MEDICAL PRACTICE,E01026194,ALL,1
GP_PRAC_PAT_LIST,01/07/2026,C83031,NETTLEHAM MEDICAL PRACTICE,E01026203,ALL,2
GP_PRAC_PAT_LIST,01/07/2026,C83031,NETTLEHAM MEDICAL PRACTICE,E01026205,ALL,1
GP_PRAC_PAT_LIST,01/07/2026,C83031,NETTLEHAM MEDICAL PRACTICE,E01026206,ALL,1
GP_PRAC_PAT_LIST,01/07/2026,C83031,NETTLEHAM MEDICAL PRACTICE,E01026209,ALL,1
GP_PRAC_PAT_LIST,01/07/2026,C83031,NETTLEHAM MEDICAL PRACTICE,E01026223,ALL,1
GP_PRAC_PAT_LIST,01/07/2026,C83031,NETTLEHAM MEDICAL PRACTICE,E01026366,ALL,6
GP_PRAC_PAT_LIST,01/07/2026,C83031,NETTLEHAM MEDICAL PRACTICE,E01026369,ALL,1112
GP_PRAC_PAT_LIST,01/07/2026,C83031,NETTLEHAM MEDICAL PRACTICE,E01026370,ALL,1986
GP_PRAC_PAT_LIST,01/07/2026,C83031,NETTLEHAM MEDICAL PRACTICE,E01026371,ALL,1098
GP_PRAC_PAT_LIST,01/07/2026,C83031,NETTLEHAM MEDICAL PRACTICE,E01026372,ALL,154
GP_PRAC_PAT_LIST,01/07/2026,C83031,NETTLEHAM MEDICAL PRACTICE,E01026373,ALL,1525
GP_PRAC_PAT_LIST,01/07/2026,C83031,NETTLEHAM MEDICAL PRACTICE,E01026389,ALL,1
GP_PRAC_PAT_LIST,01/07/2026,C83031,NETTLEHAM MEDICAL PRACTICE,E01026391,ALL,1
GP_PRAC_PAT_LIST,01/07/2026,C83031,NETTLEHAM MEDICAL PRACTICE,E01026393,ALL,1265
GP_PRAC_PAT_LIST,01/07/2026,C83031,NETTLEHAM MEDICAL PRACTICE,E01026394,ALL,1186
GP_PRAC_PAT_LIST,01/07/2026,C83031,NETTLEHAM MEDICAL PRACTICE,E01026395,ALL,1270
GP_PRAC_PAT_LIST,01/07/2026,C83031,NETTLEHAM MEDICAL PRACTICE,E01026398,ALL,1
GP_PRAC_PAT_LIST,01/07/2026,C83031,NETTLEHAM MEDICAL PRACTICE,E01026399,ALL,1
GP_PRAC_PAT_LIST,01/07/2026,C83031,NETTLEHAM MEDICAL PRACTICE,E01026400,ALL,18
GP_PRAC_PAT_LIST,01/07/2026,C83031,NETTLEHAM MEDICAL PRACTICE,E01026405,ALL,1115
GP_PRAC_PAT_LIST,01/07/2026,C83031,NETTLEHAM MEDICAL PRACTICE,E01026406,ALL,947
GP_PRAC_PAT_LIST,01/07/2026,C83031,NETTLEHAM MEDICAL PRACTICE,E01026409,ALL,1
GP_PRAC_PAT_LIST,01/07/2026,C83031,NETTLEHAM MEDICAL PRACTICE,E01026411,ALL,1
GP_PRAC_PAT_LIST,01/07/2026,C83031,NETTLEHAM MEDICAL PRACTICE,E01026412,ALL,92
GP_PRAC_PAT_LIST,01/07/2026,C83031,NETTLEHAM MEDICAL PRACTICE,E01026413,ALL,34
GP_PRAC_PAT_LIST,01/07/2026,C83031,NETTLEHAM MEDICAL PRACTICE,E01026414,ALL,22
GP_PRAC_PAT_LIST,01/07/2026,C83031,NETTLEHAM MEDICAL PRACTICE,E01026646,ALL,1
GP_PRAC_PAT_LIST,01/07/2026,C83031,NETTLEHAM MEDICAL PRACTICE,E01028112,ALL,1
GP_PRAC_PAT_LIST,01/07/2026,C83031,NETTLEHAM MEDICAL PRACTICE,E01028317,ALL,1
GP_PRAC_PAT_LIST,01/07/2026,C83031,NETTLEHAM MEDICAL PRACTICE,E01028346,ALL,1
GP_PRAC_PAT_LIST,01/07/2026,C83031,NETTLEHAM MEDICAL PRACTICE,E01032989,ALL,1
GP_PRAC_PAT_LIST,01/07/2026,C83031,NETTLEHAM MEDICAL PRACTICE,E01032993,ALL,1
GP_PRAC_PAT_LIST,01/07/2026,C83031,NETTLEHAM MEDICAL PRACTICE,E01034413,ALL,1
GP_PRAC_PAT_LIST,01/07/2026,C83031,NETTLEHAM MEDICAL PRACTICE,E01034707,ALL,6
GP_PRAC_PAT_LIST,01/07/2026,C83031,NETTLEHAM MEDICAL PRACTICE,E01035020,ALL,1
GP_PRAC_PAT_LIST,01/07/2026,C83031,NETTLEHAM MEDICAL PRACTICE,EMPTY,ALL,3
GP_PRAC_PAT_LIST,01/07/2026,C83032,MERTON LODGE SURGERY,E01007460,ALL,1
GP_PRAC_PAT_LIST,01/07/2026,C83032,MERTON LODGE SURGERY,E01010592,ALL,1
GP_PRAC_PAT_LIST,01/07/2026,C83032,MERTON LODGE SURGERY,E01019651,ALL,1
GP_PRAC_PAT_LIST,01/07/2026,C83032,MERTON LODGE SURGERY,E01026032,ALL,1
GP_PRAC_PAT_LIST,01/07/2026,C83032,MERTON LODGE SURGERY,E01026042,ALL,1558
GP_PRAC_PAT_LIST,01/07/2026,C83032,MERTON LODGE SURGERY,E01026043,ALL,1804
GP_PRAC_PAT_LIST,01/07/2026,C83032,MERTON LODGE SURGERY,E01026044,ALL,973
GP_PRAC_PAT_LIST,01/07/2026,C83032,MERTON LODGE SURGERY,E01026046,ALL,1
GP_PRAC_PAT_LIST,01/07/2026,C83032,MERTON LODGE SURGERY,E01026047,ALL,2
GP_PRAC_PAT_LIST,01/07/2026,C83032,MERTON LODGE SURGERY,E01026048,ALL,5
GP_PRAC_PAT_LIST,01/07/2026,C83032,MERTON LODGE SURGERY,E01026049,ALL,103
GP_PRAC_PAT_LIST,01/07/2026,C83032,MERTON LODGE SURGERY,E01026050,ALL,11
GP_PRAC_PAT_LIST,01/07/2026,C83032,MERTON LODGE SURGERY,E01026055,ALL,3
GP_PRAC_PAT_LIST,01/07/2026,C83032,MERTON LODGE SURGERY,E01026068,ALL,255
GP_PRAC_PAT_LIST,01/07/2026,C83032,MERTON LODGE SURGERY,E01026070,ALL,6
GP_PRAC_PAT_LIST,01/07/2026,C83032,MERTON LODGE SURGERY,E01026071,ALL,2
GP_PRAC_PAT_LIST,01/07/2026,C83032,MERTON LODGE SURGERY,E01026072,ALL,22
GP_PRAC_PAT_LIST,01/07/2026,C83032,MERTON LODGE SURGERY,E01026073,ALL,16
GP_PRAC_PAT_LIST,01/07/2026,C83032,MERTON LODGE SURGERY,E01026074,ALL,18
GP_PRAC_PAT_LIST,01/07/2026,C83032,MERTON LODGE SURGERY,E01026077,ALL,1
GP_PRAC_PAT_LIST,01/07/2026,C83032,MERTON LODGE SURGERY,E01026082,ALL,1
GP_PRAC_PAT_LIST,01/07/2026,C83032,MERTON LODGE SURGERY,E01026087,ALL,1
GP_PRAC_PAT_LIST,01/07/2026,C83032,MERTON LODGE SURGERY,E01026099,ALL,14
GP_PRAC_PAT_LIST,01/07/2026,C83032,MERTON LODGE SURGERY,E01026103,ALL,47
GP_PRAC_PAT_LIST,01/07/2026,C83032,MERTON LODGE SURGERY,E01026104,ALL,59
GP_PRAC_PAT_LIST,01/07/2026,C83032,MERTON LODGE SURGERY,E01026105,ALL,2
GP_PRAC_PAT_LIST,01/07/2026,C83032,MERTON LODGE SURGERY,E01026109,ALL,28
GP_PRAC_PAT_LIST,01/07/2026,C83032,MERTON LODGE SURGERY,E01026113,ALL,931
GP_PRAC_PAT_LIST,01/07/2026,C83032,MERTON LODGE SURGERY,E01026117,ALL,994
GP_PRAC_PAT_LIST,01/07/2026,C83032,MERTON LODGE SURGERY,E01026177,ALL,1
GP_PRAC_PAT_LIST,01/07/2026,C83032,MERTON LODGE SURGERY,E01032986,ALL,2
GP_PRAC_PAT_LIST,01/07/2026,C83032,MERTON LODGE SURGERY,EMPTY,ALL,1
GP_PRAC_PAT_LIST,01/07/2026,C83033,HIBALDSTOW MEDICAL PRACTICE,CLOSED,ALL,4
GP_PRAC_PAT_LIST,01/07/2026,C83033,HIBALDSTOW MEDICAL PRACTICE,E01012914,ALL,1
GP_PRAC_PAT_LIST,01/07/2026,C83033,HIBALDSTOW MEDICAL PRACTICE,E01013204,ALL,1
GP_PRAC_PAT_LIST,01/07/2026,C83033,HIBALDSTOW MEDICAL PRACTICE,E01013263,ALL,1
GP_PRAC_PAT_LIST,01/07/2026,C83033,HIBALDSTOW MEDICAL PRACTICE,E01013271,ALL,4
GP_PRAC_PAT_LIST,01/07/2026,C83033,HIBALDSTOW MEDICAL PRACTICE,E01013273,ALL,1
GP_PRAC_PAT_LIST,01/07/2026,C83033,HIBALDSTOW MEDICAL PRACTICE,E01013274,ALL,8
GP_PRAC_PAT_LIST,01/07/2026,C83033,HIBALDSTOW MEDICAL PRACTICE,E01013277,ALL,1
GP_PRAC_PAT_LIST,01/07/2026,C83033,HIBALDSTOW MEDICAL PRACTICE,E01013291,ALL,1
GP_PRAC_PAT_LIST,01/07/2026,C83033,HIBALDSTOW MEDICAL PRACTICE,E01013322,ALL,72
GP_PRAC_PAT_LIST,01/07/2026,C83033,HIBALDSTOW MEDICAL PRACTICE,E01013323,ALL,335
GP_PRAC_PAT_LIST,01/07/2026,C83033,HIBALDSTOW MEDICAL PRACTICE,E01013324,ALL,15
GP_PRAC_PAT_LIST,01/07/2026,C83033,HIBALDSTOW MEDICAL PRACTICE,E01013325,ALL,595
GP_PRAC_PAT_LIST,01/07/2026,C83033,HIBALDSTOW MEDICAL PRACTICE,E01013326,ALL,271
GP_PRAC_PAT_LIST,01/07/2026,C83033,HIBALDSTOW MEDICAL PRACTICE,E01013329,ALL,1452
GP_PRAC_PAT_LIST,01/07/2026,C83033,HIBALDSTOW MEDICAL PRACTICE,E01013330,ALL,1
GP_PRAC_PAT_LIST,01/07/2026,C83033,HIBALDSTOW MEDICAL PRACTICE,E01013332,ALL,1
GP_PRAC_PAT_LIST,01/07/2026,C83033,HIBALDSTOW MEDICAL PRACTICE,E01026125,ALL,1
GP_PRAC_PAT_LIST,01/07/2026,C83033,HIBALDSTOW MEDICAL PRACTICE,E01026368,ALL,1
GP_PRAC_PAT_LIST,01/07/2026,C83033,HIBALDSTOW MEDICAL PRACTICE,E01026371,ALL,1
GP_PRAC_PAT_LIST,01/07/2026,C83033,HIBALDSTOW MEDICAL PRACTICE,E01026385,ALL,5
GP_PRAC_PAT_LIST,01/07/2026,C83033,HIBALDSTOW MEDICAL PRACTICE,E01026386,ALL,48
GP_PRAC_PAT_LIST,01/07/2026,C83033,HIBALDSTOW MEDICAL PRACTICE,E01026387,ALL,93
GP_PRAC_PAT_LIST,01/07/2026,C83033,HIBALDSTOW MEDICAL PRACTICE,E01026392,ALL,6
GP_PRAC_PAT_LIST,01/07/2026,C83033,HIBALDSTOW MEDICAL PRACTICE,E01026399,ALL,1
GP_PRAC_PAT_LIST,01/07/2026,C83033,HIBALDSTOW MEDICAL PRACTICE,E01026403,ALL,1
GP_PRAC_PAT_LIST,01/07/2026,C83033,HIBALDSTOW MEDICAL PRACTICE,E01026411,ALL,887
GP_PRAC_PAT_LIST,01/07/2026,C83033,HIBALDSTOW MEDICAL PRACTICE,E01026414,ALL,1
GP_PRAC_PAT_LIST,01/07/2026,C83033,HIBALDSTOW MEDICAL PRACTICE,E01027775,ALL,1
GP_PRAC_PAT_LIST,01/07/2026,C83033,HIBALDSTOW MEDICAL PRACTICE,E01033297,ALL,1
GP_PRAC_PAT_LIST,01/07/2026,C83035,HEREWARD MEDICAL CENTRE,CLOSED,ALL,1
GP_PRAC_PAT_LIST,01/07/2026,C83035,HEREWARD MEDICAL CENTRE,E01005016,ALL,1
GP_PRAC_PAT_LIST,01/07/2026,C83035,HEREWARD MEDICAL CENTRE,E01013498,ALL,1
GP_PRAC_PAT_LIST,01/07/2026,C83035,HEREWARD MEDICAL CENTRE,E01013804,ALL,1
GP_PRAC_PAT_LIST,01/07/2026,C83035,HEREWARD MEDICAL CENTRE,E01015593,ALL,1
GP_PRAC_PAT_LIST,01/07/2026,C83035,HEREWARD MEDICAL CENTRE,E01015619,ALL,1
GP_PRAC_PAT_LIST,01/07/2026,C83035,HEREWARD MEDICAL CENTRE,E01015682,ALL,1
GP_PRAC_PAT_LIST,01/07/2026,C83035,HEREWARD MEDICAL CENTRE,E01017664,ALL,1
GP_PRAC_PAT_LIST,01/07/2026,C83035,HEREWARD MEDICAL CENTRE,E01026051,ALL,1
GP_PRAC_PAT_LIST,01/07/2026,C83035,HEREWARD MEDICAL CENTRE,E01026056,ALL,1
GP_PRAC_PAT_LIST,01/07/2026,C83035,HEREWARD MEDICAL CENTRE,E01026115,ALL,1
GP_PRAC_PAT_LIST,01/07/2026,C83035,HEREWARD MEDICAL CENTRE,E01026232,ALL,1
GP_PRAC_PAT_LIST,01/07/2026,C83035,HEREWARD MEDICAL CENTRE,E01026241,ALL,39
GP_PRAC_PAT_LIST,01/07/2026,C83035,HEREWARD MEDICAL CENTRE,E01026259,ALL,3
GP_PRAC_PAT_LIST,01/07/2026,C83035,HEREWARD MEDICAL CENTRE,E01026268,ALL,1
GP_PRAC_PAT_LIST,01/07/2026,C83035,HEREWARD MEDICAL CENTRE,E01026272,ALL,2
GP_PRAC_PAT_LIST,01/07/2026,C83035,HEREWARD MEDICAL CENTRE,E01026273,ALL,1
GP_PRAC_PAT_LIST,01/07/2026,C83035,HEREWARD MEDICAL CENTRE,E01026276,ALL,1
GP_PRAC_PAT_LIST,01/07/2026,C83035,HEREWARD MEDICAL CENTRE,E01026284,ALL,1
GP_PRAC_PAT_LIST,01/07/2026,C83035,HEREWARD MEDICAL CENTRE,E01026288,ALL,2
GP_PRAC_PAT_LIST,01/07/2026,C83035,HEREWARD MEDICAL CENTRE,E01026290,ALL,263
GP_PRAC_PAT_LIST,01/07/2026,C83035,HEREWARD MEDICAL CENTRE,E01026296,ALL,542
GP_PRAC_PAT_LIST,01/07/2026,C83035,HEREWARD MEDICAL CENTRE,E01026297,ALL,547
GP_PRAC_PAT_LIST,01/07/2026,C83035,HEREWARD MEDICAL CENTRE,E01026298,ALL,1249
GP_PRAC_PAT_LIST,01/07/2026,C83035,HEREWARD MEDICAL CENTRE,E01026299,ALL,931
GP_PRAC_PAT_LIST,01/07/2026,C83035,HEREWARD MEDICAL CENTRE,E01026300,ALL,598
GP_PRAC_PAT_LIST,01/07/2026,C83035,HEREWARD MEDICAL CENTRE,E01026302,ALL,410
GP_PRAC_PAT_LIST,01/07/2026,C83035,HEREWARD MEDICAL CENTRE,E01026304,ALL,2
GP_PRAC_PAT_LIST,01/07/2026,C83035,HEREWARD MEDICAL CENTRE,E01026306,ALL,1
GP_PRAC_PAT_LIST,01/07/2026,C83035,HEREWARD MEDICAL CENTRE,E01026316,ALL,104
GP_PRAC_PAT_LIST,01/07/2026,C83035,HEREWARD MEDICAL CENTRE,E01026326,ALL,1
GP_PRAC_PAT_LIST,01/07/2026,C83035,HEREWARD MEDICAL CENTRE,E01026330,ALL,321
GP_PRAC_PAT_LIST,01/07/2026,C83035,HEREWARD MEDICAL CENTRE,E01026333,ALL,2
GP_PRAC_PAT_LIST,01/07/2026,C83035,HEREWARD MEDICAL CENTRE,E01026334,ALL,4
GP_PRAC_PAT_LIST,01/07/2026,C83035,HEREWARD MEDICAL CENTRE,E01026335,ALL,2
GP_PRAC_PAT_LIST,01/07/2026,C83035,HEREWARD MEDICAL CENTRE,E01026336,ALL,2
GP_PRAC_PAT_LIST,01/07/2026,C83035,HEREWARD MEDICAL CENTRE,E01026337,ALL,2
GP_PRAC_PAT_LIST,01/07/2026,C83035,HEREWARD MEDICAL CENTRE,E01026341,ALL,536
GP_PRAC_PAT_LIST,01/07/2026,C83035,HEREWARD MEDICAL CENTRE,E01026342,ALL,423
GP_PRAC_PAT_LIST,01/07/2026,C83035,HEREWARD MEDICAL CENTRE,E01026343,ALL,1
GP_PRAC_PAT_LIST,01/07/2026,C83035,HEREWARD MEDICAL CENTRE,E01026346,ALL,1
GP_PRAC_PAT_LIST,01/07/2026,C83035,HEREWARD MEDICAL CENTRE,E01026348,ALL,1
GP_PRAC_PAT_LIST,01/07/2026,C83035,HEREWARD MEDICAL CENTRE,E01026359,ALL,1
GP_PRAC_PAT_LIST,01/07/2026,C83035,HEREWARD MEDICAL CENTRE,E01026360,ALL,953
GP_PRAC_PAT_LIST,01/07/2026,C83035,HEREWARD MEDICAL CENTRE,E01026361,ALL,2
GP_PRAC_PAT_LIST,01/07/2026,C83035,HEREWARD MEDICAL CENTRE,E01026362,ALL,146
GP_PRAC_PAT_LIST,01/07/2026,C83035,HEREWARD MEDICAL CENTRE,E01026364,ALL,307
GP_PRAC_PAT_LIST,01/07/2026,C83035,HEREWARD MEDICAL CENTRE,E01028715,ALL,1
GP_PRAC_PAT_LIST,01/07/2026,C83035,HEREWARD MEDICAL CENTRE,E01032997,ALL,629
GP_PRAC_PAT_LIST,01/07/2026,C83035,HEREWARD MEDICAL CENTRE,E01032998,ALL,990
GP_PRAC_PAT_LIST,01/07/2026,C83035,HEREWARD MEDICAL CENTRE,E01032999,ALL,560
GP_PRAC_PAT_LIST,01/07/2026,C83035,HEREWARD MEDICAL CENTRE,E01034255,ALL,2
GP_PRAC_PAT_LIST,01/07/2026,C83035,HEREWARD MEDICAL CENTRE,E01034699,ALL,1
GP_PRAC_PAT_LIST,01/07/2026,C83035,HEREWARD MEDICAL CENTRE,E01034700,ALL,1
GP_PRAC_PAT_LIST,01/07/2026,C83035,HEREWARD MEDICAL CENTRE,E01034703,ALL,1092
GP_PRAC_PAT_LIST,01/07/2026,C83035,HEREWARD MEDICAL CENTRE,E01034704,ALL,1180
GP_PRAC_PAT_LIST,01/07/2026,C83035,HEREWARD MEDICAL CENTRE,E01034705,ALL,781
GP_PRAC_PAT_LIST,01/07/2026,C83035,HEREWARD MEDICAL CENTRE,E01035542,ALL,1
GP_PRAC_PAT_LIST,01/07/2026,C83035,HEREWARD MEDICAL CENTRE,EMPTY,ALL,11
GP_PRAC_PAT_LIST,01/07/2026,C83036,GOSBERTON MEDICAL CENTRE,CLOSED,ALL,1
GP_PRAC_PAT_LIST,01/07/2026,C83036,GOSBERTON MEDICAL CENTRE,E01001123,ALL,1
GP_PRAC_PAT_LIST,01/07/2026,C83036,GOSBERTON MEDICAL CENTRE,E01002619,ALL,1
GP_PRAC_PAT_LIST,01/07/2026,C83036,GOSBERTON MEDICAL CENTRE,E01003699,ALL,1
GP_PRAC_PAT_LIST,01/07/2026,C83036,GOSBERTON MEDICAL CENTRE,E01008108,ALL,1
GP_PRAC_PAT_LIST,01/07/2026,C83036,GOSBERTON MEDICAL CENTRE,E01008111,ALL,1
GP_PRAC_PAT_LIST,01/07/2026,C83036,GOSBERTON MEDICAL CENTRE,E01009548,ALL,1
GP_PRAC_PAT_LIST,01/07/2026,C83036,GOSBERTON MEDICAL CENTRE,E01015595,ALL,1
GP_PRAC_PAT_LIST,01/07/2026,C83036,GOSBERTON MEDICAL CENTRE,E01015680,ALL,1
GP_PRAC_PAT_LIST,01/07/2026,C83036,GOSBERTON MEDICAL CENTRE,E01018069,ALL,1
GP_PRAC_PAT_LIST,01/07/2026,C83036,GOSBERTON MEDICAL CENTRE,E01018328,ALL,1
GP_PRAC_PAT_LIST,01/07/2026,C83036,GOSBERTON MEDICAL CENTRE,E01019845,ALL,1
GP_PRAC_PAT_LIST,01/07/2026,C83036,GOSBERTON MEDICAL CENTRE,E01021801,ALL,1
GP_PRAC_PAT_LIST,01/07/2026,C83036,GOSBERTON MEDICAL CENTRE,E01021828,ALL,1
GP_PRAC_PAT_LIST,01/07/2026,C83036,GOSBERTON MEDICAL CENTRE,E01022746,ALL,1
GP_PRAC_PAT_LIST,01/07/2026,C83036,GOSBERTON MEDICAL CENTRE,E01026014,ALL,1
GP_PRAC_PAT_LIST,01/07/2026,C83036,GOSBERTON MEDICAL CENTRE,E01026016,ALL,160
GP_PRAC_PAT_LIST,01/07/2026,C83036,GOSBERTON MEDICAL CENTRE,E01026017,ALL,20
GP_PRAC_PAT_LIST,01/07/2026,C83036,GOSBERTON MEDICAL CENTRE,E01026020,ALL,5
GP_PRAC_PAT_LIST,01/07/2026,C83036,GOSBERTON MEDICAL CENTRE,E01026025,ALL,1
GP_PRAC_PAT_LIST,01/07/2026,C83036,GOSBERTON MEDICAL CENTRE,E01026033,ALL,1
GP_PRAC_PAT_LIST,01/07/2026,C83036,GOSBERTON MEDICAL CENTRE,E01026154,ALL,1
GP_PRAC_PAT_LIST,01/07/2026,C83036,GOSBERTON MEDICAL CENTRE,E01026225,ALL,2
GP_PRAC_PAT_LIST,01/07/2026,C83036,GOSBERTON MEDICAL CENTRE,E01026242,ALL,951
GP_PRAC_PAT_LIST,01/07/2026,C83036,GOSBERTON MEDICAL CENTRE,E01026243,ALL,672
GP_PRAC_PAT_LIST,01/07/2026,C83036,GOSBERTON MEDICAL CENTRE,E01026244,ALL,1146
GP_PRAC_PAT_LIST,01/07/2026,C83036,GOSBERTON MEDICAL CENTRE,E01026245,ALL,3
GP_PRAC_PAT_LIST,01/07/2026,C83036,GOSBERTON MEDICAL CENTRE,E01026247,ALL,1747
GP_PRAC_PAT_LIST,01/07/2026,C83036,GOSBERTON MEDICAL CENTRE,E01026250,ALL,1
GP_PRAC_PAT_LIST,01/07/2026,C83036,GOSBERTON MEDICAL CENTRE,E01026253,ALL,1
GP_PRAC_PAT_LIST,01/07/2026,C83036,GOSBERTON MEDICAL CENTRE,E01026256,ALL,1
GP_PRAC_PAT_LIST,01/07/2026,C83036,GOSBERTON MEDICAL CENTRE,E01026258,ALL,643
GP_PRAC_PAT_LIST,01/07/2026,C83036,GOSBERTON MEDICAL CENTRE,E01026259,ALL,525
GP_PRAC_PAT_LIST,01/07/2026,C83036,GOSBERTON MEDICAL CENTRE,E01026260,ALL,555
GP_PRAC_PAT_LIST,01/07/2026,C83036,GOSBERTON MEDICAL CENTRE,E01026262,ALL,2
GP_PRAC_PAT_LIST,01/07/2026,C83036,GOSBERTON MEDICAL CENTRE,E01026263,ALL,1
GP_PRAC_PAT_LIST,01/07/2026,C83036,GOSBERTON MEDICAL CENTRE,E01026264,ALL,1
GP_PRAC_PAT_LIST,01/07/2026,C83036,GOSBERTON MEDICAL CENTRE,E01026265,ALL,3
GP_PRAC_PAT_LIST,01/07/2026,C83036,GOSBERTON MEDICAL CENTRE,E01026266,ALL,3
GP_PRAC_PAT_LIST,01/07/2026,C83036,GOSBERTON MEDICAL CENTRE,E01026268,ALL,4
GP_PRAC_PAT_LIST,01/07/2026,C83036,GOSBERTON MEDICAL CENTRE,E01026269,ALL,2
GP_PRAC_PAT_LIST,01/07/2026,C83036,GOSBERTON MEDICAL CENTRE,E01026271,ALL,5
GP_PRAC_PAT_LIST,01/07/2026,C83036,GOSBERTON MEDICAL CENTRE,E01026272,ALL,1
GP_PRAC_PAT_LIST,01/07/2026,C83036,GOSBERTON MEDICAL CENTRE,E01026273,ALL,3
GP_PRAC_PAT_LIST,01/07/2026,C83036,GOSBERTON MEDICAL CENTRE,E01026275,ALL,7
GP_PRAC_PAT_LIST,01/07/2026,C83036,GOSBERTON MEDICAL CENTRE,E01026276,ALL,1928
GP_PRAC_PAT_LIST,01/07/2026,C83036,GOSBERTON MEDICAL CENTRE,E01026281,ALL,4
GP_PRAC_PAT_LIST,01/07/2026,C83036,GOSBERTON MEDICAL CENTRE,E01026282,ALL,2
GP_PRAC_PAT_LIST,01/07/2026,C83036,GOSBERTON MEDICAL CENTRE,E01026283,ALL,3
GP_PRAC_PAT_LIST,01/07/2026,C83036,GOSBERTON MEDICAL CENTRE,E01026284,ALL,2
GP_PRAC_PAT_LIST,01/07/2026,C83036,GOSBERTON MEDICAL CENTRE,E01026285,ALL,4
GP_PRAC_PAT_LIST,01/07/2026,C83036,GOSBERTON MEDICAL CENTRE,E01026290,ALL,6
GP_PRAC_PAT_LIST,01/07/2026,C83036,GOSBERTON MEDICAL CENTRE,E01026297,ALL,1
GP_PRAC_PAT_LIST,01/07/2026,C83036,GOSBERTON MEDICAL CENTRE,E01026335,ALL,1
GP_PRAC_PAT_LIST,01/07/2026,C83036,GOSBERTON MEDICAL CENTRE,E01026720,ALL,1
GP_PRAC_PAT_LIST,01/07/2026,C83036,GOSBERTON MEDICAL CENTRE,E01028301,ALL,1
GP_PRAC_PAT_LIST,01/07/2026,C83036,GOSBERTON MEDICAL CENTRE,E01032995,ALL,3
GP_PRAC_PAT_LIST,01/07/2026,C83036,GOSBERTON MEDICAL CENTRE,E01032996,ALL,2
GP_PRAC_PAT_LIST,01/07/2026,C83036,GOSBERTON MEDICAL CENTRE,E01034682,ALL,1
GP_PRAC_PAT_LIST,01/07/2026,C83036,GOSBERTON MEDICAL CENTRE,E01034697,ALL,2
GP_PRAC_PAT_LIST,01/07/2026,C83036,GOSBERTON MEDICAL CENTRE,E01034698,ALL,4
GP_PRAC_PAT_LIST,01/07/2026,C83036,GOSBERTON MEDICAL CENTRE,E01034699,ALL,1
GP_PRAC_PAT_LIST,01/07/2026,C83036,GOSBERTON MEDICAL CENTRE,E01034700,ALL,3
GP_PRAC_PAT_LIST,01/07/2026,C83036,GOSBERTON MEDICAL CENTRE,E01034703,ALL,1
GP_PRAC_PAT_LIST,01/07/2026,C83036,GOSBERTON MEDICAL CENTRE,EMPTY,ALL,2
GP_PRAC_PAT_LIST,01/07/2026,C83037,WELTON FAMILY HEALTH CENTRE,CLOSED,ALL,3
GP_PRAC_PAT_LIST,01/07/2026,C83037,WELTON FAMILY HEALTH CENTRE,E01004721,ALL,1
GP_PRAC_PAT_LIST,01/07/2026,C83037,WELTON FAMILY HEALTH CENTRE,E01013191,ALL,2
GP_PRAC_PAT_LIST,01/07/2026,C83037,WELTON FAMILY HEALTH CENTRE,E01015661,ALL,1
GP_PRAC_PAT_LIST,01/07/2026,C83037,WELTON FAMILY HEALTH CENTRE,E01018849,ALL,1
GP_PRAC_PAT_LIST,01/07/2026,C83037,WELTON FAMILY HEALTH CENTRE,E01026124,ALL,1
GP_PRAC_PAT_LIST,01/07/2026,C83037,WELTON FAMILY HEALTH CENTRE,E01026153,ALL,1
GP_PRAC_PAT_LIST,01/07/2026,C83037,WELTON FAMILY HEALTH CENTRE,E01026155,ALL,1
GP_PRAC_PAT_LIST,01/07/2026,C83037,WELTON FAMILY HEALTH CENTRE,E01026157,ALL,4
GP_PRAC_PAT_LIST,01/07/2026,C83037,WELTON FAMILY HEALTH CENTRE,E01026165,ALL,1
GP_PRAC_PAT_LIST,01/07/2026,C83037,WELTON FAMILY HEALTH CENTRE,E01026168,ALL,2
GP_PRAC_PAT_LIST,01/07/2026,C83037,WELTON FAMILY HEALTH CENTRE,E01026173,ALL,1
GP_PRAC_PAT_LIST,01/07/2026,C83037,WELTON FAMILY HEALTH CENTRE,E01026175,ALL,1
GP_PRAC_PAT_LIST,01/07/2026,C83037,WELTON FAMILY HEALTH CENTRE,E01026177,ALL,1
GP_PRAC_PAT_LIST,01/07/2026,C83037,WELTON FAMILY HEALTH CENTRE,E01026184,ALL,1
GP_PRAC_PAT_LIST,01/07/2026,C83037,WELTON FAMILY HEALTH CENTRE,E01026188,ALL,1
GP_PRAC_PAT_LIST,01/07/2026,C83037,WELTON FAMILY HEALTH CENTRE,E01026366,ALL,2
GP_PRAC_PAT_LIST,01/07/2026,C83037,WELTON FAMILY HEALTH CENTRE,E01026369,ALL,1
GP_PRAC_PAT_LIST,01/07/2026,C83037,WELTON FAMILY HEALTH CENTRE,E01026370,ALL,5
GP_PRAC_PAT_LIST,01/07/2026,C83037,WELTON FAMILY HEALTH CENTRE,E01026372,ALL,2430
GP_PRAC_PAT_LIST,01/07/2026,C83037,WELTON FAMILY HEALTH CENTRE,E01026373,ALL,113
GP_PRAC_PAT_LIST,01/07/2026,C83037,WELTON FAMILY HEALTH CENTRE,E01026376,ALL,1
GP_PRAC_PAT_LIST,01/07/2026,C83037,WELTON FAMILY HEALTH CENTRE,E01026390,ALL,25
GP_PRAC_PAT_LIST,01/07/2026,C83037,WELTON FAMILY HEALTH CENTRE,E01026392,ALL,4
GP_PRAC_PAT_LIST,01/07/2026,C83037,WELTON FAMILY HEALTH CENTRE,E01026393,ALL,52
GP_PRAC_PAT_LIST,01/07/2026,C83037,WELTON FAMILY HEALTH CENTRE,E01026394,ALL,72
GP_PRAC_PAT_LIST,01/07/2026,C83037,WELTON FAMILY HEALTH CENTRE,E01026395,ALL,92
GP_PRAC_PAT_LIST,01/07/2026,C83037,WELTON FAMILY HEALTH CENTRE,E01026399,ALL,16
GP_PRAC_PAT_LIST,01/07/2026,C83037,WELTON FAMILY HEALTH CENTRE,E01026400,ALL,776
GP_PRAC_PAT_LIST,01/07/2026,C83037,WELTON FAMILY HEALTH CENTRE,E01026405,ALL,352
GP_PRAC_PAT_LIST,01/07/2026,C83037,WELTON FAMILY HEALTH CENTRE,E01026406,ALL,155
GP_PRAC_PAT_LIST,01/07/2026,C83037,WELTON FAMILY HEALTH CENTRE,E01026411,ALL,368
GP_PRAC_PAT_LIST,01/07/2026,C83037,WELTON FAMILY HEALTH CENTRE,E01026412,ALL,2198
GP_PRAC_PAT_LIST,01/07/2026,C83037,WELTON FAMILY HEALTH CENTRE,E01026413,ALL,1961
GP_PRAC_PAT_LIST,01/07/2026,C83037,WELTON FAMILY HEALTH CENTRE,E01026414,ALL,1216
GP_PRAC_PAT_LIST,01/07/2026,C83037,WELTON FAMILY HEALTH CENTRE,E01034707,ALL,35
GP_PRAC_PAT_LIST,01/07/2026,C83037,WELTON FAMILY HEALTH CENTRE,E01035478,ALL,1
GP_PRAC_PAT_LIST,01/07/2026,C83037,WELTON FAMILY HEALTH CENTRE,EMPTY,ALL,3
GP_PRAC_PAT_LIST,01/07/2026,C83038,THE GLEBE PRACTICE,CLOSED,ALL,2
GP_PRAC_PAT_LIST,01/07/2026,C83038,THE GLEBE PRACTICE,E01008548,ALL,1
GP_PRAC_PAT_LIST,01/07/2026,C83038,THE GLEBE PRACTICE,E01012794,ALL,1
GP_PRAC_PAT_LIST,01/07/2026,C83038,THE GLEBE PRACTICE,E01012914,ALL,1
GP_PRAC_PAT_LIST,01/07/2026,C83038,THE GLEBE PRACTICE,E01013121,ALL,1
GP_PRAC_PAT_LIST,01/07/2026,C83038,THE GLEBE PRACTICE,E01013226,ALL,1
GP_PRAC_PAT_LIST,01/07/2026,C83038,THE GLEBE PRACTICE,E01013228,ALL,1
GP_PRAC_PAT_LIST,01/07/2026,C83038,THE GLEBE PRACTICE,E01013807,ALL,1
GP_PRAC_PAT_LIST,01/07/2026,C83038,THE GLEBE PRACTICE,E01025720,ALL,1
GP_PRAC_PAT_LIST,01/07/2026,C83038,THE GLEBE PRACTICE,E01025946,ALL,1
GP_PRAC_PAT_LIST,01/07/2026,C83038,THE GLEBE PRACTICE,E01026077,ALL,1
GP_PRAC_PAT_LIST,01/07/2026,C83038,THE GLEBE PRACTICE,E01026120,ALL,1
GP_PRAC_PAT_LIST,01/07/2026,C83038,THE GLEBE PRACTICE,E01026121,ALL,1
GP_PRAC_PAT_LIST,01/07/2026,C83038,THE GLEBE PRACTICE,E01026130,ALL,4
GP_PRAC_PAT_LIST,01/07/2026,C83038,THE GLEBE PRACTICE,E01026131,ALL,2
GP_PRAC_PAT_LIST,01/07/2026,C83038,THE GLEBE PRACTICE,E01026134,ALL,1
GP_PRAC_PAT_LIST,01/07/2026,C83038,THE GLEBE PRACTICE,E01026135,ALL,1
GP_PRAC_PAT_LIST,01/07/2026,C83038,THE GLEBE PRACTICE,E01026136,ALL,2
GP_PRAC_PAT_LIST,01/07/2026,C83038,THE GLEBE PRACTICE,E01026144,ALL,1
GP_PRAC_PAT_LIST,01/07/2026,C83038,THE GLEBE PRACTICE,E01026145,ALL,1
GP_PRAC_PAT_LIST,01/07/2026,C83038,THE GLEBE PRACTICE,E01026147,ALL,6
GP_PRAC_PAT_LIST,01/07/2026,C83038,THE GLEBE PRACTICE,E01026150,ALL,1
GP_PRAC_PAT_LIST,01/07/2026,C83038,THE GLEBE PRACTICE,E01026153,ALL,2
GP_PRAC_PAT_LIST,01/07/2026,C83038,THE GLEBE PRACTICE,E01026160,ALL,2
GP_PRAC_PAT_LIST,01/07/2026,C83038,THE GLEBE PRACTICE,E01026176,ALL,1
GP_PRAC_PAT_LIST,01/07/2026,C83038,THE GLEBE PRACTICE,E01026187,ALL,1
GP_PRAC_PAT_LIST,01/07/2026,C83038,THE GLEBE PRACTICE,E01026188,ALL,1
GP_PRAC_PAT_LIST,01/07/2026,C83038,THE GLEBE PRACTICE,E01026193,ALL,1
GP_PRAC_PAT_LIST,01/07/2026,C83038,THE GLEBE PRACTICE,E01026195,ALL,1
GP_PRAC_PAT_LIST,01/07/2026,C83038,THE GLEBE PRACTICE,E01026199,ALL,289
GP_PRAC_PAT_LIST,01/07/2026,C83038,THE GLEBE PRACTICE,E01026203,ALL,1
GP_PRAC_PAT_LIST,01/07/2026,C83038,THE GLEBE PRACTICE,E01026220,ALL,2
GP_PRAC_PAT_LIST,01/07/2026,C83038,THE GLEBE PRACTICE,E01026224,ALL,1
GP_PRAC_PAT_LIST,01/07/2026,C83038,THE GLEBE PRACTICE,E01026225,ALL,835
GP_PRAC_PAT_LIST,01/07/2026,C83038,THE GLEBE PRACTICE,E01026226,ALL,773
GP_PRAC_PAT_LIST,01/07/2026,C83038,THE GLEBE PRACTICE,E01026379,ALL,1
GP_PRAC_PAT_LIST,01/07/2026,C83038,THE GLEBE PRACTICE,E01026388,ALL,1
GP_PRAC_PAT_LIST,01/07/2026,C83038,THE GLEBE PRACTICE,E01026394,ALL,4
GP_PRAC_PAT_LIST,01/07/2026,C83038,THE GLEBE PRACTICE,E01026396,ALL,808
GP_PRAC_PAT_LIST,01/07/2026,C83038,THE GLEBE PRACTICE,E01026398,ALL,1044
GP_PRAC_PAT_LIST,01/07/2026,C83038,THE GLEBE PRACTICE,E01026400,ALL,14
GP_PRAC_PAT_LIST,01/07/2026,C83038,THE GLEBE PRACTICE,E01026404,ALL,687
GP_PRAC_PAT_LIST,01/07/2026,C83038,THE GLEBE PRACTICE,E01026405,ALL,1
GP_PRAC_PAT_LIST,01/07/2026,C83038,THE GLEBE PRACTICE,E01026409,ALL,558
GP_PRAC_PAT_LIST,01/07/2026,C83038,THE GLEBE PRACTICE,E01026410,ALL,290
GP_PRAC_PAT_LIST,01/07/2026,C83038,THE GLEBE PRACTICE,E01026416,ALL,1
GP_PRAC_PAT_LIST,01/07/2026,C83038,THE GLEBE PRACTICE,E01027384,ALL,1
GP_PRAC_PAT_LIST,01/07/2026,C83038,THE GLEBE PRACTICE,E01027593,ALL,1
GP_PRAC_PAT_LIST,01/07/2026,C83038,THE GLEBE PRACTICE,E01028000,ALL,1
GP_PRAC_PAT_LIST,01/07/2026,C83038,THE GLEBE PRACTICE,E01028309,ALL,1
GP_PRAC_PAT_LIST,01/07/2026,C83038,THE GLEBE PRACTICE,E01028311,ALL,1
GP_PRAC_PAT_LIST,01/07/2026,C83038,THE GLEBE PRACTICE,E01028317,ALL,434
GP_PRAC_PAT_LIST,01/07/2026,C83038,THE GLEBE PRACTICE,E01028416,ALL,1
GP_PRAC_PAT_LIST,01/07/2026,C83038,THE GLEBE PRACTICE,E01032991,ALL,1
GP_PRAC_PAT_LIST,01/07/2026,C83038,THE GLEBE PRACTICE,E01032992,ALL,1
GP_PRAC_PAT_LIST,01/07/2026,C83038,THE GLEBE PRACTICE,E01033689,ALL,1
GP_PRAC_PAT_LIST,01/07/2026,C83038,THE GLEBE PRACTICE,E01034683,ALL,1
GP_PRAC_PAT_LIST,01/07/2026,C83038,THE GLEBE PRACTICE,E01034706,ALL,1621
GP_PRAC_PAT_LIST,01/07/2026,C83038,THE GLEBE PRACTICE,E01034707,ALL,508
GP_PRAC_PAT_LIST,01/07/2026,C83038,THE GLEBE PRACTICE,EMPTY,ALL,5
GP_PRAC_PAT_LIST,01/07/2026,C83039,MOULTON MEDICAL CENTRE,CLOSED,ALL,8
GP_PRAC_PAT_LIST,01/07/2026,C83039,MOULTON MEDICAL CENTRE,E01015630,ALL,1
GP_PRAC_PAT_LIST,01/07/2026,C83039,MOULTON MEDICAL CENTRE,E01015654,ALL,1
GP_PRAC_PAT_LIST,01/07/2026,C83039,MOULTON MEDICAL CENTRE,E01015672,ALL,1
GP_PRAC_PAT_LIST,01/07/2026,C83039,MOULTON MEDICAL CENTRE,E01026017,ALL,4
GP_PRAC_PAT_LIST,01/07/2026,C83039,MOULTON MEDICAL CENTRE,E01026239,ALL,5
GP_PRAC_PAT_LIST,01/07/2026,C83039,MOULTON MEDICAL CENTRE,E01026245,ALL,18
GP_PRAC_PAT_LIST,01/07/2026,C83039,MOULTON MEDICAL CENTRE,E01026246,ALL,10
GP_PRAC_PAT_LIST,01/07/2026,C83039,MOULTON MEDICAL CENTRE,E01026248,ALL,37
GP_PRAC_PAT_LIST,01/07/2026,C83039,MOULTON MEDICAL CENTRE,E01026249,ALL,68
GP_PRAC_PAT_LIST,01/07/2026,C83039,MOULTON MEDICAL CENTRE,E01026250,ALL,4
GP_PRAC_PAT_LIST,01/07/2026,C83039,MOULTON MEDICAL CENTRE,E01026251,ALL,23
GP_PRAC_PAT_LIST,01/07/2026,C83039,MOULTON MEDICAL CENTRE,E01026252,ALL,5
GP_PRAC_PAT_LIST,01/07/2026,C83039,MOULTON MEDICAL CENTRE,E01026253,ALL,7
GP_PRAC_PAT_LIST,01/07/2026,C83039,MOULTON MEDICAL CENTRE,E01026257,ALL,1
GP_PRAC_PAT_LIST,01/07/2026,C83039,MOULTON MEDICAL CENTRE,E01026258,ALL,6
GP_PRAC_PAT_LIST,01/07/2026,C83039,MOULTON MEDICAL CENTRE,E01026259,ALL,1
GP_PRAC_PAT_LIST,01/07/2026,C83039,MOULTON MEDICAL CENTRE,E01026260,ALL,5
GP_PRAC_PAT_LIST,01/07/2026,C83039,MOULTON MEDICAL CENTRE,E01026262,ALL,15
GP_PRAC_PAT_LIST,01/07/2026,C83039,MOULTON MEDICAL CENTRE,E01026263,ALL,6
GP_PRAC_PAT_LIST,01/07/2026,C83039,MOULTON MEDICAL CENTRE,E01026264,ALL,5
GP_PRAC_PAT_LIST,01/07/2026,C83039,MOULTON MEDICAL CENTRE,E01026265,ALL,1
GP_PRAC_PAT_LIST,01/07/2026,C83039,MOULTON MEDICAL CENTRE,E01026266,ALL,4
GP_PRAC_PAT_LIST,01/07/2026,C83039,MOULTON MEDICAL CENTRE,E01026268,ALL,17
GP_PRAC_PAT_LIST,01/07/2026,C83039,MOULTON MEDICAL CENTRE,E01026269,ALL,18
GP_PRAC_PAT_LIST,01/07/2026,C83039,MOULTON MEDICAL CENTRE,E01026270,ALL,51
GP_PRAC_PAT_LIST,01/07/2026,C83039,MOULTON MEDICAL CENTRE,E01026271,ALL,1
GP_PRAC_PAT_LIST,01/07/2026,C83039,MOULTON MEDICAL CENTRE,E01026272,ALL,8
GP_PRAC_PAT_LIST,01/07/2026,C83039,MOULTON MEDICAL CENTRE,E01026273,ALL,7
GP_PRAC_PAT_LIST,01/07/2026,C83039,MOULTON MEDICAL CENTRE,E01026275,ALL,19
GP_PRAC_PAT_LIST,01/07/2026,C83039,MOULTON MEDICAL CENTRE,E01026276,ALL,4
GP_PRAC_PAT_LIST,01/07/2026,C83039,MOULTON MEDICAL CENTRE,E01026280,ALL,10
GP_PRAC_PAT_LIST,01/07/2026,C83039,MOULTON MEDICAL CENTRE,E01026281,ALL,803
GP_PRAC_PAT_LIST,01/07/2026,C83039,MOULTON MEDICAL CENTRE,E01026282,ALL,1247
GP_PRAC_PAT_LIST,01/07/2026,C83039,MOULTON MEDICAL CENTRE,E01026283,ALL,1270
GP_PRAC_PAT_LIST,01/07/2026,C83039,MOULTON MEDICAL CENTRE,E01026284,ALL,681
GP_PRAC_PAT_LIST,01/07/2026,C83039,MOULTON MEDICAL CENTRE,E01026285,ALL,753
GP_PRAC_PAT_LIST,01/07/2026,C83039,MOULTON MEDICAL CENTRE,E01026286,ALL,481
GP_PRAC_PAT_LIST,01/07/2026,C83039,MOULTON MEDICAL CENTRE,E01026330,ALL,1
GP_PRAC_PAT_LIST,01/07/2026,C83039,MOULTON MEDICAL CENTRE,E01026693,ALL,1
GP_PRAC_PAT_LIST,01/07/2026,C83039,MOULTON MEDICAL CENTRE,E01032995,ALL,5
GP_PRAC_PAT_LIST,01/07/2026,C83039,MOULTON MEDICAL CENTRE,E01032996,ALL,7
GP_PRAC_PAT_LIST,01/07/2026,C83039,MOULTON MEDICAL CENTRE,E01033963,ALL,1
GP_PRAC_PAT_LIST,01/07/2026,C83039,MOULTON MEDICAL CENTRE,E01034697,ALL,7
GP_PRAC_PAT_LIST,01/07/2026,C83039,MOULTON MEDICAL CENTRE,E01034699,ALL,4
GP_PRAC_PAT_LIST,01/07/2026,C83039,MOULTON MEDICAL CENTRE,E01034700,ALL,3
GP_PRAC_PAT_LIST,01/07/2026,C83039,MOULTON MEDICAL CENTRE,EMPTY,ALL,3
GP_PRAC_PAT_LIST,01/07/2026,C83040,ST. PETERS HILL SURGERY,CLOSED,ALL,3
GP_PRAC_PAT_LIST,01/07/2026,C83040,ST. PETERS HILL SURGERY,E01000535,ALL,1
GP_PRAC_PAT_LIST,01/07/2026,C83040,ST. PETERS HILL SURGERY,E01002331,ALL,1
GP_PRAC_PAT_LIST,01/07/2026,C83040,ST. PETERS HILL SURGERY,E01009366,ALL,1
GP_PRAC_PAT_LIST,01/07/2026,C83040,ST. PETERS HILL SURGERY,E01010150,ALL,1
GP_PRAC_PAT_LIST,01/07/2026,C83040,ST. PETERS HILL SURGERY,E01010950,ALL,1
GP_PRAC_PAT_LIST,01/07/2026,C83040,ST. PETERS HILL SURGERY,E01021304,ALL,1
GP_PRAC_PAT_LIST,01/07/2026,C83040,ST. PETERS HILL SURGERY,E01022540,ALL,1
GP_PRAC_PAT_LIST,01/07/2026,C83040,ST. PETERS HILL SURGERY,E01026025,ALL,2
GP_PRAC_PAT_LIST,01/07/2026,C83040,ST. PETERS HILL SURGERY,E01026125,ALL,1
GP_PRAC_PAT_LIST,01/07/2026,C83040,ST. PETERS HILL SURGERY,E01026198,ALL,1
GP_PRAC_PAT_LIST,01/07/2026,C83040,ST. PETERS HILL SURGERY,E01026220,ALL,1
GP_PRAC_PAT_LIST,01/07/2026,C83040,ST. PETERS HILL SURGERY,E01026221,ALL,1
GP_PRAC_PAT_LIST,01/07/2026,C83040,ST. PETERS HILL SURGERY,E01026291,ALL,586
GP_PRAC_PAT_LIST,01/07/2026,C83040,ST. PETERS HILL SURGERY,E01026292,ALL,266
GP_PRAC_PAT_LIST,01/07/2026,C83040,ST. PETERS HILL SURGERY,E01026293,ALL,437
GP_PRAC_PAT_LIST,01/07/2026,C83040,ST. PETERS HILL SURGERY,E01026294,ALL,366
GP_PRAC_PAT_LIST,01/07/2026,C83040,ST. PETERS HILL SURGERY,E01026308,ALL,453
GP_PRAC_PAT_LIST,01/07/2026,C83040,ST. PETERS HILL SURGERY,E01026309,ALL,475
GP_PRAC_PAT_LIST,01/07/2026,C83040,ST. PETERS HILL SURGERY,E01026310,ALL,285
GP_PRAC_PAT_LIST,01/07/2026,C83040,ST. PETERS HILL SURGERY,E01026311,ALL,541
GP_PRAC_PAT_LIST,01/07/2026,C83040,ST. PETERS HILL SURGERY,E01026312,ALL,372
GP_PRAC_PAT_LIST,01/07/2026,C83040,ST. PETERS HILL SURGERY,E01026313,ALL,172
GP_PRAC_PAT_LIST,01/07/2026,C83040,ST. PETERS HILL SURGERY,E01026315,ALL,203
GP_PRAC_PAT_LIST,01/07/2026,C83040,ST. PETERS HILL SURGERY,E01026316,ALL,2
GP_PRAC_PAT_LIST,01/07/2026,C83040,ST. PETERS HILL SURGERY,E01026317,ALL,913
GP_PRAC_PAT_LIST,01/07/2026,C83040,ST. PETERS HILL SURGERY,E01026318,ALL,701
GP_PRAC_PAT_LIST,01/07/2026,C83040,ST. PETERS HILL SURGERY,E01026319,ALL,655
GP_PRAC_PAT_LIST,01/07/2026,C83040,ST. PETERS HILL SURGERY,E01026321,ALL,344
GP_PRAC_PAT_LIST,01/07/2026,C83040,ST. PETERS HILL SURGERY,E01026322,ALL,319
GP_PRAC_PAT_LIST,01/07/2026,C83040,ST. PETERS HILL SURGERY,E01026323,ALL,672
GP_PRAC_PAT_LIST,01/07/2026,C83040,ST. PETERS HILL SURGERY,E01026324,ALL,604
GP_PRAC_PAT_LIST,01/07/2026,C83040,ST. PETERS HILL SURGERY,E01026325,ALL,427
GP_PRAC_PAT_LIST,01/07/2026,C83040,ST. PETERS HILL SURGERY,E01026326,ALL,407
GP_PRAC_PAT_LIST,01/07/2026,C83040,ST. PETERS HILL SURGERY,E01026327,ALL,396
GP_PRAC_PAT_LIST,01/07/2026,C83040,ST. PETERS HILL SURGERY,E01026328,ALL,328
GP_PRAC_PAT_LIST,01/07/2026,C83040,ST. PETERS HILL SURGERY,E01026331,ALL,1
GP_PRAC_PAT_LIST,01/07/2026,C83040,ST. PETERS HILL SURGERY,E01026332,ALL,42
GP_PRAC_PAT_LIST,01/07/2026,C83040,ST. PETERS HILL SURGERY,E01026333,ALL,2
GP_PRAC_PAT_LIST,01/07/2026,C83040,ST. PETERS HILL SURGERY,E01026340,ALL,645
GP_PRAC_PAT_LIST,01/07/2026,C83040,ST. PETERS HILL SURGERY,E01026343,ALL,735
GP_PRAC_PAT_LIST,01/07/2026,C83040,ST. PETERS HILL SURGERY,E01026344,ALL,392
GP_PRAC_PAT_LIST,01/07/2026,C83040,ST. PETERS HILL SURGERY,E01026345,ALL,569
GP_PRAC_PAT_LIST,01/07/2026,C83040,ST. PETERS HILL SURGERY,E01026352,ALL,435
GP_PRAC_PAT_LIST,01/07/2026,C83040,ST. PETERS HILL SURGERY,E01026353,ALL,506
GP_PRAC_PAT_LIST,01/07/2026,C83040,ST. PETERS HILL SURGERY,E01026354,ALL,343
GP_PRAC_PAT_LIST,01/07/2026,C83040,ST. PETERS HILL SURGERY,E01026365,ALL,19
GP_PRAC_PAT_LIST,01/07/2026,C83040,ST. PETERS HILL SURGERY,E01026607,ALL,1
GP_PRAC_PAT_LIST,01/07/2026,C83040,ST. PETERS HILL SURGERY,E01028079,ALL,1
GP_PRAC_PAT_LIST,01/07/2026,C83040,ST. PETERS HILL SURGERY,E01028293,ALL,1
GP_PRAC_PAT_LIST,01/07/2026,C83040,ST. PETERS HILL SURGERY,E01028337,ALL,1
GP_PRAC_PAT_LIST,01/07/2026,C83040,ST. PETERS HILL SURGERY,E01029488,ALL,1
GP_PRAC_PAT_LIST,01/07/2026,C83040,ST. PETERS HILL SURGERY,E01031330,ALL,1
GP_PRAC_PAT_LIST,01/07/2026,C83040,ST. PETERS HILL SURGERY,E01033174,ALL,1
GP_PRAC_PAT_LIST,01/07/2026,C83040,ST. PETERS HILL SURGERY,E01033277,ALL,1
GP_PRAC_PAT_LIST,01/07/2026,C83040,ST. PETERS HILL SURGERY,E01034543,ALL,1
GP_PRAC_PAT_LIST,01/07/2026,C83040,ST. PETERS HILL SURGERY,E01034606,ALL,1
GP_PRAC_PAT_LIST,01/07/2026,C83040,ST. PETERS HILL SURGERY,E01034701,ALL,358
GP_PRAC_PAT_LIST,01/07/2026,C83040,ST. PETERS HILL SURGERY,E01034702,ALL,367
GP_PRAC_PAT_LIST,01/07/2026,C83040,ST. PETERS HILL SURGERY,EMPTY,ALL,23
GP_PRAC_PAT_LIST,01/07/2026,C83041,THE WOODLAND MEDICAL PRACTICE,E01008047,ALL,1
GP_PRAC_PAT_LIST,01/07/2026,C83041,THE WOODLAND MEDICAL PRACTICE,E01013312,ALL,1
GP_PRAC_PAT_LIST,01/07/2026,C83041,THE WOODLAND MEDICAL PRACTICE,E01019669,ALL,1
GP_PRAC_PAT_LIST,01/07/2026,C83041,THE WOODLAND MEDICAL PRACTICE,E01025690,ALL,1
GP_PRAC_PAT_LIST,01/07/2026,C83041,THE WOODLAND MEDICAL PRACTICE,E01025905,ALL,1
GP_PRAC_PAT_LIST,01/07/2026,C83041,THE WOODLAND MEDICAL PRACTICE,E01026069,ALL,1
GP_PRAC_PAT_LIST,01/07/2026,C83041,THE WOODLAND MEDICAL PRACTICE,E01026121,ALL,1
GP_PRAC_PAT_LIST,01/07/2026,C83041,THE WOODLAND MEDICAL PRACTICE,E01026123,ALL,1
GP_PRAC_PAT_LIST,01/07/2026,C83041,THE WOODLAND MEDICAL PRACTICE,E01026124,ALL,2
GP_PRAC_PAT_LIST,01/07/2026,C83041,THE WOODLAND MEDICAL PRACTICE,E01026125,ALL,1
GP_PRAC_PAT_LIST,01/07/2026,C83041,THE WOODLAND MEDICAL PRACTICE,E01026126,ALL,1
GP_PRAC_PAT_LIST,01/07/2026,C83041,THE WOODLAND MEDICAL PRACTICE,E01026127,ALL,453
GP_PRAC_PAT_LIST,01/07/2026,C83041,THE WOODLAND MEDICAL PRACTICE,E01026129,ALL,554
GP_PRAC_PAT_LIST,01/07/2026,C83041,THE WOODLAND MEDICAL PRACTICE,E01026130,ALL,389
GP_PRAC_PAT_LIST,01/07/2026,C83041,THE WOODLAND MEDICAL PRACTICE,E01026131,ALL,515
GP_PRAC_PAT_LIST,01/07/2026,C83041,THE WOODLAND MEDICAL PRACTICE,E01026134,ALL,1
GP_PRAC_PAT_LIST,01/07/2026,C83041,THE WOODLAND MEDICAL PRACTICE,E01026135,ALL,5
GP_PRAC_PAT_LIST,01/07/2026,C83041,THE WOODLAND MEDICAL PRACTICE,E01026136,ALL,115
GP_PRAC_PAT_LIST,01/07/2026,C83041,THE WOODLAND MEDICAL PRACTICE,E01026139,ALL,29
GP_PRAC_PAT_LIST,01/07/2026,C83041,THE WOODLAND MEDICAL PRACTICE,E01026141,ALL,46
GP_PRAC_PAT_LIST,01/07/2026,C83041,THE WOODLAND MEDICAL PRACTICE,E01026144,ALL,1
GP_PRAC_PAT_LIST,01/07/2026,C83041,THE WOODLAND MEDICAL PRACTICE,E01026147,ALL,2
GP_PRAC_PAT_LIST,01/07/2026,C83041,THE WOODLAND MEDICAL PRACTICE,E01026149,ALL,1
GP_PRAC_PAT_LIST,01/07/2026,C83041,THE WOODLAND MEDICAL PRACTICE,E01026150,ALL,1
GP_PRAC_PAT_LIST,01/07/2026,C83041,THE WOODLAND MEDICAL PRACTICE,E01026153,ALL,1
GP_PRAC_PAT_LIST,01/07/2026,C83041,THE WOODLAND MEDICAL PRACTICE,E01026158,ALL,522
GP_PRAC_PAT_LIST,01/07/2026,C83041,THE WOODLAND MEDICAL PRACTICE,E01026159,ALL,519
GP_PRAC_PAT_LIST,01/07/2026,C83041,THE WOODLAND MEDICAL PRACTICE,E01026160,ALL,404
GP_PRAC_PAT_LIST,01/07/2026,C83041,THE WOODLAND MEDICAL PRACTICE,E01026161,ALL,277
GP_PRAC_PAT_LIST,01/07/2026,C83041,THE WOODLAND MEDICAL PRACTICE,E01026162,ALL,364
GP_PRAC_PAT_LIST,01/07/2026,C83041,THE WOODLAND MEDICAL PRACTICE,E01026163,ALL,457
GP_PRAC_PAT_LIST,01/07/2026,C83041,THE WOODLAND MEDICAL PRACTICE,E01026167,ALL,2
GP_PRAC_PAT_LIST,01/07/2026,C83041,THE WOODLAND MEDICAL PRACTICE,E01026168,ALL,1
GP_PRAC_PAT_LIST,01/07/2026,C83041,THE WOODLAND MEDICAL PRACTICE,E01026169,ALL,93
GP_PRAC_PAT_LIST,01/07/2026,C83041,THE WOODLAND MEDICAL PRACTICE,E01026170,ALL,27
GP_PRAC_PAT_LIST,01/07/2026,C83041,THE WOODLAND MEDICAL PRACTICE,E01026171,ALL,123
GP_PRAC_PAT_LIST,01/07/2026,C83041,THE WOODLAND MEDICAL PRACTICE,E01026172,ALL,60
GP_PRAC_PAT_LIST,01/07/2026,C83041,THE WOODLAND MEDICAL PRACTICE,E01026173,ALL,42
GP_PRAC_PAT_LIST,01/07/2026,C83041,THE WOODLAND MEDICAL PRACTICE,E01026174,ALL,3
GP_PRAC_PAT_LIST,01/07/2026,C83041,THE WOODLAND MEDICAL PRACTICE,E01026175,ALL,1
GP_PRAC_PAT_LIST,01/07/2026,C83041,THE WOODLAND MEDICAL PRACTICE,E01026176,ALL,3
GP_PRAC_PAT_LIST,01/07/2026,C83041,THE WOODLAND MEDICAL PRACTICE,E01026177,ALL,1
GP_PRAC_PAT_LIST,01/07/2026,C83041,THE WOODLAND MEDICAL PRACTICE,E01026178,ALL,2
GP_PRAC_PAT_LIST,01/07/2026,C83041,THE WOODLAND MEDICAL PRACTICE,E01026180,ALL,1
GP_PRAC_PAT_LIST,01/07/2026,C83041,THE WOODLAND MEDICAL PRACTICE,E01026185,ALL,1
GP_PRAC_PAT_LIST,01/07/2026,C83041,THE WOODLAND MEDICAL PRACTICE,E01026187,ALL,2
GP_PRAC_PAT_LIST,01/07/2026,C83041,THE WOODLAND MEDICAL PRACTICE,E01026188,ALL,1
GP_PRAC_PAT_LIST,01/07/2026,C83041,THE WOODLAND MEDICAL PRACTICE,E01026196,ALL,1
GP_PRAC_PAT_LIST,01/07/2026,C83041,THE WOODLAND MEDICAL PRACTICE,E01026197,ALL,1
GP_PRAC_PAT_LIST,01/07/2026,C83041,THE WOODLAND MEDICAL PRACTICE,E01026199,ALL,175
GP_PRAC_PAT_LIST,01/07/2026,C83041,THE WOODLAND MEDICAL PRACTICE,E01026203,ALL,1
GP_PRAC_PAT_LIST,01/07/2026,C83041,THE WOODLAND MEDICAL PRACTICE,E01026204,ALL,1
GP_PRAC_PAT_LIST,01/07/2026,C83041,THE WOODLAND MEDICAL PRACTICE,E01026210,ALL,1
GP_PRAC_PAT_LIST,01/07/2026,C83041,THE WOODLAND MEDICAL PRACTICE,E01026211,ALL,1
GP_PRAC_PAT_LIST,01/07/2026,C83041,THE WOODLAND MEDICAL PRACTICE,E01026214,ALL,36
GP_PRAC_PAT_LIST,01/07/2026,C83041,THE WOODLAND MEDICAL PRACTICE,E01026215,ALL,31
GP_PRAC_PAT_LIST,01/07/2026,C83041,THE WOODLAND MEDICAL PRACTICE,E01026218,ALL,36
GP_PRAC_PAT_LIST,01/07/2026,C83041,THE WOODLAND MEDICAL PRACTICE,E01026219,ALL,24
GP_PRAC_PAT_LIST,01/07/2026,C83041,THE WOODLAND MEDICAL PRACTICE,E01026220,ALL,13
GP_PRAC_PAT_LIST,01/07/2026,C83041,THE WOODLAND MEDICAL PRACTICE,E01026225,ALL,331
GP_PRAC_PAT_LIST,01/07/2026,C83041,THE WOODLAND MEDICAL PRACTICE,E01026226,ALL,422
GP_PRAC_PAT_LIST,01/07/2026,C83041,THE WOODLAND MEDICAL PRACTICE,E01026343,ALL,1
GP_PRAC_PAT_LIST,01/07/2026,C83041,THE WOODLAND MEDICAL PRACTICE,E01026375,ALL,1
GP_PRAC_PAT_LIST,01/07/2026,C83041,THE WOODLAND MEDICAL PRACTICE,E01026388,ALL,1
GP_PRAC_PAT_LIST,01/07/2026,C83041,THE WOODLAND MEDICAL PRACTICE,E01026389,ALL,1
GP_PRAC_PAT_LIST,01/07/2026,C83041,THE WOODLAND MEDICAL PRACTICE,E01026390,ALL,2
GP_PRAC_PAT_LIST,01/07/2026,C83041,THE WOODLAND MEDICAL PRACTICE,E01026409,ALL,1
GP_PRAC_PAT_LIST,01/07/2026,C83041,THE WOODLAND MEDICAL PRACTICE,E01028039,ALL,1
GP_PRAC_PAT_LIST,01/07/2026,C83041,THE WOODLAND MEDICAL PRACTICE,E01028187,ALL,1
GP_PRAC_PAT_LIST,01/07/2026,C83041,THE WOODLAND MEDICAL PRACTICE,E01028291,ALL,1
GP_PRAC_PAT_LIST,01/07/2026,C83041,THE WOODLAND MEDICAL PRACTICE,E01028334,ALL,1
GP_PRAC_PAT_LIST,01/07/2026,C83041,THE WOODLAND MEDICAL PRACTICE,E01029835,ALL,1
GP_PRAC_PAT_LIST,01/07/2026,C83041,THE WOODLAND MEDICAL PRACTICE,E01030450,ALL,1
GP_PRAC_PAT_LIST,01/07/2026,C83041,THE WOODLAND MEDICAL PRACTICE,E01030690,ALL,1
GP_PRAC_PAT_LIST,01/07/2026,C83041,THE WOODLAND MEDICAL PRACTICE,E01032953,ALL,1
GP_PRAC_PAT_LIST,01/07/2026,C83041,THE WOODLAND MEDICAL PRACTICE,E01032988,ALL,27
GP_PRAC_PAT_LIST,01/07/2026,C83041,THE WOODLAND MEDICAL PRACTICE,E01032989,ALL,94
GP_PRAC_PAT_LIST,01/07/2026,C83041,THE WOODLAND MEDICAL PRACTICE,E01032991,ALL,174
GP_PRAC_PAT_LIST,01/07/2026,C83041,THE WOODLAND MEDICAL PRACTICE,E01032992,ALL,54
GP_PRAC_PAT_LIST,01/07/2026,C83041,THE WOODLAND MEDICAL PRACTICE,E01032993,ALL,93
GP_PRAC_PAT_LIST,01/07/2026,C83041,THE WOODLAND MEDICAL PRACTICE,E01032994,ALL,68
GP_PRAC_PAT_LIST,01/07/2026,C83041,THE WOODLAND MEDICAL PRACTICE,E01033777,ALL,1
GP_PRAC_PAT_LIST,01/07/2026,C83041,THE WOODLAND MEDICAL PRACTICE,E01034681,ALL,1
GP_PRAC_PAT_LIST,01/07/2026,C83041,THE WOODLAND MEDICAL PRACTICE,E01034689,ALL,411
GP_PRAC_PAT_LIST,01/07/2026,C83041,THE WOODLAND MEDICAL PRACTICE,E01034690,ALL,502
GP_PRAC_PAT_LIST,01/07/2026,C83041,THE WOODLAND MEDICAL PRACTICE,E01034691,ALL,3
GP_PRAC_PAT_LIST,01/07/2026,C83041,THE WOODLAND MEDICAL PRACTICE,E01034692,ALL,1
GP_PRAC_PAT_LIST,01/07/2026,C83041,THE WOODLAND MEDICAL PRACTICE,E01034693,ALL,4
GP_PRAC_PAT_LIST,01/07/2026,C83041,THE WOODLAND MEDICAL PRACTICE,E01034694,ALL,2
GP_PRAC_PAT_LIST,01/07/2026,C83041,THE WOODLAND MEDICAL PRACTICE,E01034707,ALL,12
GP_PRAC_PAT_LIST,01/07/2026,C83041,THE WOODLAND MEDICAL PRACTICE,EMPTY,ALL,6
GP_PRAC_PAT_LIST,01/07/2026,C83042,MARSH MEDICAL PRACTICE,CLOSED,ALL,1
GP_PRAC_PAT_LIST,01/07/2026,C83042,MARSH MEDICAL PRACTICE,E01011626,ALL,1
GP_PRAC_PAT_LIST,01/07/2026,C83042,MARSH MEDICAL PRACTICE,E01013131,ALL,1
GP_PRAC_PAT_LIST,01/07/2026,C83042,MARSH MEDICAL PRACTICE,E01013132,ALL,1
GP_PRAC_PAT_LIST,01/07/2026,C83042,MARSH MEDICAL PRACTICE,E01013140,ALL,2
GP_PRAC_PAT_LIST,01/07/2026,C83042,MARSH MEDICAL PRACTICE,E01013146,ALL,1
GP_PRAC_PAT_LIST,01/07/2026,C83042,MARSH MEDICAL PRACTICE,E01013150,ALL,1
GP_PRAC_PAT_LIST,01/07/2026,C83042,MARSH MEDICAL PRACTICE,E01013155,ALL,2
GP_PRAC_PAT_LIST,01/07/2026,C83042,MARSH MEDICAL PRACTICE,E01013160,ALL,1
GP_PRAC_PAT_LIST,01/07/2026,C83042,MARSH MEDICAL PRACTICE,E01013162,ALL,1
GP_PRAC_PAT_LIST,01/07/2026,C83042,MARSH MEDICAL PRACTICE,E01013164,ALL,2
GP_PRAC_PAT_LIST,01/07/2026,C83042,MARSH MEDICAL PRACTICE,E01013171,ALL,1
GP_PRAC_PAT_LIST,01/07/2026,C83042,MARSH MEDICAL PRACTICE,E01013172,ALL,2
GP_PRAC_PAT_LIST,01/07/2026,C83042,MARSH MEDICAL PRACTICE,E01013180,ALL,1
GP_PRAC_PAT_LIST,01/07/2026,C83042,MARSH MEDICAL PRACTICE,E01013184,ALL,1
GP_PRAC_PAT_LIST,01/07/2026,C83042,MARSH MEDICAL PRACTICE,E01013191,ALL,1
GP_PRAC_PAT_LIST,01/07/2026,C83042,MARSH MEDICAL PRACTICE,E01013193,ALL,1
GP_PRAC_PAT_LIST,01/07/2026,C83042,MARSH MEDICAL PRACTICE,E01013197,ALL,1
GP_PRAC_PAT_LIST,01/07/2026,C83042,MARSH MEDICAL PRACTICE,E01013200,ALL,3
GP_PRAC_PAT_LIST,01/07/2026,C83042,MARSH MEDICAL PRACTICE,E01013204,ALL,2
GP_PRAC_PAT_LIST,01/07/2026,C83042,MARSH MEDICAL PRACTICE,E01013207,ALL,1
GP_PRAC_PAT_LIST,01/07/2026,C83042,MARSH MEDICAL PRACTICE,E01013216,ALL,1
GP_PRAC_PAT_LIST,01/07/2026,C83042,MARSH MEDICAL PRACTICE,E01013217,ALL,5
GP_PRAC_PAT_LIST,01/07/2026,C83042,MARSH MEDICAL PRACTICE,E01013219,ALL,3
GP_PRAC_PAT_LIST,01/07/2026,C83042,MARSH MEDICAL PRACTICE,E01013221,ALL,1
GP_PRAC_PAT_LIST,01/07/2026,C83042,MARSH MEDICAL PRACTICE,E01013224,ALL,4
GP_PRAC_PAT_LIST,01/07/2026,C83042,MARSH MEDICAL PRACTICE,E01013233,ALL,4
GP_PRAC_PAT_LIST,01/07/2026,C83042,MARSH MEDICAL PRACTICE,E01013562,ALL,1
GP_PRAC_PAT_LIST,01/07/2026,C83042,MARSH MEDICAL PRACTICE,E01017349,ALL,1
GP_PRAC_PAT_LIST,01/07/2026,C83042,MARSH MEDICAL PRACTICE,E01019777,ALL,3
GP_PRAC_PAT_LIST,01/07/2026,C83042,MARSH MEDICAL PRACTICE,E01024248,ALL,1
GP_PRAC_PAT_LIST,01/07/2026,C83042,MARSH MEDICAL PRACTICE,E01026025,ALL,1
GP_PRAC_PAT_LIST,01/07/2026,C83042,MARSH MEDICAL PRACTICE,E01026042,ALL,25
GP_PRAC_PAT_LIST,01/07/2026,C83042,MARSH MEDICAL PRACTICE,E01026043,ALL,22
GP_PRAC_PAT_LIST,01/07/2026,C83042,MARSH MEDICAL PRACTICE,E01026044,ALL,29
GP_PRAC_PAT_LIST,01/07/2026,C83042,MARSH MEDICAL PRACTICE,E01026045,ALL,25
GP_PRAC_PAT_LIST,01/07/2026,C83042,MARSH MEDICAL PRACTICE,E01026049,ALL,1
GP_PRAC_PAT_LIST,01/07/2026,C83042,MARSH MEDICAL PRACTICE,E01026053,ALL,1
GP_PRAC_PAT_LIST,01/07/2026,C83042,MARSH MEDICAL PRACTICE,E01026058,ALL,1268
GP_PRAC_PAT_LIST,01/07/2026,C83042,MARSH MEDICAL PRACTICE,E01026060,ALL,2
GP_PRAC_PAT_LIST,01/07/2026,C83042,MARSH MEDICAL PRACTICE,E01026061,ALL,9
GP_PRAC_PAT_LIST,01/07/2026,C83042,MARSH MEDICAL PRACTICE,E01026063,ALL,5
GP_PRAC_PAT_LIST,01/07/2026,C83042,MARSH MEDICAL PRACTICE,E01026064,ALL,1
GP_PRAC_PAT_LIST,01/07/2026,C83042,MARSH MEDICAL PRACTICE,E01026066,ALL,4
GP_PRAC_PAT_LIST,01/07/2026,C83042,MARSH MEDICAL PRACTICE,E01026067,ALL,1
GP_PRAC_PAT_LIST,01/07/2026,C83042,MARSH MEDICAL PRACTICE,E01026068,ALL,16
GP_PRAC_PAT_LIST,01/07/2026,C83042,MARSH MEDICAL PRACTICE,E01026070,ALL,215
GP_PRAC_PAT_LIST,01/07/2026,C83042,MARSH MEDICAL PRACTICE,E01026071,ALL,27
GP_PRAC_PAT_LIST,01/07/2026,C83042,MARSH MEDICAL PRACTICE,E01026072,ALL,66
GP_PRAC_PAT_LIST,01/07/2026,C83042,MARSH MEDICAL PRACTICE,E01026073,ALL,49
GP_PRAC_PAT_LIST,01/07/2026,C83042,MARSH MEDICAL PRACTICE,E01026074,ALL,61
GP_PRAC_PAT_LIST,01/07/2026,C83042,MARSH MEDICAL PRACTICE,E01026076,ALL,821
GP_PRAC_PAT_LIST,01/07/2026,C83042,MARSH MEDICAL PRACTICE,E01026077,ALL,83
GP_PRAC_PAT_LIST,01/07/2026,C83042,MARSH MEDICAL PRACTICE,E01026078,ALL,29
GP_PRAC_PAT_LIST,01/07/2026,C83042,MARSH MEDICAL PRACTICE,E01026079,ALL,1821
GP_PRAC_PAT_LIST,01/07/2026,C83042,MARSH MEDICAL PRACTICE,E01026080,ALL,28
GP_PRAC_PAT_LIST,01/07/2026,C83042,MARSH MEDICAL PRACTICE,E01026081,ALL,70
GP_PRAC_PAT_LIST,01/07/2026,C83042,MARSH MEDICAL PRACTICE,E01026082,ALL,1
GP_PRAC_PAT_LIST,01/07/2026,C83042,MARSH MEDICAL PRACTICE,E01026087,ALL,71
GP_PRAC_PAT_LIST,01/07/2026,C83042,MARSH MEDICAL PRACTICE,E01026088,ALL,41
GP_PRAC_PAT_LIST,01/07/2026,C83042,MARSH MEDICAL PRACTICE,E01026089,ALL,64
GP_PRAC_PAT_LIST,01/07/2026,C83042,MARSH MEDICAL PRACTICE,E01026090,ALL,41
GP_PRAC_PAT_LIST,01/07/2026,C83042,MARSH MEDICAL PRACTICE,E01026091,ALL,146
GP_PRAC_PAT_LIST,01/07/2026,C83042,MARSH MEDICAL PRACTICE,E01026099,ALL,1296
GP_PRAC_PAT_LIST,01/07/2026,C83042,MARSH MEDICAL PRACTICE,E01026100,ALL,1
GP_PRAC_PAT_LIST,01/07/2026,C83042,MARSH MEDICAL PRACTICE,E01026103,ALL,23
GP_PRAC_PAT_LIST,01/07/2026,C83042,MARSH MEDICAL PRACTICE,E01026104,ALL,46
GP_PRAC_PAT_LIST,01/07/2026,C83042,MARSH MEDICAL PRACTICE,E01026105,ALL,11
GP_PRAC_PAT_LIST,01/07/2026,C83042,MARSH MEDICAL PRACTICE,E01026106,ALL,28
GP_PRAC_PAT_LIST,01/07/2026,C83042,MARSH MEDICAL PRACTICE,E01026107,ALL,96
GP_PRAC_PAT_LIST,01/07/2026,C83042,MARSH MEDICAL PRACTICE,E01026108,ALL,69
GP_PRAC_PAT_LIST,01/07/2026,C83042,MARSH MEDICAL PRACTICE,E01026109,ALL,61
GP_PRAC_PAT_LIST,01/07/2026,C83042,MARSH MEDICAL PRACTICE,E01026113,ALL,12
GP_PRAC_PAT_LIST,01/07/2026,C83042,MARSH MEDICAL PRACTICE,E01026114,ALL,1
GP_PRAC_PAT_LIST,01/07/2026,C83042,MARSH MEDICAL PRACTICE,E01026117,ALL,190
GP_PRAC_PAT_LIST,01/07/2026,C83042,MARSH MEDICAL PRACTICE,E01026121,ALL,1
GP_PRAC_PAT_LIST,01/07/2026,C83042,MARSH MEDICAL PRACTICE,E01026125,ALL,1
GP_PRAC_PAT_LIST,01/07/2026,C83042,MARSH MEDICAL PRACTICE,E01026177,ALL,2
GP_PRAC_PAT_LIST,01/07/2026,C83042,MARSH MEDICAL PRACTICE,E01026199,ALL,1
GP_PRAC_PAT_LIST,01/07/2026,C83042,MARSH MEDICAL PRACTICE,E01026220,ALL,1
GP_PRAC_PAT_LIST,01/07/2026,C83042,MARSH MEDICAL PRACTICE,E01026325,ALL,1
GP_PRAC_PAT_LIST,01/07/2026,C83042,MARSH MEDICAL PRACTICE,E01026391,ALL,1
GP_PRAC_PAT_LIST,01/07/2026,C83042,MARSH MEDICAL PRACTICE,E01026392,ALL,1
GP_PRAC_PAT_LIST,01/07/2026,C83042,MARSH MEDICAL PRACTICE,E01026414,ALL,1
GP_PRAC_PAT_LIST,01/07/2026,C83042,MARSH MEDICAL PRACTICE,E01026415,ALL,1
GP_PRAC_PAT_LIST,01/07/2026,C83042,MARSH MEDICAL PRACTICE,E01026666,ALL,1
GP_PRAC_PAT_LIST,01/07/2026,C83042,MARSH MEDICAL PRACTICE,E01027194,ALL,1
GP_PRAC_PAT_LIST,01/07/2026,C83042,MARSH MEDICAL PRACTICE,E01027261,ALL,1
GP_PRAC_PAT_LIST,01/07/2026,C83042,MARSH MEDICAL PRACTICE,E01027302,ALL,1
GP_PRAC_PAT_LIST,01/07/2026,C83042,MARSH MEDICAL PRACTICE,E01032986,ALL,27
GP_PRAC_PAT_LIST,01/07/2026,C83042,MARSH MEDICAL PRACTICE,E01032987,ALL,26
GP_PRAC_PAT_LIST,01/07/2026,C83042,MARSH MEDICAL PRACTICE,E01033067,ALL,1
GP_PRAC_PAT_LIST,01/07/2026,C83042,MARSH MEDICAL PRACTICE,E01033268,ALL,1
GP_PRAC_PAT_LIST,01/07/2026,C83042,MARSH MEDICAL PRACTICE,E01034686,ALL,1
GP_PRAC_PAT_LIST,01/07/2026,C83042,MARSH MEDICAL PRACTICE,E01034688,ALL,1
GP_PRAC_PAT_LIST,01/07/2026,C83042,MARSH MEDICAL PRACTICE,E01035476,ALL,1
GP_PRAC_PAT_LIST,01/07/2026,C83042,MARSH MEDICAL PRACTICE,E01035478,ALL,3
GP_PRAC_PAT_LIST,01/07/2026,C83042,MARSH MEDICAL PRACTICE,E01035480,ALL,2
GP_PRAC_PAT_LIST,01/07/2026,C83042,MARSH MEDICAL PRACTICE,EMPTY,ALL,5
GP_PRAC_PAT_LIST,01/07/2026,C83042,MARSH MEDICAL PRACTICE,S01015353,ALL,1
GP_PRAC_PAT_LIST,01/07/2026,C83043,MARKET RASEN SURGERY,CLOSED,ALL,3
GP_PRAC_PAT_LIST,01/07/2026,C83043,MARKET RASEN SURGERY,E01001569,ALL,1
GP_PRAC_PAT_LIST,01/07/2026,C83043,MARKET RASEN SURGERY,E01001925,ALL,1
GP_PRAC_PAT_LIST,01/07/2026,C83043,MARKET RASEN SURGERY,E01002499,ALL,1
GP_PRAC_PAT_LIST,01/07/2026,C83043,MARKET RASEN SURGERY,E01004379,ALL,1
GP_PRAC_PAT_LIST,01/07/2026,C83043,MARKET RASEN SURGERY,E01005581,ALL,1
GP_PRAC_PAT_LIST,01/07/2026,C83043,MARKET RASEN SURGERY,E01007670,ALL,1
GP_PRAC_PAT_LIST,01/07/2026,C83043,MARKET RASEN SURGERY,E01008083,ALL,1
GP_PRAC_PAT_LIST,01/07/2026,C83043,MARKET RASEN SURGERY,E01009289,ALL,1
GP_PRAC_PAT_LIST,01/07/2026,C83043,MARKET RASEN SURGERY,E01010578,ALL,1
GP_PRAC_PAT_LIST,01/07/2026,C83043,MARKET RASEN SURGERY,E01011866,ALL,1
GP_PRAC_PAT_LIST,01/07/2026,C83043,MARKET RASEN SURGERY,E01012000,ALL,1
GP_PRAC_PAT_LIST,01/07/2026,C83043,MARKET RASEN SURGERY,E01012076,ALL,1
GP_PRAC_PAT_LIST,01/07/2026,C83043,MARKET RASEN SURGERY,E01013144,ALL,2
GP_PRAC_PAT_LIST,01/07/2026,C83043,MARKET RASEN SURGERY,E01013159,ALL,1
GP_PRAC_PAT_LIST,01/07/2026,C83043,MARKET RASEN SURGERY,E01013171,ALL,1
GP_PRAC_PAT_LIST,01/07/2026,C83043,MARKET RASEN SURGERY,E01013175,ALL,1
GP_PRAC_PAT_LIST,01/07/2026,C83043,MARKET RASEN SURGERY,E01013184,ALL,1
GP_PRAC_PAT_LIST,01/07/2026,C83043,MARKET RASEN SURGERY,E01013201,ALL,3
GP_PRAC_PAT_LIST,01/07/2026,C83043,MARKET RASEN SURGERY,E01013202,ALL,1
GP_PRAC_PAT_LIST,01/07/2026,C83043,MARKET RASEN SURGERY,E01013214,ALL,1
GP_PRAC_PAT_LIST,01/07/2026,C83043,MARKET RASEN SURGERY,E01013215,ALL,1
GP_PRAC_PAT_LIST,01/07/2026,C83043,MARKET RASEN SURGERY,E01013224,ALL,3
GP_PRAC_PAT_LIST,01/07/2026,C83043,MARKET RASEN SURGERY,E01013226,ALL,1
GP_PRAC_PAT_LIST,01/07/2026,C83043,MARKET RASEN SURGERY,E01013231,ALL,2
GP_PRAC_PAT_LIST,01/07/2026,C83043,MARKET RASEN SURGERY,E01013272,ALL,1
GP_PRAC_PAT_LIST,01/07/2026,C83043,MARKET RASEN SURGERY,E01013290,ALL,1
GP_PRAC_PAT_LIST,01/07/2026,C83043,MARKET RASEN SURGERY,E01013307,ALL,1
GP_PRAC_PAT_LIST,01/07/2026,C83043,MARKET RASEN SURGERY,E01013314,ALL,1
GP_PRAC_PAT_LIST,01/07/2026,C83043,MARKET RASEN SURGERY,E01013322,ALL,2
GP_PRAC_PAT_LIST,01/07/2026,C83043,MARKET RASEN SURGERY,E01013325,ALL,1
GP_PRAC_PAT_LIST,01/07/2026,C83043,MARKET RASEN SURGERY,E01013330,ALL,1
GP_PRAC_PAT_LIST,01/07/2026,C83043,MARKET RASEN SURGERY,E01015661,ALL,1
GP_PRAC_PAT_LIST,01/07/2026,C83043,MARKET RASEN SURGERY,E01017502,ALL,1
GP_PRAC_PAT_LIST,01/07/2026,C83043,MARKET RASEN SURGERY,E01018375,ALL,1
GP_PRAC_PAT_LIST,01/07/2026,C83043,MARKET RASEN SURGERY,E01020112,ALL,1
GP_PRAC_PAT_LIST,01/07/2026,C83043,MARKET RASEN SURGERY,E01020126,ALL,1
GP_PRAC_PAT_LIST,01/07/2026,C83043,MARKET RASEN SURGERY,E01020288,ALL,1
GP_PRAC_PAT_LIST,01/07/2026,C83043,MARKET RASEN SURGERY,E01020862,ALL,1
GP_PRAC_PAT_LIST,01/07/2026,C83043,MARKET RASEN SURGERY,E01021350,ALL,1
GP_PRAC_PAT_LIST,01/07/2026,C83043,MARKET RASEN SURGERY,E01023414,ALL,1
GP_PRAC_PAT_LIST,01/07/2026,C83043,MARKET RASEN SURGERY,E01024651,ALL,1
GP_PRAC_PAT_LIST,01/07/2026,C83043,MARKET RASEN SURGERY,E01025569,ALL,1
GP_PRAC_PAT_LIST,01/07/2026,C83043,MARKET RASEN SURGERY,E01026007,ALL,1
GP_PRAC_PAT_LIST,01/07/2026,C83043,MARKET RASEN SURGERY,E01026045,ALL,10
GP_PRAC_PAT_LIST,01/07/2026,C83043,MARKET RASEN SURGERY,E01026058,ALL,2
GP_PRAC_PAT_LIST,01/07/2026,C83043,MARKET RASEN SURGERY,E01026060,ALL,1
GP_PRAC_PAT_LIST,01/07/2026,C83043,MARKET RASEN SURGERY,E01026068,ALL,2
GP_PRAC_PAT_LIST,01/07/2026,C83043,MARKET RASEN SURGERY,E01026071,ALL,272
GP_PRAC_PAT_LIST,01/07/2026,C83043,MARKET RASEN SURGERY,E01026072,ALL,1
GP_PRAC_PAT_LIST,01/07/2026,C83043,MARKET RASEN SURGERY,E01026074,ALL,1
GP_PRAC_PAT_LIST,01/07/2026,C83043,MARKET RASEN SURGERY,E01026077,ALL,1
GP_PRAC_PAT_LIST,01/07/2026,C83043,MARKET RASEN SURGERY,E01026078,ALL,1
GP_PRAC_PAT_LIST,01/07/2026,C83043,MARKET RASEN SURGERY,E01026080,ALL,1
GP_PRAC_PAT_LIST,01/07/2026,C83043,MARKET RASEN SURGERY,E01026089,ALL,2
GP_PRAC_PAT_LIST,01/07/2026,C83043,MARKET RASEN SURGERY,E01026100,ALL,1
GP_PRAC_PAT_LIST,01/07/2026,C83043,MARKET RASEN SURGERY,E01026105,ALL,1
GP_PRAC_PAT_LIST,01/07/2026,C83043,MARKET RASEN SURGERY,E01026118,ALL,1
GP_PRAC_PAT_LIST,01/07/2026,C83043,MARKET RASEN SURGERY,E01026120,ALL,1
GP_PRAC_PAT_LIST,01/07/2026,C83043,MARKET RASEN SURGERY,E01026121,ALL,120
GP_PRAC_PAT_LIST,01/07/2026,C83043,MARKET RASEN SURGERY,E01026124,ALL,1
GP_PRAC_PAT_LIST,01/07/2026,C83043,MARKET RASEN SURGERY,E01026144,ALL,1
GP_PRAC_PAT_LIST,01/07/2026,C83043,MARKET RASEN SURGERY,E01026146,ALL,1
GP_PRAC_PAT_LIST,01/07/2026,C83043,MARKET RASEN SURGERY,E01026148,ALL,1
GP_PRAC_PAT_LIST,01/07/2026,C83043,MARKET RASEN SURGERY,E01026154,ALL,1
GP_PRAC_PAT_LIST,01/07/2026,C83043,MARKET RASEN SURGERY,E01026158,ALL,1
GP_PRAC_PAT_LIST,01/07/2026,C83043,MARKET RASEN SURGERY,E01026162,ALL,1
GP_PRAC_PAT_LIST,01/07/2026,C83043,MARKET RASEN SURGERY,E01026166,ALL,1
GP_PRAC_PAT_LIST,01/07/2026,C83043,MARKET RASEN SURGERY,E01026175,ALL,1
GP_PRAC_PAT_LIST,01/07/2026,C83043,MARKET RASEN SURGERY,E01026177,ALL,1
GP_PRAC_PAT_LIST,01/07/2026,C83043,MARKET RASEN SURGERY,E01026178,ALL,1
GP_PRAC_PAT_LIST,01/07/2026,C83043,MARKET RASEN SURGERY,E01026185,ALL,1
GP_PRAC_PAT_LIST,01/07/2026,C83043,MARKET RASEN SURGERY,E01026189,ALL,1
GP_PRAC_PAT_LIST,01/07/2026,C83043,MARKET RASEN SURGERY,E01026191,ALL,1
GP_PRAC_PAT_LIST,01/07/2026,C83043,MARKET RASEN SURGERY,E01026193,ALL,2
GP_PRAC_PAT_LIST,01/07/2026,C83043,MARKET RASEN SURGERY,E01026201,ALL,1
GP_PRAC_PAT_LIST,01/07/2026,C83043,MARKET RASEN SURGERY,E01026203,ALL,1
GP_PRAC_PAT_LIST,01/07/2026,C83043,MARKET RASEN SURGERY,E01026235,ALL,1
GP_PRAC_PAT_LIST,01/07/2026,C83043,MARKET RASEN SURGERY,E01026321,ALL,1
GP_PRAC_PAT_LIST,01/07/2026,C83043,MARKET RASEN SURGERY,E01026366,ALL,9
GP_PRAC_PAT_LIST,01/07/2026,C83043,MARKET RASEN SURGERY,E01026367,ALL,15
GP_PRAC_PAT_LIST,01/07/2026,C83043,MARKET RASEN SURGERY,E01026368,ALL,35
GP_PRAC_PAT_LIST,01/07/2026,C83043,MARKET RASEN SURGERY,E01026372,ALL,146
GP_PRAC_PAT_LIST,01/07/2026,C83043,MARKET RASEN SURGERY,E01026373,ALL,44
GP_PRAC_PAT_LIST,01/07/2026,C83043,MARKET RASEN SURGERY,E01026374,ALL,1
GP_PRAC_PAT_LIST,01/07/2026,C83043,MARKET RASEN SURGERY,E01026375,ALL,1
GP_PRAC_PAT_LIST,01/07/2026,C83043,MARKET RASEN SURGERY,E01026376,ALL,1
GP_PRAC_PAT_LIST,01/07/2026,C83043,MARKET RASEN SURGERY,E01026377,ALL,2
GP_PRAC_PAT_LIST,01/07/2026,C83043,MARKET RASEN SURGERY,E01026384,ALL,1
GP_PRAC_PAT_LIST,01/07/2026,C83043,MARKET RASEN SURGERY,E01026385,ALL,1
GP_PRAC_PAT_LIST,01/07/2026,C83043,MARKET RASEN SURGERY,E01026386,ALL,2
GP_PRAC_PAT_LIST,01/07/2026,C83043,MARKET RASEN SURGERY,E01026387,ALL,61
GP_PRAC_PAT_LIST,01/07/2026,C83043,MARKET RASEN SURGERY,E01026389,ALL,1769
GP_PRAC_PAT_LIST,01/07/2026,C83043,MARKET RASEN SURGERY,E01026390,ALL,1781
GP_PRAC_PAT_LIST,01/07/2026,C83043,MARKET RASEN SURGERY,E01026391,ALL,1935
GP_PRAC_PAT_LIST,01/07/2026,C83043,MARKET RASEN SURGERY,E01026392,ALL,2989
GP_PRAC_PAT_LIST,01/07/2026,C83043,MARKET RASEN SURGERY,E01026394,ALL,2
GP_PRAC_PAT_LIST,01/07/2026,C83043,MARKET RASEN SURGERY,E01026399,ALL,5
GP_PRAC_PAT_LIST,01/07/2026,C83043,MARKET RASEN SURGERY,E01026402,ALL,1
GP_PRAC_PAT_LIST,01/07/2026,C83043,MARKET RASEN SURGERY,E01026411,ALL,322
GP_PRAC_PAT_LIST,01/07/2026,C83043,MARKET RASEN SURGERY,E01026412,ALL,7
GP_PRAC_PAT_LIST,01/07/2026,C83043,MARKET RASEN SURGERY,E01026414,ALL,552
GP_PRAC_PAT_LIST,01/07/2026,C83043,MARKET RASEN SURGERY,E01026415,ALL,51
GP_PRAC_PAT_LIST,01/07/2026,C83043,MARKET RASEN SURGERY,E01026416,ALL,370
GP_PRAC_PAT_LIST,01/07/2026,C83043,MARKET RASEN SURGERY,E01026875,ALL,1
GP_PRAC_PAT_LIST,01/07/2026,C83043,MARKET RASEN SURGERY,E01027777,ALL,1
GP_PRAC_PAT_LIST,01/07/2026,C83043,MARKET RASEN SURGERY,E01028012,ALL,1
GP_PRAC_PAT_LIST,01/07/2026,C83043,MARKET RASEN SURGERY,E01029725,ALL,1
GP_PRAC_PAT_LIST,01/07/2026,C83043,MARKET RASEN SURGERY,E01030678,ALL,1
GP_PRAC_PAT_LIST,01/07/2026,C83043,MARKET RASEN SURGERY,E01031168,ALL,1
GP_PRAC_PAT_LIST,01/07/2026,C83043,MARKET RASEN SURGERY,E01032396,ALL,1
GP_PRAC_PAT_LIST,01/07/2026,C83043,MARKET RASEN SURGERY,E01032986,ALL,1
GP_PRAC_PAT_LIST,01/07/2026,C83043,MARKET RASEN SURGERY,E01033414,ALL,1
GP_PRAC_PAT_LIST,01/07/2026,C83043,MARKET RASEN SURGERY,E01034692,ALL,1
GP_PRAC_PAT_LIST,01/07/2026,C83043,MARKET RASEN SURGERY,EMPTY,ALL,3
GP_PRAC_PAT_LIST,01/07/2026,C83043,MARKET RASEN SURGERY,S01014104,ALL,1
GP_PRAC_PAT_LIST,01/07/2026,C83044,CASKGATE STREET SURGERY,CLOSED,ALL,9
GP_PRAC_PAT_LIST,01/07/2026,C83044,CASKGATE STREET SURGERY,E01001870,ALL,1
GP_PRAC_PAT_LIST,01/07/2026,C83044,CASKGATE STREET SURGERY,E01011385,ALL,1
GP_PRAC_PAT_LIST,01/07/2026,C83044,CASKGATE STREET SURGERY,E01011936,ALL,1
GP_PRAC_PAT_LIST,01/07/2026,C83044,CASKGATE STREET SURGERY,E01013138,ALL,1
GP_PRAC_PAT_LIST,01/07/2026,C83044,CASKGATE STREET SURGERY,E01013239,ALL,1
GP_PRAC_PAT_LIST,01/07/2026,C83044,CASKGATE STREET SURGERY,E01013313,ALL,1
GP_PRAC_PAT_LIST,01/07/2026,C83044,CASKGATE STREET SURGERY,E01015661,ALL,1
GP_PRAC_PAT_LIST,01/07/2026,C83044,CASKGATE STREET SURGERY,E01016874,ALL,1
GP_PRAC_PAT_LIST,01/07/2026,C83044,CASKGATE STREET SURGERY,E01018077,ALL,1
GP_PRAC_PAT_LIST,01/07/2026,C83044,CASKGATE STREET SURGERY,E01019557,ALL,1
GP_PRAC_PAT_LIST,01/07/2026,C83044,CASKGATE STREET SURGERY,E01024908,ALL,1
GP_PRAC_PAT_LIST,01/07/2026,C83044,CASKGATE STREET SURGERY,E01026124,ALL,1
GP_PRAC_PAT_LIST,01/07/2026,C83044,CASKGATE STREET SURGERY,E01026125,ALL,1
GP_PRAC_PAT_LIST,01/07/2026,C83044,CASKGATE STREET SURGERY,E01026132,ALL,6
GP_PRAC_PAT_LIST,01/07/2026,C83044,CASKGATE STREET SURGERY,E01026144,ALL,1
GP_PRAC_PAT_LIST,01/07/2026,C83044,CASKGATE STREET SURGERY,E01026172,ALL,1
GP_PRAC_PAT_LIST,01/07/2026,C83044,CASKGATE STREET SURGERY,E01026177,ALL,1
GP_PRAC_PAT_LIST,01/07/2026,C83044,CASKGATE STREET SURGERY,E01026245,ALL,1
GP_PRAC_PAT_LIST,01/07/2026,C83044,CASKGATE STREET SURGERY,E01026272,ALL,1
GP_PRAC_PAT_LIST,01/07/2026,C83044,CASKGATE STREET SURGERY,E01026276,ALL,1
GP_PRAC_PAT_LIST,01/07/2026,C83044,CASKGATE STREET SURGERY,E01026374,ALL,888
GP_PRAC_PAT_LIST,01/07/2026,C83044,CASKGATE STREET SURGERY,E01026375,ALL,1162
GP_PRAC_PAT_LIST,01/07/2026,C83044,CASKGATE STREET SURGERY,E01026376,ALL,845
GP_PRAC_PAT_LIST,01/07/2026,C83044,CASKGATE STREET SURGERY,E01026377,ALL,1023
GP_PRAC_PAT_LIST,01/07/2026,C83044,CASKGATE STREET SURGERY,E01026378,ALL,881
GP_PRAC_PAT_LIST,01/07/2026,C83044,CASKGATE STREET SURGERY,E01026379,ALL,938
GP_PRAC_PAT_LIST,01/07/2026,C83044,CASKGATE STREET SURGERY,E01026380,ALL,1260
GP_PRAC_PAT_LIST,01/07/2026,C83044,CASKGATE STREET SURGERY,E01026381,ALL,672
GP_PRAC_PAT_LIST,01/07/2026,C83044,CASKGATE STREET SURGERY,E01026382,ALL,1441
GP_PRAC_PAT_LIST,01/07/2026,C83044,CASKGATE STREET SURGERY,E01026383,ALL,1049
GP_PRAC_PAT_LIST,01/07/2026,C83044,CASKGATE STREET SURGERY,E01026384,ALL,1371
GP_PRAC_PAT_LIST,01/07/2026,C83044,CASKGATE STREET SURGERY,E01026385,ALL,20
GP_PRAC_PAT_LIST,01/07/2026,C83044,CASKGATE STREET SURGERY,E01026388,ALL,251
GP_PRAC_PAT_LIST,01/07/2026,C83044,CASKGATE STREET SURGERY,E01026402,ALL,1
GP_PRAC_PAT_LIST,01/07/2026,C83044,CASKGATE STREET SURGERY,E01026403,ALL,34
GP_PRAC_PAT_LIST,01/07/2026,C83044,CASKGATE STREET SURGERY,E01026407,ALL,97
GP_PRAC_PAT_LIST,01/07/2026,C83044,CASKGATE STREET SURGERY,E01026408,ALL,498
GP_PRAC_PAT_LIST,01/07/2026,C83044,CASKGATE STREET SURGERY,E01026410,ALL,11
GP_PRAC_PAT_LIST,01/07/2026,C83044,CASKGATE STREET SURGERY,E01026411,ALL,1
GP_PRAC_PAT_LIST,01/07/2026,C83044,CASKGATE STREET SURGERY,E01026414,ALL,1
GP_PRAC_PAT_LIST,01/07/2026,C83044,CASKGATE STREET SURGERY,E01027999,ALL,67
GP_PRAC_PAT_LIST,01/07/2026,C83044,CASKGATE STREET SURGERY,E01028001,ALL,1
GP_PRAC_PAT_LIST,01/07/2026,C83044,CASKGATE STREET SURGERY,E01028015,ALL,1
GP_PRAC_PAT_LIST,01/07/2026,C83044,CASKGATE STREET SURGERY,E01028023,ALL,4
GP_PRAC_PAT_LIST,01/07/2026,C83044,CASKGATE STREET SURGERY,E01028027,ALL,1
GP_PRAC_PAT_LIST,01/07/2026,C83044,CASKGATE STREET SURGERY,E01028032,ALL,1
GP_PRAC_PAT_LIST,01/07/2026,C83044,CASKGATE STREET SURGERY,E01028033,ALL,1
GP_PRAC_PAT_LIST,01/07/2026,C83044,CASKGATE STREET SURGERY,E01028035,ALL,4
GP_PRAC_PAT_LIST,01/07/2026,C83044,CASKGATE STREET SURGERY,E01028037,ALL,1
GP_PRAC_PAT_LIST,01/07/2026,C83044,CASKGATE STREET SURGERY,E01028066,ALL,1
GP_PRAC_PAT_LIST,01/07/2026,C83044,CASKGATE STREET SURGERY,E01030299,ALL,1
GP_PRAC_PAT_LIST,01/07/2026,C83044,CASKGATE STREET SURGERY,E01033197,ALL,1
GP_PRAC_PAT_LIST,01/07/2026,C83044,CASKGATE STREET SURGERY,E01034706,ALL,1
GP_PRAC_PAT_LIST,01/07/2026,C83044,CASKGATE STREET SURGERY,EMPTY,ALL,5
GP_PRAC_PAT_LIST,01/07/2026,C83045,HAWTHORN MEDICAL PRACTICE,CLOSED,ALL,1
GP_PRAC_PAT_LIST,01/07/2026,C83045,HAWTHORN MEDICAL PRACTICE,E01002017,ALL,1
GP_PRAC_PAT_LIST,01/07/2026,C83045,HAWTHORN MEDICAL PRACTICE,E01002410,ALL,1
GP_PRAC_PAT_LIST,01/07/2026,C83045,HAWTHORN MEDICAL PRACTICE,E01005263,ALL,1
GP_PRAC_PAT_LIST,01/07/2026,C83045,HAWTHORN MEDICAL PRACTICE,E01009697,ALL,1
GP_PRAC_PAT_LIST,01/07/2026,C83045,HAWTHORN MEDICAL PRACTICE,E01010184,ALL,1
GP_PRAC_PAT_LIST,01/07/2026,C83045,HAWTHORN MEDICAL PRACTICE,E01011153,ALL,1
GP_PRAC_PAT_LIST,01/07/2026,C83045,HAWTHORN MEDICAL PRACTICE,E01012934,ALL,1
GP_PRAC_PAT_LIST,01/07/2026,C83045,HAWTHORN MEDICAL PRACTICE,E01013208,ALL,1
GP_PRAC_PAT_LIST,01/07/2026,C83045,HAWTHORN MEDICAL PRACTICE,E01013460,ALL,1
GP_PRAC_PAT_LIST,01/07/2026,C83045,HAWTHORN MEDICAL PRACTICE,E01013531,ALL,1
GP_PRAC_PAT_LIST,01/07/2026,C83045,HAWTHORN MEDICAL PRACTICE,E01013682,ALL,1
GP_PRAC_PAT_LIST,01/07/2026,C83045,HAWTHORN MEDICAL PRACTICE,E01013814,ALL,1
GP_PRAC_PAT_LIST,01/07/2026,C83045,HAWTHORN MEDICAL PRACTICE,E01013962,ALL,1
GP_PRAC_PAT_LIST,01/07/2026,C83045,HAWTHORN MEDICAL PRACTICE,E01015044,ALL,1
GP_PRAC_PAT_LIST,01/07/2026,C83045,HAWTHORN MEDICAL PRACTICE,E01015612,ALL,1
GP_PRAC_PAT_LIST,01/07/2026,C83045,HAWTHORN MEDICAL PRACTICE,E01015661,ALL,2
GP_PRAC_PAT_LIST,01/07/2026,C83045,HAWTHORN MEDICAL PRACTICE,E01015688,ALL,1
GP_PRAC_PAT_LIST,01/07/2026,C83045,HAWTHORN MEDICAL PRACTICE,E01016039,ALL,1
GP_PRAC_PAT_LIST,01/07/2026,C83045,HAWTHORN MEDICAL PRACTICE,E01016838,ALL,1
GP_PRAC_PAT_LIST,01/07/2026,C83045,HAWTHORN MEDICAL PRACTICE,E01018060,ALL,1
GP_PRAC_PAT_LIST,01/07/2026,C83045,HAWTHORN MEDICAL PRACTICE,E01019416,ALL,1
GP_PRAC_PAT_LIST,01/07/2026,C83045,HAWTHORN MEDICAL PRACTICE,E01019612,ALL,1
GP_PRAC_PAT_LIST,01/07/2026,C83045,HAWTHORN MEDICAL PRACTICE,E01019658,ALL,1
GP_PRAC_PAT_LIST,01/07/2026,C83045,HAWTHORN MEDICAL PRACTICE,E01019662,ALL,1
GP_PRAC_PAT_LIST,01/07/2026,C83045,HAWTHORN MEDICAL PRACTICE,E01019852,ALL,1
GP_PRAC_PAT_LIST,01/07/2026,C83045,HAWTHORN MEDICAL PRACTICE,E01023685,ALL,1
GP_PRAC_PAT_LIST,01/07/2026,C83045,HAWTHORN MEDICAL PRACTICE,E01023688,ALL,1
GP_PRAC_PAT_LIST,01/07/2026,C83045,HAWTHORN MEDICAL PRACTICE,E01024600,ALL,1
GP_PRAC_PAT_LIST,01/07/2026,C83045,HAWTHORN MEDICAL PRACTICE,E01026013,ALL,1
GP_PRAC_PAT_LIST,01/07/2026,C83045,HAWTHORN MEDICAL PRACTICE,E01026020,ALL,1
GP_PRAC_PAT_LIST,01/07/2026,C83045,HAWTHORN MEDICAL PRACTICE,E01026023,ALL,4
GP_PRAC_PAT_LIST,01/07/2026,C83045,HAWTHORN MEDICAL PRACTICE,E01026024,ALL,2
GP_PRAC_PAT_LIST,01/07/2026,C83045,HAWTHORN MEDICAL PRACTICE,E01026043,ALL,2
GP_PRAC_PAT_LIST,01/07/2026,C83045,HAWTHORN MEDICAL PRACTICE,E01026046,ALL,1122
GP_PRAC_PAT_LIST,01/07/2026,C83045,HAWTHORN MEDICAL PRACTICE,E01026047,ALL,976
GP_PRAC_PAT_LIST,01/07/2026,C83045,HAWTHORN MEDICAL PRACTICE,E01026048,ALL,5
GP_PRAC_PAT_LIST,01/07/2026,C83045,HAWTHORN MEDICAL PRACTICE,E01026049,ALL,6
GP_PRAC_PAT_LIST,01/07/2026,C83045,HAWTHORN MEDICAL PRACTICE,E01026055,ALL,199
GP_PRAC_PAT_LIST,01/07/2026,C83045,HAWTHORN MEDICAL PRACTICE,E01026056,ALL,927
GP_PRAC_PAT_LIST,01/07/2026,C83045,HAWTHORN MEDICAL PRACTICE,E01026059,ALL,2
GP_PRAC_PAT_LIST,01/07/2026,C83045,HAWTHORN MEDICAL PRACTICE,E01026067,ALL,3
GP_PRAC_PAT_LIST,01/07/2026,C83045,HAWTHORN MEDICAL PRACTICE,E01026068,ALL,7
GP_PRAC_PAT_LIST,01/07/2026,C83045,HAWTHORN MEDICAL PRACTICE,E01026069,ALL,42
GP_PRAC_PAT_LIST,01/07/2026,C83045,HAWTHORN MEDICAL PRACTICE,E01026070,ALL,1
GP_PRAC_PAT_LIST,01/07/2026,C83045,HAWTHORN MEDICAL PRACTICE,E01026072,ALL,2
GP_PRAC_PAT_LIST,01/07/2026,C83045,HAWTHORN MEDICAL PRACTICE,E01026073,ALL,1
GP_PRAC_PAT_LIST,01/07/2026,C83045,HAWTHORN MEDICAL PRACTICE,E01026074,ALL,1
GP_PRAC_PAT_LIST,01/07/2026,C83045,HAWTHORN MEDICAL PRACTICE,E01026078,ALL,1
GP_PRAC_PAT_LIST,01/07/2026,C83045,HAWTHORN MEDICAL PRACTICE,E01026079,ALL,1
GP_PRAC_PAT_LIST,01/07/2026,C83045,HAWTHORN MEDICAL PRACTICE,E01026081,ALL,1
GP_PRAC_PAT_LIST,01/07/2026,C83045,HAWTHORN MEDICAL PRACTICE,E01026083,ALL,784
GP_PRAC_PAT_LIST,01/07/2026,C83045,HAWTHORN MEDICAL PRACTICE,E01026084,ALL,643
GP_PRAC_PAT_LIST,01/07/2026,C83045,HAWTHORN MEDICAL PRACTICE,E01026087,ALL,4
GP_PRAC_PAT_LIST,01/07/2026,C83045,HAWTHORN MEDICAL PRACTICE,E01026092,ALL,886
GP_PRAC_PAT_LIST,01/07/2026,C83045,HAWTHORN MEDICAL PRACTICE,E01026093,ALL,1049
GP_PRAC_PAT_LIST,01/07/2026,C83045,HAWTHORN MEDICAL PRACTICE,E01026094,ALL,1435
GP_PRAC_PAT_LIST,01/07/2026,C83045,HAWTHORN MEDICAL PRACTICE,E01026095,ALL,766
GP_PRAC_PAT_LIST,01/07/2026,C83045,HAWTHORN MEDICAL PRACTICE,E01026096,ALL,891
GP_PRAC_PAT_LIST,01/07/2026,C83045,HAWTHORN MEDICAL PRACTICE,E01026097,ALL,841
GP_PRAC_PAT_LIST,01/07/2026,C83045,HAWTHORN MEDICAL PRACTICE,E01026098,ALL,1
GP_PRAC_PAT_LIST,01/07/2026,C83045,HAWTHORN MEDICAL PRACTICE,E01026100,ALL,2
GP_PRAC_PAT_LIST,01/07/2026,C83045,HAWTHORN MEDICAL PRACTICE,E01026101,ALL,2
GP_PRAC_PAT_LIST,01/07/2026,C83045,HAWTHORN MEDICAL PRACTICE,E01026106,ALL,1
GP_PRAC_PAT_LIST,01/07/2026,C83045,HAWTHORN MEDICAL PRACTICE,E01026110,ALL,1121
GP_PRAC_PAT_LIST,01/07/2026,C83045,HAWTHORN MEDICAL PRACTICE,E01026111,ALL,518
GP_PRAC_PAT_LIST,01/07/2026,C83045,HAWTHORN MEDICAL PRACTICE,E01026112,ALL,921
GP_PRAC_PAT_LIST,01/07/2026,C83045,HAWTHORN MEDICAL PRACTICE,E01026113,ALL,323
GP_PRAC_PAT_LIST,01/07/2026,C83045,HAWTHORN MEDICAL PRACTICE,E01026114,ALL,778
GP_PRAC_PAT_LIST,01/07/2026,C83045,HAWTHORN MEDICAL PRACTICE,E01026115,ALL,580
GP_PRAC_PAT_LIST,01/07/2026,C83045,HAWTHORN MEDICAL PRACTICE,E01026116,ALL,710
GP_PRAC_PAT_LIST,01/07/2026,C83045,HAWTHORN MEDICAL PRACTICE,E01026117,ALL,1
GP_PRAC_PAT_LIST,01/07/2026,C83045,HAWTHORN MEDICAL PRACTICE,E01026134,ALL,1
GP_PRAC_PAT_LIST,01/07/2026,C83045,HAWTHORN MEDICAL PRACTICE,E01026146,ALL,1
GP_PRAC_PAT_LIST,01/07/2026,C83045,HAWTHORN MEDICAL PRACTICE,E01026275,ALL,1
GP_PRAC_PAT_LIST,01/07/2026,C83045,HAWTHORN MEDICAL PRACTICE,E01026317,ALL,1
GP_PRAC_PAT_LIST,01/07/2026,C83045,HAWTHORN MEDICAL PRACTICE,E01026391,ALL,1
GP_PRAC_PAT_LIST,01/07/2026,C83045,HAWTHORN MEDICAL PRACTICE,E01026392,ALL,1
GP_PRAC_PAT_LIST,01/07/2026,C83045,HAWTHORN MEDICAL PRACTICE,E01026716,ALL,1
GP_PRAC_PAT_LIST,01/07/2026,C83045,HAWTHORN MEDICAL PRACTICE,E01027012,ALL,1
GP_PRAC_PAT_LIST,01/07/2026,C83045,HAWTHORN MEDICAL PRACTICE,E01027956,ALL,1
GP_PRAC_PAT_LIST,01/07/2026,C83045,HAWTHORN MEDICAL PRACTICE,E01027999,ALL,1
GP_PRAC_PAT_LIST,01/07/2026,C83045,HAWTHORN MEDICAL PRACTICE,E01028689,ALL,1
GP_PRAC_PAT_LIST,01/07/2026,C83045,HAWTHORN MEDICAL PRACTICE,E01029756,ALL,1
GP_PRAC_PAT_LIST,01/07/2026,C83045,HAWTHORN MEDICAL PRACTICE,E01030076,ALL,1
GP_PRAC_PAT_LIST,01/07/2026,C83045,HAWTHORN MEDICAL PRACTICE,E01031010,ALL,1
GP_PRAC_PAT_LIST,01/07/2026,C83045,HAWTHORN MEDICAL PRACTICE,E01031169,ALL,1
GP_PRAC_PAT_LIST,01/07/2026,C83045,HAWTHORN MEDICAL PRACTICE,E01032063,ALL,1
GP_PRAC_PAT_LIST,01/07/2026,C83045,HAWTHORN MEDICAL PRACTICE,E01032986,ALL,1
GP_PRAC_PAT_LIST,01/07/2026,C83045,HAWTHORN MEDICAL PRACTICE,E01034590,ALL,1
GP_PRAC_PAT_LIST,01/07/2026,C83045,HAWTHORN MEDICAL PRACTICE,E01034682,ALL,1
GP_PRAC_PAT_LIST,01/07/2026,C83045,HAWTHORN MEDICAL PRACTICE,E01034685,ALL,425
GP_PRAC_PAT_LIST,01/07/2026,C83045,HAWTHORN MEDICAL PRACTICE,E01034686,ALL,643
GP_PRAC_PAT_LIST,01/07/2026,C83045,HAWTHORN MEDICAL PRACTICE,E01035473,ALL,1
GP_PRAC_PAT_LIST,01/07/2026,C83045,HAWTHORN MEDICAL PRACTICE,E01035506,ALL,1
GP_PRAC_PAT_LIST,01/07/2026,C83045,HAWTHORN MEDICAL PRACTICE,E01035533,ALL,1
GP_PRAC_PAT_LIST,01/07/2026,C83045,HAWTHORN MEDICAL PRACTICE,EMPTY,ALL,10
GP_PRAC_PAT_LIST,01/07/2026,C83045,HAWTHORN MEDICAL PRACTICE,S01016174,ALL,1
GP_PRAC_PAT_LIST,01/07/2026,C83046,THE HEATH SURGERY,CLOSED,ALL,1
GP_PRAC_PAT_LIST,01/07/2026,C83046,THE HEATH SURGERY,E01000102,ALL,1
GP_PRAC_PAT_LIST,01/07/2026,C83046,THE HEATH SURGERY,E01001934,ALL,1
GP_PRAC_PAT_LIST,01/07/2026,C83046,THE HEATH SURGERY,E01005350,ALL,1
GP_PRAC_PAT_LIST,01/07/2026,C83046,THE HEATH SURGERY,E01013734,ALL,1
GP_PRAC_PAT_LIST,01/07/2026,C83046,THE HEATH SURGERY,E01024471,ALL,1
GP_PRAC_PAT_LIST,01/07/2026,C83046,THE HEATH SURGERY,E01026108,ALL,1
GP_PRAC_PAT_LIST,01/07/2026,C83046,THE HEATH SURGERY,E01026122,ALL,1
GP_PRAC_PAT_LIST,01/07/2026,C83046,THE HEATH SURGERY,E01026130,ALL,6
GP_PRAC_PAT_LIST,01/07/2026,C83046,THE HEATH SURGERY,E01026132,ALL,14
GP_PRAC_PAT_LIST,01/07/2026,C83046,THE HEATH SURGERY,E01026134,ALL,226
GP_PRAC_PAT_LIST,01/07/2026,C83046,THE HEATH SURGERY,E01026135,ALL,29
GP_PRAC_PAT_LIST,01/07/2026,C83046,THE HEATH SURGERY,E01026136,ALL,8
GP_PRAC_PAT_LIST,01/07/2026,C83046,THE HEATH SURGERY,E01026137,ALL,17
GP_PRAC_PAT_LIST,01/07/2026,C83046,THE HEATH SURGERY,E01026138,ALL,15
GP_PRAC_PAT_LIST,01/07/2026,C83046,THE HEATH SURGERY,E01026139,ALL,12
GP_PRAC_PAT_LIST,01/07/2026,C83046,THE HEATH SURGERY,E01026140,ALL,8
GP_PRAC_PAT_LIST,01/07/2026,C83046,THE HEATH SURGERY,E01026141,ALL,6
GP_PRAC_PAT_LIST,01/07/2026,C83046,THE HEATH SURGERY,E01026142,ALL,23
GP_PRAC_PAT_LIST,01/07/2026,C83046,THE HEATH SURGERY,E01026144,ALL,2
GP_PRAC_PAT_LIST,01/07/2026,C83046,THE HEATH SURGERY,E01026146,ALL,1
GP_PRAC_PAT_LIST,01/07/2026,C83046,THE HEATH SURGERY,E01026148,ALL,1
GP_PRAC_PAT_LIST,01/07/2026,C83046,THE HEATH SURGERY,E01026153,ALL,5
GP_PRAC_PAT_LIST,01/07/2026,C83046,THE HEATH SURGERY,E01026155,ALL,1
GP_PRAC_PAT_LIST,01/07/2026,C83046,THE HEATH SURGERY,E01026162,ALL,3
GP_PRAC_PAT_LIST,01/07/2026,C83046,THE HEATH SURGERY,E01026168,ALL,1
GP_PRAC_PAT_LIST,01/07/2026,C83046,THE HEATH SURGERY,E01026169,ALL,12
GP_PRAC_PAT_LIST,01/07/2026,C83046,THE HEATH SURGERY,E01026170,ALL,12
GP_PRAC_PAT_LIST,01/07/2026,C83046,THE HEATH SURGERY,E01026171,ALL,4
GP_PRAC_PAT_LIST,01/07/2026,C83046,THE HEATH SURGERY,E01026172,ALL,4
GP_PRAC_PAT_LIST,01/07/2026,C83046,THE HEATH SURGERY,E01026173,ALL,4
GP_PRAC_PAT_LIST,01/07/2026,C83046,THE HEATH SURGERY,E01026174,ALL,234
GP_PRAC_PAT_LIST,01/07/2026,C83046,THE HEATH SURGERY,E01026175,ALL,131
GP_PRAC_PAT_LIST,01/07/2026,C83046,THE HEATH SURGERY,E01026176,ALL,7
GP_PRAC_PAT_LIST,01/07/2026,C83046,THE HEATH SURGERY,E01026177,ALL,14
GP_PRAC_PAT_LIST,01/07/2026,C83046,THE HEATH SURGERY,E01026178,ALL,107
GP_PRAC_PAT_LIST,01/07/2026,C83046,THE HEATH SURGERY,E01026184,ALL,25
GP_PRAC_PAT_LIST,01/07/2026,C83046,THE HEATH SURGERY,E01026185,ALL,29
GP_PRAC_PAT_LIST,01/07/2026,C83046,THE HEATH SURGERY,E01026186,ALL,1393
GP_PRAC_PAT_LIST,01/07/2026,C83046,THE HEATH SURGERY,E01026187,ALL,1394
GP_PRAC_PAT_LIST,01/07/2026,C83046,THE HEATH SURGERY,E01026188,ALL,1777
GP_PRAC_PAT_LIST,01/07/2026,C83046,THE HEATH SURGERY,E01026189,ALL,4
GP_PRAC_PAT_LIST,01/07/2026,C83046,THE HEATH SURGERY,E01026190,ALL,20
GP_PRAC_PAT_LIST,01/07/2026,C83046,THE HEATH SURGERY,E01026191,ALL,7
GP_PRAC_PAT_LIST,01/07/2026,C83046,THE HEATH SURGERY,E01026194,ALL,1
GP_PRAC_PAT_LIST,01/07/2026,C83046,THE HEATH SURGERY,E01026195,ALL,12
GP_PRAC_PAT_LIST,01/07/2026,C83046,THE HEATH SURGERY,E01026199,ALL,2
GP_PRAC_PAT_LIST,01/07/2026,C83046,THE HEATH SURGERY,E01026203,ALL,305
GP_PRAC_PAT_LIST,01/07/2026,C83046,THE HEATH SURGERY,E01026204,ALL,1
GP_PRAC_PAT_LIST,01/07/2026,C83046,THE HEATH SURGERY,E01026205,ALL,5
GP_PRAC_PAT_LIST,01/07/2026,C83046,THE HEATH SURGERY,E01026211,ALL,3
GP_PRAC_PAT_LIST,01/07/2026,C83046,THE HEATH SURGERY,E01026214,ALL,3
GP_PRAC_PAT_LIST,01/07/2026,C83046,THE HEATH SURGERY,E01026215,ALL,2
GP_PRAC_PAT_LIST,01/07/2026,C83046,THE HEATH SURGERY,E01026218,ALL,6
GP_PRAC_PAT_LIST,01/07/2026,C83046,THE HEATH SURGERY,E01026219,ALL,4
GP_PRAC_PAT_LIST,01/07/2026,C83046,THE HEATH SURGERY,E01026220,ALL,9
GP_PRAC_PAT_LIST,01/07/2026,C83046,THE HEATH SURGERY,E01026237,ALL,22
GP_PRAC_PAT_LIST,01/07/2026,C83046,THE HEATH SURGERY,E01026238,ALL,23
GP_PRAC_PAT_LIST,01/07/2026,C83046,THE HEATH SURGERY,E01026367,ALL,1
GP_PRAC_PAT_LIST,01/07/2026,C83046,THE HEATH SURGERY,E01026405,ALL,3
GP_PRAC_PAT_LIST,01/07/2026,C83046,THE HEATH SURGERY,E01028050,ALL,1
GP_PRAC_PAT_LIST,01/07/2026,C83046,THE HEATH SURGERY,E01028293,ALL,1
GP_PRAC_PAT_LIST,01/07/2026,C83046,THE HEATH SURGERY,E01032988,ALL,3
GP_PRAC_PAT_LIST,01/07/2026,C83046,THE HEATH SURGERY,E01032989,ALL,5
GP_PRAC_PAT_LIST,01/07/2026,C83046,THE HEATH SURGERY,E01032991,ALL,15
GP_PRAC_PAT_LIST,01/07/2026,C83046,THE HEATH SURGERY,E01032992,ALL,2
GP_PRAC_PAT_LIST,01/07/2026,C83046,THE HEATH SURGERY,E01032993,ALL,12
GP_PRAC_PAT_LIST,01/07/2026,C83046,THE HEATH SURGERY,E01034687,ALL,1
GP_PRAC_PAT_LIST,01/07/2026,C83046,THE HEATH SURGERY,E01034691,ALL,2
GP_PRAC_PAT_LIST,01/07/2026,C83046,THE HEATH SURGERY,E01034692,ALL,58
GP_PRAC_PAT_LIST,01/07/2026,C83046,THE HEATH SURGERY,EMPTY,ALL,3
GP_PRAC_PAT_LIST,01/07/2026,C83048,ST. JOHNS MEDICAL CENTRE,CLOSED,ALL,2
GP_PRAC_PAT_LIST,01/07/2026,C83048,ST. JOHNS MEDICAL CENTRE,E01003326,ALL,1
GP_PRAC_PAT_LIST,01/07/2026,C83048,ST. JOHNS MEDICAL CENTRE,E01003908,ALL,1
GP_PRAC_PAT_LIST,01/07/2026,C83048,ST. JOHNS MEDICAL CENTRE,E01004205,ALL,1
GP_PRAC_PAT_LIST,01/07/2026,C83048,ST. JOHNS MEDICAL CENTRE,E01007529,ALL,1
GP_PRAC_PAT_LIST,01/07/2026,C83048,ST. JOHNS MEDICAL CENTRE,E01007579,ALL,1
GP_PRAC_PAT_LIST,01/07/2026,C83048,ST. JOHNS MEDICAL CENTRE,E01012523,ALL,1
GP_PRAC_PAT_LIST,01/07/2026,C83048,ST. JOHNS MEDICAL CENTRE,E01013068,ALL,1
GP_PRAC_PAT_LIST,01/07/2026,C83048,ST. JOHNS MEDICAL CENTRE,E01013180,ALL,1
GP_PRAC_PAT_LIST,01/07/2026,C83048,ST. JOHNS MEDICAL CENTRE,E01013368,ALL,1
GP_PRAC_PAT_LIST,01/07/2026,C83048,ST. JOHNS MEDICAL CENTRE,E01013460,ALL,1
GP_PRAC_PAT_LIST,01/07/2026,C83048,ST. JOHNS MEDICAL CENTRE,E01013940,ALL,1
GP_PRAC_PAT_LIST,01/07/2026,C83048,ST. JOHNS MEDICAL CENTRE,E01013943,ALL,1
GP_PRAC_PAT_LIST,01/07/2026,C83048,ST. JOHNS MEDICAL CENTRE,E01014010,ALL,1
GP_PRAC_PAT_LIST,01/07/2026,C83048,ST. JOHNS MEDICAL CENTRE,E01017478,ALL,1
GP_PRAC_PAT_LIST,01/07/2026,C83048,ST. JOHNS MEDICAL CENTRE,E01018092,ALL,1
GP_PRAC_PAT_LIST,01/07/2026,C83048,ST. JOHNS MEDICAL CENTRE,E01025185,ALL,1
GP_PRAC_PAT_LIST,01/07/2026,C83048,ST. JOHNS MEDICAL CENTRE,E01025644,ALL,1
GP_PRAC_PAT_LIST,01/07/2026,C83048,ST. JOHNS MEDICAL CENTRE,E01025884,ALL,2
GP_PRAC_PAT_LIST,01/07/2026,C83048,ST. JOHNS MEDICAL CENTRE,E01025885,ALL,4
GP_PRAC_PAT_LIST,01/07/2026,C83048,ST. JOHNS MEDICAL CENTRE,E01025887,ALL,2
GP_PRAC_PAT_LIST,01/07/2026,C83048,ST. JOHNS MEDICAL CENTRE,E01025912,ALL,1
GP_PRAC_PAT_LIST,01/07/2026,C83048,ST. JOHNS MEDICAL CENTRE,E01026125,ALL,3
GP_PRAC_PAT_LIST,01/07/2026,C83048,ST. JOHNS MEDICAL CENTRE,E01026132,ALL,1
GP_PRAC_PAT_LIST,01/07/2026,C83048,ST. JOHNS MEDICAL CENTRE,E01026188,ALL,1
GP_PRAC_PAT_LIST,01/07/2026,C83048,ST. JOHNS MEDICAL CENTRE,E01026225,ALL,1
GP_PRAC_PAT_LIST,01/07/2026,C83048,ST. JOHNS MEDICAL CENTRE,E01026235,ALL,1
GP_PRAC_PAT_LIST,01/07/2026,C83048,ST. JOHNS MEDICAL CENTRE,E01026250,ALL,1
GP_PRAC_PAT_LIST,01/07/2026,C83048,ST. JOHNS MEDICAL CENTRE,E01026251,ALL,1
GP_PRAC_PAT_LIST,01/07/2026,C83048,ST. JOHNS MEDICAL CENTRE,E01026252,ALL,1
GP_PRAC_PAT_LIST,01/07/2026,C83048,ST. JOHNS MEDICAL CENTRE,E01026272,ALL,2
GP_PRAC_PAT_LIST,01/07/2026,C83048,ST. JOHNS MEDICAL CENTRE,E01026290,ALL,1
GP_PRAC_PAT_LIST,01/07/2026,C83048,ST. JOHNS MEDICAL CENTRE,E01026291,ALL,448
GP_PRAC_PAT_LIST,01/07/2026,C83048,ST. JOHNS MEDICAL CENTRE,E01026292,ALL,216
GP_PRAC_PAT_LIST,01/07/2026,C83048,ST. JOHNS MEDICAL CENTRE,E01026293,ALL,396
GP_PRAC_PAT_LIST,01/07/2026,C83048,ST. JOHNS MEDICAL CENTRE,E01026294,ALL,257
GP_PRAC_PAT_LIST,01/07/2026,C83048,ST. JOHNS MEDICAL CENTRE,E01026308,ALL,446
GP_PRAC_PAT_LIST,01/07/2026,C83048,ST. JOHNS MEDICAL CENTRE,E01026309,ALL,357
GP_PRAC_PAT_LIST,01/07/2026,C83048,ST. JOHNS MEDICAL CENTRE,E01026310,ALL,217
GP_PRAC_PAT_LIST,01/07/2026,C83048,ST. JOHNS MEDICAL CENTRE,E01026311,ALL,482
GP_PRAC_PAT_LIST,01/07/2026,C83048,ST. JOHNS MEDICAL CENTRE,E01026312,ALL,353
GP_PRAC_PAT_LIST,01/07/2026,C83048,ST. JOHNS MEDICAL CENTRE,E01026313,ALL,107
GP_PRAC_PAT_LIST,01/07/2026,C83048,ST. JOHNS MEDICAL CENTRE,E01026314,ALL,1
GP_PRAC_PAT_LIST,01/07/2026,C83048,ST. JOHNS MEDICAL CENTRE,E01026315,ALL,111
GP_PRAC_PAT_LIST,01/07/2026,C83048,ST. JOHNS MEDICAL CENTRE,E01026316,ALL,10
GP_PRAC_PAT_LIST,01/07/2026,C83048,ST. JOHNS MEDICAL CENTRE,E01026317,ALL,963
GP_PRAC_PAT_LIST,01/07/2026,C83048,ST. JOHNS MEDICAL CENTRE,E01026318,ALL,951
GP_PRAC_PAT_LIST,01/07/2026,C83048,ST. JOHNS MEDICAL CENTRE,E01026319,ALL,770
GP_PRAC_PAT_LIST,01/07/2026,C83048,ST. JOHNS MEDICAL CENTRE,E01026321,ALL,278
GP_PRAC_PAT_LIST,01/07/2026,C83048,ST. JOHNS MEDICAL CENTRE,E01026322,ALL,373
GP_PRAC_PAT_LIST,01/07/2026,C83048,ST. JOHNS MEDICAL CENTRE,E01026323,ALL,454
GP_PRAC_PAT_LIST,01/07/2026,C83048,ST. JOHNS MEDICAL CENTRE,E01026324,ALL,442
GP_PRAC_PAT_LIST,01/07/2026,C83048,ST. JOHNS MEDICAL CENTRE,E01026325,ALL,355
GP_PRAC_PAT_LIST,01/07/2026,C83048,ST. JOHNS MEDICAL CENTRE,E01026326,ALL,299
GP_PRAC_PAT_LIST,01/07/2026,C83048,ST. JOHNS MEDICAL CENTRE,E01026327,ALL,307
GP_PRAC_PAT_LIST,01/07/2026,C83048,ST. JOHNS MEDICAL CENTRE,E01026328,ALL,325
GP_PRAC_PAT_LIST,01/07/2026,C83048,ST. JOHNS MEDICAL CENTRE,E01026329,ALL,1
GP_PRAC_PAT_LIST,01/07/2026,C83048,ST. JOHNS MEDICAL CENTRE,E01026331,ALL,20
GP_PRAC_PAT_LIST,01/07/2026,C83048,ST. JOHNS MEDICAL CENTRE,E01026332,ALL,85
GP_PRAC_PAT_LIST,01/07/2026,C83048,ST. JOHNS MEDICAL CENTRE,E01026333,ALL,1
GP_PRAC_PAT_LIST,01/07/2026,C83048,ST. JOHNS MEDICAL CENTRE,E01026339,ALL,4
GP_PRAC_PAT_LIST,01/07/2026,C83048,ST. JOHNS MEDICAL CENTRE,E01026340,ALL,434
GP_PRAC_PAT_LIST,01/07/2026,C83048,ST. JOHNS MEDICAL CENTRE,E01026343,ALL,744
GP_PRAC_PAT_LIST,01/07/2026,C83048,ST. JOHNS MEDICAL CENTRE,E01026344,ALL,624
GP_PRAC_PAT_LIST,01/07/2026,C83048,ST. JOHNS MEDICAL CENTRE,E01026345,ALL,414
GP_PRAC_PAT_LIST,01/07/2026,C83048,ST. JOHNS MEDICAL CENTRE,E01026352,ALL,275
GP_PRAC_PAT_LIST,01/07/2026,C83048,ST. JOHNS MEDICAL CENTRE,E01026353,ALL,337
GP_PRAC_PAT_LIST,01/07/2026,C83048,ST. JOHNS MEDICAL CENTRE,E01026354,ALL,264
GP_PRAC_PAT_LIST,01/07/2026,C83048,ST. JOHNS MEDICAL CENTRE,E01026365,ALL,32
GP_PRAC_PAT_LIST,01/07/2026,C83048,ST. JOHNS MEDICAL CENTRE,E01026394,ALL,1
GP_PRAC_PAT_LIST,01/07/2026,C83048,ST. JOHNS MEDICAL CENTRE,E01026644,ALL,2
GP_PRAC_PAT_LIST,01/07/2026,C83048,ST. JOHNS MEDICAL CENTRE,E01028003,ALL,1
GP_PRAC_PAT_LIST,01/07/2026,C83048,ST. JOHNS MEDICAL CENTRE,E01028031,ALL,1
GP_PRAC_PAT_LIST,01/07/2026,C83048,ST. JOHNS MEDICAL CENTRE,E01028291,ALL,1
GP_PRAC_PAT_LIST,01/07/2026,C83048,ST. JOHNS MEDICAL CENTRE,E01028306,ALL,1
GP_PRAC_PAT_LIST,01/07/2026,C83048,ST. JOHNS MEDICAL CENTRE,E01028311,ALL,1
GP_PRAC_PAT_LIST,01/07/2026,C83048,ST. JOHNS MEDICAL CENTRE,E01028323,ALL,1
GP_PRAC_PAT_LIST,01/07/2026,C83048,ST. JOHNS MEDICAL CENTRE,E01028333,ALL,1
GP_PRAC_PAT_LIST,01/07/2026,C83048,ST. JOHNS MEDICAL CENTRE,E01028356,ALL,1
GP_PRAC_PAT_LIST,01/07/2026,C83048,ST. JOHNS MEDICAL CENTRE,E01029456,ALL,1
GP_PRAC_PAT_LIST,01/07/2026,C83048,ST. JOHNS MEDICAL CENTRE,E01030563,ALL,1
GP_PRAC_PAT_LIST,01/07/2026,C83048,ST. JOHNS MEDICAL CENTRE,E01030673,ALL,1
GP_PRAC_PAT_LIST,01/07/2026,C83048,ST. JOHNS MEDICAL CENTRE,E01032993,ALL,1
GP_PRAC_PAT_LIST,01/07/2026,C83048,ST. JOHNS MEDICAL CENTRE,E01033548,ALL,1
GP_PRAC_PAT_LIST,01/07/2026,C83048,ST. JOHNS MEDICAL CENTRE,E01033783,ALL,1
GP_PRAC_PAT_LIST,01/07/2026,C83048,ST. JOHNS MEDICAL CENTRE,E01034404,ALL,1
GP_PRAC_PAT_LIST,01/07/2026,C83048,ST. JOHNS MEDICAL CENTRE,E01034701,ALL,385
GP_PRAC_PAT_LIST,01/07/2026,C83048,ST. JOHNS MEDICAL CENTRE,E01034702,ALL,447
GP_PRAC_PAT_LIST,01/07/2026,C83048,ST. JOHNS MEDICAL CENTRE,E01034705,ALL,1
GP_PRAC_PAT_LIST,01/07/2026,C83048,ST. JOHNS MEDICAL CENTRE,EMPTY,ALL,23
GP_PRAC_PAT_LIST,01/07/2026,C83049,DR SINHA & PARTNERS,CLOSED,ALL,2
GP_PRAC_PAT_LIST,01/07/2026,C83049,DR SINHA & PARTNERS,E01001425,ALL,1
GP_PRAC_PAT_LIST,01/07/2026,C83049,DR SINHA & PARTNERS,E01001600,ALL,1
GP_PRAC_PAT_LIST,01/07/2026,C83049,DR SINHA & PARTNERS,E01001983,ALL,1
GP_PRAC_PAT_LIST,01/07/2026,C83049,DR SINHA & PARTNERS,E01007973,ALL,1
GP_PRAC_PAT_LIST,01/07/2026,C83049,DR SINHA & PARTNERS,E01013542,ALL,1
GP_PRAC_PAT_LIST,01/07/2026,C83049,DR SINHA & PARTNERS,E01014008,ALL,1
GP_PRAC_PAT_LIST,01/07/2026,C83049,DR SINHA & PARTNERS,E01014027,ALL,1
GP_PRAC_PAT_LIST,01/07/2026,C83049,DR SINHA & PARTNERS,E01015624,ALL,1
GP_PRAC_PAT_LIST,01/07/2026,C83049,DR SINHA & PARTNERS,E01015650,ALL,1
GP_PRAC_PAT_LIST,01/07/2026,C83049,DR SINHA & PARTNERS,E01018047,ALL,1
GP_PRAC_PAT_LIST,01/07/2026,C83049,DR SINHA & PARTNERS,E01024372,ALL,1
GP_PRAC_PAT_LIST,01/07/2026,C83049,DR SINHA & PARTNERS,E01024556,ALL,1
GP_PRAC_PAT_LIST,01/07/2026,C83049,DR SINHA & PARTNERS,E01024896,ALL,1
GP_PRAC_PAT_LIST,01/07/2026,C83049,DR SINHA & PARTNERS,E01026007,ALL,532
GP_PRAC_PAT_LIST,01/07/2026,C83049,DR SINHA & PARTNERS,E01026008,ALL,436
GP_PRAC_PAT_LIST,01/07/2026,C83049,DR SINHA & PARTNERS,E01026009,ALL,821
GP_PRAC_PAT_LIST,01/07/2026,C83049,DR SINHA & PARTNERS,E01026012,ALL,11
GP_PRAC_PAT_LIST,01/07/2026,C83049,DR SINHA & PARTNERS,E01026013,ALL,48
GP_PRAC_PAT_LIST,01/07/2026,C83049,DR SINHA & PARTNERS,E01026014,ALL,36
GP_PRAC_PAT_LIST,01/07/2026,C83049,DR SINHA & PARTNERS,E01026015,ALL,1
GP_PRAC_PAT_LIST,01/07/2026,C83049,DR SINHA & PARTNERS,E01026020,ALL,1
GP_PRAC_PAT_LIST,01/07/2026,C83049,DR SINHA & PARTNERS,E01026021,ALL,4
GP_PRAC_PAT_LIST,01/07/2026,C83049,DR SINHA & PARTNERS,E01026022,ALL,36
GP_PRAC_PAT_LIST,01/07/2026,C83049,DR SINHA & PARTNERS,E01026023,ALL,4708
GP_PRAC_PAT_LIST,01/07/2026,C83049,DR SINHA & PARTNERS,E01026024,ALL,2019
GP_PRAC_PAT_LIST,01/07/2026,C83049,DR SINHA & PARTNERS,E01026027,ALL,5
GP_PRAC_PAT_LIST,01/07/2026,C83049,DR SINHA & PARTNERS,E01026028,ALL,1
GP_PRAC_PAT_LIST,01/07/2026,C83049,DR SINHA & PARTNERS,E01026031,ALL,6
GP_PRAC_PAT_LIST,01/07/2026,C83049,DR SINHA & PARTNERS,E01026033,ALL,3
GP_PRAC_PAT_LIST,01/07/2026,C83049,DR SINHA & PARTNERS,E01026040,ALL,2
GP_PRAC_PAT_LIST,01/07/2026,C83049,DR SINHA & PARTNERS,E01026046,ALL,1
GP_PRAC_PAT_LIST,01/07/2026,C83049,DR SINHA & PARTNERS,E01026047,ALL,1
GP_PRAC_PAT_LIST,01/07/2026,C83049,DR SINHA & PARTNERS,E01026056,ALL,1
GP_PRAC_PAT_LIST,01/07/2026,C83049,DR SINHA & PARTNERS,E01026057,ALL,7
GP_PRAC_PAT_LIST,01/07/2026,C83049,DR SINHA & PARTNERS,E01026058,ALL,2
GP_PRAC_PAT_LIST,01/07/2026,C83049,DR SINHA & PARTNERS,E01026059,ALL,1
GP_PRAC_PAT_LIST,01/07/2026,C83049,DR SINHA & PARTNERS,E01026060,ALL,1
GP_PRAC_PAT_LIST,01/07/2026,C83049,DR SINHA & PARTNERS,E01026069,ALL,1
GP_PRAC_PAT_LIST,01/07/2026,C83049,DR SINHA & PARTNERS,E01026082,ALL,1
GP_PRAC_PAT_LIST,01/07/2026,C83049,DR SINHA & PARTNERS,E01026095,ALL,1
GP_PRAC_PAT_LIST,01/07/2026,C83049,DR SINHA & PARTNERS,E01026098,ALL,234
GP_PRAC_PAT_LIST,01/07/2026,C83049,DR SINHA & PARTNERS,E01026102,ALL,61
GP_PRAC_PAT_LIST,01/07/2026,C83049,DR SINHA & PARTNERS,E01026110,ALL,3
GP_PRAC_PAT_LIST,01/07/2026,C83049,DR SINHA & PARTNERS,E01026111,ALL,952
GP_PRAC_PAT_LIST,01/07/2026,C83049,DR SINHA & PARTNERS,E01026120,ALL,1
GP_PRAC_PAT_LIST,01/07/2026,C83049,DR SINHA & PARTNERS,E01026767,ALL,1
GP_PRAC_PAT_LIST,01/07/2026,C83049,DR SINHA & PARTNERS,E01028738,ALL,1
GP_PRAC_PAT_LIST,01/07/2026,C83049,DR SINHA & PARTNERS,E01034682,ALL,1
GP_PRAC_PAT_LIST,01/07/2026,C83049,DR SINHA & PARTNERS,E01034683,ALL,4
GP_PRAC_PAT_LIST,01/07/2026,C83049,DR SINHA & PARTNERS,E01035008,ALL,1
GP_PRAC_PAT_LIST,01/07/2026,C83049,DR SINHA & PARTNERS,E01035326,ALL,2
GP_PRAC_PAT_LIST,01/07/2026,C83049,DR SINHA & PARTNERS,EMPTY,ALL,1
GP_PRAC_PAT_LIST,01/07/2026,C83051,ABBEY MEDICAL PRACTICE,CLOSED,ALL,4
GP_PRAC_PAT_LIST,01/07/2026,C83051,ABBEY MEDICAL PRACTICE,E01008105,ALL,1
GP_PRAC_PAT_LIST,01/07/2026,C83051,ABBEY MEDICAL PRACTICE,E01008112,ALL,1
GP_PRAC_PAT_LIST,01/07/2026,C83051,ABBEY MEDICAL PRACTICE,E01010289,ALL,1
GP_PRAC_PAT_LIST,01/07/2026,C83051,ABBEY MEDICAL PRACTICE,E01013967,ALL,1
GP_PRAC_PAT_LIST,01/07/2026,C83051,ABBEY MEDICAL PRACTICE,E01015661,ALL,1
GP_PRAC_PAT_LIST,01/07/2026,C83051,ABBEY MEDICAL PRACTICE,E01017965,ALL,1
GP_PRAC_PAT_LIST,01/07/2026,C83051,ABBEY MEDICAL PRACTICE,E01026122,ALL,1081
GP_PRAC_PAT_LIST,01/07/2026,C83051,ABBEY MEDICAL PRACTICE,E01026123,ALL,1000
GP_PRAC_PAT_LIST,01/07/2026,C83051,ABBEY MEDICAL PRACTICE,E01026124,ALL,1553
GP_PRAC_PAT_LIST,01/07/2026,C83051,ABBEY MEDICAL PRACTICE,E01026125,ALL,567
GP_PRAC_PAT_LIST,01/07/2026,C83051,ABBEY MEDICAL PRACTICE,E01026126,ALL,1489
GP_PRAC_PAT_LIST,01/07/2026,C83051,ABBEY MEDICAL PRACTICE,E01026132,ALL,68
GP_PRAC_PAT_LIST,01/07/2026,C83051,ABBEY MEDICAL PRACTICE,E01026134,ALL,98
GP_PRAC_PAT_LIST,01/07/2026,C83051,ABBEY MEDICAL PRACTICE,E01026138,ALL,1
GP_PRAC_PAT_LIST,01/07/2026,C83051,ABBEY MEDICAL PRACTICE,E01026144,ALL,57
GP_PRAC_PAT_LIST,01/07/2026,C83051,ABBEY MEDICAL PRACTICE,E01026145,ALL,46
GP_PRAC_PAT_LIST,01/07/2026,C83051,ABBEY MEDICAL PRACTICE,E01026146,ALL,69
GP_PRAC_PAT_LIST,01/07/2026,C83051,ABBEY MEDICAL PRACTICE,E01026147,ALL,74
GP_PRAC_PAT_LIST,01/07/2026,C83051,ABBEY MEDICAL PRACTICE,E01026148,ALL,103
GP_PRAC_PAT_LIST,01/07/2026,C83051,ABBEY MEDICAL PRACTICE,E01026149,ALL,91
GP_PRAC_PAT_LIST,01/07/2026,C83051,ABBEY MEDICAL PRACTICE,E01026150,ALL,96
GP_PRAC_PAT_LIST,01/07/2026,C83051,ABBEY MEDICAL PRACTICE,E01026151,ALL,93
GP_PRAC_PAT_LIST,01/07/2026,C83051,ABBEY MEDICAL PRACTICE,E01026152,ALL,114
GP_PRAC_PAT_LIST,01/07/2026,C83051,ABBEY MEDICAL PRACTICE,E01026153,ALL,134
GP_PRAC_PAT_LIST,01/07/2026,C83051,ABBEY MEDICAL PRACTICE,E01026154,ALL,134
GP_PRAC_PAT_LIST,01/07/2026,C83051,ABBEY MEDICAL PRACTICE,E01026155,ALL,80
GP_PRAC_PAT_LIST,01/07/2026,C83051,ABBEY MEDICAL PRACTICE,E01026156,ALL,75
GP_PRAC_PAT_LIST,01/07/2026,C83051,ABBEY MEDICAL PRACTICE,E01026157,ALL,67
GP_PRAC_PAT_LIST,01/07/2026,C83051,ABBEY MEDICAL PRACTICE,E01026158,ALL,2
GP_PRAC_PAT_LIST,01/07/2026,C83051,ABBEY MEDICAL PRACTICE,E01026162,ALL,1
GP_PRAC_PAT_LIST,01/07/2026,C83051,ABBEY MEDICAL PRACTICE,E01026164,ALL,37
GP_PRAC_PAT_LIST,01/07/2026,C83051,ABBEY MEDICAL PRACTICE,E01026165,ALL,78
GP_PRAC_PAT_LIST,01/07/2026,C83051,ABBEY MEDICAL PRACTICE,E01026166,ALL,119
GP_PRAC_PAT_LIST,01/07/2026,C83051,ABBEY MEDICAL PRACTICE,E01026167,ALL,128
GP_PRAC_PAT_LIST,01/07/2026,C83051,ABBEY MEDICAL PRACTICE,E01026168,ALL,113
GP_PRAC_PAT_LIST,01/07/2026,C83051,ABBEY MEDICAL PRACTICE,E01026169,ALL,1
GP_PRAC_PAT_LIST,01/07/2026,C83051,ABBEY MEDICAL PRACTICE,E01026173,ALL,1
GP_PRAC_PAT_LIST,01/07/2026,C83051,ABBEY MEDICAL PRACTICE,E01026174,ALL,34
GP_PRAC_PAT_LIST,01/07/2026,C83051,ABBEY MEDICAL PRACTICE,E01026176,ALL,225
GP_PRAC_PAT_LIST,01/07/2026,C83051,ABBEY MEDICAL PRACTICE,E01026177,ALL,164
GP_PRAC_PAT_LIST,01/07/2026,C83051,ABBEY MEDICAL PRACTICE,E01026178,ALL,127
GP_PRAC_PAT_LIST,01/07/2026,C83051,ABBEY MEDICAL PRACTICE,E01026188,ALL,1
GP_PRAC_PAT_LIST,01/07/2026,C83051,ABBEY MEDICAL PRACTICE,E01026276,ALL,1
GP_PRAC_PAT_LIST,01/07/2026,C83051,ABBEY MEDICAL PRACTICE,E01026366,ALL,1
GP_PRAC_PAT_LIST,01/07/2026,C83051,ABBEY MEDICAL PRACTICE,E01026369,ALL,3
GP_PRAC_PAT_LIST,01/07/2026,C83051,ABBEY MEDICAL PRACTICE,E01026382,ALL,1
GP_PRAC_PAT_LIST,01/07/2026,C83051,ABBEY MEDICAL PRACTICE,E01026394,ALL,112
GP_PRAC_PAT_LIST,01/07/2026,C83051,ABBEY MEDICAL PRACTICE,E01026398,ALL,1
GP_PRAC_PAT_LIST,01/07/2026,C83051,ABBEY MEDICAL PRACTICE,E01026613,ALL,1
GP_PRAC_PAT_LIST,01/07/2026,C83051,ABBEY MEDICAL PRACTICE,E01027100,ALL,1
GP_PRAC_PAT_LIST,01/07/2026,C83051,ABBEY MEDICAL PRACTICE,E01027746,ALL,1
GP_PRAC_PAT_LIST,01/07/2026,C83051,ABBEY MEDICAL PRACTICE,E01029232,ALL,1
GP_PRAC_PAT_LIST,01/07/2026,C83051,ABBEY MEDICAL PRACTICE,E01032988,ALL,1
GP_PRAC_PAT_LIST,01/07/2026,C83051,ABBEY MEDICAL PRACTICE,E01032992,ALL,1
GP_PRAC_PAT_LIST,01/07/2026,C83051,ABBEY MEDICAL PRACTICE,E01034687,ALL,44
GP_PRAC_PAT_LIST,01/07/2026,C83051,ABBEY MEDICAL PRACTICE,E01034688,ALL,56
GP_PRAC_PAT_LIST,01/07/2026,C83051,ABBEY MEDICAL PRACTICE,E01034691,ALL,4
GP_PRAC_PAT_LIST,01/07/2026,C83051,ABBEY MEDICAL PRACTICE,E01034692,ALL,66
GP_PRAC_PAT_LIST,01/07/2026,C83051,ABBEY MEDICAL PRACTICE,EMPTY,ALL,17
GP_PRAC_PAT_LIST,01/07/2026,C83052,THE INGHAM SURGERY,E01007610,ALL,1
GP_PRAC_PAT_LIST,01/07/2026,C83052,THE INGHAM SURGERY,E01013274,ALL,3
GP_PRAC_PAT_LIST,01/07/2026,C83052,THE INGHAM SURGERY,E01013318,ALL,4
GP_PRAC_PAT_LIST,01/07/2026,C83052,THE INGHAM SURGERY,E01013322,ALL,9
GP_PRAC_PAT_LIST,01/07/2026,C83052,THE INGHAM SURGERY,E01013323,ALL,4
GP_PRAC_PAT_LIST,01/07/2026,C83052,THE INGHAM SURGERY,E01013325,ALL,1
GP_PRAC_PAT_LIST,01/07/2026,C83052,THE INGHAM SURGERY,E01013329,ALL,4
GP_PRAC_PAT_LIST,01/07/2026,C83052,THE INGHAM SURGERY,E01026054,ALL,1
GP_PRAC_PAT_LIST,01/07/2026,C83052,THE INGHAM SURGERY,E01026070,ALL,2
GP_PRAC_PAT_LIST,01/07/2026,C83052,THE INGHAM SURGERY,E01026121,ALL,3
GP_PRAC_PAT_LIST,01/07/2026,C83052,THE INGHAM SURGERY,E01026125,ALL,1
GP_PRAC_PAT_LIST,01/07/2026,C83052,THE INGHAM SURGERY,E01026129,ALL,1
GP_PRAC_PAT_LIST,01/07/2026,C83052,THE INGHAM SURGERY,E01026130,ALL,3
GP_PRAC_PAT_LIST,01/07/2026,C83052,THE INGHAM SURGERY,E01026136,ALL,2
GP_PRAC_PAT_LIST,01/07/2026,C83052,THE INGHAM SURGERY,E01026137,ALL,1
GP_PRAC_PAT_LIST,01/07/2026,C83052,THE INGHAM SURGERY,E01026138,ALL,1
GP_PRAC_PAT_LIST,01/07/2026,C83052,THE INGHAM SURGERY,E01026140,ALL,1
GP_PRAC_PAT_LIST,01/07/2026,C83052,THE INGHAM SURGERY,E01026147,ALL,8
GP_PRAC_PAT_LIST,01/07/2026,C83052,THE INGHAM SURGERY,E01026148,ALL,10
GP_PRAC_PAT_LIST,01/07/2026,C83052,THE INGHAM SURGERY,E01026149,ALL,3
GP_PRAC_PAT_LIST,01/07/2026,C83052,THE INGHAM SURGERY,E01026150,ALL,1
GP_PRAC_PAT_LIST,01/07/2026,C83052,THE INGHAM SURGERY,E01026151,ALL,12
GP_PRAC_PAT_LIST,01/07/2026,C83052,THE INGHAM SURGERY,E01026152,ALL,6
GP_PRAC_PAT_LIST,01/07/2026,C83052,THE INGHAM SURGERY,E01026153,ALL,1
GP_PRAC_PAT_LIST,01/07/2026,C83052,THE INGHAM SURGERY,E01026156,ALL,2
GP_PRAC_PAT_LIST,01/07/2026,C83052,THE INGHAM SURGERY,E01026162,ALL,1
GP_PRAC_PAT_LIST,01/07/2026,C83052,THE INGHAM SURGERY,E01026164,ALL,6
GP_PRAC_PAT_LIST,01/07/2026,C83052,THE INGHAM SURGERY,E01026167,ALL,6
GP_PRAC_PAT_LIST,01/07/2026,C83052,THE INGHAM SURGERY,E01026170,ALL,1
GP_PRAC_PAT_LIST,01/07/2026,C83052,THE INGHAM SURGERY,E01026172,ALL,1
GP_PRAC_PAT_LIST,01/07/2026,C83052,THE INGHAM SURGERY,E01026178,ALL,1
GP_PRAC_PAT_LIST,01/07/2026,C83052,THE INGHAM SURGERY,E01026184,ALL,3
GP_PRAC_PAT_LIST,01/07/2026,C83052,THE INGHAM SURGERY,E01026195,ALL,1
GP_PRAC_PAT_LIST,01/07/2026,C83052,THE INGHAM SURGERY,E01026199,ALL,3
GP_PRAC_PAT_LIST,01/07/2026,C83052,THE INGHAM SURGERY,E01026211,ALL,2
GP_PRAC_PAT_LIST,01/07/2026,C83052,THE INGHAM SURGERY,E01026218,ALL,1
GP_PRAC_PAT_LIST,01/07/2026,C83052,THE INGHAM SURGERY,E01026220,ALL,2
GP_PRAC_PAT_LIST,01/07/2026,C83052,THE INGHAM SURGERY,E01026225,ALL,6
GP_PRAC_PAT_LIST,01/07/2026,C83052,THE INGHAM SURGERY,E01026366,ALL,4
GP_PRAC_PAT_LIST,01/07/2026,C83052,THE INGHAM SURGERY,E01026369,ALL,1
GP_PRAC_PAT_LIST,01/07/2026,C83052,THE INGHAM SURGERY,E01026370,ALL,1
GP_PRAC_PAT_LIST,01/07/2026,C83052,THE INGHAM SURGERY,E01026371,ALL,2
GP_PRAC_PAT_LIST,01/07/2026,C83052,THE INGHAM SURGERY,E01026372,ALL,55
GP_PRAC_PAT_LIST,01/07/2026,C83052,THE INGHAM SURGERY,E01026373,ALL,3
GP_PRAC_PAT_LIST,01/07/2026,C83052,THE INGHAM SURGERY,E01026374,ALL,13
GP_PRAC_PAT_LIST,01/07/2026,C83052,THE INGHAM SURGERY,E01026375,ALL,18
GP_PRAC_PAT_LIST,01/07/2026,C83052,THE INGHAM SURGERY,E01026376,ALL,13
GP_PRAC_PAT_LIST,01/07/2026,C83052,THE INGHAM SURGERY,E01026377,ALL,16
GP_PRAC_PAT_LIST,01/07/2026,C83052,THE INGHAM SURGERY,E01026378,ALL,7
GP_PRAC_PAT_LIST,01/07/2026,C83052,THE INGHAM SURGERY,E01026379,ALL,6
GP_PRAC_PAT_LIST,01/07/2026,C83052,THE INGHAM SURGERY,E01026380,ALL,12
GP_PRAC_PAT_LIST,01/07/2026,C83052,THE INGHAM SURGERY,E01026381,ALL,16
GP_PRAC_PAT_LIST,01/07/2026,C83052,THE INGHAM SURGERY,E01026382,ALL,22
GP_PRAC_PAT_LIST,01/07/2026,C83052,THE INGHAM SURGERY,E01026383,ALL,4
GP_PRAC_PAT_LIST,01/07/2026,C83052,THE INGHAM SURGERY,E01026384,ALL,9
GP_PRAC_PAT_LIST,01/07/2026,C83052,THE INGHAM SURGERY,E01026385,ALL,186
GP_PRAC_PAT_LIST,01/07/2026,C83052,THE INGHAM SURGERY,E01026386,ALL,541
GP_PRAC_PAT_LIST,01/07/2026,C83052,THE INGHAM SURGERY,E01026387,ALL,3
GP_PRAC_PAT_LIST,01/07/2026,C83052,THE INGHAM SURGERY,E01026388,ALL,43
GP_PRAC_PAT_LIST,01/07/2026,C83052,THE INGHAM SURGERY,E01026389,ALL,6
GP_PRAC_PAT_LIST,01/07/2026,C83052,THE INGHAM SURGERY,E01026390,ALL,3
GP_PRAC_PAT_LIST,01/07/2026,C83052,THE INGHAM SURGERY,E01026391,ALL,16
GP_PRAC_PAT_LIST,01/07/2026,C83052,THE INGHAM SURGERY,E01026392,ALL,33
GP_PRAC_PAT_LIST,01/07/2026,C83052,THE INGHAM SURGERY,E01026393,ALL,2
GP_PRAC_PAT_LIST,01/07/2026,C83052,THE INGHAM SURGERY,E01026394,ALL,15
GP_PRAC_PAT_LIST,01/07/2026,C83052,THE INGHAM SURGERY,E01026395,ALL,3
GP_PRAC_PAT_LIST,01/07/2026,C83052,THE INGHAM SURGERY,E01026396,ALL,9
GP_PRAC_PAT_LIST,01/07/2026,C83052,THE INGHAM SURGERY,E01026398,ALL,17
GP_PRAC_PAT_LIST,01/07/2026,C83052,THE INGHAM SURGERY,E01026399,ALL,1264
GP_PRAC_PAT_LIST,01/07/2026,C83052,THE INGHAM SURGERY,E01026400,ALL,605
GP_PRAC_PAT_LIST,01/07/2026,C83052,THE INGHAM SURGERY,E01026401,ALL,2
GP_PRAC_PAT_LIST,01/07/2026,C83052,THE INGHAM SURGERY,E01026403,ALL,3
GP_PRAC_PAT_LIST,01/07/2026,C83052,THE INGHAM SURGERY,E01026404,ALL,160
GP_PRAC_PAT_LIST,01/07/2026,C83052,THE INGHAM SURGERY,E01026405,ALL,23
GP_PRAC_PAT_LIST,01/07/2026,C83052,THE INGHAM SURGERY,E01026406,ALL,7
GP_PRAC_PAT_LIST,01/07/2026,C83052,THE INGHAM SURGERY,E01026407,ALL,8
GP_PRAC_PAT_LIST,01/07/2026,C83052,THE INGHAM SURGERY,E01026408,ALL,4
GP_PRAC_PAT_LIST,01/07/2026,C83052,THE INGHAM SURGERY,E01026409,ALL,2
GP_PRAC_PAT_LIST,01/07/2026,C83052,THE INGHAM SURGERY,E01026411,ALL,566
GP_PRAC_PAT_LIST,01/07/2026,C83052,THE INGHAM SURGERY,E01026412,ALL,61
GP_PRAC_PAT_LIST,01/07/2026,C83052,THE INGHAM SURGERY,E01026413,ALL,38
GP_PRAC_PAT_LIST,01/07/2026,C83052,THE INGHAM SURGERY,E01026414,ALL,152
GP_PRAC_PAT_LIST,01/07/2026,C83052,THE INGHAM SURGERY,E01026415,ALL,1
GP_PRAC_PAT_LIST,01/07/2026,C83052,THE INGHAM SURGERY,E01028009,ALL,1
GP_PRAC_PAT_LIST,01/07/2026,C83052,THE INGHAM SURGERY,E01028033,ALL,1
GP_PRAC_PAT_LIST,01/07/2026,C83052,THE INGHAM SURGERY,E01028292,ALL,1
GP_PRAC_PAT_LIST,01/07/2026,C83052,THE INGHAM SURGERY,E01028315,ALL,1
GP_PRAC_PAT_LIST,01/07/2026,C83052,THE INGHAM SURGERY,E01032988,ALL,5
GP_PRAC_PAT_LIST,01/07/2026,C83052,THE INGHAM SURGERY,E01034687,ALL,1
GP_PRAC_PAT_LIST,01/07/2026,C83052,THE INGHAM SURGERY,E01034688,ALL,1
GP_PRAC_PAT_LIST,01/07/2026,C83052,THE INGHAM SURGERY,E01034690,ALL,1
GP_PRAC_PAT_LIST,01/07/2026,C83052,THE INGHAM SURGERY,E01034691,ALL,1
GP_PRAC_PAT_LIST,01/07/2026,C83052,THE INGHAM SURGERY,E01034692,ALL,1
GP_PRAC_PAT_LIST,01/07/2026,C83052,THE INGHAM SURGERY,E01034706,ALL,8
GP_PRAC_PAT_LIST,01/07/2026,C83052,THE INGHAM SURGERY,E01034707,ALL,90
GP_PRAC_PAT_LIST,01/07/2026,C83052,THE INGHAM SURGERY,E01035400,ALL,1
GP_PRAC_PAT_LIST,01/07/2026,C83052,THE INGHAM SURGERY,EMPTY,ALL,1
GP_PRAC_PAT_LIST,01/07/2026,C83053,COLSTERWORTH SURGERY,E01002281,ALL,1
GP_PRAC_PAT_LIST,01/07/2026,C83053,COLSTERWORTH SURGERY,E01007529,ALL,1
GP_PRAC_PAT_LIST,01/07/2026,C83053,COLSTERWORTH SURGERY,E01013790,ALL,28
GP_PRAC_PAT_LIST,01/07/2026,C83053,COLSTERWORTH SURGERY,E01015640,ALL,1
GP_PRAC_PAT_LIST,01/07/2026,C83053,COLSTERWORTH SURGERY,E01025885,ALL,1
GP_PRAC_PAT_LIST,01/07/2026,C83053,COLSTERWORTH SURGERY,E01025887,ALL,6
GP_PRAC_PAT_LIST,01/07/2026,C83053,COLSTERWORTH SURGERY,E01025912,ALL,126
GP_PRAC_PAT_LIST,01/07/2026,C83053,COLSTERWORTH SURGERY,E01026175,ALL,1
GP_PRAC_PAT_LIST,01/07/2026,C83053,COLSTERWORTH SURGERY,E01026315,ALL,169
GP_PRAC_PAT_LIST,01/07/2026,C83053,COLSTERWORTH SURGERY,E01026316,ALL,28
GP_PRAC_PAT_LIST,01/07/2026,C83053,COLSTERWORTH SURGERY,E01026317,ALL,2
GP_PRAC_PAT_LIST,01/07/2026,C83053,COLSTERWORTH SURGERY,E01026318,ALL,1
GP_PRAC_PAT_LIST,01/07/2026,C83053,COLSTERWORTH SURGERY,E01026330,ALL,3
GP_PRAC_PAT_LIST,01/07/2026,C83053,COLSTERWORTH SURGERY,E01026331,ALL,1373
GP_PRAC_PAT_LIST,01/07/2026,C83053,COLSTERWORTH SURGERY,E01026332,ALL,12
GP_PRAC_PAT_LIST,01/07/2026,C83053,COLSTERWORTH SURGERY,E01026338,ALL,211
GP_PRAC_PAT_LIST,01/07/2026,C83053,COLSTERWORTH SURGERY,E01026339,ALL,483
GP_PRAC_PAT_LIST,01/07/2026,C83053,COLSTERWORTH SURGERY,E01026363,ALL,1
GP_PRAC_PAT_LIST,01/07/2026,C83053,COLSTERWORTH SURGERY,E01028003,ALL,1
GP_PRAC_PAT_LIST,01/07/2026,C83053,COLSTERWORTH SURGERY,E01028336,ALL,1
GP_PRAC_PAT_LIST,01/07/2026,C83053,COLSTERWORTH SURGERY,S01014097,ALL,1
GP_PRAC_PAT_LIST,01/07/2026,C83053,COLSTERWORTH SURGERY,W01001964,ALL,1
GP_PRAC_PAT_LIST,01/07/2026,C83054,BOURNE GALLETLY PRACTICE TEAM,CLOSED,ALL,1
GP_PRAC_PAT_LIST,01/07/2026,C83054,BOURNE GALLETLY PRACTICE TEAM,E01005877,ALL,1
GP_PRAC_PAT_LIST,01/07/2026,C83054,BOURNE GALLETLY PRACTICE TEAM,E01011513,ALL,1
GP_PRAC_PAT_LIST,01/07/2026,C83054,BOURNE GALLETLY PRACTICE TEAM,E01013804,ALL,14
GP_PRAC_PAT_LIST,01/07/2026,C83054,BOURNE GALLETLY PRACTICE TEAM,E01015589,ALL,1
GP_PRAC_PAT_LIST,01/07/2026,C83054,BOURNE GALLETLY PRACTICE TEAM,E01015590,ALL,2
GP_PRAC_PAT_LIST,01/07/2026,C83054,BOURNE GALLETLY PRACTICE TEAM,E01015594,ALL,1
GP_PRAC_PAT_LIST,01/07/2026,C83054,BOURNE GALLETLY PRACTICE TEAM,E01015619,ALL,1
GP_PRAC_PAT_LIST,01/07/2026,C83054,BOURNE GALLETLY PRACTICE TEAM,E01015630,ALL,1
GP_PRAC_PAT_LIST,01/07/2026,C83054,BOURNE GALLETLY PRACTICE TEAM,E01015632,ALL,1
GP_PRAC_PAT_LIST,01/07/2026,C83054,BOURNE GALLETLY PRACTICE TEAM,E01015635,ALL,1
GP_PRAC_PAT_LIST,01/07/2026,C83054,BOURNE GALLETLY PRACTICE TEAM,E01015645,ALL,1
GP_PRAC_PAT_LIST,01/07/2026,C83054,BOURNE GALLETLY PRACTICE TEAM,E01015646,ALL,1
GP_PRAC_PAT_LIST,01/07/2026,C83054,BOURNE GALLETLY PRACTICE TEAM,E01015666,ALL,1
GP_PRAC_PAT_LIST,01/07/2026,C83054,BOURNE GALLETLY PRACTICE TEAM,E01015691,ALL,1
GP_PRAC_PAT_LIST,01/07/2026,C83054,BOURNE GALLETLY PRACTICE TEAM,E01019869,ALL,1
GP_PRAC_PAT_LIST,01/07/2026,C83054,BOURNE GALLETLY PRACTICE TEAM,E01021144,ALL,1
GP_PRAC_PAT_LIST,01/07/2026,C83054,BOURNE GALLETLY PRACTICE TEAM,E01022174,ALL,1
GP_PRAC_PAT_LIST,01/07/2026,C83054,BOURNE GALLETLY PRACTICE TEAM,E01026055,ALL,1
GP_PRAC_PAT_LIST,01/07/2026,C83054,BOURNE GALLETLY PRACTICE TEAM,E01026103,ALL,1
GP_PRAC_PAT_LIST,01/07/2026,C83054,BOURNE GALLETLY PRACTICE TEAM,E01026175,ALL,1
GP_PRAC_PAT_LIST,01/07/2026,C83054,BOURNE GALLETLY PRACTICE TEAM,E01026241,ALL,114
GP_PRAC_PAT_LIST,01/07/2026,C83054,BOURNE GALLETLY PRACTICE TEAM,E01026247,ALL,1
GP_PRAC_PAT_LIST,01/07/2026,C83054,BOURNE GALLETLY PRACTICE TEAM,E01026259,ALL,6
GP_PRAC_PAT_LIST,01/07/2026,C83054,BOURNE GALLETLY PRACTICE TEAM,E01026268,ALL,1
GP_PRAC_PAT_LIST,01/07/2026,C83054,BOURNE GALLETLY PRACTICE TEAM,E01026272,ALL,1
GP_PRAC_PAT_LIST,01/07/2026,C83054,BOURNE GALLETLY PRACTICE TEAM,E01026284,ALL,1
GP_PRAC_PAT_LIST,01/07/2026,C83054,BOURNE GALLETLY PRACTICE TEAM,E01026288,ALL,1
GP_PRAC_PAT_LIST,01/07/2026,C83054,BOURNE GALLETLY PRACTICE TEAM,E01026289,ALL,1
GP_PRAC_PAT_LIST,01/07/2026,C83054,BOURNE GALLETLY PRACTICE TEAM,E01026290,ALL,673
GP_PRAC_PAT_LIST,01/07/2026,C83054,BOURNE GALLETLY PRACTICE TEAM,E01026291,ALL,1
GP_PRAC_PAT_LIST,01/07/2026,C83054,BOURNE GALLETLY PRACTICE TEAM,E01026296,ALL,923
GP_PRAC_PAT_LIST,01/07/2026,C83054,BOURNE GALLETLY PRACTICE TEAM,E01026297,ALL,879
GP_PRAC_PAT_LIST,01/07/2026,C83054,BOURNE GALLETLY PRACTICE TEAM,E01026298,ALL,1246
GP_PRAC_PAT_LIST,01/07/2026,C83054,BOURNE GALLETLY PRACTICE TEAM,E01026299,ALL,677
GP_PRAC_PAT_LIST,01/07/2026,C83054,BOURNE GALLETLY PRACTICE TEAM,E01026300,ALL,848
GP_PRAC_PAT_LIST,01/07/2026,C83054,BOURNE GALLETLY PRACTICE TEAM,E01026302,ALL,815
GP_PRAC_PAT_LIST,01/07/2026,C83054,BOURNE GALLETLY PRACTICE TEAM,E01026304,ALL,2
GP_PRAC_PAT_LIST,01/07/2026,C83054,BOURNE GALLETLY PRACTICE TEAM,E01026305,ALL,1
GP_PRAC_PAT_LIST,01/07/2026,C83054,BOURNE GALLETLY PRACTICE TEAM,E01026316,ALL,129
GP_PRAC_PAT_LIST,01/07/2026,C83054,BOURNE GALLETLY PRACTICE TEAM,E01026330,ALL,533
GP_PRAC_PAT_LIST,01/07/2026,C83054,BOURNE GALLETLY PRACTICE TEAM,E01026331,ALL,2
GP_PRAC_PAT_LIST,01/07/2026,C83054,BOURNE GALLETLY PRACTICE TEAM,E01026335,ALL,1
GP_PRAC_PAT_LIST,01/07/2026,C83054,BOURNE GALLETLY PRACTICE TEAM,E01026336,ALL,5
GP_PRAC_PAT_LIST,01/07/2026,C83054,BOURNE GALLETLY PRACTICE TEAM,E01026340,ALL,1
GP_PRAC_PAT_LIST,01/07/2026,C83054,BOURNE GALLETLY PRACTICE TEAM,E01026341,ALL,976
GP_PRAC_PAT_LIST,01/07/2026,C83054,BOURNE GALLETLY PRACTICE TEAM,E01026342,ALL,835
GP_PRAC_PAT_LIST,01/07/2026,C83054,BOURNE GALLETLY PRACTICE TEAM,E01026346,ALL,1
GP_PRAC_PAT_LIST,01/07/2026,C83054,BOURNE GALLETLY PRACTICE TEAM,E01026347,ALL,1
GP_PRAC_PAT_LIST,01/07/2026,C83054,BOURNE GALLETLY PRACTICE TEAM,E01026350,ALL,7
GP_PRAC_PAT_LIST,01/07/2026,C83054,BOURNE GALLETLY PRACTICE TEAM,E01026359,ALL,6
GP_PRAC_PAT_LIST,01/07/2026,C83054,BOURNE GALLETLY PRACTICE TEAM,E01026360,ALL,1178
GP_PRAC_PAT_LIST,01/07/2026,C83054,BOURNE GALLETLY PRACTICE TEAM,E01026362,ALL,359
GP_PRAC_PAT_LIST,01/07/2026,C83054,BOURNE GALLETLY PRACTICE TEAM,E01026363,ALL,9
GP_PRAC_PAT_LIST,01/07/2026,C83054,BOURNE GALLETLY PRACTICE TEAM,E01026364,ALL,548
GP_PRAC_PAT_LIST,01/07/2026,C83054,BOURNE GALLETLY PRACTICE TEAM,E01026884,ALL,1
GP_PRAC_PAT_LIST,01/07/2026,C83054,BOURNE GALLETLY PRACTICE TEAM,E01027033,ALL,1
GP_PRAC_PAT_LIST,01/07/2026,C83054,BOURNE GALLETLY PRACTICE TEAM,E01032997,ALL,649
GP_PRAC_PAT_LIST,01/07/2026,C83054,BOURNE GALLETLY PRACTICE TEAM,E01032998,ALL,1025
GP_PRAC_PAT_LIST,01/07/2026,C83054,BOURNE GALLETLY PRACTICE TEAM,E01032999,ALL,636
GP_PRAC_PAT_LIST,01/07/2026,C83054,BOURNE GALLETLY PRACTICE TEAM,E01033058,ALL,1
GP_PRAC_PAT_LIST,01/07/2026,C83054,BOURNE GALLETLY PRACTICE TEAM,E01034703,ALL,984
GP_PRAC_PAT_LIST,01/07/2026,C83054,BOURNE GALLETLY PRACTICE TEAM,E01034704,ALL,1250
GP_PRAC_PAT_LIST,01/07/2026,C83054,BOURNE GALLETLY PRACTICE TEAM,E01034705,ALL,881
GP_PRAC_PAT_LIST,01/07/2026,C83054,BOURNE GALLETLY PRACTICE TEAM,EMPTY,ALL,4
GP_PRAC_PAT_LIST,01/07/2026,C83055,STICKNEY SURGERY,CLOSED,ALL,5
GP_PRAC_PAT_LIST,01/07/2026,C83055,STICKNEY SURGERY,E01017606,ALL,1
GP_PRAC_PAT_LIST,01/07/2026,C83055,STICKNEY SURGERY,E01026007,ALL,3
GP_PRAC_PAT_LIST,01/07/2026,C83055,STICKNEY SURGERY,E01026008,ALL,8
GP_PRAC_PAT_LIST,01/07/2026,C83055,STICKNEY SURGERY,E01026013,ALL,12
GP_PRAC_PAT_LIST,01/07/2026,C83055,STICKNEY SURGERY,E01026021,ALL,1
GP_PRAC_PAT_LIST,01/07/2026,C83055,STICKNEY SURGERY,E01026022,ALL,25
GP_PRAC_PAT_LIST,01/07/2026,C83055,STICKNEY SURGERY,E01026023,ALL,46
GP_PRAC_PAT_LIST,01/07/2026,C83055,STICKNEY SURGERY,E01026024,ALL,108
GP_PRAC_PAT_LIST,01/07/2026,C83055,STICKNEY SURGERY,E01026035,ALL,1
GP_PRAC_PAT_LIST,01/07/2026,C83055,STICKNEY SURGERY,E01026051,ALL,4
GP_PRAC_PAT_LIST,01/07/2026,C83055,STICKNEY SURGERY,E01026055,ALL,3
GP_PRAC_PAT_LIST,01/07/2026,C83055,STICKNEY SURGERY,E01026057,ALL,892
GP_PRAC_PAT_LIST,01/07/2026,C83055,STICKNEY SURGERY,E01026059,ALL,167
GP_PRAC_PAT_LIST,01/07/2026,C83055,STICKNEY SURGERY,E01026060,ALL,662
GP_PRAC_PAT_LIST,01/07/2026,C83055,STICKNEY SURGERY,E01026068,ALL,5
GP_PRAC_PAT_LIST,01/07/2026,C83055,STICKNEY SURGERY,E01026075,ALL,630
GP_PRAC_PAT_LIST,01/07/2026,C83055,STICKNEY SURGERY,E01026093,ALL,1
GP_PRAC_PAT_LIST,01/07/2026,C83055,STICKNEY SURGERY,E01026098,ALL,1278
GP_PRAC_PAT_LIST,01/07/2026,C83055,STICKNEY SURGERY,E01026100,ALL,7
GP_PRAC_PAT_LIST,01/07/2026,C83055,STICKNEY SURGERY,E01026101,ALL,5
GP_PRAC_PAT_LIST,01/07/2026,C83055,STICKNEY SURGERY,E01026102,ALL,2329
GP_PRAC_PAT_LIST,01/07/2026,C83055,STICKNEY SURGERY,E01026110,ALL,1
GP_PRAC_PAT_LIST,01/07/2026,C83055,STICKNEY SURGERY,E01026111,ALL,17
GP_PRAC_PAT_LIST,01/07/2026,C83055,STICKNEY SURGERY,E01027822,ALL,1
GP_PRAC_PAT_LIST,01/07/2026,C83055,STICKNEY SURGERY,E01028288,ALL,1
GP_PRAC_PAT_LIST,01/07/2026,C83055,STICKNEY SURGERY,E01028432,ALL,1
GP_PRAC_PAT_LIST,01/07/2026,C83055,STICKNEY SURGERY,EMPTY,ALL,2
GP_PRAC_PAT_LIST,01/07/2026,C83056,EAST LINDSEY MEDICAL GROUP,CLOSED,ALL,3
GP_PRAC_PAT_LIST,01/07/2026,C83056,EAST LINDSEY MEDICAL GROUP,E01001948,ALL,1
GP_PRAC_PAT_LIST,01/07/2026,C83056,EAST LINDSEY MEDICAL GROUP,E01007557,ALL,1
GP_PRAC_PAT_LIST,01/07/2026,C83056,EAST LINDSEY MEDICAL GROUP,E01011222,ALL,1
GP_PRAC_PAT_LIST,01/07/2026,C83056,EAST LINDSEY MEDICAL GROUP,E01012348,ALL,1
GP_PRAC_PAT_LIST,01/07/2026,C83056,EAST LINDSEY MEDICAL GROUP,E01012848,ALL,1
GP_PRAC_PAT_LIST,01/07/2026,C83056,EAST LINDSEY MEDICAL GROUP,E01013008,ALL,1
GP_PRAC_PAT_LIST,01/07/2026,C83056,EAST LINDSEY MEDICAL GROUP,E01013128,ALL,1
GP_PRAC_PAT_LIST,01/07/2026,C83056,EAST LINDSEY MEDICAL GROUP,E01013130,ALL,1
GP_PRAC_PAT_LIST,01/07/2026,C83056,EAST LINDSEY MEDICAL GROUP,E01013140,ALL,1
GP_PRAC_PAT_LIST,01/07/2026,C83056,EAST LINDSEY MEDICAL GROUP,E01013144,ALL,1
GP_PRAC_PAT_LIST,01/07/2026,C83056,EAST LINDSEY MEDICAL GROUP,E01013156,ALL,1
GP_PRAC_PAT_LIST,01/07/2026,C83056,EAST LINDSEY MEDICAL GROUP,E01013157,ALL,1
GP_PRAC_PAT_LIST,01/07/2026,C83056,EAST LINDSEY MEDICAL GROUP,E01013158,ALL,1
GP_PRAC_PAT_LIST,01/07/2026,C83056,EAST LINDSEY MEDICAL GROUP,E01013171,ALL,1
GP_PRAC_PAT_LIST,01/07/2026,C83056,EAST LINDSEY MEDICAL GROUP,E01013175,ALL,1
GP_PRAC_PAT_LIST,01/07/2026,C83056,EAST LINDSEY MEDICAL GROUP,E01013197,ALL,1
GP_PRAC_PAT_LIST,01/07/2026,C83056,EAST LINDSEY MEDICAL GROUP,E01013199,ALL,2
GP_PRAC_PAT_LIST,01/07/2026,C83056,EAST LINDSEY MEDICAL GROUP,E01013207,ALL,1
GP_PRAC_PAT_LIST,01/07/2026,C83056,EAST LINDSEY MEDICAL GROUP,E01013210,ALL,1
GP_PRAC_PAT_LIST,01/07/2026,C83056,EAST LINDSEY MEDICAL GROUP,E01013216,ALL,1
GP_PRAC_PAT_LIST,01/07/2026,C83056,EAST LINDSEY MEDICAL GROUP,E01013219,ALL,2
GP_PRAC_PAT_LIST,01/07/2026,C83056,EAST LINDSEY MEDICAL GROUP,E01013221,ALL,1
GP_PRAC_PAT_LIST,01/07/2026,C83056,EAST LINDSEY MEDICAL GROUP,E01013224,ALL,3
GP_PRAC_PAT_LIST,01/07/2026,C83056,EAST LINDSEY MEDICAL GROUP,E01013225,ALL,3
GP_PRAC_PAT_LIST,01/07/2026,C83056,EAST LINDSEY MEDICAL GROUP,E01013226,ALL,1
GP_PRAC_PAT_LIST,01/07/2026,C83056,EAST LINDSEY MEDICAL GROUP,E01013227,ALL,1
GP_PRAC_PAT_LIST,01/07/2026,C83056,EAST LINDSEY MEDICAL GROUP,E01013311,ALL,1
GP_PRAC_PAT_LIST,01/07/2026,C83056,EAST LINDSEY MEDICAL GROUP,E01015616,ALL,1
GP_PRAC_PAT_LIST,01/07/2026,C83056,EAST LINDSEY MEDICAL GROUP,E01016130,ALL,2
GP_PRAC_PAT_LIST,01/07/2026,C83056,EAST LINDSEY MEDICAL GROUP,E01016634,ALL,1
GP_PRAC_PAT_LIST,01/07/2026,C83056,EAST LINDSEY MEDICAL GROUP,E01018051,ALL,1
GP_PRAC_PAT_LIST,01/07/2026,C83056,EAST LINDSEY MEDICAL GROUP,E01021892,ALL,1
GP_PRAC_PAT_LIST,01/07/2026,C83056,EAST LINDSEY MEDICAL GROUP,E01022883,ALL,1
GP_PRAC_PAT_LIST,01/07/2026,C83056,EAST LINDSEY MEDICAL GROUP,E01025704,ALL,1
GP_PRAC_PAT_LIST,01/07/2026,C83056,EAST LINDSEY MEDICAL GROUP,E01025718,ALL,1
GP_PRAC_PAT_LIST,01/07/2026,C83056,EAST LINDSEY MEDICAL GROUP,E01026025,ALL,1
GP_PRAC_PAT_LIST,01/07/2026,C83056,EAST LINDSEY MEDICAL GROUP,E01026036,ALL,1
GP_PRAC_PAT_LIST,01/07/2026,C83056,EAST LINDSEY MEDICAL GROUP,E01026042,ALL,54
GP_PRAC_PAT_LIST,01/07/2026,C83056,EAST LINDSEY MEDICAL GROUP,E01026043,ALL,72
GP_PRAC_PAT_LIST,01/07/2026,C83056,EAST LINDSEY MEDICAL GROUP,E01026044,ALL,37
GP_PRAC_PAT_LIST,01/07/2026,C83056,EAST LINDSEY MEDICAL GROUP,E01026045,ALL,327
GP_PRAC_PAT_LIST,01/07/2026,C83056,EAST LINDSEY MEDICAL GROUP,E01026047,ALL,1
GP_PRAC_PAT_LIST,01/07/2026,C83056,EAST LINDSEY MEDICAL GROUP,E01026049,ALL,8
GP_PRAC_PAT_LIST,01/07/2026,C83056,EAST LINDSEY MEDICAL GROUP,E01026051,ALL,5
GP_PRAC_PAT_LIST,01/07/2026,C83056,EAST LINDSEY MEDICAL GROUP,E01026052,ALL,4
GP_PRAC_PAT_LIST,01/07/2026,C83056,EAST LINDSEY MEDICAL GROUP,E01026053,ALL,3
GP_PRAC_PAT_LIST,01/07/2026,C83056,EAST LINDSEY MEDICAL GROUP,E01026055,ALL,6
GP_PRAC_PAT_LIST,01/07/2026,C83056,EAST LINDSEY MEDICAL GROUP,E01026056,ALL,1
GP_PRAC_PAT_LIST,01/07/2026,C83056,EAST LINDSEY MEDICAL GROUP,E01026058,ALL,522
GP_PRAC_PAT_LIST,01/07/2026,C83056,EAST LINDSEY MEDICAL GROUP,E01026059,ALL,42
GP_PRAC_PAT_LIST,01/07/2026,C83056,EAST LINDSEY MEDICAL GROUP,E01026060,ALL,51
GP_PRAC_PAT_LIST,01/07/2026,C83056,EAST LINDSEY MEDICAL GROUP,E01026062,ALL,1
GP_PRAC_PAT_LIST,01/07/2026,C83056,EAST LINDSEY MEDICAL GROUP,E01026063,ALL,1
GP_PRAC_PAT_LIST,01/07/2026,C83056,EAST LINDSEY MEDICAL GROUP,E01026064,ALL,85
GP_PRAC_PAT_LIST,01/07/2026,C83056,EAST LINDSEY MEDICAL GROUP,E01026065,ALL,118
GP_PRAC_PAT_LIST,01/07/2026,C83056,EAST LINDSEY MEDICAL GROUP,E01026066,ALL,143
GP_PRAC_PAT_LIST,01/07/2026,C83056,EAST LINDSEY MEDICAL GROUP,E01026067,ALL,80
GP_PRAC_PAT_LIST,01/07/2026,C83056,EAST LINDSEY MEDICAL GROUP,E01026068,ALL,532
GP_PRAC_PAT_LIST,01/07/2026,C83056,EAST LINDSEY MEDICAL GROUP,E01026070,ALL,1161
GP_PRAC_PAT_LIST,01/07/2026,C83056,EAST LINDSEY MEDICAL GROUP,E01026071,ALL,533
GP_PRAC_PAT_LIST,01/07/2026,C83056,EAST LINDSEY MEDICAL GROUP,E01026072,ALL,3
GP_PRAC_PAT_LIST,01/07/2026,C83056,EAST LINDSEY MEDICAL GROUP,E01026073,ALL,2
GP_PRAC_PAT_LIST,01/07/2026,C83056,EAST LINDSEY MEDICAL GROUP,E01026074,ALL,1
GP_PRAC_PAT_LIST,01/07/2026,C83056,EAST LINDSEY MEDICAL GROUP,E01026075,ALL,19
GP_PRAC_PAT_LIST,01/07/2026,C83056,EAST LINDSEY MEDICAL GROUP,E01026076,ALL,253
GP_PRAC_PAT_LIST,01/07/2026,C83056,EAST LINDSEY MEDICAL GROUP,E01026077,ALL,900
GP_PRAC_PAT_LIST,01/07/2026,C83056,EAST LINDSEY MEDICAL GROUP,E01026078,ALL,411
GP_PRAC_PAT_LIST,01/07/2026,C83056,EAST LINDSEY MEDICAL GROUP,E01026079,ALL,57
GP_PRAC_PAT_LIST,01/07/2026,C83056,EAST LINDSEY MEDICAL GROUP,E01026080,ALL,139
GP_PRAC_PAT_LIST,01/07/2026,C83056,EAST LINDSEY MEDICAL GROUP,E01026081,ALL,1141
GP_PRAC_PAT_LIST,01/07/2026,C83056,EAST LINDSEY MEDICAL GROUP,E01026082,ALL,27
GP_PRAC_PAT_LIST,01/07/2026,C83056,EAST LINDSEY MEDICAL GROUP,E01026087,ALL,606
GP_PRAC_PAT_LIST,01/07/2026,C83056,EAST LINDSEY MEDICAL GROUP,E01026088,ALL,572
GP_PRAC_PAT_LIST,01/07/2026,C83056,EAST LINDSEY MEDICAL GROUP,E01026089,ALL,994
GP_PRAC_PAT_LIST,01/07/2026,C83056,EAST LINDSEY MEDICAL GROUP,E01026090,ALL,706
GP_PRAC_PAT_LIST,01/07/2026,C83056,EAST LINDSEY MEDICAL GROUP,E01026091,ALL,892
GP_PRAC_PAT_LIST,01/07/2026,C83056,EAST LINDSEY MEDICAL GROUP,E01026092,ALL,2
GP_PRAC_PAT_LIST,01/07/2026,C83056,EAST LINDSEY MEDICAL GROUP,E01026093,ALL,4
GP_PRAC_PAT_LIST,01/07/2026,C83056,EAST LINDSEY MEDICAL GROUP,E01026094,ALL,1
GP_PRAC_PAT_LIST,01/07/2026,C83056,EAST LINDSEY MEDICAL GROUP,E01026099,ALL,143
GP_PRAC_PAT_LIST,01/07/2026,C83056,EAST LINDSEY MEDICAL GROUP,E01026100,ALL,47
GP_PRAC_PAT_LIST,01/07/2026,C83056,EAST LINDSEY MEDICAL GROUP,E01026101,ALL,36
GP_PRAC_PAT_LIST,01/07/2026,C83056,EAST LINDSEY MEDICAL GROUP,E01026102,ALL,1
GP_PRAC_PAT_LIST,01/07/2026,C83056,EAST LINDSEY MEDICAL GROUP,E01026103,ALL,4
GP_PRAC_PAT_LIST,01/07/2026,C83056,EAST LINDSEY MEDICAL GROUP,E01026104,ALL,1
GP_PRAC_PAT_LIST,01/07/2026,C83056,EAST LINDSEY MEDICAL GROUP,E01026105,ALL,1073
GP_PRAC_PAT_LIST,01/07/2026,C83056,EAST LINDSEY MEDICAL GROUP,E01026107,ALL,2
GP_PRAC_PAT_LIST,01/07/2026,C83056,EAST LINDSEY MEDICAL GROUP,E01026108,ALL,960
GP_PRAC_PAT_LIST,01/07/2026,C83056,EAST LINDSEY MEDICAL GROUP,E01026109,ALL,1
GP_PRAC_PAT_LIST,01/07/2026,C83056,EAST LINDSEY MEDICAL GROUP,E01026113,ALL,60
GP_PRAC_PAT_LIST,01/07/2026,C83056,EAST LINDSEY MEDICAL GROUP,E01026117,ALL,294
GP_PRAC_PAT_LIST,01/07/2026,C83056,EAST LINDSEY MEDICAL GROUP,E01026118,ALL,23
GP_PRAC_PAT_LIST,01/07/2026,C83056,EAST LINDSEY MEDICAL GROUP,E01026119,ALL,5
GP_PRAC_PAT_LIST,01/07/2026,C83056,EAST LINDSEY MEDICAL GROUP,E01026120,ALL,7
GP_PRAC_PAT_LIST,01/07/2026,C83056,EAST LINDSEY MEDICAL GROUP,E01026121,ALL,14
GP_PRAC_PAT_LIST,01/07/2026,C83056,EAST LINDSEY MEDICAL GROUP,E01026126,ALL,2
GP_PRAC_PAT_LIST,01/07/2026,C83056,EAST LINDSEY MEDICAL GROUP,E01026147,ALL,1
GP_PRAC_PAT_LIST,01/07/2026,C83056,EAST LINDSEY MEDICAL GROUP,E01026148,ALL,1
GP_PRAC_PAT_LIST,01/07/2026,C83056,EAST LINDSEY MEDICAL GROUP,E01026151,ALL,1
GP_PRAC_PAT_LIST,01/07/2026,C83056,EAST LINDSEY MEDICAL GROUP,E01026176,ALL,1
GP_PRAC_PAT_LIST,01/07/2026,C83056,EAST LINDSEY MEDICAL GROUP,E01026178,ALL,1
GP_PRAC_PAT_LIST,01/07/2026,C83056,EAST LINDSEY MEDICAL GROUP,E01026200,ALL,1
GP_PRAC_PAT_LIST,01/07/2026,C83056,EAST LINDSEY MEDICAL GROUP,E01026210,ALL,1
GP_PRAC_PAT_LIST,01/07/2026,C83056,EAST LINDSEY MEDICAL GROUP,E01026324,ALL,1
GP_PRAC_PAT_LIST,01/07/2026,C83056,EAST LINDSEY MEDICAL GROUP,E01026366,ALL,4
GP_PRAC_PAT_LIST,01/07/2026,C83056,EAST LINDSEY MEDICAL GROUP,E01026368,ALL,2
GP_PRAC_PAT_LIST,01/07/2026,C83056,EAST LINDSEY MEDICAL GROUP,E01026370,ALL,1
GP_PRAC_PAT_LIST,01/07/2026,C83056,EAST LINDSEY MEDICAL GROUP,E01026387,ALL,1
GP_PRAC_PAT_LIST,01/07/2026,C83056,EAST LINDSEY MEDICAL GROUP,E01026389,ALL,1
GP_PRAC_PAT_LIST,01/07/2026,C83056,EAST LINDSEY MEDICAL GROUP,E01026390,ALL,1
GP_PRAC_PAT_LIST,01/07/2026,C83056,EAST LINDSEY MEDICAL GROUP,E01026391,ALL,3
GP_PRAC_PAT_LIST,01/07/2026,C83056,EAST LINDSEY MEDICAL GROUP,E01026409,ALL,1
GP_PRAC_PAT_LIST,01/07/2026,C83056,EAST LINDSEY MEDICAL GROUP,E01026415,ALL,10
GP_PRAC_PAT_LIST,01/07/2026,C83056,EAST LINDSEY MEDICAL GROUP,E01028158,ALL,1
GP_PRAC_PAT_LIST,01/07/2026,C83056,EAST LINDSEY MEDICAL GROUP,E01029855,ALL,1
GP_PRAC_PAT_LIST,01/07/2026,C83056,EAST LINDSEY MEDICAL GROUP,E01031928,ALL,1
GP_PRAC_PAT_LIST,01/07/2026,C83056,EAST LINDSEY MEDICAL GROUP,E01032772,ALL,1
GP_PRAC_PAT_LIST,01/07/2026,C83056,EAST LINDSEY MEDICAL GROUP,E01032946,ALL,1
GP_PRAC_PAT_LIST,01/07/2026,C83056,EAST LINDSEY MEDICAL GROUP,E01032986,ALL,374
GP_PRAC_PAT_LIST,01/07/2026,C83056,EAST LINDSEY MEDICAL GROUP,E01032987,ALL,471
GP_PRAC_PAT_LIST,01/07/2026,C83056,EAST LINDSEY MEDICAL GROUP,E01033414,ALL,2
GP_PRAC_PAT_LIST,01/07/2026,C83056,EAST LINDSEY MEDICAL GROUP,E01034685,ALL,1
GP_PRAC_PAT_LIST,01/07/2026,C83056,EAST LINDSEY MEDICAL GROUP,E01035023,ALL,1
GP_PRAC_PAT_LIST,01/07/2026,C83056,EAST LINDSEY MEDICAL GROUP,E01035243,ALL,1
GP_PRAC_PAT_LIST,01/07/2026,C83056,EAST LINDSEY MEDICAL GROUP,E01035480,ALL,1
GP_PRAC_PAT_LIST,01/07/2026,C83056,EAST LINDSEY MEDICAL GROUP,EMPTY,ALL,43
GP_PRAC_PAT_LIST,01/07/2026,C83056,EAST LINDSEY MEDICAL GROUP,S01014347,ALL,1
GP_PRAC_PAT_LIST,01/07/2026,C83057,KIRTON MEDICAL CENTRE,CLOSED,ALL,3
GP_PRAC_PAT_LIST,01/07/2026,C83057,KIRTON MEDICAL CENTRE,E01009612,ALL,1
GP_PRAC_PAT_LIST,01/07/2026,C83057,KIRTON MEDICAL CENTRE,E01011100,ALL,1
GP_PRAC_PAT_LIST,01/07/2026,C83057,KIRTON MEDICAL CENTRE,E01013795,ALL,1
GP_PRAC_PAT_LIST,01/07/2026,C83057,KIRTON MEDICAL CENTRE,E01015599,ALL,1
GP_PRAC_PAT_LIST,01/07/2026,C83057,KIRTON MEDICAL CENTRE,E01015676,ALL,1
GP_PRAC_PAT_LIST,01/07/2026,C83057,KIRTON MEDICAL CENTRE,E01026008,ALL,1
GP_PRAC_PAT_LIST,01/07/2026,C83057,KIRTON MEDICAL CENTRE,E01026010,ALL,1
GP_PRAC_PAT_LIST,01/07/2026,C83057,KIRTON MEDICAL CENTRE,E01026012,ALL,1
GP_PRAC_PAT_LIST,01/07/2026,C83057,KIRTON MEDICAL CENTRE,E01026014,ALL,3
GP_PRAC_PAT_LIST,01/07/2026,C83057,KIRTON MEDICAL CENTRE,E01026015,ALL,2
GP_PRAC_PAT_LIST,01/07/2026,C83057,KIRTON MEDICAL CENTRE,E01026016,ALL,309
GP_PRAC_PAT_LIST,01/07/2026,C83057,KIRTON MEDICAL CENTRE,E01026017,ALL,351
GP_PRAC_PAT_LIST,01/07/2026,C83057,KIRTON MEDICAL CENTRE,E01026018,ALL,913
GP_PRAC_PAT_LIST,01/07/2026,C83057,KIRTON MEDICAL CENTRE,E01026019,ALL,1944
GP_PRAC_PAT_LIST,01/07/2026,C83057,KIRTON MEDICAL CENTRE,E01026020,ALL,2350
GP_PRAC_PAT_LIST,01/07/2026,C83057,KIRTON MEDICAL CENTRE,E01026021,ALL,7
GP_PRAC_PAT_LIST,01/07/2026,C83057,KIRTON MEDICAL CENTRE,E01026022,ALL,5
GP_PRAC_PAT_LIST,01/07/2026,C83057,KIRTON MEDICAL CENTRE,E01026025,ALL,2
GP_PRAC_PAT_LIST,01/07/2026,C83057,KIRTON MEDICAL CENTRE,E01026026,ALL,1
GP_PRAC_PAT_LIST,01/07/2026,C83057,KIRTON MEDICAL CENTRE,E01026027,ALL,1
GP_PRAC_PAT_LIST,01/07/2026,C83057,KIRTON MEDICAL CENTRE,E01026030,ALL,2
GP_PRAC_PAT_LIST,01/07/2026,C83057,KIRTON MEDICAL CENTRE,E01026031,ALL,4
GP_PRAC_PAT_LIST,01/07/2026,C83057,KIRTON MEDICAL CENTRE,E01026032,ALL,2
GP_PRAC_PAT_LIST,01/07/2026,C83057,KIRTON MEDICAL CENTRE,E01026033,ALL,84
GP_PRAC_PAT_LIST,01/07/2026,C83057,KIRTON MEDICAL CENTRE,E01026034,ALL,123
GP_PRAC_PAT_LIST,01/07/2026,C83057,KIRTON MEDICAL CENTRE,E01026035,ALL,117
GP_PRAC_PAT_LIST,01/07/2026,C83057,KIRTON MEDICAL CENTRE,E01026036,ALL,2
GP_PRAC_PAT_LIST,01/07/2026,C83057,KIRTON MEDICAL CENTRE,E01026037,ALL,2
GP_PRAC_PAT_LIST,01/07/2026,C83057,KIRTON MEDICAL CENTRE,E01026039,ALL,400
GP_PRAC_PAT_LIST,01/07/2026,C83057,KIRTON MEDICAL CENTRE,E01026040,ALL,600
GP_PRAC_PAT_LIST,01/07/2026,C83057,KIRTON MEDICAL CENTRE,E01026041,ALL,533
GP_PRAC_PAT_LIST,01/07/2026,C83057,KIRTON MEDICAL CENTRE,E01026057,ALL,8
GP_PRAC_PAT_LIST,01/07/2026,C83057,KIRTON MEDICAL CENTRE,E01026066,ALL,2
GP_PRAC_PAT_LIST,01/07/2026,C83057,KIRTON MEDICAL CENTRE,E01026073,ALL,1
GP_PRAC_PAT_LIST,01/07/2026,C83057,KIRTON MEDICAL CENTRE,E01026118,ALL,1
GP_PRAC_PAT_LIST,01/07/2026,C83057,KIRTON MEDICAL CENTRE,E01026124,ALL,1
GP_PRAC_PAT_LIST,01/07/2026,C83057,KIRTON MEDICAL CENTRE,E01026125,ALL,2
GP_PRAC_PAT_LIST,01/07/2026,C83057,KIRTON MEDICAL CENTRE,E01026160,ALL,2
GP_PRAC_PAT_LIST,01/07/2026,C83057,KIRTON MEDICAL CENTRE,E01026172,ALL,1
GP_PRAC_PAT_LIST,01/07/2026,C83057,KIRTON MEDICAL CENTRE,E01026176,ALL,1
GP_PRAC_PAT_LIST,01/07/2026,C83057,KIRTON MEDICAL CENTRE,E01026190,ALL,1
GP_PRAC_PAT_LIST,01/07/2026,C83057,KIRTON MEDICAL CENTRE,E01026242,ALL,19
GP_PRAC_PAT_LIST,01/07/2026,C83057,KIRTON MEDICAL CENTRE,E01026243,ALL,23
GP_PRAC_PAT_LIST,01/07/2026,C83057,KIRTON MEDICAL CENTRE,E01026244,ALL,7
GP_PRAC_PAT_LIST,01/07/2026,C83057,KIRTON MEDICAL CENTRE,E01026245,ALL,1
GP_PRAC_PAT_LIST,01/07/2026,C83057,KIRTON MEDICAL CENTRE,E01026247,ALL,12
GP_PRAC_PAT_LIST,01/07/2026,C83057,KIRTON MEDICAL CENTRE,E01026250,ALL,2
GP_PRAC_PAT_LIST,01/07/2026,C83057,KIRTON MEDICAL CENTRE,E01026252,ALL,1
GP_PRAC_PAT_LIST,01/07/2026,C83057,KIRTON MEDICAL CENTRE,E01026255,ALL,1
GP_PRAC_PAT_LIST,01/07/2026,C83057,KIRTON MEDICAL CENTRE,E01026268,ALL,2
GP_PRAC_PAT_LIST,01/07/2026,C83057,KIRTON MEDICAL CENTRE,E01026271,ALL,1
GP_PRAC_PAT_LIST,01/07/2026,C83057,KIRTON MEDICAL CENTRE,E01026272,ALL,2
GP_PRAC_PAT_LIST,01/07/2026,C83057,KIRTON MEDICAL CENTRE,E01026276,ALL,6
GP_PRAC_PAT_LIST,01/07/2026,C83057,KIRTON MEDICAL CENTRE,E01026283,ALL,2
GP_PRAC_PAT_LIST,01/07/2026,C83057,KIRTON MEDICAL CENTRE,E01026331,ALL,1
GP_PRAC_PAT_LIST,01/07/2026,C83057,KIRTON MEDICAL CENTRE,E01026411,ALL,1
GP_PRAC_PAT_LIST,01/07/2026,C83057,KIRTON MEDICAL CENTRE,E01026659,ALL,1
GP_PRAC_PAT_LIST,01/07/2026,C83057,KIRTON MEDICAL CENTRE,E01027032,ALL,1
GP_PRAC_PAT_LIST,01/07/2026,C83057,KIRTON MEDICAL CENTRE,E01031720,ALL,1
GP_PRAC_PAT_LIST,01/07/2026,C83057,KIRTON MEDICAL CENTRE,E01034679,ALL,2
GP_PRAC_PAT_LIST,01/07/2026,C83057,KIRTON MEDICAL CENTRE,E01034681,ALL,2
GP_PRAC_PAT_LIST,01/07/2026,C83057,KIRTON MEDICAL CENTRE,E01034682,ALL,44
GP_PRAC_PAT_LIST,01/07/2026,C83057,KIRTON MEDICAL CENTRE,E01034683,ALL,206
GP_PRAC_PAT_LIST,01/07/2026,C83057,KIRTON MEDICAL CENTRE,E01034684,ALL,257
GP_PRAC_PAT_LIST,01/07/2026,C83057,KIRTON MEDICAL CENTRE,EMPTY,ALL,3
GP_PRAC_PAT_LIST,01/07/2026,C83058,WASHINGBOROUGH SURGERY,CLOSED,ALL,1
GP_PRAC_PAT_LIST,01/07/2026,C83058,WASHINGBOROUGH SURGERY,E01002228,ALL,1
GP_PRAC_PAT_LIST,01/07/2026,C83058,WASHINGBOROUGH SURGERY,E01004533,ALL,1
GP_PRAC_PAT_LIST,01/07/2026,C83058,WASHINGBOROUGH SURGERY,E01013322,ALL,2
GP_PRAC_PAT_LIST,01/07/2026,C83058,WASHINGBOROUGH SURGERY,E01026124,ALL,1
GP_PRAC_PAT_LIST,01/07/2026,C83058,WASHINGBOROUGH SURGERY,E01026136,ALL,1
GP_PRAC_PAT_LIST,01/07/2026,C83058,WASHINGBOROUGH SURGERY,E01026171,ALL,1
GP_PRAC_PAT_LIST,01/07/2026,C83058,WASHINGBOROUGH SURGERY,E01026175,ALL,1
GP_PRAC_PAT_LIST,01/07/2026,C83058,WASHINGBOROUGH SURGERY,E01026176,ALL,23
GP_PRAC_PAT_LIST,01/07/2026,C83058,WASHINGBOROUGH SURGERY,E01026183,ALL,1
GP_PRAC_PAT_LIST,01/07/2026,C83058,WASHINGBOROUGH SURGERY,E01026184,ALL,2
GP_PRAC_PAT_LIST,01/07/2026,C83058,WASHINGBOROUGH SURGERY,E01026186,ALL,5
GP_PRAC_PAT_LIST,01/07/2026,C83058,WASHINGBOROUGH SURGERY,E01026187,ALL,18
GP_PRAC_PAT_LIST,01/07/2026,C83058,WASHINGBOROUGH SURGERY,E01026188,ALL,1
GP_PRAC_PAT_LIST,01/07/2026,C83058,WASHINGBOROUGH SURGERY,E01026189,ALL,1041
GP_PRAC_PAT_LIST,01/07/2026,C83058,WASHINGBOROUGH SURGERY,E01026190,ALL,1096
GP_PRAC_PAT_LIST,01/07/2026,C83058,WASHINGBOROUGH SURGERY,E01026191,ALL,886
GP_PRAC_PAT_LIST,01/07/2026,C83058,WASHINGBOROUGH SURGERY,E01026203,ALL,1947
GP_PRAC_PAT_LIST,01/07/2026,C83058,WASHINGBOROUGH SURGERY,E01026204,ALL,1442
GP_PRAC_PAT_LIST,01/07/2026,C83058,WASHINGBOROUGH SURGERY,E01026205,ALL,1269
GP_PRAC_PAT_LIST,01/07/2026,C83058,WASHINGBOROUGH SURGERY,E01026206,ALL,1439
GP_PRAC_PAT_LIST,01/07/2026,C83058,WASHINGBOROUGH SURGERY,E01026207,ALL,1
GP_PRAC_PAT_LIST,01/07/2026,C83058,WASHINGBOROUGH SURGERY,E01026210,ALL,1
GP_PRAC_PAT_LIST,01/07/2026,C83058,WASHINGBOROUGH SURGERY,E01026211,ALL,320
GP_PRAC_PAT_LIST,01/07/2026,C83058,WASHINGBOROUGH SURGERY,E01026220,ALL,1
GP_PRAC_PAT_LIST,01/07/2026,C83058,WASHINGBOROUGH SURGERY,E01026405,ALL,2
GP_PRAC_PAT_LIST,01/07/2026,C83058,WASHINGBOROUGH SURGERY,E01026411,ALL,1
GP_PRAC_PAT_LIST,01/07/2026,C83058,WASHINGBOROUGH SURGERY,E01032953,ALL,1
GP_PRAC_PAT_LIST,01/07/2026,C83058,WASHINGBOROUGH SURGERY,E01032991,ALL,4
GP_PRAC_PAT_LIST,01/07/2026,C83058,WASHINGBOROUGH SURGERY,EMPTY,ALL,9
GP_PRAC_PAT_LIST,01/07/2026,C83059,GREYFRIARS SURGERY,CLOSED,ALL,3
GP_PRAC_PAT_LIST,01/07/2026,C83059,GREYFRIARS SURGERY,E01000538,ALL,1
GP_PRAC_PAT_LIST,01/07/2026,C83059,GREYFRIARS SURGERY,E01015281,ALL,1
GP_PRAC_PAT_LIST,01/07/2026,C83059,GREYFRIARS SURGERY,E01015661,ALL,1
GP_PRAC_PAT_LIST,01/07/2026,C83059,GREYFRIARS SURGERY,E01015692,ALL,1
GP_PRAC_PAT_LIST,01/07/2026,C83059,GREYFRIARS SURGERY,E01023750,ALL,1
GP_PRAC_PAT_LIST,01/07/2026,C83059,GREYFRIARS SURGERY,E01024558,ALL,1
GP_PRAC_PAT_LIST,01/07/2026,C83059,GREYFRIARS SURGERY,E01026007,ALL,172
GP_PRAC_PAT_LIST,01/07/2026,C83059,GREYFRIARS SURGERY,E01026008,ALL,208
GP_PRAC_PAT_LIST,01/07/2026,C83059,GREYFRIARS SURGERY,E01026009,ALL,121
GP_PRAC_PAT_LIST,01/07/2026,C83059,GREYFRIARS SURGERY,E01026010,ALL,504
GP_PRAC_PAT_LIST,01/07/2026,C83059,GREYFRIARS SURGERY,E01026012,ALL,438
GP_PRAC_PAT_LIST,01/07/2026,C83059,GREYFRIARS SURGERY,E01026013,ALL,455
GP_PRAC_PAT_LIST,01/07/2026,C83059,GREYFRIARS SURGERY,E01026014,ALL,584
GP_PRAC_PAT_LIST,01/07/2026,C83059,GREYFRIARS SURGERY,E01026015,ALL,605
GP_PRAC_PAT_LIST,01/07/2026,C83059,GREYFRIARS SURGERY,E01026016,ALL,35
GP_PRAC_PAT_LIST,01/07/2026,C83059,GREYFRIARS SURGERY,E01026017,ALL,33
GP_PRAC_PAT_LIST,01/07/2026,C83059,GREYFRIARS SURGERY,E01026018,ALL,131
GP_PRAC_PAT_LIST,01/07/2026,C83059,GREYFRIARS SURGERY,E01026019,ALL,166
GP_PRAC_PAT_LIST,01/07/2026,C83059,GREYFRIARS SURGERY,E01026020,ALL,202
GP_PRAC_PAT_LIST,01/07/2026,C83059,GREYFRIARS SURGERY,E01026021,ALL,386
GP_PRAC_PAT_LIST,01/07/2026,C83059,GREYFRIARS SURGERY,E01026022,ALL,410
GP_PRAC_PAT_LIST,01/07/2026,C83059,GREYFRIARS SURGERY,E01026023,ALL,13
GP_PRAC_PAT_LIST,01/07/2026,C83059,GREYFRIARS SURGERY,E01026024,ALL,53
GP_PRAC_PAT_LIST,01/07/2026,C83059,GREYFRIARS SURGERY,E01026025,ALL,865
GP_PRAC_PAT_LIST,01/07/2026,C83059,GREYFRIARS SURGERY,E01026026,ALL,659
GP_PRAC_PAT_LIST,01/07/2026,C83059,GREYFRIARS SURGERY,E01026027,ALL,628
GP_PRAC_PAT_LIST,01/07/2026,C83059,GREYFRIARS SURGERY,E01026028,ALL,565
GP_PRAC_PAT_LIST,01/07/2026,C83059,GREYFRIARS SURGERY,E01026030,ALL,579
GP_PRAC_PAT_LIST,01/07/2026,C83059,GREYFRIARS SURGERY,E01026031,ALL,426
GP_PRAC_PAT_LIST,01/07/2026,C83059,GREYFRIARS SURGERY,E01026032,ALL,513
GP_PRAC_PAT_LIST,01/07/2026,C83059,GREYFRIARS SURGERY,E01026033,ALL,101
GP_PRAC_PAT_LIST,01/07/2026,C83059,GREYFRIARS SURGERY,E01026034,ALL,31
GP_PRAC_PAT_LIST,01/07/2026,C83059,GREYFRIARS SURGERY,E01026035,ALL,468
GP_PRAC_PAT_LIST,01/07/2026,C83059,GREYFRIARS SURGERY,E01026036,ALL,369
GP_PRAC_PAT_LIST,01/07/2026,C83059,GREYFRIARS SURGERY,E01026037,ALL,412
GP_PRAC_PAT_LIST,01/07/2026,C83059,GREYFRIARS SURGERY,E01026038,ALL,314
GP_PRAC_PAT_LIST,01/07/2026,C83059,GREYFRIARS SURGERY,E01026039,ALL,194
GP_PRAC_PAT_LIST,01/07/2026,C83059,GREYFRIARS SURGERY,E01026040,ALL,331
GP_PRAC_PAT_LIST,01/07/2026,C83059,GREYFRIARS SURGERY,E01026041,ALL,201
GP_PRAC_PAT_LIST,01/07/2026,C83059,GREYFRIARS SURGERY,E01026052,ALL,1
GP_PRAC_PAT_LIST,01/07/2026,C83059,GREYFRIARS SURGERY,E01026057,ALL,163
GP_PRAC_PAT_LIST,01/07/2026,C83059,GREYFRIARS SURGERY,E01026075,ALL,9
GP_PRAC_PAT_LIST,01/07/2026,C83059,GREYFRIARS SURGERY,E01026095,ALL,1
GP_PRAC_PAT_LIST,01/07/2026,C83059,GREYFRIARS SURGERY,E01026098,ALL,172
GP_PRAC_PAT_LIST,01/07/2026,C83059,GREYFRIARS SURGERY,E01026102,ALL,13
GP_PRAC_PAT_LIST,01/07/2026,C83059,GREYFRIARS SURGERY,E01026111,ALL,11
GP_PRAC_PAT_LIST,01/07/2026,C83059,GREYFRIARS SURGERY,E01026114,ALL,1
GP_PRAC_PAT_LIST,01/07/2026,C83059,GREYFRIARS SURGERY,E01026124,ALL,1
GP_PRAC_PAT_LIST,01/07/2026,C83059,GREYFRIARS SURGERY,E01026125,ALL,1
GP_PRAC_PAT_LIST,01/07/2026,C83059,GREYFRIARS SURGERY,E01026200,ALL,4
GP_PRAC_PAT_LIST,01/07/2026,C83059,GREYFRIARS SURGERY,E01026242,ALL,1
GP_PRAC_PAT_LIST,01/07/2026,C83059,GREYFRIARS SURGERY,E01026273,ALL,1
GP_PRAC_PAT_LIST,01/07/2026,C83059,GREYFRIARS SURGERY,E01026275,ALL,1
GP_PRAC_PAT_LIST,01/07/2026,C83059,GREYFRIARS SURGERY,E01026277,ALL,1
GP_PRAC_PAT_LIST,01/07/2026,C83059,GREYFRIARS SURGERY,E01027891,ALL,1
GP_PRAC_PAT_LIST,01/07/2026,C83059,GREYFRIARS SURGERY,E01028762,ALL,1
GP_PRAC_PAT_LIST,01/07/2026,C83059,GREYFRIARS SURGERY,E01032522,ALL,1
GP_PRAC_PAT_LIST,01/07/2026,C83059,GREYFRIARS SURGERY,E01033039,ALL,1
GP_PRAC_PAT_LIST,01/07/2026,C83059,GREYFRIARS SURGERY,E01034020,ALL,1
GP_PRAC_PAT_LIST,01/07/2026,C83059,GREYFRIARS SURGERY,E01034679,ALL,298
GP_PRAC_PAT_LIST,01/07/2026,C83059,GREYFRIARS SURGERY,E01034680,ALL,411
GP_PRAC_PAT_LIST,01/07/2026,C83059,GREYFRIARS SURGERY,E01034681,ALL,348
GP_PRAC_PAT_LIST,01/07/2026,C83059,GREYFRIARS SURGERY,E01034682,ALL,435
GP_PRAC_PAT_LIST,01/07/2026,C83059,GREYFRIARS SURGERY,E01034683,ALL,342
GP_PRAC_PAT_LIST,01/07/2026,C83059,GREYFRIARS SURGERY,E01034684,ALL,404
GP_PRAC_PAT_LIST,01/07/2026,C83059,GREYFRIARS SURGERY,E01034695,ALL,1
GP_PRAC_PAT_LIST,01/07/2026,C83059,GREYFRIARS SURGERY,EMPTY,ALL,16
GP_PRAC_PAT_LIST,01/07/2026,C83059,GREYFRIARS SURGERY,S01015592,ALL,1
GP_PRAC_PAT_LIST,01/07/2026,C83060,THE SIDINGS MEDICAL PRACTICE,CLOSED,ALL,1
GP_PRAC_PAT_LIST,01/07/2026,C83060,THE SIDINGS MEDICAL PRACTICE,E01000469,ALL,2
GP_PRAC_PAT_LIST,01/07/2026,C83060,THE SIDINGS MEDICAL PRACTICE,E01000521,ALL,1
GP_PRAC_PAT_LIST,01/07/2026,C83060,THE SIDINGS MEDICAL PRACTICE,E01001397,ALL,1
GP_PRAC_PAT_LIST,01/07/2026,C83060,THE SIDINGS MEDICAL PRACTICE,E01003345,ALL,1
GP_PRAC_PAT_LIST,01/07/2026,C83060,THE SIDINGS MEDICAL PRACTICE,E01005593,ALL,1
GP_PRAC_PAT_LIST,01/07/2026,C83060,THE SIDINGS MEDICAL PRACTICE,E01007325,ALL,1
GP_PRAC_PAT_LIST,01/07/2026,C83060,THE SIDINGS MEDICAL PRACTICE,E01007557,ALL,1
GP_PRAC_PAT_LIST,01/07/2026,C83060,THE SIDINGS MEDICAL PRACTICE,E01009461,ALL,1
GP_PRAC_PAT_LIST,01/07/2026,C83060,THE SIDINGS MEDICAL PRACTICE,E01009741,ALL,1
GP_PRAC_PAT_LIST,01/07/2026,C83060,THE SIDINGS MEDICAL PRACTICE,E01010314,ALL,1
GP_PRAC_PAT_LIST,01/07/2026,C83060,THE SIDINGS MEDICAL PRACTICE,E01012819,ALL,1
GP_PRAC_PAT_LIST,01/07/2026,C83060,THE SIDINGS MEDICAL PRACTICE,E01013047,ALL,1
GP_PRAC_PAT_LIST,01/07/2026,C83060,THE SIDINGS MEDICAL PRACTICE,E01013138,ALL,1
GP_PRAC_PAT_LIST,01/07/2026,C83060,THE SIDINGS MEDICAL PRACTICE,E01013254,ALL,1
GP_PRAC_PAT_LIST,01/07/2026,C83060,THE SIDINGS MEDICAL PRACTICE,E01013572,ALL,1
GP_PRAC_PAT_LIST,01/07/2026,C83060,THE SIDINGS MEDICAL PRACTICE,E01013636,ALL,1
GP_PRAC_PAT_LIST,01/07/2026,C83060,THE SIDINGS MEDICAL PRACTICE,E01013804,ALL,1
GP_PRAC_PAT_LIST,01/07/2026,C83060,THE SIDINGS MEDICAL PRACTICE,E01013921,ALL,1
GP_PRAC_PAT_LIST,01/07/2026,C83060,THE SIDINGS MEDICAL PRACTICE,E01013957,ALL,1
GP_PRAC_PAT_LIST,01/07/2026,C83060,THE SIDINGS MEDICAL PRACTICE,E01014327,ALL,1
GP_PRAC_PAT_LIST,01/07/2026,C83060,THE SIDINGS MEDICAL PRACTICE,E01015032,ALL,1
GP_PRAC_PAT_LIST,01/07/2026,C83060,THE SIDINGS MEDICAL PRACTICE,E01015599,ALL,1
GP_PRAC_PAT_LIST,01/07/2026,C83060,THE SIDINGS MEDICAL PRACTICE,E01015659,ALL,1
GP_PRAC_PAT_LIST,01/07/2026,C83060,THE SIDINGS MEDICAL PRACTICE,E01015661,ALL,3
GP_PRAC_PAT_LIST,01/07/2026,C83060,THE SIDINGS MEDICAL PRACTICE,E01016477,ALL,1
GP_PRAC_PAT_LIST,01/07/2026,C83060,THE SIDINGS MEDICAL PRACTICE,E01018090,ALL,1
GP_PRAC_PAT_LIST,01/07/2026,C83060,THE SIDINGS MEDICAL PRACTICE,E01018145,ALL,2
GP_PRAC_PAT_LIST,01/07/2026,C83060,THE SIDINGS MEDICAL PRACTICE,E01018157,ALL,1
GP_PRAC_PAT_LIST,01/07/2026,C83060,THE SIDINGS MEDICAL PRACTICE,E01018439,ALL,1
GP_PRAC_PAT_LIST,01/07/2026,C83060,THE SIDINGS MEDICAL PRACTICE,E01019194,ALL,1
GP_PRAC_PAT_LIST,01/07/2026,C83060,THE SIDINGS MEDICAL PRACTICE,E01021306,ALL,1
GP_PRAC_PAT_LIST,01/07/2026,C83060,THE SIDINGS MEDICAL PRACTICE,E01021370,ALL,1
GP_PRAC_PAT_LIST,01/07/2026,C83060,THE SIDINGS MEDICAL PRACTICE,E01021382,ALL,1
GP_PRAC_PAT_LIST,01/07/2026,C83060,THE SIDINGS MEDICAL PRACTICE,E01022388,ALL,1
GP_PRAC_PAT_LIST,01/07/2026,C83060,THE SIDINGS MEDICAL PRACTICE,E01023163,ALL,1
GP_PRAC_PAT_LIST,01/07/2026,C83060,THE SIDINGS MEDICAL PRACTICE,E01024706,ALL,1
GP_PRAC_PAT_LIST,01/07/2026,C83060,THE SIDINGS MEDICAL PRACTICE,E01026007,ALL,150
GP_PRAC_PAT_LIST,01/07/2026,C83060,THE SIDINGS MEDICAL PRACTICE,E01026008,ALL,186
GP_PRAC_PAT_LIST,01/07/2026,C83060,THE SIDINGS MEDICAL PRACTICE,E01026009,ALL,100
GP_PRAC_PAT_LIST,01/07/2026,C83060,THE SIDINGS MEDICAL PRACTICE,E01026010,ALL,717
GP_PRAC_PAT_LIST,01/07/2026,C83060,THE SIDINGS MEDICAL PRACTICE,E01026012,ALL,293
GP_PRAC_PAT_LIST,01/07/2026,C83060,THE SIDINGS MEDICAL PRACTICE,E01026013,ALL,401
GP_PRAC_PAT_LIST,01/07/2026,C83060,THE SIDINGS MEDICAL PRACTICE,E01026014,ALL,464
GP_PRAC_PAT_LIST,01/07/2026,C83060,THE SIDINGS MEDICAL PRACTICE,E01026015,ALL,484
GP_PRAC_PAT_LIST,01/07/2026,C83060,THE SIDINGS MEDICAL PRACTICE,E01026016,ALL,28
GP_PRAC_PAT_LIST,01/07/2026,C83060,THE SIDINGS MEDICAL PRACTICE,E01026017,ALL,5
GP_PRAC_PAT_LIST,01/07/2026,C83060,THE SIDINGS MEDICAL PRACTICE,E01026018,ALL,205
GP_PRAC_PAT_LIST,01/07/2026,C83060,THE SIDINGS MEDICAL PRACTICE,E01026019,ALL,159
GP_PRAC_PAT_LIST,01/07/2026,C83060,THE SIDINGS MEDICAL PRACTICE,E01026020,ALL,211
GP_PRAC_PAT_LIST,01/07/2026,C83060,THE SIDINGS MEDICAL PRACTICE,E01026021,ALL,328
GP_PRAC_PAT_LIST,01/07/2026,C83060,THE SIDINGS MEDICAL PRACTICE,E01026022,ALL,378
GP_PRAC_PAT_LIST,01/07/2026,C83060,THE SIDINGS MEDICAL PRACTICE,E01026023,ALL,10
GP_PRAC_PAT_LIST,01/07/2026,C83060,THE SIDINGS MEDICAL PRACTICE,E01026024,ALL,31
GP_PRAC_PAT_LIST,01/07/2026,C83060,THE SIDINGS MEDICAL PRACTICE,E01026025,ALL,583
GP_PRAC_PAT_LIST,01/07/2026,C83060,THE SIDINGS MEDICAL PRACTICE,E01026026,ALL,660
GP_PRAC_PAT_LIST,01/07/2026,C83060,THE SIDINGS MEDICAL PRACTICE,E01026027,ALL,422
GP_PRAC_PAT_LIST,01/07/2026,C83060,THE SIDINGS MEDICAL PRACTICE,E01026028,ALL,362
GP_PRAC_PAT_LIST,01/07/2026,C83060,THE SIDINGS MEDICAL PRACTICE,E01026030,ALL,1210
GP_PRAC_PAT_LIST,01/07/2026,C83060,THE SIDINGS MEDICAL PRACTICE,E01026031,ALL,634
GP_PRAC_PAT_LIST,01/07/2026,C83060,THE SIDINGS MEDICAL PRACTICE,E01026032,ALL,997
GP_PRAC_PAT_LIST,01/07/2026,C83060,THE SIDINGS MEDICAL PRACTICE,E01026033,ALL,127
GP_PRAC_PAT_LIST,01/07/2026,C83060,THE SIDINGS MEDICAL PRACTICE,E01026034,ALL,39
GP_PRAC_PAT_LIST,01/07/2026,C83060,THE SIDINGS MEDICAL PRACTICE,E01026035,ALL,852
GP_PRAC_PAT_LIST,01/07/2026,C83060,THE SIDINGS MEDICAL PRACTICE,E01026036,ALL,404
GP_PRAC_PAT_LIST,01/07/2026,C83060,THE SIDINGS MEDICAL PRACTICE,E01026037,ALL,479
GP_PRAC_PAT_LIST,01/07/2026,C83060,THE SIDINGS MEDICAL PRACTICE,E01026038,ALL,307
GP_PRAC_PAT_LIST,01/07/2026,C83060,THE SIDINGS MEDICAL PRACTICE,E01026039,ALL,193
GP_PRAC_PAT_LIST,01/07/2026,C83060,THE SIDINGS MEDICAL PRACTICE,E01026040,ALL,362
GP_PRAC_PAT_LIST,01/07/2026,C83060,THE SIDINGS MEDICAL PRACTICE,E01026041,ALL,182
GP_PRAC_PAT_LIST,01/07/2026,C83060,THE SIDINGS MEDICAL PRACTICE,E01026048,ALL,1
GP_PRAC_PAT_LIST,01/07/2026,C83060,THE SIDINGS MEDICAL PRACTICE,E01026051,ALL,1
GP_PRAC_PAT_LIST,01/07/2026,C83060,THE SIDINGS MEDICAL PRACTICE,E01026054,ALL,3
GP_PRAC_PAT_LIST,01/07/2026,C83060,THE SIDINGS MEDICAL PRACTICE,E01026055,ALL,2
GP_PRAC_PAT_LIST,01/07/2026,C83060,THE SIDINGS MEDICAL PRACTICE,E01026056,ALL,1
GP_PRAC_PAT_LIST,01/07/2026,C83060,THE SIDINGS MEDICAL PRACTICE,E01026057,ALL,151
GP_PRAC_PAT_LIST,01/07/2026,C83060,THE SIDINGS MEDICAL PRACTICE,E01026058,ALL,1
GP_PRAC_PAT_LIST,01/07/2026,C83060,THE SIDINGS MEDICAL PRACTICE,E01026065,ALL,1
GP_PRAC_PAT_LIST,01/07/2026,C83060,THE SIDINGS MEDICAL PRACTICE,E01026074,ALL,1
GP_PRAC_PAT_LIST,01/07/2026,C83060,THE SIDINGS MEDICAL PRACTICE,E01026075,ALL,8
GP_PRAC_PAT_LIST,01/07/2026,C83060,THE SIDINGS MEDICAL PRACTICE,E01026084,ALL,1
GP_PRAC_PAT_LIST,01/07/2026,C83060,THE SIDINGS MEDICAL PRACTICE,E01026095,ALL,2
GP_PRAC_PAT_LIST,01/07/2026,C83060,THE SIDINGS MEDICAL PRACTICE,E01026098,ALL,134
GP_PRAC_PAT_LIST,01/07/2026,C83060,THE SIDINGS MEDICAL PRACTICE,E01026099,ALL,1
GP_PRAC_PAT_LIST,01/07/2026,C83060,THE SIDINGS MEDICAL PRACTICE,E01026102,ALL,6
GP_PRAC_PAT_LIST,01/07/2026,C83060,THE SIDINGS MEDICAL PRACTICE,E01026108,ALL,1
GP_PRAC_PAT_LIST,01/07/2026,C83060,THE SIDINGS MEDICAL PRACTICE,E01026111,ALL,3
GP_PRAC_PAT_LIST,01/07/2026,C83060,THE SIDINGS MEDICAL PRACTICE,E01026115,ALL,1
GP_PRAC_PAT_LIST,01/07/2026,C83060,THE SIDINGS MEDICAL PRACTICE,E01026120,ALL,1
GP_PRAC_PAT_LIST,01/07/2026,C83060,THE SIDINGS MEDICAL PRACTICE,E01026125,ALL,1
GP_PRAC_PAT_LIST,01/07/2026,C83060,THE SIDINGS MEDICAL PRACTICE,E01026147,ALL,1
GP_PRAC_PAT_LIST,01/07/2026,C83060,THE SIDINGS MEDICAL PRACTICE,E01026149,ALL,1
GP_PRAC_PAT_LIST,01/07/2026,C83060,THE SIDINGS MEDICAL PRACTICE,E01026174,ALL,1
GP_PRAC_PAT_LIST,01/07/2026,C83060,THE SIDINGS MEDICAL PRACTICE,E01026176,ALL,1
GP_PRAC_PAT_LIST,01/07/2026,C83060,THE SIDINGS MEDICAL PRACTICE,E01026180,ALL,1
GP_PRAC_PAT_LIST,01/07/2026,C83060,THE SIDINGS MEDICAL PRACTICE,E01026183,ALL,6
GP_PRAC_PAT_LIST,01/07/2026,C83060,THE SIDINGS MEDICAL PRACTICE,E01026199,ALL,1
GP_PRAC_PAT_LIST,01/07/2026,C83060,THE SIDINGS MEDICAL PRACTICE,E01026201,ALL,1
GP_PRAC_PAT_LIST,01/07/2026,C83060,THE SIDINGS MEDICAL PRACTICE,E01026202,ALL,1
GP_PRAC_PAT_LIST,01/07/2026,C83060,THE SIDINGS MEDICAL PRACTICE,E01026208,ALL,1
GP_PRAC_PAT_LIST,01/07/2026,C83060,THE SIDINGS MEDICAL PRACTICE,E01026210,ALL,1
GP_PRAC_PAT_LIST,01/07/2026,C83060,THE SIDINGS MEDICAL PRACTICE,E01026211,ALL,1
GP_PRAC_PAT_LIST,01/07/2026,C83060,THE SIDINGS MEDICAL PRACTICE,E01026227,ALL,2
GP_PRAC_PAT_LIST,01/07/2026,C83060,THE SIDINGS MEDICAL PRACTICE,E01026231,ALL,1
GP_PRAC_PAT_LIST,01/07/2026,C83060,THE SIDINGS MEDICAL PRACTICE,E01026240,ALL,1
GP_PRAC_PAT_LIST,01/07/2026,C83060,THE SIDINGS MEDICAL PRACTICE,E01026242,ALL,1
GP_PRAC_PAT_LIST,01/07/2026,C83060,THE SIDINGS MEDICAL PRACTICE,E01026243,ALL,3
GP_PRAC_PAT_LIST,01/07/2026,C83060,THE SIDINGS MEDICAL PRACTICE,E01026249,ALL,1
GP_PRAC_PAT_LIST,01/07/2026,C83060,THE SIDINGS MEDICAL PRACTICE,E01026253,ALL,1
GP_PRAC_PAT_LIST,01/07/2026,C83060,THE SIDINGS MEDICAL PRACTICE,E01026254,ALL,1
GP_PRAC_PAT_LIST,01/07/2026,C83060,THE SIDINGS MEDICAL PRACTICE,E01026256,ALL,1
GP_PRAC_PAT_LIST,01/07/2026,C83060,THE SIDINGS MEDICAL PRACTICE,E01026258,ALL,1
GP_PRAC_PAT_LIST,01/07/2026,C83060,THE SIDINGS MEDICAL PRACTICE,E01026260,ALL,5
GP_PRAC_PAT_LIST,01/07/2026,C83060,THE SIDINGS MEDICAL PRACTICE,E01026266,ALL,7
GP_PRAC_PAT_LIST,01/07/2026,C83060,THE SIDINGS MEDICAL PRACTICE,E01026270,ALL,1
GP_PRAC_PAT_LIST,01/07/2026,C83060,THE SIDINGS MEDICAL PRACTICE,E01026275,ALL,1
GP_PRAC_PAT_LIST,01/07/2026,C83060,THE SIDINGS MEDICAL PRACTICE,E01026276,ALL,1
GP_PRAC_PAT_LIST,01/07/2026,C83060,THE SIDINGS MEDICAL PRACTICE,E01026284,ALL,1
GP_PRAC_PAT_LIST,01/07/2026,C83060,THE SIDINGS MEDICAL PRACTICE,E01026286,ALL,1
GP_PRAC_PAT_LIST,01/07/2026,C83060,THE SIDINGS MEDICAL PRACTICE,E01026323,ALL,1
GP_PRAC_PAT_LIST,01/07/2026,C83060,THE SIDINGS MEDICAL PRACTICE,E01026347,ALL,1
GP_PRAC_PAT_LIST,01/07/2026,C83060,THE SIDINGS MEDICAL PRACTICE,E01026363,ALL,1
GP_PRAC_PAT_LIST,01/07/2026,C83060,THE SIDINGS MEDICAL PRACTICE,E01027504,ALL,1
GP_PRAC_PAT_LIST,01/07/2026,C83060,THE SIDINGS MEDICAL PRACTICE,E01027949,ALL,1
GP_PRAC_PAT_LIST,01/07/2026,C83060,THE SIDINGS MEDICAL PRACTICE,E01028254,ALL,1
GP_PRAC_PAT_LIST,01/07/2026,C83060,THE SIDINGS MEDICAL PRACTICE,E01029820,ALL,1
GP_PRAC_PAT_LIST,01/07/2026,C83060,THE SIDINGS MEDICAL PRACTICE,E01030750,ALL,1
GP_PRAC_PAT_LIST,01/07/2026,C83060,THE SIDINGS MEDICAL PRACTICE,E01031063,ALL,1
GP_PRAC_PAT_LIST,01/07/2026,C83060,THE SIDINGS MEDICAL PRACTICE,E01032489,ALL,4
GP_PRAC_PAT_LIST,01/07/2026,C83060,THE SIDINGS MEDICAL PRACTICE,E01032996,ALL,1
GP_PRAC_PAT_LIST,01/07/2026,C83060,THE SIDINGS MEDICAL PRACTICE,E01033011,ALL,1
GP_PRAC_PAT_LIST,01/07/2026,C83060,THE SIDINGS MEDICAL PRACTICE,E01033104,ALL,1
GP_PRAC_PAT_LIST,01/07/2026,C83060,THE SIDINGS MEDICAL PRACTICE,E01033716,ALL,1
GP_PRAC_PAT_LIST,01/07/2026,C83060,THE SIDINGS MEDICAL PRACTICE,E01034089,ALL,1
GP_PRAC_PAT_LIST,01/07/2026,C83060,THE SIDINGS MEDICAL PRACTICE,E01034215,ALL,1
GP_PRAC_PAT_LIST,01/07/2026,C83060,THE SIDINGS MEDICAL PRACTICE,E01034401,ALL,1
GP_PRAC_PAT_LIST,01/07/2026,C83060,THE SIDINGS MEDICAL PRACTICE,E01034679,ALL,615
GP_PRAC_PAT_LIST,01/07/2026,C83060,THE SIDINGS MEDICAL PRACTICE,E01034680,ALL,667
GP_PRAC_PAT_LIST,01/07/2026,C83060,THE SIDINGS MEDICAL PRACTICE,E01034681,ALL,541
GP_PRAC_PAT_LIST,01/07/2026,C83060,THE SIDINGS MEDICAL PRACTICE,E01034682,ALL,388
GP_PRAC_PAT_LIST,01/07/2026,C83060,THE SIDINGS MEDICAL PRACTICE,E01034683,ALL,304
GP_PRAC_PAT_LIST,01/07/2026,C83060,THE SIDINGS MEDICAL PRACTICE,E01034684,ALL,388
GP_PRAC_PAT_LIST,01/07/2026,C83060,THE SIDINGS MEDICAL PRACTICE,E01034686,ALL,1
GP_PRAC_PAT_LIST,01/07/2026,C83060,THE SIDINGS MEDICAL PRACTICE,E01034697,ALL,3
GP_PRAC_PAT_LIST,01/07/2026,C83060,THE SIDINGS MEDICAL PRACTICE,E01034698,ALL,3
GP_PRAC_PAT_LIST,01/07/2026,C83060,THE SIDINGS MEDICAL PRACTICE,E01034699,ALL,1
GP_PRAC_PAT_LIST,01/07/2026,C83060,THE SIDINGS MEDICAL PRACTICE,E01035418,ALL,1
GP_PRAC_PAT_LIST,01/07/2026,C83060,THE SIDINGS MEDICAL PRACTICE,E01035473,ALL,1
GP_PRAC_PAT_LIST,01/07/2026,C83060,THE SIDINGS MEDICAL PRACTICE,E01035554,ALL,1
GP_PRAC_PAT_LIST,01/07/2026,C83060,THE SIDINGS MEDICAL PRACTICE,EMPTY,ALL,7
GP_PRAC_PAT_LIST,01/07/2026,C83060,THE SIDINGS MEDICAL PRACTICE,W01001436,ALL,1
GP_PRAC_PAT_LIST,01/07/2026,C83061,NORTH THORESBY SURGERY,CLOSED,ALL,3
GP_PRAC_PAT_LIST,01/07/2026,C83061,NORTH THORESBY SURGERY,E01008066,ALL,1
GP_PRAC_PAT_LIST,01/07/2026,C83061,NORTH THORESBY SURGERY,E01012903,ALL,1
GP_PRAC_PAT_LIST,01/07/2026,C83061,NORTH THORESBY SURGERY,E01013028,ALL,1
GP_PRAC_PAT_LIST,01/07/2026,C83061,NORTH THORESBY SURGERY,E01013129,ALL,2
GP_PRAC_PAT_LIST,01/07/2026,C83061,NORTH THORESBY SURGERY,E01013132,ALL,1
GP_PRAC_PAT_LIST,01/07/2026,C83061,NORTH THORESBY SURGERY,E01013133,ALL,2
GP_PRAC_PAT_LIST,01/07/2026,C83061,NORTH THORESBY SURGERY,E01013142,ALL,1
GP_PRAC_PAT_LIST,01/07/2026,C83061,NORTH THORESBY SURGERY,E01013143,ALL,1
GP_PRAC_PAT_LIST,01/07/2026,C83061,NORTH THORESBY SURGERY,E01013154,ALL,1
GP_PRAC_PAT_LIST,01/07/2026,C83061,NORTH THORESBY SURGERY,E01013155,ALL,1
GP_PRAC_PAT_LIST,01/07/2026,C83061,NORTH THORESBY SURGERY,E01013156,ALL,1
GP_PRAC_PAT_LIST,01/07/2026,C83061,NORTH THORESBY SURGERY,E01013157,ALL,5
GP_PRAC_PAT_LIST,01/07/2026,C83061,NORTH THORESBY SURGERY,E01013158,ALL,2
GP_PRAC_PAT_LIST,01/07/2026,C83061,NORTH THORESBY SURGERY,E01013163,ALL,1
GP_PRAC_PAT_LIST,01/07/2026,C83061,NORTH THORESBY SURGERY,E01013165,ALL,1
GP_PRAC_PAT_LIST,01/07/2026,C83061,NORTH THORESBY SURGERY,E01013167,ALL,22
GP_PRAC_PAT_LIST,01/07/2026,C83061,NORTH THORESBY SURGERY,E01013170,ALL,87
GP_PRAC_PAT_LIST,01/07/2026,C83061,NORTH THORESBY SURGERY,E01013171,ALL,219
GP_PRAC_PAT_LIST,01/07/2026,C83061,NORTH THORESBY SURGERY,E01013172,ALL,156
GP_PRAC_PAT_LIST,01/07/2026,C83061,NORTH THORESBY SURGERY,E01013173,ALL,1
GP_PRAC_PAT_LIST,01/07/2026,C83061,NORTH THORESBY SURGERY,E01013177,ALL,1
GP_PRAC_PAT_LIST,01/07/2026,C83061,NORTH THORESBY SURGERY,E01013184,ALL,3
GP_PRAC_PAT_LIST,01/07/2026,C83061,NORTH THORESBY SURGERY,E01013185,ALL,1
GP_PRAC_PAT_LIST,01/07/2026,C83061,NORTH THORESBY SURGERY,E01013187,ALL,1
GP_PRAC_PAT_LIST,01/07/2026,C83061,NORTH THORESBY SURGERY,E01013188,ALL,1
GP_PRAC_PAT_LIST,01/07/2026,C83061,NORTH THORESBY SURGERY,E01013189,ALL,6
GP_PRAC_PAT_LIST,01/07/2026,C83061,NORTH THORESBY SURGERY,E01013191,ALL,2
GP_PRAC_PAT_LIST,01/07/2026,C83061,NORTH THORESBY SURGERY,E01013192,ALL,3
GP_PRAC_PAT_LIST,01/07/2026,C83061,NORTH THORESBY SURGERY,E01013193,ALL,5
GP_PRAC_PAT_LIST,01/07/2026,C83061,NORTH THORESBY SURGERY,E01013194,ALL,1
GP_PRAC_PAT_LIST,01/07/2026,C83061,NORTH THORESBY SURGERY,E01013196,ALL,2
GP_PRAC_PAT_LIST,01/07/2026,C83061,NORTH THORESBY SURGERY,E01013198,ALL,1
GP_PRAC_PAT_LIST,01/07/2026,C83061,NORTH THORESBY SURGERY,E01013199,ALL,1
GP_PRAC_PAT_LIST,01/07/2026,C83061,NORTH THORESBY SURGERY,E01013201,ALL,1
GP_PRAC_PAT_LIST,01/07/2026,C83061,NORTH THORESBY SURGERY,E01013202,ALL,1
GP_PRAC_PAT_LIST,01/07/2026,C83061,NORTH THORESBY SURGERY,E01013204,ALL,1
GP_PRAC_PAT_LIST,01/07/2026,C83061,NORTH THORESBY SURGERY,E01013207,ALL,5
GP_PRAC_PAT_LIST,01/07/2026,C83061,NORTH THORESBY SURGERY,E01013213,ALL,67
GP_PRAC_PAT_LIST,01/07/2026,C83061,NORTH THORESBY SURGERY,E01013214,ALL,267
GP_PRAC_PAT_LIST,01/07/2026,C83061,NORTH THORESBY SURGERY,E01013215,ALL,165
GP_PRAC_PAT_LIST,01/07/2026,C83061,NORTH THORESBY SURGERY,E01013216,ALL,107
GP_PRAC_PAT_LIST,01/07/2026,C83061,NORTH THORESBY SURGERY,E01013217,ALL,141
GP_PRAC_PAT_LIST,01/07/2026,C83061,NORTH THORESBY SURGERY,E01013221,ALL,2
GP_PRAC_PAT_LIST,01/07/2026,C83061,NORTH THORESBY SURGERY,E01013224,ALL,1
GP_PRAC_PAT_LIST,01/07/2026,C83061,NORTH THORESBY SURGERY,E01013225,ALL,176
GP_PRAC_PAT_LIST,01/07/2026,C83061,NORTH THORESBY SURGERY,E01013227,ALL,1
GP_PRAC_PAT_LIST,01/07/2026,C83061,NORTH THORESBY SURGERY,E01013228,ALL,5
GP_PRAC_PAT_LIST,01/07/2026,C83061,NORTH THORESBY SURGERY,E01013231,ALL,1
GP_PRAC_PAT_LIST,01/07/2026,C83061,NORTH THORESBY SURGERY,E01013287,ALL,1
GP_PRAC_PAT_LIST,01/07/2026,C83061,NORTH THORESBY SURGERY,E01013818,ALL,2
GP_PRAC_PAT_LIST,01/07/2026,C83061,NORTH THORESBY SURGERY,E01026045,ALL,229
GP_PRAC_PAT_LIST,01/07/2026,C83061,NORTH THORESBY SURGERY,E01026046,ALL,2
GP_PRAC_PAT_LIST,01/07/2026,C83061,NORTH THORESBY SURGERY,E01026058,ALL,1
GP_PRAC_PAT_LIST,01/07/2026,C83061,NORTH THORESBY SURGERY,E01026061,ALL,765
GP_PRAC_PAT_LIST,01/07/2026,C83061,NORTH THORESBY SURGERY,E01026062,ALL,769
GP_PRAC_PAT_LIST,01/07/2026,C83061,NORTH THORESBY SURGERY,E01026063,ALL,1024
GP_PRAC_PAT_LIST,01/07/2026,C83061,NORTH THORESBY SURGERY,E01026070,ALL,15
GP_PRAC_PAT_LIST,01/07/2026,C83061,NORTH THORESBY SURGERY,E01026074,ALL,1
GP_PRAC_PAT_LIST,01/07/2026,C83061,NORTH THORESBY SURGERY,E01026076,ALL,762
GP_PRAC_PAT_LIST,01/07/2026,C83061,NORTH THORESBY SURGERY,E01026077,ALL,4
GP_PRAC_PAT_LIST,01/07/2026,C83061,NORTH THORESBY SURGERY,E01026080,ALL,1602
GP_PRAC_PAT_LIST,01/07/2026,C83061,NORTH THORESBY SURGERY,E01026081,ALL,3
GP_PRAC_PAT_LIST,01/07/2026,C83061,NORTH THORESBY SURGERY,E01026088,ALL,1
GP_PRAC_PAT_LIST,01/07/2026,C83061,NORTH THORESBY SURGERY,E01026089,ALL,5
GP_PRAC_PAT_LIST,01/07/2026,C83061,NORTH THORESBY SURGERY,E01026090,ALL,1
GP_PRAC_PAT_LIST,01/07/2026,C83061,NORTH THORESBY SURGERY,E01026091,ALL,13
GP_PRAC_PAT_LIST,01/07/2026,C83061,NORTH THORESBY SURGERY,E01026106,ALL,972
GP_PRAC_PAT_LIST,01/07/2026,C83061,NORTH THORESBY SURGERY,E01026107,ALL,1031
GP_PRAC_PAT_LIST,01/07/2026,C83061,NORTH THORESBY SURGERY,E01026108,ALL,6
GP_PRAC_PAT_LIST,01/07/2026,C83061,NORTH THORESBY SURGERY,E01026367,ALL,4
GP_PRAC_PAT_LIST,01/07/2026,C83061,NORTH THORESBY SURGERY,E01026392,ALL,4
GP_PRAC_PAT_LIST,01/07/2026,C83061,NORTH THORESBY SURGERY,E01026415,ALL,16
GP_PRAC_PAT_LIST,01/07/2026,C83061,NORTH THORESBY SURGERY,E01026416,ALL,8
GP_PRAC_PAT_LIST,01/07/2026,C83061,NORTH THORESBY SURGERY,E01032986,ALL,1
GP_PRAC_PAT_LIST,01/07/2026,C83061,NORTH THORESBY SURGERY,E01032987,ALL,3
GP_PRAC_PAT_LIST,01/07/2026,C83061,NORTH THORESBY SURGERY,E01033177,ALL,1
GP_PRAC_PAT_LIST,01/07/2026,C83061,NORTH THORESBY SURGERY,E01033414,ALL,1
GP_PRAC_PAT_LIST,01/07/2026,C83061,NORTH THORESBY SURGERY,E01035475,ALL,1
GP_PRAC_PAT_LIST,01/07/2026,C83061,NORTH THORESBY SURGERY,E01035476,ALL,51
GP_PRAC_PAT_LIST,01/07/2026,C83061,NORTH THORESBY SURGERY,E01035477,ALL,2
GP_PRAC_PAT_LIST,01/07/2026,C83061,NORTH THORESBY SURGERY,E01035478,ALL,3
GP_PRAC_PAT_LIST,01/07/2026,C83061,NORTH THORESBY SURGERY,E01035479,ALL,67
GP_PRAC_PAT_LIST,01/07/2026,C83061,NORTH THORESBY SURGERY,E01035480,ALL,158
GP_PRAC_PAT_LIST,01/07/2026,C83061,NORTH THORESBY SURGERY,EMPTY,ALL,8
GP_PRAC_PAT_LIST,01/07/2026,C83062,CHURCH WALK SURGERY,CLOSED,ALL,12
GP_PRAC_PAT_LIST,01/07/2026,C83062,CHURCH WALK SURGERY,E01007983,ALL,1
GP_PRAC_PAT_LIST,01/07/2026,C83062,CHURCH WALK SURGERY,E01026052,ALL,1
GP_PRAC_PAT_LIST,01/07/2026,C83062,CHURCH WALK SURGERY,E01026118,ALL,1
GP_PRAC_PAT_LIST,01/07/2026,C83062,CHURCH WALK SURGERY,E01026134,ALL,1
GP_PRAC_PAT_LIST,01/07/2026,C83062,CHURCH WALK SURGERY,E01026154,ALL,1
GP_PRAC_PAT_LIST,01/07/2026,C83062,CHURCH WALK SURGERY,E01026170,ALL,1
GP_PRAC_PAT_LIST,01/07/2026,C83062,CHURCH WALK SURGERY,E01026178,ALL,1
GP_PRAC_PAT_LIST,01/07/2026,C83062,CHURCH WALK SURGERY,E01026179,ALL,440
GP_PRAC_PAT_LIST,01/07/2026,C83062,CHURCH WALK SURGERY,E01026180,ALL,348
GP_PRAC_PAT_LIST,01/07/2026,C83062,CHURCH WALK SURGERY,E01026183,ALL,11
GP_PRAC_PAT_LIST,01/07/2026,C83062,CHURCH WALK SURGERY,E01026184,ALL,14
GP_PRAC_PAT_LIST,01/07/2026,C83062,CHURCH WALK SURGERY,E01026189,ALL,5
GP_PRAC_PAT_LIST,01/07/2026,C83062,CHURCH WALK SURGERY,E01026190,ALL,2
GP_PRAC_PAT_LIST,01/07/2026,C83062,CHURCH WALK SURGERY,E01026191,ALL,63
GP_PRAC_PAT_LIST,01/07/2026,C83062,CHURCH WALK SURGERY,E01026194,ALL,16
GP_PRAC_PAT_LIST,01/07/2026,C83062,CHURCH WALK SURGERY,E01026195,ALL,6
GP_PRAC_PAT_LIST,01/07/2026,C83062,CHURCH WALK SURGERY,E01026197,ALL,30
GP_PRAC_PAT_LIST,01/07/2026,C83062,CHURCH WALK SURGERY,E01026198,ALL,2
GP_PRAC_PAT_LIST,01/07/2026,C83062,CHURCH WALK SURGERY,E01026205,ALL,2
GP_PRAC_PAT_LIST,01/07/2026,C83062,CHURCH WALK SURGERY,E01026206,ALL,1
GP_PRAC_PAT_LIST,01/07/2026,C83062,CHURCH WALK SURGERY,E01026207,ALL,4
GP_PRAC_PAT_LIST,01/07/2026,C83062,CHURCH WALK SURGERY,E01026208,ALL,1
GP_PRAC_PAT_LIST,01/07/2026,C83062,CHURCH WALK SURGERY,E01026210,ALL,412
GP_PRAC_PAT_LIST,01/07/2026,C83062,CHURCH WALK SURGERY,E01026211,ALL,1420
GP_PRAC_PAT_LIST,01/07/2026,C83062,CHURCH WALK SURGERY,E01026212,ALL,1531
GP_PRAC_PAT_LIST,01/07/2026,C83062,CHURCH WALK SURGERY,E01026213,ALL,1589
GP_PRAC_PAT_LIST,01/07/2026,C83062,CHURCH WALK SURGERY,E01026222,ALL,2
GP_PRAC_PAT_LIST,01/07/2026,C83062,CHURCH WALK SURGERY,E01026223,ALL,4
GP_PRAC_PAT_LIST,01/07/2026,C83062,CHURCH WALK SURGERY,E01026224,ALL,4
GP_PRAC_PAT_LIST,01/07/2026,C83062,CHURCH WALK SURGERY,E01026231,ALL,1
GP_PRAC_PAT_LIST,01/07/2026,C83062,CHURCH WALK SURGERY,E01026238,ALL,1
GP_PRAC_PAT_LIST,01/07/2026,C83062,CHURCH WALK SURGERY,E01026240,ALL,1
GP_PRAC_PAT_LIST,01/07/2026,C83062,CHURCH WALK SURGERY,E01026329,ALL,1
GP_PRAC_PAT_LIST,01/07/2026,C83062,CHURCH WALK SURGERY,E01026333,ALL,2
GP_PRAC_PAT_LIST,01/07/2026,C83062,CHURCH WALK SURGERY,E01026366,ALL,1
GP_PRAC_PAT_LIST,01/07/2026,C83062,CHURCH WALK SURGERY,E01026392,ALL,2
GP_PRAC_PAT_LIST,01/07/2026,C83062,CHURCH WALK SURGERY,E01032103,ALL,1
GP_PRAC_PAT_LIST,01/07/2026,C83062,CHURCH WALK SURGERY,E01032994,ALL,1
GP_PRAC_PAT_LIST,01/07/2026,C83062,CHURCH WALK SURGERY,EMPTY,ALL,9
GP_PRAC_PAT_LIST,01/07/2026,C83063,LONG SUTTON MEDICAL CTR.,CLOSED,ALL,10
GP_PRAC_PAT_LIST,01/07/2026,C83063,LONG SUTTON MEDICAL CTR.,E01001856,ALL,1
GP_PRAC_PAT_LIST,01/07/2026,C83063,LONG SUTTON MEDICAL CTR.,E01002346,ALL,1
GP_PRAC_PAT_LIST,01/07/2026,C83063,LONG SUTTON MEDICAL CTR.,E01002781,ALL,1
GP_PRAC_PAT_LIST,01/07/2026,C83063,LONG SUTTON MEDICAL CTR.,E01005920,ALL,1
GP_PRAC_PAT_LIST,01/07/2026,C83063,LONG SUTTON MEDICAL CTR.,E01008186,ALL,1
GP_PRAC_PAT_LIST,01/07/2026,C83063,LONG SUTTON MEDICAL CTR.,E01013398,ALL,1
GP_PRAC_PAT_LIST,01/07/2026,C83063,LONG SUTTON MEDICAL CTR.,E01013759,ALL,1
GP_PRAC_PAT_LIST,01/07/2026,C83063,LONG SUTTON MEDICAL CTR.,E01015052,ALL,1
GP_PRAC_PAT_LIST,01/07/2026,C83063,LONG SUTTON MEDICAL CTR.,E01015425,ALL,1
GP_PRAC_PAT_LIST,01/07/2026,C83063,LONG SUTTON MEDICAL CTR.,E01015465,ALL,1
GP_PRAC_PAT_LIST,01/07/2026,C83063,LONG SUTTON MEDICAL CTR.,E01018073,ALL,1
GP_PRAC_PAT_LIST,01/07/2026,C83063,LONG SUTTON MEDICAL CTR.,E01018087,ALL,1
GP_PRAC_PAT_LIST,01/07/2026,C83063,LONG SUTTON MEDICAL CTR.,E01018097,ALL,664
GP_PRAC_PAT_LIST,01/07/2026,C83063,LONG SUTTON MEDICAL CTR.,E01018107,ALL,1
GP_PRAC_PAT_LIST,01/07/2026,C83063,LONG SUTTON MEDICAL CTR.,E01018109,ALL,1
GP_PRAC_PAT_LIST,01/07/2026,C83063,LONG SUTTON MEDICAL CTR.,E01018198,ALL,1
GP_PRAC_PAT_LIST,01/07/2026,C83063,LONG SUTTON MEDICAL CTR.,E01020606,ALL,1
GP_PRAC_PAT_LIST,01/07/2026,C83063,LONG SUTTON MEDICAL CTR.,E01020813,ALL,1
GP_PRAC_PAT_LIST,01/07/2026,C83063,LONG SUTTON MEDICAL CTR.,E01021289,ALL,1
GP_PRAC_PAT_LIST,01/07/2026,C83063,LONG SUTTON MEDICAL CTR.,E01021820,ALL,1
GP_PRAC_PAT_LIST,01/07/2026,C83063,LONG SUTTON MEDICAL CTR.,E01022249,ALL,1
GP_PRAC_PAT_LIST,01/07/2026,C83063,LONG SUTTON MEDICAL CTR.,E01023198,ALL,1
GP_PRAC_PAT_LIST,01/07/2026,C83063,LONG SUTTON MEDICAL CTR.,E01023546,ALL,1
GP_PRAC_PAT_LIST,01/07/2026,C83063,LONG SUTTON MEDICAL CTR.,E01024195,ALL,1
GP_PRAC_PAT_LIST,01/07/2026,C83063,LONG SUTTON MEDICAL CTR.,E01024682,ALL,1
GP_PRAC_PAT_LIST,01/07/2026,C83063,LONG SUTTON MEDICAL CTR.,E01025219,ALL,1
GP_PRAC_PAT_LIST,01/07/2026,C83063,LONG SUTTON MEDICAL CTR.,E01026041,ALL,1
GP_PRAC_PAT_LIST,01/07/2026,C83063,LONG SUTTON MEDICAL CTR.,E01026239,ALL,1
GP_PRAC_PAT_LIST,01/07/2026,C83063,LONG SUTTON MEDICAL CTR.,E01026243,ALL,1
GP_PRAC_PAT_LIST,01/07/2026,C83063,LONG SUTTON MEDICAL CTR.,E01026245,ALL,426
GP_PRAC_PAT_LIST,01/07/2026,C83063,LONG SUTTON MEDICAL CTR.,E01026246,ALL,1704
GP_PRAC_PAT_LIST,01/07/2026,C83063,LONG SUTTON MEDICAL CTR.,E01026248,ALL,8
GP_PRAC_PAT_LIST,01/07/2026,C83063,LONG SUTTON MEDICAL CTR.,E01026249,ALL,4
GP_PRAC_PAT_LIST,01/07/2026,C83063,LONG SUTTON MEDICAL CTR.,E01026250,ALL,6
GP_PRAC_PAT_LIST,01/07/2026,C83063,LONG SUTTON MEDICAL CTR.,E01026251,ALL,4
GP_PRAC_PAT_LIST,01/07/2026,C83063,LONG SUTTON MEDICAL CTR.,E01026252,ALL,4
GP_PRAC_PAT_LIST,01/07/2026,C83063,LONG SUTTON MEDICAL CTR.,E01026253,ALL,1
GP_PRAC_PAT_LIST,01/07/2026,C83063,LONG SUTTON MEDICAL CTR.,E01026254,ALL,1581
GP_PRAC_PAT_LIST,01/07/2026,C83063,LONG SUTTON MEDICAL CTR.,E01026255,ALL,1997
GP_PRAC_PAT_LIST,01/07/2026,C83063,LONG SUTTON MEDICAL CTR.,E01026256,ALL,1610
GP_PRAC_PAT_LIST,01/07/2026,C83063,LONG SUTTON MEDICAL CTR.,E01026257,ALL,2154
GP_PRAC_PAT_LIST,01/07/2026,C83063,LONG SUTTON MEDICAL CTR.,E01026266,ALL,1
GP_PRAC_PAT_LIST,01/07/2026,C83063,LONG SUTTON MEDICAL CTR.,E01026271,ALL,1
GP_PRAC_PAT_LIST,01/07/2026,C83063,LONG SUTTON MEDICAL CTR.,E01026275,ALL,1
GP_PRAC_PAT_LIST,01/07/2026,C83063,LONG SUTTON MEDICAL CTR.,E01026277,ALL,1771
GP_PRAC_PAT_LIST,01/07/2026,C83063,LONG SUTTON MEDICAL CTR.,E01026278,ALL,1301
GP_PRAC_PAT_LIST,01/07/2026,C83063,LONG SUTTON MEDICAL CTR.,E01026279,ALL,1330
GP_PRAC_PAT_LIST,01/07/2026,C83063,LONG SUTTON MEDICAL CTR.,E01026280,ALL,899
GP_PRAC_PAT_LIST,01/07/2026,C83063,LONG SUTTON MEDICAL CTR.,E01026281,ALL,5
GP_PRAC_PAT_LIST,01/07/2026,C83063,LONG SUTTON MEDICAL CTR.,E01026283,ALL,2
GP_PRAC_PAT_LIST,01/07/2026,C83063,LONG SUTTON MEDICAL CTR.,E01026284,ALL,6
GP_PRAC_PAT_LIST,01/07/2026,C83063,LONG SUTTON MEDICAL CTR.,E01026326,ALL,1
GP_PRAC_PAT_LIST,01/07/2026,C83063,LONG SUTTON MEDICAL CTR.,E01026456,ALL,1
GP_PRAC_PAT_LIST,01/07/2026,C83063,LONG SUTTON MEDICAL CTR.,E01026647,ALL,1
GP_PRAC_PAT_LIST,01/07/2026,C83063,LONG SUTTON MEDICAL CTR.,E01026673,ALL,1
GP_PRAC_PAT_LIST,01/07/2026,C83063,LONG SUTTON MEDICAL CTR.,E01026678,ALL,1
GP_PRAC_PAT_LIST,01/07/2026,C83063,LONG SUTTON MEDICAL CTR.,E01026684,ALL,2
GP_PRAC_PAT_LIST,01/07/2026,C83063,LONG SUTTON MEDICAL CTR.,E01026711,ALL,5
GP_PRAC_PAT_LIST,01/07/2026,C83063,LONG SUTTON MEDICAL CTR.,E01026712,ALL,2
GP_PRAC_PAT_LIST,01/07/2026,C83063,LONG SUTTON MEDICAL CTR.,E01026713,ALL,1
GP_PRAC_PAT_LIST,01/07/2026,C83063,LONG SUTTON MEDICAL CTR.,E01026719,ALL,231
GP_PRAC_PAT_LIST,01/07/2026,C83063,LONG SUTTON MEDICAL CTR.,E01026720,ALL,1
GP_PRAC_PAT_LIST,01/07/2026,C83063,LONG SUTTON MEDICAL CTR.,E01026723,ALL,1
GP_PRAC_PAT_LIST,01/07/2026,C83063,LONG SUTTON MEDICAL CTR.,E01026741,ALL,1
GP_PRAC_PAT_LIST,01/07/2026,C83063,LONG SUTTON MEDICAL CTR.,E01026771,ALL,1
GP_PRAC_PAT_LIST,01/07/2026,C83063,LONG SUTTON MEDICAL CTR.,E01026873,ALL,1
GP_PRAC_PAT_LIST,01/07/2026,C83063,LONG SUTTON MEDICAL CTR.,E01028371,ALL,1
GP_PRAC_PAT_LIST,01/07/2026,C83063,LONG SUTTON MEDICAL CTR.,E01032963,ALL,1
GP_PRAC_PAT_LIST,01/07/2026,C83063,LONG SUTTON MEDICAL CTR.,E01032995,ALL,3
GP_PRAC_PAT_LIST,01/07/2026,C83063,LONG SUTTON MEDICAL CTR.,E01032996,ALL,1
GP_PRAC_PAT_LIST,01/07/2026,C83063,LONG SUTTON MEDICAL CTR.,E01034402,ALL,1
GP_PRAC_PAT_LIST,01/07/2026,C83063,LONG SUTTON MEDICAL CTR.,E01034698,ALL,1
GP_PRAC_PAT_LIST,01/07/2026,C83063,LONG SUTTON MEDICAL CTR.,E01034699,ALL,1
GP_PRAC_PAT_LIST,01/07/2026,C83063,LONG SUTTON MEDICAL CTR.,E01034768,ALL,1
GP_PRAC_PAT_LIST,01/07/2026,C83063,LONG SUTTON MEDICAL CTR.,E01035134,ALL,1
GP_PRAC_PAT_LIST,01/07/2026,C83063,LONG SUTTON MEDICAL CTR.,E01035501,ALL,1
GP_PRAC_PAT_LIST,01/07/2026,C83063,LONG SUTTON MEDICAL CTR.,EMPTY,ALL,3
GP_PRAC_PAT_LIST,01/07/2026,C83064,MARISCO MEDICAL PRACTICE,CLOSED,ALL,1
GP_PRAC_PAT_LIST,01/07/2026,C83064,MARISCO MEDICAL PRACTICE,E01007547,ALL,1
GP_PRAC_PAT_LIST,01/07/2026,C83064,MARISCO MEDICAL PRACTICE,E01007857,ALL,1
GP_PRAC_PAT_LIST,01/07/2026,C83064,MARISCO MEDICAL PRACTICE,E01012824,ALL,1
GP_PRAC_PAT_LIST,01/07/2026,C83064,MARISCO MEDICAL PRACTICE,E01013161,ALL,1
GP_PRAC_PAT_LIST,01/07/2026,C83064,MARISCO MEDICAL PRACTICE,E01013207,ALL,1
GP_PRAC_PAT_LIST,01/07/2026,C83064,MARISCO MEDICAL PRACTICE,E01018925,ALL,1
GP_PRAC_PAT_LIST,01/07/2026,C83064,MARISCO MEDICAL PRACTICE,E01019700,ALL,1
GP_PRAC_PAT_LIST,01/07/2026,C83064,MARISCO MEDICAL PRACTICE,E01019954,ALL,1
GP_PRAC_PAT_LIST,01/07/2026,C83064,MARISCO MEDICAL PRACTICE,E01021840,ALL,1
GP_PRAC_PAT_LIST,01/07/2026,C83064,MARISCO MEDICAL PRACTICE,E01026042,ALL,104
GP_PRAC_PAT_LIST,01/07/2026,C83064,MARISCO MEDICAL PRACTICE,E01026043,ALL,101
GP_PRAC_PAT_LIST,01/07/2026,C83064,MARISCO MEDICAL PRACTICE,E01026044,ALL,311
GP_PRAC_PAT_LIST,01/07/2026,C83064,MARISCO MEDICAL PRACTICE,E01026045,ALL,1
GP_PRAC_PAT_LIST,01/07/2026,C83064,MARISCO MEDICAL PRACTICE,E01026047,ALL,2
GP_PRAC_PAT_LIST,01/07/2026,C83064,MARISCO MEDICAL PRACTICE,E01026048,ALL,49
GP_PRAC_PAT_LIST,01/07/2026,C83064,MARISCO MEDICAL PRACTICE,E01026049,ALL,133
GP_PRAC_PAT_LIST,01/07/2026,C83064,MARISCO MEDICAL PRACTICE,E01026050,ALL,70
GP_PRAC_PAT_LIST,01/07/2026,C83064,MARISCO MEDICAL PRACTICE,E01026055,ALL,2
GP_PRAC_PAT_LIST,01/07/2026,C83064,MARISCO MEDICAL PRACTICE,E01026056,ALL,1
GP_PRAC_PAT_LIST,01/07/2026,C83064,MARISCO MEDICAL PRACTICE,E01026058,ALL,13
GP_PRAC_PAT_LIST,01/07/2026,C83064,MARISCO MEDICAL PRACTICE,E01026059,ALL,5
GP_PRAC_PAT_LIST,01/07/2026,C83064,MARISCO MEDICAL PRACTICE,E01026060,ALL,2
GP_PRAC_PAT_LIST,01/07/2026,C83064,MARISCO MEDICAL PRACTICE,E01026067,ALL,1
GP_PRAC_PAT_LIST,01/07/2026,C83064,MARISCO MEDICAL PRACTICE,E01026068,ALL,12
GP_PRAC_PAT_LIST,01/07/2026,C83064,MARISCO MEDICAL PRACTICE,E01026069,ALL,32
GP_PRAC_PAT_LIST,01/07/2026,C83064,MARISCO MEDICAL PRACTICE,E01026070,ALL,11
GP_PRAC_PAT_LIST,01/07/2026,C83064,MARISCO MEDICAL PRACTICE,E01026072,ALL,2394
GP_PRAC_PAT_LIST,01/07/2026,C83064,MARISCO MEDICAL PRACTICE,E01026073,ALL,1983
GP_PRAC_PAT_LIST,01/07/2026,C83064,MARISCO MEDICAL PRACTICE,E01026074,ALL,2160
GP_PRAC_PAT_LIST,01/07/2026,C83064,MARISCO MEDICAL PRACTICE,E01026076,ALL,4
GP_PRAC_PAT_LIST,01/07/2026,C83064,MARISCO MEDICAL PRACTICE,E01026077,ALL,15
GP_PRAC_PAT_LIST,01/07/2026,C83064,MARISCO MEDICAL PRACTICE,E01026078,ALL,3
GP_PRAC_PAT_LIST,01/07/2026,C83064,MARISCO MEDICAL PRACTICE,E01026079,ALL,13
GP_PRAC_PAT_LIST,01/07/2026,C83064,MARISCO MEDICAL PRACTICE,E01026080,ALL,2
GP_PRAC_PAT_LIST,01/07/2026,C83064,MARISCO MEDICAL PRACTICE,E01026081,ALL,5
GP_PRAC_PAT_LIST,01/07/2026,C83064,MARISCO MEDICAL PRACTICE,E01026083,ALL,12
GP_PRAC_PAT_LIST,01/07/2026,C83064,MARISCO MEDICAL PRACTICE,E01026084,ALL,2
GP_PRAC_PAT_LIST,01/07/2026,C83064,MARISCO MEDICAL PRACTICE,E01026087,ALL,4
GP_PRAC_PAT_LIST,01/07/2026,C83064,MARISCO MEDICAL PRACTICE,E01026088,ALL,1
GP_PRAC_PAT_LIST,01/07/2026,C83064,MARISCO MEDICAL PRACTICE,E01026089,ALL,6
GP_PRAC_PAT_LIST,01/07/2026,C83064,MARISCO MEDICAL PRACTICE,E01026090,ALL,1
GP_PRAC_PAT_LIST,01/07/2026,C83064,MARISCO MEDICAL PRACTICE,E01026091,ALL,10
GP_PRAC_PAT_LIST,01/07/2026,C83064,MARISCO MEDICAL PRACTICE,E01026092,ALL,3
GP_PRAC_PAT_LIST,01/07/2026,C83064,MARISCO MEDICAL PRACTICE,E01026093,ALL,6
GP_PRAC_PAT_LIST,01/07/2026,C83064,MARISCO MEDICAL PRACTICE,E01026094,ALL,4
GP_PRAC_PAT_LIST,01/07/2026,C83064,MARISCO MEDICAL PRACTICE,E01026097,ALL,2
GP_PRAC_PAT_LIST,01/07/2026,C83064,MARISCO MEDICAL PRACTICE,E01026099,ALL,491
GP_PRAC_PAT_LIST,01/07/2026,C83064,MARISCO MEDICAL PRACTICE,E01026100,ALL,4
GP_PRAC_PAT_LIST,01/07/2026,C83064,MARISCO MEDICAL PRACTICE,E01026101,ALL,1
GP_PRAC_PAT_LIST,01/07/2026,C83064,MARISCO MEDICAL PRACTICE,E01026103,ALL,1865
GP_PRAC_PAT_LIST,01/07/2026,C83064,MARISCO MEDICAL PRACTICE,E01026104,ALL,2095
GP_PRAC_PAT_LIST,01/07/2026,C83064,MARISCO MEDICAL PRACTICE,E01026106,ALL,1
GP_PRAC_PAT_LIST,01/07/2026,C83064,MARISCO MEDICAL PRACTICE,E01026108,ALL,9
GP_PRAC_PAT_LIST,01/07/2026,C83064,MARISCO MEDICAL PRACTICE,E01026109,ALL,1911
GP_PRAC_PAT_LIST,01/07/2026,C83064,MARISCO MEDICAL PRACTICE,E01026110,ALL,1
GP_PRAC_PAT_LIST,01/07/2026,C83064,MARISCO MEDICAL PRACTICE,E01026111,ALL,1
GP_PRAC_PAT_LIST,01/07/2026,C83064,MARISCO MEDICAL PRACTICE,E01026112,ALL,2
GP_PRAC_PAT_LIST,01/07/2026,C83064,MARISCO MEDICAL PRACTICE,E01026113,ALL,56
GP_PRAC_PAT_LIST,01/07/2026,C83064,MARISCO MEDICAL PRACTICE,E01026114,ALL,4
GP_PRAC_PAT_LIST,01/07/2026,C83064,MARISCO MEDICAL PRACTICE,E01026115,ALL,17
GP_PRAC_PAT_LIST,01/07/2026,C83064,MARISCO MEDICAL PRACTICE,E01026116,ALL,2
GP_PRAC_PAT_LIST,01/07/2026,C83064,MARISCO MEDICAL PRACTICE,E01026117,ALL,302
GP_PRAC_PAT_LIST,01/07/2026,C83064,MARISCO MEDICAL PRACTICE,E01026119,ALL,1
GP_PRAC_PAT_LIST,01/07/2026,C83064,MARISCO MEDICAL PRACTICE,E01026153,ALL,1
GP_PRAC_PAT_LIST,01/07/2026,C83064,MARISCO MEDICAL PRACTICE,E01026319,ALL,1
GP_PRAC_PAT_LIST,01/07/2026,C83064,MARISCO MEDICAL PRACTICE,E01026376,ALL,1
GP_PRAC_PAT_LIST,01/07/2026,C83064,MARISCO MEDICAL PRACTICE,E01026590,ALL,1
GP_PRAC_PAT_LIST,01/07/2026,C83064,MARISCO MEDICAL PRACTICE,E01026823,ALL,1
GP_PRAC_PAT_LIST,01/07/2026,C83064,MARISCO MEDICAL PRACTICE,E01028001,ALL,1
GP_PRAC_PAT_LIST,01/07/2026,C83064,MARISCO MEDICAL PRACTICE,E01028437,ALL,1
GP_PRAC_PAT_LIST,01/07/2026,C83064,MARISCO MEDICAL PRACTICE,E01032987,ALL,1
GP_PRAC_PAT_LIST,01/07/2026,C83064,MARISCO MEDICAL PRACTICE,E01034685,ALL,1
GP_PRAC_PAT_LIST,01/07/2026,C83064,MARISCO MEDICAL PRACTICE,E01034686,ALL,4
GP_PRAC_PAT_LIST,01/07/2026,C83064,MARISCO MEDICAL PRACTICE,E01035476,ALL,1
GP_PRAC_PAT_LIST,01/07/2026,C83064,MARISCO MEDICAL PRACTICE,EMPTY,ALL,6
GP_PRAC_PAT_LIST,01/07/2026,C83065,LITTLEBURY MEDICAL CENTRE,CLOSED,ALL,3
GP_PRAC_PAT_LIST,01/07/2026,C83065,LITTLEBURY MEDICAL CENTRE,E01002338,ALL,2
GP_PRAC_PAT_LIST,01/07/2026,C83065,LITTLEBURY MEDICAL CENTRE,E01003622,ALL,1
GP_PRAC_PAT_LIST,01/07/2026,C83065,LITTLEBURY MEDICAL CENTRE,E01008087,ALL,1
GP_PRAC_PAT_LIST,01/07/2026,C83065,LITTLEBURY MEDICAL CENTRE,E01008257,ALL,1
GP_PRAC_PAT_LIST,01/07/2026,C83065,LITTLEBURY MEDICAL CENTRE,E01013117,ALL,1
GP_PRAC_PAT_LIST,01/07/2026,C83065,LITTLEBURY MEDICAL CENTRE,E01013791,ALL,1
GP_PRAC_PAT_LIST,01/07/2026,C83065,LITTLEBURY MEDICAL CENTRE,E01013863,ALL,1
GP_PRAC_PAT_LIST,01/07/2026,C83065,LITTLEBURY MEDICAL CENTRE,E01015618,ALL,2
GP_PRAC_PAT_LIST,01/07/2026,C83065,LITTLEBURY MEDICAL CENTRE,E01015630,ALL,1
GP_PRAC_PAT_LIST,01/07/2026,C83065,LITTLEBURY MEDICAL CENTRE,E01015633,ALL,2
GP_PRAC_PAT_LIST,01/07/2026,C83065,LITTLEBURY MEDICAL CENTRE,E01015655,ALL,1
GP_PRAC_PAT_LIST,01/07/2026,C83065,LITTLEBURY MEDICAL CENTRE,E01015665,ALL,1
GP_PRAC_PAT_LIST,01/07/2026,C83065,LITTLEBURY MEDICAL CENTRE,E01015687,ALL,2
GP_PRAC_PAT_LIST,01/07/2026,C83065,LITTLEBURY MEDICAL CENTRE,E01016711,ALL,2
GP_PRAC_PAT_LIST,01/07/2026,C83065,LITTLEBURY MEDICAL CENTRE,E01017128,ALL,1
GP_PRAC_PAT_LIST,01/07/2026,C83065,LITTLEBURY MEDICAL CENTRE,E01017580,ALL,1
GP_PRAC_PAT_LIST,01/07/2026,C83065,LITTLEBURY MEDICAL CENTRE,E01018068,ALL,1
GP_PRAC_PAT_LIST,01/07/2026,C83065,LITTLEBURY MEDICAL CENTRE,E01018070,ALL,1
GP_PRAC_PAT_LIST,01/07/2026,C83065,LITTLEBURY MEDICAL CENTRE,E01018071,ALL,1
GP_PRAC_PAT_LIST,01/07/2026,C83065,LITTLEBURY MEDICAL CENTRE,E01018081,ALL,1
GP_PRAC_PAT_LIST,01/07/2026,C83065,LITTLEBURY MEDICAL CENTRE,E01018090,ALL,2
GP_PRAC_PAT_LIST,01/07/2026,C83065,LITTLEBURY MEDICAL CENTRE,E01018093,ALL,2
GP_PRAC_PAT_LIST,01/07/2026,C83065,LITTLEBURY MEDICAL CENTRE,E01018097,ALL,9
GP_PRAC_PAT_LIST,01/07/2026,C83065,LITTLEBURY MEDICAL CENTRE,E01023735,ALL,1
GP_PRAC_PAT_LIST,01/07/2026,C83065,LITTLEBURY MEDICAL CENTRE,E01026016,ALL,2
GP_PRAC_PAT_LIST,01/07/2026,C83065,LITTLEBURY MEDICAL CENTRE,E01026017,ALL,26
GP_PRAC_PAT_LIST,01/07/2026,C83065,LITTLEBURY MEDICAL CENTRE,E01026018,ALL,1
GP_PRAC_PAT_LIST,01/07/2026,C83065,LITTLEBURY MEDICAL CENTRE,E01026019,ALL,1
GP_PRAC_PAT_LIST,01/07/2026,C83065,LITTLEBURY MEDICAL CENTRE,E01026020,ALL,6
GP_PRAC_PAT_LIST,01/07/2026,C83065,LITTLEBURY MEDICAL CENTRE,E01026021,ALL,3
GP_PRAC_PAT_LIST,01/07/2026,C83065,LITTLEBURY MEDICAL CENTRE,E01026024,ALL,1
GP_PRAC_PAT_LIST,01/07/2026,C83065,LITTLEBURY MEDICAL CENTRE,E01026025,ALL,3
GP_PRAC_PAT_LIST,01/07/2026,C83065,LITTLEBURY MEDICAL CENTRE,E01026033,ALL,5
GP_PRAC_PAT_LIST,01/07/2026,C83065,LITTLEBURY MEDICAL CENTRE,E01026041,ALL,2
GP_PRAC_PAT_LIST,01/07/2026,C83065,LITTLEBURY MEDICAL CENTRE,E01026065,ALL,1
GP_PRAC_PAT_LIST,01/07/2026,C83065,LITTLEBURY MEDICAL CENTRE,E01026098,ALL,1
GP_PRAC_PAT_LIST,01/07/2026,C83065,LITTLEBURY MEDICAL CENTRE,E01026125,ALL,1
GP_PRAC_PAT_LIST,01/07/2026,C83065,LITTLEBURY MEDICAL CENTRE,E01026175,ALL,1
GP_PRAC_PAT_LIST,01/07/2026,C83065,LITTLEBURY MEDICAL CENTRE,E01026201,ALL,2
GP_PRAC_PAT_LIST,01/07/2026,C83065,LITTLEBURY MEDICAL CENTRE,E01026222,ALL,1
GP_PRAC_PAT_LIST,01/07/2026,C83065,LITTLEBURY MEDICAL CENTRE,E01026223,ALL,1
GP_PRAC_PAT_LIST,01/07/2026,C83065,LITTLEBURY MEDICAL CENTRE,E01026224,ALL,1
GP_PRAC_PAT_LIST,01/07/2026,C83065,LITTLEBURY MEDICAL CENTRE,E01026227,ALL,2
GP_PRAC_PAT_LIST,01/07/2026,C83065,LITTLEBURY MEDICAL CENTRE,E01026228,ALL,5
GP_PRAC_PAT_LIST,01/07/2026,C83065,LITTLEBURY MEDICAL CENTRE,E01026229,ALL,2
GP_PRAC_PAT_LIST,01/07/2026,C83065,LITTLEBURY MEDICAL CENTRE,E01026230,ALL,3
GP_PRAC_PAT_LIST,01/07/2026,C83065,LITTLEBURY MEDICAL CENTRE,E01026231,ALL,8
GP_PRAC_PAT_LIST,01/07/2026,C83065,LITTLEBURY MEDICAL CENTRE,E01026232,ALL,4
GP_PRAC_PAT_LIST,01/07/2026,C83065,LITTLEBURY MEDICAL CENTRE,E01026233,ALL,3
GP_PRAC_PAT_LIST,01/07/2026,C83065,LITTLEBURY MEDICAL CENTRE,E01026235,ALL,2
GP_PRAC_PAT_LIST,01/07/2026,C83065,LITTLEBURY MEDICAL CENTRE,E01026239,ALL,17
GP_PRAC_PAT_LIST,01/07/2026,C83065,LITTLEBURY MEDICAL CENTRE,E01026240,ALL,15
GP_PRAC_PAT_LIST,01/07/2026,C83065,LITTLEBURY MEDICAL CENTRE,E01026241,ALL,3
GP_PRAC_PAT_LIST,01/07/2026,C83065,LITTLEBURY MEDICAL CENTRE,E01026242,ALL,3
GP_PRAC_PAT_LIST,01/07/2026,C83065,LITTLEBURY MEDICAL CENTRE,E01026243,ALL,2
GP_PRAC_PAT_LIST,01/07/2026,C83065,LITTLEBURY MEDICAL CENTRE,E01026244,ALL,11
GP_PRAC_PAT_LIST,01/07/2026,C83065,LITTLEBURY MEDICAL CENTRE,E01026245,ALL,1295
GP_PRAC_PAT_LIST,01/07/2026,C83065,LITTLEBURY MEDICAL CENTRE,E01026246,ALL,281
GP_PRAC_PAT_LIST,01/07/2026,C83065,LITTLEBURY MEDICAL CENTRE,E01026247,ALL,5
GP_PRAC_PAT_LIST,01/07/2026,C83065,LITTLEBURY MEDICAL CENTRE,E01026248,ALL,1218
GP_PRAC_PAT_LIST,01/07/2026,C83065,LITTLEBURY MEDICAL CENTRE,E01026249,ALL,681
GP_PRAC_PAT_LIST,01/07/2026,C83065,LITTLEBURY MEDICAL CENTRE,E01026250,ALL,1220
GP_PRAC_PAT_LIST,01/07/2026,C83065,LITTLEBURY MEDICAL CENTRE,E01026251,ALL,1179
GP_PRAC_PAT_LIST,01/07/2026,C83065,LITTLEBURY MEDICAL CENTRE,E01026252,ALL,896
GP_PRAC_PAT_LIST,01/07/2026,C83065,LITTLEBURY MEDICAL CENTRE,E01026253,ALL,1096
GP_PRAC_PAT_LIST,01/07/2026,C83065,LITTLEBURY MEDICAL CENTRE,E01026254,ALL,52
GP_PRAC_PAT_LIST,01/07/2026,C83065,LITTLEBURY MEDICAL CENTRE,E01026255,ALL,51
GP_PRAC_PAT_LIST,01/07/2026,C83065,LITTLEBURY MEDICAL CENTRE,E01026256,ALL,55
GP_PRAC_PAT_LIST,01/07/2026,C83065,LITTLEBURY MEDICAL CENTRE,E01026257,ALL,83
GP_PRAC_PAT_LIST,01/07/2026,C83065,LITTLEBURY MEDICAL CENTRE,E01026258,ALL,4
GP_PRAC_PAT_LIST,01/07/2026,C83065,LITTLEBURY MEDICAL CENTRE,E01026259,ALL,7
GP_PRAC_PAT_LIST,01/07/2026,C83065,LITTLEBURY MEDICAL CENTRE,E01026260,ALL,5
GP_PRAC_PAT_LIST,01/07/2026,C83065,LITTLEBURY MEDICAL CENTRE,E01026262,ALL,1
GP_PRAC_PAT_LIST,01/07/2026,C83065,LITTLEBURY MEDICAL CENTRE,E01026263,ALL,18
GP_PRAC_PAT_LIST,01/07/2026,C83065,LITTLEBURY MEDICAL CENTRE,E01026264,ALL,2
GP_PRAC_PAT_LIST,01/07/2026,C83065,LITTLEBURY MEDICAL CENTRE,E01026265,ALL,16
GP_PRAC_PAT_LIST,01/07/2026,C83065,LITTLEBURY MEDICAL CENTRE,E01026266,ALL,7
GP_PRAC_PAT_LIST,01/07/2026,C83065,LITTLEBURY MEDICAL CENTRE,E01026268,ALL,7
GP_PRAC_PAT_LIST,01/07/2026,C83065,LITTLEBURY MEDICAL CENTRE,E01026269,ALL,5
GP_PRAC_PAT_LIST,01/07/2026,C83065,LITTLEBURY MEDICAL CENTRE,E01026270,ALL,11
GP_PRAC_PAT_LIST,01/07/2026,C83065,LITTLEBURY MEDICAL CENTRE,E01026271,ALL,9
GP_PRAC_PAT_LIST,01/07/2026,C83065,LITTLEBURY MEDICAL CENTRE,E01026272,ALL,1
GP_PRAC_PAT_LIST,01/07/2026,C83065,LITTLEBURY MEDICAL CENTRE,E01026273,ALL,4
GP_PRAC_PAT_LIST,01/07/2026,C83065,LITTLEBURY MEDICAL CENTRE,E01026275,ALL,4
GP_PRAC_PAT_LIST,01/07/2026,C83065,LITTLEBURY MEDICAL CENTRE,E01026276,ALL,2
GP_PRAC_PAT_LIST,01/07/2026,C83065,LITTLEBURY MEDICAL CENTRE,E01026277,ALL,15
GP_PRAC_PAT_LIST,01/07/2026,C83065,LITTLEBURY MEDICAL CENTRE,E01026278,ALL,8
GP_PRAC_PAT_LIST,01/07/2026,C83065,LITTLEBURY MEDICAL CENTRE,E01026279,ALL,3
GP_PRAC_PAT_LIST,01/07/2026,C83065,LITTLEBURY MEDICAL CENTRE,E01026280,ALL,203
GP_PRAC_PAT_LIST,01/07/2026,C83065,LITTLEBURY MEDICAL CENTRE,E01026281,ALL,92
GP_PRAC_PAT_LIST,01/07/2026,C83065,LITTLEBURY MEDICAL CENTRE,E01026282,ALL,111
GP_PRAC_PAT_LIST,01/07/2026,C83065,LITTLEBURY MEDICAL CENTRE,E01026283,ALL,114
GP_PRAC_PAT_LIST,01/07/2026,C83065,LITTLEBURY MEDICAL CENTRE,E01026284,ALL,24
GP_PRAC_PAT_LIST,01/07/2026,C83065,LITTLEBURY MEDICAL CENTRE,E01026285,ALL,353
GP_PRAC_PAT_LIST,01/07/2026,C83065,LITTLEBURY MEDICAL CENTRE,E01026286,ALL,354
GP_PRAC_PAT_LIST,01/07/2026,C83065,LITTLEBURY MEDICAL CENTRE,E01026304,ALL,2
GP_PRAC_PAT_LIST,01/07/2026,C83065,LITTLEBURY MEDICAL CENTRE,E01026346,ALL,2
GP_PRAC_PAT_LIST,01/07/2026,C83065,LITTLEBURY MEDICAL CENTRE,E01026364,ALL,1
GP_PRAC_PAT_LIST,01/07/2026,C83065,LITTLEBURY MEDICAL CENTRE,E01026643,ALL,1
GP_PRAC_PAT_LIST,01/07/2026,C83065,LITTLEBURY MEDICAL CENTRE,E01026663,ALL,1
GP_PRAC_PAT_LIST,01/07/2026,C83065,LITTLEBURY MEDICAL CENTRE,E01026720,ALL,3
GP_PRAC_PAT_LIST,01/07/2026,C83065,LITTLEBURY MEDICAL CENTRE,E01032995,ALL,4
GP_PRAC_PAT_LIST,01/07/2026,C83065,LITTLEBURY MEDICAL CENTRE,E01032996,ALL,7
GP_PRAC_PAT_LIST,01/07/2026,C83065,LITTLEBURY MEDICAL CENTRE,E01033179,ALL,1
GP_PRAC_PAT_LIST,01/07/2026,C83065,LITTLEBURY MEDICAL CENTRE,E01033519,ALL,1
GP_PRAC_PAT_LIST,01/07/2026,C83065,LITTLEBURY MEDICAL CENTRE,E01034679,ALL,1
GP_PRAC_PAT_LIST,01/07/2026,C83065,LITTLEBURY MEDICAL CENTRE,E01034697,ALL,4
GP_PRAC_PAT_LIST,01/07/2026,C83065,LITTLEBURY MEDICAL CENTRE,E01034698,ALL,6
GP_PRAC_PAT_LIST,01/07/2026,C83065,LITTLEBURY MEDICAL CENTRE,E01034699,ALL,6
GP_PRAC_PAT_LIST,01/07/2026,C83065,LITTLEBURY MEDICAL CENTRE,E01034700,ALL,3
GP_PRAC_PAT_LIST,01/07/2026,C83065,LITTLEBURY MEDICAL CENTRE,E01034768,ALL,1
GP_PRAC_PAT_LIST,01/07/2026,C83065,LITTLEBURY MEDICAL CENTRE,E01035538,ALL,1
GP_PRAC_PAT_LIST,01/07/2026,C83065,LITTLEBURY MEDICAL CENTRE,E01035548,ALL,1
GP_PRAC_PAT_LIST,01/07/2026,C83065,LITTLEBURY MEDICAL CENTRE,EMPTY,ALL,11
GP_PRAC_PAT_LIST,01/07/2026,C83067,LONG BENNINGTON MEDICAL CENTRE,E01001948,ALL,1
GP_PRAC_PAT_LIST,01/07/2026,C83067,LONG BENNINGTON MEDICAL CENTRE,E01003179,ALL,1
GP_PRAC_PAT_LIST,01/07/2026,C83067,LONG BENNINGTON MEDICAL CENTRE,E01007710,ALL,1
GP_PRAC_PAT_LIST,01/07/2026,C83067,LONG BENNINGTON MEDICAL CENTRE,E01014022,ALL,1
GP_PRAC_PAT_LIST,01/07/2026,C83067,LONG BENNINGTON MEDICAL CENTRE,E01015645,ALL,1
GP_PRAC_PAT_LIST,01/07/2026,C83067,LONG BENNINGTON MEDICAL CENTRE,E01015661,ALL,1
GP_PRAC_PAT_LIST,01/07/2026,C83067,LONG BENNINGTON MEDICAL CENTRE,E01020419,ALL,1
GP_PRAC_PAT_LIST,01/07/2026,C83067,LONG BENNINGTON MEDICAL CENTRE,E01025885,ALL,634
GP_PRAC_PAT_LIST,01/07/2026,C83067,LONG BENNINGTON MEDICAL CENTRE,E01025886,ALL,298
GP_PRAC_PAT_LIST,01/07/2026,C83067,LONG BENNINGTON MEDICAL CENTRE,E01026221,ALL,1
GP_PRAC_PAT_LIST,01/07/2026,C83067,LONG BENNINGTON MEDICAL CENTRE,E01026291,ALL,6
GP_PRAC_PAT_LIST,01/07/2026,C83067,LONG BENNINGTON MEDICAL CENTRE,E01026313,ALL,6
GP_PRAC_PAT_LIST,01/07/2026,C83067,LONG BENNINGTON MEDICAL CENTRE,E01026314,ALL,1
GP_PRAC_PAT_LIST,01/07/2026,C83067,LONG BENNINGTON MEDICAL CENTRE,E01026315,ALL,2
GP_PRAC_PAT_LIST,01/07/2026,C83067,LONG BENNINGTON MEDICAL CENTRE,E01026317,ALL,1
GP_PRAC_PAT_LIST,01/07/2026,C83067,LONG BENNINGTON MEDICAL CENTRE,E01026329,ALL,1
GP_PRAC_PAT_LIST,01/07/2026,C83067,LONG BENNINGTON MEDICAL CENTRE,E01026332,ALL,1
GP_PRAC_PAT_LIST,01/07/2026,C83067,LONG BENNINGTON MEDICAL CENTRE,E01026333,ALL,997
GP_PRAC_PAT_LIST,01/07/2026,C83067,LONG BENNINGTON MEDICAL CENTRE,E01026340,ALL,15
GP_PRAC_PAT_LIST,01/07/2026,C83067,LONG BENNINGTON MEDICAL CENTRE,E01026345,ALL,1
GP_PRAC_PAT_LIST,01/07/2026,C83067,LONG BENNINGTON MEDICAL CENTRE,E01026355,ALL,2699
GP_PRAC_PAT_LIST,01/07/2026,C83067,LONG BENNINGTON MEDICAL CENTRE,E01026365,ALL,2009
GP_PRAC_PAT_LIST,01/07/2026,C83067,LONG BENNINGTON MEDICAL CENTRE,E01028285,ALL,3
GP_PRAC_PAT_LIST,01/07/2026,C83067,LONG BENNINGTON MEDICAL CENTRE,E01028310,ALL,1
GP_PRAC_PAT_LIST,01/07/2026,C83067,LONG BENNINGTON MEDICAL CENTRE,E01028325,ALL,294
GP_PRAC_PAT_LIST,01/07/2026,C83067,LONG BENNINGTON MEDICAL CENTRE,E01028411,ALL,120
GP_PRAC_PAT_LIST,01/07/2026,C83067,LONG BENNINGTON MEDICAL CENTRE,E01033780,ALL,7
GP_PRAC_PAT_LIST,01/07/2026,C83067,LONG BENNINGTON MEDICAL CENTRE,E01035095,ALL,1
GP_PRAC_PAT_LIST,01/07/2026,C83067,LONG BENNINGTON MEDICAL CENTRE,EMPTY,ALL,3
GP_PRAC_PAT_LIST,01/07/2026,C83072,MINSTER MEDICAL PRACTICE,CLOSED,ALL,3
GP_PRAC_PAT_LIST,01/07/2026,C83072,MINSTER MEDICAL PRACTICE,E01004653,ALL,2
GP_PRAC_PAT_LIST,01/07/2026,C83072,MINSTER MEDICAL PRACTICE,E01004731,ALL,1
GP_PRAC_PAT_LIST,01/07/2026,C83072,MINSTER MEDICAL PRACTICE,E01007437,ALL,1
GP_PRAC_PAT_LIST,01/07/2026,C83072,MINSTER MEDICAL PRACTICE,E01007558,ALL,1
GP_PRAC_PAT_LIST,01/07/2026,C83072,MINSTER MEDICAL PRACTICE,E01008132,ALL,1
GP_PRAC_PAT_LIST,01/07/2026,C83072,MINSTER MEDICAL PRACTICE,E01008639,ALL,1
GP_PRAC_PAT_LIST,01/07/2026,C83072,MINSTER MEDICAL PRACTICE,E01011637,ALL,1
GP_PRAC_PAT_LIST,01/07/2026,C83072,MINSTER MEDICAL PRACTICE,E01013649,ALL,1
GP_PRAC_PAT_LIST,01/07/2026,C83072,MINSTER MEDICAL PRACTICE,E01014018,ALL,1
GP_PRAC_PAT_LIST,01/07/2026,C83072,MINSTER MEDICAL PRACTICE,E01017918,ALL,1
GP_PRAC_PAT_LIST,01/07/2026,C83072,MINSTER MEDICAL PRACTICE,E01017967,ALL,1
GP_PRAC_PAT_LIST,01/07/2026,C83072,MINSTER MEDICAL PRACTICE,E01019088,ALL,1
GP_PRAC_PAT_LIST,01/07/2026,C83072,MINSTER MEDICAL PRACTICE,E01023136,ALL,1
GP_PRAC_PAT_LIST,01/07/2026,C83072,MINSTER MEDICAL PRACTICE,E01025747,ALL,1
GP_PRAC_PAT_LIST,01/07/2026,C83072,MINSTER MEDICAL PRACTICE,E01025858,ALL,1
GP_PRAC_PAT_LIST,01/07/2026,C83072,MINSTER MEDICAL PRACTICE,E01026079,ALL,1
GP_PRAC_PAT_LIST,01/07/2026,C83072,MINSTER MEDICAL PRACTICE,E01026120,ALL,2
GP_PRAC_PAT_LIST,01/07/2026,C83072,MINSTER MEDICAL PRACTICE,E01026122,ALL,191
GP_PRAC_PAT_LIST,01/07/2026,C83072,MINSTER MEDICAL PRACTICE,E01026123,ALL,310
GP_PRAC_PAT_LIST,01/07/2026,C83072,MINSTER MEDICAL PRACTICE,E01026124,ALL,4
GP_PRAC_PAT_LIST,01/07/2026,C83072,MINSTER MEDICAL PRACTICE,E01026125,ALL,176
GP_PRAC_PAT_LIST,01/07/2026,C83072,MINSTER MEDICAL PRACTICE,E01026126,ALL,5
GP_PRAC_PAT_LIST,01/07/2026,C83072,MINSTER MEDICAL PRACTICE,E01026129,ALL,3
GP_PRAC_PAT_LIST,01/07/2026,C83072,MINSTER MEDICAL PRACTICE,E01026130,ALL,1
GP_PRAC_PAT_LIST,01/07/2026,C83072,MINSTER MEDICAL PRACTICE,E01026132,ALL,2
GP_PRAC_PAT_LIST,01/07/2026,C83072,MINSTER MEDICAL PRACTICE,E01026134,ALL,2
GP_PRAC_PAT_LIST,01/07/2026,C83072,MINSTER MEDICAL PRACTICE,E01026136,ALL,1
GP_PRAC_PAT_LIST,01/07/2026,C83072,MINSTER MEDICAL PRACTICE,E01026139,ALL,1
GP_PRAC_PAT_LIST,01/07/2026,C83072,MINSTER MEDICAL PRACTICE,E01026144,ALL,104
GP_PRAC_PAT_LIST,01/07/2026,C83072,MINSTER MEDICAL PRACTICE,E01026145,ALL,143
GP_PRAC_PAT_LIST,01/07/2026,C83072,MINSTER MEDICAL PRACTICE,E01026146,ALL,25
GP_PRAC_PAT_LIST,01/07/2026,C83072,MINSTER MEDICAL PRACTICE,E01026147,ALL,500
GP_PRAC_PAT_LIST,01/07/2026,C83072,MINSTER MEDICAL PRACTICE,E01026148,ALL,245
GP_PRAC_PAT_LIST,01/07/2026,C83072,MINSTER MEDICAL PRACTICE,E01026149,ALL,418
GP_PRAC_PAT_LIST,01/07/2026,C83072,MINSTER MEDICAL PRACTICE,E01026150,ALL,418
GP_PRAC_PAT_LIST,01/07/2026,C83072,MINSTER MEDICAL PRACTICE,E01026151,ALL,489
GP_PRAC_PAT_LIST,01/07/2026,C83072,MINSTER MEDICAL PRACTICE,E01026152,ALL,476
GP_PRAC_PAT_LIST,01/07/2026,C83072,MINSTER MEDICAL PRACTICE,E01026153,ALL,407
GP_PRAC_PAT_LIST,01/07/2026,C83072,MINSTER MEDICAL PRACTICE,E01026154,ALL,410
GP_PRAC_PAT_LIST,01/07/2026,C83072,MINSTER MEDICAL PRACTICE,E01026155,ALL,300
GP_PRAC_PAT_LIST,01/07/2026,C83072,MINSTER MEDICAL PRACTICE,E01026156,ALL,436
GP_PRAC_PAT_LIST,01/07/2026,C83072,MINSTER MEDICAL PRACTICE,E01026157,ALL,443
GP_PRAC_PAT_LIST,01/07/2026,C83072,MINSTER MEDICAL PRACTICE,E01026162,ALL,1
GP_PRAC_PAT_LIST,01/07/2026,C83072,MINSTER MEDICAL PRACTICE,E01026164,ALL,651
GP_PRAC_PAT_LIST,01/07/2026,C83072,MINSTER MEDICAL PRACTICE,E01026165,ALL,654
GP_PRAC_PAT_LIST,01/07/2026,C83072,MINSTER MEDICAL PRACTICE,E01026166,ALL,491
GP_PRAC_PAT_LIST,01/07/2026,C83072,MINSTER MEDICAL PRACTICE,E01026167,ALL,624
GP_PRAC_PAT_LIST,01/07/2026,C83072,MINSTER MEDICAL PRACTICE,E01026168,ALL,487
GP_PRAC_PAT_LIST,01/07/2026,C83072,MINSTER MEDICAL PRACTICE,E01026173,ALL,1
GP_PRAC_PAT_LIST,01/07/2026,C83072,MINSTER MEDICAL PRACTICE,E01026175,ALL,2
GP_PRAC_PAT_LIST,01/07/2026,C83072,MINSTER MEDICAL PRACTICE,E01026178,ALL,5
GP_PRAC_PAT_LIST,01/07/2026,C83072,MINSTER MEDICAL PRACTICE,E01026186,ALL,1
GP_PRAC_PAT_LIST,01/07/2026,C83072,MINSTER MEDICAL PRACTICE,E01026190,ALL,2
GP_PRAC_PAT_LIST,01/07/2026,C83072,MINSTER MEDICAL PRACTICE,E01026199,ALL,2
GP_PRAC_PAT_LIST,01/07/2026,C83072,MINSTER MEDICAL PRACTICE,E01026203,ALL,2
GP_PRAC_PAT_LIST,01/07/2026,C83072,MINSTER MEDICAL PRACTICE,E01026235,ALL,1
GP_PRAC_PAT_LIST,01/07/2026,C83072,MINSTER MEDICAL PRACTICE,E01026236,ALL,1
GP_PRAC_PAT_LIST,01/07/2026,C83072,MINSTER MEDICAL PRACTICE,E01026237,ALL,1
GP_PRAC_PAT_LIST,01/07/2026,C83072,MINSTER MEDICAL PRACTICE,E01026238,ALL,1
GP_PRAC_PAT_LIST,01/07/2026,C83072,MINSTER MEDICAL PRACTICE,E01026255,ALL,1
GP_PRAC_PAT_LIST,01/07/2026,C83072,MINSTER MEDICAL PRACTICE,E01026281,ALL,1
GP_PRAC_PAT_LIST,01/07/2026,C83072,MINSTER MEDICAL PRACTICE,E01026353,ALL,1
GP_PRAC_PAT_LIST,01/07/2026,C83072,MINSTER MEDICAL PRACTICE,E01026369,ALL,1
GP_PRAC_PAT_LIST,01/07/2026,C83072,MINSTER MEDICAL PRACTICE,E01026370,ALL,19
GP_PRAC_PAT_LIST,01/07/2026,C83072,MINSTER MEDICAL PRACTICE,E01026371,ALL,5
GP_PRAC_PAT_LIST,01/07/2026,C83072,MINSTER MEDICAL PRACTICE,E01026372,ALL,7
GP_PRAC_PAT_LIST,01/07/2026,C83072,MINSTER MEDICAL PRACTICE,E01026377,ALL,1
GP_PRAC_PAT_LIST,01/07/2026,C83072,MINSTER MEDICAL PRACTICE,E01026390,ALL,1
GP_PRAC_PAT_LIST,01/07/2026,C83072,MINSTER MEDICAL PRACTICE,E01026392,ALL,1
GP_PRAC_PAT_LIST,01/07/2026,C83072,MINSTER MEDICAL PRACTICE,E01026393,ALL,70
GP_PRAC_PAT_LIST,01/07/2026,C83072,MINSTER MEDICAL PRACTICE,E01026394,ALL,458
GP_PRAC_PAT_LIST,01/07/2026,C83072,MINSTER MEDICAL PRACTICE,E01026395,ALL,98
GP_PRAC_PAT_LIST,01/07/2026,C83072,MINSTER MEDICAL PRACTICE,E01026400,ALL,3
GP_PRAC_PAT_LIST,01/07/2026,C83072,MINSTER MEDICAL PRACTICE,E01026405,ALL,54
GP_PRAC_PAT_LIST,01/07/2026,C83072,MINSTER MEDICAL PRACTICE,E01026406,ALL,41
GP_PRAC_PAT_LIST,01/07/2026,C83072,MINSTER MEDICAL PRACTICE,E01026409,ALL,2
GP_PRAC_PAT_LIST,01/07/2026,C83072,MINSTER MEDICAL PRACTICE,E01026411,ALL,2
GP_PRAC_PAT_LIST,01/07/2026,C83072,MINSTER MEDICAL PRACTICE,E01026412,ALL,3
GP_PRAC_PAT_LIST,01/07/2026,C83072,MINSTER MEDICAL PRACTICE,E01026413,ALL,7
GP_PRAC_PAT_LIST,01/07/2026,C83072,MINSTER MEDICAL PRACTICE,E01026414,ALL,1
GP_PRAC_PAT_LIST,01/07/2026,C83072,MINSTER MEDICAL PRACTICE,E01028317,ALL,1
GP_PRAC_PAT_LIST,01/07/2026,C83072,MINSTER MEDICAL PRACTICE,E01032771,ALL,1
GP_PRAC_PAT_LIST,01/07/2026,C83072,MINSTER MEDICAL PRACTICE,E01032991,ALL,1
GP_PRAC_PAT_LIST,01/07/2026,C83072,MINSTER MEDICAL PRACTICE,E01032992,ALL,1
GP_PRAC_PAT_LIST,01/07/2026,C83072,MINSTER MEDICAL PRACTICE,E01034088,ALL,1
GP_PRAC_PAT_LIST,01/07/2026,C83072,MINSTER MEDICAL PRACTICE,E01034687,ALL,60
GP_PRAC_PAT_LIST,01/07/2026,C83072,MINSTER MEDICAL PRACTICE,E01034688,ALL,53
GP_PRAC_PAT_LIST,01/07/2026,C83072,MINSTER MEDICAL PRACTICE,E01034706,ALL,2
GP_PRAC_PAT_LIST,01/07/2026,C83072,MINSTER MEDICAL PRACTICE,E01034707,ALL,97
GP_PRAC_PAT_LIST,01/07/2026,C83072,MINSTER MEDICAL PRACTICE,E01035491,ALL,1
GP_PRAC_PAT_LIST,01/07/2026,C83072,MINSTER MEDICAL PRACTICE,EMPTY,ALL,8
GP_PRAC_PAT_LIST,01/07/2026,C83072,MINSTER MEDICAL PRACTICE,N21000423,ALL,1
GP_PRAC_PAT_LIST,01/07/2026,C83073,CLIFF HOUSE MEDICAL PRACTICE,CLOSED,ALL,6
GP_PRAC_PAT_LIST,01/07/2026,C83073,CLIFF HOUSE MEDICAL PRACTICE,E01000139,ALL,2
GP_PRAC_PAT_LIST,01/07/2026,C83073,CLIFF HOUSE MEDICAL PRACTICE,E01000646,ALL,1
GP_PRAC_PAT_LIST,01/07/2026,C83073,CLIFF HOUSE MEDICAL PRACTICE,E01001967,ALL,1
GP_PRAC_PAT_LIST,01/07/2026,C83073,CLIFF HOUSE MEDICAL PRACTICE,E01005825,ALL,1
GP_PRAC_PAT_LIST,01/07/2026,C83073,CLIFF HOUSE MEDICAL PRACTICE,E01007601,ALL,1
GP_PRAC_PAT_LIST,01/07/2026,C83073,CLIFF HOUSE MEDICAL PRACTICE,E01007655,ALL,1
GP_PRAC_PAT_LIST,01/07/2026,C83073,CLIFF HOUSE MEDICAL PRACTICE,E01007663,ALL,1
GP_PRAC_PAT_LIST,01/07/2026,C83073,CLIFF HOUSE MEDICAL PRACTICE,E01007846,ALL,1
GP_PRAC_PAT_LIST,01/07/2026,C83073,CLIFF HOUSE MEDICAL PRACTICE,E01008366,ALL,1
GP_PRAC_PAT_LIST,01/07/2026,C83073,CLIFF HOUSE MEDICAL PRACTICE,E01012848,ALL,2
GP_PRAC_PAT_LIST,01/07/2026,C83073,CLIFF HOUSE MEDICAL PRACTICE,E01013138,ALL,1
GP_PRAC_PAT_LIST,01/07/2026,C83073,CLIFF HOUSE MEDICAL PRACTICE,E01013174,ALL,1
GP_PRAC_PAT_LIST,01/07/2026,C83073,CLIFF HOUSE MEDICAL PRACTICE,E01013180,ALL,1
GP_PRAC_PAT_LIST,01/07/2026,C83073,CLIFF HOUSE MEDICAL PRACTICE,E01013257,ALL,2
GP_PRAC_PAT_LIST,01/07/2026,C83073,CLIFF HOUSE MEDICAL PRACTICE,E01013260,ALL,1
GP_PRAC_PAT_LIST,01/07/2026,C83073,CLIFF HOUSE MEDICAL PRACTICE,E01013277,ALL,1
GP_PRAC_PAT_LIST,01/07/2026,C83073,CLIFF HOUSE MEDICAL PRACTICE,E01013326,ALL,1
GP_PRAC_PAT_LIST,01/07/2026,C83073,CLIFF HOUSE MEDICAL PRACTICE,E01014308,ALL,1
GP_PRAC_PAT_LIST,01/07/2026,C83073,CLIFF HOUSE MEDICAL PRACTICE,E01015653,ALL,1
GP_PRAC_PAT_LIST,01/07/2026,C83073,CLIFF HOUSE MEDICAL PRACTICE,E01015661,ALL,1
GP_PRAC_PAT_LIST,01/07/2026,C83073,CLIFF HOUSE MEDICAL PRACTICE,E01017101,ALL,1
GP_PRAC_PAT_LIST,01/07/2026,C83073,CLIFF HOUSE MEDICAL PRACTICE,E01018142,ALL,1
GP_PRAC_PAT_LIST,01/07/2026,C83073,CLIFF HOUSE MEDICAL PRACTICE,E01019526,ALL,1
GP_PRAC_PAT_LIST,01/07/2026,C83073,CLIFF HOUSE MEDICAL PRACTICE,E01021471,ALL,1
GP_PRAC_PAT_LIST,01/07/2026,C83073,CLIFF HOUSE MEDICAL PRACTICE,E01021885,ALL,1
GP_PRAC_PAT_LIST,01/07/2026,C83073,CLIFF HOUSE MEDICAL PRACTICE,E01022147,ALL,1
GP_PRAC_PAT_LIST,01/07/2026,C83073,CLIFF HOUSE MEDICAL PRACTICE,E01023546,ALL,3
GP_PRAC_PAT_LIST,01/07/2026,C83073,CLIFF HOUSE MEDICAL PRACTICE,E01024428,ALL,1
GP_PRAC_PAT_LIST,01/07/2026,C83073,CLIFF HOUSE MEDICAL PRACTICE,E01025696,ALL,1
GP_PRAC_PAT_LIST,01/07/2026,C83073,CLIFF HOUSE MEDICAL PRACTICE,E01025772,ALL,1
GP_PRAC_PAT_LIST,01/07/2026,C83073,CLIFF HOUSE MEDICAL PRACTICE,E01025941,ALL,1
GP_PRAC_PAT_LIST,01/07/2026,C83073,CLIFF HOUSE MEDICAL PRACTICE,E01026028,ALL,1
GP_PRAC_PAT_LIST,01/07/2026,C83073,CLIFF HOUSE MEDICAL PRACTICE,E01026035,ALL,1
GP_PRAC_PAT_LIST,01/07/2026,C83073,CLIFF HOUSE MEDICAL PRACTICE,E01026064,ALL,1
GP_PRAC_PAT_LIST,01/07/2026,C83073,CLIFF HOUSE MEDICAL PRACTICE,E01026071,ALL,2
GP_PRAC_PAT_LIST,01/07/2026,C83073,CLIFF HOUSE MEDICAL PRACTICE,E01026082,ALL,2
GP_PRAC_PAT_LIST,01/07/2026,C83073,CLIFF HOUSE MEDICAL PRACTICE,E01026091,ALL,2
GP_PRAC_PAT_LIST,01/07/2026,C83073,CLIFF HOUSE MEDICAL PRACTICE,E01026093,ALL,1
GP_PRAC_PAT_LIST,01/07/2026,C83073,CLIFF HOUSE MEDICAL PRACTICE,E01026110,ALL,1
GP_PRAC_PAT_LIST,01/07/2026,C83073,CLIFF HOUSE MEDICAL PRACTICE,E01026121,ALL,4
GP_PRAC_PAT_LIST,01/07/2026,C83073,CLIFF HOUSE MEDICAL PRACTICE,E01026122,ALL,94
GP_PRAC_PAT_LIST,01/07/2026,C83073,CLIFF HOUSE MEDICAL PRACTICE,E01026123,ALL,98
GP_PRAC_PAT_LIST,01/07/2026,C83073,CLIFF HOUSE MEDICAL PRACTICE,E01026124,ALL,54
GP_PRAC_PAT_LIST,01/07/2026,C83073,CLIFF HOUSE MEDICAL PRACTICE,E01026125,ALL,74
GP_PRAC_PAT_LIST,01/07/2026,C83073,CLIFF HOUSE MEDICAL PRACTICE,E01026126,ALL,51
GP_PRAC_PAT_LIST,01/07/2026,C83073,CLIFF HOUSE MEDICAL PRACTICE,E01026127,ALL,4
GP_PRAC_PAT_LIST,01/07/2026,C83073,CLIFF HOUSE MEDICAL PRACTICE,E01026129,ALL,8
GP_PRAC_PAT_LIST,01/07/2026,C83073,CLIFF HOUSE MEDICAL PRACTICE,E01026130,ALL,17
GP_PRAC_PAT_LIST,01/07/2026,C83073,CLIFF HOUSE MEDICAL PRACTICE,E01026131,ALL,7
GP_PRAC_PAT_LIST,01/07/2026,C83073,CLIFF HOUSE MEDICAL PRACTICE,E01026132,ALL,38
GP_PRAC_PAT_LIST,01/07/2026,C83073,CLIFF HOUSE MEDICAL PRACTICE,E01026134,ALL,41
GP_PRAC_PAT_LIST,01/07/2026,C83073,CLIFF HOUSE MEDICAL PRACTICE,E01026135,ALL,21
GP_PRAC_PAT_LIST,01/07/2026,C83073,CLIFF HOUSE MEDICAL PRACTICE,E01026136,ALL,7
GP_PRAC_PAT_LIST,01/07/2026,C83073,CLIFF HOUSE MEDICAL PRACTICE,E01026137,ALL,6
GP_PRAC_PAT_LIST,01/07/2026,C83073,CLIFF HOUSE MEDICAL PRACTICE,E01026138,ALL,14
GP_PRAC_PAT_LIST,01/07/2026,C83073,CLIFF HOUSE MEDICAL PRACTICE,E01026139,ALL,3
GP_PRAC_PAT_LIST,01/07/2026,C83073,CLIFF HOUSE MEDICAL PRACTICE,E01026140,ALL,10
GP_PRAC_PAT_LIST,01/07/2026,C83073,CLIFF HOUSE MEDICAL PRACTICE,E01026141,ALL,7
GP_PRAC_PAT_LIST,01/07/2026,C83073,CLIFF HOUSE MEDICAL PRACTICE,E01026142,ALL,9
GP_PRAC_PAT_LIST,01/07/2026,C83073,CLIFF HOUSE MEDICAL PRACTICE,E01026144,ALL,514
GP_PRAC_PAT_LIST,01/07/2026,C83073,CLIFF HOUSE MEDICAL PRACTICE,E01026145,ALL,530
GP_PRAC_PAT_LIST,01/07/2026,C83073,CLIFF HOUSE MEDICAL PRACTICE,E01026146,ALL,181
GP_PRAC_PAT_LIST,01/07/2026,C83073,CLIFF HOUSE MEDICAL PRACTICE,E01026147,ALL,1142
GP_PRAC_PAT_LIST,01/07/2026,C83073,CLIFF HOUSE MEDICAL PRACTICE,E01026148,ALL,1007
GP_PRAC_PAT_LIST,01/07/2026,C83073,CLIFF HOUSE MEDICAL PRACTICE,E01026149,ALL,499
GP_PRAC_PAT_LIST,01/07/2026,C83073,CLIFF HOUSE MEDICAL PRACTICE,E01026150,ALL,295
GP_PRAC_PAT_LIST,01/07/2026,C83073,CLIFF HOUSE MEDICAL PRACTICE,E01026151,ALL,853
GP_PRAC_PAT_LIST,01/07/2026,C83073,CLIFF HOUSE MEDICAL PRACTICE,E01026152,ALL,61
GP_PRAC_PAT_LIST,01/07/2026,C83073,CLIFF HOUSE MEDICAL PRACTICE,E01026153,ALL,65
GP_PRAC_PAT_LIST,01/07/2026,C83073,CLIFF HOUSE MEDICAL PRACTICE,E01026154,ALL,36
GP_PRAC_PAT_LIST,01/07/2026,C83073,CLIFF HOUSE MEDICAL PRACTICE,E01026155,ALL,34
GP_PRAC_PAT_LIST,01/07/2026,C83073,CLIFF HOUSE MEDICAL PRACTICE,E01026156,ALL,83
GP_PRAC_PAT_LIST,01/07/2026,C83073,CLIFF HOUSE MEDICAL PRACTICE,E01026157,ALL,44
GP_PRAC_PAT_LIST,01/07/2026,C83073,CLIFF HOUSE MEDICAL PRACTICE,E01026158,ALL,7
GP_PRAC_PAT_LIST,01/07/2026,C83073,CLIFF HOUSE MEDICAL PRACTICE,E01026159,ALL,6
GP_PRAC_PAT_LIST,01/07/2026,C83073,CLIFF HOUSE MEDICAL PRACTICE,E01026160,ALL,5
GP_PRAC_PAT_LIST,01/07/2026,C83073,CLIFF HOUSE MEDICAL PRACTICE,E01026161,ALL,17
GP_PRAC_PAT_LIST,01/07/2026,C83073,CLIFF HOUSE MEDICAL PRACTICE,E01026162,ALL,6
GP_PRAC_PAT_LIST,01/07/2026,C83073,CLIFF HOUSE MEDICAL PRACTICE,E01026163,ALL,2
GP_PRAC_PAT_LIST,01/07/2026,C83073,CLIFF HOUSE MEDICAL PRACTICE,E01026164,ALL,234
GP_PRAC_PAT_LIST,01/07/2026,C83073,CLIFF HOUSE MEDICAL PRACTICE,E01026165,ALL,82
GP_PRAC_PAT_LIST,01/07/2026,C83073,CLIFF HOUSE MEDICAL PRACTICE,E01026166,ALL,119
GP_PRAC_PAT_LIST,01/07/2026,C83073,CLIFF HOUSE MEDICAL PRACTICE,E01026167,ALL,363
GP_PRAC_PAT_LIST,01/07/2026,C83073,CLIFF HOUSE MEDICAL PRACTICE,E01026168,ALL,104
GP_PRAC_PAT_LIST,01/07/2026,C83073,CLIFF HOUSE MEDICAL PRACTICE,E01026169,ALL,17
GP_PRAC_PAT_LIST,01/07/2026,C83073,CLIFF HOUSE MEDICAL PRACTICE,E01026170,ALL,5
GP_PRAC_PAT_LIST,01/07/2026,C83073,CLIFF HOUSE MEDICAL PRACTICE,E01026171,ALL,4
GP_PRAC_PAT_LIST,01/07/2026,C83073,CLIFF HOUSE MEDICAL PRACTICE,E01026172,ALL,15
GP_PRAC_PAT_LIST,01/07/2026,C83073,CLIFF HOUSE MEDICAL PRACTICE,E01026173,ALL,13
GP_PRAC_PAT_LIST,01/07/2026,C83073,CLIFF HOUSE MEDICAL PRACTICE,E01026174,ALL,38
GP_PRAC_PAT_LIST,01/07/2026,C83073,CLIFF HOUSE MEDICAL PRACTICE,E01026175,ALL,37
GP_PRAC_PAT_LIST,01/07/2026,C83073,CLIFF HOUSE MEDICAL PRACTICE,E01026176,ALL,38
GP_PRAC_PAT_LIST,01/07/2026,C83073,CLIFF HOUSE MEDICAL PRACTICE,E01026177,ALL,27
GP_PRAC_PAT_LIST,01/07/2026,C83073,CLIFF HOUSE MEDICAL PRACTICE,E01026178,ALL,22
GP_PRAC_PAT_LIST,01/07/2026,C83073,CLIFF HOUSE MEDICAL PRACTICE,E01026180,ALL,1
GP_PRAC_PAT_LIST,01/07/2026,C83073,CLIFF HOUSE MEDICAL PRACTICE,E01026184,ALL,6
GP_PRAC_PAT_LIST,01/07/2026,C83073,CLIFF HOUSE MEDICAL PRACTICE,E01026185,ALL,12
GP_PRAC_PAT_LIST,01/07/2026,C83073,CLIFF HOUSE MEDICAL PRACTICE,E01026186,ALL,14
GP_PRAC_PAT_LIST,01/07/2026,C83073,CLIFF HOUSE MEDICAL PRACTICE,E01026187,ALL,9
GP_PRAC_PAT_LIST,01/07/2026,C83073,CLIFF HOUSE MEDICAL PRACTICE,E01026188,ALL,7
GP_PRAC_PAT_LIST,01/07/2026,C83073,CLIFF HOUSE MEDICAL PRACTICE,E01026189,ALL,11
GP_PRAC_PAT_LIST,01/07/2026,C83073,CLIFF HOUSE MEDICAL PRACTICE,E01026190,ALL,9
GP_PRAC_PAT_LIST,01/07/2026,C83073,CLIFF HOUSE MEDICAL PRACTICE,E01026191,ALL,4
GP_PRAC_PAT_LIST,01/07/2026,C83073,CLIFF HOUSE MEDICAL PRACTICE,E01026195,ALL,1
GP_PRAC_PAT_LIST,01/07/2026,C83073,CLIFF HOUSE MEDICAL PRACTICE,E01026196,ALL,7
GP_PRAC_PAT_LIST,01/07/2026,C83073,CLIFF HOUSE MEDICAL PRACTICE,E01026197,ALL,1
GP_PRAC_PAT_LIST,01/07/2026,C83073,CLIFF HOUSE MEDICAL PRACTICE,E01026198,ALL,1
GP_PRAC_PAT_LIST,01/07/2026,C83073,CLIFF HOUSE MEDICAL PRACTICE,E01026199,ALL,8
GP_PRAC_PAT_LIST,01/07/2026,C83073,CLIFF HOUSE MEDICAL PRACTICE,E01026203,ALL,5
GP_PRAC_PAT_LIST,01/07/2026,C83073,CLIFF HOUSE MEDICAL PRACTICE,E01026204,ALL,3
GP_PRAC_PAT_LIST,01/07/2026,C83073,CLIFF HOUSE MEDICAL PRACTICE,E01026205,ALL,8
GP_PRAC_PAT_LIST,01/07/2026,C83073,CLIFF HOUSE MEDICAL PRACTICE,E01026206,ALL,1
GP_PRAC_PAT_LIST,01/07/2026,C83073,CLIFF HOUSE MEDICAL PRACTICE,E01026207,ALL,1
GP_PRAC_PAT_LIST,01/07/2026,C83073,CLIFF HOUSE MEDICAL PRACTICE,E01026210,ALL,1
GP_PRAC_PAT_LIST,01/07/2026,C83073,CLIFF HOUSE MEDICAL PRACTICE,E01026211,ALL,2
GP_PRAC_PAT_LIST,01/07/2026,C83073,CLIFF HOUSE MEDICAL PRACTICE,E01026212,ALL,5
GP_PRAC_PAT_LIST,01/07/2026,C83073,CLIFF HOUSE MEDICAL PRACTICE,E01026213,ALL,2
GP_PRAC_PAT_LIST,01/07/2026,C83073,CLIFF HOUSE MEDICAL PRACTICE,E01026214,ALL,12
GP_PRAC_PAT_LIST,01/07/2026,C83073,CLIFF HOUSE MEDICAL PRACTICE,E01026215,ALL,2
GP_PRAC_PAT_LIST,01/07/2026,C83073,CLIFF HOUSE MEDICAL PRACTICE,E01026218,ALL,4
GP_PRAC_PAT_LIST,01/07/2026,C83073,CLIFF HOUSE MEDICAL PRACTICE,E01026219,ALL,2
GP_PRAC_PAT_LIST,01/07/2026,C83073,CLIFF HOUSE MEDICAL PRACTICE,E01026220,ALL,2
GP_PRAC_PAT_LIST,01/07/2026,C83073,CLIFF HOUSE MEDICAL PRACTICE,E01026223,ALL,4
GP_PRAC_PAT_LIST,01/07/2026,C83073,CLIFF HOUSE MEDICAL PRACTICE,E01026225,ALL,23
GP_PRAC_PAT_LIST,01/07/2026,C83073,CLIFF HOUSE MEDICAL PRACTICE,E01026226,ALL,6
GP_PRAC_PAT_LIST,01/07/2026,C83073,CLIFF HOUSE MEDICAL PRACTICE,E01026233,ALL,1
GP_PRAC_PAT_LIST,01/07/2026,C83073,CLIFF HOUSE MEDICAL PRACTICE,E01026237,ALL,1
GP_PRAC_PAT_LIST,01/07/2026,C83073,CLIFF HOUSE MEDICAL PRACTICE,E01026238,ALL,6
GP_PRAC_PAT_LIST,01/07/2026,C83073,CLIFF HOUSE MEDICAL PRACTICE,E01026290,ALL,1
GP_PRAC_PAT_LIST,01/07/2026,C83073,CLIFF HOUSE MEDICAL PRACTICE,E01026333,ALL,1
GP_PRAC_PAT_LIST,01/07/2026,C83073,CLIFF HOUSE MEDICAL PRACTICE,E01026353,ALL,1
GP_PRAC_PAT_LIST,01/07/2026,C83073,CLIFF HOUSE MEDICAL PRACTICE,E01026366,ALL,2
GP_PRAC_PAT_LIST,01/07/2026,C83073,CLIFF HOUSE MEDICAL PRACTICE,E01026368,ALL,1
GP_PRAC_PAT_LIST,01/07/2026,C83073,CLIFF HOUSE MEDICAL PRACTICE,E01026369,ALL,7
GP_PRAC_PAT_LIST,01/07/2026,C83073,CLIFF HOUSE MEDICAL PRACTICE,E01026370,ALL,30
GP_PRAC_PAT_LIST,01/07/2026,C83073,CLIFF HOUSE MEDICAL PRACTICE,E01026371,ALL,19
GP_PRAC_PAT_LIST,01/07/2026,C83073,CLIFF HOUSE MEDICAL PRACTICE,E01026372,ALL,13
GP_PRAC_PAT_LIST,01/07/2026,C83073,CLIFF HOUSE MEDICAL PRACTICE,E01026373,ALL,17
GP_PRAC_PAT_LIST,01/07/2026,C83073,CLIFF HOUSE MEDICAL PRACTICE,E01026378,ALL,2
GP_PRAC_PAT_LIST,01/07/2026,C83073,CLIFF HOUSE MEDICAL PRACTICE,E01026380,ALL,3
GP_PRAC_PAT_LIST,01/07/2026,C83073,CLIFF HOUSE MEDICAL PRACTICE,E01026382,ALL,1
GP_PRAC_PAT_LIST,01/07/2026,C83073,CLIFF HOUSE MEDICAL PRACTICE,E01026384,ALL,1
GP_PRAC_PAT_LIST,01/07/2026,C83073,CLIFF HOUSE MEDICAL PRACTICE,E01026386,ALL,1
GP_PRAC_PAT_LIST,01/07/2026,C83073,CLIFF HOUSE MEDICAL PRACTICE,E01026388,ALL,2
GP_PRAC_PAT_LIST,01/07/2026,C83073,CLIFF HOUSE MEDICAL PRACTICE,E01026390,ALL,1
GP_PRAC_PAT_LIST,01/07/2026,C83073,CLIFF HOUSE MEDICAL PRACTICE,E01026391,ALL,4
GP_PRAC_PAT_LIST,01/07/2026,C83073,CLIFF HOUSE MEDICAL PRACTICE,E01026393,ALL,11
GP_PRAC_PAT_LIST,01/07/2026,C83073,CLIFF HOUSE MEDICAL PRACTICE,E01026394,ALL,92
GP_PRAC_PAT_LIST,01/07/2026,C83073,CLIFF HOUSE MEDICAL PRACTICE,E01026395,ALL,11
GP_PRAC_PAT_LIST,01/07/2026,C83073,CLIFF HOUSE MEDICAL PRACTICE,E01026396,ALL,2
GP_PRAC_PAT_LIST,01/07/2026,C83073,CLIFF HOUSE MEDICAL PRACTICE,E01026398,ALL,8
GP_PRAC_PAT_LIST,01/07/2026,C83073,CLIFF HOUSE MEDICAL PRACTICE,E01026399,ALL,6
GP_PRAC_PAT_LIST,01/07/2026,C83073,CLIFF HOUSE MEDICAL PRACTICE,E01026400,ALL,30
GP_PRAC_PAT_LIST,01/07/2026,C83073,CLIFF HOUSE MEDICAL PRACTICE,E01026404,ALL,14
GP_PRAC_PAT_LIST,01/07/2026,C83073,CLIFF HOUSE MEDICAL PRACTICE,E01026405,ALL,10
GP_PRAC_PAT_LIST,01/07/2026,C83073,CLIFF HOUSE MEDICAL PRACTICE,E01026406,ALL,9
GP_PRAC_PAT_LIST,01/07/2026,C83073,CLIFF HOUSE MEDICAL PRACTICE,E01026409,ALL,4
GP_PRAC_PAT_LIST,01/07/2026,C83073,CLIFF HOUSE MEDICAL PRACTICE,E01026410,ALL,1
GP_PRAC_PAT_LIST,01/07/2026,C83073,CLIFF HOUSE MEDICAL PRACTICE,E01026411,ALL,3
GP_PRAC_PAT_LIST,01/07/2026,C83073,CLIFF HOUSE MEDICAL PRACTICE,E01026412,ALL,29
GP_PRAC_PAT_LIST,01/07/2026,C83073,CLIFF HOUSE MEDICAL PRACTICE,E01026413,ALL,2
GP_PRAC_PAT_LIST,01/07/2026,C83073,CLIFF HOUSE MEDICAL PRACTICE,E01026414,ALL,12
GP_PRAC_PAT_LIST,01/07/2026,C83073,CLIFF HOUSE MEDICAL PRACTICE,E01026644,ALL,1
GP_PRAC_PAT_LIST,01/07/2026,C83073,CLIFF HOUSE MEDICAL PRACTICE,E01026942,ALL,1
GP_PRAC_PAT_LIST,01/07/2026,C83073,CLIFF HOUSE MEDICAL PRACTICE,E01027102,ALL,1
GP_PRAC_PAT_LIST,01/07/2026,C83073,CLIFF HOUSE MEDICAL PRACTICE,E01028006,ALL,1
GP_PRAC_PAT_LIST,01/07/2026,C83073,CLIFF HOUSE MEDICAL PRACTICE,E01028033,ALL,1
GP_PRAC_PAT_LIST,01/07/2026,C83073,CLIFF HOUSE MEDICAL PRACTICE,E01028065,ALL,1
GP_PRAC_PAT_LIST,01/07/2026,C83073,CLIFF HOUSE MEDICAL PRACTICE,E01028288,ALL,1
GP_PRAC_PAT_LIST,01/07/2026,C83073,CLIFF HOUSE MEDICAL PRACTICE,E01028294,ALL,1
GP_PRAC_PAT_LIST,01/07/2026,C83073,CLIFF HOUSE MEDICAL PRACTICE,E01028317,ALL,3
GP_PRAC_PAT_LIST,01/07/2026,C83073,CLIFF HOUSE MEDICAL PRACTICE,E01028318,ALL,1
GP_PRAC_PAT_LIST,01/07/2026,C83073,CLIFF HOUSE MEDICAL PRACTICE,E01028320,ALL,1
GP_PRAC_PAT_LIST,01/07/2026,C83073,CLIFF HOUSE MEDICAL PRACTICE,E01031565,ALL,1
GP_PRAC_PAT_LIST,01/07/2026,C83073,CLIFF HOUSE MEDICAL PRACTICE,E01032986,ALL,2
GP_PRAC_PAT_LIST,01/07/2026,C83073,CLIFF HOUSE MEDICAL PRACTICE,E01032988,ALL,1
GP_PRAC_PAT_LIST,01/07/2026,C83073,CLIFF HOUSE MEDICAL PRACTICE,E01032989,ALL,14
GP_PRAC_PAT_LIST,01/07/2026,C83073,CLIFF HOUSE MEDICAL PRACTICE,E01032991,ALL,14
GP_PRAC_PAT_LIST,01/07/2026,C83073,CLIFF HOUSE MEDICAL PRACTICE,E01032992,ALL,6
GP_PRAC_PAT_LIST,01/07/2026,C83073,CLIFF HOUSE MEDICAL PRACTICE,E01032993,ALL,23
GP_PRAC_PAT_LIST,01/07/2026,C83073,CLIFF HOUSE MEDICAL PRACTICE,E01032994,ALL,4
GP_PRAC_PAT_LIST,01/07/2026,C83073,CLIFF HOUSE MEDICAL PRACTICE,E01033111,ALL,1
GP_PRAC_PAT_LIST,01/07/2026,C83073,CLIFF HOUSE MEDICAL PRACTICE,E01033617,ALL,1
GP_PRAC_PAT_LIST,01/07/2026,C83073,CLIFF HOUSE MEDICAL PRACTICE,E01034228,ALL,1
GP_PRAC_PAT_LIST,01/07/2026,C83073,CLIFF HOUSE MEDICAL PRACTICE,E01034365,ALL,1
GP_PRAC_PAT_LIST,01/07/2026,C83073,CLIFF HOUSE MEDICAL PRACTICE,E01034687,ALL,181
GP_PRAC_PAT_LIST,01/07/2026,C83073,CLIFF HOUSE MEDICAL PRACTICE,E01034688,ALL,117
GP_PRAC_PAT_LIST,01/07/2026,C83073,CLIFF HOUSE MEDICAL PRACTICE,E01034689,ALL,10
GP_PRAC_PAT_LIST,01/07/2026,C83073,CLIFF HOUSE MEDICAL PRACTICE,E01034690,ALL,10
GP_PRAC_PAT_LIST,01/07/2026,C83073,CLIFF HOUSE MEDICAL PRACTICE,E01034691,ALL,25
GP_PRAC_PAT_LIST,01/07/2026,C83073,CLIFF HOUSE MEDICAL PRACTICE,E01034692,ALL,47
GP_PRAC_PAT_LIST,01/07/2026,C83073,CLIFF HOUSE MEDICAL PRACTICE,E01034693,ALL,11
GP_PRAC_PAT_LIST,01/07/2026,C83073,CLIFF HOUSE MEDICAL PRACTICE,E01034694,ALL,13
GP_PRAC_PAT_LIST,01/07/2026,C83073,CLIFF HOUSE MEDICAL PRACTICE,E01034695,ALL,1
GP_PRAC_PAT_LIST,01/07/2026,C83073,CLIFF HOUSE MEDICAL PRACTICE,E01034706,ALL,10
GP_PRAC_PAT_LIST,01/07/2026,C83073,CLIFF HOUSE MEDICAL PRACTICE,E01034707,ALL,169
GP_PRAC_PAT_LIST,01/07/2026,C83073,CLIFF HOUSE MEDICAL PRACTICE,E01035148,ALL,1
GP_PRAC_PAT_LIST,01/07/2026,C83073,CLIFF HOUSE MEDICAL PRACTICE,E01035482,ALL,1
GP_PRAC_PAT_LIST,01/07/2026,C83073,CLIFF HOUSE MEDICAL PRACTICE,EMPTY,ALL,15
GP_PRAC_PAT_LIST,01/07/2026,C83073,CLIFF HOUSE MEDICAL PRACTICE,W01001580,ALL,1
GP_PRAC_PAT_LIST,01/07/2026,C83074,WILLINGHAM-BY-STOW SURGERY,E01013323,ALL,1
GP_PRAC_PAT_LIST,01/07/2026,C83074,WILLINGHAM-BY-STOW SURGERY,E01026144,ALL,1
GP_PRAC_PAT_LIST,01/07/2026,C83074,WILLINGHAM-BY-STOW SURGERY,E01026145,ALL,3
GP_PRAC_PAT_LIST,01/07/2026,C83074,WILLINGHAM-BY-STOW SURGERY,E01026175,ALL,1
GP_PRAC_PAT_LIST,01/07/2026,C83074,WILLINGHAM-BY-STOW SURGERY,E01026176,ALL,1
GP_PRAC_PAT_LIST,01/07/2026,C83074,WILLINGHAM-BY-STOW SURGERY,E01026196,ALL,1
GP_PRAC_PAT_LIST,01/07/2026,C83074,WILLINGHAM-BY-STOW SURGERY,E01026225,ALL,1
GP_PRAC_PAT_LIST,01/07/2026,C83074,WILLINGHAM-BY-STOW SURGERY,E01026367,ALL,1
GP_PRAC_PAT_LIST,01/07/2026,C83074,WILLINGHAM-BY-STOW SURGERY,E01026374,ALL,3
GP_PRAC_PAT_LIST,01/07/2026,C83074,WILLINGHAM-BY-STOW SURGERY,E01026375,ALL,21
GP_PRAC_PAT_LIST,01/07/2026,C83074,WILLINGHAM-BY-STOW SURGERY,E01026376,ALL,11
GP_PRAC_PAT_LIST,01/07/2026,C83074,WILLINGHAM-BY-STOW SURGERY,E01026377,ALL,11
GP_PRAC_PAT_LIST,01/07/2026,C83074,WILLINGHAM-BY-STOW SURGERY,E01026378,ALL,2
GP_PRAC_PAT_LIST,01/07/2026,C83074,WILLINGHAM-BY-STOW SURGERY,E01026379,ALL,7
GP_PRAC_PAT_LIST,01/07/2026,C83074,WILLINGHAM-BY-STOW SURGERY,E01026380,ALL,9
GP_PRAC_PAT_LIST,01/07/2026,C83074,WILLINGHAM-BY-STOW SURGERY,E01026381,ALL,5
GP_PRAC_PAT_LIST,01/07/2026,C83074,WILLINGHAM-BY-STOW SURGERY,E01026382,ALL,126
GP_PRAC_PAT_LIST,01/07/2026,C83074,WILLINGHAM-BY-STOW SURGERY,E01026383,ALL,1
GP_PRAC_PAT_LIST,01/07/2026,C83074,WILLINGHAM-BY-STOW SURGERY,E01026384,ALL,5
GP_PRAC_PAT_LIST,01/07/2026,C83074,WILLINGHAM-BY-STOW SURGERY,E01026385,ALL,600
GP_PRAC_PAT_LIST,01/07/2026,C83074,WILLINGHAM-BY-STOW SURGERY,E01026386,ALL,16
GP_PRAC_PAT_LIST,01/07/2026,C83074,WILLINGHAM-BY-STOW SURGERY,E01026388,ALL,1842
GP_PRAC_PAT_LIST,01/07/2026,C83074,WILLINGHAM-BY-STOW SURGERY,E01026396,ALL,7
GP_PRAC_PAT_LIST,01/07/2026,C83074,WILLINGHAM-BY-STOW SURGERY,E01026398,ALL,5
GP_PRAC_PAT_LIST,01/07/2026,C83074,WILLINGHAM-BY-STOW SURGERY,E01026399,ALL,209
GP_PRAC_PAT_LIST,01/07/2026,C83074,WILLINGHAM-BY-STOW SURGERY,E01026400,ALL,33
GP_PRAC_PAT_LIST,01/07/2026,C83074,WILLINGHAM-BY-STOW SURGERY,E01026403,ALL,2
GP_PRAC_PAT_LIST,01/07/2026,C83074,WILLINGHAM-BY-STOW SURGERY,E01026404,ALL,1284
GP_PRAC_PAT_LIST,01/07/2026,C83074,WILLINGHAM-BY-STOW SURGERY,E01026407,ALL,103
GP_PRAC_PAT_LIST,01/07/2026,C83074,WILLINGHAM-BY-STOW SURGERY,E01026408,ALL,4
GP_PRAC_PAT_LIST,01/07/2026,C83074,WILLINGHAM-BY-STOW SURGERY,E01026409,ALL,76
GP_PRAC_PAT_LIST,01/07/2026,C83074,WILLINGHAM-BY-STOW SURGERY,E01026410,ALL,629
GP_PRAC_PAT_LIST,01/07/2026,C83074,WILLINGHAM-BY-STOW SURGERY,E01034706,ALL,12
GP_PRAC_PAT_LIST,01/07/2026,C83074,WILLINGHAM-BY-STOW SURGERY,E01034707,ALL,3
GP_PRAC_PAT_LIST,01/07/2026,C83075,VINE STREET SURGERY,CLOSED,ALL,1
GP_PRAC_PAT_LIST,01/07/2026,C83075,VINE STREET SURGERY,E01000507,ALL,1
GP_PRAC_PAT_LIST,01/07/2026,C83075,VINE STREET SURGERY,E01004277,ALL,1
GP_PRAC_PAT_LIST,01/07/2026,C83075,VINE STREET SURGERY,E01004928,ALL,1
GP_PRAC_PAT_LIST,01/07/2026,C83075,VINE STREET SURGERY,E01005078,ALL,1
GP_PRAC_PAT_LIST,01/07/2026,C83075,VINE STREET SURGERY,E01010523,ALL,1
GP_PRAC_PAT_LIST,01/07/2026,C83075,VINE STREET SURGERY,E01010570,ALL,1
GP_PRAC_PAT_LIST,01/07/2026,C83075,VINE STREET SURGERY,E01010647,ALL,1
GP_PRAC_PAT_LIST,01/07/2026,C83075,VINE STREET SURGERY,E01012271,ALL,1
GP_PRAC_PAT_LIST,01/07/2026,C83075,VINE STREET SURGERY,E01013732,ALL,1
GP_PRAC_PAT_LIST,01/07/2026,C83075,VINE STREET SURGERY,E01013967,ALL,1
GP_PRAC_PAT_LIST,01/07/2026,C83075,VINE STREET SURGERY,E01015051,ALL,1
GP_PRAC_PAT_LIST,01/07/2026,C83075,VINE STREET SURGERY,E01015613,ALL,1
GP_PRAC_PAT_LIST,01/07/2026,C83075,VINE STREET SURGERY,E01016724,ALL,1
GP_PRAC_PAT_LIST,01/07/2026,C83075,VINE STREET SURGERY,E01019696,ALL,1
GP_PRAC_PAT_LIST,01/07/2026,C83075,VINE STREET SURGERY,E01020020,ALL,1
GP_PRAC_PAT_LIST,01/07/2026,C83075,VINE STREET SURGERY,E01025034,ALL,1
GP_PRAC_PAT_LIST,01/07/2026,C83075,VINE STREET SURGERY,E01025759,ALL,1
GP_PRAC_PAT_LIST,01/07/2026,C83075,VINE STREET SURGERY,E01025891,ALL,1
GP_PRAC_PAT_LIST,01/07/2026,C83075,VINE STREET SURGERY,E01026103,ALL,1
GP_PRAC_PAT_LIST,01/07/2026,C83075,VINE STREET SURGERY,E01026106,ALL,1
GP_PRAC_PAT_LIST,01/07/2026,C83075,VINE STREET SURGERY,E01026139,ALL,1
GP_PRAC_PAT_LIST,01/07/2026,C83075,VINE STREET SURGERY,E01026175,ALL,1
GP_PRAC_PAT_LIST,01/07/2026,C83075,VINE STREET SURGERY,E01026192,ALL,1
GP_PRAC_PAT_LIST,01/07/2026,C83075,VINE STREET SURGERY,E01026221,ALL,1
GP_PRAC_PAT_LIST,01/07/2026,C83075,VINE STREET SURGERY,E01026228,ALL,1
GP_PRAC_PAT_LIST,01/07/2026,C83075,VINE STREET SURGERY,E01026236,ALL,1
GP_PRAC_PAT_LIST,01/07/2026,C83075,VINE STREET SURGERY,E01026289,ALL,1
GP_PRAC_PAT_LIST,01/07/2026,C83075,VINE STREET SURGERY,E01026291,ALL,334
GP_PRAC_PAT_LIST,01/07/2026,C83075,VINE STREET SURGERY,E01026292,ALL,190
GP_PRAC_PAT_LIST,01/07/2026,C83075,VINE STREET SURGERY,E01026293,ALL,313
GP_PRAC_PAT_LIST,01/07/2026,C83075,VINE STREET SURGERY,E01026294,ALL,351
GP_PRAC_PAT_LIST,01/07/2026,C83075,VINE STREET SURGERY,E01026299,ALL,1
GP_PRAC_PAT_LIST,01/07/2026,C83075,VINE STREET SURGERY,E01026308,ALL,142
GP_PRAC_PAT_LIST,01/07/2026,C83075,VINE STREET SURGERY,E01026309,ALL,197
GP_PRAC_PAT_LIST,01/07/2026,C83075,VINE STREET SURGERY,E01026310,ALL,114
GP_PRAC_PAT_LIST,01/07/2026,C83075,VINE STREET SURGERY,E01026311,ALL,151
GP_PRAC_PAT_LIST,01/07/2026,C83075,VINE STREET SURGERY,E01026312,ALL,115
GP_PRAC_PAT_LIST,01/07/2026,C83075,VINE STREET SURGERY,E01026313,ALL,181
GP_PRAC_PAT_LIST,01/07/2026,C83075,VINE STREET SURGERY,E01026314,ALL,5
GP_PRAC_PAT_LIST,01/07/2026,C83075,VINE STREET SURGERY,E01026315,ALL,11
GP_PRAC_PAT_LIST,01/07/2026,C83075,VINE STREET SURGERY,E01026316,ALL,8
GP_PRAC_PAT_LIST,01/07/2026,C83075,VINE STREET SURGERY,E01026317,ALL,384
GP_PRAC_PAT_LIST,01/07/2026,C83075,VINE STREET SURGERY,E01026318,ALL,315
GP_PRAC_PAT_LIST,01/07/2026,C83075,VINE STREET SURGERY,E01026319,ALL,373
GP_PRAC_PAT_LIST,01/07/2026,C83075,VINE STREET SURGERY,E01026321,ALL,340
GP_PRAC_PAT_LIST,01/07/2026,C83075,VINE STREET SURGERY,E01026322,ALL,368
GP_PRAC_PAT_LIST,01/07/2026,C83075,VINE STREET SURGERY,E01026323,ALL,722
GP_PRAC_PAT_LIST,01/07/2026,C83075,VINE STREET SURGERY,E01026324,ALL,575
GP_PRAC_PAT_LIST,01/07/2026,C83075,VINE STREET SURGERY,E01026325,ALL,201
GP_PRAC_PAT_LIST,01/07/2026,C83075,VINE STREET SURGERY,E01026326,ALL,344
GP_PRAC_PAT_LIST,01/07/2026,C83075,VINE STREET SURGERY,E01026327,ALL,306
GP_PRAC_PAT_LIST,01/07/2026,C83075,VINE STREET SURGERY,E01026328,ALL,131
GP_PRAC_PAT_LIST,01/07/2026,C83075,VINE STREET SURGERY,E01026329,ALL,1
GP_PRAC_PAT_LIST,01/07/2026,C83075,VINE STREET SURGERY,E01026331,ALL,1
GP_PRAC_PAT_LIST,01/07/2026,C83075,VINE STREET SURGERY,E01026332,ALL,7
GP_PRAC_PAT_LIST,01/07/2026,C83075,VINE STREET SURGERY,E01026333,ALL,1
GP_PRAC_PAT_LIST,01/07/2026,C83075,VINE STREET SURGERY,E01026334,ALL,1
GP_PRAC_PAT_LIST,01/07/2026,C83075,VINE STREET SURGERY,E01026339,ALL,1
GP_PRAC_PAT_LIST,01/07/2026,C83075,VINE STREET SURGERY,E01026340,ALL,829
GP_PRAC_PAT_LIST,01/07/2026,C83075,VINE STREET SURGERY,E01026343,ALL,291
GP_PRAC_PAT_LIST,01/07/2026,C83075,VINE STREET SURGERY,E01026344,ALL,256
GP_PRAC_PAT_LIST,01/07/2026,C83075,VINE STREET SURGERY,E01026345,ALL,382
GP_PRAC_PAT_LIST,01/07/2026,C83075,VINE STREET SURGERY,E01026349,ALL,1
GP_PRAC_PAT_LIST,01/07/2026,C83075,VINE STREET SURGERY,E01026352,ALL,438
GP_PRAC_PAT_LIST,01/07/2026,C83075,VINE STREET SURGERY,E01026353,ALL,754
GP_PRAC_PAT_LIST,01/07/2026,C83075,VINE STREET SURGERY,E01026354,ALL,310
GP_PRAC_PAT_LIST,01/07/2026,C83075,VINE STREET SURGERY,E01026355,ALL,2
GP_PRAC_PAT_LIST,01/07/2026,C83075,VINE STREET SURGERY,E01026363,ALL,1
GP_PRAC_PAT_LIST,01/07/2026,C83075,VINE STREET SURGERY,E01026365,ALL,2
GP_PRAC_PAT_LIST,01/07/2026,C83075,VINE STREET SURGERY,E01026376,ALL,1
GP_PRAC_PAT_LIST,01/07/2026,C83075,VINE STREET SURGERY,E01026381,ALL,2
GP_PRAC_PAT_LIST,01/07/2026,C83075,VINE STREET SURGERY,E01026382,ALL,1
GP_PRAC_PAT_LIST,01/07/2026,C83075,VINE STREET SURGERY,E01026384,ALL,1
GP_PRAC_PAT_LIST,01/07/2026,C83075,VINE STREET SURGERY,E01026473,ALL,1
GP_PRAC_PAT_LIST,01/07/2026,C83075,VINE STREET SURGERY,E01028131,ALL,1
GP_PRAC_PAT_LIST,01/07/2026,C83075,VINE STREET SURGERY,E01028292,ALL,1
GP_PRAC_PAT_LIST,01/07/2026,C83075,VINE STREET SURGERY,E01028357,ALL,1
GP_PRAC_PAT_LIST,01/07/2026,C83075,VINE STREET SURGERY,E01028360,ALL,2
GP_PRAC_PAT_LIST,01/07/2026,C83075,VINE STREET SURGERY,E01029428,ALL,1
GP_PRAC_PAT_LIST,01/07/2026,C83075,VINE STREET SURGERY,E01033400,ALL,1
GP_PRAC_PAT_LIST,01/07/2026,C83075,VINE STREET SURGERY,E01033674,ALL,1
GP_PRAC_PAT_LIST,01/07/2026,C83075,VINE STREET SURGERY,E01033780,ALL,2
GP_PRAC_PAT_LIST,01/07/2026,C83075,VINE STREET SURGERY,E01034367,ALL,1
GP_PRAC_PAT_LIST,01/07/2026,C83075,VINE STREET SURGERY,E01034681,ALL,2
GP_PRAC_PAT_LIST,01/07/2026,C83075,VINE STREET SURGERY,E01034699,ALL,1
GP_PRAC_PAT_LIST,01/07/2026,C83075,VINE STREET SURGERY,E01034701,ALL,433
GP_PRAC_PAT_LIST,01/07/2026,C83075,VINE STREET SURGERY,E01034702,ALL,378
GP_PRAC_PAT_LIST,01/07/2026,C83075,VINE STREET SURGERY,EMPTY,ALL,16
GP_PRAC_PAT_LIST,01/07/2026,C83078,BRANT ROAD & SPRINGCLIFFE SURGERY,E01000313,ALL,1
GP_PRAC_PAT_LIST,01/07/2026,C83078,BRANT ROAD & SPRINGCLIFFE SURGERY,E01004622,ALL,1
GP_PRAC_PAT_LIST,01/07/2026,C83078,BRANT ROAD & SPRINGCLIFFE SURGERY,E01007376,ALL,1
GP_PRAC_PAT_LIST,01/07/2026,C83078,BRANT ROAD & SPRINGCLIFFE SURGERY,E01007442,ALL,1
GP_PRAC_PAT_LIST,01/07/2026,C83078,BRANT ROAD & SPRINGCLIFFE SURGERY,E01009836,ALL,1
GP_PRAC_PAT_LIST,01/07/2026,C83078,BRANT ROAD & SPRINGCLIFFE SURGERY,E01017510,ALL,1
GP_PRAC_PAT_LIST,01/07/2026,C83078,BRANT ROAD & SPRINGCLIFFE SURGERY,E01026125,ALL,1
GP_PRAC_PAT_LIST,01/07/2026,C83078,BRANT ROAD & SPRINGCLIFFE SURGERY,E01026131,ALL,1
GP_PRAC_PAT_LIST,01/07/2026,C83078,BRANT ROAD & SPRINGCLIFFE SURGERY,E01026132,ALL,42
GP_PRAC_PAT_LIST,01/07/2026,C83078,BRANT ROAD & SPRINGCLIFFE SURGERY,E01026134,ALL,344
GP_PRAC_PAT_LIST,01/07/2026,C83078,BRANT ROAD & SPRINGCLIFFE SURGERY,E01026137,ALL,923
GP_PRAC_PAT_LIST,01/07/2026,C83078,BRANT ROAD & SPRINGCLIFFE SURGERY,E01026138,ALL,1192
GP_PRAC_PAT_LIST,01/07/2026,C83078,BRANT ROAD & SPRINGCLIFFE SURGERY,E01026139,ALL,2
GP_PRAC_PAT_LIST,01/07/2026,C83078,BRANT ROAD & SPRINGCLIFFE SURGERY,E01026140,ALL,1112
GP_PRAC_PAT_LIST,01/07/2026,C83078,BRANT ROAD & SPRINGCLIFFE SURGERY,E01026141,ALL,2
GP_PRAC_PAT_LIST,01/07/2026,C83078,BRANT ROAD & SPRINGCLIFFE SURGERY,E01026142,ALL,858
GP_PRAC_PAT_LIST,01/07/2026,C83078,BRANT ROAD & SPRINGCLIFFE SURGERY,E01026146,ALL,1
GP_PRAC_PAT_LIST,01/07/2026,C83078,BRANT ROAD & SPRINGCLIFFE SURGERY,E01026147,ALL,1
GP_PRAC_PAT_LIST,01/07/2026,C83078,BRANT ROAD & SPRINGCLIFFE SURGERY,E01026157,ALL,1
GP_PRAC_PAT_LIST,01/07/2026,C83078,BRANT ROAD & SPRINGCLIFFE SURGERY,E01026165,ALL,1
GP_PRAC_PAT_LIST,01/07/2026,C83078,BRANT ROAD & SPRINGCLIFFE SURGERY,E01026169,ALL,2
GP_PRAC_PAT_LIST,01/07/2026,C83078,BRANT ROAD & SPRINGCLIFFE SURGERY,E01026171,ALL,2
GP_PRAC_PAT_LIST,01/07/2026,C83078,BRANT ROAD & SPRINGCLIFFE SURGERY,E01026172,ALL,5
GP_PRAC_PAT_LIST,01/07/2026,C83078,BRANT ROAD & SPRINGCLIFFE SURGERY,E01026174,ALL,457
GP_PRAC_PAT_LIST,01/07/2026,C83078,BRANT ROAD & SPRINGCLIFFE SURGERY,E01026175,ALL,716
GP_PRAC_PAT_LIST,01/07/2026,C83078,BRANT ROAD & SPRINGCLIFFE SURGERY,E01026176,ALL,33
GP_PRAC_PAT_LIST,01/07/2026,C83078,BRANT ROAD & SPRINGCLIFFE SURGERY,E01026177,ALL,43
GP_PRAC_PAT_LIST,01/07/2026,C83078,BRANT ROAD & SPRINGCLIFFE SURGERY,E01026178,ALL,160
GP_PRAC_PAT_LIST,01/07/2026,C83078,BRANT ROAD & SPRINGCLIFFE SURGERY,E01026184,ALL,91
GP_PRAC_PAT_LIST,01/07/2026,C83078,BRANT ROAD & SPRINGCLIFFE SURGERY,E01026185,ALL,507
GP_PRAC_PAT_LIST,01/07/2026,C83078,BRANT ROAD & SPRINGCLIFFE SURGERY,E01026186,ALL,131
GP_PRAC_PAT_LIST,01/07/2026,C83078,BRANT ROAD & SPRINGCLIFFE SURGERY,E01026187,ALL,118
GP_PRAC_PAT_LIST,01/07/2026,C83078,BRANT ROAD & SPRINGCLIFFE SURGERY,E01026188,ALL,94
GP_PRAC_PAT_LIST,01/07/2026,C83078,BRANT ROAD & SPRINGCLIFFE SURGERY,E01026189,ALL,1
GP_PRAC_PAT_LIST,01/07/2026,C83078,BRANT ROAD & SPRINGCLIFFE SURGERY,E01026203,ALL,11
GP_PRAC_PAT_LIST,01/07/2026,C83078,BRANT ROAD & SPRINGCLIFFE SURGERY,E01026211,ALL,1
GP_PRAC_PAT_LIST,01/07/2026,C83078,BRANT ROAD & SPRINGCLIFFE SURGERY,E01026212,ALL,1
GP_PRAC_PAT_LIST,01/07/2026,C83078,BRANT ROAD & SPRINGCLIFFE SURGERY,E01026237,ALL,880
GP_PRAC_PAT_LIST,01/07/2026,C83078,BRANT ROAD & SPRINGCLIFFE SURGERY,E01026238,ALL,1007
GP_PRAC_PAT_LIST,01/07/2026,C83078,BRANT ROAD & SPRINGCLIFFE SURGERY,E01026318,ALL,1
GP_PRAC_PAT_LIST,01/07/2026,C83078,BRANT ROAD & SPRINGCLIFFE SURGERY,E01026381,ALL,1
GP_PRAC_PAT_LIST,01/07/2026,C83078,BRANT ROAD & SPRINGCLIFFE SURGERY,E01026396,ALL,1
GP_PRAC_PAT_LIST,01/07/2026,C83078,BRANT ROAD & SPRINGCLIFFE SURGERY,E01028311,ALL,1
GP_PRAC_PAT_LIST,01/07/2026,C83078,BRANT ROAD & SPRINGCLIFFE SURGERY,E01031946,ALL,1
GP_PRAC_PAT_LIST,01/07/2026,C83078,BRANT ROAD & SPRINGCLIFFE SURGERY,E01032988,ALL,1
GP_PRAC_PAT_LIST,01/07/2026,C83078,BRANT ROAD & SPRINGCLIFFE SURGERY,E01032989,ALL,1
GP_PRAC_PAT_LIST,01/07/2026,C83078,BRANT ROAD & SPRINGCLIFFE SURGERY,E01032993,ALL,1
GP_PRAC_PAT_LIST,01/07/2026,C83078,BRANT ROAD & SPRINGCLIFFE SURGERY,E01034692,ALL,51
GP_PRAC_PAT_LIST,01/07/2026,C83078,BRANT ROAD & SPRINGCLIFFE SURGERY,E01034694,ALL,1
GP_PRAC_PAT_LIST,01/07/2026,C83078,BRANT ROAD & SPRINGCLIFFE SURGERY,EMPTY,ALL,9
GP_PRAC_PAT_LIST,01/07/2026,C83079,GLEBE PARK SURGERY,CLOSED,ALL,1
GP_PRAC_PAT_LIST,01/07/2026,C83079,GLEBE PARK SURGERY,E01008131,ALL,1
GP_PRAC_PAT_LIST,01/07/2026,C83079,GLEBE PARK SURGERY,E01013040,ALL,1
GP_PRAC_PAT_LIST,01/07/2026,C83079,GLEBE PARK SURGERY,E01017813,ALL,1
GP_PRAC_PAT_LIST,01/07/2026,C83079,GLEBE PARK SURGERY,E01025400,ALL,1
GP_PRAC_PAT_LIST,01/07/2026,C83079,GLEBE PARK SURGERY,E01026082,ALL,1
GP_PRAC_PAT_LIST,01/07/2026,C83079,GLEBE PARK SURGERY,E01026099,ALL,3
GP_PRAC_PAT_LIST,01/07/2026,C83079,GLEBE PARK SURGERY,E01026121,ALL,2
GP_PRAC_PAT_LIST,01/07/2026,C83079,GLEBE PARK SURGERY,E01026122,ALL,26
GP_PRAC_PAT_LIST,01/07/2026,C83079,GLEBE PARK SURGERY,E01026123,ALL,788
GP_PRAC_PAT_LIST,01/07/2026,C83079,GLEBE PARK SURGERY,E01026124,ALL,30
GP_PRAC_PAT_LIST,01/07/2026,C83079,GLEBE PARK SURGERY,E01026125,ALL,136
GP_PRAC_PAT_LIST,01/07/2026,C83079,GLEBE PARK SURGERY,E01026126,ALL,16
GP_PRAC_PAT_LIST,01/07/2026,C83079,GLEBE PARK SURGERY,E01026129,ALL,1
GP_PRAC_PAT_LIST,01/07/2026,C83079,GLEBE PARK SURGERY,E01026130,ALL,7
GP_PRAC_PAT_LIST,01/07/2026,C83079,GLEBE PARK SURGERY,E01026131,ALL,2
GP_PRAC_PAT_LIST,01/07/2026,C83079,GLEBE PARK SURGERY,E01026132,ALL,3
GP_PRAC_PAT_LIST,01/07/2026,C83079,GLEBE PARK SURGERY,E01026135,ALL,2
GP_PRAC_PAT_LIST,01/07/2026,C83079,GLEBE PARK SURGERY,E01026136,ALL,11
GP_PRAC_PAT_LIST,01/07/2026,C83079,GLEBE PARK SURGERY,E01026137,ALL,1
GP_PRAC_PAT_LIST,01/07/2026,C83079,GLEBE PARK SURGERY,E01026138,ALL,1
GP_PRAC_PAT_LIST,01/07/2026,C83079,GLEBE PARK SURGERY,E01026139,ALL,2
GP_PRAC_PAT_LIST,01/07/2026,C83079,GLEBE PARK SURGERY,E01026140,ALL,1
GP_PRAC_PAT_LIST,01/07/2026,C83079,GLEBE PARK SURGERY,E01026141,ALL,2
GP_PRAC_PAT_LIST,01/07/2026,C83079,GLEBE PARK SURGERY,E01026144,ALL,4
GP_PRAC_PAT_LIST,01/07/2026,C83079,GLEBE PARK SURGERY,E01026145,ALL,7
GP_PRAC_PAT_LIST,01/07/2026,C83079,GLEBE PARK SURGERY,E01026146,ALL,3
GP_PRAC_PAT_LIST,01/07/2026,C83079,GLEBE PARK SURGERY,E01026147,ALL,32
GP_PRAC_PAT_LIST,01/07/2026,C83079,GLEBE PARK SURGERY,E01026148,ALL,49
GP_PRAC_PAT_LIST,01/07/2026,C83079,GLEBE PARK SURGERY,E01026149,ALL,73
GP_PRAC_PAT_LIST,01/07/2026,C83079,GLEBE PARK SURGERY,E01026150,ALL,106
GP_PRAC_PAT_LIST,01/07/2026,C83079,GLEBE PARK SURGERY,E01026151,ALL,70
GP_PRAC_PAT_LIST,01/07/2026,C83079,GLEBE PARK SURGERY,E01026152,ALL,279
GP_PRAC_PAT_LIST,01/07/2026,C83079,GLEBE PARK SURGERY,E01026153,ALL,1526
GP_PRAC_PAT_LIST,01/07/2026,C83079,GLEBE PARK SURGERY,E01026154,ALL,301
GP_PRAC_PAT_LIST,01/07/2026,C83079,GLEBE PARK SURGERY,E01026155,ALL,907
GP_PRAC_PAT_LIST,01/07/2026,C83079,GLEBE PARK SURGERY,E01026156,ALL,151
GP_PRAC_PAT_LIST,01/07/2026,C83079,GLEBE PARK SURGERY,E01026157,ALL,341
GP_PRAC_PAT_LIST,01/07/2026,C83079,GLEBE PARK SURGERY,E01026158,ALL,1
GP_PRAC_PAT_LIST,01/07/2026,C83079,GLEBE PARK SURGERY,E01026159,ALL,1
GP_PRAC_PAT_LIST,01/07/2026,C83079,GLEBE PARK SURGERY,E01026161,ALL,9
GP_PRAC_PAT_LIST,01/07/2026,C83079,GLEBE PARK SURGERY,E01026162,ALL,2
GP_PRAC_PAT_LIST,01/07/2026,C83079,GLEBE PARK SURGERY,E01026164,ALL,79
GP_PRAC_PAT_LIST,01/07/2026,C83079,GLEBE PARK SURGERY,E01026165,ALL,214
GP_PRAC_PAT_LIST,01/07/2026,C83079,GLEBE PARK SURGERY,E01026166,ALL,67
GP_PRAC_PAT_LIST,01/07/2026,C83079,GLEBE PARK SURGERY,E01026167,ALL,53
GP_PRAC_PAT_LIST,01/07/2026,C83079,GLEBE PARK SURGERY,E01026168,ALL,97
GP_PRAC_PAT_LIST,01/07/2026,C83079,GLEBE PARK SURGERY,E01026169,ALL,3
GP_PRAC_PAT_LIST,01/07/2026,C83079,GLEBE PARK SURGERY,E01026174,ALL,4
GP_PRAC_PAT_LIST,01/07/2026,C83079,GLEBE PARK SURGERY,E01026175,ALL,3
GP_PRAC_PAT_LIST,01/07/2026,C83079,GLEBE PARK SURGERY,E01026176,ALL,1
GP_PRAC_PAT_LIST,01/07/2026,C83079,GLEBE PARK SURGERY,E01026177,ALL,2
GP_PRAC_PAT_LIST,01/07/2026,C83079,GLEBE PARK SURGERY,E01026180,ALL,1
GP_PRAC_PAT_LIST,01/07/2026,C83079,GLEBE PARK SURGERY,E01026184,ALL,2
GP_PRAC_PAT_LIST,01/07/2026,C83079,GLEBE PARK SURGERY,E01026185,ALL,2
GP_PRAC_PAT_LIST,01/07/2026,C83079,GLEBE PARK SURGERY,E01026186,ALL,3
GP_PRAC_PAT_LIST,01/07/2026,C83079,GLEBE PARK SURGERY,E01026187,ALL,7
GP_PRAC_PAT_LIST,01/07/2026,C83079,GLEBE PARK SURGERY,E01026188,ALL,4
GP_PRAC_PAT_LIST,01/07/2026,C83079,GLEBE PARK SURGERY,E01026195,ALL,1
GP_PRAC_PAT_LIST,01/07/2026,C83079,GLEBE PARK SURGERY,E01026199,ALL,1
GP_PRAC_PAT_LIST,01/07/2026,C83079,GLEBE PARK SURGERY,E01026203,ALL,3
GP_PRAC_PAT_LIST,01/07/2026,C83079,GLEBE PARK SURGERY,E01026205,ALL,1
GP_PRAC_PAT_LIST,01/07/2026,C83079,GLEBE PARK SURGERY,E01026206,ALL,2
GP_PRAC_PAT_LIST,01/07/2026,C83079,GLEBE PARK SURGERY,E01026214,ALL,3
GP_PRAC_PAT_LIST,01/07/2026,C83079,GLEBE PARK SURGERY,E01026220,ALL,3
GP_PRAC_PAT_LIST,01/07/2026,C83079,GLEBE PARK SURGERY,E01026225,ALL,3
GP_PRAC_PAT_LIST,01/07/2026,C83079,GLEBE PARK SURGERY,E01026226,ALL,2
GP_PRAC_PAT_LIST,01/07/2026,C83079,GLEBE PARK SURGERY,E01026238,ALL,1
GP_PRAC_PAT_LIST,01/07/2026,C83079,GLEBE PARK SURGERY,E01026239,ALL,1
GP_PRAC_PAT_LIST,01/07/2026,C83079,GLEBE PARK SURGERY,E01026366,ALL,2
GP_PRAC_PAT_LIST,01/07/2026,C83079,GLEBE PARK SURGERY,E01026367,ALL,1
GP_PRAC_PAT_LIST,01/07/2026,C83079,GLEBE PARK SURGERY,E01026369,ALL,162
GP_PRAC_PAT_LIST,01/07/2026,C83079,GLEBE PARK SURGERY,E01026370,ALL,282
GP_PRAC_PAT_LIST,01/07/2026,C83079,GLEBE PARK SURGERY,E01026371,ALL,116
GP_PRAC_PAT_LIST,01/07/2026,C83079,GLEBE PARK SURGERY,E01026372,ALL,18
GP_PRAC_PAT_LIST,01/07/2026,C83079,GLEBE PARK SURGERY,E01026373,ALL,108
GP_PRAC_PAT_LIST,01/07/2026,C83079,GLEBE PARK SURGERY,E01026379,ALL,1
GP_PRAC_PAT_LIST,01/07/2026,C83079,GLEBE PARK SURGERY,E01026390,ALL,1
GP_PRAC_PAT_LIST,01/07/2026,C83079,GLEBE PARK SURGERY,E01026393,ALL,75
GP_PRAC_PAT_LIST,01/07/2026,C83079,GLEBE PARK SURGERY,E01026394,ALL,1089
GP_PRAC_PAT_LIST,01/07/2026,C83079,GLEBE PARK SURGERY,E01026395,ALL,53
GP_PRAC_PAT_LIST,01/07/2026,C83079,GLEBE PARK SURGERY,E01026399,ALL,3
GP_PRAC_PAT_LIST,01/07/2026,C83079,GLEBE PARK SURGERY,E01026400,ALL,2
GP_PRAC_PAT_LIST,01/07/2026,C83079,GLEBE PARK SURGERY,E01026405,ALL,39
GP_PRAC_PAT_LIST,01/07/2026,C83079,GLEBE PARK SURGERY,E01026406,ALL,63
GP_PRAC_PAT_LIST,01/07/2026,C83079,GLEBE PARK SURGERY,E01026409,ALL,2
GP_PRAC_PAT_LIST,01/07/2026,C83079,GLEBE PARK SURGERY,E01026411,ALL,5
GP_PRAC_PAT_LIST,01/07/2026,C83079,GLEBE PARK SURGERY,E01026412,ALL,10
GP_PRAC_PAT_LIST,01/07/2026,C83079,GLEBE PARK SURGERY,E01026413,ALL,20
GP_PRAC_PAT_LIST,01/07/2026,C83079,GLEBE PARK SURGERY,E01026414,ALL,6
GP_PRAC_PAT_LIST,01/07/2026,C83079,GLEBE PARK SURGERY,E01028282,ALL,1
GP_PRAC_PAT_LIST,01/07/2026,C83079,GLEBE PARK SURGERY,E01028602,ALL,1
GP_PRAC_PAT_LIST,01/07/2026,C83079,GLEBE PARK SURGERY,E01032989,ALL,1
GP_PRAC_PAT_LIST,01/07/2026,C83079,GLEBE PARK SURGERY,E01032991,ALL,6
GP_PRAC_PAT_LIST,01/07/2026,C83079,GLEBE PARK SURGERY,E01032994,ALL,2
GP_PRAC_PAT_LIST,01/07/2026,C83079,GLEBE PARK SURGERY,E01034689,ALL,1
GP_PRAC_PAT_LIST,01/07/2026,C83079,GLEBE PARK SURGERY,E01034691,ALL,6
GP_PRAC_PAT_LIST,01/07/2026,C83079,GLEBE PARK SURGERY,E01034693,ALL,5
GP_PRAC_PAT_LIST,01/07/2026,C83079,GLEBE PARK SURGERY,E01034707,ALL,6
GP_PRAC_PAT_LIST,01/07/2026,C83079,GLEBE PARK SURGERY,EMPTY,ALL,5
GP_PRAC_PAT_LIST,01/07/2026,C83080,THE HARROWBY LANE SURGERY,E01013164,ALL,1
GP_PRAC_PAT_LIST,01/07/2026,C83080,THE HARROWBY LANE SURGERY,E01013854,ALL,1
GP_PRAC_PAT_LIST,01/07/2026,C83080,THE HARROWBY LANE SURGERY,E01022081,ALL,1
GP_PRAC_PAT_LIST,01/07/2026,C83080,THE HARROWBY LANE SURGERY,E01025490,ALL,1
GP_PRAC_PAT_LIST,01/07/2026,C83080,THE HARROWBY LANE SURGERY,E01025886,ALL,1
GP_PRAC_PAT_LIST,01/07/2026,C83080,THE HARROWBY LANE SURGERY,E01026291,ALL,25
GP_PRAC_PAT_LIST,01/07/2026,C83080,THE HARROWBY LANE SURGERY,E01026292,ALL,608
GP_PRAC_PAT_LIST,01/07/2026,C83080,THE HARROWBY LANE SURGERY,E01026293,ALL,714
GP_PRAC_PAT_LIST,01/07/2026,C83080,THE HARROWBY LANE SURGERY,E01026294,ALL,506
GP_PRAC_PAT_LIST,01/07/2026,C83080,THE HARROWBY LANE SURGERY,E01026308,ALL,3
GP_PRAC_PAT_LIST,01/07/2026,C83080,THE HARROWBY LANE SURGERY,E01026309,ALL,16
GP_PRAC_PAT_LIST,01/07/2026,C83080,THE HARROWBY LANE SURGERY,E01026310,ALL,6
GP_PRAC_PAT_LIST,01/07/2026,C83080,THE HARROWBY LANE SURGERY,E01026311,ALL,10
GP_PRAC_PAT_LIST,01/07/2026,C83080,THE HARROWBY LANE SURGERY,E01026312,ALL,21
GP_PRAC_PAT_LIST,01/07/2026,C83080,THE HARROWBY LANE SURGERY,E01026313,ALL,109
GP_PRAC_PAT_LIST,01/07/2026,C83080,THE HARROWBY LANE SURGERY,E01026315,ALL,4
GP_PRAC_PAT_LIST,01/07/2026,C83080,THE HARROWBY LANE SURGERY,E01026316,ALL,3
GP_PRAC_PAT_LIST,01/07/2026,C83080,THE HARROWBY LANE SURGERY,E01026317,ALL,34
GP_PRAC_PAT_LIST,01/07/2026,C83080,THE HARROWBY LANE SURGERY,E01026318,ALL,24
GP_PRAC_PAT_LIST,01/07/2026,C83080,THE HARROWBY LANE SURGERY,E01026319,ALL,41
GP_PRAC_PAT_LIST,01/07/2026,C83080,THE HARROWBY LANE SURGERY,E01026321,ALL,28
GP_PRAC_PAT_LIST,01/07/2026,C83080,THE HARROWBY LANE SURGERY,E01026322,ALL,16
GP_PRAC_PAT_LIST,01/07/2026,C83080,THE HARROWBY LANE SURGERY,E01026323,ALL,93
GP_PRAC_PAT_LIST,01/07/2026,C83080,THE HARROWBY LANE SURGERY,E01026324,ALL,143
GP_PRAC_PAT_LIST,01/07/2026,C83080,THE HARROWBY LANE SURGERY,E01026325,ALL,663
GP_PRAC_PAT_LIST,01/07/2026,C83080,THE HARROWBY LANE SURGERY,E01026326,ALL,541
GP_PRAC_PAT_LIST,01/07/2026,C83080,THE HARROWBY LANE SURGERY,E01026327,ALL,464
GP_PRAC_PAT_LIST,01/07/2026,C83080,THE HARROWBY LANE SURGERY,E01026328,ALL,681
GP_PRAC_PAT_LIST,01/07/2026,C83080,THE HARROWBY LANE SURGERY,E01026331,ALL,2
GP_PRAC_PAT_LIST,01/07/2026,C83080,THE HARROWBY LANE SURGERY,E01026332,ALL,72
GP_PRAC_PAT_LIST,01/07/2026,C83080,THE HARROWBY LANE SURGERY,E01026340,ALL,177
GP_PRAC_PAT_LIST,01/07/2026,C83080,THE HARROWBY LANE SURGERY,E01026343,ALL,84
GP_PRAC_PAT_LIST,01/07/2026,C83080,THE HARROWBY LANE SURGERY,E01026344,ALL,76
GP_PRAC_PAT_LIST,01/07/2026,C83080,THE HARROWBY LANE SURGERY,E01026345,ALL,322
GP_PRAC_PAT_LIST,01/07/2026,C83080,THE HARROWBY LANE SURGERY,E01026352,ALL,108
GP_PRAC_PAT_LIST,01/07/2026,C83080,THE HARROWBY LANE SURGERY,E01026353,ALL,80
GP_PRAC_PAT_LIST,01/07/2026,C83080,THE HARROWBY LANE SURGERY,E01026354,ALL,171
GP_PRAC_PAT_LIST,01/07/2026,C83080,THE HARROWBY LANE SURGERY,E01026365,ALL,2
GP_PRAC_PAT_LIST,01/07/2026,C83080,THE HARROWBY LANE SURGERY,E01026491,ALL,1
GP_PRAC_PAT_LIST,01/07/2026,C83080,THE HARROWBY LANE SURGERY,E01032989,ALL,2
GP_PRAC_PAT_LIST,01/07/2026,C83080,THE HARROWBY LANE SURGERY,E01034701,ALL,8
GP_PRAC_PAT_LIST,01/07/2026,C83080,THE HARROWBY LANE SURGERY,E01034702,ALL,16
GP_PRAC_PAT_LIST,01/07/2026,C83080,THE HARROWBY LANE SURGERY,EMPTY,ALL,10
GP_PRAC_PAT_LIST,01/07/2026,C83082,BIRCHWOOD MEDICAL PRACTICE,E01013380,ALL,1
GP_PRAC_PAT_LIST,01/07/2026,C83082,BIRCHWOOD MEDICAL PRACTICE,E01017557,ALL,1
GP_PRAC_PAT_LIST,01/07/2026,C83082,BIRCHWOOD MEDICAL PRACTICE,E01019503,ALL,1
GP_PRAC_PAT_LIST,01/07/2026,C83082,BIRCHWOOD MEDICAL PRACTICE,E01019606,ALL,1
GP_PRAC_PAT_LIST,01/07/2026,C83082,BIRCHWOOD MEDICAL PRACTICE,E01023217,ALL,1
GP_PRAC_PAT_LIST,01/07/2026,C83082,BIRCHWOOD MEDICAL PRACTICE,E01026081,ALL,1
GP_PRAC_PAT_LIST,01/07/2026,C83082,BIRCHWOOD MEDICAL PRACTICE,E01026114,ALL,1
GP_PRAC_PAT_LIST,01/07/2026,C83082,BIRCHWOOD MEDICAL PRACTICE,E01026122,ALL,1
GP_PRAC_PAT_LIST,01/07/2026,C83082,BIRCHWOOD MEDICAL PRACTICE,E01026123,ALL,1
GP_PRAC_PAT_LIST,01/07/2026,C83082,BIRCHWOOD MEDICAL PRACTICE,E01026124,ALL,1
GP_PRAC_PAT_LIST,01/07/2026,C83082,BIRCHWOOD MEDICAL PRACTICE,E01026125,ALL,1
GP_PRAC_PAT_LIST,01/07/2026,C83082,BIRCHWOOD MEDICAL PRACTICE,E01026127,ALL,875
GP_PRAC_PAT_LIST,01/07/2026,C83082,BIRCHWOOD MEDICAL PRACTICE,E01026129,ALL,1212
GP_PRAC_PAT_LIST,01/07/2026,C83082,BIRCHWOOD MEDICAL PRACTICE,E01026130,ALL,783
GP_PRAC_PAT_LIST,01/07/2026,C83082,BIRCHWOOD MEDICAL PRACTICE,E01026131,ALL,892
GP_PRAC_PAT_LIST,01/07/2026,C83082,BIRCHWOOD MEDICAL PRACTICE,E01026134,ALL,1
GP_PRAC_PAT_LIST,01/07/2026,C83082,BIRCHWOOD MEDICAL PRACTICE,E01026135,ALL,7
GP_PRAC_PAT_LIST,01/07/2026,C83082,BIRCHWOOD MEDICAL PRACTICE,E01026136,ALL,189
GP_PRAC_PAT_LIST,01/07/2026,C83082,BIRCHWOOD MEDICAL PRACTICE,E01026137,ALL,1
GP_PRAC_PAT_LIST,01/07/2026,C83082,BIRCHWOOD MEDICAL PRACTICE,E01026139,ALL,1
GP_PRAC_PAT_LIST,01/07/2026,C83082,BIRCHWOOD MEDICAL PRACTICE,E01026140,ALL,1
GP_PRAC_PAT_LIST,01/07/2026,C83082,BIRCHWOOD MEDICAL PRACTICE,E01026141,ALL,1
GP_PRAC_PAT_LIST,01/07/2026,C83082,BIRCHWOOD MEDICAL PRACTICE,E01026150,ALL,1
GP_PRAC_PAT_LIST,01/07/2026,C83082,BIRCHWOOD MEDICAL PRACTICE,E01026155,ALL,1
GP_PRAC_PAT_LIST,01/07/2026,C83082,BIRCHWOOD MEDICAL PRACTICE,E01026156,ALL,1
GP_PRAC_PAT_LIST,01/07/2026,C83082,BIRCHWOOD MEDICAL PRACTICE,E01026158,ALL,719
GP_PRAC_PAT_LIST,01/07/2026,C83082,BIRCHWOOD MEDICAL PRACTICE,E01026159,ALL,853
GP_PRAC_PAT_LIST,01/07/2026,C83082,BIRCHWOOD MEDICAL PRACTICE,E01026160,ALL,817
GP_PRAC_PAT_LIST,01/07/2026,C83082,BIRCHWOOD MEDICAL PRACTICE,E01026161,ALL,374
GP_PRAC_PAT_LIST,01/07/2026,C83082,BIRCHWOOD MEDICAL PRACTICE,E01026162,ALL,538
GP_PRAC_PAT_LIST,01/07/2026,C83082,BIRCHWOOD MEDICAL PRACTICE,E01026163,ALL,724
GP_PRAC_PAT_LIST,01/07/2026,C83082,BIRCHWOOD MEDICAL PRACTICE,E01026165,ALL,1
GP_PRAC_PAT_LIST,01/07/2026,C83082,BIRCHWOOD MEDICAL PRACTICE,E01026169,ALL,13
GP_PRAC_PAT_LIST,01/07/2026,C83082,BIRCHWOOD MEDICAL PRACTICE,E01026170,ALL,8
GP_PRAC_PAT_LIST,01/07/2026,C83082,BIRCHWOOD MEDICAL PRACTICE,E01026171,ALL,101
GP_PRAC_PAT_LIST,01/07/2026,C83082,BIRCHWOOD MEDICAL PRACTICE,E01026172,ALL,14
GP_PRAC_PAT_LIST,01/07/2026,C83082,BIRCHWOOD MEDICAL PRACTICE,E01026173,ALL,16
GP_PRAC_PAT_LIST,01/07/2026,C83082,BIRCHWOOD MEDICAL PRACTICE,E01026175,ALL,2
GP_PRAC_PAT_LIST,01/07/2026,C83082,BIRCHWOOD MEDICAL PRACTICE,E01026176,ALL,1
GP_PRAC_PAT_LIST,01/07/2026,C83082,BIRCHWOOD MEDICAL PRACTICE,E01026186,ALL,2
GP_PRAC_PAT_LIST,01/07/2026,C83082,BIRCHWOOD MEDICAL PRACTICE,E01026191,ALL,1
GP_PRAC_PAT_LIST,01/07/2026,C83082,BIRCHWOOD MEDICAL PRACTICE,E01026192,ALL,1
GP_PRAC_PAT_LIST,01/07/2026,C83082,BIRCHWOOD MEDICAL PRACTICE,E01026195,ALL,1
GP_PRAC_PAT_LIST,01/07/2026,C83082,BIRCHWOOD MEDICAL PRACTICE,E01026199,ALL,32
GP_PRAC_PAT_LIST,01/07/2026,C83082,BIRCHWOOD MEDICAL PRACTICE,E01026202,ALL,2
GP_PRAC_PAT_LIST,01/07/2026,C83082,BIRCHWOOD MEDICAL PRACTICE,E01026213,ALL,1
GP_PRAC_PAT_LIST,01/07/2026,C83082,BIRCHWOOD MEDICAL PRACTICE,E01026214,ALL,2
GP_PRAC_PAT_LIST,01/07/2026,C83082,BIRCHWOOD MEDICAL PRACTICE,E01026215,ALL,11
GP_PRAC_PAT_LIST,01/07/2026,C83082,BIRCHWOOD MEDICAL PRACTICE,E01026218,ALL,2
GP_PRAC_PAT_LIST,01/07/2026,C83082,BIRCHWOOD MEDICAL PRACTICE,E01026219,ALL,1
GP_PRAC_PAT_LIST,01/07/2026,C83082,BIRCHWOOD MEDICAL PRACTICE,E01026220,ALL,2
GP_PRAC_PAT_LIST,01/07/2026,C83082,BIRCHWOOD MEDICAL PRACTICE,E01026225,ALL,452
GP_PRAC_PAT_LIST,01/07/2026,C83082,BIRCHWOOD MEDICAL PRACTICE,E01026226,ALL,500
GP_PRAC_PAT_LIST,01/07/2026,C83082,BIRCHWOOD MEDICAL PRACTICE,E01026272,ALL,1
GP_PRAC_PAT_LIST,01/07/2026,C83082,BIRCHWOOD MEDICAL PRACTICE,E01026372,ALL,1
GP_PRAC_PAT_LIST,01/07/2026,C83082,BIRCHWOOD MEDICAL PRACTICE,E01026373,ALL,1
GP_PRAC_PAT_LIST,01/07/2026,C83082,BIRCHWOOD MEDICAL PRACTICE,E01026402,ALL,1
GP_PRAC_PAT_LIST,01/07/2026,C83082,BIRCHWOOD MEDICAL PRACTICE,E01026404,ALL,1
GP_PRAC_PAT_LIST,01/07/2026,C83082,BIRCHWOOD MEDICAL PRACTICE,E01026405,ALL,1
GP_PRAC_PAT_LIST,01/07/2026,C83082,BIRCHWOOD MEDICAL PRACTICE,E01030750,ALL,1
GP_PRAC_PAT_LIST,01/07/2026,C83082,BIRCHWOOD MEDICAL PRACTICE,E01031959,ALL,1
GP_PRAC_PAT_LIST,01/07/2026,C83082,BIRCHWOOD MEDICAL PRACTICE,E01032988,ALL,2
GP_PRAC_PAT_LIST,01/07/2026,C83082,BIRCHWOOD MEDICAL PRACTICE,E01032989,ALL,3
GP_PRAC_PAT_LIST,01/07/2026,C83082,BIRCHWOOD MEDICAL PRACTICE,E01032991,ALL,37
GP_PRAC_PAT_LIST,01/07/2026,C83082,BIRCHWOOD MEDICAL PRACTICE,E01032992,ALL,7
GP_PRAC_PAT_LIST,01/07/2026,C83082,BIRCHWOOD MEDICAL PRACTICE,E01032993,ALL,3
GP_PRAC_PAT_LIST,01/07/2026,C83082,BIRCHWOOD MEDICAL PRACTICE,E01032994,ALL,2
GP_PRAC_PAT_LIST,01/07/2026,C83082,BIRCHWOOD MEDICAL PRACTICE,E01034687,ALL,1
GP_PRAC_PAT_LIST,01/07/2026,C83082,BIRCHWOOD MEDICAL PRACTICE,E01034689,ALL,680
GP_PRAC_PAT_LIST,01/07/2026,C83082,BIRCHWOOD MEDICAL PRACTICE,E01034690,ALL,1007
GP_PRAC_PAT_LIST,01/07/2026,C83082,BIRCHWOOD MEDICAL PRACTICE,E01034691,ALL,5
GP_PRAC_PAT_LIST,01/07/2026,C83082,BIRCHWOOD MEDICAL PRACTICE,E01034692,ALL,3
GP_PRAC_PAT_LIST,01/07/2026,C83082,BIRCHWOOD MEDICAL PRACTICE,E01034693,ALL,8
GP_PRAC_PAT_LIST,01/07/2026,C83082,BIRCHWOOD MEDICAL PRACTICE,E01034694,ALL,3
GP_PRAC_PAT_LIST,01/07/2026,C83082,BIRCHWOOD MEDICAL PRACTICE,E01034706,ALL,1
GP_PRAC_PAT_LIST,01/07/2026,C83082,BIRCHWOOD MEDICAL PRACTICE,E01034707,ALL,1
GP_PRAC_PAT_LIST,01/07/2026,C83082,BIRCHWOOD MEDICAL PRACTICE,E01035406,ALL,1
GP_PRAC_PAT_LIST,01/07/2026,C83082,BIRCHWOOD MEDICAL PRACTICE,EMPTY,ALL,2
GP_PRAC_PAT_LIST,01/07/2026,C83083,THE NEW CONINGSBY SURGERY,CLOSED,ALL,1
GP_PRAC_PAT_LIST,01/07/2026,C83083,THE NEW CONINGSBY SURGERY,E01000015,ALL,1
GP_PRAC_PAT_LIST,01/07/2026,C83083,THE NEW CONINGSBY SURGERY,E01007355,ALL,1
GP_PRAC_PAT_LIST,01/07/2026,C83083,THE NEW CONINGSBY SURGERY,E01007463,ALL,1
GP_PRAC_PAT_LIST,01/07/2026,C83083,THE NEW CONINGSBY SURGERY,E01007656,ALL,1
GP_PRAC_PAT_LIST,01/07/2026,C83083,THE NEW CONINGSBY SURGERY,E01007804,ALL,1
GP_PRAC_PAT_LIST,01/07/2026,C83083,THE NEW CONINGSBY SURGERY,E01011098,ALL,1
GP_PRAC_PAT_LIST,01/07/2026,C83083,THE NEW CONINGSBY SURGERY,E01012520,ALL,1
GP_PRAC_PAT_LIST,01/07/2026,C83083,THE NEW CONINGSBY SURGERY,E01013076,ALL,1
GP_PRAC_PAT_LIST,01/07/2026,C83083,THE NEW CONINGSBY SURGERY,E01017978,ALL,1
GP_PRAC_PAT_LIST,01/07/2026,C83083,THE NEW CONINGSBY SURGERY,E01019478,ALL,1
GP_PRAC_PAT_LIST,01/07/2026,C83083,THE NEW CONINGSBY SURGERY,E01019485,ALL,1
GP_PRAC_PAT_LIST,01/07/2026,C83083,THE NEW CONINGSBY SURGERY,E01021849,ALL,1
GP_PRAC_PAT_LIST,01/07/2026,C83083,THE NEW CONINGSBY SURGERY,E01026008,ALL,1
GP_PRAC_PAT_LIST,01/07/2026,C83083,THE NEW CONINGSBY SURGERY,E01026020,ALL,2
GP_PRAC_PAT_LIST,01/07/2026,C83083,THE NEW CONINGSBY SURGERY,E01026021,ALL,2
GP_PRAC_PAT_LIST,01/07/2026,C83083,THE NEW CONINGSBY SURGERY,E01026022,ALL,1
GP_PRAC_PAT_LIST,01/07/2026,C83083,THE NEW CONINGSBY SURGERY,E01026033,ALL,246
GP_PRAC_PAT_LIST,01/07/2026,C83083,THE NEW CONINGSBY SURGERY,E01026037,ALL,1
GP_PRAC_PAT_LIST,01/07/2026,C83083,THE NEW CONINGSBY SURGERY,E01026051,ALL,1102
GP_PRAC_PAT_LIST,01/07/2026,C83083,THE NEW CONINGSBY SURGERY,E01026052,ALL,1641
GP_PRAC_PAT_LIST,01/07/2026,C83083,THE NEW CONINGSBY SURGERY,E01026053,ALL,1234
GP_PRAC_PAT_LIST,01/07/2026,C83083,THE NEW CONINGSBY SURGERY,E01026054,ALL,1386
GP_PRAC_PAT_LIST,01/07/2026,C83083,THE NEW CONINGSBY SURGERY,E01026057,ALL,208
GP_PRAC_PAT_LIST,01/07/2026,C83083,THE NEW CONINGSBY SURGERY,E01026059,ALL,1
GP_PRAC_PAT_LIST,01/07/2026,C83083,THE NEW CONINGSBY SURGERY,E01026060,ALL,7
GP_PRAC_PAT_LIST,01/07/2026,C83083,THE NEW CONINGSBY SURGERY,E01026064,ALL,34
GP_PRAC_PAT_LIST,01/07/2026,C83083,THE NEW CONINGSBY SURGERY,E01026065,ALL,39
GP_PRAC_PAT_LIST,01/07/2026,C83083,THE NEW CONINGSBY SURGERY,E01026066,ALL,26
GP_PRAC_PAT_LIST,01/07/2026,C83083,THE NEW CONINGSBY SURGERY,E01026067,ALL,29
GP_PRAC_PAT_LIST,01/07/2026,C83083,THE NEW CONINGSBY SURGERY,E01026068,ALL,1
GP_PRAC_PAT_LIST,01/07/2026,C83083,THE NEW CONINGSBY SURGERY,E01026075,ALL,1032
GP_PRAC_PAT_LIST,01/07/2026,C83083,THE NEW CONINGSBY SURGERY,E01026077,ALL,1
GP_PRAC_PAT_LIST,01/07/2026,C83083,THE NEW CONINGSBY SURGERY,E01026082,ALL,37
GP_PRAC_PAT_LIST,01/07/2026,C83083,THE NEW CONINGSBY SURGERY,E01026094,ALL,1
GP_PRAC_PAT_LIST,01/07/2026,C83083,THE NEW CONINGSBY SURGERY,E01026095,ALL,1
GP_PRAC_PAT_LIST,01/07/2026,C83083,THE NEW CONINGSBY SURGERY,E01026098,ALL,2
GP_PRAC_PAT_LIST,01/07/2026,C83083,THE NEW CONINGSBY SURGERY,E01026102,ALL,1
GP_PRAC_PAT_LIST,01/07/2026,C83083,THE NEW CONINGSBY SURGERY,E01026105,ALL,2
GP_PRAC_PAT_LIST,01/07/2026,C83083,THE NEW CONINGSBY SURGERY,E01026118,ALL,85
GP_PRAC_PAT_LIST,01/07/2026,C83083,THE NEW CONINGSBY SURGERY,E01026119,ALL,85
GP_PRAC_PAT_LIST,01/07/2026,C83083,THE NEW CONINGSBY SURGERY,E01026120,ALL,93
GP_PRAC_PAT_LIST,01/07/2026,C83083,THE NEW CONINGSBY SURGERY,E01026125,ALL,1
GP_PRAC_PAT_LIST,01/07/2026,C83083,THE NEW CONINGSBY SURGERY,E01026183,ALL,157
GP_PRAC_PAT_LIST,01/07/2026,C83083,THE NEW CONINGSBY SURGERY,E01026184,ALL,2
GP_PRAC_PAT_LIST,01/07/2026,C83083,THE NEW CONINGSBY SURGERY,E01026207,ALL,7
GP_PRAC_PAT_LIST,01/07/2026,C83083,THE NEW CONINGSBY SURGERY,E01026209,ALL,1
GP_PRAC_PAT_LIST,01/07/2026,C83083,THE NEW CONINGSBY SURGERY,E01026210,ALL,33
GP_PRAC_PAT_LIST,01/07/2026,C83083,THE NEW CONINGSBY SURGERY,E01026223,ALL,1
GP_PRAC_PAT_LIST,01/07/2026,C83083,THE NEW CONINGSBY SURGERY,E01026229,ALL,1
GP_PRAC_PAT_LIST,01/07/2026,C83083,THE NEW CONINGSBY SURGERY,E01026294,ALL,1
GP_PRAC_PAT_LIST,01/07/2026,C83083,THE NEW CONINGSBY SURGERY,E01026394,ALL,1
GP_PRAC_PAT_LIST,01/07/2026,C83083,THE NEW CONINGSBY SURGERY,E01026400,ALL,1
GP_PRAC_PAT_LIST,01/07/2026,C83083,THE NEW CONINGSBY SURGERY,E01026406,ALL,1
GP_PRAC_PAT_LIST,01/07/2026,C83083,THE NEW CONINGSBY SURGERY,E01026416,ALL,1
GP_PRAC_PAT_LIST,01/07/2026,C83083,THE NEW CONINGSBY SURGERY,E01026722,ALL,1
GP_PRAC_PAT_LIST,01/07/2026,C83083,THE NEW CONINGSBY SURGERY,E01027365,ALL,1
GP_PRAC_PAT_LIST,01/07/2026,C83083,THE NEW CONINGSBY SURGERY,E01028289,ALL,1
GP_PRAC_PAT_LIST,01/07/2026,C83083,THE NEW CONINGSBY SURGERY,E01028366,ALL,1
GP_PRAC_PAT_LIST,01/07/2026,C83083,THE NEW CONINGSBY SURGERY,E01032988,ALL,1
GP_PRAC_PAT_LIST,01/07/2026,C83083,THE NEW CONINGSBY SURGERY,E01033587,ALL,1
GP_PRAC_PAT_LIST,01/07/2026,C83083,THE NEW CONINGSBY SURGERY,E01034683,ALL,1
GP_PRAC_PAT_LIST,01/07/2026,C83083,THE NEW CONINGSBY SURGERY,E01034690,ALL,1
GP_PRAC_PAT_LIST,01/07/2026,C83083,THE NEW CONINGSBY SURGERY,E01034707,ALL,1
GP_PRAC_PAT_LIST,01/07/2026,C83083,THE NEW CONINGSBY SURGERY,E01035146,ALL,1
GP_PRAC_PAT_LIST,01/07/2026,C83083,THE NEW CONINGSBY SURGERY,EMPTY,ALL,4
GP_PRAC_PAT_LIST,01/07/2026,C83083,THE NEW CONINGSBY SURGERY,S01018335,ALL,1
GP_PRAC_PAT_LIST,01/07/2026,C83085,JAMES STREET FAMILY PRACTICE,CLOSED,ALL,2
GP_PRAC_PAT_LIST,01/07/2026,C83085,JAMES STREET FAMILY PRACTICE,E01004088,ALL,1
GP_PRAC_PAT_LIST,01/07/2026,C83085,JAMES STREET FAMILY PRACTICE,E01005719,ALL,1
GP_PRAC_PAT_LIST,01/07/2026,C83085,JAMES STREET FAMILY PRACTICE,E01013162,ALL,1
GP_PRAC_PAT_LIST,01/07/2026,C83085,JAMES STREET FAMILY PRACTICE,E01013172,ALL,2
GP_PRAC_PAT_LIST,01/07/2026,C83085,JAMES STREET FAMILY PRACTICE,E01013174,ALL,1
GP_PRAC_PAT_LIST,01/07/2026,C83085,JAMES STREET FAMILY PRACTICE,E01013180,ALL,1
GP_PRAC_PAT_LIST,01/07/2026,C83085,JAMES STREET FAMILY PRACTICE,E01013214,ALL,1
GP_PRAC_PAT_LIST,01/07/2026,C83085,JAMES STREET FAMILY PRACTICE,E01013221,ALL,1
GP_PRAC_PAT_LIST,01/07/2026,C83085,JAMES STREET FAMILY PRACTICE,E01013306,ALL,1
GP_PRAC_PAT_LIST,01/07/2026,C83085,JAMES STREET FAMILY PRACTICE,E01013888,ALL,1
GP_PRAC_PAT_LIST,01/07/2026,C83085,JAMES STREET FAMILY PRACTICE,E01026026,ALL,2
GP_PRAC_PAT_LIST,01/07/2026,C83085,JAMES STREET FAMILY PRACTICE,E01026042,ALL,4
GP_PRAC_PAT_LIST,01/07/2026,C83085,JAMES STREET FAMILY PRACTICE,E01026043,ALL,2
GP_PRAC_PAT_LIST,01/07/2026,C83085,JAMES STREET FAMILY PRACTICE,E01026044,ALL,1
GP_PRAC_PAT_LIST,01/07/2026,C83085,JAMES STREET FAMILY PRACTICE,E01026045,ALL,359
GP_PRAC_PAT_LIST,01/07/2026,C83085,JAMES STREET FAMILY PRACTICE,E01026058,ALL,619
GP_PRAC_PAT_LIST,01/07/2026,C83085,JAMES STREET FAMILY PRACTICE,E01026061,ALL,2
GP_PRAC_PAT_LIST,01/07/2026,C83085,JAMES STREET FAMILY PRACTICE,E01026062,ALL,3
GP_PRAC_PAT_LIST,01/07/2026,C83085,JAMES STREET FAMILY PRACTICE,E01026063,ALL,2
GP_PRAC_PAT_LIST,01/07/2026,C83085,JAMES STREET FAMILY PRACTICE,E01026065,ALL,1
GP_PRAC_PAT_LIST,01/07/2026,C83085,JAMES STREET FAMILY PRACTICE,E01026066,ALL,1
GP_PRAC_PAT_LIST,01/07/2026,C83085,JAMES STREET FAMILY PRACTICE,E01026067,ALL,2
GP_PRAC_PAT_LIST,01/07/2026,C83085,JAMES STREET FAMILY PRACTICE,E01026068,ALL,61
GP_PRAC_PAT_LIST,01/07/2026,C83085,JAMES STREET FAMILY PRACTICE,E01026070,ALL,1011
GP_PRAC_PAT_LIST,01/07/2026,C83085,JAMES STREET FAMILY PRACTICE,E01026071,ALL,276
GP_PRAC_PAT_LIST,01/07/2026,C83085,JAMES STREET FAMILY PRACTICE,E01026073,ALL,2
GP_PRAC_PAT_LIST,01/07/2026,C83085,JAMES STREET FAMILY PRACTICE,E01026076,ALL,372
GP_PRAC_PAT_LIST,01/07/2026,C83085,JAMES STREET FAMILY PRACTICE,E01026077,ALL,1202
GP_PRAC_PAT_LIST,01/07/2026,C83085,JAMES STREET FAMILY PRACTICE,E01026078,ALL,598
GP_PRAC_PAT_LIST,01/07/2026,C83085,JAMES STREET FAMILY PRACTICE,E01026079,ALL,75
GP_PRAC_PAT_LIST,01/07/2026,C83085,JAMES STREET FAMILY PRACTICE,E01026080,ALL,84
GP_PRAC_PAT_LIST,01/07/2026,C83085,JAMES STREET FAMILY PRACTICE,E01026081,ALL,1258
GP_PRAC_PAT_LIST,01/07/2026,C83085,JAMES STREET FAMILY PRACTICE,E01026087,ALL,1016
GP_PRAC_PAT_LIST,01/07/2026,C83085,JAMES STREET FAMILY PRACTICE,E01026088,ALL,768
GP_PRAC_PAT_LIST,01/07/2026,C83085,JAMES STREET FAMILY PRACTICE,E01026089,ALL,887
GP_PRAC_PAT_LIST,01/07/2026,C83085,JAMES STREET FAMILY PRACTICE,E01026090,ALL,522
GP_PRAC_PAT_LIST,01/07/2026,C83085,JAMES STREET FAMILY PRACTICE,E01026091,ALL,704
GP_PRAC_PAT_LIST,01/07/2026,C83085,JAMES STREET FAMILY PRACTICE,E01026094,ALL,1
GP_PRAC_PAT_LIST,01/07/2026,C83085,JAMES STREET FAMILY PRACTICE,E01026098,ALL,1
GP_PRAC_PAT_LIST,01/07/2026,C83085,JAMES STREET FAMILY PRACTICE,E01026099,ALL,203
GP_PRAC_PAT_LIST,01/07/2026,C83085,JAMES STREET FAMILY PRACTICE,E01026104,ALL,1
GP_PRAC_PAT_LIST,01/07/2026,C83085,JAMES STREET FAMILY PRACTICE,E01026105,ALL,16
GP_PRAC_PAT_LIST,01/07/2026,C83085,JAMES STREET FAMILY PRACTICE,E01026108,ALL,1505
GP_PRAC_PAT_LIST,01/07/2026,C83085,JAMES STREET FAMILY PRACTICE,E01026113,ALL,6
GP_PRAC_PAT_LIST,01/07/2026,C83085,JAMES STREET FAMILY PRACTICE,E01026117,ALL,201
GP_PRAC_PAT_LIST,01/07/2026,C83085,JAMES STREET FAMILY PRACTICE,E01026121,ALL,1
GP_PRAC_PAT_LIST,01/07/2026,C83085,JAMES STREET FAMILY PRACTICE,E01026129,ALL,1
GP_PRAC_PAT_LIST,01/07/2026,C83085,JAMES STREET FAMILY PRACTICE,E01026153,ALL,1
GP_PRAC_PAT_LIST,01/07/2026,C83085,JAMES STREET FAMILY PRACTICE,E01026177,ALL,1
GP_PRAC_PAT_LIST,01/07/2026,C83085,JAMES STREET FAMILY PRACTICE,E01026205,ALL,1
GP_PRAC_PAT_LIST,01/07/2026,C83085,JAMES STREET FAMILY PRACTICE,E01026224,ALL,1
GP_PRAC_PAT_LIST,01/07/2026,C83085,JAMES STREET FAMILY PRACTICE,E01026345,ALL,1
GP_PRAC_PAT_LIST,01/07/2026,C83085,JAMES STREET FAMILY PRACTICE,E01026389,ALL,1
GP_PRAC_PAT_LIST,01/07/2026,C83085,JAMES STREET FAMILY PRACTICE,E01026391,ALL,8
GP_PRAC_PAT_LIST,01/07/2026,C83085,JAMES STREET FAMILY PRACTICE,E01026392,ALL,2
GP_PRAC_PAT_LIST,01/07/2026,C83085,JAMES STREET FAMILY PRACTICE,E01026393,ALL,1
GP_PRAC_PAT_LIST,01/07/2026,C83085,JAMES STREET FAMILY PRACTICE,E01026414,ALL,1
GP_PRAC_PAT_LIST,01/07/2026,C83085,JAMES STREET FAMILY PRACTICE,E01026415,ALL,1
GP_PRAC_PAT_LIST,01/07/2026,C83085,JAMES STREET FAMILY PRACTICE,E01028109,ALL,1
GP_PRAC_PAT_LIST,01/07/2026,C83085,JAMES STREET FAMILY PRACTICE,E01028152,ALL,1
GP_PRAC_PAT_LIST,01/07/2026,C83085,JAMES STREET FAMILY PRACTICE,E01028182,ALL,1
GP_PRAC_PAT_LIST,01/07/2026,C83085,JAMES STREET FAMILY PRACTICE,E01032986,ALL,700
GP_PRAC_PAT_LIST,01/07/2026,C83085,JAMES STREET FAMILY PRACTICE,E01032987,ALL,942
GP_PRAC_PAT_LIST,01/07/2026,C83085,JAMES STREET FAMILY PRACTICE,E01033277,ALL,1
GP_PRAC_PAT_LIST,01/07/2026,C83085,JAMES STREET FAMILY PRACTICE,E01034017,ALL,1
GP_PRAC_PAT_LIST,01/07/2026,C83085,JAMES STREET FAMILY PRACTICE,E01034696,ALL,1
GP_PRAC_PAT_LIST,01/07/2026,C83085,JAMES STREET FAMILY PRACTICE,E01035473,ALL,1
GP_PRAC_PAT_LIST,01/07/2026,C83085,JAMES STREET FAMILY PRACTICE,E01035480,ALL,2
GP_PRAC_PAT_LIST,01/07/2026,C83085,JAMES STREET FAMILY PRACTICE,EMPTY,ALL,24
GP_PRAC_PAT_LIST,01/07/2026,C83611,THE BASSINGHAM SURGERY,CLOSED,ALL,1
GP_PRAC_PAT_LIST,01/07/2026,C83611,THE BASSINGHAM SURGERY,E01007363,ALL,1
GP_PRAC_PAT_LIST,01/07/2026,C83611,THE BASSINGHAM SURGERY,E01007604,ALL,1
GP_PRAC_PAT_LIST,01/07/2026,C83611,THE BASSINGHAM SURGERY,E01013268,ALL,1
GP_PRAC_PAT_LIST,01/07/2026,C83611,THE BASSINGHAM SURGERY,E01013788,ALL,1
GP_PRAC_PAT_LIST,01/07/2026,C83611,THE BASSINGHAM SURGERY,E01013790,ALL,1
GP_PRAC_PAT_LIST,01/07/2026,C83611,THE BASSINGHAM SURGERY,E01017925,ALL,1
GP_PRAC_PAT_LIST,01/07/2026,C83611,THE BASSINGHAM SURGERY,E01019591,ALL,1
GP_PRAC_PAT_LIST,01/07/2026,C83611,THE BASSINGHAM SURGERY,E01026058,ALL,1
GP_PRAC_PAT_LIST,01/07/2026,C83611,THE BASSINGHAM SURGERY,E01026163,ALL,2
GP_PRAC_PAT_LIST,01/07/2026,C83611,THE BASSINGHAM SURGERY,E01026172,ALL,1
GP_PRAC_PAT_LIST,01/07/2026,C83611,THE BASSINGHAM SURGERY,E01026175,ALL,1
GP_PRAC_PAT_LIST,01/07/2026,C83611,THE BASSINGHAM SURGERY,E01026182,ALL,1557
GP_PRAC_PAT_LIST,01/07/2026,C83611,THE BASSINGHAM SURGERY,E01026185,ALL,11
GP_PRAC_PAT_LIST,01/07/2026,C83611,THE BASSINGHAM SURGERY,E01026192,ALL,883
GP_PRAC_PAT_LIST,01/07/2026,C83611,THE BASSINGHAM SURGERY,E01026193,ALL,842
GP_PRAC_PAT_LIST,01/07/2026,C83611,THE BASSINGHAM SURGERY,E01026194,ALL,111
GP_PRAC_PAT_LIST,01/07/2026,C83611,THE BASSINGHAM SURGERY,E01026195,ALL,162
GP_PRAC_PAT_LIST,01/07/2026,C83611,THE BASSINGHAM SURGERY,E01026196,ALL,58
GP_PRAC_PAT_LIST,01/07/2026,C83611,THE BASSINGHAM SURGERY,E01026197,ALL,1
GP_PRAC_PAT_LIST,01/07/2026,C83611,THE BASSINGHAM SURGERY,E01026198,ALL,1
GP_PRAC_PAT_LIST,01/07/2026,C83611,THE BASSINGHAM SURGERY,E01026199,ALL,259
GP_PRAC_PAT_LIST,01/07/2026,C83611,THE BASSINGHAM SURGERY,E01026210,ALL,1
GP_PRAC_PAT_LIST,01/07/2026,C83611,THE BASSINGHAM SURGERY,E01026219,ALL,1
GP_PRAC_PAT_LIST,01/07/2026,C83611,THE BASSINGHAM SURGERY,E01026220,ALL,2
GP_PRAC_PAT_LIST,01/07/2026,C83611,THE BASSINGHAM SURGERY,E01026227,ALL,1
GP_PRAC_PAT_LIST,01/07/2026,C83611,THE BASSINGHAM SURGERY,E01026230,ALL,2
GP_PRAC_PAT_LIST,01/07/2026,C83611,THE BASSINGHAM SURGERY,E01026233,ALL,1
GP_PRAC_PAT_LIST,01/07/2026,C83611,THE BASSINGHAM SURGERY,E01026237,ALL,6
GP_PRAC_PAT_LIST,01/07/2026,C83611,THE BASSINGHAM SURGERY,E01026329,ALL,3
GP_PRAC_PAT_LIST,01/07/2026,C83611,THE BASSINGHAM SURGERY,E01026333,ALL,3
GP_PRAC_PAT_LIST,01/07/2026,C83611,THE BASSINGHAM SURGERY,E01026372,ALL,1
GP_PRAC_PAT_LIST,01/07/2026,C83611,THE BASSINGHAM SURGERY,E01026373,ALL,2
GP_PRAC_PAT_LIST,01/07/2026,C83611,THE BASSINGHAM SURGERY,E01028024,ALL,1
GP_PRAC_PAT_LIST,01/07/2026,C83611,THE BASSINGHAM SURGERY,E01028310,ALL,1
GP_PRAC_PAT_LIST,01/07/2026,C83611,THE BASSINGHAM SURGERY,E01028311,ALL,1
GP_PRAC_PAT_LIST,01/07/2026,C83611,THE BASSINGHAM SURGERY,E01028315,ALL,1
GP_PRAC_PAT_LIST,01/07/2026,C83611,THE BASSINGHAM SURGERY,E01028316,ALL,3
GP_PRAC_PAT_LIST,01/07/2026,C83611,THE BASSINGHAM SURGERY,E01028353,ALL,1
GP_PRAC_PAT_LIST,01/07/2026,C83611,THE BASSINGHAM SURGERY,E01031343,ALL,1
GP_PRAC_PAT_LIST,01/07/2026,C83611,THE BASSINGHAM SURGERY,E01032551,ALL,1
GP_PRAC_PAT_LIST,01/07/2026,C83611,THE BASSINGHAM SURGERY,E01032988,ALL,2
GP_PRAC_PAT_LIST,01/07/2026,C83611,THE BASSINGHAM SURGERY,E01032989,ALL,8
GP_PRAC_PAT_LIST,01/07/2026,C83611,THE BASSINGHAM SURGERY,E01032992,ALL,7
GP_PRAC_PAT_LIST,01/07/2026,C83611,THE BASSINGHAM SURGERY,E01032993,ALL,12
GP_PRAC_PAT_LIST,01/07/2026,C83611,THE BASSINGHAM SURGERY,E01032994,ALL,333
GP_PRAC_PAT_LIST,01/07/2026,C83611,THE BASSINGHAM SURGERY,E01034693,ALL,1446
GP_PRAC_PAT_LIST,01/07/2026,C83611,THE BASSINGHAM SURGERY,E01034694,ALL,1575
GP_PRAC_PAT_LIST,01/07/2026,C83611,THE BASSINGHAM SURGERY,E01034843,ALL,1
GP_PRAC_PAT_LIST,01/07/2026,C83611,THE BASSINGHAM SURGERY,EMPTY,ALL,16
GP_PRAC_PAT_LIST,01/07/2026,C83613,CAISTOR HEALTH CENTRE,CLOSED,ALL,5
GP_PRAC_PAT_LIST,01/07/2026,C83613,CAISTOR HEALTH CENTRE,E01006349,ALL,1
GP_PRAC_PAT_LIST,01/07/2026,C83613,CAISTOR HEALTH CENTRE,E01012760,ALL,1
GP_PRAC_PAT_LIST,01/07/2026,C83613,CAISTOR HEALTH CENTRE,E01013006,ALL,1
GP_PRAC_PAT_LIST,01/07/2026,C83613,CAISTOR HEALTH CENTRE,E01013097,ALL,1
GP_PRAC_PAT_LIST,01/07/2026,C83613,CAISTOR HEALTH CENTRE,E01013175,ALL,8
GP_PRAC_PAT_LIST,01/07/2026,C83613,CAISTOR HEALTH CENTRE,E01013214,ALL,1
GP_PRAC_PAT_LIST,01/07/2026,C83613,CAISTOR HEALTH CENTRE,E01013218,ALL,1
GP_PRAC_PAT_LIST,01/07/2026,C83613,CAISTOR HEALTH CENTRE,E01013224,ALL,1
GP_PRAC_PAT_LIST,01/07/2026,C83613,CAISTOR HEALTH CENTRE,E01013225,ALL,11
GP_PRAC_PAT_LIST,01/07/2026,C83613,CAISTOR HEALTH CENTRE,E01013228,ALL,1
GP_PRAC_PAT_LIST,01/07/2026,C83613,CAISTOR HEALTH CENTRE,E01013267,ALL,2
GP_PRAC_PAT_LIST,01/07/2026,C83613,CAISTOR HEALTH CENTRE,E01013270,ALL,1
GP_PRAC_PAT_LIST,01/07/2026,C83613,CAISTOR HEALTH CENTRE,E01013272,ALL,1
GP_PRAC_PAT_LIST,01/07/2026,C83613,CAISTOR HEALTH CENTRE,E01013308,ALL,1
GP_PRAC_PAT_LIST,01/07/2026,C83613,CAISTOR HEALTH CENTRE,E01013314,ALL,1
GP_PRAC_PAT_LIST,01/07/2026,C83613,CAISTOR HEALTH CENTRE,E01013319,ALL,1
GP_PRAC_PAT_LIST,01/07/2026,C83613,CAISTOR HEALTH CENTRE,E01013325,ALL,32
GP_PRAC_PAT_LIST,01/07/2026,C83613,CAISTOR HEALTH CENTRE,E01018938,ALL,1
GP_PRAC_PAT_LIST,01/07/2026,C83613,CAISTOR HEALTH CENTRE,E01026045,ALL,2
GP_PRAC_PAT_LIST,01/07/2026,C83613,CAISTOR HEALTH CENTRE,E01026080,ALL,2
GP_PRAC_PAT_LIST,01/07/2026,C83613,CAISTOR HEALTH CENTRE,E01026122,ALL,1
GP_PRAC_PAT_LIST,01/07/2026,C83613,CAISTOR HEALTH CENTRE,E01026125,ALL,1
GP_PRAC_PAT_LIST,01/07/2026,C83613,CAISTOR HEALTH CENTRE,E01026188,ALL,1
GP_PRAC_PAT_LIST,01/07/2026,C83613,CAISTOR HEALTH CENTRE,E01026207,ALL,1
GP_PRAC_PAT_LIST,01/07/2026,C83613,CAISTOR HEALTH CENTRE,E01026367,ALL,1315
GP_PRAC_PAT_LIST,01/07/2026,C83613,CAISTOR HEALTH CENTRE,E01026368,ALL,1838
GP_PRAC_PAT_LIST,01/07/2026,C83613,CAISTOR HEALTH CENTRE,E01026382,ALL,1
GP_PRAC_PAT_LIST,01/07/2026,C83613,CAISTOR HEALTH CENTRE,E01026387,ALL,942
GP_PRAC_PAT_LIST,01/07/2026,C83613,CAISTOR HEALTH CENTRE,E01026389,ALL,3
GP_PRAC_PAT_LIST,01/07/2026,C83613,CAISTOR HEALTH CENTRE,E01026390,ALL,3
GP_PRAC_PAT_LIST,01/07/2026,C83613,CAISTOR HEALTH CENTRE,E01026391,ALL,7
GP_PRAC_PAT_LIST,01/07/2026,C83613,CAISTOR HEALTH CENTRE,E01026392,ALL,109
GP_PRAC_PAT_LIST,01/07/2026,C83613,CAISTOR HEALTH CENTRE,E01026411,ALL,17
GP_PRAC_PAT_LIST,01/07/2026,C83613,CAISTOR HEALTH CENTRE,E01026415,ALL,38
GP_PRAC_PAT_LIST,01/07/2026,C83613,CAISTOR HEALTH CENTRE,E01026416,ALL,869
GP_PRAC_PAT_LIST,01/07/2026,C83613,CAISTOR HEALTH CENTRE,E01032683,ALL,45
GP_PRAC_PAT_LIST,01/07/2026,C83613,CAISTOR HEALTH CENTRE,E01032986,ALL,1
GP_PRAC_PAT_LIST,01/07/2026,C83613,CAISTOR HEALTH CENTRE,EMPTY,ALL,3
GP_PRAC_PAT_LIST,01/07/2026,C83614,SUTTERTON SURGERY,E01015984,ALL,1
GP_PRAC_PAT_LIST,01/07/2026,C83614,SUTTERTON SURGERY,E01026008,ALL,7
GP_PRAC_PAT_LIST,01/07/2026,C83614,SUTTERTON SURGERY,E01026009,ALL,2
GP_PRAC_PAT_LIST,01/07/2026,C83614,SUTTERTON SURGERY,E01026010,ALL,8
GP_PRAC_PAT_LIST,01/07/2026,C83614,SUTTERTON SURGERY,E01026013,ALL,5
GP_PRAC_PAT_LIST,01/07/2026,C83614,SUTTERTON SURGERY,E01026014,ALL,10
GP_PRAC_PAT_LIST,01/07/2026,C83614,SUTTERTON SURGERY,E01026015,ALL,5
GP_PRAC_PAT_LIST,01/07/2026,C83614,SUTTERTON SURGERY,E01026016,ALL,1155
GP_PRAC_PAT_LIST,01/07/2026,C83614,SUTTERTON SURGERY,E01026017,ALL,1072
GP_PRAC_PAT_LIST,01/07/2026,C83614,SUTTERTON SURGERY,E01026018,ALL,107
GP_PRAC_PAT_LIST,01/07/2026,C83614,SUTTERTON SURGERY,E01026019,ALL,177
GP_PRAC_PAT_LIST,01/07/2026,C83614,SUTTERTON SURGERY,E01026020,ALL,219
GP_PRAC_PAT_LIST,01/07/2026,C83614,SUTTERTON SURGERY,E01026021,ALL,10
GP_PRAC_PAT_LIST,01/07/2026,C83614,SUTTERTON SURGERY,E01026022,ALL,6
GP_PRAC_PAT_LIST,01/07/2026,C83614,SUTTERTON SURGERY,E01026025,ALL,5
GP_PRAC_PAT_LIST,01/07/2026,C83614,SUTTERTON SURGERY,E01026026,ALL,6
GP_PRAC_PAT_LIST,01/07/2026,C83614,SUTTERTON SURGERY,E01026027,ALL,6
GP_PRAC_PAT_LIST,01/07/2026,C83614,SUTTERTON SURGERY,E01026028,ALL,6
GP_PRAC_PAT_LIST,01/07/2026,C83614,SUTTERTON SURGERY,E01026030,ALL,8
GP_PRAC_PAT_LIST,01/07/2026,C83614,SUTTERTON SURGERY,E01026031,ALL,13
GP_PRAC_PAT_LIST,01/07/2026,C83614,SUTTERTON SURGERY,E01026032,ALL,3
GP_PRAC_PAT_LIST,01/07/2026,C83614,SUTTERTON SURGERY,E01026033,ALL,57
GP_PRAC_PAT_LIST,01/07/2026,C83614,SUTTERTON SURGERY,E01026034,ALL,53
GP_PRAC_PAT_LIST,01/07/2026,C83614,SUTTERTON SURGERY,E01026035,ALL,24
GP_PRAC_PAT_LIST,01/07/2026,C83614,SUTTERTON SURGERY,E01026036,ALL,6
GP_PRAC_PAT_LIST,01/07/2026,C83614,SUTTERTON SURGERY,E01026037,ALL,3
GP_PRAC_PAT_LIST,01/07/2026,C83614,SUTTERTON SURGERY,E01026038,ALL,5
GP_PRAC_PAT_LIST,01/07/2026,C83614,SUTTERTON SURGERY,E01026039,ALL,49
GP_PRAC_PAT_LIST,01/07/2026,C83614,SUTTERTON SURGERY,E01026040,ALL,42
GP_PRAC_PAT_LIST,01/07/2026,C83614,SUTTERTON SURGERY,E01026041,ALL,51
GP_PRAC_PAT_LIST,01/07/2026,C83614,SUTTERTON SURGERY,E01026053,ALL,1
GP_PRAC_PAT_LIST,01/07/2026,C83614,SUTTERTON SURGERY,E01026054,ALL,1
GP_PRAC_PAT_LIST,01/07/2026,C83614,SUTTERTON SURGERY,E01026057,ALL,2
GP_PRAC_PAT_LIST,01/07/2026,C83614,SUTTERTON SURGERY,E01026080,ALL,2
GP_PRAC_PAT_LIST,01/07/2026,C83614,SUTTERTON SURGERY,E01026094,ALL,1
GP_PRAC_PAT_LIST,01/07/2026,C83614,SUTTERTON SURGERY,E01026098,ALL,6
GP_PRAC_PAT_LIST,01/07/2026,C83614,SUTTERTON SURGERY,E01026118,ALL,2
GP_PRAC_PAT_LIST,01/07/2026,C83614,SUTTERTON SURGERY,E01026232,ALL,1
GP_PRAC_PAT_LIST,01/07/2026,C83614,SUTTERTON SURGERY,E01026242,ALL,43
GP_PRAC_PAT_LIST,01/07/2026,C83614,SUTTERTON SURGERY,E01026243,ALL,43
GP_PRAC_PAT_LIST,01/07/2026,C83614,SUTTERTON SURGERY,E01026244,ALL,30
GP_PRAC_PAT_LIST,01/07/2026,C83614,SUTTERTON SURGERY,E01026245,ALL,3
GP_PRAC_PAT_LIST,01/07/2026,C83614,SUTTERTON SURGERY,E01026246,ALL,2
GP_PRAC_PAT_LIST,01/07/2026,C83614,SUTTERTON SURGERY,E01026247,ALL,46
GP_PRAC_PAT_LIST,01/07/2026,C83614,SUTTERTON SURGERY,E01026248,ALL,24
GP_PRAC_PAT_LIST,01/07/2026,C83614,SUTTERTON SURGERY,E01026249,ALL,1
GP_PRAC_PAT_LIST,01/07/2026,C83614,SUTTERTON SURGERY,E01026250,ALL,3
GP_PRAC_PAT_LIST,01/07/2026,C83614,SUTTERTON SURGERY,E01026251,ALL,11
GP_PRAC_PAT_LIST,01/07/2026,C83614,SUTTERTON SURGERY,E01026252,ALL,5
GP_PRAC_PAT_LIST,01/07/2026,C83614,SUTTERTON SURGERY,E01026253,ALL,3
GP_PRAC_PAT_LIST,01/07/2026,C83614,SUTTERTON SURGERY,E01026255,ALL,1
GP_PRAC_PAT_LIST,01/07/2026,C83614,SUTTERTON SURGERY,E01026258,ALL,2
GP_PRAC_PAT_LIST,01/07/2026,C83614,SUTTERTON SURGERY,E01026259,ALL,13
GP_PRAC_PAT_LIST,01/07/2026,C83614,SUTTERTON SURGERY,E01026260,ALL,13
GP_PRAC_PAT_LIST,01/07/2026,C83614,SUTTERTON SURGERY,E01026263,ALL,1
GP_PRAC_PAT_LIST,01/07/2026,C83614,SUTTERTON SURGERY,E01026266,ALL,1
GP_PRAC_PAT_LIST,01/07/2026,C83614,SUTTERTON SURGERY,E01026269,ALL,3
GP_PRAC_PAT_LIST,01/07/2026,C83614,SUTTERTON SURGERY,E01026270,ALL,1
GP_PRAC_PAT_LIST,01/07/2026,C83614,SUTTERTON SURGERY,E01026271,ALL,2
GP_PRAC_PAT_LIST,01/07/2026,C83614,SUTTERTON SURGERY,E01026273,ALL,1
GP_PRAC_PAT_LIST,01/07/2026,C83614,SUTTERTON SURGERY,E01026276,ALL,48
GP_PRAC_PAT_LIST,01/07/2026,C83614,SUTTERTON SURGERY,E01026281,ALL,4
GP_PRAC_PAT_LIST,01/07/2026,C83614,SUTTERTON SURGERY,E01026282,ALL,6
GP_PRAC_PAT_LIST,01/07/2026,C83614,SUTTERTON SURGERY,E01026283,ALL,49
GP_PRAC_PAT_LIST,01/07/2026,C83614,SUTTERTON SURGERY,E01026285,ALL,7
GP_PRAC_PAT_LIST,01/07/2026,C83614,SUTTERTON SURGERY,E01026286,ALL,13
GP_PRAC_PAT_LIST,01/07/2026,C83614,SUTTERTON SURGERY,E01026649,ALL,1
GP_PRAC_PAT_LIST,01/07/2026,C83614,SUTTERTON SURGERY,E01028294,ALL,1
GP_PRAC_PAT_LIST,01/07/2026,C83614,SUTTERTON SURGERY,E01032996,ALL,2
GP_PRAC_PAT_LIST,01/07/2026,C83614,SUTTERTON SURGERY,E01034679,ALL,7
GP_PRAC_PAT_LIST,01/07/2026,C83614,SUTTERTON SURGERY,E01034681,ALL,2
GP_PRAC_PAT_LIST,01/07/2026,C83614,SUTTERTON SURGERY,E01034683,ALL,24
GP_PRAC_PAT_LIST,01/07/2026,C83614,SUTTERTON SURGERY,E01034684,ALL,43
GP_PRAC_PAT_LIST,01/07/2026,C83614,SUTTERTON SURGERY,E01034697,ALL,1
GP_PRAC_PAT_LIST,01/07/2026,C83614,SUTTERTON SURGERY,E01034699,ALL,3
GP_PRAC_PAT_LIST,01/07/2026,C83614,SUTTERTON SURGERY,E01034700,ALL,1
GP_PRAC_PAT_LIST,01/07/2026,C83614,SUTTERTON SURGERY,EMPTY,ALL,1
GP_PRAC_PAT_LIST,01/07/2026,C83617,ABBEYVIEW SURGERY,CLOSED,ALL,2
GP_PRAC_PAT_LIST,01/07/2026,C83617,ABBEYVIEW SURGERY,E01008788,ALL,1
GP_PRAC_PAT_LIST,01/07/2026,C83617,ABBEYVIEW SURGERY,E01015596,ALL,2
GP_PRAC_PAT_LIST,01/07/2026,C83617,ABBEYVIEW SURGERY,E01015614,ALL,1
GP_PRAC_PAT_LIST,01/07/2026,C83617,ABBEYVIEW SURGERY,E01015617,ALL,84
GP_PRAC_PAT_LIST,01/07/2026,C83617,ABBEYVIEW SURGERY,E01015618,ALL,54
GP_PRAC_PAT_LIST,01/07/2026,C83617,ABBEYVIEW SURGERY,E01015619,ALL,37
GP_PRAC_PAT_LIST,01/07/2026,C83617,ABBEYVIEW SURGERY,E01015620,ALL,45
GP_PRAC_PAT_LIST,01/07/2026,C83617,ABBEYVIEW SURGERY,E01015629,ALL,1
GP_PRAC_PAT_LIST,01/07/2026,C83617,ABBEYVIEW SURGERY,E01015630,ALL,162
GP_PRAC_PAT_LIST,01/07/2026,C83617,ABBEYVIEW SURGERY,E01015631,ALL,348
GP_PRAC_PAT_LIST,01/07/2026,C83617,ABBEYVIEW SURGERY,E01015635,ALL,1
GP_PRAC_PAT_LIST,01/07/2026,C83617,ABBEYVIEW SURGERY,E01015674,ALL,1
GP_PRAC_PAT_LIST,01/07/2026,C83617,ABBEYVIEW SURGERY,E01015678,ALL,1
GP_PRAC_PAT_LIST,01/07/2026,C83617,ABBEYVIEW SURGERY,E01015679,ALL,1
GP_PRAC_PAT_LIST,01/07/2026,C83617,ABBEYVIEW SURGERY,E01015681,ALL,1
GP_PRAC_PAT_LIST,01/07/2026,C83617,ABBEYVIEW SURGERY,E01015685,ALL,1
GP_PRAC_PAT_LIST,01/07/2026,C83617,ABBEYVIEW SURGERY,E01018090,ALL,8
GP_PRAC_PAT_LIST,01/07/2026,C83617,ABBEYVIEW SURGERY,E01018191,ALL,1
GP_PRAC_PAT_LIST,01/07/2026,C83617,ABBEYVIEW SURGERY,E01019936,ALL,1
GP_PRAC_PAT_LIST,01/07/2026,C83617,ABBEYVIEW SURGERY,E01026129,ALL,1
GP_PRAC_PAT_LIST,01/07/2026,C83617,ABBEYVIEW SURGERY,E01026193,ALL,1
GP_PRAC_PAT_LIST,01/07/2026,C83617,ABBEYVIEW SURGERY,E01026239,ALL,2052
GP_PRAC_PAT_LIST,01/07/2026,C83617,ABBEYVIEW SURGERY,E01026240,ALL,3329
GP_PRAC_PAT_LIST,01/07/2026,C83617,ABBEYVIEW SURGERY,E01026241,ALL,706
GP_PRAC_PAT_LIST,01/07/2026,C83617,ABBEYVIEW SURGERY,E01026245,ALL,45
GP_PRAC_PAT_LIST,01/07/2026,C83617,ABBEYVIEW SURGERY,E01026248,ALL,1
GP_PRAC_PAT_LIST,01/07/2026,C83617,ABBEYVIEW SURGERY,E01026249,ALL,996
GP_PRAC_PAT_LIST,01/07/2026,C83617,ABBEYVIEW SURGERY,E01026250,ALL,1
GP_PRAC_PAT_LIST,01/07/2026,C83617,ABBEYVIEW SURGERY,E01026255,ALL,1
GP_PRAC_PAT_LIST,01/07/2026,C83617,ABBEYVIEW SURGERY,E01026259,ALL,4
GP_PRAC_PAT_LIST,01/07/2026,C83617,ABBEYVIEW SURGERY,E01026262,ALL,18
GP_PRAC_PAT_LIST,01/07/2026,C83617,ABBEYVIEW SURGERY,E01026263,ALL,18
GP_PRAC_PAT_LIST,01/07/2026,C83617,ABBEYVIEW SURGERY,E01026264,ALL,1
GP_PRAC_PAT_LIST,01/07/2026,C83617,ABBEYVIEW SURGERY,E01026265,ALL,31
GP_PRAC_PAT_LIST,01/07/2026,C83617,ABBEYVIEW SURGERY,E01026266,ALL,15
GP_PRAC_PAT_LIST,01/07/2026,C83617,ABBEYVIEW SURGERY,E01026268,ALL,12
GP_PRAC_PAT_LIST,01/07/2026,C83617,ABBEYVIEW SURGERY,E01026269,ALL,11
GP_PRAC_PAT_LIST,01/07/2026,C83617,ABBEYVIEW SURGERY,E01026270,ALL,7
GP_PRAC_PAT_LIST,01/07/2026,C83617,ABBEYVIEW SURGERY,E01026271,ALL,4
GP_PRAC_PAT_LIST,01/07/2026,C83617,ABBEYVIEW SURGERY,E01026272,ALL,14
GP_PRAC_PAT_LIST,01/07/2026,C83617,ABBEYVIEW SURGERY,E01026273,ALL,6
GP_PRAC_PAT_LIST,01/07/2026,C83617,ABBEYVIEW SURGERY,E01026275,ALL,4
GP_PRAC_PAT_LIST,01/07/2026,C83617,ABBEYVIEW SURGERY,E01026276,ALL,1
GP_PRAC_PAT_LIST,01/07/2026,C83617,ABBEYVIEW SURGERY,E01026280,ALL,445
GP_PRAC_PAT_LIST,01/07/2026,C83617,ABBEYVIEW SURGERY,E01026281,ALL,21
GP_PRAC_PAT_LIST,01/07/2026,C83617,ABBEYVIEW SURGERY,E01026282,ALL,101
GP_PRAC_PAT_LIST,01/07/2026,C83617,ABBEYVIEW SURGERY,E01026283,ALL,2
GP_PRAC_PAT_LIST,01/07/2026,C83617,ABBEYVIEW SURGERY,E01026284,ALL,627
GP_PRAC_PAT_LIST,01/07/2026,C83617,ABBEYVIEW SURGERY,E01026285,ALL,23
GP_PRAC_PAT_LIST,01/07/2026,C83617,ABBEYVIEW SURGERY,E01026286,ALL,1
GP_PRAC_PAT_LIST,01/07/2026,C83617,ABBEYVIEW SURGERY,E01026296,ALL,1
GP_PRAC_PAT_LIST,01/07/2026,C83617,ABBEYVIEW SURGERY,E01026299,ALL,1
GP_PRAC_PAT_LIST,01/07/2026,C83617,ABBEYVIEW SURGERY,E01026303,ALL,1
GP_PRAC_PAT_LIST,01/07/2026,C83617,ABBEYVIEW SURGERY,E01026306,ALL,5
GP_PRAC_PAT_LIST,01/07/2026,C83617,ABBEYVIEW SURGERY,E01026337,ALL,1
GP_PRAC_PAT_LIST,01/07/2026,C83617,ABBEYVIEW SURGERY,E01026588,ALL,1
GP_PRAC_PAT_LIST,01/07/2026,C83617,ABBEYVIEW SURGERY,E01026595,ALL,1
GP_PRAC_PAT_LIST,01/07/2026,C83617,ABBEYVIEW SURGERY,E01026719,ALL,1
GP_PRAC_PAT_LIST,01/07/2026,C83617,ABBEYVIEW SURGERY,E01032995,ALL,8
GP_PRAC_PAT_LIST,01/07/2026,C83617,ABBEYVIEW SURGERY,E01032996,ALL,4
GP_PRAC_PAT_LIST,01/07/2026,C83617,ABBEYVIEW SURGERY,E01033116,ALL,2
GP_PRAC_PAT_LIST,01/07/2026,C83617,ABBEYVIEW SURGERY,E01033540,ALL,1
GP_PRAC_PAT_LIST,01/07/2026,C83617,ABBEYVIEW SURGERY,E01034697,ALL,1
GP_PRAC_PAT_LIST,01/07/2026,C83617,ABBEYVIEW SURGERY,E01034698,ALL,6
GP_PRAC_PAT_LIST,01/07/2026,C83617,ABBEYVIEW SURGERY,E01034699,ALL,8
GP_PRAC_PAT_LIST,01/07/2026,C83617,ABBEYVIEW SURGERY,E01034700,ALL,12
GP_PRAC_PAT_LIST,01/07/2026,C83617,ABBEYVIEW SURGERY,E01035547,ALL,1
GP_PRAC_PAT_LIST,01/07/2026,C83617,ABBEYVIEW SURGERY,E01035553,ALL,1
GP_PRAC_PAT_LIST,01/07/2026,C83617,ABBEYVIEW SURGERY,EMPTY,ALL,2
GP_PRAC_PAT_LIST,01/07/2026,C83626,BRAYFORD MEDICAL PRACTICE,CLOSED,ALL,19
GP_PRAC_PAT_LIST,01/07/2026,C83626,BRAYFORD MEDICAL PRACTICE,E01000978,ALL,1
GP_PRAC_PAT_LIST,01/07/2026,C83626,BRAYFORD MEDICAL PRACTICE,E01006567,ALL,1
GP_PRAC_PAT_LIST,01/07/2026,C83626,BRAYFORD MEDICAL PRACTICE,E01007498,ALL,1
GP_PRAC_PAT_LIST,01/07/2026,C83626,BRAYFORD MEDICAL PRACTICE,E01007647,ALL,1
GP_PRAC_PAT_LIST,01/07/2026,C83626,BRAYFORD MEDICAL PRACTICE,E01008186,ALL,1
GP_PRAC_PAT_LIST,01/07/2026,C83626,BRAYFORD MEDICAL PRACTICE,E01009470,ALL,1
GP_PRAC_PAT_LIST,01/07/2026,C83626,BRAYFORD MEDICAL PRACTICE,E01010323,ALL,1
GP_PRAC_PAT_LIST,01/07/2026,C83626,BRAYFORD MEDICAL PRACTICE,E01010512,ALL,1
GP_PRAC_PAT_LIST,01/07/2026,C83626,BRAYFORD MEDICAL PRACTICE,E01011822,ALL,1
GP_PRAC_PAT_LIST,01/07/2026,C83626,BRAYFORD MEDICAL PRACTICE,E01012107,ALL,1
GP_PRAC_PAT_LIST,01/07/2026,C83626,BRAYFORD MEDICAL PRACTICE,E01012251,ALL,1
GP_PRAC_PAT_LIST,01/07/2026,C83626,BRAYFORD MEDICAL PRACTICE,E01012795,ALL,2
GP_PRAC_PAT_LIST,01/07/2026,C83626,BRAYFORD MEDICAL PRACTICE,E01013085,ALL,1
GP_PRAC_PAT_LIST,01/07/2026,C83626,BRAYFORD MEDICAL PRACTICE,E01013144,ALL,1
GP_PRAC_PAT_LIST,01/07/2026,C83626,BRAYFORD MEDICAL PRACTICE,E01013218,ALL,1
GP_PRAC_PAT_LIST,01/07/2026,C83626,BRAYFORD MEDICAL PRACTICE,E01013259,ALL,5
GP_PRAC_PAT_LIST,01/07/2026,C83626,BRAYFORD MEDICAL PRACTICE,E01013652,ALL,1
GP_PRAC_PAT_LIST,01/07/2026,C83626,BRAYFORD MEDICAL PRACTICE,E01013732,ALL,1
GP_PRAC_PAT_LIST,01/07/2026,C83626,BRAYFORD MEDICAL PRACTICE,E01015661,ALL,2
GP_PRAC_PAT_LIST,01/07/2026,C83626,BRAYFORD MEDICAL PRACTICE,E01016215,ALL,1
GP_PRAC_PAT_LIST,01/07/2026,C83626,BRAYFORD MEDICAL PRACTICE,E01016792,ALL,1
GP_PRAC_PAT_LIST,01/07/2026,C83626,BRAYFORD MEDICAL PRACTICE,E01017483,ALL,1
GP_PRAC_PAT_LIST,01/07/2026,C83626,BRAYFORD MEDICAL PRACTICE,E01018192,ALL,1
GP_PRAC_PAT_LIST,01/07/2026,C83626,BRAYFORD MEDICAL PRACTICE,E01019676,ALL,1
GP_PRAC_PAT_LIST,01/07/2026,C83626,BRAYFORD MEDICAL PRACTICE,E01021912,ALL,1
GP_PRAC_PAT_LIST,01/07/2026,C83626,BRAYFORD MEDICAL PRACTICE,E01022925,ALL,1
GP_PRAC_PAT_LIST,01/07/2026,C83626,BRAYFORD MEDICAL PRACTICE,E01023439,ALL,1
GP_PRAC_PAT_LIST,01/07/2026,C83626,BRAYFORD MEDICAL PRACTICE,E01023905,ALL,1
GP_PRAC_PAT_LIST,01/07/2026,C83626,BRAYFORD MEDICAL PRACTICE,E01025712,ALL,1
GP_PRAC_PAT_LIST,01/07/2026,C83626,BRAYFORD MEDICAL PRACTICE,E01026044,ALL,1
GP_PRAC_PAT_LIST,01/07/2026,C83626,BRAYFORD MEDICAL PRACTICE,E01026052,ALL,3
GP_PRAC_PAT_LIST,01/07/2026,C83626,BRAYFORD MEDICAL PRACTICE,E01026053,ALL,1
GP_PRAC_PAT_LIST,01/07/2026,C83626,BRAYFORD MEDICAL PRACTICE,E01026076,ALL,1
GP_PRAC_PAT_LIST,01/07/2026,C83626,BRAYFORD MEDICAL PRACTICE,E01026095,ALL,1
GP_PRAC_PAT_LIST,01/07/2026,C83626,BRAYFORD MEDICAL PRACTICE,E01026121,ALL,6
GP_PRAC_PAT_LIST,01/07/2026,C83626,BRAYFORD MEDICAL PRACTICE,E01026122,ALL,370
GP_PRAC_PAT_LIST,01/07/2026,C83626,BRAYFORD MEDICAL PRACTICE,E01026123,ALL,186
GP_PRAC_PAT_LIST,01/07/2026,C83626,BRAYFORD MEDICAL PRACTICE,E01026124,ALL,184
GP_PRAC_PAT_LIST,01/07/2026,C83626,BRAYFORD MEDICAL PRACTICE,E01026125,ALL,125
GP_PRAC_PAT_LIST,01/07/2026,C83626,BRAYFORD MEDICAL PRACTICE,E01026126,ALL,306
GP_PRAC_PAT_LIST,01/07/2026,C83626,BRAYFORD MEDICAL PRACTICE,E01026127,ALL,21
GP_PRAC_PAT_LIST,01/07/2026,C83626,BRAYFORD MEDICAL PRACTICE,E01026129,ALL,30
GP_PRAC_PAT_LIST,01/07/2026,C83626,BRAYFORD MEDICAL PRACTICE,E01026130,ALL,22
GP_PRAC_PAT_LIST,01/07/2026,C83626,BRAYFORD MEDICAL PRACTICE,E01026131,ALL,14
GP_PRAC_PAT_LIST,01/07/2026,C83626,BRAYFORD MEDICAL PRACTICE,E01026132,ALL,678
GP_PRAC_PAT_LIST,01/07/2026,C83626,BRAYFORD MEDICAL PRACTICE,E01026134,ALL,286
GP_PRAC_PAT_LIST,01/07/2026,C83626,BRAYFORD MEDICAL PRACTICE,E01026135,ALL,81
GP_PRAC_PAT_LIST,01/07/2026,C83626,BRAYFORD MEDICAL PRACTICE,E01026136,ALL,81
GP_PRAC_PAT_LIST,01/07/2026,C83626,BRAYFORD MEDICAL PRACTICE,E01026137,ALL,24
GP_PRAC_PAT_LIST,01/07/2026,C83626,BRAYFORD MEDICAL PRACTICE,E01026138,ALL,27
GP_PRAC_PAT_LIST,01/07/2026,C83626,BRAYFORD MEDICAL PRACTICE,E01026139,ALL,34
GP_PRAC_PAT_LIST,01/07/2026,C83626,BRAYFORD MEDICAL PRACTICE,E01026140,ALL,22
GP_PRAC_PAT_LIST,01/07/2026,C83626,BRAYFORD MEDICAL PRACTICE,E01026141,ALL,51
GP_PRAC_PAT_LIST,01/07/2026,C83626,BRAYFORD MEDICAL PRACTICE,E01026142,ALL,26
GP_PRAC_PAT_LIST,01/07/2026,C83626,BRAYFORD MEDICAL PRACTICE,E01026144,ALL,801
GP_PRAC_PAT_LIST,01/07/2026,C83626,BRAYFORD MEDICAL PRACTICE,E01026145,ALL,352
GP_PRAC_PAT_LIST,01/07/2026,C83626,BRAYFORD MEDICAL PRACTICE,E01026146,ALL,634
GP_PRAC_PAT_LIST,01/07/2026,C83626,BRAYFORD MEDICAL PRACTICE,E01026147,ALL,327
GP_PRAC_PAT_LIST,01/07/2026,C83626,BRAYFORD MEDICAL PRACTICE,E01026148,ALL,180
GP_PRAC_PAT_LIST,01/07/2026,C83626,BRAYFORD MEDICAL PRACTICE,E01026149,ALL,145
GP_PRAC_PAT_LIST,01/07/2026,C83626,BRAYFORD MEDICAL PRACTICE,E01026150,ALL,139
GP_PRAC_PAT_LIST,01/07/2026,C83626,BRAYFORD MEDICAL PRACTICE,E01026151,ALL,148
GP_PRAC_PAT_LIST,01/07/2026,C83626,BRAYFORD MEDICAL PRACTICE,E01026152,ALL,55
GP_PRAC_PAT_LIST,01/07/2026,C83626,BRAYFORD MEDICAL PRACTICE,E01026153,ALL,80
GP_PRAC_PAT_LIST,01/07/2026,C83626,BRAYFORD MEDICAL PRACTICE,E01026154,ALL,72
GP_PRAC_PAT_LIST,01/07/2026,C83626,BRAYFORD MEDICAL PRACTICE,E01026155,ALL,53
GP_PRAC_PAT_LIST,01/07/2026,C83626,BRAYFORD MEDICAL PRACTICE,E01026156,ALL,75
GP_PRAC_PAT_LIST,01/07/2026,C83626,BRAYFORD MEDICAL PRACTICE,E01026157,ALL,73
GP_PRAC_PAT_LIST,01/07/2026,C83626,BRAYFORD MEDICAL PRACTICE,E01026158,ALL,14
GP_PRAC_PAT_LIST,01/07/2026,C83626,BRAYFORD MEDICAL PRACTICE,E01026159,ALL,29
GP_PRAC_PAT_LIST,01/07/2026,C83626,BRAYFORD MEDICAL PRACTICE,E01026160,ALL,18
GP_PRAC_PAT_LIST,01/07/2026,C83626,BRAYFORD MEDICAL PRACTICE,E01026161,ALL,65
GP_PRAC_PAT_LIST,01/07/2026,C83626,BRAYFORD MEDICAL PRACTICE,E01026162,ALL,38
GP_PRAC_PAT_LIST,01/07/2026,C83626,BRAYFORD MEDICAL PRACTICE,E01026163,ALL,24
GP_PRAC_PAT_LIST,01/07/2026,C83626,BRAYFORD MEDICAL PRACTICE,E01026164,ALL,49
GP_PRAC_PAT_LIST,01/07/2026,C83626,BRAYFORD MEDICAL PRACTICE,E01026165,ALL,89
GP_PRAC_PAT_LIST,01/07/2026,C83626,BRAYFORD MEDICAL PRACTICE,E01026166,ALL,75
GP_PRAC_PAT_LIST,01/07/2026,C83626,BRAYFORD MEDICAL PRACTICE,E01026167,ALL,210
GP_PRAC_PAT_LIST,01/07/2026,C83626,BRAYFORD MEDICAL PRACTICE,E01026168,ALL,79
GP_PRAC_PAT_LIST,01/07/2026,C83626,BRAYFORD MEDICAL PRACTICE,E01026169,ALL,39
GP_PRAC_PAT_LIST,01/07/2026,C83626,BRAYFORD MEDICAL PRACTICE,E01026170,ALL,62
GP_PRAC_PAT_LIST,01/07/2026,C83626,BRAYFORD MEDICAL PRACTICE,E01026171,ALL,31
GP_PRAC_PAT_LIST,01/07/2026,C83626,BRAYFORD MEDICAL PRACTICE,E01026172,ALL,79
GP_PRAC_PAT_LIST,01/07/2026,C83626,BRAYFORD MEDICAL PRACTICE,E01026173,ALL,52
GP_PRAC_PAT_LIST,01/07/2026,C83626,BRAYFORD MEDICAL PRACTICE,E01026174,ALL,151
GP_PRAC_PAT_LIST,01/07/2026,C83626,BRAYFORD MEDICAL PRACTICE,E01026175,ALL,171
GP_PRAC_PAT_LIST,01/07/2026,C83626,BRAYFORD MEDICAL PRACTICE,E01026176,ALL,302
GP_PRAC_PAT_LIST,01/07/2026,C83626,BRAYFORD MEDICAL PRACTICE,E01026177,ALL,304
GP_PRAC_PAT_LIST,01/07/2026,C83626,BRAYFORD MEDICAL PRACTICE,E01026178,ALL,300
GP_PRAC_PAT_LIST,01/07/2026,C83626,BRAYFORD MEDICAL PRACTICE,E01026179,ALL,5
GP_PRAC_PAT_LIST,01/07/2026,C83626,BRAYFORD MEDICAL PRACTICE,E01026180,ALL,2
GP_PRAC_PAT_LIST,01/07/2026,C83626,BRAYFORD MEDICAL PRACTICE,E01026182,ALL,4
GP_PRAC_PAT_LIST,01/07/2026,C83626,BRAYFORD MEDICAL PRACTICE,E01026183,ALL,2
GP_PRAC_PAT_LIST,01/07/2026,C83626,BRAYFORD MEDICAL PRACTICE,E01026184,ALL,24
GP_PRAC_PAT_LIST,01/07/2026,C83626,BRAYFORD MEDICAL PRACTICE,E01026185,ALL,22
GP_PRAC_PAT_LIST,01/07/2026,C83626,BRAYFORD MEDICAL PRACTICE,E01026186,ALL,21
GP_PRAC_PAT_LIST,01/07/2026,C83626,BRAYFORD MEDICAL PRACTICE,E01026187,ALL,56
GP_PRAC_PAT_LIST,01/07/2026,C83626,BRAYFORD MEDICAL PRACTICE,E01026188,ALL,40
GP_PRAC_PAT_LIST,01/07/2026,C83626,BRAYFORD MEDICAL PRACTICE,E01026189,ALL,12
GP_PRAC_PAT_LIST,01/07/2026,C83626,BRAYFORD MEDICAL PRACTICE,E01026190,ALL,6
GP_PRAC_PAT_LIST,01/07/2026,C83626,BRAYFORD MEDICAL PRACTICE,E01026191,ALL,8
GP_PRAC_PAT_LIST,01/07/2026,C83626,BRAYFORD MEDICAL PRACTICE,E01026193,ALL,1
GP_PRAC_PAT_LIST,01/07/2026,C83626,BRAYFORD MEDICAL PRACTICE,E01026194,ALL,6
GP_PRAC_PAT_LIST,01/07/2026,C83626,BRAYFORD MEDICAL PRACTICE,E01026195,ALL,7
GP_PRAC_PAT_LIST,01/07/2026,C83626,BRAYFORD MEDICAL PRACTICE,E01026196,ALL,2
GP_PRAC_PAT_LIST,01/07/2026,C83626,BRAYFORD MEDICAL PRACTICE,E01026197,ALL,3
GP_PRAC_PAT_LIST,01/07/2026,C83626,BRAYFORD MEDICAL PRACTICE,E01026199,ALL,16
GP_PRAC_PAT_LIST,01/07/2026,C83626,BRAYFORD MEDICAL PRACTICE,E01026203,ALL,36
GP_PRAC_PAT_LIST,01/07/2026,C83626,BRAYFORD MEDICAL PRACTICE,E01026204,ALL,7
GP_PRAC_PAT_LIST,01/07/2026,C83626,BRAYFORD MEDICAL PRACTICE,E01026205,ALL,37
GP_PRAC_PAT_LIST,01/07/2026,C83626,BRAYFORD MEDICAL PRACTICE,E01026206,ALL,15
GP_PRAC_PAT_LIST,01/07/2026,C83626,BRAYFORD MEDICAL PRACTICE,E01026210,ALL,5
GP_PRAC_PAT_LIST,01/07/2026,C83626,BRAYFORD MEDICAL PRACTICE,E01026211,ALL,10
GP_PRAC_PAT_LIST,01/07/2026,C83626,BRAYFORD MEDICAL PRACTICE,E01026212,ALL,13
GP_PRAC_PAT_LIST,01/07/2026,C83626,BRAYFORD MEDICAL PRACTICE,E01026213,ALL,8
GP_PRAC_PAT_LIST,01/07/2026,C83626,BRAYFORD MEDICAL PRACTICE,E01026214,ALL,13
GP_PRAC_PAT_LIST,01/07/2026,C83626,BRAYFORD MEDICAL PRACTICE,E01026215,ALL,10
GP_PRAC_PAT_LIST,01/07/2026,C83626,BRAYFORD MEDICAL PRACTICE,E01026218,ALL,5
GP_PRAC_PAT_LIST,01/07/2026,C83626,BRAYFORD MEDICAL PRACTICE,E01026219,ALL,22
GP_PRAC_PAT_LIST,01/07/2026,C83626,BRAYFORD MEDICAL PRACTICE,E01026220,ALL,33
GP_PRAC_PAT_LIST,01/07/2026,C83626,BRAYFORD MEDICAL PRACTICE,E01026221,ALL,1
GP_PRAC_PAT_LIST,01/07/2026,C83626,BRAYFORD MEDICAL PRACTICE,E01026224,ALL,1
GP_PRAC_PAT_LIST,01/07/2026,C83626,BRAYFORD MEDICAL PRACTICE,E01026225,ALL,36
GP_PRAC_PAT_LIST,01/07/2026,C83626,BRAYFORD MEDICAL PRACTICE,E01026226,ALL,26
GP_PRAC_PAT_LIST,01/07/2026,C83626,BRAYFORD MEDICAL PRACTICE,E01026237,ALL,14
GP_PRAC_PAT_LIST,01/07/2026,C83626,BRAYFORD MEDICAL PRACTICE,E01026238,ALL,26
GP_PRAC_PAT_LIST,01/07/2026,C83626,BRAYFORD MEDICAL PRACTICE,E01026268,ALL,1
GP_PRAC_PAT_LIST,01/07/2026,C83626,BRAYFORD MEDICAL PRACTICE,E01026299,ALL,1
GP_PRAC_PAT_LIST,01/07/2026,C83626,BRAYFORD MEDICAL PRACTICE,E01026318,ALL,1
GP_PRAC_PAT_LIST,01/07/2026,C83626,BRAYFORD MEDICAL PRACTICE,E01026348,ALL,1
GP_PRAC_PAT_LIST,01/07/2026,C83626,BRAYFORD MEDICAL PRACTICE,E01026361,ALL,1
GP_PRAC_PAT_LIST,01/07/2026,C83626,BRAYFORD MEDICAL PRACTICE,E01026366,ALL,8
GP_PRAC_PAT_LIST,01/07/2026,C83626,BRAYFORD MEDICAL PRACTICE,E01026369,ALL,29
GP_PRAC_PAT_LIST,01/07/2026,C83626,BRAYFORD MEDICAL PRACTICE,E01026370,ALL,30
GP_PRAC_PAT_LIST,01/07/2026,C83626,BRAYFORD MEDICAL PRACTICE,E01026371,ALL,16
GP_PRAC_PAT_LIST,01/07/2026,C83626,BRAYFORD MEDICAL PRACTICE,E01026372,ALL,29
GP_PRAC_PAT_LIST,01/07/2026,C83626,BRAYFORD MEDICAL PRACTICE,E01026373,ALL,42
GP_PRAC_PAT_LIST,01/07/2026,C83626,BRAYFORD MEDICAL PRACTICE,E01026379,ALL,1
GP_PRAC_PAT_LIST,01/07/2026,C83626,BRAYFORD MEDICAL PRACTICE,E01026381,ALL,1
GP_PRAC_PAT_LIST,01/07/2026,C83626,BRAYFORD MEDICAL PRACTICE,E01026382,ALL,1
GP_PRAC_PAT_LIST,01/07/2026,C83626,BRAYFORD MEDICAL PRACTICE,E01026384,ALL,3
GP_PRAC_PAT_LIST,01/07/2026,C83626,BRAYFORD MEDICAL PRACTICE,E01026389,ALL,2
GP_PRAC_PAT_LIST,01/07/2026,C83626,BRAYFORD MEDICAL PRACTICE,E01026393,ALL,20
GP_PRAC_PAT_LIST,01/07/2026,C83626,BRAYFORD MEDICAL PRACTICE,E01026394,ALL,107
GP_PRAC_PAT_LIST,01/07/2026,C83626,BRAYFORD MEDICAL PRACTICE,E01026395,ALL,11
GP_PRAC_PAT_LIST,01/07/2026,C83626,BRAYFORD MEDICAL PRACTICE,E01026396,ALL,22
GP_PRAC_PAT_LIST,01/07/2026,C83626,BRAYFORD MEDICAL PRACTICE,E01026398,ALL,29
GP_PRAC_PAT_LIST,01/07/2026,C83626,BRAYFORD MEDICAL PRACTICE,E01026399,ALL,1
GP_PRAC_PAT_LIST,01/07/2026,C83626,BRAYFORD MEDICAL PRACTICE,E01026400,ALL,17
GP_PRAC_PAT_LIST,01/07/2026,C83626,BRAYFORD MEDICAL PRACTICE,E01026404,ALL,7
GP_PRAC_PAT_LIST,01/07/2026,C83626,BRAYFORD MEDICAL PRACTICE,E01026405,ALL,19
GP_PRAC_PAT_LIST,01/07/2026,C83626,BRAYFORD MEDICAL PRACTICE,E01026406,ALL,9
GP_PRAC_PAT_LIST,01/07/2026,C83626,BRAYFORD MEDICAL PRACTICE,E01026407,ALL,1
GP_PRAC_PAT_LIST,01/07/2026,C83626,BRAYFORD MEDICAL PRACTICE,E01026409,ALL,9
GP_PRAC_PAT_LIST,01/07/2026,C83626,BRAYFORD MEDICAL PRACTICE,E01026411,ALL,1
GP_PRAC_PAT_LIST,01/07/2026,C83626,BRAYFORD MEDICAL PRACTICE,E01026412,ALL,14
GP_PRAC_PAT_LIST,01/07/2026,C83626,BRAYFORD MEDICAL PRACTICE,E01026413,ALL,11
GP_PRAC_PAT_LIST,01/07/2026,C83626,BRAYFORD MEDICAL PRACTICE,E01026414,ALL,9
GP_PRAC_PAT_LIST,01/07/2026,C83626,BRAYFORD MEDICAL PRACTICE,E01026654,ALL,1
GP_PRAC_PAT_LIST,01/07/2026,C83626,BRAYFORD MEDICAL PRACTICE,E01026953,ALL,1
GP_PRAC_PAT_LIST,01/07/2026,C83626,BRAYFORD MEDICAL PRACTICE,E01026999,ALL,1
GP_PRAC_PAT_LIST,01/07/2026,C83626,BRAYFORD MEDICAL PRACTICE,E01027060,ALL,1
GP_PRAC_PAT_LIST,01/07/2026,C83626,BRAYFORD MEDICAL PRACTICE,E01027650,ALL,1
GP_PRAC_PAT_LIST,01/07/2026,C83626,BRAYFORD MEDICAL PRACTICE,E01027806,ALL,1
GP_PRAC_PAT_LIST,01/07/2026,C83626,BRAYFORD MEDICAL PRACTICE,E01028059,ALL,1
GP_PRAC_PAT_LIST,01/07/2026,C83626,BRAYFORD MEDICAL PRACTICE,E01028073,ALL,1
GP_PRAC_PAT_LIST,01/07/2026,C83626,BRAYFORD MEDICAL PRACTICE,E01028279,ALL,1
GP_PRAC_PAT_LIST,01/07/2026,C83626,BRAYFORD MEDICAL PRACTICE,E01028285,ALL,1
GP_PRAC_PAT_LIST,01/07/2026,C83626,BRAYFORD MEDICAL PRACTICE,E01028286,ALL,1
GP_PRAC_PAT_LIST,01/07/2026,C83626,BRAYFORD MEDICAL PRACTICE,E01028294,ALL,1
GP_PRAC_PAT_LIST,01/07/2026,C83626,BRAYFORD MEDICAL PRACTICE,E01028353,ALL,1
GP_PRAC_PAT_LIST,01/07/2026,C83626,BRAYFORD MEDICAL PRACTICE,E01028410,ALL,1
GP_PRAC_PAT_LIST,01/07/2026,C83626,BRAYFORD MEDICAL PRACTICE,E01028472,ALL,1
GP_PRAC_PAT_LIST,01/07/2026,C83626,BRAYFORD MEDICAL PRACTICE,E01028809,ALL,1
GP_PRAC_PAT_LIST,01/07/2026,C83626,BRAYFORD MEDICAL PRACTICE,E01029425,ALL,1
GP_PRAC_PAT_LIST,01/07/2026,C83626,BRAYFORD MEDICAL PRACTICE,E01030152,ALL,1
GP_PRAC_PAT_LIST,01/07/2026,C83626,BRAYFORD MEDICAL PRACTICE,E01031319,ALL,1
GP_PRAC_PAT_LIST,01/07/2026,C83626,BRAYFORD MEDICAL PRACTICE,E01032988,ALL,18
GP_PRAC_PAT_LIST,01/07/2026,C83626,BRAYFORD MEDICAL PRACTICE,E01032989,ALL,42
GP_PRAC_PAT_LIST,01/07/2026,C83626,BRAYFORD MEDICAL PRACTICE,E01032991,ALL,26
GP_PRAC_PAT_LIST,01/07/2026,C83626,BRAYFORD MEDICAL PRACTICE,E01032992,ALL,29
GP_PRAC_PAT_LIST,01/07/2026,C83626,BRAYFORD MEDICAL PRACTICE,E01032993,ALL,37
GP_PRAC_PAT_LIST,01/07/2026,C83626,BRAYFORD MEDICAL PRACTICE,E01032994,ALL,19
GP_PRAC_PAT_LIST,01/07/2026,C83626,BRAYFORD MEDICAL PRACTICE,E01032999,ALL,1
GP_PRAC_PAT_LIST,01/07/2026,C83626,BRAYFORD MEDICAL PRACTICE,E01033522,ALL,1
GP_PRAC_PAT_LIST,01/07/2026,C83626,BRAYFORD MEDICAL PRACTICE,E01033617,ALL,1
GP_PRAC_PAT_LIST,01/07/2026,C83626,BRAYFORD MEDICAL PRACTICE,E01034014,ALL,1
GP_PRAC_PAT_LIST,01/07/2026,C83626,BRAYFORD MEDICAL PRACTICE,E01034575,ALL,1
GP_PRAC_PAT_LIST,01/07/2026,C83626,BRAYFORD MEDICAL PRACTICE,E01034687,ALL,444
GP_PRAC_PAT_LIST,01/07/2026,C83626,BRAYFORD MEDICAL PRACTICE,E01034688,ALL,574
GP_PRAC_PAT_LIST,01/07/2026,C83626,BRAYFORD MEDICAL PRACTICE,E01034689,ALL,35
GP_PRAC_PAT_LIST,01/07/2026,C83626,BRAYFORD MEDICAL PRACTICE,E01034690,ALL,23
GP_PRAC_PAT_LIST,01/07/2026,C83626,BRAYFORD MEDICAL PRACTICE,E01034691,ALL,518
GP_PRAC_PAT_LIST,01/07/2026,C83626,BRAYFORD MEDICAL PRACTICE,E01034692,ALL,237
GP_PRAC_PAT_LIST,01/07/2026,C83626,BRAYFORD MEDICAL PRACTICE,E01034693,ALL,16
GP_PRAC_PAT_LIST,01/07/2026,C83626,BRAYFORD MEDICAL PRACTICE,E01034694,ALL,28
GP_PRAC_PAT_LIST,01/07/2026,C83626,BRAYFORD MEDICAL PRACTICE,E01034706,ALL,39
GP_PRAC_PAT_LIST,01/07/2026,C83626,BRAYFORD MEDICAL PRACTICE,E01034707,ALL,53
GP_PRAC_PAT_LIST,01/07/2026,C83626,BRAYFORD MEDICAL PRACTICE,E01034755,ALL,1
GP_PRAC_PAT_LIST,01/07/2026,C83626,BRAYFORD MEDICAL PRACTICE,E01035536,ALL,1
GP_PRAC_PAT_LIST,01/07/2026,C83626,BRAYFORD MEDICAL PRACTICE,EMPTY,ALL,15
GP_PRAC_PAT_LIST,01/07/2026,C83634,TASBURGH LODGE SURGERY,E01002679,ALL,1
GP_PRAC_PAT_LIST,01/07/2026,C83634,TASBURGH LODGE SURGERY,E01019122,ALL,4
GP_PRAC_PAT_LIST,01/07/2026,C83634,TASBURGH LODGE SURGERY,E01021016,ALL,1
GP_PRAC_PAT_LIST,01/07/2026,C83634,TASBURGH LODGE SURGERY,E01021994,ALL,1
GP_PRAC_PAT_LIST,01/07/2026,C83634,TASBURGH LODGE SURGERY,E01026018,ALL,1
GP_PRAC_PAT_LIST,01/07/2026,C83634,TASBURGH LODGE SURGERY,E01026021,ALL,1
GP_PRAC_PAT_LIST,01/07/2026,C83634,TASBURGH LODGE SURGERY,E01026028,ALL,1
GP_PRAC_PAT_LIST,01/07/2026,C83634,TASBURGH LODGE SURGERY,E01026033,ALL,6
GP_PRAC_PAT_LIST,01/07/2026,C83634,TASBURGH LODGE SURGERY,E01026051,ALL,211
GP_PRAC_PAT_LIST,01/07/2026,C83634,TASBURGH LODGE SURGERY,E01026052,ALL,305
GP_PRAC_PAT_LIST,01/07/2026,C83634,TASBURGH LODGE SURGERY,E01026053,ALL,380
GP_PRAC_PAT_LIST,01/07/2026,C83634,TASBURGH LODGE SURGERY,E01026054,ALL,225
GP_PRAC_PAT_LIST,01/07/2026,C83634,TASBURGH LODGE SURGERY,E01026064,ALL,29
GP_PRAC_PAT_LIST,01/07/2026,C83634,TASBURGH LODGE SURGERY,E01026065,ALL,50
GP_PRAC_PAT_LIST,01/07/2026,C83634,TASBURGH LODGE SURGERY,E01026066,ALL,128
GP_PRAC_PAT_LIST,01/07/2026,C83634,TASBURGH LODGE SURGERY,E01026067,ALL,35
GP_PRAC_PAT_LIST,01/07/2026,C83634,TASBURGH LODGE SURGERY,E01026075,ALL,146
GP_PRAC_PAT_LIST,01/07/2026,C83634,TASBURGH LODGE SURGERY,E01026082,ALL,297
GP_PRAC_PAT_LIST,01/07/2026,C83634,TASBURGH LODGE SURGERY,E01026091,ALL,1
GP_PRAC_PAT_LIST,01/07/2026,C83634,TASBURGH LODGE SURGERY,E01026098,ALL,1
GP_PRAC_PAT_LIST,01/07/2026,C83634,TASBURGH LODGE SURGERY,E01026105,ALL,17
GP_PRAC_PAT_LIST,01/07/2026,C83634,TASBURGH LODGE SURGERY,E01026118,ALL,1194
GP_PRAC_PAT_LIST,01/07/2026,C83634,TASBURGH LODGE SURGERY,E01026119,ALL,659
GP_PRAC_PAT_LIST,01/07/2026,C83634,TASBURGH LODGE SURGERY,E01026120,ALL,1038
GP_PRAC_PAT_LIST,01/07/2026,C83634,TASBURGH LODGE SURGERY,E01026122,ALL,1
GP_PRAC_PAT_LIST,01/07/2026,C83634,TASBURGH LODGE SURGERY,E01026179,ALL,1
GP_PRAC_PAT_LIST,01/07/2026,C83634,TASBURGH LODGE SURGERY,E01026180,ALL,2
GP_PRAC_PAT_LIST,01/07/2026,C83634,TASBURGH LODGE SURGERY,E01026183,ALL,40
GP_PRAC_PAT_LIST,01/07/2026,C83634,TASBURGH LODGE SURGERY,E01026207,ALL,5
GP_PRAC_PAT_LIST,01/07/2026,C83634,TASBURGH LODGE SURGERY,E01026210,ALL,227
GP_PRAC_PAT_LIST,01/07/2026,C83634,TASBURGH LODGE SURGERY,E01026211,ALL,18
GP_PRAC_PAT_LIST,01/07/2026,C83634,TASBURGH LODGE SURGERY,E01026212,ALL,9
GP_PRAC_PAT_LIST,01/07/2026,C83634,TASBURGH LODGE SURGERY,E01026213,ALL,16
GP_PRAC_PAT_LIST,01/07/2026,C83634,TASBURGH LODGE SURGERY,E01026272,ALL,1
GP_PRAC_PAT_LIST,01/07/2026,C83634,TASBURGH LODGE SURGERY,E01026366,ALL,35
GP_PRAC_PAT_LIST,01/07/2026,C83634,TASBURGH LODGE SURGERY,E01027632,ALL,1
GP_PRAC_PAT_LIST,01/07/2026,C83634,TASBURGH LODGE SURGERY,E01033253,ALL,1
GP_PRAC_PAT_LIST,01/07/2026,C83634,TASBURGH LODGE SURGERY,EMPTY,ALL,3
GP_PRAC_PAT_LIST,01/07/2026,C83635,WOODHALL SPA NEW SURGERY,E01026051,ALL,18
GP_PRAC_PAT_LIST,01/07/2026,C83635,WOODHALL SPA NEW SURGERY,E01026052,ALL,11
GP_PRAC_PAT_LIST,01/07/2026,C83635,WOODHALL SPA NEW SURGERY,E01026053,ALL,76
GP_PRAC_PAT_LIST,01/07/2026,C83635,WOODHALL SPA NEW SURGERY,E01026054,ALL,13
GP_PRAC_PAT_LIST,01/07/2026,C83635,WOODHALL SPA NEW SURGERY,E01026057,ALL,3
GP_PRAC_PAT_LIST,01/07/2026,C83635,WOODHALL SPA NEW SURGERY,E01026064,ALL,8
GP_PRAC_PAT_LIST,01/07/2026,C83635,WOODHALL SPA NEW SURGERY,E01026065,ALL,12
GP_PRAC_PAT_LIST,01/07/2026,C83635,WOODHALL SPA NEW SURGERY,E01026066,ALL,68
GP_PRAC_PAT_LIST,01/07/2026,C83635,WOODHALL SPA NEW SURGERY,E01026067,ALL,4
GP_PRAC_PAT_LIST,01/07/2026,C83635,WOODHALL SPA NEW SURGERY,E01026068,ALL,2
GP_PRAC_PAT_LIST,01/07/2026,C83635,WOODHALL SPA NEW SURGERY,E01026071,ALL,2
GP_PRAC_PAT_LIST,01/07/2026,C83635,WOODHALL SPA NEW SURGERY,E01026072,ALL,1
GP_PRAC_PAT_LIST,01/07/2026,C83635,WOODHALL SPA NEW SURGERY,E01026075,ALL,17
GP_PRAC_PAT_LIST,01/07/2026,C83635,WOODHALL SPA NEW SURGERY,E01026077,ALL,1
GP_PRAC_PAT_LIST,01/07/2026,C83635,WOODHALL SPA NEW SURGERY,E01026081,ALL,1
GP_PRAC_PAT_LIST,01/07/2026,C83635,WOODHALL SPA NEW SURGERY,E01026082,ALL,1078
GP_PRAC_PAT_LIST,01/07/2026,C83635,WOODHALL SPA NEW SURGERY,E01026084,ALL,1
GP_PRAC_PAT_LIST,01/07/2026,C83635,WOODHALL SPA NEW SURGERY,E01026105,ALL,4
GP_PRAC_PAT_LIST,01/07/2026,C83635,WOODHALL SPA NEW SURGERY,E01026111,ALL,1
GP_PRAC_PAT_LIST,01/07/2026,C83635,WOODHALL SPA NEW SURGERY,E01026113,ALL,1
GP_PRAC_PAT_LIST,01/07/2026,C83635,WOODHALL SPA NEW SURGERY,E01026118,ALL,622
GP_PRAC_PAT_LIST,01/07/2026,C83635,WOODHALL SPA NEW SURGERY,E01026119,ALL,367
GP_PRAC_PAT_LIST,01/07/2026,C83635,WOODHALL SPA NEW SURGERY,E01026120,ALL,299
GP_PRAC_PAT_LIST,01/07/2026,C83635,WOODHALL SPA NEW SURGERY,E01026121,ALL,6
GP_PRAC_PAT_LIST,01/07/2026,C83635,WOODHALL SPA NEW SURGERY,E01026122,ALL,1
GP_PRAC_PAT_LIST,01/07/2026,C83635,WOODHALL SPA NEW SURGERY,E01026123,ALL,1
GP_PRAC_PAT_LIST,01/07/2026,C83635,WOODHALL SPA NEW SURGERY,E01026136,ALL,1
GP_PRAC_PAT_LIST,01/07/2026,C83635,WOODHALL SPA NEW SURGERY,E01026180,ALL,2
GP_PRAC_PAT_LIST,01/07/2026,C83635,WOODHALL SPA NEW SURGERY,E01026183,ALL,4
GP_PRAC_PAT_LIST,01/07/2026,C83635,WOODHALL SPA NEW SURGERY,E01026185,ALL,4
GP_PRAC_PAT_LIST,01/07/2026,C83635,WOODHALL SPA NEW SURGERY,E01026188,ALL,1
GP_PRAC_PAT_LIST,01/07/2026,C83635,WOODHALL SPA NEW SURGERY,E01026190,ALL,3
GP_PRAC_PAT_LIST,01/07/2026,C83635,WOODHALL SPA NEW SURGERY,E01026191,ALL,46
GP_PRAC_PAT_LIST,01/07/2026,C83635,WOODHALL SPA NEW SURGERY,E01026210,ALL,686
GP_PRAC_PAT_LIST,01/07/2026,C83635,WOODHALL SPA NEW SURGERY,E01026211,ALL,30
GP_PRAC_PAT_LIST,01/07/2026,C83635,WOODHALL SPA NEW SURGERY,E01026212,ALL,9
GP_PRAC_PAT_LIST,01/07/2026,C83635,WOODHALL SPA NEW SURGERY,E01026213,ALL,1
GP_PRAC_PAT_LIST,01/07/2026,C83635,WOODHALL SPA NEW SURGERY,E01026366,ALL,1955
GP_PRAC_PAT_LIST,01/07/2026,C83635,WOODHALL SPA NEW SURGERY,E01026373,ALL,1
GP_PRAC_PAT_LIST,01/07/2026,C83635,WOODHALL SPA NEW SURGERY,E01026405,ALL,1
GP_PRAC_PAT_LIST,01/07/2026,C83635,WOODHALL SPA NEW SURGERY,E01026412,ALL,2
GP_PRAC_PAT_LIST,01/07/2026,C83635,WOODHALL SPA NEW SURGERY,E01028310,ALL,1
GP_PRAC_PAT_LIST,01/07/2026,C83635,WOODHALL SPA NEW SURGERY,E01032993,ALL,1
GP_PRAC_PAT_LIST,01/07/2026,C83635,WOODHALL SPA NEW SURGERY,E01033414,ALL,1
GP_PRAC_PAT_LIST,01/07/2026,C83635,WOODHALL SPA NEW SURGERY,E01034679,ALL,1
GP_PRAC_PAT_LIST,01/07/2026,C83635,WOODHALL SPA NEW SURGERY,E01034689,ALL,1
GP_PRAC_PAT_LIST,01/07/2026,C83635,WOODHALL SPA NEW SURGERY,EMPTY,ALL,4
GP_PRAC_PAT_LIST,01/07/2026,C83641,TRENT VALLEY SURGERY,E01008697,ALL,1
GP_PRAC_PAT_LIST,01/07/2026,C83641,TRENT VALLEY SURGERY,E01026047,ALL,2
GP_PRAC_PAT_LIST,01/07/2026,C83641,TRENT VALLEY SURGERY,E01026126,ALL,1
GP_PRAC_PAT_LIST,01/07/2026,C83641,TRENT VALLEY SURGERY,E01026130,ALL,13
GP_PRAC_PAT_LIST,01/07/2026,C83641,TRENT VALLEY SURGERY,E01026131,ALL,1
GP_PRAC_PAT_LIST,01/07/2026,C83641,TRENT VALLEY SURGERY,E01026132,ALL,1
GP_PRAC_PAT_LIST,01/07/2026,C83641,TRENT VALLEY SURGERY,E01026135,ALL,3
GP_PRAC_PAT_LIST,01/07/2026,C83641,TRENT VALLEY SURGERY,E01026136,ALL,5
GP_PRAC_PAT_LIST,01/07/2026,C83641,TRENT VALLEY SURGERY,E01026137,ALL,1
GP_PRAC_PAT_LIST,01/07/2026,C83641,TRENT VALLEY SURGERY,E01026138,ALL,1
GP_PRAC_PAT_LIST,01/07/2026,C83641,TRENT VALLEY SURGERY,E01026144,ALL,1
GP_PRAC_PAT_LIST,01/07/2026,C83641,TRENT VALLEY SURGERY,E01026147,ALL,14
GP_PRAC_PAT_LIST,01/07/2026,C83641,TRENT VALLEY SURGERY,E01026150,ALL,2
GP_PRAC_PAT_LIST,01/07/2026,C83641,TRENT VALLEY SURGERY,E01026151,ALL,3
GP_PRAC_PAT_LIST,01/07/2026,C83641,TRENT VALLEY SURGERY,E01026154,ALL,1
GP_PRAC_PAT_LIST,01/07/2026,C83641,TRENT VALLEY SURGERY,E01026155,ALL,1
GP_PRAC_PAT_LIST,01/07/2026,C83641,TRENT VALLEY SURGERY,E01026156,ALL,3
GP_PRAC_PAT_LIST,01/07/2026,C83641,TRENT VALLEY SURGERY,E01026158,ALL,2
GP_PRAC_PAT_LIST,01/07/2026,C83641,TRENT VALLEY SURGERY,E01026159,ALL,2
GP_PRAC_PAT_LIST,01/07/2026,C83641,TRENT VALLEY SURGERY,E01026160,ALL,2
GP_PRAC_PAT_LIST,01/07/2026,C83641,TRENT VALLEY SURGERY,E01026162,ALL,1
GP_PRAC_PAT_LIST,01/07/2026,C83641,TRENT VALLEY SURGERY,E01026163,ALL,2
GP_PRAC_PAT_LIST,01/07/2026,C83641,TRENT VALLEY SURGERY,E01026164,ALL,1
GP_PRAC_PAT_LIST,01/07/2026,C83641,TRENT VALLEY SURGERY,E01026167,ALL,4
GP_PRAC_PAT_LIST,01/07/2026,C83641,TRENT VALLEY SURGERY,E01026168,ALL,5
GP_PRAC_PAT_LIST,01/07/2026,C83641,TRENT VALLEY SURGERY,E01026169,ALL,1
GP_PRAC_PAT_LIST,01/07/2026,C83641,TRENT VALLEY SURGERY,E01026170,ALL,1
GP_PRAC_PAT_LIST,01/07/2026,C83641,TRENT VALLEY SURGERY,E01026173,ALL,1
GP_PRAC_PAT_LIST,01/07/2026,C83641,TRENT VALLEY SURGERY,E01026176,ALL,1
GP_PRAC_PAT_LIST,01/07/2026,C83641,TRENT VALLEY SURGERY,E01026178,ALL,2
GP_PRAC_PAT_LIST,01/07/2026,C83641,TRENT VALLEY SURGERY,E01026185,ALL,2
GP_PRAC_PAT_LIST,01/07/2026,C83641,TRENT VALLEY SURGERY,E01026189,ALL,3
GP_PRAC_PAT_LIST,01/07/2026,C83641,TRENT VALLEY SURGERY,E01026190,ALL,1
GP_PRAC_PAT_LIST,01/07/2026,C83641,TRENT VALLEY SURGERY,E01026192,ALL,1
GP_PRAC_PAT_LIST,01/07/2026,C83641,TRENT VALLEY SURGERY,E01026193,ALL,3
GP_PRAC_PAT_LIST,01/07/2026,C83641,TRENT VALLEY SURGERY,E01026199,ALL,73
GP_PRAC_PAT_LIST,01/07/2026,C83641,TRENT VALLEY SURGERY,E01026214,ALL,1
GP_PRAC_PAT_LIST,01/07/2026,C83641,TRENT VALLEY SURGERY,E01026219,ALL,1
GP_PRAC_PAT_LIST,01/07/2026,C83641,TRENT VALLEY SURGERY,E01026220,ALL,2
GP_PRAC_PAT_LIST,01/07/2026,C83641,TRENT VALLEY SURGERY,E01026225,ALL,108
GP_PRAC_PAT_LIST,01/07/2026,C83641,TRENT VALLEY SURGERY,E01026226,ALL,92
GP_PRAC_PAT_LIST,01/07/2026,C83641,TRENT VALLEY SURGERY,E01026372,ALL,1
GP_PRAC_PAT_LIST,01/07/2026,C83641,TRENT VALLEY SURGERY,E01026373,ALL,1
GP_PRAC_PAT_LIST,01/07/2026,C83641,TRENT VALLEY SURGERY,E01026374,ALL,3
GP_PRAC_PAT_LIST,01/07/2026,C83641,TRENT VALLEY SURGERY,E01026375,ALL,2
GP_PRAC_PAT_LIST,01/07/2026,C83641,TRENT VALLEY SURGERY,E01026376,ALL,5
GP_PRAC_PAT_LIST,01/07/2026,C83641,TRENT VALLEY SURGERY,E01026377,ALL,3
GP_PRAC_PAT_LIST,01/07/2026,C83641,TRENT VALLEY SURGERY,E01026378,ALL,5
GP_PRAC_PAT_LIST,01/07/2026,C83641,TRENT VALLEY SURGERY,E01026379,ALL,2
GP_PRAC_PAT_LIST,01/07/2026,C83641,TRENT VALLEY SURGERY,E01026380,ALL,6
GP_PRAC_PAT_LIST,01/07/2026,C83641,TRENT VALLEY SURGERY,E01026381,ALL,1
GP_PRAC_PAT_LIST,01/07/2026,C83641,TRENT VALLEY SURGERY,E01026382,ALL,21
GP_PRAC_PAT_LIST,01/07/2026,C83641,TRENT VALLEY SURGERY,E01026383,ALL,2
GP_PRAC_PAT_LIST,01/07/2026,C83641,TRENT VALLEY SURGERY,E01026384,ALL,1
GP_PRAC_PAT_LIST,01/07/2026,C83641,TRENT VALLEY SURGERY,E01026388,ALL,10
GP_PRAC_PAT_LIST,01/07/2026,C83641,TRENT VALLEY SURGERY,E01026391,ALL,4
GP_PRAC_PAT_LIST,01/07/2026,C83641,TRENT VALLEY SURGERY,E01026392,ALL,3
GP_PRAC_PAT_LIST,01/07/2026,C83641,TRENT VALLEY SURGERY,E01026394,ALL,7
GP_PRAC_PAT_LIST,01/07/2026,C83641,TRENT VALLEY SURGERY,E01026395,ALL,5
GP_PRAC_PAT_LIST,01/07/2026,C83641,TRENT VALLEY SURGERY,E01026396,ALL,400
GP_PRAC_PAT_LIST,01/07/2026,C83641,TRENT VALLEY SURGERY,E01026398,ALL,437
GP_PRAC_PAT_LIST,01/07/2026,C83641,TRENT VALLEY SURGERY,E01026399,ALL,10
GP_PRAC_PAT_LIST,01/07/2026,C83641,TRENT VALLEY SURGERY,E01026400,ALL,38
GP_PRAC_PAT_LIST,01/07/2026,C83641,TRENT VALLEY SURGERY,E01026402,ALL,1
GP_PRAC_PAT_LIST,01/07/2026,C83641,TRENT VALLEY SURGERY,E01026404,ALL,421
GP_PRAC_PAT_LIST,01/07/2026,C83641,TRENT VALLEY SURGERY,E01026405,ALL,2
GP_PRAC_PAT_LIST,01/07/2026,C83641,TRENT VALLEY SURGERY,E01026407,ALL,1
GP_PRAC_PAT_LIST,01/07/2026,C83641,TRENT VALLEY SURGERY,E01026408,ALL,2
GP_PRAC_PAT_LIST,01/07/2026,C83641,TRENT VALLEY SURGERY,E01026409,ALL,578
GP_PRAC_PAT_LIST,01/07/2026,C83641,TRENT VALLEY SURGERY,E01026410,ALL,653
GP_PRAC_PAT_LIST,01/07/2026,C83641,TRENT VALLEY SURGERY,E01026412,ALL,5
GP_PRAC_PAT_LIST,01/07/2026,C83641,TRENT VALLEY SURGERY,E01026413,ALL,3
GP_PRAC_PAT_LIST,01/07/2026,C83641,TRENT VALLEY SURGERY,E01026414,ALL,1
GP_PRAC_PAT_LIST,01/07/2026,C83641,TRENT VALLEY SURGERY,E01027999,ALL,2
GP_PRAC_PAT_LIST,01/07/2026,C83641,TRENT VALLEY SURGERY,E01028005,ALL,1
GP_PRAC_PAT_LIST,01/07/2026,C83641,TRENT VALLEY SURGERY,E01028006,ALL,1
GP_PRAC_PAT_LIST,01/07/2026,C83641,TRENT VALLEY SURGERY,E01028009,ALL,1
GP_PRAC_PAT_LIST,01/07/2026,C83641,TRENT VALLEY SURGERY,E01028033,ALL,4
GP_PRAC_PAT_LIST,01/07/2026,C83641,TRENT VALLEY SURGERY,E01028035,ALL,1
GP_PRAC_PAT_LIST,01/07/2026,C83641,TRENT VALLEY SURGERY,E01028039,ALL,5
GP_PRAC_PAT_LIST,01/07/2026,C83641,TRENT VALLEY SURGERY,E01028148,ALL,1
GP_PRAC_PAT_LIST,01/07/2026,C83641,TRENT VALLEY SURGERY,E01028291,ALL,1
GP_PRAC_PAT_LIST,01/07/2026,C83641,TRENT VALLEY SURGERY,E01028293,ALL,1
GP_PRAC_PAT_LIST,01/07/2026,C83641,TRENT VALLEY SURGERY,E01028303,ALL,1
GP_PRAC_PAT_LIST,01/07/2026,C83641,TRENT VALLEY SURGERY,E01028310,ALL,1
GP_PRAC_PAT_LIST,01/07/2026,C83641,TRENT VALLEY SURGERY,E01028315,ALL,1
GP_PRAC_PAT_LIST,01/07/2026,C83641,TRENT VALLEY SURGERY,E01028317,ALL,182
GP_PRAC_PAT_LIST,01/07/2026,C83641,TRENT VALLEY SURGERY,E01028319,ALL,1
GP_PRAC_PAT_LIST,01/07/2026,C83641,TRENT VALLEY SURGERY,E01028333,ALL,1
GP_PRAC_PAT_LIST,01/07/2026,C83641,TRENT VALLEY SURGERY,E01032988,ALL,2
GP_PRAC_PAT_LIST,01/07/2026,C83641,TRENT VALLEY SURGERY,E01032989,ALL,2
GP_PRAC_PAT_LIST,01/07/2026,C83641,TRENT VALLEY SURGERY,E01032991,ALL,2
GP_PRAC_PAT_LIST,01/07/2026,C83641,TRENT VALLEY SURGERY,E01032992,ALL,3
GP_PRAC_PAT_LIST,01/07/2026,C83641,TRENT VALLEY SURGERY,E01032993,ALL,5
GP_PRAC_PAT_LIST,01/07/2026,C83641,TRENT VALLEY SURGERY,E01032994,ALL,2
GP_PRAC_PAT_LIST,01/07/2026,C83641,TRENT VALLEY SURGERY,E01034687,ALL,2
GP_PRAC_PAT_LIST,01/07/2026,C83641,TRENT VALLEY SURGERY,E01034688,ALL,1
GP_PRAC_PAT_LIST,01/07/2026,C83641,TRENT VALLEY SURGERY,E01034691,ALL,1
GP_PRAC_PAT_LIST,01/07/2026,C83641,TRENT VALLEY SURGERY,E01034693,ALL,7
GP_PRAC_PAT_LIST,01/07/2026,C83641,TRENT VALLEY SURGERY,E01034694,ALL,2
GP_PRAC_PAT_LIST,01/07/2026,C83641,TRENT VALLEY SURGERY,E01034706,ALL,534
GP_PRAC_PAT_LIST,01/07/2026,C83641,TRENT VALLEY SURGERY,E01034707,ALL,238
GP_PRAC_PAT_LIST,01/07/2026,C83641,TRENT VALLEY SURGERY,EMPTY,ALL,2
GP_PRAC_PAT_LIST,01/07/2026,C83641,TRENT VALLEY SURGERY,S01020376,ALL,1
GP_PRAC_PAT_LIST,01/07/2026,C83643,BINBROOK SURGERY,E01001687,ALL,1
GP_PRAC_PAT_LIST,01/07/2026,C83643,BINBROOK SURGERY,E01008407,ALL,1
GP_PRAC_PAT_LIST,01/07/2026,C83643,BINBROOK SURGERY,E01012848,ALL,1
GP_PRAC_PAT_LIST,01/07/2026,C83643,BINBROOK SURGERY,E01013225,ALL,96
GP_PRAC_PAT_LIST,01/07/2026,C83643,BINBROOK SURGERY,E01013315,ALL,1
GP_PRAC_PAT_LIST,01/07/2026,C83643,BINBROOK SURGERY,E01013325,ALL,1
GP_PRAC_PAT_LIST,01/07/2026,C83643,BINBROOK SURGERY,E01026045,ALL,807
GP_PRAC_PAT_LIST,01/07/2026,C83643,BINBROOK SURGERY,E01026070,ALL,17
GP_PRAC_PAT_LIST,01/07/2026,C83643,BINBROOK SURGERY,E01026071,ALL,182
GP_PRAC_PAT_LIST,01/07/2026,C83643,BINBROOK SURGERY,E01026080,ALL,10
GP_PRAC_PAT_LIST,01/07/2026,C83643,BINBROOK SURGERY,E01026089,ALL,1
GP_PRAC_PAT_LIST,01/07/2026,C83643,BINBROOK SURGERY,E01026090,ALL,1
GP_PRAC_PAT_LIST,01/07/2026,C83643,BINBROOK SURGERY,E01026091,ALL,2
GP_PRAC_PAT_LIST,01/07/2026,C83643,BINBROOK SURGERY,E01026367,ALL,10
GP_PRAC_PAT_LIST,01/07/2026,C83643,BINBROOK SURGERY,E01026368,ALL,1
GP_PRAC_PAT_LIST,01/07/2026,C83643,BINBROOK SURGERY,E01026381,ALL,1
GP_PRAC_PAT_LIST,01/07/2026,C83643,BINBROOK SURGERY,E01026388,ALL,1
GP_PRAC_PAT_LIST,01/07/2026,C83643,BINBROOK SURGERY,E01026389,ALL,18
GP_PRAC_PAT_LIST,01/07/2026,C83643,BINBROOK SURGERY,E01026390,ALL,13
GP_PRAC_PAT_LIST,01/07/2026,C83643,BINBROOK SURGERY,E01026391,ALL,146
GP_PRAC_PAT_LIST,01/07/2026,C83643,BINBROOK SURGERY,E01026392,ALL,24
GP_PRAC_PAT_LIST,01/07/2026,C83643,BINBROOK SURGERY,E01026414,ALL,3
GP_PRAC_PAT_LIST,01/07/2026,C83643,BINBROOK SURGERY,E01026415,ALL,991
GP_PRAC_PAT_LIST,01/07/2026,C83643,BINBROOK SURGERY,E01026416,ALL,37
GP_PRAC_PAT_LIST,01/07/2026,C83643,BINBROOK SURGERY,E01032986,ALL,1
GP_PRAC_PAT_LIST,01/07/2026,C83643,BINBROOK SURGERY,E01033386,ALL,1
GP_PRAC_PAT_LIST,01/07/2026,C83643,BINBROOK SURGERY,E01035476,ALL,1
GP_PRAC_PAT_LIST,01/07/2026,C83643,BINBROOK SURGERY,EMPTY,ALL,1
GP_PRAC_PAT_LIST,01/07/2026,C83649,MARKET CROSS SURGERY,CLOSED,ALL,1
GP_PRAC_PAT_LIST,01/07/2026,C83649,MARKET CROSS SURGERY,E01000959,ALL,1
GP_PRAC_PAT_LIST,01/07/2026,C83649,MARKET CROSS SURGERY,E01013238,ALL,1
GP_PRAC_PAT_LIST,01/07/2026,C83649,MARKET CROSS SURGERY,E01013788,ALL,2
GP_PRAC_PAT_LIST,01/07/2026,C83649,MARKET CROSS SURGERY,E01013790,ALL,36
GP_PRAC_PAT_LIST,01/07/2026,C83649,MARKET CROSS SURGERY,E01015590,ALL,2
GP_PRAC_PAT_LIST,01/07/2026,C83649,MARKET CROSS SURGERY,E01025891,ALL,1
GP_PRAC_PAT_LIST,01/07/2026,C83649,MARKET CROSS SURGERY,E01025911,ALL,1
GP_PRAC_PAT_LIST,01/07/2026,C83649,MARKET CROSS SURGERY,E01025912,ALL,41
GP_PRAC_PAT_LIST,01/07/2026,C83649,MARKET CROSS SURGERY,E01026075,ALL,1
GP_PRAC_PAT_LIST,01/07/2026,C83649,MARKET CROSS SURGERY,E01026125,ALL,1
GP_PRAC_PAT_LIST,01/07/2026,C83649,MARKET CROSS SURGERY,E01026221,ALL,7
GP_PRAC_PAT_LIST,01/07/2026,C83649,MARKET CROSS SURGERY,E01026289,ALL,2
GP_PRAC_PAT_LIST,01/07/2026,C83649,MARKET CROSS SURGERY,E01026290,ALL,46
GP_PRAC_PAT_LIST,01/07/2026,C83649,MARKET CROSS SURGERY,E01026291,ALL,25
GP_PRAC_PAT_LIST,01/07/2026,C83649,MARKET CROSS SURGERY,E01026292,ALL,4
GP_PRAC_PAT_LIST,01/07/2026,C83649,MARKET CROSS SURGERY,E01026293,ALL,41
GP_PRAC_PAT_LIST,01/07/2026,C83649,MARKET CROSS SURGERY,E01026294,ALL,11
GP_PRAC_PAT_LIST,01/07/2026,C83649,MARKET CROSS SURGERY,E01026296,ALL,11
GP_PRAC_PAT_LIST,01/07/2026,C83649,MARKET CROSS SURGERY,E01026297,ALL,12
GP_PRAC_PAT_LIST,01/07/2026,C83649,MARKET CROSS SURGERY,E01026298,ALL,9
GP_PRAC_PAT_LIST,01/07/2026,C83649,MARKET CROSS SURGERY,E01026299,ALL,10
GP_PRAC_PAT_LIST,01/07/2026,C83649,MARKET CROSS SURGERY,E01026300,ALL,10
GP_PRAC_PAT_LIST,01/07/2026,C83649,MARKET CROSS SURGERY,E01026302,ALL,10
GP_PRAC_PAT_LIST,01/07/2026,C83649,MARKET CROSS SURGERY,E01026308,ALL,1
GP_PRAC_PAT_LIST,01/07/2026,C83649,MARKET CROSS SURGERY,E01026309,ALL,13
GP_PRAC_PAT_LIST,01/07/2026,C83649,MARKET CROSS SURGERY,E01026310,ALL,1
GP_PRAC_PAT_LIST,01/07/2026,C83649,MARKET CROSS SURGERY,E01026311,ALL,3
GP_PRAC_PAT_LIST,01/07/2026,C83649,MARKET CROSS SURGERY,E01026313,ALL,1
GP_PRAC_PAT_LIST,01/07/2026,C83649,MARKET CROSS SURGERY,E01026315,ALL,92
GP_PRAC_PAT_LIST,01/07/2026,C83649,MARKET CROSS SURGERY,E01026316,ALL,2048
GP_PRAC_PAT_LIST,01/07/2026,C83649,MARKET CROSS SURGERY,E01026317,ALL,13
GP_PRAC_PAT_LIST,01/07/2026,C83649,MARKET CROSS SURGERY,E01026318,ALL,9
GP_PRAC_PAT_LIST,01/07/2026,C83649,MARKET CROSS SURGERY,E01026319,ALL,26
GP_PRAC_PAT_LIST,01/07/2026,C83649,MARKET CROSS SURGERY,E01026321,ALL,7
GP_PRAC_PAT_LIST,01/07/2026,C83649,MARKET CROSS SURGERY,E01026322,ALL,8
GP_PRAC_PAT_LIST,01/07/2026,C83649,MARKET CROSS SURGERY,E01026323,ALL,7
GP_PRAC_PAT_LIST,01/07/2026,C83649,MARKET CROSS SURGERY,E01026324,ALL,15
GP_PRAC_PAT_LIST,01/07/2026,C83649,MARKET CROSS SURGERY,E01026325,ALL,10
GP_PRAC_PAT_LIST,01/07/2026,C83649,MARKET CROSS SURGERY,E01026326,ALL,4
GP_PRAC_PAT_LIST,01/07/2026,C83649,MARKET CROSS SURGERY,E01026327,ALL,3
GP_PRAC_PAT_LIST,01/07/2026,C83649,MARKET CROSS SURGERY,E01026328,ALL,13
GP_PRAC_PAT_LIST,01/07/2026,C83649,MARKET CROSS SURGERY,E01026330,ALL,210
GP_PRAC_PAT_LIST,01/07/2026,C83649,MARKET CROSS SURGERY,E01026331,ALL,799
GP_PRAC_PAT_LIST,01/07/2026,C83649,MARKET CROSS SURGERY,E01026332,ALL,750
GP_PRAC_PAT_LIST,01/07/2026,C83649,MARKET CROSS SURGERY,E01026338,ALL,272
GP_PRAC_PAT_LIST,01/07/2026,C83649,MARKET CROSS SURGERY,E01026339,ALL,169
GP_PRAC_PAT_LIST,01/07/2026,C83649,MARKET CROSS SURGERY,E01026340,ALL,8
GP_PRAC_PAT_LIST,01/07/2026,C83649,MARKET CROSS SURGERY,E01026341,ALL,30
GP_PRAC_PAT_LIST,01/07/2026,C83649,MARKET CROSS SURGERY,E01026342,ALL,42
GP_PRAC_PAT_LIST,01/07/2026,C83649,MARKET CROSS SURGERY,E01026343,ALL,8
GP_PRAC_PAT_LIST,01/07/2026,C83649,MARKET CROSS SURGERY,E01026344,ALL,19
GP_PRAC_PAT_LIST,01/07/2026,C83649,MARKET CROSS SURGERY,E01026345,ALL,14
GP_PRAC_PAT_LIST,01/07/2026,C83649,MARKET CROSS SURGERY,E01026346,ALL,1
GP_PRAC_PAT_LIST,01/07/2026,C83649,MARKET CROSS SURGERY,E01026351,ALL,1
GP_PRAC_PAT_LIST,01/07/2026,C83649,MARKET CROSS SURGERY,E01026352,ALL,1
GP_PRAC_PAT_LIST,01/07/2026,C83649,MARKET CROSS SURGERY,E01026353,ALL,15
GP_PRAC_PAT_LIST,01/07/2026,C83649,MARKET CROSS SURGERY,E01026354,ALL,4
GP_PRAC_PAT_LIST,01/07/2026,C83649,MARKET CROSS SURGERY,E01026360,ALL,21
GP_PRAC_PAT_LIST,01/07/2026,C83649,MARKET CROSS SURGERY,E01026361,ALL,14
GP_PRAC_PAT_LIST,01/07/2026,C83649,MARKET CROSS SURGERY,E01026365,ALL,1
GP_PRAC_PAT_LIST,01/07/2026,C83649,MARKET CROSS SURGERY,E01032997,ALL,15
GP_PRAC_PAT_LIST,01/07/2026,C83649,MARKET CROSS SURGERY,E01032998,ALL,39
GP_PRAC_PAT_LIST,01/07/2026,C83649,MARKET CROSS SURGERY,E01032999,ALL,9
GP_PRAC_PAT_LIST,01/07/2026,C83649,MARKET CROSS SURGERY,E01034687,ALL,1
GP_PRAC_PAT_LIST,01/07/2026,C83649,MARKET CROSS SURGERY,E01034696,ALL,1
GP_PRAC_PAT_LIST,01/07/2026,C83649,MARKET CROSS SURGERY,E01034701,ALL,26
GP_PRAC_PAT_LIST,01/07/2026,C83649,MARKET CROSS SURGERY,E01034702,ALL,18
GP_PRAC_PAT_LIST,01/07/2026,C83649,MARKET CROSS SURGERY,E01034703,ALL,21
GP_PRAC_PAT_LIST,01/07/2026,C83649,MARKET CROSS SURGERY,E01034704,ALL,24
GP_PRAC_PAT_LIST,01/07/2026,C83649,MARKET CROSS SURGERY,E01034705,ALL,11
GP_PRAC_PAT_LIST,01/07/2026,C83649,MARKET CROSS SURGERY,E01035105,ALL,1
GP_PRAC_PAT_LIST,01/07/2026,C83649,MARKET CROSS SURGERY,EMPTY,ALL,1
GP_PRAC_PAT_LIST,01/07/2026,C83650,THE WRAGBY SURGERY,CLOSED,ALL,1
GP_PRAC_PAT_LIST,01/07/2026,C83650,THE WRAGBY SURGERY,E01013187,ALL,1
GP_PRAC_PAT_LIST,01/07/2026,C83650,THE WRAGBY SURGERY,E01015661,ALL,1
GP_PRAC_PAT_LIST,01/07/2026,C83650,THE WRAGBY SURGERY,E01026045,ALL,2
GP_PRAC_PAT_LIST,01/07/2026,C83650,THE WRAGBY SURGERY,E01026060,ALL,1
GP_PRAC_PAT_LIST,01/07/2026,C83650,THE WRAGBY SURGERY,E01026063,ALL,1
GP_PRAC_PAT_LIST,01/07/2026,C83650,THE WRAGBY SURGERY,E01026066,ALL,5
GP_PRAC_PAT_LIST,01/07/2026,C83650,THE WRAGBY SURGERY,E01026067,ALL,1
GP_PRAC_PAT_LIST,01/07/2026,C83650,THE WRAGBY SURGERY,E01026071,ALL,356
GP_PRAC_PAT_LIST,01/07/2026,C83650,THE WRAGBY SURGERY,E01026082,ALL,177
GP_PRAC_PAT_LIST,01/07/2026,C83650,THE WRAGBY SURGERY,E01026105,ALL,25
GP_PRAC_PAT_LIST,01/07/2026,C83650,THE WRAGBY SURGERY,E01026121,ALL,2681
GP_PRAC_PAT_LIST,01/07/2026,C83650,THE WRAGBY SURGERY,E01026191,ALL,5
GP_PRAC_PAT_LIST,01/07/2026,C83650,THE WRAGBY SURGERY,E01026230,ALL,2
GP_PRAC_PAT_LIST,01/07/2026,C83650,THE WRAGBY SURGERY,E01026366,ALL,368
GP_PRAC_PAT_LIST,01/07/2026,C83650,THE WRAGBY SURGERY,E01026372,ALL,68
GP_PRAC_PAT_LIST,01/07/2026,C83650,THE WRAGBY SURGERY,E01026373,ALL,356
GP_PRAC_PAT_LIST,01/07/2026,C83650,THE WRAGBY SURGERY,E01026387,ALL,1
GP_PRAC_PAT_LIST,01/07/2026,C83650,THE WRAGBY SURGERY,E01026389,ALL,8
GP_PRAC_PAT_LIST,01/07/2026,C83650,THE WRAGBY SURGERY,E01026390,ALL,27
GP_PRAC_PAT_LIST,01/07/2026,C83650,THE WRAGBY SURGERY,E01026391,ALL,95
GP_PRAC_PAT_LIST,01/07/2026,C83650,THE WRAGBY SURGERY,E01026392,ALL,2
GP_PRAC_PAT_LIST,01/07/2026,C83650,THE WRAGBY SURGERY,E01026405,ALL,5
GP_PRAC_PAT_LIST,01/07/2026,C83650,THE WRAGBY SURGERY,E01026406,ALL,13
GP_PRAC_PAT_LIST,01/07/2026,C83650,THE WRAGBY SURGERY,E01026411,ALL,2
GP_PRAC_PAT_LIST,01/07/2026,C83650,THE WRAGBY SURGERY,E01026414,ALL,5
GP_PRAC_PAT_LIST,01/07/2026,C83650,THE WRAGBY SURGERY,E01034689,ALL,2
GP_PRAC_PAT_LIST,01/07/2026,C83650,THE WRAGBY SURGERY,EMPTY,ALL,2
