PUBLICATION,EXTRACT_DATE,PRACTICE_CODE,PRACTICE_NAME,LSOA_CODE,SEX,NUMBER_OF_PATIENTS
GP_PRAC_PAT_LIST,01/07/2026,C82076,THE WELBY PRACTICE,E01004716,FEMALE,1
GP_PRAC_PAT_LIST,01/07/2026,C82076,THE WELBY PRACTICE,E01013937,FEMALE,1
GP_PRAC_PAT_LIST,01/07/2026,C82076,THE WELBY PRACTICE,E01013941,FEMALE,1
GP_PRAC_PAT_LIST,01/07/2026,C82076,THE WELBY PRACTICE,E01020295,FEMALE,1
GP_PRAC_PAT_LIST,01/07/2026,C82076,THE WELBY PRACTICE,E01025884,FEMALE,1
GP_PRAC_PAT_LIST,01/07/2026,C82076,THE WELBY PRACTICE,E01025885,FEMALE,741
GP_PRAC_PAT_LIST,01/07/2026,C82076,THE WELBY PRACTICE,E01025886,FEMALE,655
GP_PRAC_PAT_LIST,01/07/2026,C82076,THE WELBY PRACTICE,E01025887,FEMALE,143
GP_PRAC_PAT_LIST,01/07/2026,C82076,THE WELBY PRACTICE,E01025890,FEMALE,15
GP_PRAC_PAT_LIST,01/07/2026,C82076,THE WELBY PRACTICE,E01025891,FEMALE,13
GP_PRAC_PAT_LIST,01/07/2026,C82076,THE WELBY PRACTICE,E01025892,FEMALE,236
GP_PRAC_PAT_LIST,01/07/2026,C82076,THE WELBY PRACTICE,E01025893,FEMALE,1
GP_PRAC_PAT_LIST,01/07/2026,C82076,THE WELBY PRACTICE,E01025894,FEMALE,1
GP_PRAC_PAT_LIST,01/07/2026,C82076,THE WELBY PRACTICE,E01025895,FEMALE,3
GP_PRAC_PAT_LIST,01/07/2026,C82076,THE WELBY PRACTICE,E01025896,FEMALE,6
GP_PRAC_PAT_LIST,01/07/2026,C82076,THE WELBY PRACTICE,E01025898,FEMALE,3
GP_PRAC_PAT_LIST,01/07/2026,C82076,THE WELBY PRACTICE,E01025899,FEMALE,2
GP_PRAC_PAT_LIST,01/07/2026,C82076,THE WELBY PRACTICE,E01025901,FEMALE,6
GP_PRAC_PAT_LIST,01/07/2026,C82076,THE WELBY PRACTICE,E01025902,FEMALE,12
GP_PRAC_PAT_LIST,01/07/2026,C82076,THE WELBY PRACTICE,E01025903,FEMALE,1
GP_PRAC_PAT_LIST,01/07/2026,C82076,THE WELBY PRACTICE,E01025904,FEMALE,5
GP_PRAC_PAT_LIST,01/07/2026,C82076,THE WELBY PRACTICE,E01025905,FEMALE,1
GP_PRAC_PAT_LIST,01/07/2026,C82076,THE WELBY PRACTICE,E01025906,FEMALE,2
GP_PRAC_PAT_LIST,01/07/2026,C82076,THE WELBY PRACTICE,E01025907,FEMALE,4
GP_PRAC_PAT_LIST,01/07/2026,C82076,THE WELBY PRACTICE,E01025908,FEMALE,2
GP_PRAC_PAT_LIST,01/07/2026,C82076,THE WELBY PRACTICE,E01025910,FEMALE,1
GP_PRAC_PAT_LIST,01/07/2026,C82076,THE WELBY PRACTICE,E01025911,FEMALE,259
GP_PRAC_PAT_LIST,01/07/2026,C82076,THE WELBY PRACTICE,E01025912,FEMALE,65
GP_PRAC_PAT_LIST,01/07/2026,C82076,THE WELBY PRACTICE,E01026221,FEMALE,1
GP_PRAC_PAT_LIST,01/07/2026,C82076,THE WELBY PRACTICE,E01026231,FEMALE,1
GP_PRAC_PAT_LIST,01/07/2026,C82076,THE WELBY PRACTICE,E01026248,FEMALE,1
GP_PRAC_PAT_LIST,01/07/2026,C82076,THE WELBY PRACTICE,E01026291,FEMALE,204
GP_PRAC_PAT_LIST,01/07/2026,C82076,THE WELBY PRACTICE,E01026292,FEMALE,2
GP_PRAC_PAT_LIST,01/07/2026,C82076,THE WELBY PRACTICE,E01026293,FEMALE,3
GP_PRAC_PAT_LIST,01/07/2026,C82076,THE WELBY PRACTICE,E01026294,FEMALE,2
GP_PRAC_PAT_LIST,01/07/2026,C82076,THE WELBY PRACTICE,E01026308,FEMALE,3
GP_PRAC_PAT_LIST,01/07/2026,C82076,THE WELBY PRACTICE,E01026309,FEMALE,4
GP_PRAC_PAT_LIST,01/07/2026,C82076,THE WELBY PRACTICE,E01026310,FEMALE,3
GP_PRAC_PAT_LIST,01/07/2026,C82076,THE WELBY PRACTICE,E01026312,FEMALE,1
GP_PRAC_PAT_LIST,01/07/2026,C82076,THE WELBY PRACTICE,E01026313,FEMALE,1
GP_PRAC_PAT_LIST,01/07/2026,C82076,THE WELBY PRACTICE,E01026315,FEMALE,398
GP_PRAC_PAT_LIST,01/07/2026,C82076,THE WELBY PRACTICE,E01026317,FEMALE,7
GP_PRAC_PAT_LIST,01/07/2026,C82076,THE WELBY PRACTICE,E01026318,FEMALE,1
GP_PRAC_PAT_LIST,01/07/2026,C82076,THE WELBY PRACTICE,E01026319,FEMALE,51
GP_PRAC_PAT_LIST,01/07/2026,C82076,THE WELBY PRACTICE,E01026321,FEMALE,17
GP_PRAC_PAT_LIST,01/07/2026,C82076,THE WELBY PRACTICE,E01026322,FEMALE,6
GP_PRAC_PAT_LIST,01/07/2026,C82076,THE WELBY PRACTICE,E01026323,FEMALE,4
GP_PRAC_PAT_LIST,01/07/2026,C82076,THE WELBY PRACTICE,E01026324,FEMALE,10
GP_PRAC_PAT_LIST,01/07/2026,C82076,THE WELBY PRACTICE,E01026327,FEMALE,1
GP_PRAC_PAT_LIST,01/07/2026,C82076,THE WELBY PRACTICE,E01026328,FEMALE,1
GP_PRAC_PAT_LIST,01/07/2026,C82076,THE WELBY PRACTICE,E01026331,FEMALE,38
GP_PRAC_PAT_LIST,01/07/2026,C82076,THE WELBY PRACTICE,E01026332,FEMALE,2
GP_PRAC_PAT_LIST,01/07/2026,C82076,THE WELBY PRACTICE,E01026333,FEMALE,2
GP_PRAC_PAT_LIST,01/07/2026,C82076,THE WELBY PRACTICE,E01026338,FEMALE,1
GP_PRAC_PAT_LIST,01/07/2026,C82076,THE WELBY PRACTICE,E01026340,FEMALE,20
GP_PRAC_PAT_LIST,01/07/2026,C82076,THE WELBY PRACTICE,E01026343,FEMALE,3
GP_PRAC_PAT_LIST,01/07/2026,C82076,THE WELBY PRACTICE,E01026344,FEMALE,5
GP_PRAC_PAT_LIST,01/07/2026,C82076,THE WELBY PRACTICE,E01026345,FEMALE,3
GP_PRAC_PAT_LIST,01/07/2026,C82076,THE WELBY PRACTICE,E01026352,FEMALE,3
GP_PRAC_PAT_LIST,01/07/2026,C82076,THE WELBY PRACTICE,E01026353,FEMALE,1
GP_PRAC_PAT_LIST,01/07/2026,C82076,THE WELBY PRACTICE,E01026354,FEMALE,2
GP_PRAC_PAT_LIST,01/07/2026,C82076,THE WELBY PRACTICE,E01026355,FEMALE,17
GP_PRAC_PAT_LIST,01/07/2026,C82076,THE WELBY PRACTICE,E01026365,FEMALE,136
GP_PRAC_PAT_LIST,01/07/2026,C82076,THE WELBY PRACTICE,E01026367,FEMALE,1
GP_PRAC_PAT_LIST,01/07/2026,C82076,THE WELBY PRACTICE,E01028185,FEMALE,1
GP_PRAC_PAT_LIST,01/07/2026,C82076,THE WELBY PRACTICE,E01028304,FEMALE,1
GP_PRAC_PAT_LIST,01/07/2026,C82076,THE WELBY PRACTICE,E01028325,FEMALE,29
GP_PRAC_PAT_LIST,01/07/2026,C82076,THE WELBY PRACTICE,E01028357,FEMALE,2
GP_PRAC_PAT_LIST,01/07/2026,C82076,THE WELBY PRACTICE,E01028359,FEMALE,1
GP_PRAC_PAT_LIST,01/07/2026,C82076,THE WELBY PRACTICE,E01028360,FEMALE,4
GP_PRAC_PAT_LIST,01/07/2026,C82076,THE WELBY PRACTICE,E01028361,FEMALE,1
GP_PRAC_PAT_LIST,01/07/2026,C82076,THE WELBY PRACTICE,E01028371,FEMALE,50
GP_PRAC_PAT_LIST,01/07/2026,C82076,THE WELBY PRACTICE,E01028380,FEMALE,1
GP_PRAC_PAT_LIST,01/07/2026,C82076,THE WELBY PRACTICE,E01028403,FEMALE,1
GP_PRAC_PAT_LIST,01/07/2026,C82076,THE WELBY PRACTICE,E01028410,FEMALE,2
GP_PRAC_PAT_LIST,01/07/2026,C82076,THE WELBY PRACTICE,E01028411,FEMALE,108
GP_PRAC_PAT_LIST,01/07/2026,C82076,THE WELBY PRACTICE,E01028415,FEMALE,2
GP_PRAC_PAT_LIST,01/07/2026,C82076,THE WELBY PRACTICE,E01028420,FEMALE,15
GP_PRAC_PAT_LIST,01/07/2026,C82076,THE WELBY PRACTICE,E01031897,FEMALE,1
GP_PRAC_PAT_LIST,01/07/2026,C82076,THE WELBY PRACTICE,E01032038,FEMALE,1
GP_PRAC_PAT_LIST,01/07/2026,C82076,THE WELBY PRACTICE,E01033394,FEMALE,1
GP_PRAC_PAT_LIST,01/07/2026,C82076,THE WELBY PRACTICE,E01034701,FEMALE,7
GP_PRAC_PAT_LIST,01/07/2026,C82076,THE WELBY PRACTICE,E01034702,FEMALE,13
GP_PRAC_PAT_LIST,01/07/2026,C82076,THE WELBY PRACTICE,E01035264,FEMALE,1
GP_PRAC_PAT_LIST,01/07/2026,C82076,THE WELBY PRACTICE,EMPTY,FEMALE,4
GP_PRAC_PAT_LIST,01/07/2026,C83001,HEART OF LINCOLN HEALTH GROUP,CLOSED,FEMALE,31
GP_PRAC_PAT_LIST,01/07/2026,C83001,HEART OF LINCOLN HEALTH GROUP,E01000405,FEMALE,1
GP_PRAC_PAT_LIST,01/07/2026,C83001,HEART OF LINCOLN HEALTH GROUP,E01000644,FEMALE,1
GP_PRAC_PAT_LIST,01/07/2026,C83001,HEART OF LINCOLN HEALTH GROUP,E01000815,FEMALE,1
GP_PRAC_PAT_LIST,01/07/2026,C83001,HEART OF LINCOLN HEALTH GROUP,E01001513,FEMALE,1
GP_PRAC_PAT_LIST,01/07/2026,C83001,HEART OF LINCOLN HEALTH GROUP,E01002386,FEMALE,1
GP_PRAC_PAT_LIST,01/07/2026,C83001,HEART OF LINCOLN HEALTH GROUP,E01002744,FEMALE,1
GP_PRAC_PAT_LIST,01/07/2026,C83001,HEART OF LINCOLN HEALTH GROUP,E01002912,FEMALE,1
GP_PRAC_PAT_LIST,01/07/2026,C83001,HEART OF LINCOLN HEALTH GROUP,E01003353,FEMALE,1
GP_PRAC_PAT_LIST,01/07/2026,C83001,HEART OF LINCOLN HEALTH GROUP,E01004345,FEMALE,1
GP_PRAC_PAT_LIST,01/07/2026,C83001,HEART OF LINCOLN HEALTH GROUP,E01005182,FEMALE,1
GP_PRAC_PAT_LIST,01/07/2026,C83001,HEART OF LINCOLN HEALTH GROUP,E01007329,FEMALE,1
GP_PRAC_PAT_LIST,01/07/2026,C83001,HEART OF LINCOLN HEALTH GROUP,E01007385,FEMALE,1
GP_PRAC_PAT_LIST,01/07/2026,C83001,HEART OF LINCOLN HEALTH GROUP,E01007388,FEMALE,1
GP_PRAC_PAT_LIST,01/07/2026,C83001,HEART OF LINCOLN HEALTH GROUP,E01007409,FEMALE,1
GP_PRAC_PAT_LIST,01/07/2026,C83001,HEART OF LINCOLN HEALTH GROUP,E01007410,FEMALE,1
GP_PRAC_PAT_LIST,01/07/2026,C83001,HEART OF LINCOLN HEALTH GROUP,E01007456,FEMALE,1
GP_PRAC_PAT_LIST,01/07/2026,C83001,HEART OF LINCOLN HEALTH GROUP,E01007537,FEMALE,1
GP_PRAC_PAT_LIST,01/07/2026,C83001,HEART OF LINCOLN HEALTH GROUP,E01007593,FEMALE,1
GP_PRAC_PAT_LIST,01/07/2026,C83001,HEART OF LINCOLN HEALTH GROUP,E01007753,FEMALE,1
GP_PRAC_PAT_LIST,01/07/2026,C83001,HEART OF LINCOLN HEALTH GROUP,E01007878,FEMALE,1
GP_PRAC_PAT_LIST,01/07/2026,C83001,HEART OF LINCOLN HEALTH GROUP,E01007879,FEMALE,1
GP_PRAC_PAT_LIST,01/07/2026,C83001,HEART OF LINCOLN HEALTH GROUP,E01008044,FEMALE,1
GP_PRAC_PAT_LIST,01/07/2026,C83001,HEART OF LINCOLN HEALTH GROUP,E01008507,FEMALE,1
GP_PRAC_PAT_LIST,01/07/2026,C83001,HEART OF LINCOLN HEALTH GROUP,E01008570,FEMALE,1
GP_PRAC_PAT_LIST,01/07/2026,C83001,HEART OF LINCOLN HEALTH GROUP,E01009146,FEMALE,1
GP_PRAC_PAT_LIST,01/07/2026,C83001,HEART OF LINCOLN HEALTH GROUP,E01009416,FEMALE,1
GP_PRAC_PAT_LIST,01/07/2026,C83001,HEART OF LINCOLN HEALTH GROUP,E01009467,FEMALE,1
GP_PRAC_PAT_LIST,01/07/2026,C83001,HEART OF LINCOLN HEALTH GROUP,E01009531,FEMALE,1
GP_PRAC_PAT_LIST,01/07/2026,C83001,HEART OF LINCOLN HEALTH GROUP,E01009649,FEMALE,1
GP_PRAC_PAT_LIST,01/07/2026,C83001,HEART OF LINCOLN HEALTH GROUP,E01009682,FEMALE,1
GP_PRAC_PAT_LIST,01/07/2026,C83001,HEART OF LINCOLN HEALTH GROUP,E01009943,FEMALE,1
GP_PRAC_PAT_LIST,01/07/2026,C83001,HEART OF LINCOLN HEALTH GROUP,E01010022,FEMALE,1
GP_PRAC_PAT_LIST,01/07/2026,C83001,HEART OF LINCOLN HEALTH GROUP,E01010048,FEMALE,1
GP_PRAC_PAT_LIST,01/07/2026,C83001,HEART OF LINCOLN HEALTH GROUP,E01010213,FEMALE,1
GP_PRAC_PAT_LIST,01/07/2026,C83001,HEART OF LINCOLN HEALTH GROUP,E01010653,FEMALE,1
GP_PRAC_PAT_LIST,01/07/2026,C83001,HEART OF LINCOLN HEALTH GROUP,E01011177,FEMALE,1
GP_PRAC_PAT_LIST,01/07/2026,C83001,HEART OF LINCOLN HEALTH GROUP,E01011787,FEMALE,1
GP_PRAC_PAT_LIST,01/07/2026,C83001,HEART OF LINCOLN HEALTH GROUP,E01011819,FEMALE,1
GP_PRAC_PAT_LIST,01/07/2026,C83001,HEART OF LINCOLN HEALTH GROUP,E01012800,FEMALE,1
GP_PRAC_PAT_LIST,01/07/2026,C83001,HEART OF LINCOLN HEALTH GROUP,E01012924,FEMALE,1
GP_PRAC_PAT_LIST,01/07/2026,C83001,HEART OF LINCOLN HEALTH GROUP,E01012955,FEMALE,1
GP_PRAC_PAT_LIST,01/07/2026,C83001,HEART OF LINCOLN HEALTH GROUP,E01012985,FEMALE,1
GP_PRAC_PAT_LIST,01/07/2026,C83001,HEART OF LINCOLN HEALTH GROUP,E01013147,FEMALE,2
GP_PRAC_PAT_LIST,01/07/2026,C83001,HEART OF LINCOLN HEALTH GROUP,E01013164,FEMALE,1
GP_PRAC_PAT_LIST,01/07/2026,C83001,HEART OF LINCOLN HEALTH GROUP,E01013170,FEMALE,1
GP_PRAC_PAT_LIST,01/07/2026,C83001,HEART OF LINCOLN HEALTH GROUP,E01013171,FEMALE,1
GP_PRAC_PAT_LIST,01/07/2026,C83001,HEART OF LINCOLN HEALTH GROUP,E01013279,FEMALE,1
GP_PRAC_PAT_LIST,01/07/2026,C83001,HEART OF LINCOLN HEALTH GROUP,E01013485,FEMALE,1
GP_PRAC_PAT_LIST,01/07/2026,C83001,HEART OF LINCOLN HEALTH GROUP,E01013511,FEMALE,1
GP_PRAC_PAT_LIST,01/07/2026,C83001,HEART OF LINCOLN HEALTH GROUP,E01013519,FEMALE,1
GP_PRAC_PAT_LIST,01/07/2026,C83001,HEART OF LINCOLN HEALTH GROUP,E01013557,FEMALE,1
GP_PRAC_PAT_LIST,01/07/2026,C83001,HEART OF LINCOLN HEALTH GROUP,E01013632,FEMALE,1
GP_PRAC_PAT_LIST,01/07/2026,C83001,HEART OF LINCOLN HEALTH GROUP,E01013703,FEMALE,1
GP_PRAC_PAT_LIST,01/07/2026,C83001,HEART OF LINCOLN HEALTH GROUP,E01013845,FEMALE,1
GP_PRAC_PAT_LIST,01/07/2026,C83001,HEART OF LINCOLN HEALTH GROUP,E01013853,FEMALE,1
GP_PRAC_PAT_LIST,01/07/2026,C83001,HEART OF LINCOLN HEALTH GROUP,E01013947,FEMALE,1
GP_PRAC_PAT_LIST,01/07/2026,C83001,HEART OF LINCOLN HEALTH GROUP,E01014096,FEMALE,1
GP_PRAC_PAT_LIST,01/07/2026,C83001,HEART OF LINCOLN HEALTH GROUP,E01014454,FEMALE,1
GP_PRAC_PAT_LIST,01/07/2026,C83001,HEART OF LINCOLN HEALTH GROUP,E01014747,FEMALE,1
GP_PRAC_PAT_LIST,01/07/2026,C83001,HEART OF LINCOLN HEALTH GROUP,E01015475,FEMALE,1
GP_PRAC_PAT_LIST,01/07/2026,C83001,HEART OF LINCOLN HEALTH GROUP,E01015613,FEMALE,1
GP_PRAC_PAT_LIST,01/07/2026,C83001,HEART OF LINCOLN HEALTH GROUP,E01015661,FEMALE,1
GP_PRAC_PAT_LIST,01/07/2026,C83001,HEART OF LINCOLN HEALTH GROUP,E01015669,FEMALE,1
GP_PRAC_PAT_LIST,01/07/2026,C83001,HEART OF LINCOLN HEALTH GROUP,E01015859,FEMALE,1
GP_PRAC_PAT_LIST,01/07/2026,C83001,HEART OF LINCOLN HEALTH GROUP,E01015868,FEMALE,1
GP_PRAC_PAT_LIST,01/07/2026,C83001,HEART OF LINCOLN HEALTH GROUP,E01015871,FEMALE,1
GP_PRAC_PAT_LIST,01/07/2026,C83001,HEART OF LINCOLN HEALTH GROUP,E01015970,FEMALE,1
GP_PRAC_PAT_LIST,01/07/2026,C83001,HEART OF LINCOLN HEALTH GROUP,E01016054,FEMALE,1
GP_PRAC_PAT_LIST,01/07/2026,C83001,HEART OF LINCOLN HEALTH GROUP,E01016714,FEMALE,1
GP_PRAC_PAT_LIST,01/07/2026,C83001,HEART OF LINCOLN HEALTH GROUP,E01016774,FEMALE,1
GP_PRAC_PAT_LIST,01/07/2026,C83001,HEART OF LINCOLN HEALTH GROUP,E01016890,FEMALE,1
GP_PRAC_PAT_LIST,01/07/2026,C83001,HEART OF LINCOLN HEALTH GROUP,E01016893,FEMALE,1
GP_PRAC_PAT_LIST,01/07/2026,C83001,HEART OF LINCOLN HEALTH GROUP,E01017373,FEMALE,1
GP_PRAC_PAT_LIST,01/07/2026,C83001,HEART OF LINCOLN HEALTH GROUP,E01017383,FEMALE,1
GP_PRAC_PAT_LIST,01/07/2026,C83001,HEART OF LINCOLN HEALTH GROUP,E01017427,FEMALE,1
GP_PRAC_PAT_LIST,01/07/2026,C83001,HEART OF LINCOLN HEALTH GROUP,E01017444,FEMALE,1
GP_PRAC_PAT_LIST,01/07/2026,C83001,HEART OF LINCOLN HEALTH GROUP,E01017613,FEMALE,1
GP_PRAC_PAT_LIST,01/07/2026,C83001,HEART OF LINCOLN HEALTH GROUP,E01017623,FEMALE,1
GP_PRAC_PAT_LIST,01/07/2026,C83001,HEART OF LINCOLN HEALTH GROUP,E01017666,FEMALE,1
GP_PRAC_PAT_LIST,01/07/2026,C83001,HEART OF LINCOLN HEALTH GROUP,E01017770,FEMALE,1
GP_PRAC_PAT_LIST,01/07/2026,C83001,HEART OF LINCOLN HEALTH GROUP,E01018024,FEMALE,1
GP_PRAC_PAT_LIST,01/07/2026,C83001,HEART OF LINCOLN HEALTH GROUP,E01018039,FEMALE,1
GP_PRAC_PAT_LIST,01/07/2026,C83001,HEART OF LINCOLN HEALTH GROUP,E01018056,FEMALE,1
GP_PRAC_PAT_LIST,01/07/2026,C83001,HEART OF LINCOLN HEALTH GROUP,E01018080,FEMALE,1
GP_PRAC_PAT_LIST,01/07/2026,C83001,HEART OF LINCOLN HEALTH GROUP,E01018137,FEMALE,1
GP_PRAC_PAT_LIST,01/07/2026,C83001,HEART OF LINCOLN HEALTH GROUP,E01018232,FEMALE,1
GP_PRAC_PAT_LIST,01/07/2026,C83001,HEART OF LINCOLN HEALTH GROUP,E01018273,FEMALE,1
GP_PRAC_PAT_LIST,01/07/2026,C83001,HEART OF LINCOLN HEALTH GROUP,E01018290,FEMALE,1
GP_PRAC_PAT_LIST,01/07/2026,C83001,HEART OF LINCOLN HEALTH GROUP,E01019270,FEMALE,1
GP_PRAC_PAT_LIST,01/07/2026,C83001,HEART OF LINCOLN HEALTH GROUP,E01019392,FEMALE,1
GP_PRAC_PAT_LIST,01/07/2026,C83001,HEART OF LINCOLN HEALTH GROUP,E01019483,FEMALE,1
GP_PRAC_PAT_LIST,01/07/2026,C83001,HEART OF LINCOLN HEALTH GROUP,E01019522,FEMALE,1
GP_PRAC_PAT_LIST,01/07/2026,C83001,HEART OF LINCOLN HEALTH GROUP,E01019539,FEMALE,1
GP_PRAC_PAT_LIST,01/07/2026,C83001,HEART OF LINCOLN HEALTH GROUP,E01019614,FEMALE,1
GP_PRAC_PAT_LIST,01/07/2026,C83001,HEART OF LINCOLN HEALTH GROUP,E01019778,FEMALE,1
GP_PRAC_PAT_LIST,01/07/2026,C83001,HEART OF LINCOLN HEALTH GROUP,E01019821,FEMALE,1
GP_PRAC_PAT_LIST,01/07/2026,C83001,HEART OF LINCOLN HEALTH GROUP,E01019968,FEMALE,1
GP_PRAC_PAT_LIST,01/07/2026,C83001,HEART OF LINCOLN HEALTH GROUP,E01021055,FEMALE,1
GP_PRAC_PAT_LIST,01/07/2026,C83001,HEART OF LINCOLN HEALTH GROUP,E01021115,FEMALE,1
GP_PRAC_PAT_LIST,01/07/2026,C83001,HEART OF LINCOLN HEALTH GROUP,E01021397,FEMALE,1
GP_PRAC_PAT_LIST,01/07/2026,C83001,HEART OF LINCOLN HEALTH GROUP,E01021506,FEMALE,1
GP_PRAC_PAT_LIST,01/07/2026,C83001,HEART OF LINCOLN HEALTH GROUP,E01021721,FEMALE,1
GP_PRAC_PAT_LIST,01/07/2026,C83001,HEART OF LINCOLN HEALTH GROUP,E01022137,FEMALE,1
GP_PRAC_PAT_LIST,01/07/2026,C83001,HEART OF LINCOLN HEALTH GROUP,E01023240,FEMALE,1
GP_PRAC_PAT_LIST,01/07/2026,C83001,HEART OF LINCOLN HEALTH GROUP,E01023339,FEMALE,1
GP_PRAC_PAT_LIST,01/07/2026,C83001,HEART OF LINCOLN HEALTH GROUP,E01023502,FEMALE,1
GP_PRAC_PAT_LIST,01/07/2026,C83001,HEART OF LINCOLN HEALTH GROUP,E01023577,FEMALE,1
GP_PRAC_PAT_LIST,01/07/2026,C83001,HEART OF LINCOLN HEALTH GROUP,E01023649,FEMALE,1
GP_PRAC_PAT_LIST,01/07/2026,C83001,HEART OF LINCOLN HEALTH GROUP,E01023695,FEMALE,1
GP_PRAC_PAT_LIST,01/07/2026,C83001,HEART OF LINCOLN HEALTH GROUP,E01024157,FEMALE,1
GP_PRAC_PAT_LIST,01/07/2026,C83001,HEART OF LINCOLN HEALTH GROUP,E01024723,FEMALE,1
GP_PRAC_PAT_LIST,01/07/2026,C83001,HEART OF LINCOLN HEALTH GROUP,E01025681,FEMALE,1
GP_PRAC_PAT_LIST,01/07/2026,C83001,HEART OF LINCOLN HEALTH GROUP,E01025715,FEMALE,1
GP_PRAC_PAT_LIST,01/07/2026,C83001,HEART OF LINCOLN HEALTH GROUP,E01025734,FEMALE,1
GP_PRAC_PAT_LIST,01/07/2026,C83001,HEART OF LINCOLN HEALTH GROUP,E01025776,FEMALE,1
GP_PRAC_PAT_LIST,01/07/2026,C83001,HEART OF LINCOLN HEALTH GROUP,E01025846,FEMALE,1
GP_PRAC_PAT_LIST,01/07/2026,C83001,HEART OF LINCOLN HEALTH GROUP,E01025926,FEMALE,1
GP_PRAC_PAT_LIST,01/07/2026,C83001,HEART OF LINCOLN HEALTH GROUP,E01025942,FEMALE,1
GP_PRAC_PAT_LIST,01/07/2026,C83001,HEART OF LINCOLN HEALTH GROUP,E01026042,FEMALE,2
GP_PRAC_PAT_LIST,01/07/2026,C83001,HEART OF LINCOLN HEALTH GROUP,E01026053,FEMALE,1
GP_PRAC_PAT_LIST,01/07/2026,C83001,HEART OF LINCOLN HEALTH GROUP,E01026055,FEMALE,2
GP_PRAC_PAT_LIST,01/07/2026,C83001,HEART OF LINCOLN HEALTH GROUP,E01026083,FEMALE,1
GP_PRAC_PAT_LIST,01/07/2026,C83001,HEART OF LINCOLN HEALTH GROUP,E01026094,FEMALE,1
GP_PRAC_PAT_LIST,01/07/2026,C83001,HEART OF LINCOLN HEALTH GROUP,E01026099,FEMALE,1
GP_PRAC_PAT_LIST,01/07/2026,C83001,HEART OF LINCOLN HEALTH GROUP,E01026107,FEMALE,1
GP_PRAC_PAT_LIST,01/07/2026,C83001,HEART OF LINCOLN HEALTH GROUP,E01026112,FEMALE,1
GP_PRAC_PAT_LIST,01/07/2026,C83001,HEART OF LINCOLN HEALTH GROUP,E01026121,FEMALE,1
GP_PRAC_PAT_LIST,01/07/2026,C83001,HEART OF LINCOLN HEALTH GROUP,E01026122,FEMALE,171
GP_PRAC_PAT_LIST,01/07/2026,C83001,HEART OF LINCOLN HEALTH GROUP,E01026123,FEMALE,118
GP_PRAC_PAT_LIST,01/07/2026,C83001,HEART OF LINCOLN HEALTH GROUP,E01026124,FEMALE,116
GP_PRAC_PAT_LIST,01/07/2026,C83001,HEART OF LINCOLN HEALTH GROUP,E01026125,FEMALE,42
GP_PRAC_PAT_LIST,01/07/2026,C83001,HEART OF LINCOLN HEALTH GROUP,E01026126,FEMALE,171
GP_PRAC_PAT_LIST,01/07/2026,C83001,HEART OF LINCOLN HEALTH GROUP,E01026127,FEMALE,26
GP_PRAC_PAT_LIST,01/07/2026,C83001,HEART OF LINCOLN HEALTH GROUP,E01026129,FEMALE,10
GP_PRAC_PAT_LIST,01/07/2026,C83001,HEART OF LINCOLN HEALTH GROUP,E01026130,FEMALE,16
GP_PRAC_PAT_LIST,01/07/2026,C83001,HEART OF LINCOLN HEALTH GROUP,E01026131,FEMALE,26
GP_PRAC_PAT_LIST,01/07/2026,C83001,HEART OF LINCOLN HEALTH GROUP,E01026132,FEMALE,1379
GP_PRAC_PAT_LIST,01/07/2026,C83001,HEART OF LINCOLN HEALTH GROUP,E01026134,FEMALE,420
GP_PRAC_PAT_LIST,01/07/2026,C83001,HEART OF LINCOLN HEALTH GROUP,E01026135,FEMALE,67
GP_PRAC_PAT_LIST,01/07/2026,C83001,HEART OF LINCOLN HEALTH GROUP,E01026136,FEMALE,64
GP_PRAC_PAT_LIST,01/07/2026,C83001,HEART OF LINCOLN HEALTH GROUP,E01026137,FEMALE,91
GP_PRAC_PAT_LIST,01/07/2026,C83001,HEART OF LINCOLN HEALTH GROUP,E01026138,FEMALE,83
GP_PRAC_PAT_LIST,01/07/2026,C83001,HEART OF LINCOLN HEALTH GROUP,E01026139,FEMALE,270
GP_PRAC_PAT_LIST,01/07/2026,C83001,HEART OF LINCOLN HEALTH GROUP,E01026140,FEMALE,71
GP_PRAC_PAT_LIST,01/07/2026,C83001,HEART OF LINCOLN HEALTH GROUP,E01026141,FEMALE,425
GP_PRAC_PAT_LIST,01/07/2026,C83001,HEART OF LINCOLN HEALTH GROUP,E01026142,FEMALE,156
GP_PRAC_PAT_LIST,01/07/2026,C83001,HEART OF LINCOLN HEALTH GROUP,E01026144,FEMALE,276
GP_PRAC_PAT_LIST,01/07/2026,C83001,HEART OF LINCOLN HEALTH GROUP,E01026145,FEMALE,117
GP_PRAC_PAT_LIST,01/07/2026,C83001,HEART OF LINCOLN HEALTH GROUP,E01026146,FEMALE,388
GP_PRAC_PAT_LIST,01/07/2026,C83001,HEART OF LINCOLN HEALTH GROUP,E01026147,FEMALE,74
GP_PRAC_PAT_LIST,01/07/2026,C83001,HEART OF LINCOLN HEALTH GROUP,E01026148,FEMALE,63
GP_PRAC_PAT_LIST,01/07/2026,C83001,HEART OF LINCOLN HEALTH GROUP,E01026149,FEMALE,43
GP_PRAC_PAT_LIST,01/07/2026,C83001,HEART OF LINCOLN HEALTH GROUP,E01026150,FEMALE,62
GP_PRAC_PAT_LIST,01/07/2026,C83001,HEART OF LINCOLN HEALTH GROUP,E01026151,FEMALE,52
GP_PRAC_PAT_LIST,01/07/2026,C83001,HEART OF LINCOLN HEALTH GROUP,E01026152,FEMALE,35
GP_PRAC_PAT_LIST,01/07/2026,C83001,HEART OF LINCOLN HEALTH GROUP,E01026153,FEMALE,32
GP_PRAC_PAT_LIST,01/07/2026,C83001,HEART OF LINCOLN HEALTH GROUP,E01026154,FEMALE,34
GP_PRAC_PAT_LIST,01/07/2026,C83001,HEART OF LINCOLN HEALTH GROUP,E01026155,FEMALE,14
GP_PRAC_PAT_LIST,01/07/2026,C83001,HEART OF LINCOLN HEALTH GROUP,E01026156,FEMALE,23
GP_PRAC_PAT_LIST,01/07/2026,C83001,HEART OF LINCOLN HEALTH GROUP,E01026157,FEMALE,21
GP_PRAC_PAT_LIST,01/07/2026,C83001,HEART OF LINCOLN HEALTH GROUP,E01026158,FEMALE,20
GP_PRAC_PAT_LIST,01/07/2026,C83001,HEART OF LINCOLN HEALTH GROUP,E01026159,FEMALE,24
GP_PRAC_PAT_LIST,01/07/2026,C83001,HEART OF LINCOLN HEALTH GROUP,E01026160,FEMALE,16
GP_PRAC_PAT_LIST,01/07/2026,C83001,HEART OF LINCOLN HEALTH GROUP,E01026161,FEMALE,64
GP_PRAC_PAT_LIST,01/07/2026,C83001,HEART OF LINCOLN HEALTH GROUP,E01026162,FEMALE,77
GP_PRAC_PAT_LIST,01/07/2026,C83001,HEART OF LINCOLN HEALTH GROUP,E01026163,FEMALE,33
GP_PRAC_PAT_LIST,01/07/2026,C83001,HEART OF LINCOLN HEALTH GROUP,E01026164,FEMALE,20
GP_PRAC_PAT_LIST,01/07/2026,C83001,HEART OF LINCOLN HEALTH GROUP,E01026165,FEMALE,31
GP_PRAC_PAT_LIST,01/07/2026,C83001,HEART OF LINCOLN HEALTH GROUP,E01026166,FEMALE,29
GP_PRAC_PAT_LIST,01/07/2026,C83001,HEART OF LINCOLN HEALTH GROUP,E01026167,FEMALE,39
GP_PRAC_PAT_LIST,01/07/2026,C83001,HEART OF LINCOLN HEALTH GROUP,E01026168,FEMALE,33
GP_PRAC_PAT_LIST,01/07/2026,C83001,HEART OF LINCOLN HEALTH GROUP,E01026169,FEMALE,325
GP_PRAC_PAT_LIST,01/07/2026,C83001,HEART OF LINCOLN HEALTH GROUP,E01026170,FEMALE,346
GP_PRAC_PAT_LIST,01/07/2026,C83001,HEART OF LINCOLN HEALTH GROUP,E01026171,FEMALE,299
GP_PRAC_PAT_LIST,01/07/2026,C83001,HEART OF LINCOLN HEALTH GROUP,E01026172,FEMALE,93
GP_PRAC_PAT_LIST,01/07/2026,C83001,HEART OF LINCOLN HEALTH GROUP,E01026173,FEMALE,94
GP_PRAC_PAT_LIST,01/07/2026,C83001,HEART OF LINCOLN HEALTH GROUP,E01026174,FEMALE,283
GP_PRAC_PAT_LIST,01/07/2026,C83001,HEART OF LINCOLN HEALTH GROUP,E01026175,FEMALE,395
GP_PRAC_PAT_LIST,01/07/2026,C83001,HEART OF LINCOLN HEALTH GROUP,E01026176,FEMALE,841
GP_PRAC_PAT_LIST,01/07/2026,C83001,HEART OF LINCOLN HEALTH GROUP,E01026177,FEMALE,996
GP_PRAC_PAT_LIST,01/07/2026,C83001,HEART OF LINCOLN HEALTH GROUP,E01026178,FEMALE,636
GP_PRAC_PAT_LIST,01/07/2026,C83001,HEART OF LINCOLN HEALTH GROUP,E01026180,FEMALE,3
GP_PRAC_PAT_LIST,01/07/2026,C83001,HEART OF LINCOLN HEALTH GROUP,E01026182,FEMALE,1
GP_PRAC_PAT_LIST,01/07/2026,C83001,HEART OF LINCOLN HEALTH GROUP,E01026183,FEMALE,1
GP_PRAC_PAT_LIST,01/07/2026,C83001,HEART OF LINCOLN HEALTH GROUP,E01026184,FEMALE,6
GP_PRAC_PAT_LIST,01/07/2026,C83001,HEART OF LINCOLN HEALTH GROUP,E01026185,FEMALE,10
GP_PRAC_PAT_LIST,01/07/2026,C83001,HEART OF LINCOLN HEALTH GROUP,E01026186,FEMALE,17
GP_PRAC_PAT_LIST,01/07/2026,C83001,HEART OF LINCOLN HEALTH GROUP,E01026187,FEMALE,19
GP_PRAC_PAT_LIST,01/07/2026,C83001,HEART OF LINCOLN HEALTH GROUP,E01026188,FEMALE,29
GP_PRAC_PAT_LIST,01/07/2026,C83001,HEART OF LINCOLN HEALTH GROUP,E01026189,FEMALE,1
GP_PRAC_PAT_LIST,01/07/2026,C83001,HEART OF LINCOLN HEALTH GROUP,E01026190,FEMALE,1
GP_PRAC_PAT_LIST,01/07/2026,C83001,HEART OF LINCOLN HEALTH GROUP,E01026191,FEMALE,5
GP_PRAC_PAT_LIST,01/07/2026,C83001,HEART OF LINCOLN HEALTH GROUP,E01026192,FEMALE,1
GP_PRAC_PAT_LIST,01/07/2026,C83001,HEART OF LINCOLN HEALTH GROUP,E01026195,FEMALE,3
GP_PRAC_PAT_LIST,01/07/2026,C83001,HEART OF LINCOLN HEALTH GROUP,E01026199,FEMALE,9
GP_PRAC_PAT_LIST,01/07/2026,C83001,HEART OF LINCOLN HEALTH GROUP,E01026200,FEMALE,1
GP_PRAC_PAT_LIST,01/07/2026,C83001,HEART OF LINCOLN HEALTH GROUP,E01026203,FEMALE,22
GP_PRAC_PAT_LIST,01/07/2026,C83001,HEART OF LINCOLN HEALTH GROUP,E01026205,FEMALE,2
GP_PRAC_PAT_LIST,01/07/2026,C83001,HEART OF LINCOLN HEALTH GROUP,E01026206,FEMALE,2
GP_PRAC_PAT_LIST,01/07/2026,C83001,HEART OF LINCOLN HEALTH GROUP,E01026210,FEMALE,1
GP_PRAC_PAT_LIST,01/07/2026,C83001,HEART OF LINCOLN HEALTH GROUP,E01026211,FEMALE,1
GP_PRAC_PAT_LIST,01/07/2026,C83001,HEART OF LINCOLN HEALTH GROUP,E01026212,FEMALE,4
GP_PRAC_PAT_LIST,01/07/2026,C83001,HEART OF LINCOLN HEALTH GROUP,E01026214,FEMALE,111
GP_PRAC_PAT_LIST,01/07/2026,C83001,HEART OF LINCOLN HEALTH GROUP,E01026215,FEMALE,145
GP_PRAC_PAT_LIST,01/07/2026,C83001,HEART OF LINCOLN HEALTH GROUP,E01026218,FEMALE,50
GP_PRAC_PAT_LIST,01/07/2026,C83001,HEART OF LINCOLN HEALTH GROUP,E01026219,FEMALE,75
GP_PRAC_PAT_LIST,01/07/2026,C83001,HEART OF LINCOLN HEALTH GROUP,E01026220,FEMALE,155
GP_PRAC_PAT_LIST,01/07/2026,C83001,HEART OF LINCOLN HEALTH GROUP,E01026223,FEMALE,1
GP_PRAC_PAT_LIST,01/07/2026,C83001,HEART OF LINCOLN HEALTH GROUP,E01026225,FEMALE,10
GP_PRAC_PAT_LIST,01/07/2026,C83001,HEART OF LINCOLN HEALTH GROUP,E01026226,FEMALE,5
GP_PRAC_PAT_LIST,01/07/2026,C83001,HEART OF LINCOLN HEALTH GROUP,E01026227,FEMALE,1
GP_PRAC_PAT_LIST,01/07/2026,C83001,HEART OF LINCOLN HEALTH GROUP,E01026229,FEMALE,1
GP_PRAC_PAT_LIST,01/07/2026,C83001,HEART OF LINCOLN HEALTH GROUP,E01026237,FEMALE,42
GP_PRAC_PAT_LIST,01/07/2026,C83001,HEART OF LINCOLN HEALTH GROUP,E01026238,FEMALE,37
GP_PRAC_PAT_LIST,01/07/2026,C83001,HEART OF LINCOLN HEALTH GROUP,E01026262,FEMALE,1
GP_PRAC_PAT_LIST,01/07/2026,C83001,HEART OF LINCOLN HEALTH GROUP,E01026277,FEMALE,1
GP_PRAC_PAT_LIST,01/07/2026,C83001,HEART OF LINCOLN HEALTH GROUP,E01026282,FEMALE,1
GP_PRAC_PAT_LIST,01/07/2026,C83001,HEART OF LINCOLN HEALTH GROUP,E01026360,FEMALE,1
GP_PRAC_PAT_LIST,01/07/2026,C83001,HEART OF LINCOLN HEALTH GROUP,E01026366,FEMALE,4
GP_PRAC_PAT_LIST,01/07/2026,C83001,HEART OF LINCOLN HEALTH GROUP,E01026369,FEMALE,3
GP_PRAC_PAT_LIST,01/07/2026,C83001,HEART OF LINCOLN HEALTH GROUP,E01026370,FEMALE,9
GP_PRAC_PAT_LIST,01/07/2026,C83001,HEART OF LINCOLN HEALTH GROUP,E01026371,FEMALE,4
GP_PRAC_PAT_LIST,01/07/2026,C83001,HEART OF LINCOLN HEALTH GROUP,E01026372,FEMALE,2
GP_PRAC_PAT_LIST,01/07/2026,C83001,HEART OF LINCOLN HEALTH GROUP,E01026373,FEMALE,7
GP_PRAC_PAT_LIST,01/07/2026,C83001,HEART OF LINCOLN HEALTH GROUP,E01026375,FEMALE,1
GP_PRAC_PAT_LIST,01/07/2026,C83001,HEART OF LINCOLN HEALTH GROUP,E01026377,FEMALE,1
GP_PRAC_PAT_LIST,01/07/2026,C83001,HEART OF LINCOLN HEALTH GROUP,E01026380,FEMALE,1
GP_PRAC_PAT_LIST,01/07/2026,C83001,HEART OF LINCOLN HEALTH GROUP,E01026382,FEMALE,1
GP_PRAC_PAT_LIST,01/07/2026,C83001,HEART OF LINCOLN HEALTH GROUP,E01026387,FEMALE,1
GP_PRAC_PAT_LIST,01/07/2026,C83001,HEART OF LINCOLN HEALTH GROUP,E01026391,FEMALE,1
GP_PRAC_PAT_LIST,01/07/2026,C83001,HEART OF LINCOLN HEALTH GROUP,E01026393,FEMALE,2
GP_PRAC_PAT_LIST,01/07/2026,C83001,HEART OF LINCOLN HEALTH GROUP,E01026394,FEMALE,26
GP_PRAC_PAT_LIST,01/07/2026,C83001,HEART OF LINCOLN HEALTH GROUP,E01026398,FEMALE,7
GP_PRAC_PAT_LIST,01/07/2026,C83001,HEART OF LINCOLN HEALTH GROUP,E01026400,FEMALE,3
GP_PRAC_PAT_LIST,01/07/2026,C83001,HEART OF LINCOLN HEALTH GROUP,E01026401,FEMALE,1
GP_PRAC_PAT_LIST,01/07/2026,C83001,HEART OF LINCOLN HEALTH GROUP,E01026402,FEMALE,1
GP_PRAC_PAT_LIST,01/07/2026,C83001,HEART OF LINCOLN HEALTH GROUP,E01026404,FEMALE,1
GP_PRAC_PAT_LIST,01/07/2026,C83001,HEART OF LINCOLN HEALTH GROUP,E01026405,FEMALE,1
GP_PRAC_PAT_LIST,01/07/2026,C83001,HEART OF LINCOLN HEALTH GROUP,E01026406,FEMALE,2
GP_PRAC_PAT_LIST,01/07/2026,C83001,HEART OF LINCOLN HEALTH GROUP,E01026411,FEMALE,1
GP_PRAC_PAT_LIST,01/07/2026,C83001,HEART OF LINCOLN HEALTH GROUP,E01026412,FEMALE,4
GP_PRAC_PAT_LIST,01/07/2026,C83001,HEART OF LINCOLN HEALTH GROUP,E01026414,FEMALE,1
GP_PRAC_PAT_LIST,01/07/2026,C83001,HEART OF LINCOLN HEALTH GROUP,E01026470,FEMALE,1
GP_PRAC_PAT_LIST,01/07/2026,C83001,HEART OF LINCOLN HEALTH GROUP,E01026484,FEMALE,1
GP_PRAC_PAT_LIST,01/07/2026,C83001,HEART OF LINCOLN HEALTH GROUP,E01026525,FEMALE,1
GP_PRAC_PAT_LIST,01/07/2026,C83001,HEART OF LINCOLN HEALTH GROUP,E01026605,FEMALE,1
GP_PRAC_PAT_LIST,01/07/2026,C83001,HEART OF LINCOLN HEALTH GROUP,E01026625,FEMALE,1
GP_PRAC_PAT_LIST,01/07/2026,C83001,HEART OF LINCOLN HEALTH GROUP,E01026694,FEMALE,1
GP_PRAC_PAT_LIST,01/07/2026,C83001,HEART OF LINCOLN HEALTH GROUP,E01026701,FEMALE,1
GP_PRAC_PAT_LIST,01/07/2026,C83001,HEART OF LINCOLN HEALTH GROUP,E01026716,FEMALE,1
GP_PRAC_PAT_LIST,01/07/2026,C83001,HEART OF LINCOLN HEALTH GROUP,E01026744,FEMALE,1
GP_PRAC_PAT_LIST,01/07/2026,C83001,HEART OF LINCOLN HEALTH GROUP,E01026745,FEMALE,1
GP_PRAC_PAT_LIST,01/07/2026,C83001,HEART OF LINCOLN HEALTH GROUP,E01026955,FEMALE,1
GP_PRAC_PAT_LIST,01/07/2026,C83001,HEART OF LINCOLN HEALTH GROUP,E01027023,FEMALE,1
GP_PRAC_PAT_LIST,01/07/2026,C83001,HEART OF LINCOLN HEALTH GROUP,E01027031,FEMALE,1
GP_PRAC_PAT_LIST,01/07/2026,C83001,HEART OF LINCOLN HEALTH GROUP,E01027097,FEMALE,1
GP_PRAC_PAT_LIST,01/07/2026,C83001,HEART OF LINCOLN HEALTH GROUP,E01027261,FEMALE,1
GP_PRAC_PAT_LIST,01/07/2026,C83001,HEART OF LINCOLN HEALTH GROUP,E01027295,FEMALE,1
GP_PRAC_PAT_LIST,01/07/2026,C83001,HEART OF LINCOLN HEALTH GROUP,E01027300,FEMALE,1
GP_PRAC_PAT_LIST,01/07/2026,C83001,HEART OF LINCOLN HEALTH GROUP,E01027343,FEMALE,1
GP_PRAC_PAT_LIST,01/07/2026,C83001,HEART OF LINCOLN HEALTH GROUP,E01027460,FEMALE,1
GP_PRAC_PAT_LIST,01/07/2026,C83001,HEART OF LINCOLN HEALTH GROUP,E01027816,FEMALE,1
GP_PRAC_PAT_LIST,01/07/2026,C83001,HEART OF LINCOLN HEALTH GROUP,E01027933,FEMALE,1
GP_PRAC_PAT_LIST,01/07/2026,C83001,HEART OF LINCOLN HEALTH GROUP,E01027942,FEMALE,1
GP_PRAC_PAT_LIST,01/07/2026,C83001,HEART OF LINCOLN HEALTH GROUP,E01028039,FEMALE,2
GP_PRAC_PAT_LIST,01/07/2026,C83001,HEART OF LINCOLN HEALTH GROUP,E01028139,FEMALE,1
GP_PRAC_PAT_LIST,01/07/2026,C83001,HEART OF LINCOLN HEALTH GROUP,E01028283,FEMALE,1
GP_PRAC_PAT_LIST,01/07/2026,C83001,HEART OF LINCOLN HEALTH GROUP,E01028312,FEMALE,1
GP_PRAC_PAT_LIST,01/07/2026,C83001,HEART OF LINCOLN HEALTH GROUP,E01028415,FEMALE,1
GP_PRAC_PAT_LIST,01/07/2026,C83001,HEART OF LINCOLN HEALTH GROUP,E01028610,FEMALE,1
GP_PRAC_PAT_LIST,01/07/2026,C83001,HEART OF LINCOLN HEALTH GROUP,E01028943,FEMALE,1
GP_PRAC_PAT_LIST,01/07/2026,C83001,HEART OF LINCOLN HEALTH GROUP,E01029475,FEMALE,1
GP_PRAC_PAT_LIST,01/07/2026,C83001,HEART OF LINCOLN HEALTH GROUP,E01029501,FEMALE,1
GP_PRAC_PAT_LIST,01/07/2026,C83001,HEART OF LINCOLN HEALTH GROUP,E01029743,FEMALE,1
GP_PRAC_PAT_LIST,01/07/2026,C83001,HEART OF LINCOLN HEALTH GROUP,E01029885,FEMALE,1
GP_PRAC_PAT_LIST,01/07/2026,C83001,HEART OF LINCOLN HEALTH GROUP,E01029897,FEMALE,1
GP_PRAC_PAT_LIST,01/07/2026,C83001,HEART OF LINCOLN HEALTH GROUP,E01029939,FEMALE,1
GP_PRAC_PAT_LIST,01/07/2026,C83001,HEART OF LINCOLN HEALTH GROUP,E01030000,FEMALE,1
GP_PRAC_PAT_LIST,01/07/2026,C83001,HEART OF LINCOLN HEALTH GROUP,E01030037,FEMALE,1
GP_PRAC_PAT_LIST,01/07/2026,C83001,HEART OF LINCOLN HEALTH GROUP,E01030058,FEMALE,1
GP_PRAC_PAT_LIST,01/07/2026,C83001,HEART OF LINCOLN HEALTH GROUP,E01030121,FEMALE,1
GP_PRAC_PAT_LIST,01/07/2026,C83001,HEART OF LINCOLN HEALTH GROUP,E01030128,FEMALE,1
GP_PRAC_PAT_LIST,01/07/2026,C83001,HEART OF LINCOLN HEALTH GROUP,E01030279,FEMALE,1
GP_PRAC_PAT_LIST,01/07/2026,C83001,HEART OF LINCOLN HEALTH GROUP,E01030291,FEMALE,1
GP_PRAC_PAT_LIST,01/07/2026,C83001,HEART OF LINCOLN HEALTH GROUP,E01030502,FEMALE,1
GP_PRAC_PAT_LIST,01/07/2026,C83001,HEART OF LINCOLN HEALTH GROUP,E01030714,FEMALE,1
GP_PRAC_PAT_LIST,01/07/2026,C83001,HEART OF LINCOLN HEALTH GROUP,E01030800,FEMALE,1
GP_PRAC_PAT_LIST,01/07/2026,C83001,HEART OF LINCOLN HEALTH GROUP,E01031114,FEMALE,1
GP_PRAC_PAT_LIST,01/07/2026,C83001,HEART OF LINCOLN HEALTH GROUP,E01032035,FEMALE,1
GP_PRAC_PAT_LIST,01/07/2026,C83001,HEART OF LINCOLN HEALTH GROUP,E01032148,FEMALE,1
GP_PRAC_PAT_LIST,01/07/2026,C83001,HEART OF LINCOLN HEALTH GROUP,E01032988,FEMALE,55
GP_PRAC_PAT_LIST,01/07/2026,C83001,HEART OF LINCOLN HEALTH GROUP,E01032989,FEMALE,52
GP_PRAC_PAT_LIST,01/07/2026,C83001,HEART OF LINCOLN HEALTH GROUP,E01032991,FEMALE,147
GP_PRAC_PAT_LIST,01/07/2026,C83001,HEART OF LINCOLN HEALTH GROUP,E01032992,FEMALE,44
GP_PRAC_PAT_LIST,01/07/2026,C83001,HEART OF LINCOLN HEALTH GROUP,E01032993,FEMALE,83
GP_PRAC_PAT_LIST,01/07/2026,C83001,HEART OF LINCOLN HEALTH GROUP,E01032994,FEMALE,20
GP_PRAC_PAT_LIST,01/07/2026,C83001,HEART OF LINCOLN HEALTH GROUP,E01033037,FEMALE,1
GP_PRAC_PAT_LIST,01/07/2026,C83001,HEART OF LINCOLN HEALTH GROUP,E01033114,FEMALE,1
GP_PRAC_PAT_LIST,01/07/2026,C83001,HEART OF LINCOLN HEALTH GROUP,E01033329,FEMALE,1
GP_PRAC_PAT_LIST,01/07/2026,C83001,HEART OF LINCOLN HEALTH GROUP,E01033392,FEMALE,1
GP_PRAC_PAT_LIST,01/07/2026,C83001,HEART OF LINCOLN HEALTH GROUP,E01033520,FEMALE,1
GP_PRAC_PAT_LIST,01/07/2026,C83001,HEART OF LINCOLN HEALTH GROUP,E01033550,FEMALE,1
GP_PRAC_PAT_LIST,01/07/2026,C83001,HEART OF LINCOLN HEALTH GROUP,E01033870,FEMALE,1
GP_PRAC_PAT_LIST,01/07/2026,C83001,HEART OF LINCOLN HEALTH GROUP,E01034239,FEMALE,1
GP_PRAC_PAT_LIST,01/07/2026,C83001,HEART OF LINCOLN HEALTH GROUP,E01034247,FEMALE,1
GP_PRAC_PAT_LIST,01/07/2026,C83001,HEART OF LINCOLN HEALTH GROUP,E01034385,FEMALE,1
GP_PRAC_PAT_LIST,01/07/2026,C83001,HEART OF LINCOLN HEALTH GROUP,E01034687,FEMALE,151
GP_PRAC_PAT_LIST,01/07/2026,C83001,HEART OF LINCOLN HEALTH GROUP,E01034688,FEMALE,274
GP_PRAC_PAT_LIST,01/07/2026,C83001,HEART OF LINCOLN HEALTH GROUP,E01034689,FEMALE,18
GP_PRAC_PAT_LIST,01/07/2026,C83001,HEART OF LINCOLN HEALTH GROUP,E01034690,FEMALE,21
GP_PRAC_PAT_LIST,01/07/2026,C83001,HEART OF LINCOLN HEALTH GROUP,E01034691,FEMALE,710
GP_PRAC_PAT_LIST,01/07/2026,C83001,HEART OF LINCOLN HEALTH GROUP,E01034692,FEMALE,381
GP_PRAC_PAT_LIST,01/07/2026,C83001,HEART OF LINCOLN HEALTH GROUP,E01034693,FEMALE,10
GP_PRAC_PAT_LIST,01/07/2026,C83001,HEART OF LINCOLN HEALTH GROUP,E01034694,FEMALE,4
GP_PRAC_PAT_LIST,01/07/2026,C83001,HEART OF LINCOLN HEALTH GROUP,E01034706,FEMALE,3
GP_PRAC_PAT_LIST,01/07/2026,C83001,HEART OF LINCOLN HEALTH GROUP,E01034707,FEMALE,5
GP_PRAC_PAT_LIST,01/07/2026,C83001,HEART OF LINCOLN HEALTH GROUP,E01034999,FEMALE,1
GP_PRAC_PAT_LIST,01/07/2026,C83001,HEART OF LINCOLN HEALTH GROUP,E01035103,FEMALE,1
GP_PRAC_PAT_LIST,01/07/2026,C83001,HEART OF LINCOLN HEALTH GROUP,E01035479,FEMALE,1
GP_PRAC_PAT_LIST,01/07/2026,C83001,HEART OF LINCOLN HEALTH GROUP,E01035485,FEMALE,1
GP_PRAC_PAT_LIST,01/07/2026,C83001,HEART OF LINCOLN HEALTH GROUP,E01035547,FEMALE,1
GP_PRAC_PAT_LIST,01/07/2026,C83001,HEART OF LINCOLN HEALTH GROUP,EMPTY,FEMALE,12
GP_PRAC_PAT_LIST,01/07/2026,C83001,HEART OF LINCOLN HEALTH GROUP,S01018173,FEMALE,1
GP_PRAC_PAT_LIST,01/07/2026,C83001,HEART OF LINCOLN HEALTH GROUP,W01000489,FEMALE,1
GP_PRAC_PAT_LIST,01/07/2026,C83002,NAVENBY CLIFF VILLAGES SURGERY,CLOSED,FEMALE,1
GP_PRAC_PAT_LIST,01/07/2026,C83002,NAVENBY CLIFF VILLAGES SURGERY,E01015661,FEMALE,1
GP_PRAC_PAT_LIST,01/07/2026,C83002,NAVENBY CLIFF VILLAGES SURGERY,E01023066,FEMALE,1
GP_PRAC_PAT_LIST,01/07/2026,C83002,NAVENBY CLIFF VILLAGES SURGERY,E01025887,FEMALE,1
GP_PRAC_PAT_LIST,01/07/2026,C83002,NAVENBY CLIFF VILLAGES SURGERY,E01025899,FEMALE,1
GP_PRAC_PAT_LIST,01/07/2026,C83002,NAVENBY CLIFF VILLAGES SURGERY,E01026134,FEMALE,1
GP_PRAC_PAT_LIST,01/07/2026,C83002,NAVENBY CLIFF VILLAGES SURGERY,E01026137,FEMALE,3
GP_PRAC_PAT_LIST,01/07/2026,C83002,NAVENBY CLIFF VILLAGES SURGERY,E01026138,FEMALE,1
GP_PRAC_PAT_LIST,01/07/2026,C83002,NAVENBY CLIFF VILLAGES SURGERY,E01026140,FEMALE,1
GP_PRAC_PAT_LIST,01/07/2026,C83002,NAVENBY CLIFF VILLAGES SURGERY,E01026142,FEMALE,1
GP_PRAC_PAT_LIST,01/07/2026,C83002,NAVENBY CLIFF VILLAGES SURGERY,E01026161,FEMALE,1
GP_PRAC_PAT_LIST,01/07/2026,C83002,NAVENBY CLIFF VILLAGES SURGERY,E01026175,FEMALE,1
GP_PRAC_PAT_LIST,01/07/2026,C83002,NAVENBY CLIFF VILLAGES SURGERY,E01026179,FEMALE,2
GP_PRAC_PAT_LIST,01/07/2026,C83002,NAVENBY CLIFF VILLAGES SURGERY,E01026180,FEMALE,1
GP_PRAC_PAT_LIST,01/07/2026,C83002,NAVENBY CLIFF VILLAGES SURGERY,E01026182,FEMALE,1
GP_PRAC_PAT_LIST,01/07/2026,C83002,NAVENBY CLIFF VILLAGES SURGERY,E01026184,FEMALE,768
GP_PRAC_PAT_LIST,01/07/2026,C83002,NAVENBY CLIFF VILLAGES SURGERY,E01026185,FEMALE,1007
GP_PRAC_PAT_LIST,01/07/2026,C83002,NAVENBY CLIFF VILLAGES SURGERY,E01026186,FEMALE,82
GP_PRAC_PAT_LIST,01/07/2026,C83002,NAVENBY CLIFF VILLAGES SURGERY,E01026187,FEMALE,61
GP_PRAC_PAT_LIST,01/07/2026,C83002,NAVENBY CLIFF VILLAGES SURGERY,E01026188,FEMALE,79
GP_PRAC_PAT_LIST,01/07/2026,C83002,NAVENBY CLIFF VILLAGES SURGERY,E01026190,FEMALE,5
GP_PRAC_PAT_LIST,01/07/2026,C83002,NAVENBY CLIFF VILLAGES SURGERY,E01026192,FEMALE,5
GP_PRAC_PAT_LIST,01/07/2026,C83002,NAVENBY CLIFF VILLAGES SURGERY,E01026193,FEMALE,2
GP_PRAC_PAT_LIST,01/07/2026,C83002,NAVENBY CLIFF VILLAGES SURGERY,E01026194,FEMALE,1030
GP_PRAC_PAT_LIST,01/07/2026,C83002,NAVENBY CLIFF VILLAGES SURGERY,E01026195,FEMALE,784
GP_PRAC_PAT_LIST,01/07/2026,C83002,NAVENBY CLIFF VILLAGES SURGERY,E01026196,FEMALE,396
GP_PRAC_PAT_LIST,01/07/2026,C83002,NAVENBY CLIFF VILLAGES SURGERY,E01026197,FEMALE,42
GP_PRAC_PAT_LIST,01/07/2026,C83002,NAVENBY CLIFF VILLAGES SURGERY,E01026203,FEMALE,7
GP_PRAC_PAT_LIST,01/07/2026,C83002,NAVENBY CLIFF VILLAGES SURGERY,E01026206,FEMALE,1
GP_PRAC_PAT_LIST,01/07/2026,C83002,NAVENBY CLIFF VILLAGES SURGERY,E01026210,FEMALE,8
GP_PRAC_PAT_LIST,01/07/2026,C83002,NAVENBY CLIFF VILLAGES SURGERY,E01026211,FEMALE,3
GP_PRAC_PAT_LIST,01/07/2026,C83002,NAVENBY CLIFF VILLAGES SURGERY,E01026219,FEMALE,1
GP_PRAC_PAT_LIST,01/07/2026,C83002,NAVENBY CLIFF VILLAGES SURGERY,E01026237,FEMALE,23
GP_PRAC_PAT_LIST,01/07/2026,C83002,NAVENBY CLIFF VILLAGES SURGERY,E01026238,FEMALE,231
GP_PRAC_PAT_LIST,01/07/2026,C83002,NAVENBY CLIFF VILLAGES SURGERY,E01026329,FEMALE,5
GP_PRAC_PAT_LIST,01/07/2026,C83002,NAVENBY CLIFF VILLAGES SURGERY,E01026395,FEMALE,1
GP_PRAC_PAT_LIST,01/07/2026,C83002,NAVENBY CLIFF VILLAGES SURGERY,E01028317,FEMALE,1
GP_PRAC_PAT_LIST,01/07/2026,C83002,NAVENBY CLIFF VILLAGES SURGERY,E01032953,FEMALE,1
GP_PRAC_PAT_LIST,01/07/2026,C83002,NAVENBY CLIFF VILLAGES SURGERY,E01034691,FEMALE,1
GP_PRAC_PAT_LIST,01/07/2026,C83002,NAVENBY CLIFF VILLAGES SURGERY,E01034693,FEMALE,1
GP_PRAC_PAT_LIST,01/07/2026,C83002,NAVENBY CLIFF VILLAGES SURGERY,EMPTY,FEMALE,4
GP_PRAC_PAT_LIST,01/07/2026,C83003,BEECHFIELD MEDICAL CENTRE,CLOSED,FEMALE,4
GP_PRAC_PAT_LIST,01/07/2026,C83003,BEECHFIELD MEDICAL CENTRE,E01015244,FEMALE,1
GP_PRAC_PAT_LIST,01/07/2026,C83003,BEECHFIELD MEDICAL CENTRE,E01015624,FEMALE,1
GP_PRAC_PAT_LIST,01/07/2026,C83003,BEECHFIELD MEDICAL CENTRE,E01015658,FEMALE,1
GP_PRAC_PAT_LIST,01/07/2026,C83003,BEECHFIELD MEDICAL CENTRE,E01015661,FEMALE,1
GP_PRAC_PAT_LIST,01/07/2026,C83003,BEECHFIELD MEDICAL CENTRE,E01016540,FEMALE,1
GP_PRAC_PAT_LIST,01/07/2026,C83003,BEECHFIELD MEDICAL CENTRE,E01018192,FEMALE,1
GP_PRAC_PAT_LIST,01/07/2026,C83003,BEECHFIELD MEDICAL CENTRE,E01020588,FEMALE,1
GP_PRAC_PAT_LIST,01/07/2026,C83003,BEECHFIELD MEDICAL CENTRE,E01026017,FEMALE,1
GP_PRAC_PAT_LIST,01/07/2026,C83003,BEECHFIELD MEDICAL CENTRE,E01026057,FEMALE,1
GP_PRAC_PAT_LIST,01/07/2026,C83003,BEECHFIELD MEDICAL CENTRE,E01026201,FEMALE,1
GP_PRAC_PAT_LIST,01/07/2026,C83003,BEECHFIELD MEDICAL CENTRE,E01026239,FEMALE,8
GP_PRAC_PAT_LIST,01/07/2026,C83003,BEECHFIELD MEDICAL CENTRE,E01026240,FEMALE,10
GP_PRAC_PAT_LIST,01/07/2026,C83003,BEECHFIELD MEDICAL CENTRE,E01026241,FEMALE,139
GP_PRAC_PAT_LIST,01/07/2026,C83003,BEECHFIELD MEDICAL CENTRE,E01026242,FEMALE,3
GP_PRAC_PAT_LIST,01/07/2026,C83003,BEECHFIELD MEDICAL CENTRE,E01026243,FEMALE,3
GP_PRAC_PAT_LIST,01/07/2026,C83003,BEECHFIELD MEDICAL CENTRE,E01026244,FEMALE,1
GP_PRAC_PAT_LIST,01/07/2026,C83003,BEECHFIELD MEDICAL CENTRE,E01026245,FEMALE,1
GP_PRAC_PAT_LIST,01/07/2026,C83003,BEECHFIELD MEDICAL CENTRE,E01026247,FEMALE,6
GP_PRAC_PAT_LIST,01/07/2026,C83003,BEECHFIELD MEDICAL CENTRE,E01026248,FEMALE,1
GP_PRAC_PAT_LIST,01/07/2026,C83003,BEECHFIELD MEDICAL CENTRE,E01026249,FEMALE,3
GP_PRAC_PAT_LIST,01/07/2026,C83003,BEECHFIELD MEDICAL CENTRE,E01026250,FEMALE,3
GP_PRAC_PAT_LIST,01/07/2026,C83003,BEECHFIELD MEDICAL CENTRE,E01026252,FEMALE,2
GP_PRAC_PAT_LIST,01/07/2026,C83003,BEECHFIELD MEDICAL CENTRE,E01026253,FEMALE,3
GP_PRAC_PAT_LIST,01/07/2026,C83003,BEECHFIELD MEDICAL CENTRE,E01026258,FEMALE,390
GP_PRAC_PAT_LIST,01/07/2026,C83003,BEECHFIELD MEDICAL CENTRE,E01026259,FEMALE,205
GP_PRAC_PAT_LIST,01/07/2026,C83003,BEECHFIELD MEDICAL CENTRE,E01026260,FEMALE,198
GP_PRAC_PAT_LIST,01/07/2026,C83003,BEECHFIELD MEDICAL CENTRE,E01026262,FEMALE,409
GP_PRAC_PAT_LIST,01/07/2026,C83003,BEECHFIELD MEDICAL CENTRE,E01026263,FEMALE,764
GP_PRAC_PAT_LIST,01/07/2026,C83003,BEECHFIELD MEDICAL CENTRE,E01026264,FEMALE,450
GP_PRAC_PAT_LIST,01/07/2026,C83003,BEECHFIELD MEDICAL CENTRE,E01026265,FEMALE,452
GP_PRAC_PAT_LIST,01/07/2026,C83003,BEECHFIELD MEDICAL CENTRE,E01026266,FEMALE,723
GP_PRAC_PAT_LIST,01/07/2026,C83003,BEECHFIELD MEDICAL CENTRE,E01026268,FEMALE,635
GP_PRAC_PAT_LIST,01/07/2026,C83003,BEECHFIELD MEDICAL CENTRE,E01026269,FEMALE,656
GP_PRAC_PAT_LIST,01/07/2026,C83003,BEECHFIELD MEDICAL CENTRE,E01026270,FEMALE,487
GP_PRAC_PAT_LIST,01/07/2026,C83003,BEECHFIELD MEDICAL CENTRE,E01026271,FEMALE,411
GP_PRAC_PAT_LIST,01/07/2026,C83003,BEECHFIELD MEDICAL CENTRE,E01026272,FEMALE,419
GP_PRAC_PAT_LIST,01/07/2026,C83003,BEECHFIELD MEDICAL CENTRE,E01026273,FEMALE,373
GP_PRAC_PAT_LIST,01/07/2026,C83003,BEECHFIELD MEDICAL CENTRE,E01026275,FEMALE,651
GP_PRAC_PAT_LIST,01/07/2026,C83003,BEECHFIELD MEDICAL CENTRE,E01026276,FEMALE,122
GP_PRAC_PAT_LIST,01/07/2026,C83003,BEECHFIELD MEDICAL CENTRE,E01026280,FEMALE,3
GP_PRAC_PAT_LIST,01/07/2026,C83003,BEECHFIELD MEDICAL CENTRE,E01026281,FEMALE,177
GP_PRAC_PAT_LIST,01/07/2026,C83003,BEECHFIELD MEDICAL CENTRE,E01026282,FEMALE,115
GP_PRAC_PAT_LIST,01/07/2026,C83003,BEECHFIELD MEDICAL CENTRE,E01026283,FEMALE,47
GP_PRAC_PAT_LIST,01/07/2026,C83003,BEECHFIELD MEDICAL CENTRE,E01026284,FEMALE,304
GP_PRAC_PAT_LIST,01/07/2026,C83003,BEECHFIELD MEDICAL CENTRE,E01026285,FEMALE,31
GP_PRAC_PAT_LIST,01/07/2026,C83003,BEECHFIELD MEDICAL CENTRE,E01026286,FEMALE,18
GP_PRAC_PAT_LIST,01/07/2026,C83003,BEECHFIELD MEDICAL CENTRE,E01026298,FEMALE,2
GP_PRAC_PAT_LIST,01/07/2026,C83003,BEECHFIELD MEDICAL CENTRE,E01026334,FEMALE,1
GP_PRAC_PAT_LIST,01/07/2026,C83003,BEECHFIELD MEDICAL CENTRE,E01028177,FEMALE,1
GP_PRAC_PAT_LIST,01/07/2026,C83003,BEECHFIELD MEDICAL CENTRE,E01032995,FEMALE,335
GP_PRAC_PAT_LIST,01/07/2026,C83003,BEECHFIELD MEDICAL CENTRE,E01032996,FEMALE,182
GP_PRAC_PAT_LIST,01/07/2026,C83003,BEECHFIELD MEDICAL CENTRE,E01033654,FEMALE,1
GP_PRAC_PAT_LIST,01/07/2026,C83003,BEECHFIELD MEDICAL CENTRE,E01034683,FEMALE,2
GP_PRAC_PAT_LIST,01/07/2026,C83003,BEECHFIELD MEDICAL CENTRE,E01034697,FEMALE,299
GP_PRAC_PAT_LIST,01/07/2026,C83003,BEECHFIELD MEDICAL CENTRE,E01034698,FEMALE,431
GP_PRAC_PAT_LIST,01/07/2026,C83003,BEECHFIELD MEDICAL CENTRE,E01034699,FEMALE,358
GP_PRAC_PAT_LIST,01/07/2026,C83003,BEECHFIELD MEDICAL CENTRE,E01034700,FEMALE,385
GP_PRAC_PAT_LIST,01/07/2026,C83003,BEECHFIELD MEDICAL CENTRE,E01035025,FEMALE,1
GP_PRAC_PAT_LIST,01/07/2026,C83003,BEECHFIELD MEDICAL CENTRE,EMPTY,FEMALE,6
GP_PRAC_PAT_LIST,01/07/2026,C83004,LIQUORPOND SURGERY,E01016975,FEMALE,1
GP_PRAC_PAT_LIST,01/07/2026,C83004,LIQUORPOND SURGERY,E01026007,FEMALE,71
GP_PRAC_PAT_LIST,01/07/2026,C83004,LIQUORPOND SURGERY,E01026008,FEMALE,92
GP_PRAC_PAT_LIST,01/07/2026,C83004,LIQUORPOND SURGERY,E01026009,FEMALE,46
GP_PRAC_PAT_LIST,01/07/2026,C83004,LIQUORPOND SURGERY,E01026010,FEMALE,155
GP_PRAC_PAT_LIST,01/07/2026,C83004,LIQUORPOND SURGERY,E01026012,FEMALE,111
GP_PRAC_PAT_LIST,01/07/2026,C83004,LIQUORPOND SURGERY,E01026013,FEMALE,169
GP_PRAC_PAT_LIST,01/07/2026,C83004,LIQUORPOND SURGERY,E01026014,FEMALE,170
GP_PRAC_PAT_LIST,01/07/2026,C83004,LIQUORPOND SURGERY,E01026015,FEMALE,171
GP_PRAC_PAT_LIST,01/07/2026,C83004,LIQUORPOND SURGERY,E01026016,FEMALE,8
GP_PRAC_PAT_LIST,01/07/2026,C83004,LIQUORPOND SURGERY,E01026017,FEMALE,3
GP_PRAC_PAT_LIST,01/07/2026,C83004,LIQUORPOND SURGERY,E01026018,FEMALE,95
GP_PRAC_PAT_LIST,01/07/2026,C83004,LIQUORPOND SURGERY,E01026019,FEMALE,89
GP_PRAC_PAT_LIST,01/07/2026,C83004,LIQUORPOND SURGERY,E01026020,FEMALE,108
GP_PRAC_PAT_LIST,01/07/2026,C83004,LIQUORPOND SURGERY,E01026021,FEMALE,155
GP_PRAC_PAT_LIST,01/07/2026,C83004,LIQUORPOND SURGERY,E01026022,FEMALE,169
GP_PRAC_PAT_LIST,01/07/2026,C83004,LIQUORPOND SURGERY,E01026023,FEMALE,3
GP_PRAC_PAT_LIST,01/07/2026,C83004,LIQUORPOND SURGERY,E01026024,FEMALE,9
GP_PRAC_PAT_LIST,01/07/2026,C83004,LIQUORPOND SURGERY,E01026025,FEMALE,263
GP_PRAC_PAT_LIST,01/07/2026,C83004,LIQUORPOND SURGERY,E01026026,FEMALE,257
GP_PRAC_PAT_LIST,01/07/2026,C83004,LIQUORPOND SURGERY,E01026027,FEMALE,195
GP_PRAC_PAT_LIST,01/07/2026,C83004,LIQUORPOND SURGERY,E01026028,FEMALE,170
GP_PRAC_PAT_LIST,01/07/2026,C83004,LIQUORPOND SURGERY,E01026030,FEMALE,298
GP_PRAC_PAT_LIST,01/07/2026,C83004,LIQUORPOND SURGERY,E01026031,FEMALE,191
GP_PRAC_PAT_LIST,01/07/2026,C83004,LIQUORPOND SURGERY,E01026032,FEMALE,210
GP_PRAC_PAT_LIST,01/07/2026,C83004,LIQUORPOND SURGERY,E01026033,FEMALE,37
GP_PRAC_PAT_LIST,01/07/2026,C83004,LIQUORPOND SURGERY,E01026034,FEMALE,18
GP_PRAC_PAT_LIST,01/07/2026,C83004,LIQUORPOND SURGERY,E01026035,FEMALE,254
GP_PRAC_PAT_LIST,01/07/2026,C83004,LIQUORPOND SURGERY,E01026036,FEMALE,126
GP_PRAC_PAT_LIST,01/07/2026,C83004,LIQUORPOND SURGERY,E01026037,FEMALE,125
GP_PRAC_PAT_LIST,01/07/2026,C83004,LIQUORPOND SURGERY,E01026038,FEMALE,116
GP_PRAC_PAT_LIST,01/07/2026,C83004,LIQUORPOND SURGERY,E01026039,FEMALE,121
GP_PRAC_PAT_LIST,01/07/2026,C83004,LIQUORPOND SURGERY,E01026040,FEMALE,165
GP_PRAC_PAT_LIST,01/07/2026,C83004,LIQUORPOND SURGERY,E01026041,FEMALE,150
GP_PRAC_PAT_LIST,01/07/2026,C83004,LIQUORPOND SURGERY,E01026051,FEMALE,1
GP_PRAC_PAT_LIST,01/07/2026,C83004,LIQUORPOND SURGERY,E01026057,FEMALE,78
GP_PRAC_PAT_LIST,01/07/2026,C83004,LIQUORPOND SURGERY,E01026075,FEMALE,6
GP_PRAC_PAT_LIST,01/07/2026,C83004,LIQUORPOND SURGERY,E01026093,FEMALE,1
GP_PRAC_PAT_LIST,01/07/2026,C83004,LIQUORPOND SURGERY,E01026098,FEMALE,49
GP_PRAC_PAT_LIST,01/07/2026,C83004,LIQUORPOND SURGERY,E01026100,FEMALE,1
GP_PRAC_PAT_LIST,01/07/2026,C83004,LIQUORPOND SURGERY,E01026102,FEMALE,3
GP_PRAC_PAT_LIST,01/07/2026,C83004,LIQUORPOND SURGERY,E01026206,FEMALE,1
GP_PRAC_PAT_LIST,01/07/2026,C83004,LIQUORPOND SURGERY,E01026210,FEMALE,1
GP_PRAC_PAT_LIST,01/07/2026,C83004,LIQUORPOND SURGERY,E01026242,FEMALE,1
GP_PRAC_PAT_LIST,01/07/2026,C83004,LIQUORPOND SURGERY,E01026243,FEMALE,1
GP_PRAC_PAT_LIST,01/07/2026,C83004,LIQUORPOND SURGERY,E01026257,FEMALE,1
GP_PRAC_PAT_LIST,01/07/2026,C83004,LIQUORPOND SURGERY,E01026263,FEMALE,3
GP_PRAC_PAT_LIST,01/07/2026,C83004,LIQUORPOND SURGERY,E01034679,FEMALE,125
GP_PRAC_PAT_LIST,01/07/2026,C83004,LIQUORPOND SURGERY,E01034680,FEMALE,150
GP_PRAC_PAT_LIST,01/07/2026,C83004,LIQUORPOND SURGERY,E01034681,FEMALE,194
GP_PRAC_PAT_LIST,01/07/2026,C83004,LIQUORPOND SURGERY,E01034682,FEMALE,356
GP_PRAC_PAT_LIST,01/07/2026,C83004,LIQUORPOND SURGERY,E01034683,FEMALE,188
GP_PRAC_PAT_LIST,01/07/2026,C83004,LIQUORPOND SURGERY,E01034684,FEMALE,214
GP_PRAC_PAT_LIST,01/07/2026,C83004,LIQUORPOND SURGERY,E01034698,FEMALE,1
GP_PRAC_PAT_LIST,01/07/2026,C83004,LIQUORPOND SURGERY,EMPTY,FEMALE,7
GP_PRAC_PAT_LIST,01/07/2026,C83005,SPILSBY SURGERY,CLOSED,FEMALE,1
GP_PRAC_PAT_LIST,01/07/2026,C83005,SPILSBY SURGERY,E01007739,FEMALE,1
GP_PRAC_PAT_LIST,01/07/2026,C83005,SPILSBY SURGERY,E01026022,FEMALE,1
GP_PRAC_PAT_LIST,01/07/2026,C83005,SPILSBY SURGERY,E01026038,FEMALE,1
GP_PRAC_PAT_LIST,01/07/2026,C83005,SPILSBY SURGERY,E01026043,FEMALE,2
GP_PRAC_PAT_LIST,01/07/2026,C83005,SPILSBY SURGERY,E01026044,FEMALE,1
GP_PRAC_PAT_LIST,01/07/2026,C83005,SPILSBY SURGERY,E01026046,FEMALE,3
GP_PRAC_PAT_LIST,01/07/2026,C83005,SPILSBY SURGERY,E01026047,FEMALE,5
GP_PRAC_PAT_LIST,01/07/2026,C83005,SPILSBY SURGERY,E01026055,FEMALE,440
GP_PRAC_PAT_LIST,01/07/2026,C83005,SPILSBY SURGERY,E01026056,FEMALE,42
GP_PRAC_PAT_LIST,01/07/2026,C83005,SPILSBY SURGERY,E01026057,FEMALE,2
GP_PRAC_PAT_LIST,01/07/2026,C83005,SPILSBY SURGERY,E01026059,FEMALE,490
GP_PRAC_PAT_LIST,01/07/2026,C83005,SPILSBY SURGERY,E01026060,FEMALE,278
GP_PRAC_PAT_LIST,01/07/2026,C83005,SPILSBY SURGERY,E01026066,FEMALE,2
GP_PRAC_PAT_LIST,01/07/2026,C83005,SPILSBY SURGERY,E01026068,FEMALE,573
GP_PRAC_PAT_LIST,01/07/2026,C83005,SPILSBY SURGERY,E01026072,FEMALE,1
GP_PRAC_PAT_LIST,01/07/2026,C83005,SPILSBY SURGERY,E01026075,FEMALE,9
GP_PRAC_PAT_LIST,01/07/2026,C83005,SPILSBY SURGERY,E01026077,FEMALE,1
GP_PRAC_PAT_LIST,01/07/2026,C83005,SPILSBY SURGERY,E01026094,FEMALE,3
GP_PRAC_PAT_LIST,01/07/2026,C83005,SPILSBY SURGERY,E01026098,FEMALE,2
GP_PRAC_PAT_LIST,01/07/2026,C83005,SPILSBY SURGERY,E01026100,FEMALE,937
GP_PRAC_PAT_LIST,01/07/2026,C83005,SPILSBY SURGERY,E01026101,FEMALE,703
GP_PRAC_PAT_LIST,01/07/2026,C83005,SPILSBY SURGERY,E01026102,FEMALE,33
GP_PRAC_PAT_LIST,01/07/2026,C83005,SPILSBY SURGERY,E01026105,FEMALE,55
GP_PRAC_PAT_LIST,01/07/2026,C83005,SPILSBY SURGERY,E01026113,FEMALE,120
GP_PRAC_PAT_LIST,01/07/2026,C83005,SPILSBY SURGERY,E01026116,FEMALE,1
GP_PRAC_PAT_LIST,01/07/2026,C83005,SPILSBY SURGERY,E01026117,FEMALE,1
GP_PRAC_PAT_LIST,01/07/2026,C83005,SPILSBY SURGERY,E01026272,FEMALE,1
GP_PRAC_PAT_LIST,01/07/2026,C83005,SPILSBY SURGERY,E01030208,FEMALE,1
GP_PRAC_PAT_LIST,01/07/2026,C83007,LAKESIDE HEALTHCARE STAMFORD,CLOSED,FEMALE,4
GP_PRAC_PAT_LIST,01/07/2026,C83007,LAKESIDE HEALTHCARE STAMFORD,E01001896,FEMALE,1
GP_PRAC_PAT_LIST,01/07/2026,C83007,LAKESIDE HEALTHCARE STAMFORD,E01001906,FEMALE,1
GP_PRAC_PAT_LIST,01/07/2026,C83007,LAKESIDE HEALTHCARE STAMFORD,E01001988,FEMALE,1
GP_PRAC_PAT_LIST,01/07/2026,C83007,LAKESIDE HEALTHCARE STAMFORD,E01003198,FEMALE,1
GP_PRAC_PAT_LIST,01/07/2026,C83007,LAKESIDE HEALTHCARE STAMFORD,E01004564,FEMALE,1
GP_PRAC_PAT_LIST,01/07/2026,C83007,LAKESIDE HEALTHCARE STAMFORD,E01013787,FEMALE,1
GP_PRAC_PAT_LIST,01/07/2026,C83007,LAKESIDE HEALTHCARE STAMFORD,E01013788,FEMALE,6
GP_PRAC_PAT_LIST,01/07/2026,C83007,LAKESIDE HEALTHCARE STAMFORD,E01013790,FEMALE,8
GP_PRAC_PAT_LIST,01/07/2026,C83007,LAKESIDE HEALTHCARE STAMFORD,E01013791,FEMALE,284
GP_PRAC_PAT_LIST,01/07/2026,C83007,LAKESIDE HEALTHCARE STAMFORD,E01013792,FEMALE,170
GP_PRAC_PAT_LIST,01/07/2026,C83007,LAKESIDE HEALTHCARE STAMFORD,E01013794,FEMALE,2
GP_PRAC_PAT_LIST,01/07/2026,C83007,LAKESIDE HEALTHCARE STAMFORD,E01013795,FEMALE,1
GP_PRAC_PAT_LIST,01/07/2026,C83007,LAKESIDE HEALTHCARE STAMFORD,E01013796,FEMALE,13
GP_PRAC_PAT_LIST,01/07/2026,C83007,LAKESIDE HEALTHCARE STAMFORD,E01013797,FEMALE,13
GP_PRAC_PAT_LIST,01/07/2026,C83007,LAKESIDE HEALTHCARE STAMFORD,E01013800,FEMALE,1
GP_PRAC_PAT_LIST,01/07/2026,C83007,LAKESIDE HEALTHCARE STAMFORD,E01013804,FEMALE,553
GP_PRAC_PAT_LIST,01/07/2026,C83007,LAKESIDE HEALTHCARE STAMFORD,E01013805,FEMALE,353
GP_PRAC_PAT_LIST,01/07/2026,C83007,LAKESIDE HEALTHCARE STAMFORD,E01013965,FEMALE,2
GP_PRAC_PAT_LIST,01/07/2026,C83007,LAKESIDE HEALTHCARE STAMFORD,E01015589,FEMALE,179
GP_PRAC_PAT_LIST,01/07/2026,C83007,LAKESIDE HEALTHCARE STAMFORD,E01015590,FEMALE,490
GP_PRAC_PAT_LIST,01/07/2026,C83007,LAKESIDE HEALTHCARE STAMFORD,E01015597,FEMALE,1
GP_PRAC_PAT_LIST,01/07/2026,C83007,LAKESIDE HEALTHCARE STAMFORD,E01015599,FEMALE,1
GP_PRAC_PAT_LIST,01/07/2026,C83007,LAKESIDE HEALTHCARE STAMFORD,E01015613,FEMALE,1
GP_PRAC_PAT_LIST,01/07/2026,C83007,LAKESIDE HEALTHCARE STAMFORD,E01015624,FEMALE,1
GP_PRAC_PAT_LIST,01/07/2026,C83007,LAKESIDE HEALTHCARE STAMFORD,E01015626,FEMALE,170
GP_PRAC_PAT_LIST,01/07/2026,C83007,LAKESIDE HEALTHCARE STAMFORD,E01015627,FEMALE,1
GP_PRAC_PAT_LIST,01/07/2026,C83007,LAKESIDE HEALTHCARE STAMFORD,E01015628,FEMALE,174
GP_PRAC_PAT_LIST,01/07/2026,C83007,LAKESIDE HEALTHCARE STAMFORD,E01015635,FEMALE,1
GP_PRAC_PAT_LIST,01/07/2026,C83007,LAKESIDE HEALTHCARE STAMFORD,E01015636,FEMALE,3
GP_PRAC_PAT_LIST,01/07/2026,C83007,LAKESIDE HEALTHCARE STAMFORD,E01015645,FEMALE,1
GP_PRAC_PAT_LIST,01/07/2026,C83007,LAKESIDE HEALTHCARE STAMFORD,E01015659,FEMALE,1
GP_PRAC_PAT_LIST,01/07/2026,C83007,LAKESIDE HEALTHCARE STAMFORD,E01015672,FEMALE,1
GP_PRAC_PAT_LIST,01/07/2026,C83007,LAKESIDE HEALTHCARE STAMFORD,E01015680,FEMALE,1
GP_PRAC_PAT_LIST,01/07/2026,C83007,LAKESIDE HEALTHCARE STAMFORD,E01015759,FEMALE,1
GP_PRAC_PAT_LIST,01/07/2026,C83007,LAKESIDE HEALTHCARE STAMFORD,E01018058,FEMALE,1
GP_PRAC_PAT_LIST,01/07/2026,C83007,LAKESIDE HEALTHCARE STAMFORD,E01018074,FEMALE,1
GP_PRAC_PAT_LIST,01/07/2026,C83007,LAKESIDE HEALTHCARE STAMFORD,E01018090,FEMALE,1
GP_PRAC_PAT_LIST,01/07/2026,C83007,LAKESIDE HEALTHCARE STAMFORD,E01018120,FEMALE,1
GP_PRAC_PAT_LIST,01/07/2026,C83007,LAKESIDE HEALTHCARE STAMFORD,E01018128,FEMALE,2
GP_PRAC_PAT_LIST,01/07/2026,C83007,LAKESIDE HEALTHCARE STAMFORD,E01018157,FEMALE,1
GP_PRAC_PAT_LIST,01/07/2026,C83007,LAKESIDE HEALTHCARE STAMFORD,E01023656,FEMALE,1
GP_PRAC_PAT_LIST,01/07/2026,C83007,LAKESIDE HEALTHCARE STAMFORD,E01026041,FEMALE,1
GP_PRAC_PAT_LIST,01/07/2026,C83007,LAKESIDE HEALTHCARE STAMFORD,E01026046,FEMALE,1
GP_PRAC_PAT_LIST,01/07/2026,C83007,LAKESIDE HEALTHCARE STAMFORD,E01026072,FEMALE,1
GP_PRAC_PAT_LIST,01/07/2026,C83007,LAKESIDE HEALTHCARE STAMFORD,E01026241,FEMALE,1
GP_PRAC_PAT_LIST,01/07/2026,C83007,LAKESIDE HEALTHCARE STAMFORD,E01026272,FEMALE,1
GP_PRAC_PAT_LIST,01/07/2026,C83007,LAKESIDE HEALTHCARE STAMFORD,E01026287,FEMALE,613
GP_PRAC_PAT_LIST,01/07/2026,C83007,LAKESIDE HEALTHCARE STAMFORD,E01026288,FEMALE,843
GP_PRAC_PAT_LIST,01/07/2026,C83007,LAKESIDE HEALTHCARE STAMFORD,E01026289,FEMALE,1127
GP_PRAC_PAT_LIST,01/07/2026,C83007,LAKESIDE HEALTHCARE STAMFORD,E01026297,FEMALE,1
GP_PRAC_PAT_LIST,01/07/2026,C83007,LAKESIDE HEALTHCARE STAMFORD,E01026299,FEMALE,2
GP_PRAC_PAT_LIST,01/07/2026,C83007,LAKESIDE HEALTHCARE STAMFORD,E01026304,FEMALE,2
GP_PRAC_PAT_LIST,01/07/2026,C83007,LAKESIDE HEALTHCARE STAMFORD,E01026312,FEMALE,1
GP_PRAC_PAT_LIST,01/07/2026,C83007,LAKESIDE HEALTHCARE STAMFORD,E01026316,FEMALE,1
GP_PRAC_PAT_LIST,01/07/2026,C83007,LAKESIDE HEALTHCARE STAMFORD,E01026326,FEMALE,1
GP_PRAC_PAT_LIST,01/07/2026,C83007,LAKESIDE HEALTHCARE STAMFORD,E01026330,FEMALE,229
GP_PRAC_PAT_LIST,01/07/2026,C83007,LAKESIDE HEALTHCARE STAMFORD,E01026331,FEMALE,1
GP_PRAC_PAT_LIST,01/07/2026,C83007,LAKESIDE HEALTHCARE STAMFORD,E01026334,FEMALE,5
GP_PRAC_PAT_LIST,01/07/2026,C83007,LAKESIDE HEALTHCARE STAMFORD,E01026335,FEMALE,1
GP_PRAC_PAT_LIST,01/07/2026,C83007,LAKESIDE HEALTHCARE STAMFORD,E01026336,FEMALE,2
GP_PRAC_PAT_LIST,01/07/2026,C83007,LAKESIDE HEALTHCARE STAMFORD,E01026337,FEMALE,1
GP_PRAC_PAT_LIST,01/07/2026,C83007,LAKESIDE HEALTHCARE STAMFORD,E01026338,FEMALE,14
GP_PRAC_PAT_LIST,01/07/2026,C83007,LAKESIDE HEALTHCARE STAMFORD,E01026339,FEMALE,2
GP_PRAC_PAT_LIST,01/07/2026,C83007,LAKESIDE HEALTHCARE STAMFORD,E01026346,FEMALE,523
GP_PRAC_PAT_LIST,01/07/2026,C83007,LAKESIDE HEALTHCARE STAMFORD,E01026347,FEMALE,722
GP_PRAC_PAT_LIST,01/07/2026,C83007,LAKESIDE HEALTHCARE STAMFORD,E01026348,FEMALE,639
GP_PRAC_PAT_LIST,01/07/2026,C83007,LAKESIDE HEALTHCARE STAMFORD,E01026349,FEMALE,695
GP_PRAC_PAT_LIST,01/07/2026,C83007,LAKESIDE HEALTHCARE STAMFORD,E01026350,FEMALE,1165
GP_PRAC_PAT_LIST,01/07/2026,C83007,LAKESIDE HEALTHCARE STAMFORD,E01026351,FEMALE,713
GP_PRAC_PAT_LIST,01/07/2026,C83007,LAKESIDE HEALTHCARE STAMFORD,E01026356,FEMALE,579
GP_PRAC_PAT_LIST,01/07/2026,C83007,LAKESIDE HEALTHCARE STAMFORD,E01026357,FEMALE,573
GP_PRAC_PAT_LIST,01/07/2026,C83007,LAKESIDE HEALTHCARE STAMFORD,E01026358,FEMALE,563
GP_PRAC_PAT_LIST,01/07/2026,C83007,LAKESIDE HEALTHCARE STAMFORD,E01026359,FEMALE,1128
GP_PRAC_PAT_LIST,01/07/2026,C83007,LAKESIDE HEALTHCARE STAMFORD,E01026360,FEMALE,1
GP_PRAC_PAT_LIST,01/07/2026,C83007,LAKESIDE HEALTHCARE STAMFORD,E01026361,FEMALE,1
GP_PRAC_PAT_LIST,01/07/2026,C83007,LAKESIDE HEALTHCARE STAMFORD,E01026362,FEMALE,8
GP_PRAC_PAT_LIST,01/07/2026,C83007,LAKESIDE HEALTHCARE STAMFORD,E01026363,FEMALE,638
GP_PRAC_PAT_LIST,01/07/2026,C83007,LAKESIDE HEALTHCARE STAMFORD,E01026364,FEMALE,5
GP_PRAC_PAT_LIST,01/07/2026,C83007,LAKESIDE HEALTHCARE STAMFORD,E01026509,FEMALE,1
GP_PRAC_PAT_LIST,01/07/2026,C83007,LAKESIDE HEALTHCARE STAMFORD,E01026913,FEMALE,1
GP_PRAC_PAT_LIST,01/07/2026,C83007,LAKESIDE HEALTHCARE STAMFORD,E01027033,FEMALE,433
GP_PRAC_PAT_LIST,01/07/2026,C83007,LAKESIDE HEALTHCARE STAMFORD,E01027043,FEMALE,5
GP_PRAC_PAT_LIST,01/07/2026,C83007,LAKESIDE HEALTHCARE STAMFORD,E01027044,FEMALE,2
GP_PRAC_PAT_LIST,01/07/2026,C83007,LAKESIDE HEALTHCARE STAMFORD,E01027050,FEMALE,2
GP_PRAC_PAT_LIST,01/07/2026,C83007,LAKESIDE HEALTHCARE STAMFORD,E01027107,FEMALE,1
GP_PRAC_PAT_LIST,01/07/2026,C83007,LAKESIDE HEALTHCARE STAMFORD,E01028284,FEMALE,1
GP_PRAC_PAT_LIST,01/07/2026,C83007,LAKESIDE HEALTHCARE STAMFORD,E01031078,FEMALE,3
GP_PRAC_PAT_LIST,01/07/2026,C83007,LAKESIDE HEALTHCARE STAMFORD,E01031656,FEMALE,1
GP_PRAC_PAT_LIST,01/07/2026,C83007,LAKESIDE HEALTHCARE STAMFORD,E01032998,FEMALE,2
GP_PRAC_PAT_LIST,01/07/2026,C83007,LAKESIDE HEALTHCARE STAMFORD,E01033174,FEMALE,1
GP_PRAC_PAT_LIST,01/07/2026,C83007,LAKESIDE HEALTHCARE STAMFORD,E01033175,FEMALE,1
GP_PRAC_PAT_LIST,01/07/2026,C83007,LAKESIDE HEALTHCARE STAMFORD,E01034703,FEMALE,2
GP_PRAC_PAT_LIST,01/07/2026,C83007,LAKESIDE HEALTHCARE STAMFORD,E01034704,FEMALE,4
GP_PRAC_PAT_LIST,01/07/2026,C83007,LAKESIDE HEALTHCARE STAMFORD,E01034705,FEMALE,2
GP_PRAC_PAT_LIST,01/07/2026,C83007,LAKESIDE HEALTHCARE STAMFORD,E01035103,FEMALE,2
GP_PRAC_PAT_LIST,01/07/2026,C83007,LAKESIDE HEALTHCARE STAMFORD,E01035104,FEMALE,1
GP_PRAC_PAT_LIST,01/07/2026,C83007,LAKESIDE HEALTHCARE STAMFORD,E01035396,FEMALE,1
GP_PRAC_PAT_LIST,01/07/2026,C83007,LAKESIDE HEALTHCARE STAMFORD,E01035545,FEMALE,1
GP_PRAC_PAT_LIST,01/07/2026,C83007,LAKESIDE HEALTHCARE STAMFORD,E01035547,FEMALE,1
GP_PRAC_PAT_LIST,01/07/2026,C83007,LAKESIDE HEALTHCARE STAMFORD,E01035552,FEMALE,1
GP_PRAC_PAT_LIST,01/07/2026,C83007,LAKESIDE HEALTHCARE STAMFORD,E01035554,FEMALE,1
GP_PRAC_PAT_LIST,01/07/2026,C83007,LAKESIDE HEALTHCARE STAMFORD,EMPTY,FEMALE,12
GP_PRAC_PAT_LIST,01/07/2026,C83008,SWINGBRIDGE SURGERY,CLOSED,FEMALE,1
GP_PRAC_PAT_LIST,01/07/2026,C83008,SWINGBRIDGE SURGERY,E01001661,FEMALE,1
GP_PRAC_PAT_LIST,01/07/2026,C83008,SWINGBRIDGE SURGERY,E01011442,FEMALE,1
GP_PRAC_PAT_LIST,01/07/2026,C83008,SWINGBRIDGE SURGERY,E01013932,FEMALE,1
GP_PRAC_PAT_LIST,01/07/2026,C83008,SWINGBRIDGE SURGERY,E01023843,FEMALE,1
GP_PRAC_PAT_LIST,01/07/2026,C83008,SWINGBRIDGE SURGERY,E01025885,FEMALE,1
GP_PRAC_PAT_LIST,01/07/2026,C83008,SWINGBRIDGE SURGERY,E01025892,FEMALE,1
GP_PRAC_PAT_LIST,01/07/2026,C83008,SWINGBRIDGE SURGERY,E01026207,FEMALE,1
GP_PRAC_PAT_LIST,01/07/2026,C83008,SWINGBRIDGE SURGERY,E01026228,FEMALE,1
GP_PRAC_PAT_LIST,01/07/2026,C83008,SWINGBRIDGE SURGERY,E01026288,FEMALE,1
GP_PRAC_PAT_LIST,01/07/2026,C83008,SWINGBRIDGE SURGERY,E01026291,FEMALE,454
GP_PRAC_PAT_LIST,01/07/2026,C83008,SWINGBRIDGE SURGERY,E01026292,FEMALE,27
GP_PRAC_PAT_LIST,01/07/2026,C83008,SWINGBRIDGE SURGERY,E01026293,FEMALE,45
GP_PRAC_PAT_LIST,01/07/2026,C83008,SWINGBRIDGE SURGERY,E01026294,FEMALE,38
GP_PRAC_PAT_LIST,01/07/2026,C83008,SWINGBRIDGE SURGERY,E01026308,FEMALE,367
GP_PRAC_PAT_LIST,01/07/2026,C83008,SWINGBRIDGE SURGERY,E01026309,FEMALE,241
GP_PRAC_PAT_LIST,01/07/2026,C83008,SWINGBRIDGE SURGERY,E01026310,FEMALE,259
GP_PRAC_PAT_LIST,01/07/2026,C83008,SWINGBRIDGE SURGERY,E01026311,FEMALE,252
GP_PRAC_PAT_LIST,01/07/2026,C83008,SWINGBRIDGE SURGERY,E01026312,FEMALE,320
GP_PRAC_PAT_LIST,01/07/2026,C83008,SWINGBRIDGE SURGERY,E01026313,FEMALE,10
GP_PRAC_PAT_LIST,01/07/2026,C83008,SWINGBRIDGE SURGERY,E01026315,FEMALE,63
GP_PRAC_PAT_LIST,01/07/2026,C83008,SWINGBRIDGE SURGERY,E01026316,FEMALE,3
GP_PRAC_PAT_LIST,01/07/2026,C83008,SWINGBRIDGE SURGERY,E01026317,FEMALE,161
GP_PRAC_PAT_LIST,01/07/2026,C83008,SWINGBRIDGE SURGERY,E01026318,FEMALE,134
GP_PRAC_PAT_LIST,01/07/2026,C83008,SWINGBRIDGE SURGERY,E01026319,FEMALE,348
GP_PRAC_PAT_LIST,01/07/2026,C83008,SWINGBRIDGE SURGERY,E01026321,FEMALE,243
GP_PRAC_PAT_LIST,01/07/2026,C83008,SWINGBRIDGE SURGERY,E01026322,FEMALE,111
GP_PRAC_PAT_LIST,01/07/2026,C83008,SWINGBRIDGE SURGERY,E01026323,FEMALE,41
GP_PRAC_PAT_LIST,01/07/2026,C83008,SWINGBRIDGE SURGERY,E01026324,FEMALE,83
GP_PRAC_PAT_LIST,01/07/2026,C83008,SWINGBRIDGE SURGERY,E01026325,FEMALE,26
GP_PRAC_PAT_LIST,01/07/2026,C83008,SWINGBRIDGE SURGERY,E01026326,FEMALE,14
GP_PRAC_PAT_LIST,01/07/2026,C83008,SWINGBRIDGE SURGERY,E01026327,FEMALE,24
GP_PRAC_PAT_LIST,01/07/2026,C83008,SWINGBRIDGE SURGERY,E01026328,FEMALE,55
GP_PRAC_PAT_LIST,01/07/2026,C83008,SWINGBRIDGE SURGERY,E01026329,FEMALE,1
GP_PRAC_PAT_LIST,01/07/2026,C83008,SWINGBRIDGE SURGERY,E01026331,FEMALE,7
GP_PRAC_PAT_LIST,01/07/2026,C83008,SWINGBRIDGE SURGERY,E01026332,FEMALE,9
GP_PRAC_PAT_LIST,01/07/2026,C83008,SWINGBRIDGE SURGERY,E01026333,FEMALE,5
GP_PRAC_PAT_LIST,01/07/2026,C83008,SWINGBRIDGE SURGERY,E01026340,FEMALE,47
GP_PRAC_PAT_LIST,01/07/2026,C83008,SWINGBRIDGE SURGERY,E01026343,FEMALE,33
GP_PRAC_PAT_LIST,01/07/2026,C83008,SWINGBRIDGE SURGERY,E01026344,FEMALE,53
GP_PRAC_PAT_LIST,01/07/2026,C83008,SWINGBRIDGE SURGERY,E01026345,FEMALE,38
GP_PRAC_PAT_LIST,01/07/2026,C83008,SWINGBRIDGE SURGERY,E01026352,FEMALE,28
GP_PRAC_PAT_LIST,01/07/2026,C83008,SWINGBRIDGE SURGERY,E01026353,FEMALE,26
GP_PRAC_PAT_LIST,01/07/2026,C83008,SWINGBRIDGE SURGERY,E01026354,FEMALE,24
GP_PRAC_PAT_LIST,01/07/2026,C83008,SWINGBRIDGE SURGERY,E01026355,FEMALE,1
GP_PRAC_PAT_LIST,01/07/2026,C83008,SWINGBRIDGE SURGERY,E01026365,FEMALE,9
GP_PRAC_PAT_LIST,01/07/2026,C83008,SWINGBRIDGE SURGERY,E01028112,FEMALE,1
GP_PRAC_PAT_LIST,01/07/2026,C83008,SWINGBRIDGE SURGERY,E01028290,FEMALE,2
GP_PRAC_PAT_LIST,01/07/2026,C83008,SWINGBRIDGE SURGERY,E01028359,FEMALE,1
GP_PRAC_PAT_LIST,01/07/2026,C83008,SWINGBRIDGE SURGERY,E01034691,FEMALE,1
GP_PRAC_PAT_LIST,01/07/2026,C83008,SWINGBRIDGE SURGERY,E01034701,FEMALE,257
GP_PRAC_PAT_LIST,01/07/2026,C83008,SWINGBRIDGE SURGERY,E01034702,FEMALE,175
GP_PRAC_PAT_LIST,01/07/2026,C83008,SWINGBRIDGE SURGERY,E01035455,FEMALE,1
GP_PRAC_PAT_LIST,01/07/2026,C83008,SWINGBRIDGE SURGERY,EMPTY,FEMALE,3
GP_PRAC_PAT_LIST,01/07/2026,C83009,LINDUM MEDICAL PRACTICE,E01010017,FEMALE,1
GP_PRAC_PAT_LIST,01/07/2026,C83009,LINDUM MEDICAL PRACTICE,E01015661,FEMALE,1
GP_PRAC_PAT_LIST,01/07/2026,C83009,LINDUM MEDICAL PRACTICE,E01019669,FEMALE,1
GP_PRAC_PAT_LIST,01/07/2026,C83009,LINDUM MEDICAL PRACTICE,E01026122,FEMALE,33
GP_PRAC_PAT_LIST,01/07/2026,C83009,LINDUM MEDICAL PRACTICE,E01026123,FEMALE,119
GP_PRAC_PAT_LIST,01/07/2026,C83009,LINDUM MEDICAL PRACTICE,E01026124,FEMALE,11
GP_PRAC_PAT_LIST,01/07/2026,C83009,LINDUM MEDICAL PRACTICE,E01026125,FEMALE,53
GP_PRAC_PAT_LIST,01/07/2026,C83009,LINDUM MEDICAL PRACTICE,E01026126,FEMALE,16
GP_PRAC_PAT_LIST,01/07/2026,C83009,LINDUM MEDICAL PRACTICE,E01026127,FEMALE,1
GP_PRAC_PAT_LIST,01/07/2026,C83009,LINDUM MEDICAL PRACTICE,E01026132,FEMALE,16
GP_PRAC_PAT_LIST,01/07/2026,C83009,LINDUM MEDICAL PRACTICE,E01026136,FEMALE,1
GP_PRAC_PAT_LIST,01/07/2026,C83009,LINDUM MEDICAL PRACTICE,E01026140,FEMALE,1
GP_PRAC_PAT_LIST,01/07/2026,C83009,LINDUM MEDICAL PRACTICE,E01026142,FEMALE,3
GP_PRAC_PAT_LIST,01/07/2026,C83009,LINDUM MEDICAL PRACTICE,E01026144,FEMALE,24
GP_PRAC_PAT_LIST,01/07/2026,C83009,LINDUM MEDICAL PRACTICE,E01026145,FEMALE,36
GP_PRAC_PAT_LIST,01/07/2026,C83009,LINDUM MEDICAL PRACTICE,E01026146,FEMALE,13
GP_PRAC_PAT_LIST,01/07/2026,C83009,LINDUM MEDICAL PRACTICE,E01026147,FEMALE,120
GP_PRAC_PAT_LIST,01/07/2026,C83009,LINDUM MEDICAL PRACTICE,E01026148,FEMALE,72
GP_PRAC_PAT_LIST,01/07/2026,C83009,LINDUM MEDICAL PRACTICE,E01026149,FEMALE,221
GP_PRAC_PAT_LIST,01/07/2026,C83009,LINDUM MEDICAL PRACTICE,E01026150,FEMALE,317
GP_PRAC_PAT_LIST,01/07/2026,C83009,LINDUM MEDICAL PRACTICE,E01026151,FEMALE,146
GP_PRAC_PAT_LIST,01/07/2026,C83009,LINDUM MEDICAL PRACTICE,E01026152,FEMALE,282
GP_PRAC_PAT_LIST,01/07/2026,C83009,LINDUM MEDICAL PRACTICE,E01026153,FEMALE,136
GP_PRAC_PAT_LIST,01/07/2026,C83009,LINDUM MEDICAL PRACTICE,E01026154,FEMALE,211
GP_PRAC_PAT_LIST,01/07/2026,C83009,LINDUM MEDICAL PRACTICE,E01026155,FEMALE,117
GP_PRAC_PAT_LIST,01/07/2026,C83009,LINDUM MEDICAL PRACTICE,E01026156,FEMALE,239
GP_PRAC_PAT_LIST,01/07/2026,C83009,LINDUM MEDICAL PRACTICE,E01026157,FEMALE,252
GP_PRAC_PAT_LIST,01/07/2026,C83009,LINDUM MEDICAL PRACTICE,E01026163,FEMALE,1
GP_PRAC_PAT_LIST,01/07/2026,C83009,LINDUM MEDICAL PRACTICE,E01026164,FEMALE,162
GP_PRAC_PAT_LIST,01/07/2026,C83009,LINDUM MEDICAL PRACTICE,E01026165,FEMALE,359
GP_PRAC_PAT_LIST,01/07/2026,C83009,LINDUM MEDICAL PRACTICE,E01026166,FEMALE,290
GP_PRAC_PAT_LIST,01/07/2026,C83009,LINDUM MEDICAL PRACTICE,E01026167,FEMALE,95
GP_PRAC_PAT_LIST,01/07/2026,C83009,LINDUM MEDICAL PRACTICE,E01026168,FEMALE,392
GP_PRAC_PAT_LIST,01/07/2026,C83009,LINDUM MEDICAL PRACTICE,E01026174,FEMALE,1
GP_PRAC_PAT_LIST,01/07/2026,C83009,LINDUM MEDICAL PRACTICE,E01026176,FEMALE,1
GP_PRAC_PAT_LIST,01/07/2026,C83009,LINDUM MEDICAL PRACTICE,E01026238,FEMALE,1
GP_PRAC_PAT_LIST,01/07/2026,C83009,LINDUM MEDICAL PRACTICE,E01026369,FEMALE,34
GP_PRAC_PAT_LIST,01/07/2026,C83009,LINDUM MEDICAL PRACTICE,E01026370,FEMALE,89
GP_PRAC_PAT_LIST,01/07/2026,C83009,LINDUM MEDICAL PRACTICE,E01026371,FEMALE,23
GP_PRAC_PAT_LIST,01/07/2026,C83009,LINDUM MEDICAL PRACTICE,E01026372,FEMALE,18
GP_PRAC_PAT_LIST,01/07/2026,C83009,LINDUM MEDICAL PRACTICE,E01026373,FEMALE,12
GP_PRAC_PAT_LIST,01/07/2026,C83009,LINDUM MEDICAL PRACTICE,E01026393,FEMALE,16
GP_PRAC_PAT_LIST,01/07/2026,C83009,LINDUM MEDICAL PRACTICE,E01026394,FEMALE,173
GP_PRAC_PAT_LIST,01/07/2026,C83009,LINDUM MEDICAL PRACTICE,E01026395,FEMALE,34
GP_PRAC_PAT_LIST,01/07/2026,C83009,LINDUM MEDICAL PRACTICE,E01026396,FEMALE,1
GP_PRAC_PAT_LIST,01/07/2026,C83009,LINDUM MEDICAL PRACTICE,E01026398,FEMALE,1
GP_PRAC_PAT_LIST,01/07/2026,C83009,LINDUM MEDICAL PRACTICE,E01026400,FEMALE,19
GP_PRAC_PAT_LIST,01/07/2026,C83009,LINDUM MEDICAL PRACTICE,E01026404,FEMALE,2
GP_PRAC_PAT_LIST,01/07/2026,C83009,LINDUM MEDICAL PRACTICE,E01026405,FEMALE,18
GP_PRAC_PAT_LIST,01/07/2026,C83009,LINDUM MEDICAL PRACTICE,E01026406,FEMALE,25
GP_PRAC_PAT_LIST,01/07/2026,C83009,LINDUM MEDICAL PRACTICE,E01026412,FEMALE,24
GP_PRAC_PAT_LIST,01/07/2026,C83009,LINDUM MEDICAL PRACTICE,E01026413,FEMALE,9
GP_PRAC_PAT_LIST,01/07/2026,C83009,LINDUM MEDICAL PRACTICE,E01026414,FEMALE,6
GP_PRAC_PAT_LIST,01/07/2026,C83009,LINDUM MEDICAL PRACTICE,E01033938,FEMALE,1
GP_PRAC_PAT_LIST,01/07/2026,C83009,LINDUM MEDICAL PRACTICE,E01034687,FEMALE,7
GP_PRAC_PAT_LIST,01/07/2026,C83009,LINDUM MEDICAL PRACTICE,E01034688,FEMALE,18
GP_PRAC_PAT_LIST,01/07/2026,C83009,LINDUM MEDICAL PRACTICE,E01034691,FEMALE,2
GP_PRAC_PAT_LIST,01/07/2026,C83009,LINDUM MEDICAL PRACTICE,E01034707,FEMALE,44
GP_PRAC_PAT_LIST,01/07/2026,C83009,LINDUM MEDICAL PRACTICE,EMPTY,FEMALE,1
GP_PRAC_PAT_LIST,01/07/2026,C83010,PARKSIDE MEDICAL CENTRE,CLOSED,FEMALE,1
GP_PRAC_PAT_LIST,01/07/2026,C83010,PARKSIDE MEDICAL CENTRE,E01001035,FEMALE,1
GP_PRAC_PAT_LIST,01/07/2026,C83010,PARKSIDE MEDICAL CENTRE,E01011999,FEMALE,1
GP_PRAC_PAT_LIST,01/07/2026,C83010,PARKSIDE MEDICAL CENTRE,E01014034,FEMALE,1
GP_PRAC_PAT_LIST,01/07/2026,C83010,PARKSIDE MEDICAL CENTRE,E01015661,FEMALE,1
GP_PRAC_PAT_LIST,01/07/2026,C83010,PARKSIDE MEDICAL CENTRE,E01017609,FEMALE,1
GP_PRAC_PAT_LIST,01/07/2026,C83010,PARKSIDE MEDICAL CENTRE,E01018817,FEMALE,1
GP_PRAC_PAT_LIST,01/07/2026,C83010,PARKSIDE MEDICAL CENTRE,E01026007,FEMALE,140
GP_PRAC_PAT_LIST,01/07/2026,C83010,PARKSIDE MEDICAL CENTRE,E01026008,FEMALE,156
GP_PRAC_PAT_LIST,01/07/2026,C83010,PARKSIDE MEDICAL CENTRE,E01026009,FEMALE,57
GP_PRAC_PAT_LIST,01/07/2026,C83010,PARKSIDE MEDICAL CENTRE,E01026010,FEMALE,264
GP_PRAC_PAT_LIST,01/07/2026,C83010,PARKSIDE MEDICAL CENTRE,E01026012,FEMALE,221
GP_PRAC_PAT_LIST,01/07/2026,C83010,PARKSIDE MEDICAL CENTRE,E01026013,FEMALE,376
GP_PRAC_PAT_LIST,01/07/2026,C83010,PARKSIDE MEDICAL CENTRE,E01026014,FEMALE,299
GP_PRAC_PAT_LIST,01/07/2026,C83010,PARKSIDE MEDICAL CENTRE,E01026015,FEMALE,337
GP_PRAC_PAT_LIST,01/07/2026,C83010,PARKSIDE MEDICAL CENTRE,E01026016,FEMALE,6
GP_PRAC_PAT_LIST,01/07/2026,C83010,PARKSIDE MEDICAL CENTRE,E01026017,FEMALE,4
GP_PRAC_PAT_LIST,01/07/2026,C83010,PARKSIDE MEDICAL CENTRE,E01026018,FEMALE,84
GP_PRAC_PAT_LIST,01/07/2026,C83010,PARKSIDE MEDICAL CENTRE,E01026019,FEMALE,78
GP_PRAC_PAT_LIST,01/07/2026,C83010,PARKSIDE MEDICAL CENTRE,E01026020,FEMALE,100
GP_PRAC_PAT_LIST,01/07/2026,C83010,PARKSIDE MEDICAL CENTRE,E01026021,FEMALE,607
GP_PRAC_PAT_LIST,01/07/2026,C83010,PARKSIDE MEDICAL CENTRE,E01026022,FEMALE,560
GP_PRAC_PAT_LIST,01/07/2026,C83010,PARKSIDE MEDICAL CENTRE,E01026023,FEMALE,4
GP_PRAC_PAT_LIST,01/07/2026,C83010,PARKSIDE MEDICAL CENTRE,E01026024,FEMALE,38
GP_PRAC_PAT_LIST,01/07/2026,C83010,PARKSIDE MEDICAL CENTRE,E01026025,FEMALE,450
GP_PRAC_PAT_LIST,01/07/2026,C83010,PARKSIDE MEDICAL CENTRE,E01026026,FEMALE,319
GP_PRAC_PAT_LIST,01/07/2026,C83010,PARKSIDE MEDICAL CENTRE,E01026027,FEMALE,286
GP_PRAC_PAT_LIST,01/07/2026,C83010,PARKSIDE MEDICAL CENTRE,E01026028,FEMALE,385
GP_PRAC_PAT_LIST,01/07/2026,C83010,PARKSIDE MEDICAL CENTRE,E01026030,FEMALE,309
GP_PRAC_PAT_LIST,01/07/2026,C83010,PARKSIDE MEDICAL CENTRE,E01026031,FEMALE,237
GP_PRAC_PAT_LIST,01/07/2026,C83010,PARKSIDE MEDICAL CENTRE,E01026032,FEMALE,361
GP_PRAC_PAT_LIST,01/07/2026,C83010,PARKSIDE MEDICAL CENTRE,E01026033,FEMALE,32
GP_PRAC_PAT_LIST,01/07/2026,C83010,PARKSIDE MEDICAL CENTRE,E01026034,FEMALE,4
GP_PRAC_PAT_LIST,01/07/2026,C83010,PARKSIDE MEDICAL CENTRE,E01026035,FEMALE,274
GP_PRAC_PAT_LIST,01/07/2026,C83010,PARKSIDE MEDICAL CENTRE,E01026036,FEMALE,556
GP_PRAC_PAT_LIST,01/07/2026,C83010,PARKSIDE MEDICAL CENTRE,E01026037,FEMALE,349
GP_PRAC_PAT_LIST,01/07/2026,C83010,PARKSIDE MEDICAL CENTRE,E01026038,FEMALE,304
GP_PRAC_PAT_LIST,01/07/2026,C83010,PARKSIDE MEDICAL CENTRE,E01026039,FEMALE,123
GP_PRAC_PAT_LIST,01/07/2026,C83010,PARKSIDE MEDICAL CENTRE,E01026040,FEMALE,162
GP_PRAC_PAT_LIST,01/07/2026,C83010,PARKSIDE MEDICAL CENTRE,E01026041,FEMALE,121
GP_PRAC_PAT_LIST,01/07/2026,C83010,PARKSIDE MEDICAL CENTRE,E01026053,FEMALE,1
GP_PRAC_PAT_LIST,01/07/2026,C83010,PARKSIDE MEDICAL CENTRE,E01026057,FEMALE,146
GP_PRAC_PAT_LIST,01/07/2026,C83010,PARKSIDE MEDICAL CENTRE,E01026072,FEMALE,1
GP_PRAC_PAT_LIST,01/07/2026,C83010,PARKSIDE MEDICAL CENTRE,E01026075,FEMALE,6
GP_PRAC_PAT_LIST,01/07/2026,C83010,PARKSIDE MEDICAL CENTRE,E01026098,FEMALE,122
GP_PRAC_PAT_LIST,01/07/2026,C83010,PARKSIDE MEDICAL CENTRE,E01026102,FEMALE,3
GP_PRAC_PAT_LIST,01/07/2026,C83010,PARKSIDE MEDICAL CENTRE,E01026111,FEMALE,1
GP_PRAC_PAT_LIST,01/07/2026,C83010,PARKSIDE MEDICAL CENTRE,E01026122,FEMALE,1
GP_PRAC_PAT_LIST,01/07/2026,C83010,PARKSIDE MEDICAL CENTRE,E01026173,FEMALE,1
GP_PRAC_PAT_LIST,01/07/2026,C83010,PARKSIDE MEDICAL CENTRE,E01026200,FEMALE,1
GP_PRAC_PAT_LIST,01/07/2026,C83010,PARKSIDE MEDICAL CENTRE,E01026202,FEMALE,1
GP_PRAC_PAT_LIST,01/07/2026,C83010,PARKSIDE MEDICAL CENTRE,E01026212,FEMALE,1
GP_PRAC_PAT_LIST,01/07/2026,C83010,PARKSIDE MEDICAL CENTRE,E01026247,FEMALE,1
GP_PRAC_PAT_LIST,01/07/2026,C83010,PARKSIDE MEDICAL CENTRE,E01026250,FEMALE,1
GP_PRAC_PAT_LIST,01/07/2026,C83010,PARKSIDE MEDICAL CENTRE,E01026255,FEMALE,2
GP_PRAC_PAT_LIST,01/07/2026,C83010,PARKSIDE MEDICAL CENTRE,E01026268,FEMALE,1
GP_PRAC_PAT_LIST,01/07/2026,C83010,PARKSIDE MEDICAL CENTRE,E01028152,FEMALE,1
GP_PRAC_PAT_LIST,01/07/2026,C83010,PARKSIDE MEDICAL CENTRE,E01033175,FEMALE,1
GP_PRAC_PAT_LIST,01/07/2026,C83010,PARKSIDE MEDICAL CENTRE,E01034679,FEMALE,228
GP_PRAC_PAT_LIST,01/07/2026,C83010,PARKSIDE MEDICAL CENTRE,E01034680,FEMALE,220
GP_PRAC_PAT_LIST,01/07/2026,C83010,PARKSIDE MEDICAL CENTRE,E01034681,FEMALE,227
GP_PRAC_PAT_LIST,01/07/2026,C83010,PARKSIDE MEDICAL CENTRE,E01034682,FEMALE,278
GP_PRAC_PAT_LIST,01/07/2026,C83010,PARKSIDE MEDICAL CENTRE,E01034683,FEMALE,131
GP_PRAC_PAT_LIST,01/07/2026,C83010,PARKSIDE MEDICAL CENTRE,E01034684,FEMALE,144
GP_PRAC_PAT_LIST,01/07/2026,C83010,PARKSIDE MEDICAL CENTRE,EMPTY,FEMALE,8
GP_PRAC_PAT_LIST,01/07/2026,C83011,MILLVIEW MEDICAL CENTRE,E01013237,FEMALE,3
GP_PRAC_PAT_LIST,01/07/2026,C83011,MILLVIEW MEDICAL CENTRE,E01018108,FEMALE,1
GP_PRAC_PAT_LIST,01/07/2026,C83011,MILLVIEW MEDICAL CENTRE,E01026022,FEMALE,1
GP_PRAC_PAT_LIST,01/07/2026,C83011,MILLVIEW MEDICAL CENTRE,E01026033,FEMALE,5
GP_PRAC_PAT_LIST,01/07/2026,C83011,MILLVIEW MEDICAL CENTRE,E01026054,FEMALE,1
GP_PRAC_PAT_LIST,01/07/2026,C83011,MILLVIEW MEDICAL CENTRE,E01026058,FEMALE,1
GP_PRAC_PAT_LIST,01/07/2026,C83011,MILLVIEW MEDICAL CENTRE,E01026180,FEMALE,2
GP_PRAC_PAT_LIST,01/07/2026,C83011,MILLVIEW MEDICAL CENTRE,E01026183,FEMALE,1
GP_PRAC_PAT_LIST,01/07/2026,C83011,MILLVIEW MEDICAL CENTRE,E01026194,FEMALE,2
GP_PRAC_PAT_LIST,01/07/2026,C83011,MILLVIEW MEDICAL CENTRE,E01026197,FEMALE,75
GP_PRAC_PAT_LIST,01/07/2026,C83011,MILLVIEW MEDICAL CENTRE,E01026198,FEMALE,25
GP_PRAC_PAT_LIST,01/07/2026,C83011,MILLVIEW MEDICAL CENTRE,E01026200,FEMALE,703
GP_PRAC_PAT_LIST,01/07/2026,C83011,MILLVIEW MEDICAL CENTRE,E01026201,FEMALE,645
GP_PRAC_PAT_LIST,01/07/2026,C83011,MILLVIEW MEDICAL CENTRE,E01026202,FEMALE,899
GP_PRAC_PAT_LIST,01/07/2026,C83011,MILLVIEW MEDICAL CENTRE,E01026207,FEMALE,59
GP_PRAC_PAT_LIST,01/07/2026,C83011,MILLVIEW MEDICAL CENTRE,E01026208,FEMALE,313
GP_PRAC_PAT_LIST,01/07/2026,C83011,MILLVIEW MEDICAL CENTRE,E01026209,FEMALE,159
GP_PRAC_PAT_LIST,01/07/2026,C83011,MILLVIEW MEDICAL CENTRE,E01026210,FEMALE,1
GP_PRAC_PAT_LIST,01/07/2026,C83011,MILLVIEW MEDICAL CENTRE,E01026221,FEMALE,132
GP_PRAC_PAT_LIST,01/07/2026,C83011,MILLVIEW MEDICAL CENTRE,E01026222,FEMALE,61
GP_PRAC_PAT_LIST,01/07/2026,C83011,MILLVIEW MEDICAL CENTRE,E01026223,FEMALE,66
GP_PRAC_PAT_LIST,01/07/2026,C83011,MILLVIEW MEDICAL CENTRE,E01026224,FEMALE,40
GP_PRAC_PAT_LIST,01/07/2026,C83011,MILLVIEW MEDICAL CENTRE,E01026227,FEMALE,244
GP_PRAC_PAT_LIST,01/07/2026,C83011,MILLVIEW MEDICAL CENTRE,E01026228,FEMALE,321
GP_PRAC_PAT_LIST,01/07/2026,C83011,MILLVIEW MEDICAL CENTRE,E01026229,FEMALE,308
GP_PRAC_PAT_LIST,01/07/2026,C83011,MILLVIEW MEDICAL CENTRE,E01026230,FEMALE,343
GP_PRAC_PAT_LIST,01/07/2026,C83011,MILLVIEW MEDICAL CENTRE,E01026231,FEMALE,728
GP_PRAC_PAT_LIST,01/07/2026,C83011,MILLVIEW MEDICAL CENTRE,E01026232,FEMALE,280
GP_PRAC_PAT_LIST,01/07/2026,C83011,MILLVIEW MEDICAL CENTRE,E01026233,FEMALE,280
GP_PRAC_PAT_LIST,01/07/2026,C83011,MILLVIEW MEDICAL CENTRE,E01026235,FEMALE,261
GP_PRAC_PAT_LIST,01/07/2026,C83011,MILLVIEW MEDICAL CENTRE,E01026236,FEMALE,173
GP_PRAC_PAT_LIST,01/07/2026,C83011,MILLVIEW MEDICAL CENTRE,E01026282,FEMALE,1
GP_PRAC_PAT_LIST,01/07/2026,C83011,MILLVIEW MEDICAL CENTRE,E01026290,FEMALE,1
GP_PRAC_PAT_LIST,01/07/2026,C83011,MILLVIEW MEDICAL CENTRE,E01026310,FEMALE,1
GP_PRAC_PAT_LIST,01/07/2026,C83011,MILLVIEW MEDICAL CENTRE,E01026312,FEMALE,1
GP_PRAC_PAT_LIST,01/07/2026,C83011,MILLVIEW MEDICAL CENTRE,E01026317,FEMALE,3
GP_PRAC_PAT_LIST,01/07/2026,C83011,MILLVIEW MEDICAL CENTRE,E01026322,FEMALE,2
GP_PRAC_PAT_LIST,01/07/2026,C83011,MILLVIEW MEDICAL CENTRE,E01026327,FEMALE,1
GP_PRAC_PAT_LIST,01/07/2026,C83011,MILLVIEW MEDICAL CENTRE,E01026328,FEMALE,1
GP_PRAC_PAT_LIST,01/07/2026,C83011,MILLVIEW MEDICAL CENTRE,E01026340,FEMALE,1
GP_PRAC_PAT_LIST,01/07/2026,C83011,MILLVIEW MEDICAL CENTRE,E01026352,FEMALE,1
GP_PRAC_PAT_LIST,01/07/2026,C83011,MILLVIEW MEDICAL CENTRE,E01026354,FEMALE,1
GP_PRAC_PAT_LIST,01/07/2026,C83011,MILLVIEW MEDICAL CENTRE,E01026361,FEMALE,3
GP_PRAC_PAT_LIST,01/07/2026,C83011,MILLVIEW MEDICAL CENTRE,E01028035,FEMALE,1
GP_PRAC_PAT_LIST,01/07/2026,C83011,MILLVIEW MEDICAL CENTRE,E01034695,FEMALE,175
GP_PRAC_PAT_LIST,01/07/2026,C83011,MILLVIEW MEDICAL CENTRE,E01034696,FEMALE,287
GP_PRAC_PAT_LIST,01/07/2026,C83011,MILLVIEW MEDICAL CENTRE,E01034967,FEMALE,1
GP_PRAC_PAT_LIST,01/07/2026,C83011,MILLVIEW MEDICAL CENTRE,E01035478,FEMALE,1
GP_PRAC_PAT_LIST,01/07/2026,C83011,MILLVIEW MEDICAL CENTRE,EMPTY,FEMALE,3
GP_PRAC_PAT_LIST,01/07/2026,C83013,RUSKINGTON SURGERY,E01003833,FEMALE,1
GP_PRAC_PAT_LIST,01/07/2026,C83013,RUSKINGTON SURGERY,E01026153,FEMALE,1
GP_PRAC_PAT_LIST,01/07/2026,C83013,RUSKINGTON SURGERY,E01026179,FEMALE,182
GP_PRAC_PAT_LIST,01/07/2026,C83013,RUSKINGTON SURGERY,E01026180,FEMALE,295
GP_PRAC_PAT_LIST,01/07/2026,C83013,RUSKINGTON SURGERY,E01026183,FEMALE,3
GP_PRAC_PAT_LIST,01/07/2026,C83013,RUSKINGTON SURGERY,E01026184,FEMALE,1
GP_PRAC_PAT_LIST,01/07/2026,C83013,RUSKINGTON SURGERY,E01026197,FEMALE,118
GP_PRAC_PAT_LIST,01/07/2026,C83013,RUSKINGTON SURGERY,E01026198,FEMALE,51
GP_PRAC_PAT_LIST,01/07/2026,C83013,RUSKINGTON SURGERY,E01026200,FEMALE,5
GP_PRAC_PAT_LIST,01/07/2026,C83013,RUSKINGTON SURGERY,E01026202,FEMALE,8
GP_PRAC_PAT_LIST,01/07/2026,C83013,RUSKINGTON SURGERY,E01026207,FEMALE,75
GP_PRAC_PAT_LIST,01/07/2026,C83013,RUSKINGTON SURGERY,E01026208,FEMALE,84
GP_PRAC_PAT_LIST,01/07/2026,C83013,RUSKINGTON SURGERY,E01026209,FEMALE,301
GP_PRAC_PAT_LIST,01/07/2026,C83013,RUSKINGTON SURGERY,E01026210,FEMALE,4
GP_PRAC_PAT_LIST,01/07/2026,C83013,RUSKINGTON SURGERY,E01026211,FEMALE,1
GP_PRAC_PAT_LIST,01/07/2026,C83013,RUSKINGTON SURGERY,E01026212,FEMALE,4
GP_PRAC_PAT_LIST,01/07/2026,C83013,RUSKINGTON SURGERY,E01026213,FEMALE,2
GP_PRAC_PAT_LIST,01/07/2026,C83013,RUSKINGTON SURGERY,E01026221,FEMALE,7
GP_PRAC_PAT_LIST,01/07/2026,C83013,RUSKINGTON SURGERY,E01026222,FEMALE,729
GP_PRAC_PAT_LIST,01/07/2026,C83013,RUSKINGTON SURGERY,E01026223,FEMALE,891
GP_PRAC_PAT_LIST,01/07/2026,C83013,RUSKINGTON SURGERY,E01026224,FEMALE,698
GP_PRAC_PAT_LIST,01/07/2026,C83013,RUSKINGTON SURGERY,E01026227,FEMALE,20
GP_PRAC_PAT_LIST,01/07/2026,C83013,RUSKINGTON SURGERY,E01026228,FEMALE,41
GP_PRAC_PAT_LIST,01/07/2026,C83013,RUSKINGTON SURGERY,E01026229,FEMALE,95
GP_PRAC_PAT_LIST,01/07/2026,C83013,RUSKINGTON SURGERY,E01026230,FEMALE,78
GP_PRAC_PAT_LIST,01/07/2026,C83013,RUSKINGTON SURGERY,E01026231,FEMALE,92
GP_PRAC_PAT_LIST,01/07/2026,C83013,RUSKINGTON SURGERY,E01026232,FEMALE,65
GP_PRAC_PAT_LIST,01/07/2026,C83013,RUSKINGTON SURGERY,E01026233,FEMALE,57
GP_PRAC_PAT_LIST,01/07/2026,C83013,RUSKINGTON SURGERY,E01026235,FEMALE,27
GP_PRAC_PAT_LIST,01/07/2026,C83013,RUSKINGTON SURGERY,E01026236,FEMALE,32
GP_PRAC_PAT_LIST,01/07/2026,C83013,RUSKINGTON SURGERY,E01026242,FEMALE,1
GP_PRAC_PAT_LIST,01/07/2026,C83013,RUSKINGTON SURGERY,E01026332,FEMALE,1
GP_PRAC_PAT_LIST,01/07/2026,C83013,RUSKINGTON SURGERY,E01034695,FEMALE,43
GP_PRAC_PAT_LIST,01/07/2026,C83013,RUSKINGTON SURGERY,E01034696,FEMALE,55
GP_PRAC_PAT_LIST,01/07/2026,C83013,RUSKINGTON SURGERY,EMPTY,FEMALE,1
GP_PRAC_PAT_LIST,01/07/2026,C83014,BOULTHAM PARK MEDICAL PRACTICE,E01008104,FEMALE,1
GP_PRAC_PAT_LIST,01/07/2026,C83014,BOULTHAM PARK MEDICAL PRACTICE,E01026126,FEMALE,1
GP_PRAC_PAT_LIST,01/07/2026,C83014,BOULTHAM PARK MEDICAL PRACTICE,E01026127,FEMALE,9
GP_PRAC_PAT_LIST,01/07/2026,C83014,BOULTHAM PARK MEDICAL PRACTICE,E01026129,FEMALE,4
GP_PRAC_PAT_LIST,01/07/2026,C83014,BOULTHAM PARK MEDICAL PRACTICE,E01026130,FEMALE,53
GP_PRAC_PAT_LIST,01/07/2026,C83014,BOULTHAM PARK MEDICAL PRACTICE,E01026131,FEMALE,14
GP_PRAC_PAT_LIST,01/07/2026,C83014,BOULTHAM PARK MEDICAL PRACTICE,E01026132,FEMALE,2
GP_PRAC_PAT_LIST,01/07/2026,C83014,BOULTHAM PARK MEDICAL PRACTICE,E01026134,FEMALE,54
GP_PRAC_PAT_LIST,01/07/2026,C83014,BOULTHAM PARK MEDICAL PRACTICE,E01026135,FEMALE,811
GP_PRAC_PAT_LIST,01/07/2026,C83014,BOULTHAM PARK MEDICAL PRACTICE,E01026136,FEMALE,672
GP_PRAC_PAT_LIST,01/07/2026,C83014,BOULTHAM PARK MEDICAL PRACTICE,E01026137,FEMALE,4
GP_PRAC_PAT_LIST,01/07/2026,C83014,BOULTHAM PARK MEDICAL PRACTICE,E01026138,FEMALE,13
GP_PRAC_PAT_LIST,01/07/2026,C83014,BOULTHAM PARK MEDICAL PRACTICE,E01026139,FEMALE,30
GP_PRAC_PAT_LIST,01/07/2026,C83014,BOULTHAM PARK MEDICAL PRACTICE,E01026140,FEMALE,5
GP_PRAC_PAT_LIST,01/07/2026,C83014,BOULTHAM PARK MEDICAL PRACTICE,E01026141,FEMALE,50
GP_PRAC_PAT_LIST,01/07/2026,C83014,BOULTHAM PARK MEDICAL PRACTICE,E01026142,FEMALE,13
GP_PRAC_PAT_LIST,01/07/2026,C83014,BOULTHAM PARK MEDICAL PRACTICE,E01026144,FEMALE,3
GP_PRAC_PAT_LIST,01/07/2026,C83014,BOULTHAM PARK MEDICAL PRACTICE,E01026145,FEMALE,1
GP_PRAC_PAT_LIST,01/07/2026,C83014,BOULTHAM PARK MEDICAL PRACTICE,E01026146,FEMALE,1
GP_PRAC_PAT_LIST,01/07/2026,C83014,BOULTHAM PARK MEDICAL PRACTICE,E01026147,FEMALE,4
GP_PRAC_PAT_LIST,01/07/2026,C83014,BOULTHAM PARK MEDICAL PRACTICE,E01026152,FEMALE,2
GP_PRAC_PAT_LIST,01/07/2026,C83014,BOULTHAM PARK MEDICAL PRACTICE,E01026158,FEMALE,29
GP_PRAC_PAT_LIST,01/07/2026,C83014,BOULTHAM PARK MEDICAL PRACTICE,E01026159,FEMALE,6
GP_PRAC_PAT_LIST,01/07/2026,C83014,BOULTHAM PARK MEDICAL PRACTICE,E01026160,FEMALE,5
GP_PRAC_PAT_LIST,01/07/2026,C83014,BOULTHAM PARK MEDICAL PRACTICE,E01026161,FEMALE,319
GP_PRAC_PAT_LIST,01/07/2026,C83014,BOULTHAM PARK MEDICAL PRACTICE,E01026162,FEMALE,172
GP_PRAC_PAT_LIST,01/07/2026,C83014,BOULTHAM PARK MEDICAL PRACTICE,E01026163,FEMALE,9
GP_PRAC_PAT_LIST,01/07/2026,C83014,BOULTHAM PARK MEDICAL PRACTICE,E01026169,FEMALE,425
GP_PRAC_PAT_LIST,01/07/2026,C83014,BOULTHAM PARK MEDICAL PRACTICE,E01026170,FEMALE,481
GP_PRAC_PAT_LIST,01/07/2026,C83014,BOULTHAM PARK MEDICAL PRACTICE,E01026171,FEMALE,175
GP_PRAC_PAT_LIST,01/07/2026,C83014,BOULTHAM PARK MEDICAL PRACTICE,E01026172,FEMALE,650
GP_PRAC_PAT_LIST,01/07/2026,C83014,BOULTHAM PARK MEDICAL PRACTICE,E01026173,FEMALE,670
GP_PRAC_PAT_LIST,01/07/2026,C83014,BOULTHAM PARK MEDICAL PRACTICE,E01026174,FEMALE,19
GP_PRAC_PAT_LIST,01/07/2026,C83014,BOULTHAM PARK MEDICAL PRACTICE,E01026175,FEMALE,36
GP_PRAC_PAT_LIST,01/07/2026,C83014,BOULTHAM PARK MEDICAL PRACTICE,E01026176,FEMALE,5
GP_PRAC_PAT_LIST,01/07/2026,C83014,BOULTHAM PARK MEDICAL PRACTICE,E01026178,FEMALE,7
GP_PRAC_PAT_LIST,01/07/2026,C83014,BOULTHAM PARK MEDICAL PRACTICE,E01026187,FEMALE,1
GP_PRAC_PAT_LIST,01/07/2026,C83014,BOULTHAM PARK MEDICAL PRACTICE,E01026188,FEMALE,1
GP_PRAC_PAT_LIST,01/07/2026,C83014,BOULTHAM PARK MEDICAL PRACTICE,E01026214,FEMALE,7
GP_PRAC_PAT_LIST,01/07/2026,C83014,BOULTHAM PARK MEDICAL PRACTICE,E01026215,FEMALE,15
GP_PRAC_PAT_LIST,01/07/2026,C83014,BOULTHAM PARK MEDICAL PRACTICE,E01026219,FEMALE,5
GP_PRAC_PAT_LIST,01/07/2026,C83014,BOULTHAM PARK MEDICAL PRACTICE,E01026220,FEMALE,10
GP_PRAC_PAT_LIST,01/07/2026,C83014,BOULTHAM PARK MEDICAL PRACTICE,E01026237,FEMALE,4
GP_PRAC_PAT_LIST,01/07/2026,C83014,BOULTHAM PARK MEDICAL PRACTICE,E01026319,FEMALE,1
GP_PRAC_PAT_LIST,01/07/2026,C83014,BOULTHAM PARK MEDICAL PRACTICE,E01026345,FEMALE,1
GP_PRAC_PAT_LIST,01/07/2026,C83014,BOULTHAM PARK MEDICAL PRACTICE,E01026393,FEMALE,2
GP_PRAC_PAT_LIST,01/07/2026,C83014,BOULTHAM PARK MEDICAL PRACTICE,E01028125,FEMALE,1
GP_PRAC_PAT_LIST,01/07/2026,C83014,BOULTHAM PARK MEDICAL PRACTICE,E01028297,FEMALE,1
GP_PRAC_PAT_LIST,01/07/2026,C83014,BOULTHAM PARK MEDICAL PRACTICE,E01032989,FEMALE,1
GP_PRAC_PAT_LIST,01/07/2026,C83014,BOULTHAM PARK MEDICAL PRACTICE,E01032991,FEMALE,23
GP_PRAC_PAT_LIST,01/07/2026,C83014,BOULTHAM PARK MEDICAL PRACTICE,E01032992,FEMALE,3
GP_PRAC_PAT_LIST,01/07/2026,C83014,BOULTHAM PARK MEDICAL PRACTICE,E01032993,FEMALE,2
GP_PRAC_PAT_LIST,01/07/2026,C83014,BOULTHAM PARK MEDICAL PRACTICE,E01034689,FEMALE,9
GP_PRAC_PAT_LIST,01/07/2026,C83014,BOULTHAM PARK MEDICAL PRACTICE,E01034690,FEMALE,9
GP_PRAC_PAT_LIST,01/07/2026,C83014,BOULTHAM PARK MEDICAL PRACTICE,E01034691,FEMALE,179
GP_PRAC_PAT_LIST,01/07/2026,C83014,BOULTHAM PARK MEDICAL PRACTICE,E01034692,FEMALE,143
GP_PRAC_PAT_LIST,01/07/2026,C83014,BOULTHAM PARK MEDICAL PRACTICE,EMPTY,FEMALE,2
GP_PRAC_PAT_LIST,01/07/2026,C83015,SWINESHEAD SURGERY,CLOSED,FEMALE,1
GP_PRAC_PAT_LIST,01/07/2026,C83015,SWINESHEAD SURGERY,E01011002,FEMALE,1
GP_PRAC_PAT_LIST,01/07/2026,C83015,SWINESHEAD SURGERY,E01011440,FEMALE,1
GP_PRAC_PAT_LIST,01/07/2026,C83015,SWINESHEAD SURGERY,E01015615,FEMALE,1
GP_PRAC_PAT_LIST,01/07/2026,C83015,SWINESHEAD SURGERY,E01018094,FEMALE,1
GP_PRAC_PAT_LIST,01/07/2026,C83015,SWINESHEAD SURGERY,E01018159,FEMALE,1
GP_PRAC_PAT_LIST,01/07/2026,C83015,SWINESHEAD SURGERY,E01020610,FEMALE,1
GP_PRAC_PAT_LIST,01/07/2026,C83015,SWINESHEAD SURGERY,E01026007,FEMALE,1
GP_PRAC_PAT_LIST,01/07/2026,C83015,SWINESHEAD SURGERY,E01026008,FEMALE,1
GP_PRAC_PAT_LIST,01/07/2026,C83015,SWINESHEAD SURGERY,E01026010,FEMALE,3
GP_PRAC_PAT_LIST,01/07/2026,C83015,SWINESHEAD SURGERY,E01026013,FEMALE,1
GP_PRAC_PAT_LIST,01/07/2026,C83015,SWINESHEAD SURGERY,E01026014,FEMALE,6
GP_PRAC_PAT_LIST,01/07/2026,C83015,SWINESHEAD SURGERY,E01026015,FEMALE,2
GP_PRAC_PAT_LIST,01/07/2026,C83015,SWINESHEAD SURGERY,E01026016,FEMALE,477
GP_PRAC_PAT_LIST,01/07/2026,C83015,SWINESHEAD SURGERY,E01026017,FEMALE,58
GP_PRAC_PAT_LIST,01/07/2026,C83015,SWINESHEAD SURGERY,E01026018,FEMALE,193
GP_PRAC_PAT_LIST,01/07/2026,C83015,SWINESHEAD SURGERY,E01026019,FEMALE,50
GP_PRAC_PAT_LIST,01/07/2026,C83015,SWINESHEAD SURGERY,E01026020,FEMALE,108
GP_PRAC_PAT_LIST,01/07/2026,C83015,SWINESHEAD SURGERY,E01026021,FEMALE,5
GP_PRAC_PAT_LIST,01/07/2026,C83015,SWINESHEAD SURGERY,E01026022,FEMALE,1
GP_PRAC_PAT_LIST,01/07/2026,C83015,SWINESHEAD SURGERY,E01026024,FEMALE,2
GP_PRAC_PAT_LIST,01/07/2026,C83015,SWINESHEAD SURGERY,E01026025,FEMALE,1
GP_PRAC_PAT_LIST,01/07/2026,C83015,SWINESHEAD SURGERY,E01026026,FEMALE,5
GP_PRAC_PAT_LIST,01/07/2026,C83015,SWINESHEAD SURGERY,E01026027,FEMALE,1
GP_PRAC_PAT_LIST,01/07/2026,C83015,SWINESHEAD SURGERY,E01026028,FEMALE,5
GP_PRAC_PAT_LIST,01/07/2026,C83015,SWINESHEAD SURGERY,E01026031,FEMALE,3
GP_PRAC_PAT_LIST,01/07/2026,C83015,SWINESHEAD SURGERY,E01026032,FEMALE,1
GP_PRAC_PAT_LIST,01/07/2026,C83015,SWINESHEAD SURGERY,E01026033,FEMALE,923
GP_PRAC_PAT_LIST,01/07/2026,C83015,SWINESHEAD SURGERY,E01026034,FEMALE,795
GP_PRAC_PAT_LIST,01/07/2026,C83015,SWINESHEAD SURGERY,E01026035,FEMALE,59
GP_PRAC_PAT_LIST,01/07/2026,C83015,SWINESHEAD SURGERY,E01026036,FEMALE,1
GP_PRAC_PAT_LIST,01/07/2026,C83015,SWINESHEAD SURGERY,E01026039,FEMALE,39
GP_PRAC_PAT_LIST,01/07/2026,C83015,SWINESHEAD SURGERY,E01026040,FEMALE,42
GP_PRAC_PAT_LIST,01/07/2026,C83015,SWINESHEAD SURGERY,E01026041,FEMALE,14
GP_PRAC_PAT_LIST,01/07/2026,C83015,SWINESHEAD SURGERY,E01026052,FEMALE,3
GP_PRAC_PAT_LIST,01/07/2026,C83015,SWINESHEAD SURGERY,E01026057,FEMALE,28
GP_PRAC_PAT_LIST,01/07/2026,C83015,SWINESHEAD SURGERY,E01026075,FEMALE,2
GP_PRAC_PAT_LIST,01/07/2026,C83015,SWINESHEAD SURGERY,E01026098,FEMALE,1
GP_PRAC_PAT_LIST,01/07/2026,C83015,SWINESHEAD SURGERY,E01026101,FEMALE,1
GP_PRAC_PAT_LIST,01/07/2026,C83015,SWINESHEAD SURGERY,E01026111,FEMALE,1
GP_PRAC_PAT_LIST,01/07/2026,C83015,SWINESHEAD SURGERY,E01026118,FEMALE,1
GP_PRAC_PAT_LIST,01/07/2026,C83015,SWINESHEAD SURGERY,E01026200,FEMALE,56
GP_PRAC_PAT_LIST,01/07/2026,C83015,SWINESHEAD SURGERY,E01026201,FEMALE,46
GP_PRAC_PAT_LIST,01/07/2026,C83015,SWINESHEAD SURGERY,E01026202,FEMALE,48
GP_PRAC_PAT_LIST,01/07/2026,C83015,SWINESHEAD SURGERY,E01026203,FEMALE,1
GP_PRAC_PAT_LIST,01/07/2026,C83015,SWINESHEAD SURGERY,E01026207,FEMALE,12
GP_PRAC_PAT_LIST,01/07/2026,C83015,SWINESHEAD SURGERY,E01026208,FEMALE,1
GP_PRAC_PAT_LIST,01/07/2026,C83015,SWINESHEAD SURGERY,E01026209,FEMALE,1
GP_PRAC_PAT_LIST,01/07/2026,C83015,SWINESHEAD SURGERY,E01026213,FEMALE,1
GP_PRAC_PAT_LIST,01/07/2026,C83015,SWINESHEAD SURGERY,E01026221,FEMALE,5
GP_PRAC_PAT_LIST,01/07/2026,C83015,SWINESHEAD SURGERY,E01026229,FEMALE,4
GP_PRAC_PAT_LIST,01/07/2026,C83015,SWINESHEAD SURGERY,E01026231,FEMALE,1
GP_PRAC_PAT_LIST,01/07/2026,C83015,SWINESHEAD SURGERY,E01026233,FEMALE,1
GP_PRAC_PAT_LIST,01/07/2026,C83015,SWINESHEAD SURGERY,E01026242,FEMALE,512
GP_PRAC_PAT_LIST,01/07/2026,C83015,SWINESHEAD SURGERY,E01026243,FEMALE,401
GP_PRAC_PAT_LIST,01/07/2026,C83015,SWINESHEAD SURGERY,E01026244,FEMALE,138
GP_PRAC_PAT_LIST,01/07/2026,C83015,SWINESHEAD SURGERY,E01026247,FEMALE,78
GP_PRAC_PAT_LIST,01/07/2026,C83015,SWINESHEAD SURGERY,E01026248,FEMALE,1
GP_PRAC_PAT_LIST,01/07/2026,C83015,SWINESHEAD SURGERY,E01026252,FEMALE,2
GP_PRAC_PAT_LIST,01/07/2026,C83015,SWINESHEAD SURGERY,E01026258,FEMALE,6
GP_PRAC_PAT_LIST,01/07/2026,C83015,SWINESHEAD SURGERY,E01026259,FEMALE,1
GP_PRAC_PAT_LIST,01/07/2026,C83015,SWINESHEAD SURGERY,E01026260,FEMALE,8
GP_PRAC_PAT_LIST,01/07/2026,C83015,SWINESHEAD SURGERY,E01026262,FEMALE,1
GP_PRAC_PAT_LIST,01/07/2026,C83015,SWINESHEAD SURGERY,E01026263,FEMALE,1
GP_PRAC_PAT_LIST,01/07/2026,C83015,SWINESHEAD SURGERY,E01026268,FEMALE,2
GP_PRAC_PAT_LIST,01/07/2026,C83015,SWINESHEAD SURGERY,E01026269,FEMALE,4
GP_PRAC_PAT_LIST,01/07/2026,C83015,SWINESHEAD SURGERY,E01026273,FEMALE,1
GP_PRAC_PAT_LIST,01/07/2026,C83015,SWINESHEAD SURGERY,E01026276,FEMALE,63
GP_PRAC_PAT_LIST,01/07/2026,C83015,SWINESHEAD SURGERY,E01026281,FEMALE,5
GP_PRAC_PAT_LIST,01/07/2026,C83015,SWINESHEAD SURGERY,E01026284,FEMALE,2
GP_PRAC_PAT_LIST,01/07/2026,C83015,SWINESHEAD SURGERY,E01026361,FEMALE,9
GP_PRAC_PAT_LIST,01/07/2026,C83015,SWINESHEAD SURGERY,E01026411,FEMALE,1
GP_PRAC_PAT_LIST,01/07/2026,C83015,SWINESHEAD SURGERY,E01032995,FEMALE,1
GP_PRAC_PAT_LIST,01/07/2026,C83015,SWINESHEAD SURGERY,E01033174,FEMALE,1
GP_PRAC_PAT_LIST,01/07/2026,C83015,SWINESHEAD SURGERY,E01034679,FEMALE,7
GP_PRAC_PAT_LIST,01/07/2026,C83015,SWINESHEAD SURGERY,E01034683,FEMALE,19
GP_PRAC_PAT_LIST,01/07/2026,C83015,SWINESHEAD SURGERY,E01034684,FEMALE,23
GP_PRAC_PAT_LIST,01/07/2026,C83015,SWINESHEAD SURGERY,E01034695,FEMALE,2
GP_PRAC_PAT_LIST,01/07/2026,C83015,SWINESHEAD SURGERY,E01034697,FEMALE,1
GP_PRAC_PAT_LIST,01/07/2026,C83015,SWINESHEAD SURGERY,E01034701,FEMALE,5
GP_PRAC_PAT_LIST,01/07/2026,C83015,SWINESHEAD SURGERY,EMPTY,FEMALE,2
GP_PRAC_PAT_LIST,01/07/2026,C83018,CLEVELAND SURGERY,CLOSED,FEMALE,4
GP_PRAC_PAT_LIST,01/07/2026,C83018,CLEVELAND SURGERY,E01001540,FEMALE,1
GP_PRAC_PAT_LIST,01/07/2026,C83018,CLEVELAND SURGERY,E01003240,FEMALE,1
GP_PRAC_PAT_LIST,01/07/2026,C83018,CLEVELAND SURGERY,E01005284,FEMALE,1
GP_PRAC_PAT_LIST,01/07/2026,C83018,CLEVELAND SURGERY,E01007384,FEMALE,2
GP_PRAC_PAT_LIST,01/07/2026,C83018,CLEVELAND SURGERY,E01007626,FEMALE,3
GP_PRAC_PAT_LIST,01/07/2026,C83018,CLEVELAND SURGERY,E01007791,FEMALE,1
GP_PRAC_PAT_LIST,01/07/2026,C83018,CLEVELAND SURGERY,E01008047,FEMALE,1
GP_PRAC_PAT_LIST,01/07/2026,C83018,CLEVELAND SURGERY,E01010465,FEMALE,1
GP_PRAC_PAT_LIST,01/07/2026,C83018,CLEVELAND SURGERY,E01012966,FEMALE,2
GP_PRAC_PAT_LIST,01/07/2026,C83018,CLEVELAND SURGERY,E01013159,FEMALE,1
GP_PRAC_PAT_LIST,01/07/2026,C83018,CLEVELAND SURGERY,E01013179,FEMALE,1
GP_PRAC_PAT_LIST,01/07/2026,C83018,CLEVELAND SURGERY,E01013236,FEMALE,1
GP_PRAC_PAT_LIST,01/07/2026,C83018,CLEVELAND SURGERY,E01013260,FEMALE,1
GP_PRAC_PAT_LIST,01/07/2026,C83018,CLEVELAND SURGERY,E01013320,FEMALE,1
GP_PRAC_PAT_LIST,01/07/2026,C83018,CLEVELAND SURGERY,E01013322,FEMALE,4
GP_PRAC_PAT_LIST,01/07/2026,C83018,CLEVELAND SURGERY,E01013323,FEMALE,2
GP_PRAC_PAT_LIST,01/07/2026,C83018,CLEVELAND SURGERY,E01013332,FEMALE,1
GP_PRAC_PAT_LIST,01/07/2026,C83018,CLEVELAND SURGERY,E01013400,FEMALE,1
GP_PRAC_PAT_LIST,01/07/2026,C83018,CLEVELAND SURGERY,E01018092,FEMALE,1
GP_PRAC_PAT_LIST,01/07/2026,C83018,CLEVELAND SURGERY,E01019782,FEMALE,1
GP_PRAC_PAT_LIST,01/07/2026,C83018,CLEVELAND SURGERY,E01025722,FEMALE,1
GP_PRAC_PAT_LIST,01/07/2026,C83018,CLEVELAND SURGERY,E01026052,FEMALE,1
GP_PRAC_PAT_LIST,01/07/2026,C83018,CLEVELAND SURGERY,E01026123,FEMALE,2
GP_PRAC_PAT_LIST,01/07/2026,C83018,CLEVELAND SURGERY,E01026129,FEMALE,1
GP_PRAC_PAT_LIST,01/07/2026,C83018,CLEVELAND SURGERY,E01026149,FEMALE,1
GP_PRAC_PAT_LIST,01/07/2026,C83018,CLEVELAND SURGERY,E01026161,FEMALE,1
GP_PRAC_PAT_LIST,01/07/2026,C83018,CLEVELAND SURGERY,E01026170,FEMALE,1
GP_PRAC_PAT_LIST,01/07/2026,C83018,CLEVELAND SURGERY,E01026173,FEMALE,1
GP_PRAC_PAT_LIST,01/07/2026,C83018,CLEVELAND SURGERY,E01026188,FEMALE,1
GP_PRAC_PAT_LIST,01/07/2026,C83018,CLEVELAND SURGERY,E01026221,FEMALE,1
GP_PRAC_PAT_LIST,01/07/2026,C83018,CLEVELAND SURGERY,E01026312,FEMALE,1
GP_PRAC_PAT_LIST,01/07/2026,C83018,CLEVELAND SURGERY,E01026367,FEMALE,1
GP_PRAC_PAT_LIST,01/07/2026,C83018,CLEVELAND SURGERY,E01026374,FEMALE,393
GP_PRAC_PAT_LIST,01/07/2026,C83018,CLEVELAND SURGERY,E01026375,FEMALE,456
GP_PRAC_PAT_LIST,01/07/2026,C83018,CLEVELAND SURGERY,E01026376,FEMALE,387
GP_PRAC_PAT_LIST,01/07/2026,C83018,CLEVELAND SURGERY,E01026377,FEMALE,595
GP_PRAC_PAT_LIST,01/07/2026,C83018,CLEVELAND SURGERY,E01026378,FEMALE,450
GP_PRAC_PAT_LIST,01/07/2026,C83018,CLEVELAND SURGERY,E01026379,FEMALE,467
GP_PRAC_PAT_LIST,01/07/2026,C83018,CLEVELAND SURGERY,E01026380,FEMALE,733
GP_PRAC_PAT_LIST,01/07/2026,C83018,CLEVELAND SURGERY,E01026381,FEMALE,484
GP_PRAC_PAT_LIST,01/07/2026,C83018,CLEVELAND SURGERY,E01026382,FEMALE,525
GP_PRAC_PAT_LIST,01/07/2026,C83018,CLEVELAND SURGERY,E01026383,FEMALE,213
GP_PRAC_PAT_LIST,01/07/2026,C83018,CLEVELAND SURGERY,E01026384,FEMALE,361
GP_PRAC_PAT_LIST,01/07/2026,C83018,CLEVELAND SURGERY,E01026385,FEMALE,30
GP_PRAC_PAT_LIST,01/07/2026,C83018,CLEVELAND SURGERY,E01026386,FEMALE,8
GP_PRAC_PAT_LIST,01/07/2026,C83018,CLEVELAND SURGERY,E01026388,FEMALE,97
GP_PRAC_PAT_LIST,01/07/2026,C83018,CLEVELAND SURGERY,E01026399,FEMALE,2
GP_PRAC_PAT_LIST,01/07/2026,C83018,CLEVELAND SURGERY,E01026400,FEMALE,1
GP_PRAC_PAT_LIST,01/07/2026,C83018,CLEVELAND SURGERY,E01026401,FEMALE,2
GP_PRAC_PAT_LIST,01/07/2026,C83018,CLEVELAND SURGERY,E01026402,FEMALE,5
GP_PRAC_PAT_LIST,01/07/2026,C83018,CLEVELAND SURGERY,E01026403,FEMALE,101
GP_PRAC_PAT_LIST,01/07/2026,C83018,CLEVELAND SURGERY,E01026404,FEMALE,2
GP_PRAC_PAT_LIST,01/07/2026,C83018,CLEVELAND SURGERY,E01026407,FEMALE,79
GP_PRAC_PAT_LIST,01/07/2026,C83018,CLEVELAND SURGERY,E01026408,FEMALE,462
GP_PRAC_PAT_LIST,01/07/2026,C83018,CLEVELAND SURGERY,E01026409,FEMALE,1
GP_PRAC_PAT_LIST,01/07/2026,C83018,CLEVELAND SURGERY,E01026410,FEMALE,8
GP_PRAC_PAT_LIST,01/07/2026,C83018,CLEVELAND SURGERY,E01027999,FEMALE,36
GP_PRAC_PAT_LIST,01/07/2026,C83018,CLEVELAND SURGERY,E01028008,FEMALE,1
GP_PRAC_PAT_LIST,01/07/2026,C83018,CLEVELAND SURGERY,E01028032,FEMALE,1
GP_PRAC_PAT_LIST,01/07/2026,C83018,CLEVELAND SURGERY,E01028043,FEMALE,1
GP_PRAC_PAT_LIST,01/07/2026,C83018,CLEVELAND SURGERY,E01028310,FEMALE,1
GP_PRAC_PAT_LIST,01/07/2026,C83018,CLEVELAND SURGERY,E01030563,FEMALE,1
GP_PRAC_PAT_LIST,01/07/2026,C83018,CLEVELAND SURGERY,E01032991,FEMALE,1
GP_PRAC_PAT_LIST,01/07/2026,C83018,CLEVELAND SURGERY,E01034595,FEMALE,1
GP_PRAC_PAT_LIST,01/07/2026,C83018,CLEVELAND SURGERY,E01034688,FEMALE,1
GP_PRAC_PAT_LIST,01/07/2026,C83018,CLEVELAND SURGERY,E01035481,FEMALE,1
GP_PRAC_PAT_LIST,01/07/2026,C83018,CLEVELAND SURGERY,EMPTY,FEMALE,2
GP_PRAC_PAT_LIST,01/07/2026,C83019,BEACON MEDICAL PRACTICE,CLOSED,FEMALE,10
GP_PRAC_PAT_LIST,01/07/2026,C83019,BEACON MEDICAL PRACTICE,E01000941,FEMALE,1
GP_PRAC_PAT_LIST,01/07/2026,C83019,BEACON MEDICAL PRACTICE,E01006747,FEMALE,1
GP_PRAC_PAT_LIST,01/07/2026,C83019,BEACON MEDICAL PRACTICE,E01007338,FEMALE,1
GP_PRAC_PAT_LIST,01/07/2026,C83019,BEACON MEDICAL PRACTICE,E01007344,FEMALE,1
GP_PRAC_PAT_LIST,01/07/2026,C83019,BEACON MEDICAL PRACTICE,E01007347,FEMALE,1
GP_PRAC_PAT_LIST,01/07/2026,C83019,BEACON MEDICAL PRACTICE,E01007888,FEMALE,1
GP_PRAC_PAT_LIST,01/07/2026,C83019,BEACON MEDICAL PRACTICE,E01007892,FEMALE,1
GP_PRAC_PAT_LIST,01/07/2026,C83019,BEACON MEDICAL PRACTICE,E01008098,FEMALE,1
GP_PRAC_PAT_LIST,01/07/2026,C83019,BEACON MEDICAL PRACTICE,E01008122,FEMALE,1
GP_PRAC_PAT_LIST,01/07/2026,C83019,BEACON MEDICAL PRACTICE,E01009584,FEMALE,1
GP_PRAC_PAT_LIST,01/07/2026,C83019,BEACON MEDICAL PRACTICE,E01009751,FEMALE,1
GP_PRAC_PAT_LIST,01/07/2026,C83019,BEACON MEDICAL PRACTICE,E01011918,FEMALE,1
GP_PRAC_PAT_LIST,01/07/2026,C83019,BEACON MEDICAL PRACTICE,E01013174,FEMALE,1
GP_PRAC_PAT_LIST,01/07/2026,C83019,BEACON MEDICAL PRACTICE,E01015617,FEMALE,1
GP_PRAC_PAT_LIST,01/07/2026,C83019,BEACON MEDICAL PRACTICE,E01015626,FEMALE,1
GP_PRAC_PAT_LIST,01/07/2026,C83019,BEACON MEDICAL PRACTICE,E01019531,FEMALE,1
GP_PRAC_PAT_LIST,01/07/2026,C83019,BEACON MEDICAL PRACTICE,E01019627,FEMALE,1
GP_PRAC_PAT_LIST,01/07/2026,C83019,BEACON MEDICAL PRACTICE,E01019865,FEMALE,1
GP_PRAC_PAT_LIST,01/07/2026,C83019,BEACON MEDICAL PRACTICE,E01021905,FEMALE,1
GP_PRAC_PAT_LIST,01/07/2026,C83019,BEACON MEDICAL PRACTICE,E01025024,FEMALE,1
GP_PRAC_PAT_LIST,01/07/2026,C83019,BEACON MEDICAL PRACTICE,E01025662,FEMALE,1
GP_PRAC_PAT_LIST,01/07/2026,C83019,BEACON MEDICAL PRACTICE,E01026007,FEMALE,1
GP_PRAC_PAT_LIST,01/07/2026,C83019,BEACON MEDICAL PRACTICE,E01026014,FEMALE,1
GP_PRAC_PAT_LIST,01/07/2026,C83019,BEACON MEDICAL PRACTICE,E01026024,FEMALE,5
GP_PRAC_PAT_LIST,01/07/2026,C83019,BEACON MEDICAL PRACTICE,E01026042,FEMALE,3
GP_PRAC_PAT_LIST,01/07/2026,C83019,BEACON MEDICAL PRACTICE,E01026043,FEMALE,1
GP_PRAC_PAT_LIST,01/07/2026,C83019,BEACON MEDICAL PRACTICE,E01026044,FEMALE,8
GP_PRAC_PAT_LIST,01/07/2026,C83019,BEACON MEDICAL PRACTICE,E01026046,FEMALE,302
GP_PRAC_PAT_LIST,01/07/2026,C83019,BEACON MEDICAL PRACTICE,E01026047,FEMALE,180
GP_PRAC_PAT_LIST,01/07/2026,C83019,BEACON MEDICAL PRACTICE,E01026048,FEMALE,830
GP_PRAC_PAT_LIST,01/07/2026,C83019,BEACON MEDICAL PRACTICE,E01026049,FEMALE,627
GP_PRAC_PAT_LIST,01/07/2026,C83019,BEACON MEDICAL PRACTICE,E01026050,FEMALE,814
GP_PRAC_PAT_LIST,01/07/2026,C83019,BEACON MEDICAL PRACTICE,E01026054,FEMALE,1
GP_PRAC_PAT_LIST,01/07/2026,C83019,BEACON MEDICAL PRACTICE,E01026055,FEMALE,51
GP_PRAC_PAT_LIST,01/07/2026,C83019,BEACON MEDICAL PRACTICE,E01026056,FEMALE,193
GP_PRAC_PAT_LIST,01/07/2026,C83019,BEACON MEDICAL PRACTICE,E01026064,FEMALE,1
GP_PRAC_PAT_LIST,01/07/2026,C83019,BEACON MEDICAL PRACTICE,E01026068,FEMALE,7
GP_PRAC_PAT_LIST,01/07/2026,C83019,BEACON MEDICAL PRACTICE,E01026069,FEMALE,1222
GP_PRAC_PAT_LIST,01/07/2026,C83019,BEACON MEDICAL PRACTICE,E01026072,FEMALE,1
GP_PRAC_PAT_LIST,01/07/2026,C83019,BEACON MEDICAL PRACTICE,E01026073,FEMALE,1
GP_PRAC_PAT_LIST,01/07/2026,C83019,BEACON MEDICAL PRACTICE,E01026074,FEMALE,1
GP_PRAC_PAT_LIST,01/07/2026,C83019,BEACON MEDICAL PRACTICE,E01026077,FEMALE,2
GP_PRAC_PAT_LIST,01/07/2026,C83019,BEACON MEDICAL PRACTICE,E01026083,FEMALE,521
GP_PRAC_PAT_LIST,01/07/2026,C83019,BEACON MEDICAL PRACTICE,E01026084,FEMALE,531
GP_PRAC_PAT_LIST,01/07/2026,C83019,BEACON MEDICAL PRACTICE,E01026087,FEMALE,1
GP_PRAC_PAT_LIST,01/07/2026,C83019,BEACON MEDICAL PRACTICE,E01026091,FEMALE,1
GP_PRAC_PAT_LIST,01/07/2026,C83019,BEACON MEDICAL PRACTICE,E01026092,FEMALE,315
GP_PRAC_PAT_LIST,01/07/2026,C83019,BEACON MEDICAL PRACTICE,E01026093,FEMALE,443
GP_PRAC_PAT_LIST,01/07/2026,C83019,BEACON MEDICAL PRACTICE,E01026094,FEMALE,739
GP_PRAC_PAT_LIST,01/07/2026,C83019,BEACON MEDICAL PRACTICE,E01026095,FEMALE,382
GP_PRAC_PAT_LIST,01/07/2026,C83019,BEACON MEDICAL PRACTICE,E01026096,FEMALE,300
GP_PRAC_PAT_LIST,01/07/2026,C83019,BEACON MEDICAL PRACTICE,E01026097,FEMALE,369
GP_PRAC_PAT_LIST,01/07/2026,C83019,BEACON MEDICAL PRACTICE,E01026100,FEMALE,5
GP_PRAC_PAT_LIST,01/07/2026,C83019,BEACON MEDICAL PRACTICE,E01026101,FEMALE,1
GP_PRAC_PAT_LIST,01/07/2026,C83019,BEACON MEDICAL PRACTICE,E01026102,FEMALE,1
GP_PRAC_PAT_LIST,01/07/2026,C83019,BEACON MEDICAL PRACTICE,E01026104,FEMALE,1
GP_PRAC_PAT_LIST,01/07/2026,C83019,BEACON MEDICAL PRACTICE,E01026110,FEMALE,163
GP_PRAC_PAT_LIST,01/07/2026,C83019,BEACON MEDICAL PRACTICE,E01026111,FEMALE,4
GP_PRAC_PAT_LIST,01/07/2026,C83019,BEACON MEDICAL PRACTICE,E01026112,FEMALE,181
GP_PRAC_PAT_LIST,01/07/2026,C83019,BEACON MEDICAL PRACTICE,E01026113,FEMALE,232
GP_PRAC_PAT_LIST,01/07/2026,C83019,BEACON MEDICAL PRACTICE,E01026114,FEMALE,487
GP_PRAC_PAT_LIST,01/07/2026,C83019,BEACON MEDICAL PRACTICE,E01026115,FEMALE,605
GP_PRAC_PAT_LIST,01/07/2026,C83019,BEACON MEDICAL PRACTICE,E01026116,FEMALE,498
GP_PRAC_PAT_LIST,01/07/2026,C83019,BEACON MEDICAL PRACTICE,E01026117,FEMALE,2
GP_PRAC_PAT_LIST,01/07/2026,C83019,BEACON MEDICAL PRACTICE,E01026121,FEMALE,1
GP_PRAC_PAT_LIST,01/07/2026,C83019,BEACON MEDICAL PRACTICE,E01026220,FEMALE,1
GP_PRAC_PAT_LIST,01/07/2026,C83019,BEACON MEDICAL PRACTICE,E01026345,FEMALE,1
GP_PRAC_PAT_LIST,01/07/2026,C83019,BEACON MEDICAL PRACTICE,E01027072,FEMALE,1
GP_PRAC_PAT_LIST,01/07/2026,C83019,BEACON MEDICAL PRACTICE,E01027263,FEMALE,1
GP_PRAC_PAT_LIST,01/07/2026,C83019,BEACON MEDICAL PRACTICE,E01027907,FEMALE,1
GP_PRAC_PAT_LIST,01/07/2026,C83019,BEACON MEDICAL PRACTICE,E01027977,FEMALE,1
GP_PRAC_PAT_LIST,01/07/2026,C83019,BEACON MEDICAL PRACTICE,E01028018,FEMALE,1
GP_PRAC_PAT_LIST,01/07/2026,C83019,BEACON MEDICAL PRACTICE,E01028277,FEMALE,1
GP_PRAC_PAT_LIST,01/07/2026,C83019,BEACON MEDICAL PRACTICE,E01029939,FEMALE,1
GP_PRAC_PAT_LIST,01/07/2026,C83019,BEACON MEDICAL PRACTICE,E01031205,FEMALE,1
GP_PRAC_PAT_LIST,01/07/2026,C83019,BEACON MEDICAL PRACTICE,E01032986,FEMALE,1
GP_PRAC_PAT_LIST,01/07/2026,C83019,BEACON MEDICAL PRACTICE,E01033414,FEMALE,1
GP_PRAC_PAT_LIST,01/07/2026,C83019,BEACON MEDICAL PRACTICE,E01034685,FEMALE,423
GP_PRAC_PAT_LIST,01/07/2026,C83019,BEACON MEDICAL PRACTICE,E01034686,FEMALE,655
GP_PRAC_PAT_LIST,01/07/2026,C83019,BEACON MEDICAL PRACTICE,E01035028,FEMALE,1
GP_PRAC_PAT_LIST,01/07/2026,C83019,BEACON MEDICAL PRACTICE,EMPTY,FEMALE,5
GP_PRAC_PAT_LIST,01/07/2026,C83020,CAYTHORPE & ANCASTER MEDICAL PRACTICE,E01005271,FEMALE,1
GP_PRAC_PAT_LIST,01/07/2026,C83020,CAYTHORPE & ANCASTER MEDICAL PRACTICE,E01021790,FEMALE,1
GP_PRAC_PAT_LIST,01/07/2026,C83020,CAYTHORPE & ANCASTER MEDICAL PRACTICE,E01026192,FEMALE,160
GP_PRAC_PAT_LIST,01/07/2026,C83020,CAYTHORPE & ANCASTER MEDICAL PRACTICE,E01026193,FEMALE,1
GP_PRAC_PAT_LIST,01/07/2026,C83020,CAYTHORPE & ANCASTER MEDICAL PRACTICE,E01026194,FEMALE,115
GP_PRAC_PAT_LIST,01/07/2026,C83020,CAYTHORPE & ANCASTER MEDICAL PRACTICE,E01026195,FEMALE,32
GP_PRAC_PAT_LIST,01/07/2026,C83020,CAYTHORPE & ANCASTER MEDICAL PRACTICE,E01026196,FEMALE,376
GP_PRAC_PAT_LIST,01/07/2026,C83020,CAYTHORPE & ANCASTER MEDICAL PRACTICE,E01026197,FEMALE,229
GP_PRAC_PAT_LIST,01/07/2026,C83020,CAYTHORPE & ANCASTER MEDICAL PRACTICE,E01026198,FEMALE,155
GP_PRAC_PAT_LIST,01/07/2026,C83020,CAYTHORPE & ANCASTER MEDICAL PRACTICE,E01026202,FEMALE,1
GP_PRAC_PAT_LIST,01/07/2026,C83020,CAYTHORPE & ANCASTER MEDICAL PRACTICE,E01026208,FEMALE,1
GP_PRAC_PAT_LIST,01/07/2026,C83020,CAYTHORPE & ANCASTER MEDICAL PRACTICE,E01026209,FEMALE,192
GP_PRAC_PAT_LIST,01/07/2026,C83020,CAYTHORPE & ANCASTER MEDICAL PRACTICE,E01026221,FEMALE,382
GP_PRAC_PAT_LIST,01/07/2026,C83020,CAYTHORPE & ANCASTER MEDICAL PRACTICE,E01026222,FEMALE,1
GP_PRAC_PAT_LIST,01/07/2026,C83020,CAYTHORPE & ANCASTER MEDICAL PRACTICE,E01026223,FEMALE,1
GP_PRAC_PAT_LIST,01/07/2026,C83020,CAYTHORPE & ANCASTER MEDICAL PRACTICE,E01026227,FEMALE,1
GP_PRAC_PAT_LIST,01/07/2026,C83020,CAYTHORPE & ANCASTER MEDICAL PRACTICE,E01026228,FEMALE,1
GP_PRAC_PAT_LIST,01/07/2026,C83020,CAYTHORPE & ANCASTER MEDICAL PRACTICE,E01026229,FEMALE,5
GP_PRAC_PAT_LIST,01/07/2026,C83020,CAYTHORPE & ANCASTER MEDICAL PRACTICE,E01026230,FEMALE,2
GP_PRAC_PAT_LIST,01/07/2026,C83020,CAYTHORPE & ANCASTER MEDICAL PRACTICE,E01026231,FEMALE,5
GP_PRAC_PAT_LIST,01/07/2026,C83020,CAYTHORPE & ANCASTER MEDICAL PRACTICE,E01026233,FEMALE,6
GP_PRAC_PAT_LIST,01/07/2026,C83020,CAYTHORPE & ANCASTER MEDICAL PRACTICE,E01026238,FEMALE,1
GP_PRAC_PAT_LIST,01/07/2026,C83020,CAYTHORPE & ANCASTER MEDICAL PRACTICE,E01026291,FEMALE,1
GP_PRAC_PAT_LIST,01/07/2026,C83020,CAYTHORPE & ANCASTER MEDICAL PRACTICE,E01026293,FEMALE,26
GP_PRAC_PAT_LIST,01/07/2026,C83020,CAYTHORPE & ANCASTER MEDICAL PRACTICE,E01026294,FEMALE,4
GP_PRAC_PAT_LIST,01/07/2026,C83020,CAYTHORPE & ANCASTER MEDICAL PRACTICE,E01026311,FEMALE,1
GP_PRAC_PAT_LIST,01/07/2026,C83020,CAYTHORPE & ANCASTER MEDICAL PRACTICE,E01026313,FEMALE,445
GP_PRAC_PAT_LIST,01/07/2026,C83020,CAYTHORPE & ANCASTER MEDICAL PRACTICE,E01026314,FEMALE,773
GP_PRAC_PAT_LIST,01/07/2026,C83020,CAYTHORPE & ANCASTER MEDICAL PRACTICE,E01026316,FEMALE,2
GP_PRAC_PAT_LIST,01/07/2026,C83020,CAYTHORPE & ANCASTER MEDICAL PRACTICE,E01026319,FEMALE,2
GP_PRAC_PAT_LIST,01/07/2026,C83020,CAYTHORPE & ANCASTER MEDICAL PRACTICE,E01026323,FEMALE,1
GP_PRAC_PAT_LIST,01/07/2026,C83020,CAYTHORPE & ANCASTER MEDICAL PRACTICE,E01026325,FEMALE,3
GP_PRAC_PAT_LIST,01/07/2026,C83020,CAYTHORPE & ANCASTER MEDICAL PRACTICE,E01026329,FEMALE,1016
GP_PRAC_PAT_LIST,01/07/2026,C83020,CAYTHORPE & ANCASTER MEDICAL PRACTICE,E01026332,FEMALE,469
GP_PRAC_PAT_LIST,01/07/2026,C83020,CAYTHORPE & ANCASTER MEDICAL PRACTICE,E01026333,FEMALE,592
GP_PRAC_PAT_LIST,01/07/2026,C83020,CAYTHORPE & ANCASTER MEDICAL PRACTICE,E01026340,FEMALE,3
GP_PRAC_PAT_LIST,01/07/2026,C83020,CAYTHORPE & ANCASTER MEDICAL PRACTICE,E01026355,FEMALE,6
GP_PRAC_PAT_LIST,01/07/2026,C83020,CAYTHORPE & ANCASTER MEDICAL PRACTICE,E01026363,FEMALE,1
GP_PRAC_PAT_LIST,01/07/2026,C83020,CAYTHORPE & ANCASTER MEDICAL PRACTICE,E01026365,FEMALE,49
GP_PRAC_PAT_LIST,01/07/2026,C83020,CAYTHORPE & ANCASTER MEDICAL PRACTICE,E01026781,FEMALE,1
GP_PRAC_PAT_LIST,01/07/2026,C83020,CAYTHORPE & ANCASTER MEDICAL PRACTICE,E01034693,FEMALE,1
GP_PRAC_PAT_LIST,01/07/2026,C83020,CAYTHORPE & ANCASTER MEDICAL PRACTICE,E01034695,FEMALE,321
GP_PRAC_PAT_LIST,01/07/2026,C83020,CAYTHORPE & ANCASTER MEDICAL PRACTICE,E01034696,FEMALE,2
GP_PRAC_PAT_LIST,01/07/2026,C83020,CAYTHORPE & ANCASTER MEDICAL PRACTICE,E01034701,FEMALE,1
GP_PRAC_PAT_LIST,01/07/2026,C83020,CAYTHORPE & ANCASTER MEDICAL PRACTICE,E01035044,FEMALE,1
GP_PRAC_PAT_LIST,01/07/2026,C83020,CAYTHORPE & ANCASTER MEDICAL PRACTICE,EMPTY,FEMALE,1
GP_PRAC_PAT_LIST,01/07/2026,C83022,MUNRO MEDICAL CENTRE,E01008114,FEMALE,1
GP_PRAC_PAT_LIST,01/07/2026,C83022,MUNRO MEDICAL CENTRE,E01015622,FEMALE,1
GP_PRAC_PAT_LIST,01/07/2026,C83022,MUNRO MEDICAL CENTRE,E01015628,FEMALE,1
GP_PRAC_PAT_LIST,01/07/2026,C83022,MUNRO MEDICAL CENTRE,E01015636,FEMALE,4
GP_PRAC_PAT_LIST,01/07/2026,C83022,MUNRO MEDICAL CENTRE,E01015662,FEMALE,1
GP_PRAC_PAT_LIST,01/07/2026,C83022,MUNRO MEDICAL CENTRE,E01026016,FEMALE,1
GP_PRAC_PAT_LIST,01/07/2026,C83022,MUNRO MEDICAL CENTRE,E01026017,FEMALE,2
GP_PRAC_PAT_LIST,01/07/2026,C83022,MUNRO MEDICAL CENTRE,E01026018,FEMALE,2
GP_PRAC_PAT_LIST,01/07/2026,C83022,MUNRO MEDICAL CENTRE,E01026019,FEMALE,2
GP_PRAC_PAT_LIST,01/07/2026,C83022,MUNRO MEDICAL CENTRE,E01026020,FEMALE,6
GP_PRAC_PAT_LIST,01/07/2026,C83022,MUNRO MEDICAL CENTRE,E01026027,FEMALE,1
GP_PRAC_PAT_LIST,01/07/2026,C83022,MUNRO MEDICAL CENTRE,E01026030,FEMALE,1
GP_PRAC_PAT_LIST,01/07/2026,C83022,MUNRO MEDICAL CENTRE,E01026040,FEMALE,1
GP_PRAC_PAT_LIST,01/07/2026,C83022,MUNRO MEDICAL CENTRE,E01026231,FEMALE,1
GP_PRAC_PAT_LIST,01/07/2026,C83022,MUNRO MEDICAL CENTRE,E01026239,FEMALE,3
GP_PRAC_PAT_LIST,01/07/2026,C83022,MUNRO MEDICAL CENTRE,E01026240,FEMALE,9
GP_PRAC_PAT_LIST,01/07/2026,C83022,MUNRO MEDICAL CENTRE,E01026241,FEMALE,181
GP_PRAC_PAT_LIST,01/07/2026,C83022,MUNRO MEDICAL CENTRE,E01026242,FEMALE,15
GP_PRAC_PAT_LIST,01/07/2026,C83022,MUNRO MEDICAL CENTRE,E01026243,FEMALE,7
GP_PRAC_PAT_LIST,01/07/2026,C83022,MUNRO MEDICAL CENTRE,E01026244,FEMALE,4
GP_PRAC_PAT_LIST,01/07/2026,C83022,MUNRO MEDICAL CENTRE,E01026245,FEMALE,1
GP_PRAC_PAT_LIST,01/07/2026,C83022,MUNRO MEDICAL CENTRE,E01026246,FEMALE,7
GP_PRAC_PAT_LIST,01/07/2026,C83022,MUNRO MEDICAL CENTRE,E01026247,FEMALE,39
GP_PRAC_PAT_LIST,01/07/2026,C83022,MUNRO MEDICAL CENTRE,E01026248,FEMALE,3
GP_PRAC_PAT_LIST,01/07/2026,C83022,MUNRO MEDICAL CENTRE,E01026249,FEMALE,16
GP_PRAC_PAT_LIST,01/07/2026,C83022,MUNRO MEDICAL CENTRE,E01026250,FEMALE,6
GP_PRAC_PAT_LIST,01/07/2026,C83022,MUNRO MEDICAL CENTRE,E01026251,FEMALE,5
GP_PRAC_PAT_LIST,01/07/2026,C83022,MUNRO MEDICAL CENTRE,E01026252,FEMALE,6
GP_PRAC_PAT_LIST,01/07/2026,C83022,MUNRO MEDICAL CENTRE,E01026253,FEMALE,2
GP_PRAC_PAT_LIST,01/07/2026,C83022,MUNRO MEDICAL CENTRE,E01026255,FEMALE,1
GP_PRAC_PAT_LIST,01/07/2026,C83022,MUNRO MEDICAL CENTRE,E01026256,FEMALE,1
GP_PRAC_PAT_LIST,01/07/2026,C83022,MUNRO MEDICAL CENTRE,E01026258,FEMALE,720
GP_PRAC_PAT_LIST,01/07/2026,C83022,MUNRO MEDICAL CENTRE,E01026259,FEMALE,418
GP_PRAC_PAT_LIST,01/07/2026,C83022,MUNRO MEDICAL CENTRE,E01026260,FEMALE,485
GP_PRAC_PAT_LIST,01/07/2026,C83022,MUNRO MEDICAL CENTRE,E01026262,FEMALE,360
GP_PRAC_PAT_LIST,01/07/2026,C83022,MUNRO MEDICAL CENTRE,E01026263,FEMALE,648
GP_PRAC_PAT_LIST,01/07/2026,C83022,MUNRO MEDICAL CENTRE,E01026264,FEMALE,355
GP_PRAC_PAT_LIST,01/07/2026,C83022,MUNRO MEDICAL CENTRE,E01026265,FEMALE,429
GP_PRAC_PAT_LIST,01/07/2026,C83022,MUNRO MEDICAL CENTRE,E01026266,FEMALE,448
GP_PRAC_PAT_LIST,01/07/2026,C83022,MUNRO MEDICAL CENTRE,E01026268,FEMALE,450
GP_PRAC_PAT_LIST,01/07/2026,C83022,MUNRO MEDICAL CENTRE,E01026269,FEMALE,466
GP_PRAC_PAT_LIST,01/07/2026,C83022,MUNRO MEDICAL CENTRE,E01026270,FEMALE,574
GP_PRAC_PAT_LIST,01/07/2026,C83022,MUNRO MEDICAL CENTRE,E01026271,FEMALE,412
GP_PRAC_PAT_LIST,01/07/2026,C83022,MUNRO MEDICAL CENTRE,E01026272,FEMALE,263
GP_PRAC_PAT_LIST,01/07/2026,C83022,MUNRO MEDICAL CENTRE,E01026273,FEMALE,553
GP_PRAC_PAT_LIST,01/07/2026,C83022,MUNRO MEDICAL CENTRE,E01026275,FEMALE,695
GP_PRAC_PAT_LIST,01/07/2026,C83022,MUNRO MEDICAL CENTRE,E01026276,FEMALE,208
GP_PRAC_PAT_LIST,01/07/2026,C83022,MUNRO MEDICAL CENTRE,E01026279,FEMALE,2
GP_PRAC_PAT_LIST,01/07/2026,C83022,MUNRO MEDICAL CENTRE,E01026280,FEMALE,8
GP_PRAC_PAT_LIST,01/07/2026,C83022,MUNRO MEDICAL CENTRE,E01026281,FEMALE,264
GP_PRAC_PAT_LIST,01/07/2026,C83022,MUNRO MEDICAL CENTRE,E01026282,FEMALE,152
GP_PRAC_PAT_LIST,01/07/2026,C83022,MUNRO MEDICAL CENTRE,E01026283,FEMALE,62
GP_PRAC_PAT_LIST,01/07/2026,C83022,MUNRO MEDICAL CENTRE,E01026284,FEMALE,348
GP_PRAC_PAT_LIST,01/07/2026,C83022,MUNRO MEDICAL CENTRE,E01026285,FEMALE,39
GP_PRAC_PAT_LIST,01/07/2026,C83022,MUNRO MEDICAL CENTRE,E01026286,FEMALE,29
GP_PRAC_PAT_LIST,01/07/2026,C83022,MUNRO MEDICAL CENTRE,E01026289,FEMALE,1
GP_PRAC_PAT_LIST,01/07/2026,C83022,MUNRO MEDICAL CENTRE,E01026290,FEMALE,2
GP_PRAC_PAT_LIST,01/07/2026,C83022,MUNRO MEDICAL CENTRE,E01026296,FEMALE,2
GP_PRAC_PAT_LIST,01/07/2026,C83022,MUNRO MEDICAL CENTRE,E01026297,FEMALE,1
GP_PRAC_PAT_LIST,01/07/2026,C83022,MUNRO MEDICAL CENTRE,E01026298,FEMALE,1
GP_PRAC_PAT_LIST,01/07/2026,C83022,MUNRO MEDICAL CENTRE,E01026302,FEMALE,1
GP_PRAC_PAT_LIST,01/07/2026,C83022,MUNRO MEDICAL CENTRE,E01026304,FEMALE,1
GP_PRAC_PAT_LIST,01/07/2026,C83022,MUNRO MEDICAL CENTRE,E01026305,FEMALE,2
GP_PRAC_PAT_LIST,01/07/2026,C83022,MUNRO MEDICAL CENTRE,E01026306,FEMALE,1
GP_PRAC_PAT_LIST,01/07/2026,C83022,MUNRO MEDICAL CENTRE,E01026335,FEMALE,5
GP_PRAC_PAT_LIST,01/07/2026,C83022,MUNRO MEDICAL CENTRE,E01026341,FEMALE,1
GP_PRAC_PAT_LIST,01/07/2026,C83022,MUNRO MEDICAL CENTRE,E01026347,FEMALE,1
GP_PRAC_PAT_LIST,01/07/2026,C83022,MUNRO MEDICAL CENTRE,E01026351,FEMALE,1
GP_PRAC_PAT_LIST,01/07/2026,C83022,MUNRO MEDICAL CENTRE,E01026360,FEMALE,1
GP_PRAC_PAT_LIST,01/07/2026,C83022,MUNRO MEDICAL CENTRE,E01026363,FEMALE,1
GP_PRAC_PAT_LIST,01/07/2026,C83022,MUNRO MEDICAL CENTRE,E01027031,FEMALE,1
GP_PRAC_PAT_LIST,01/07/2026,C83022,MUNRO MEDICAL CENTRE,E01027047,FEMALE,1
GP_PRAC_PAT_LIST,01/07/2026,C83022,MUNRO MEDICAL CENTRE,E01032995,FEMALE,357
GP_PRAC_PAT_LIST,01/07/2026,C83022,MUNRO MEDICAL CENTRE,E01032996,FEMALE,492
GP_PRAC_PAT_LIST,01/07/2026,C83022,MUNRO MEDICAL CENTRE,E01032997,FEMALE,2
GP_PRAC_PAT_LIST,01/07/2026,C83022,MUNRO MEDICAL CENTRE,E01032998,FEMALE,1
GP_PRAC_PAT_LIST,01/07/2026,C83022,MUNRO MEDICAL CENTRE,E01034680,FEMALE,1
GP_PRAC_PAT_LIST,01/07/2026,C83022,MUNRO MEDICAL CENTRE,E01034697,FEMALE,540
GP_PRAC_PAT_LIST,01/07/2026,C83022,MUNRO MEDICAL CENTRE,E01034698,FEMALE,420
GP_PRAC_PAT_LIST,01/07/2026,C83022,MUNRO MEDICAL CENTRE,E01034699,FEMALE,294
GP_PRAC_PAT_LIST,01/07/2026,C83022,MUNRO MEDICAL CENTRE,E01034700,FEMALE,424
GP_PRAC_PAT_LIST,01/07/2026,C83022,MUNRO MEDICAL CENTRE,E01034703,FEMALE,1
GP_PRAC_PAT_LIST,01/07/2026,C83022,MUNRO MEDICAL CENTRE,E01034704,FEMALE,4
GP_PRAC_PAT_LIST,01/07/2026,C83022,MUNRO MEDICAL CENTRE,EMPTY,FEMALE,6
GP_PRAC_PAT_LIST,01/07/2026,C83023,SLEAFORD MEDICAL GROUP,E01006628,FEMALE,1
GP_PRAC_PAT_LIST,01/07/2026,C83023,SLEAFORD MEDICAL GROUP,E01007494,FEMALE,1
GP_PRAC_PAT_LIST,01/07/2026,C83023,SLEAFORD MEDICAL GROUP,E01009695,FEMALE,1
GP_PRAC_PAT_LIST,01/07/2026,C83023,SLEAFORD MEDICAL GROUP,E01010710,FEMALE,1
GP_PRAC_PAT_LIST,01/07/2026,C83023,SLEAFORD MEDICAL GROUP,E01011081,FEMALE,1
GP_PRAC_PAT_LIST,01/07/2026,C83023,SLEAFORD MEDICAL GROUP,E01013886,FEMALE,1
GP_PRAC_PAT_LIST,01/07/2026,C83023,SLEAFORD MEDICAL GROUP,E01013942,FEMALE,1
GP_PRAC_PAT_LIST,01/07/2026,C83023,SLEAFORD MEDICAL GROUP,E01015661,FEMALE,1
GP_PRAC_PAT_LIST,01/07/2026,C83023,SLEAFORD MEDICAL GROUP,E01021357,FEMALE,1
GP_PRAC_PAT_LIST,01/07/2026,C83023,SLEAFORD MEDICAL GROUP,E01023860,FEMALE,1
GP_PRAC_PAT_LIST,01/07/2026,C83023,SLEAFORD MEDICAL GROUP,E01026037,FEMALE,1
GP_PRAC_PAT_LIST,01/07/2026,C83023,SLEAFORD MEDICAL GROUP,E01026053,FEMALE,1
GP_PRAC_PAT_LIST,01/07/2026,C83023,SLEAFORD MEDICAL GROUP,E01026122,FEMALE,1
GP_PRAC_PAT_LIST,01/07/2026,C83023,SLEAFORD MEDICAL GROUP,E01026175,FEMALE,2
GP_PRAC_PAT_LIST,01/07/2026,C83023,SLEAFORD MEDICAL GROUP,E01026179,FEMALE,15
GP_PRAC_PAT_LIST,01/07/2026,C83023,SLEAFORD MEDICAL GROUP,E01026180,FEMALE,30
GP_PRAC_PAT_LIST,01/07/2026,C83023,SLEAFORD MEDICAL GROUP,E01026183,FEMALE,5
GP_PRAC_PAT_LIST,01/07/2026,C83023,SLEAFORD MEDICAL GROUP,E01026187,FEMALE,1
GP_PRAC_PAT_LIST,01/07/2026,C83023,SLEAFORD MEDICAL GROUP,E01026192,FEMALE,1
GP_PRAC_PAT_LIST,01/07/2026,C83023,SLEAFORD MEDICAL GROUP,E01026196,FEMALE,2
GP_PRAC_PAT_LIST,01/07/2026,C83023,SLEAFORD MEDICAL GROUP,E01026197,FEMALE,225
GP_PRAC_PAT_LIST,01/07/2026,C83023,SLEAFORD MEDICAL GROUP,E01026198,FEMALE,88
GP_PRAC_PAT_LIST,01/07/2026,C83023,SLEAFORD MEDICAL GROUP,E01026200,FEMALE,80
GP_PRAC_PAT_LIST,01/07/2026,C83023,SLEAFORD MEDICAL GROUP,E01026201,FEMALE,104
GP_PRAC_PAT_LIST,01/07/2026,C83023,SLEAFORD MEDICAL GROUP,E01026202,FEMALE,101
GP_PRAC_PAT_LIST,01/07/2026,C83023,SLEAFORD MEDICAL GROUP,E01026207,FEMALE,50
GP_PRAC_PAT_LIST,01/07/2026,C83023,SLEAFORD MEDICAL GROUP,E01026208,FEMALE,375
GP_PRAC_PAT_LIST,01/07/2026,C83023,SLEAFORD MEDICAL GROUP,E01026209,FEMALE,400
GP_PRAC_PAT_LIST,01/07/2026,C83023,SLEAFORD MEDICAL GROUP,E01026210,FEMALE,3
GP_PRAC_PAT_LIST,01/07/2026,C83023,SLEAFORD MEDICAL GROUP,E01026213,FEMALE,1
GP_PRAC_PAT_LIST,01/07/2026,C83023,SLEAFORD MEDICAL GROUP,E01026221,FEMALE,202
GP_PRAC_PAT_LIST,01/07/2026,C83023,SLEAFORD MEDICAL GROUP,E01026222,FEMALE,180
GP_PRAC_PAT_LIST,01/07/2026,C83023,SLEAFORD MEDICAL GROUP,E01026223,FEMALE,187
GP_PRAC_PAT_LIST,01/07/2026,C83023,SLEAFORD MEDICAL GROUP,E01026224,FEMALE,154
GP_PRAC_PAT_LIST,01/07/2026,C83023,SLEAFORD MEDICAL GROUP,E01026227,FEMALE,479
GP_PRAC_PAT_LIST,01/07/2026,C83023,SLEAFORD MEDICAL GROUP,E01026228,FEMALE,535
GP_PRAC_PAT_LIST,01/07/2026,C83023,SLEAFORD MEDICAL GROUP,E01026229,FEMALE,519
GP_PRAC_PAT_LIST,01/07/2026,C83023,SLEAFORD MEDICAL GROUP,E01026230,FEMALE,742
GP_PRAC_PAT_LIST,01/07/2026,C83023,SLEAFORD MEDICAL GROUP,E01026231,FEMALE,1106
GP_PRAC_PAT_LIST,01/07/2026,C83023,SLEAFORD MEDICAL GROUP,E01026232,FEMALE,829
GP_PRAC_PAT_LIST,01/07/2026,C83023,SLEAFORD MEDICAL GROUP,E01026233,FEMALE,557
GP_PRAC_PAT_LIST,01/07/2026,C83023,SLEAFORD MEDICAL GROUP,E01026235,FEMALE,600
GP_PRAC_PAT_LIST,01/07/2026,C83023,SLEAFORD MEDICAL GROUP,E01026236,FEMALE,355
GP_PRAC_PAT_LIST,01/07/2026,C83023,SLEAFORD MEDICAL GROUP,E01026290,FEMALE,2
GP_PRAC_PAT_LIST,01/07/2026,C83023,SLEAFORD MEDICAL GROUP,E01026313,FEMALE,1
GP_PRAC_PAT_LIST,01/07/2026,C83023,SLEAFORD MEDICAL GROUP,E01026314,FEMALE,4
GP_PRAC_PAT_LIST,01/07/2026,C83023,SLEAFORD MEDICAL GROUP,E01026317,FEMALE,1
GP_PRAC_PAT_LIST,01/07/2026,C83023,SLEAFORD MEDICAL GROUP,E01026319,FEMALE,1
GP_PRAC_PAT_LIST,01/07/2026,C83023,SLEAFORD MEDICAL GROUP,E01026329,FEMALE,1
GP_PRAC_PAT_LIST,01/07/2026,C83023,SLEAFORD MEDICAL GROUP,E01026332,FEMALE,1
GP_PRAC_PAT_LIST,01/07/2026,C83023,SLEAFORD MEDICAL GROUP,E01026343,FEMALE,2
GP_PRAC_PAT_LIST,01/07/2026,C83023,SLEAFORD MEDICAL GROUP,E01026361,FEMALE,4
GP_PRAC_PAT_LIST,01/07/2026,C83023,SLEAFORD MEDICAL GROUP,E01026390,FEMALE,1
GP_PRAC_PAT_LIST,01/07/2026,C83023,SLEAFORD MEDICAL GROUP,E01026468,FEMALE,1
GP_PRAC_PAT_LIST,01/07/2026,C83023,SLEAFORD MEDICAL GROUP,E01026780,FEMALE,1
GP_PRAC_PAT_LIST,01/07/2026,C83023,SLEAFORD MEDICAL GROUP,E01028289,FEMALE,1
GP_PRAC_PAT_LIST,01/07/2026,C83023,SLEAFORD MEDICAL GROUP,E01028326,FEMALE,1
GP_PRAC_PAT_LIST,01/07/2026,C83023,SLEAFORD MEDICAL GROUP,E01032993,FEMALE,2
GP_PRAC_PAT_LIST,01/07/2026,C83023,SLEAFORD MEDICAL GROUP,E01034693,FEMALE,2
GP_PRAC_PAT_LIST,01/07/2026,C83023,SLEAFORD MEDICAL GROUP,E01034695,FEMALE,382
GP_PRAC_PAT_LIST,01/07/2026,C83023,SLEAFORD MEDICAL GROUP,E01034696,FEMALE,481
GP_PRAC_PAT_LIST,01/07/2026,C83023,SLEAFORD MEDICAL GROUP,E01035380,FEMALE,1
GP_PRAC_PAT_LIST,01/07/2026,C83023,SLEAFORD MEDICAL GROUP,EMPTY,FEMALE,8
GP_PRAC_PAT_LIST,01/07/2026,C83024,THE GLENSIDE COUNTRY PRACTICE,E01013788,FEMALE,27
GP_PRAC_PAT_LIST,01/07/2026,C83024,THE GLENSIDE COUNTRY PRACTICE,E01013790,FEMALE,128
GP_PRAC_PAT_LIST,01/07/2026,C83024,THE GLENSIDE COUNTRY PRACTICE,E01013791,FEMALE,2
GP_PRAC_PAT_LIST,01/07/2026,C83024,THE GLENSIDE COUNTRY PRACTICE,E01013792,FEMALE,2
GP_PRAC_PAT_LIST,01/07/2026,C83024,THE GLENSIDE COUNTRY PRACTICE,E01013804,FEMALE,75
GP_PRAC_PAT_LIST,01/07/2026,C83024,THE GLENSIDE COUNTRY PRACTICE,E01013805,FEMALE,33
GP_PRAC_PAT_LIST,01/07/2026,C83024,THE GLENSIDE COUNTRY PRACTICE,E01015589,FEMALE,2
GP_PRAC_PAT_LIST,01/07/2026,C83024,THE GLENSIDE COUNTRY PRACTICE,E01015590,FEMALE,3
GP_PRAC_PAT_LIST,01/07/2026,C83024,THE GLENSIDE COUNTRY PRACTICE,E01017363,FEMALE,1
GP_PRAC_PAT_LIST,01/07/2026,C83024,THE GLENSIDE COUNTRY PRACTICE,E01025911,FEMALE,1
GP_PRAC_PAT_LIST,01/07/2026,C83024,THE GLENSIDE COUNTRY PRACTICE,E01025912,FEMALE,8
GP_PRAC_PAT_LIST,01/07/2026,C83024,THE GLENSIDE COUNTRY PRACTICE,E01026221,FEMALE,1
GP_PRAC_PAT_LIST,01/07/2026,C83024,THE GLENSIDE COUNTRY PRACTICE,E01026287,FEMALE,15
GP_PRAC_PAT_LIST,01/07/2026,C83024,THE GLENSIDE COUNTRY PRACTICE,E01026288,FEMALE,23
GP_PRAC_PAT_LIST,01/07/2026,C83024,THE GLENSIDE COUNTRY PRACTICE,E01026289,FEMALE,25
GP_PRAC_PAT_LIST,01/07/2026,C83024,THE GLENSIDE COUNTRY PRACTICE,E01026290,FEMALE,16
GP_PRAC_PAT_LIST,01/07/2026,C83024,THE GLENSIDE COUNTRY PRACTICE,E01026291,FEMALE,2
GP_PRAC_PAT_LIST,01/07/2026,C83024,THE GLENSIDE COUNTRY PRACTICE,E01026292,FEMALE,2
GP_PRAC_PAT_LIST,01/07/2026,C83024,THE GLENSIDE COUNTRY PRACTICE,E01026293,FEMALE,5
GP_PRAC_PAT_LIST,01/07/2026,C83024,THE GLENSIDE COUNTRY PRACTICE,E01026294,FEMALE,3
GP_PRAC_PAT_LIST,01/07/2026,C83024,THE GLENSIDE COUNTRY PRACTICE,E01026296,FEMALE,7
GP_PRAC_PAT_LIST,01/07/2026,C83024,THE GLENSIDE COUNTRY PRACTICE,E01026297,FEMALE,3
GP_PRAC_PAT_LIST,01/07/2026,C83024,THE GLENSIDE COUNTRY PRACTICE,E01026298,FEMALE,5
GP_PRAC_PAT_LIST,01/07/2026,C83024,THE GLENSIDE COUNTRY PRACTICE,E01026299,FEMALE,6
GP_PRAC_PAT_LIST,01/07/2026,C83024,THE GLENSIDE COUNTRY PRACTICE,E01026300,FEMALE,11
GP_PRAC_PAT_LIST,01/07/2026,C83024,THE GLENSIDE COUNTRY PRACTICE,E01026302,FEMALE,3
GP_PRAC_PAT_LIST,01/07/2026,C83024,THE GLENSIDE COUNTRY PRACTICE,E01026307,FEMALE,1
GP_PRAC_PAT_LIST,01/07/2026,C83024,THE GLENSIDE COUNTRY PRACTICE,E01026308,FEMALE,1
GP_PRAC_PAT_LIST,01/07/2026,C83024,THE GLENSIDE COUNTRY PRACTICE,E01026311,FEMALE,1
GP_PRAC_PAT_LIST,01/07/2026,C83024,THE GLENSIDE COUNTRY PRACTICE,E01026315,FEMALE,7
GP_PRAC_PAT_LIST,01/07/2026,C83024,THE GLENSIDE COUNTRY PRACTICE,E01026316,FEMALE,228
GP_PRAC_PAT_LIST,01/07/2026,C83024,THE GLENSIDE COUNTRY PRACTICE,E01026317,FEMALE,4
GP_PRAC_PAT_LIST,01/07/2026,C83024,THE GLENSIDE COUNTRY PRACTICE,E01026319,FEMALE,10
GP_PRAC_PAT_LIST,01/07/2026,C83024,THE GLENSIDE COUNTRY PRACTICE,E01026321,FEMALE,4
GP_PRAC_PAT_LIST,01/07/2026,C83024,THE GLENSIDE COUNTRY PRACTICE,E01026322,FEMALE,1
GP_PRAC_PAT_LIST,01/07/2026,C83024,THE GLENSIDE COUNTRY PRACTICE,E01026323,FEMALE,3
GP_PRAC_PAT_LIST,01/07/2026,C83024,THE GLENSIDE COUNTRY PRACTICE,E01026324,FEMALE,3
GP_PRAC_PAT_LIST,01/07/2026,C83024,THE GLENSIDE COUNTRY PRACTICE,E01026326,FEMALE,1
GP_PRAC_PAT_LIST,01/07/2026,C83024,THE GLENSIDE COUNTRY PRACTICE,E01026327,FEMALE,4
GP_PRAC_PAT_LIST,01/07/2026,C83024,THE GLENSIDE COUNTRY PRACTICE,E01026330,FEMALE,233
GP_PRAC_PAT_LIST,01/07/2026,C83024,THE GLENSIDE COUNTRY PRACTICE,E01026331,FEMALE,72
GP_PRAC_PAT_LIST,01/07/2026,C83024,THE GLENSIDE COUNTRY PRACTICE,E01026332,FEMALE,51
GP_PRAC_PAT_LIST,01/07/2026,C83024,THE GLENSIDE COUNTRY PRACTICE,E01026338,FEMALE,376
GP_PRAC_PAT_LIST,01/07/2026,C83024,THE GLENSIDE COUNTRY PRACTICE,E01026339,FEMALE,145
GP_PRAC_PAT_LIST,01/07/2026,C83024,THE GLENSIDE COUNTRY PRACTICE,E01026340,FEMALE,3
GP_PRAC_PAT_LIST,01/07/2026,C83024,THE GLENSIDE COUNTRY PRACTICE,E01026341,FEMALE,11
GP_PRAC_PAT_LIST,01/07/2026,C83024,THE GLENSIDE COUNTRY PRACTICE,E01026342,FEMALE,7
GP_PRAC_PAT_LIST,01/07/2026,C83024,THE GLENSIDE COUNTRY PRACTICE,E01026343,FEMALE,1
GP_PRAC_PAT_LIST,01/07/2026,C83024,THE GLENSIDE COUNTRY PRACTICE,E01026344,FEMALE,1
GP_PRAC_PAT_LIST,01/07/2026,C83024,THE GLENSIDE COUNTRY PRACTICE,E01026345,FEMALE,2
GP_PRAC_PAT_LIST,01/07/2026,C83024,THE GLENSIDE COUNTRY PRACTICE,E01026346,FEMALE,19
GP_PRAC_PAT_LIST,01/07/2026,C83024,THE GLENSIDE COUNTRY PRACTICE,E01026347,FEMALE,19
GP_PRAC_PAT_LIST,01/07/2026,C83024,THE GLENSIDE COUNTRY PRACTICE,E01026348,FEMALE,11
GP_PRAC_PAT_LIST,01/07/2026,C83024,THE GLENSIDE COUNTRY PRACTICE,E01026349,FEMALE,17
GP_PRAC_PAT_LIST,01/07/2026,C83024,THE GLENSIDE COUNTRY PRACTICE,E01026350,FEMALE,30
GP_PRAC_PAT_LIST,01/07/2026,C83024,THE GLENSIDE COUNTRY PRACTICE,E01026351,FEMALE,19
GP_PRAC_PAT_LIST,01/07/2026,C83024,THE GLENSIDE COUNTRY PRACTICE,E01026352,FEMALE,4
GP_PRAC_PAT_LIST,01/07/2026,C83024,THE GLENSIDE COUNTRY PRACTICE,E01026353,FEMALE,1
GP_PRAC_PAT_LIST,01/07/2026,C83024,THE GLENSIDE COUNTRY PRACTICE,E01026354,FEMALE,4
GP_PRAC_PAT_LIST,01/07/2026,C83024,THE GLENSIDE COUNTRY PRACTICE,E01026356,FEMALE,9
GP_PRAC_PAT_LIST,01/07/2026,C83024,THE GLENSIDE COUNTRY PRACTICE,E01026357,FEMALE,15
GP_PRAC_PAT_LIST,01/07/2026,C83024,THE GLENSIDE COUNTRY PRACTICE,E01026358,FEMALE,12
GP_PRAC_PAT_LIST,01/07/2026,C83024,THE GLENSIDE COUNTRY PRACTICE,E01026359,FEMALE,33
GP_PRAC_PAT_LIST,01/07/2026,C83024,THE GLENSIDE COUNTRY PRACTICE,E01026360,FEMALE,11
GP_PRAC_PAT_LIST,01/07/2026,C83024,THE GLENSIDE COUNTRY PRACTICE,E01026361,FEMALE,3
GP_PRAC_PAT_LIST,01/07/2026,C83024,THE GLENSIDE COUNTRY PRACTICE,E01026363,FEMALE,6
GP_PRAC_PAT_LIST,01/07/2026,C83024,THE GLENSIDE COUNTRY PRACTICE,E01027033,FEMALE,2
GP_PRAC_PAT_LIST,01/07/2026,C83024,THE GLENSIDE COUNTRY PRACTICE,E01027047,FEMALE,1
GP_PRAC_PAT_LIST,01/07/2026,C83024,THE GLENSIDE COUNTRY PRACTICE,E01027698,FEMALE,1
GP_PRAC_PAT_LIST,01/07/2026,C83024,THE GLENSIDE COUNTRY PRACTICE,E01032997,FEMALE,4
GP_PRAC_PAT_LIST,01/07/2026,C83024,THE GLENSIDE COUNTRY PRACTICE,E01032998,FEMALE,5
GP_PRAC_PAT_LIST,01/07/2026,C83024,THE GLENSIDE COUNTRY PRACTICE,E01032999,FEMALE,5
GP_PRAC_PAT_LIST,01/07/2026,C83024,THE GLENSIDE COUNTRY PRACTICE,E01034701,FEMALE,4
GP_PRAC_PAT_LIST,01/07/2026,C83024,THE GLENSIDE COUNTRY PRACTICE,E01034702,FEMALE,2
GP_PRAC_PAT_LIST,01/07/2026,C83024,THE GLENSIDE COUNTRY PRACTICE,E01034703,FEMALE,6
GP_PRAC_PAT_LIST,01/07/2026,C83024,THE GLENSIDE COUNTRY PRACTICE,E01034704,FEMALE,9
GP_PRAC_PAT_LIST,01/07/2026,C83024,THE GLENSIDE COUNTRY PRACTICE,E01034705,FEMALE,7
GP_PRAC_PAT_LIST,01/07/2026,C83024,THE GLENSIDE COUNTRY PRACTICE,E01035104,FEMALE,1
GP_PRAC_PAT_LIST,01/07/2026,C83025,RICHMOND MEDICAL CENTRE,E01013001,FEMALE,1
GP_PRAC_PAT_LIST,01/07/2026,C83025,RICHMOND MEDICAL CENTRE,E01015462,FEMALE,1
GP_PRAC_PAT_LIST,01/07/2026,C83025,RICHMOND MEDICAL CENTRE,E01026127,FEMALE,1
GP_PRAC_PAT_LIST,01/07/2026,C83025,RICHMOND MEDICAL CENTRE,E01026129,FEMALE,1
GP_PRAC_PAT_LIST,01/07/2026,C83025,RICHMOND MEDICAL CENTRE,E01026130,FEMALE,7
GP_PRAC_PAT_LIST,01/07/2026,C83025,RICHMOND MEDICAL CENTRE,E01026131,FEMALE,1
GP_PRAC_PAT_LIST,01/07/2026,C83025,RICHMOND MEDICAL CENTRE,E01026134,FEMALE,1
GP_PRAC_PAT_LIST,01/07/2026,C83025,RICHMOND MEDICAL CENTRE,E01026135,FEMALE,2
GP_PRAC_PAT_LIST,01/07/2026,C83025,RICHMOND MEDICAL CENTRE,E01026136,FEMALE,1
GP_PRAC_PAT_LIST,01/07/2026,C83025,RICHMOND MEDICAL CENTRE,E01026137,FEMALE,4
GP_PRAC_PAT_LIST,01/07/2026,C83025,RICHMOND MEDICAL CENTRE,E01026138,FEMALE,7
GP_PRAC_PAT_LIST,01/07/2026,C83025,RICHMOND MEDICAL CENTRE,E01026139,FEMALE,336
GP_PRAC_PAT_LIST,01/07/2026,C83025,RICHMOND MEDICAL CENTRE,E01026140,FEMALE,5
GP_PRAC_PAT_LIST,01/07/2026,C83025,RICHMOND MEDICAL CENTRE,E01026141,FEMALE,283
GP_PRAC_PAT_LIST,01/07/2026,C83025,RICHMOND MEDICAL CENTRE,E01026142,FEMALE,3
GP_PRAC_PAT_LIST,01/07/2026,C83025,RICHMOND MEDICAL CENTRE,E01026152,FEMALE,1
GP_PRAC_PAT_LIST,01/07/2026,C83025,RICHMOND MEDICAL CENTRE,E01026153,FEMALE,1
GP_PRAC_PAT_LIST,01/07/2026,C83025,RICHMOND MEDICAL CENTRE,E01026158,FEMALE,6
GP_PRAC_PAT_LIST,01/07/2026,C83025,RICHMOND MEDICAL CENTRE,E01026159,FEMALE,5
GP_PRAC_PAT_LIST,01/07/2026,C83025,RICHMOND MEDICAL CENTRE,E01026160,FEMALE,4
GP_PRAC_PAT_LIST,01/07/2026,C83025,RICHMOND MEDICAL CENTRE,E01026161,FEMALE,1
GP_PRAC_PAT_LIST,01/07/2026,C83025,RICHMOND MEDICAL CENTRE,E01026162,FEMALE,25
GP_PRAC_PAT_LIST,01/07/2026,C83025,RICHMOND MEDICAL CENTRE,E01026163,FEMALE,17
GP_PRAC_PAT_LIST,01/07/2026,C83025,RICHMOND MEDICAL CENTRE,E01026169,FEMALE,50
GP_PRAC_PAT_LIST,01/07/2026,C83025,RICHMOND MEDICAL CENTRE,E01026170,FEMALE,7
GP_PRAC_PAT_LIST,01/07/2026,C83025,RICHMOND MEDICAL CENTRE,E01026171,FEMALE,116
GP_PRAC_PAT_LIST,01/07/2026,C83025,RICHMOND MEDICAL CENTRE,E01026173,FEMALE,2
GP_PRAC_PAT_LIST,01/07/2026,C83025,RICHMOND MEDICAL CENTRE,E01026174,FEMALE,1
GP_PRAC_PAT_LIST,01/07/2026,C83025,RICHMOND MEDICAL CENTRE,E01026175,FEMALE,1
GP_PRAC_PAT_LIST,01/07/2026,C83025,RICHMOND MEDICAL CENTRE,E01026178,FEMALE,1
GP_PRAC_PAT_LIST,01/07/2026,C83025,RICHMOND MEDICAL CENTRE,E01026184,FEMALE,4
GP_PRAC_PAT_LIST,01/07/2026,C83025,RICHMOND MEDICAL CENTRE,E01026185,FEMALE,1
GP_PRAC_PAT_LIST,01/07/2026,C83025,RICHMOND MEDICAL CENTRE,E01026187,FEMALE,2
GP_PRAC_PAT_LIST,01/07/2026,C83025,RICHMOND MEDICAL CENTRE,E01026188,FEMALE,1
GP_PRAC_PAT_LIST,01/07/2026,C83025,RICHMOND MEDICAL CENTRE,E01026190,FEMALE,1
GP_PRAC_PAT_LIST,01/07/2026,C83025,RICHMOND MEDICAL CENTRE,E01026191,FEMALE,1
GP_PRAC_PAT_LIST,01/07/2026,C83025,RICHMOND MEDICAL CENTRE,E01026192,FEMALE,1
GP_PRAC_PAT_LIST,01/07/2026,C83025,RICHMOND MEDICAL CENTRE,E01026193,FEMALE,6
GP_PRAC_PAT_LIST,01/07/2026,C83025,RICHMOND MEDICAL CENTRE,E01026199,FEMALE,387
GP_PRAC_PAT_LIST,01/07/2026,C83025,RICHMOND MEDICAL CENTRE,E01026203,FEMALE,1
GP_PRAC_PAT_LIST,01/07/2026,C83025,RICHMOND MEDICAL CENTRE,E01026214,FEMALE,392
GP_PRAC_PAT_LIST,01/07/2026,C83025,RICHMOND MEDICAL CENTRE,E01026215,FEMALE,369
GP_PRAC_PAT_LIST,01/07/2026,C83025,RICHMOND MEDICAL CENTRE,E01026218,FEMALE,459
GP_PRAC_PAT_LIST,01/07/2026,C83025,RICHMOND MEDICAL CENTRE,E01026219,FEMALE,493
GP_PRAC_PAT_LIST,01/07/2026,C83025,RICHMOND MEDICAL CENTRE,E01026220,FEMALE,1025
GP_PRAC_PAT_LIST,01/07/2026,C83025,RICHMOND MEDICAL CENTRE,E01026225,FEMALE,1
GP_PRAC_PAT_LIST,01/07/2026,C83025,RICHMOND MEDICAL CENTRE,E01026226,FEMALE,3
GP_PRAC_PAT_LIST,01/07/2026,C83025,RICHMOND MEDICAL CENTRE,E01026237,FEMALE,8
GP_PRAC_PAT_LIST,01/07/2026,C83025,RICHMOND MEDICAL CENTRE,E01026238,FEMALE,16
GP_PRAC_PAT_LIST,01/07/2026,C83025,RICHMOND MEDICAL CENTRE,E01026373,FEMALE,1
GP_PRAC_PAT_LIST,01/07/2026,C83025,RICHMOND MEDICAL CENTRE,E01028402,FEMALE,1
GP_PRAC_PAT_LIST,01/07/2026,C83025,RICHMOND MEDICAL CENTRE,E01032988,FEMALE,974
GP_PRAC_PAT_LIST,01/07/2026,C83025,RICHMOND MEDICAL CENTRE,E01032989,FEMALE,983
GP_PRAC_PAT_LIST,01/07/2026,C83025,RICHMOND MEDICAL CENTRE,E01032991,FEMALE,906
GP_PRAC_PAT_LIST,01/07/2026,C83025,RICHMOND MEDICAL CENTRE,E01032992,FEMALE,698
GP_PRAC_PAT_LIST,01/07/2026,C83025,RICHMOND MEDICAL CENTRE,E01032993,FEMALE,1079
GP_PRAC_PAT_LIST,01/07/2026,C83025,RICHMOND MEDICAL CENTRE,E01032994,FEMALE,503
GP_PRAC_PAT_LIST,01/07/2026,C83025,RICHMOND MEDICAL CENTRE,E01034689,FEMALE,4
GP_PRAC_PAT_LIST,01/07/2026,C83025,RICHMOND MEDICAL CENTRE,E01034690,FEMALE,3
GP_PRAC_PAT_LIST,01/07/2026,C83025,RICHMOND MEDICAL CENTRE,E01034691,FEMALE,4
GP_PRAC_PAT_LIST,01/07/2026,C83025,RICHMOND MEDICAL CENTRE,E01034693,FEMALE,235
GP_PRAC_PAT_LIST,01/07/2026,C83025,RICHMOND MEDICAL CENTRE,E01034694,FEMALE,271
GP_PRAC_PAT_LIST,01/07/2026,C83025,RICHMOND MEDICAL CENTRE,EMPTY,FEMALE,17
GP_PRAC_PAT_LIST,01/07/2026,C83026,THE DEEPINGS PRACTICE,CLOSED,FEMALE,1
GP_PRAC_PAT_LIST,01/07/2026,C83026,THE DEEPINGS PRACTICE,E01010186,FEMALE,1
GP_PRAC_PAT_LIST,01/07/2026,C83026,THE DEEPINGS PRACTICE,E01013400,FEMALE,1
GP_PRAC_PAT_LIST,01/07/2026,C83026,THE DEEPINGS PRACTICE,E01015589,FEMALE,523
GP_PRAC_PAT_LIST,01/07/2026,C83026,THE DEEPINGS PRACTICE,E01015590,FEMALE,1
GP_PRAC_PAT_LIST,01/07/2026,C83026,THE DEEPINGS PRACTICE,E01015629,FEMALE,730
GP_PRAC_PAT_LIST,01/07/2026,C83026,THE DEEPINGS PRACTICE,E01015630,FEMALE,189
GP_PRAC_PAT_LIST,01/07/2026,C83026,THE DEEPINGS PRACTICE,E01015635,FEMALE,758
GP_PRAC_PAT_LIST,01/07/2026,C83026,THE DEEPINGS PRACTICE,E01015636,FEMALE,448
GP_PRAC_PAT_LIST,01/07/2026,C83026,THE DEEPINGS PRACTICE,E01015646,FEMALE,1
GP_PRAC_PAT_LIST,01/07/2026,C83026,THE DEEPINGS PRACTICE,E01015659,FEMALE,1
GP_PRAC_PAT_LIST,01/07/2026,C83026,THE DEEPINGS PRACTICE,E01015679,FEMALE,14
GP_PRAC_PAT_LIST,01/07/2026,C83026,THE DEEPINGS PRACTICE,E01015681,FEMALE,1
GP_PRAC_PAT_LIST,01/07/2026,C83026,THE DEEPINGS PRACTICE,E01015686,FEMALE,2
GP_PRAC_PAT_LIST,01/07/2026,C83026,THE DEEPINGS PRACTICE,E01019492,FEMALE,1
GP_PRAC_PAT_LIST,01/07/2026,C83026,THE DEEPINGS PRACTICE,E01020657,FEMALE,1
GP_PRAC_PAT_LIST,01/07/2026,C83026,THE DEEPINGS PRACTICE,E01021285,FEMALE,1
GP_PRAC_PAT_LIST,01/07/2026,C83026,THE DEEPINGS PRACTICE,E01023766,FEMALE,1
GP_PRAC_PAT_LIST,01/07/2026,C83026,THE DEEPINGS PRACTICE,E01026153,FEMALE,1
GP_PRAC_PAT_LIST,01/07/2026,C83026,THE DEEPINGS PRACTICE,E01026240,FEMALE,1
GP_PRAC_PAT_LIST,01/07/2026,C83026,THE DEEPINGS PRACTICE,E01026241,FEMALE,283
GP_PRAC_PAT_LIST,01/07/2026,C83026,THE DEEPINGS PRACTICE,E01026265,FEMALE,1
GP_PRAC_PAT_LIST,01/07/2026,C83026,THE DEEPINGS PRACTICE,E01026282,FEMALE,1
GP_PRAC_PAT_LIST,01/07/2026,C83026,THE DEEPINGS PRACTICE,E01026284,FEMALE,1
GP_PRAC_PAT_LIST,01/07/2026,C83026,THE DEEPINGS PRACTICE,E01026299,FEMALE,1
GP_PRAC_PAT_LIST,01/07/2026,C83026,THE DEEPINGS PRACTICE,E01026303,FEMALE,602
GP_PRAC_PAT_LIST,01/07/2026,C83026,THE DEEPINGS PRACTICE,E01026304,FEMALE,742
GP_PRAC_PAT_LIST,01/07/2026,C83026,THE DEEPINGS PRACTICE,E01026305,FEMALE,789
GP_PRAC_PAT_LIST,01/07/2026,C83026,THE DEEPINGS PRACTICE,E01026306,FEMALE,970
GP_PRAC_PAT_LIST,01/07/2026,C83026,THE DEEPINGS PRACTICE,E01026307,FEMALE,633
GP_PRAC_PAT_LIST,01/07/2026,C83026,THE DEEPINGS PRACTICE,E01026316,FEMALE,1
GP_PRAC_PAT_LIST,01/07/2026,C83026,THE DEEPINGS PRACTICE,E01026330,FEMALE,99
GP_PRAC_PAT_LIST,01/07/2026,C83026,THE DEEPINGS PRACTICE,E01026334,FEMALE,750
GP_PRAC_PAT_LIST,01/07/2026,C83026,THE DEEPINGS PRACTICE,E01026335,FEMALE,750
GP_PRAC_PAT_LIST,01/07/2026,C83026,THE DEEPINGS PRACTICE,E01026336,FEMALE,947
GP_PRAC_PAT_LIST,01/07/2026,C83026,THE DEEPINGS PRACTICE,E01026337,FEMALE,1136
GP_PRAC_PAT_LIST,01/07/2026,C83026,THE DEEPINGS PRACTICE,E01026349,FEMALE,1
GP_PRAC_PAT_LIST,01/07/2026,C83026,THE DEEPINGS PRACTICE,E01026357,FEMALE,1
GP_PRAC_PAT_LIST,01/07/2026,C83026,THE DEEPINGS PRACTICE,E01026362,FEMALE,650
GP_PRAC_PAT_LIST,01/07/2026,C83026,THE DEEPINGS PRACTICE,E01026363,FEMALE,359
GP_PRAC_PAT_LIST,01/07/2026,C83026,THE DEEPINGS PRACTICE,E01026364,FEMALE,457
GP_PRAC_PAT_LIST,01/07/2026,C83026,THE DEEPINGS PRACTICE,E01026683,FEMALE,1
GP_PRAC_PAT_LIST,01/07/2026,C83026,THE DEEPINGS PRACTICE,E01026981,FEMALE,1
GP_PRAC_PAT_LIST,01/07/2026,C83026,THE DEEPINGS PRACTICE,E01032431,FEMALE,1
GP_PRAC_PAT_LIST,01/07/2026,C83026,THE DEEPINGS PRACTICE,E01033181,FEMALE,1
GP_PRAC_PAT_LIST,01/07/2026,C83026,THE DEEPINGS PRACTICE,E01033761,FEMALE,1
GP_PRAC_PAT_LIST,01/07/2026,C83026,THE DEEPINGS PRACTICE,E01035348,FEMALE,1
GP_PRAC_PAT_LIST,01/07/2026,C83026,THE DEEPINGS PRACTICE,E01035545,FEMALE,1
GP_PRAC_PAT_LIST,01/07/2026,C83026,THE DEEPINGS PRACTICE,E01035547,FEMALE,1
GP_PRAC_PAT_LIST,01/07/2026,C83026,THE DEEPINGS PRACTICE,E01035552,FEMALE,1
GP_PRAC_PAT_LIST,01/07/2026,C83026,THE DEEPINGS PRACTICE,EMPTY,FEMALE,27
GP_PRAC_PAT_LIST,01/07/2026,C83027,HORNCASTLE MEDICAL GROUP,E01013421,FEMALE,1
GP_PRAC_PAT_LIST,01/07/2026,C83027,HORNCASTLE MEDICAL GROUP,E01016754,FEMALE,1
GP_PRAC_PAT_LIST,01/07/2026,C83027,HORNCASTLE MEDICAL GROUP,E01025187,FEMALE,1
GP_PRAC_PAT_LIST,01/07/2026,C83027,HORNCASTLE MEDICAL GROUP,E01026051,FEMALE,3
GP_PRAC_PAT_LIST,01/07/2026,C83027,HORNCASTLE MEDICAL GROUP,E01026052,FEMALE,1
GP_PRAC_PAT_LIST,01/07/2026,C83027,HORNCASTLE MEDICAL GROUP,E01026053,FEMALE,7
GP_PRAC_PAT_LIST,01/07/2026,C83027,HORNCASTLE MEDICAL GROUP,E01026054,FEMALE,6
GP_PRAC_PAT_LIST,01/07/2026,C83027,HORNCASTLE MEDICAL GROUP,E01026055,FEMALE,1
GP_PRAC_PAT_LIST,01/07/2026,C83027,HORNCASTLE MEDICAL GROUP,E01026060,FEMALE,30
GP_PRAC_PAT_LIST,01/07/2026,C83027,HORNCASTLE MEDICAL GROUP,E01026064,FEMALE,745
GP_PRAC_PAT_LIST,01/07/2026,C83027,HORNCASTLE MEDICAL GROUP,E01026065,FEMALE,1099
GP_PRAC_PAT_LIST,01/07/2026,C83027,HORNCASTLE MEDICAL GROUP,E01026066,FEMALE,1203
GP_PRAC_PAT_LIST,01/07/2026,C83027,HORNCASTLE MEDICAL GROUP,E01026067,FEMALE,796
GP_PRAC_PAT_LIST,01/07/2026,C83027,HORNCASTLE MEDICAL GROUP,E01026068,FEMALE,12
GP_PRAC_PAT_LIST,01/07/2026,C83027,HORNCASTLE MEDICAL GROUP,E01026070,FEMALE,2
GP_PRAC_PAT_LIST,01/07/2026,C83027,HORNCASTLE MEDICAL GROUP,E01026071,FEMALE,211
GP_PRAC_PAT_LIST,01/07/2026,C83027,HORNCASTLE MEDICAL GROUP,E01026075,FEMALE,225
GP_PRAC_PAT_LIST,01/07/2026,C83027,HORNCASTLE MEDICAL GROUP,E01026082,FEMALE,344
GP_PRAC_PAT_LIST,01/07/2026,C83027,HORNCASTLE MEDICAL GROUP,E01026105,FEMALE,524
GP_PRAC_PAT_LIST,01/07/2026,C83027,HORNCASTLE MEDICAL GROUP,E01026118,FEMALE,32
GP_PRAC_PAT_LIST,01/07/2026,C83027,HORNCASTLE MEDICAL GROUP,E01026119,FEMALE,26
GP_PRAC_PAT_LIST,01/07/2026,C83027,HORNCASTLE MEDICAL GROUP,E01026120,FEMALE,46
GP_PRAC_PAT_LIST,01/07/2026,C83027,HORNCASTLE MEDICAL GROUP,E01026121,FEMALE,26
GP_PRAC_PAT_LIST,01/07/2026,C83027,HORNCASTLE MEDICAL GROUP,E01026191,FEMALE,1
GP_PRAC_PAT_LIST,01/07/2026,C83027,HORNCASTLE MEDICAL GROUP,E01026210,FEMALE,3
GP_PRAC_PAT_LIST,01/07/2026,C83027,HORNCASTLE MEDICAL GROUP,E01026366,FEMALE,4
GP_PRAC_PAT_LIST,01/07/2026,C83027,HORNCASTLE MEDICAL GROUP,E01026415,FEMALE,1
GP_PRAC_PAT_LIST,01/07/2026,C83027,HORNCASTLE MEDICAL GROUP,E01027284,FEMALE,1
GP_PRAC_PAT_LIST,01/07/2026,C83027,HORNCASTLE MEDICAL GROUP,EMPTY,FEMALE,1
GP_PRAC_PAT_LIST,01/07/2026,C83028,HOLBEACH MEDICAL CENTRE,E01007662,FEMALE,1
GP_PRAC_PAT_LIST,01/07/2026,C83028,HOLBEACH MEDICAL CENTRE,E01015596,FEMALE,1
GP_PRAC_PAT_LIST,01/07/2026,C83028,HOLBEACH MEDICAL CENTRE,E01018097,FEMALE,1
GP_PRAC_PAT_LIST,01/07/2026,C83028,HOLBEACH MEDICAL CENTRE,E01021318,FEMALE,2
GP_PRAC_PAT_LIST,01/07/2026,C83028,HOLBEACH MEDICAL CENTRE,E01026017,FEMALE,5
GP_PRAC_PAT_LIST,01/07/2026,C83028,HOLBEACH MEDICAL CENTRE,E01026020,FEMALE,1
GP_PRAC_PAT_LIST,01/07/2026,C83028,HOLBEACH MEDICAL CENTRE,E01026241,FEMALE,1
GP_PRAC_PAT_LIST,01/07/2026,C83028,HOLBEACH MEDICAL CENTRE,E01026245,FEMALE,457
GP_PRAC_PAT_LIST,01/07/2026,C83028,HOLBEACH MEDICAL CENTRE,E01026246,FEMALE,149
GP_PRAC_PAT_LIST,01/07/2026,C83028,HOLBEACH MEDICAL CENTRE,E01026248,FEMALE,543
GP_PRAC_PAT_LIST,01/07/2026,C83028,HOLBEACH MEDICAL CENTRE,E01026249,FEMALE,247
GP_PRAC_PAT_LIST,01/07/2026,C83028,HOLBEACH MEDICAL CENTRE,E01026250,FEMALE,474
GP_PRAC_PAT_LIST,01/07/2026,C83028,HOLBEACH MEDICAL CENTRE,E01026251,FEMALE,468
GP_PRAC_PAT_LIST,01/07/2026,C83028,HOLBEACH MEDICAL CENTRE,E01026252,FEMALE,567
GP_PRAC_PAT_LIST,01/07/2026,C83028,HOLBEACH MEDICAL CENTRE,E01026253,FEMALE,536
GP_PRAC_PAT_LIST,01/07/2026,C83028,HOLBEACH MEDICAL CENTRE,E01026254,FEMALE,7
GP_PRAC_PAT_LIST,01/07/2026,C83028,HOLBEACH MEDICAL CENTRE,E01026255,FEMALE,8
GP_PRAC_PAT_LIST,01/07/2026,C83028,HOLBEACH MEDICAL CENTRE,E01026256,FEMALE,21
GP_PRAC_PAT_LIST,01/07/2026,C83028,HOLBEACH MEDICAL CENTRE,E01026257,FEMALE,17
GP_PRAC_PAT_LIST,01/07/2026,C83028,HOLBEACH MEDICAL CENTRE,E01026270,FEMALE,1
GP_PRAC_PAT_LIST,01/07/2026,C83028,HOLBEACH MEDICAL CENTRE,E01026277,FEMALE,1
GP_PRAC_PAT_LIST,01/07/2026,C83028,HOLBEACH MEDICAL CENTRE,E01026278,FEMALE,1
GP_PRAC_PAT_LIST,01/07/2026,C83028,HOLBEACH MEDICAL CENTRE,E01026280,FEMALE,50
GP_PRAC_PAT_LIST,01/07/2026,C83028,HOLBEACH MEDICAL CENTRE,E01026281,FEMALE,5
GP_PRAC_PAT_LIST,01/07/2026,C83028,HOLBEACH MEDICAL CENTRE,E01026282,FEMALE,27
GP_PRAC_PAT_LIST,01/07/2026,C83028,HOLBEACH MEDICAL CENTRE,E01026283,FEMALE,59
GP_PRAC_PAT_LIST,01/07/2026,C83028,HOLBEACH MEDICAL CENTRE,E01026284,FEMALE,12
GP_PRAC_PAT_LIST,01/07/2026,C83028,HOLBEACH MEDICAL CENTRE,E01026285,FEMALE,126
GP_PRAC_PAT_LIST,01/07/2026,C83028,HOLBEACH MEDICAL CENTRE,E01026286,FEMALE,168
GP_PRAC_PAT_LIST,01/07/2026,C83028,HOLBEACH MEDICAL CENTRE,E01027151,FEMALE,1
GP_PRAC_PAT_LIST,01/07/2026,C83028,HOLBEACH MEDICAL CENTRE,EMPTY,FEMALE,3
GP_PRAC_PAT_LIST,01/07/2026,C83029,BRANSTON & HEIGHINGTON FAMILY PRACTICE,E01021372,FEMALE,1
GP_PRAC_PAT_LIST,01/07/2026,C83029,BRANSTON & HEIGHINGTON FAMILY PRACTICE,E01026105,FEMALE,1
GP_PRAC_PAT_LIST,01/07/2026,C83029,BRANSTON & HEIGHINGTON FAMILY PRACTICE,E01026124,FEMALE,1
GP_PRAC_PAT_LIST,01/07/2026,C83029,BRANSTON & HEIGHINGTON FAMILY PRACTICE,E01026134,FEMALE,1
GP_PRAC_PAT_LIST,01/07/2026,C83029,BRANSTON & HEIGHINGTON FAMILY PRACTICE,E01026140,FEMALE,1
GP_PRAC_PAT_LIST,01/07/2026,C83029,BRANSTON & HEIGHINGTON FAMILY PRACTICE,E01026148,FEMALE,1
GP_PRAC_PAT_LIST,01/07/2026,C83029,BRANSTON & HEIGHINGTON FAMILY PRACTICE,E01026163,FEMALE,1
GP_PRAC_PAT_LIST,01/07/2026,C83029,BRANSTON & HEIGHINGTON FAMILY PRACTICE,E01026167,FEMALE,1
GP_PRAC_PAT_LIST,01/07/2026,C83029,BRANSTON & HEIGHINGTON FAMILY PRACTICE,E01026169,FEMALE,1
GP_PRAC_PAT_LIST,01/07/2026,C83029,BRANSTON & HEIGHINGTON FAMILY PRACTICE,E01026175,FEMALE,1
GP_PRAC_PAT_LIST,01/07/2026,C83029,BRANSTON & HEIGHINGTON FAMILY PRACTICE,E01026176,FEMALE,1
GP_PRAC_PAT_LIST,01/07/2026,C83029,BRANSTON & HEIGHINGTON FAMILY PRACTICE,E01026177,FEMALE,1
GP_PRAC_PAT_LIST,01/07/2026,C83029,BRANSTON & HEIGHINGTON FAMILY PRACTICE,E01026180,FEMALE,1
GP_PRAC_PAT_LIST,01/07/2026,C83029,BRANSTON & HEIGHINGTON FAMILY PRACTICE,E01026184,FEMALE,3
GP_PRAC_PAT_LIST,01/07/2026,C83029,BRANSTON & HEIGHINGTON FAMILY PRACTICE,E01026185,FEMALE,1
GP_PRAC_PAT_LIST,01/07/2026,C83029,BRANSTON & HEIGHINGTON FAMILY PRACTICE,E01026186,FEMALE,6
GP_PRAC_PAT_LIST,01/07/2026,C83029,BRANSTON & HEIGHINGTON FAMILY PRACTICE,E01026187,FEMALE,7
GP_PRAC_PAT_LIST,01/07/2026,C83029,BRANSTON & HEIGHINGTON FAMILY PRACTICE,E01026188,FEMALE,7
GP_PRAC_PAT_LIST,01/07/2026,C83029,BRANSTON & HEIGHINGTON FAMILY PRACTICE,E01026189,FEMALE,363
GP_PRAC_PAT_LIST,01/07/2026,C83029,BRANSTON & HEIGHINGTON FAMILY PRACTICE,E01026190,FEMALE,627
GP_PRAC_PAT_LIST,01/07/2026,C83029,BRANSTON & HEIGHINGTON FAMILY PRACTICE,E01026191,FEMALE,409
GP_PRAC_PAT_LIST,01/07/2026,C83029,BRANSTON & HEIGHINGTON FAMILY PRACTICE,E01026195,FEMALE,3
GP_PRAC_PAT_LIST,01/07/2026,C83029,BRANSTON & HEIGHINGTON FAMILY PRACTICE,E01026203,FEMALE,47
GP_PRAC_PAT_LIST,01/07/2026,C83029,BRANSTON & HEIGHINGTON FAMILY PRACTICE,E01026204,FEMALE,56
GP_PRAC_PAT_LIST,01/07/2026,C83029,BRANSTON & HEIGHINGTON FAMILY PRACTICE,E01026205,FEMALE,185
GP_PRAC_PAT_LIST,01/07/2026,C83029,BRANSTON & HEIGHINGTON FAMILY PRACTICE,E01026206,FEMALE,166
GP_PRAC_PAT_LIST,01/07/2026,C83029,BRANSTON & HEIGHINGTON FAMILY PRACTICE,E01026211,FEMALE,160
GP_PRAC_PAT_LIST,01/07/2026,C83029,BRANSTON & HEIGHINGTON FAMILY PRACTICE,E01026212,FEMALE,24
GP_PRAC_PAT_LIST,01/07/2026,C83029,BRANSTON & HEIGHINGTON FAMILY PRACTICE,E01026213,FEMALE,15
GP_PRAC_PAT_LIST,01/07/2026,C83029,BRANSTON & HEIGHINGTON FAMILY PRACTICE,E01026223,FEMALE,1
GP_PRAC_PAT_LIST,01/07/2026,C83029,BRANSTON & HEIGHINGTON FAMILY PRACTICE,E01026237,FEMALE,1
GP_PRAC_PAT_LIST,01/07/2026,C83029,BRANSTON & HEIGHINGTON FAMILY PRACTICE,E01026238,FEMALE,2
GP_PRAC_PAT_LIST,01/07/2026,C83029,BRANSTON & HEIGHINGTON FAMILY PRACTICE,E01026366,FEMALE,13
GP_PRAC_PAT_LIST,01/07/2026,C83029,BRANSTON & HEIGHINGTON FAMILY PRACTICE,E01032994,FEMALE,1
GP_PRAC_PAT_LIST,01/07/2026,C83029,BRANSTON & HEIGHINGTON FAMILY PRACTICE,E01034687,FEMALE,2
GP_PRAC_PAT_LIST,01/07/2026,C83030,BILLINGHAY MEDICAL PRACTICE,E01026033,FEMALE,8
GP_PRAC_PAT_LIST,01/07/2026,C83030,BILLINGHAY MEDICAL PRACTICE,E01026054,FEMALE,1
GP_PRAC_PAT_LIST,01/07/2026,C83030,BILLINGHAY MEDICAL PRACTICE,E01026175,FEMALE,1
GP_PRAC_PAT_LIST,01/07/2026,C83030,BILLINGHAY MEDICAL PRACTICE,E01026179,FEMALE,44
GP_PRAC_PAT_LIST,01/07/2026,C83030,BILLINGHAY MEDICAL PRACTICE,E01026180,FEMALE,254
GP_PRAC_PAT_LIST,01/07/2026,C83030,BILLINGHAY MEDICAL PRACTICE,E01026183,FEMALE,1369
GP_PRAC_PAT_LIST,01/07/2026,C83030,BILLINGHAY MEDICAL PRACTICE,E01026207,FEMALE,461
GP_PRAC_PAT_LIST,01/07/2026,C83030,BILLINGHAY MEDICAL PRACTICE,E01026208,FEMALE,1
GP_PRAC_PAT_LIST,01/07/2026,C83030,BILLINGHAY MEDICAL PRACTICE,E01026210,FEMALE,557
GP_PRAC_PAT_LIST,01/07/2026,C83030,BILLINGHAY MEDICAL PRACTICE,E01026224,FEMALE,15
GP_PRAC_PAT_LIST,01/07/2026,C83030,BILLINGHAY MEDICAL PRACTICE,E01026229,FEMALE,1
GP_PRAC_PAT_LIST,01/07/2026,C83030,BILLINGHAY MEDICAL PRACTICE,EMPTY,FEMALE,1
GP_PRAC_PAT_LIST,01/07/2026,C83031,NETTLEHAM MEDICAL PRACTICE,CLOSED,FEMALE,1
GP_PRAC_PAT_LIST,01/07/2026,C83031,NETTLEHAM MEDICAL PRACTICE,E01016887,FEMALE,1
GP_PRAC_PAT_LIST,01/07/2026,C83031,NETTLEHAM MEDICAL PRACTICE,E01019560,FEMALE,2
GP_PRAC_PAT_LIST,01/07/2026,C83031,NETTLEHAM MEDICAL PRACTICE,E01025826,FEMALE,1
GP_PRAC_PAT_LIST,01/07/2026,C83031,NETTLEHAM MEDICAL PRACTICE,E01026122,FEMALE,2
GP_PRAC_PAT_LIST,01/07/2026,C83031,NETTLEHAM MEDICAL PRACTICE,E01026123,FEMALE,24
GP_PRAC_PAT_LIST,01/07/2026,C83031,NETTLEHAM MEDICAL PRACTICE,E01026125,FEMALE,1
GP_PRAC_PAT_LIST,01/07/2026,C83031,NETTLEHAM MEDICAL PRACTICE,E01026126,FEMALE,1
GP_PRAC_PAT_LIST,01/07/2026,C83031,NETTLEHAM MEDICAL PRACTICE,E01026129,FEMALE,1
GP_PRAC_PAT_LIST,01/07/2026,C83031,NETTLEHAM MEDICAL PRACTICE,E01026137,FEMALE,1
GP_PRAC_PAT_LIST,01/07/2026,C83031,NETTLEHAM MEDICAL PRACTICE,E01026149,FEMALE,1
GP_PRAC_PAT_LIST,01/07/2026,C83031,NETTLEHAM MEDICAL PRACTICE,E01026150,FEMALE,1
GP_PRAC_PAT_LIST,01/07/2026,C83031,NETTLEHAM MEDICAL PRACTICE,E01026151,FEMALE,1
GP_PRAC_PAT_LIST,01/07/2026,C83031,NETTLEHAM MEDICAL PRACTICE,E01026153,FEMALE,41
GP_PRAC_PAT_LIST,01/07/2026,C83031,NETTLEHAM MEDICAL PRACTICE,E01026154,FEMALE,1
GP_PRAC_PAT_LIST,01/07/2026,C83031,NETTLEHAM MEDICAL PRACTICE,E01026155,FEMALE,49
GP_PRAC_PAT_LIST,01/07/2026,C83031,NETTLEHAM MEDICAL PRACTICE,E01026157,FEMALE,15
GP_PRAC_PAT_LIST,01/07/2026,C83031,NETTLEHAM MEDICAL PRACTICE,E01026166,FEMALE,1
GP_PRAC_PAT_LIST,01/07/2026,C83031,NETTLEHAM MEDICAL PRACTICE,E01026167,FEMALE,4
GP_PRAC_PAT_LIST,01/07/2026,C83031,NETTLEHAM MEDICAL PRACTICE,E01026177,FEMALE,1
GP_PRAC_PAT_LIST,01/07/2026,C83031,NETTLEHAM MEDICAL PRACTICE,E01026185,FEMALE,1
GP_PRAC_PAT_LIST,01/07/2026,C83031,NETTLEHAM MEDICAL PRACTICE,E01026203,FEMALE,1
GP_PRAC_PAT_LIST,01/07/2026,C83031,NETTLEHAM MEDICAL PRACTICE,E01026205,FEMALE,1
GP_PRAC_PAT_LIST,01/07/2026,C83031,NETTLEHAM MEDICAL PRACTICE,E01026206,FEMALE,1
GP_PRAC_PAT_LIST,01/07/2026,C83031,NETTLEHAM MEDICAL PRACTICE,E01026366,FEMALE,2
GP_PRAC_PAT_LIST,01/07/2026,C83031,NETTLEHAM MEDICAL PRACTICE,E01026369,FEMALE,612
GP_PRAC_PAT_LIST,01/07/2026,C83031,NETTLEHAM MEDICAL PRACTICE,E01026370,FEMALE,1007
GP_PRAC_PAT_LIST,01/07/2026,C83031,NETTLEHAM MEDICAL PRACTICE,E01026371,FEMALE,546
GP_PRAC_PAT_LIST,01/07/2026,C83031,NETTLEHAM MEDICAL PRACTICE,E01026372,FEMALE,86
GP_PRAC_PAT_LIST,01/07/2026,C83031,NETTLEHAM MEDICAL PRACTICE,E01026373,FEMALE,757
GP_PRAC_PAT_LIST,01/07/2026,C83031,NETTLEHAM MEDICAL PRACTICE,E01026389,FEMALE,1
GP_PRAC_PAT_LIST,01/07/2026,C83031,NETTLEHAM MEDICAL PRACTICE,E01026391,FEMALE,1
GP_PRAC_PAT_LIST,01/07/2026,C83031,NETTLEHAM MEDICAL PRACTICE,E01026393,FEMALE,632
GP_PRAC_PAT_LIST,01/07/2026,C83031,NETTLEHAM MEDICAL PRACTICE,E01026394,FEMALE,591
GP_PRAC_PAT_LIST,01/07/2026,C83031,NETTLEHAM MEDICAL PRACTICE,E01026395,FEMALE,676
GP_PRAC_PAT_LIST,01/07/2026,C83031,NETTLEHAM MEDICAL PRACTICE,E01026399,FEMALE,1
GP_PRAC_PAT_LIST,01/07/2026,C83031,NETTLEHAM MEDICAL PRACTICE,E01026400,FEMALE,10
GP_PRAC_PAT_LIST,01/07/2026,C83031,NETTLEHAM MEDICAL PRACTICE,E01026405,FEMALE,567
GP_PRAC_PAT_LIST,01/07/2026,C83031,NETTLEHAM MEDICAL PRACTICE,E01026406,FEMALE,488
GP_PRAC_PAT_LIST,01/07/2026,C83031,NETTLEHAM MEDICAL PRACTICE,E01026409,FEMALE,1
GP_PRAC_PAT_LIST,01/07/2026,C83031,NETTLEHAM MEDICAL PRACTICE,E01026411,FEMALE,1
GP_PRAC_PAT_LIST,01/07/2026,C83031,NETTLEHAM MEDICAL PRACTICE,E01026412,FEMALE,50
GP_PRAC_PAT_LIST,01/07/2026,C83031,NETTLEHAM MEDICAL PRACTICE,E01026413,FEMALE,19
GP_PRAC_PAT_LIST,01/07/2026,C83031,NETTLEHAM MEDICAL PRACTICE,E01026414,FEMALE,10
GP_PRAC_PAT_LIST,01/07/2026,C83031,NETTLEHAM MEDICAL PRACTICE,E01026646,FEMALE,1
GP_PRAC_PAT_LIST,01/07/2026,C83031,NETTLEHAM MEDICAL PRACTICE,E01034707,FEMALE,2
GP_PRAC_PAT_LIST,01/07/2026,C83031,NETTLEHAM MEDICAL PRACTICE,EMPTY,FEMALE,2
GP_PRAC_PAT_LIST,01/07/2026,C83032,MERTON LODGE SURGERY,E01019651,FEMALE,1
GP_PRAC_PAT_LIST,01/07/2026,C83032,MERTON LODGE SURGERY,E01026042,FEMALE,808
GP_PRAC_PAT_LIST,01/07/2026,C83032,MERTON LODGE SURGERY,E01026043,FEMALE,925
GP_PRAC_PAT_LIST,01/07/2026,C83032,MERTON LODGE SURGERY,E01026044,FEMALE,484
GP_PRAC_PAT_LIST,01/07/2026,C83032,MERTON LODGE SURGERY,E01026047,FEMALE,1
GP_PRAC_PAT_LIST,01/07/2026,C83032,MERTON LODGE SURGERY,E01026048,FEMALE,3
GP_PRAC_PAT_LIST,01/07/2026,C83032,MERTON LODGE SURGERY,E01026049,FEMALE,52
GP_PRAC_PAT_LIST,01/07/2026,C83032,MERTON LODGE SURGERY,E01026050,FEMALE,7
GP_PRAC_PAT_LIST,01/07/2026,C83032,MERTON LODGE SURGERY,E01026055,FEMALE,1
GP_PRAC_PAT_LIST,01/07/2026,C83032,MERTON LODGE SURGERY,E01026068,FEMALE,128
GP_PRAC_PAT_LIST,01/07/2026,C83032,MERTON LODGE SURGERY,E01026070,FEMALE,3
GP_PRAC_PAT_LIST,01/07/2026,C83032,MERTON LODGE SURGERY,E01026071,FEMALE,1
GP_PRAC_PAT_LIST,01/07/2026,C83032,MERTON LODGE SURGERY,E01026072,FEMALE,14
GP_PRAC_PAT_LIST,01/07/2026,C83032,MERTON LODGE SURGERY,E01026073,FEMALE,6
GP_PRAC_PAT_LIST,01/07/2026,C83032,MERTON LODGE SURGERY,E01026074,FEMALE,8
GP_PRAC_PAT_LIST,01/07/2026,C83032,MERTON LODGE SURGERY,E01026077,FEMALE,1
GP_PRAC_PAT_LIST,01/07/2026,C83032,MERTON LODGE SURGERY,E01026082,FEMALE,1
GP_PRAC_PAT_LIST,01/07/2026,C83032,MERTON LODGE SURGERY,E01026087,FEMALE,1
GP_PRAC_PAT_LIST,01/07/2026,C83032,MERTON LODGE SURGERY,E01026099,FEMALE,5
GP_PRAC_PAT_LIST,01/07/2026,C83032,MERTON LODGE SURGERY,E01026103,FEMALE,32
GP_PRAC_PAT_LIST,01/07/2026,C83032,MERTON LODGE SURGERY,E01026104,FEMALE,35
GP_PRAC_PAT_LIST,01/07/2026,C83032,MERTON LODGE SURGERY,E01026109,FEMALE,17
GP_PRAC_PAT_LIST,01/07/2026,C83032,MERTON LODGE SURGERY,E01026113,FEMALE,479
GP_PRAC_PAT_LIST,01/07/2026,C83032,MERTON LODGE SURGERY,E01026117,FEMALE,495
GP_PRAC_PAT_LIST,01/07/2026,C83032,MERTON LODGE SURGERY,E01026177,FEMALE,1
GP_PRAC_PAT_LIST,01/07/2026,C83032,MERTON LODGE SURGERY,E01032986,FEMALE,2
GP_PRAC_PAT_LIST,01/07/2026,C83033,HIBALDSTOW MEDICAL PRACTICE,E01012914,FEMALE,1
GP_PRAC_PAT_LIST,01/07/2026,C83033,HIBALDSTOW MEDICAL PRACTICE,E01013271,FEMALE,2
GP_PRAC_PAT_LIST,01/07/2026,C83033,HIBALDSTOW MEDICAL PRACTICE,E01013274,FEMALE,4
GP_PRAC_PAT_LIST,01/07/2026,C83033,HIBALDSTOW MEDICAL PRACTICE,E01013291,FEMALE,1
GP_PRAC_PAT_LIST,01/07/2026,C83033,HIBALDSTOW MEDICAL PRACTICE,E01013322,FEMALE,45
GP_PRAC_PAT_LIST,01/07/2026,C83033,HIBALDSTOW MEDICAL PRACTICE,E01013323,FEMALE,168
GP_PRAC_PAT_LIST,01/07/2026,C83033,HIBALDSTOW MEDICAL PRACTICE,E01013324,FEMALE,7
GP_PRAC_PAT_LIST,01/07/2026,C83033,HIBALDSTOW MEDICAL PRACTICE,E01013325,FEMALE,299
GP_PRAC_PAT_LIST,01/07/2026,C83033,HIBALDSTOW MEDICAL PRACTICE,E01013326,FEMALE,137
GP_PRAC_PAT_LIST,01/07/2026,C83033,HIBALDSTOW MEDICAL PRACTICE,E01013329,FEMALE,742
GP_PRAC_PAT_LIST,01/07/2026,C83033,HIBALDSTOW MEDICAL PRACTICE,E01013330,FEMALE,1
GP_PRAC_PAT_LIST,01/07/2026,C83033,HIBALDSTOW MEDICAL PRACTICE,E01026125,FEMALE,1
GP_PRAC_PAT_LIST,01/07/2026,C83033,HIBALDSTOW MEDICAL PRACTICE,E01026385,FEMALE,1
GP_PRAC_PAT_LIST,01/07/2026,C83033,HIBALDSTOW MEDICAL PRACTICE,E01026386,FEMALE,21
GP_PRAC_PAT_LIST,01/07/2026,C83033,HIBALDSTOW MEDICAL PRACTICE,E01026387,FEMALE,49
GP_PRAC_PAT_LIST,01/07/2026,C83033,HIBALDSTOW MEDICAL PRACTICE,E01026392,FEMALE,2
GP_PRAC_PAT_LIST,01/07/2026,C83033,HIBALDSTOW MEDICAL PRACTICE,E01026411,FEMALE,444
GP_PRAC_PAT_LIST,01/07/2026,C83033,HIBALDSTOW MEDICAL PRACTICE,E01026414,FEMALE,1
GP_PRAC_PAT_LIST,01/07/2026,C83035,HEREWARD MEDICAL CENTRE,CLOSED,FEMALE,1
GP_PRAC_PAT_LIST,01/07/2026,C83035,HEREWARD MEDICAL CENTRE,E01013804,FEMALE,1
GP_PRAC_PAT_LIST,01/07/2026,C83035,HEREWARD MEDICAL CENTRE,E01017664,FEMALE,1
GP_PRAC_PAT_LIST,01/07/2026,C83035,HEREWARD MEDICAL CENTRE,E01026056,FEMALE,1
GP_PRAC_PAT_LIST,01/07/2026,C83035,HEREWARD MEDICAL CENTRE,E01026232,FEMALE,1
GP_PRAC_PAT_LIST,01/07/2026,C83035,HEREWARD MEDICAL CENTRE,E01026241,FEMALE,24
GP_PRAC_PAT_LIST,01/07/2026,C83035,HEREWARD MEDICAL CENTRE,E01026259,FEMALE,3
GP_PRAC_PAT_LIST,01/07/2026,C83035,HEREWARD MEDICAL CENTRE,E01026272,FEMALE,2
GP_PRAC_PAT_LIST,01/07/2026,C83035,HEREWARD MEDICAL CENTRE,E01026284,FEMALE,1
GP_PRAC_PAT_LIST,01/07/2026,C83035,HEREWARD MEDICAL CENTRE,E01026290,FEMALE,135
GP_PRAC_PAT_LIST,01/07/2026,C83035,HEREWARD MEDICAL CENTRE,E01026296,FEMALE,268
GP_PRAC_PAT_LIST,01/07/2026,C83035,HEREWARD MEDICAL CENTRE,E01026297,FEMALE,295
GP_PRAC_PAT_LIST,01/07/2026,C83035,HEREWARD MEDICAL CENTRE,E01026298,FEMALE,659
GP_PRAC_PAT_LIST,01/07/2026,C83035,HEREWARD MEDICAL CENTRE,E01026299,FEMALE,501
GP_PRAC_PAT_LIST,01/07/2026,C83035,HEREWARD MEDICAL CENTRE,E01026300,FEMALE,322
GP_PRAC_PAT_LIST,01/07/2026,C83035,HEREWARD MEDICAL CENTRE,E01026302,FEMALE,215
GP_PRAC_PAT_LIST,01/07/2026,C83035,HEREWARD MEDICAL CENTRE,E01026304,FEMALE,1
GP_PRAC_PAT_LIST,01/07/2026,C83035,HEREWARD MEDICAL CENTRE,E01026316,FEMALE,50
GP_PRAC_PAT_LIST,01/07/2026,C83035,HEREWARD MEDICAL CENTRE,E01026326,FEMALE,1
GP_PRAC_PAT_LIST,01/07/2026,C83035,HEREWARD MEDICAL CENTRE,E01026330,FEMALE,178
GP_PRAC_PAT_LIST,01/07/2026,C83035,HEREWARD MEDICAL CENTRE,E01026333,FEMALE,1
GP_PRAC_PAT_LIST,01/07/2026,C83035,HEREWARD MEDICAL CENTRE,E01026334,FEMALE,3
GP_PRAC_PAT_LIST,01/07/2026,C83035,HEREWARD MEDICAL CENTRE,E01026335,FEMALE,2
GP_PRAC_PAT_LIST,01/07/2026,C83035,HEREWARD MEDICAL CENTRE,E01026336,FEMALE,1
GP_PRAC_PAT_LIST,01/07/2026,C83035,HEREWARD MEDICAL CENTRE,E01026337,FEMALE,2
GP_PRAC_PAT_LIST,01/07/2026,C83035,HEREWARD MEDICAL CENTRE,E01026341,FEMALE,259
GP_PRAC_PAT_LIST,01/07/2026,C83035,HEREWARD MEDICAL CENTRE,E01026342,FEMALE,209
GP_PRAC_PAT_LIST,01/07/2026,C83035,HEREWARD MEDICAL CENTRE,E01026346,FEMALE,1
GP_PRAC_PAT_LIST,01/07/2026,C83035,HEREWARD MEDICAL CENTRE,E01026348,FEMALE,1
GP_PRAC_PAT_LIST,01/07/2026,C83035,HEREWARD MEDICAL CENTRE,E01026360,FEMALE,477
GP_PRAC_PAT_LIST,01/07/2026,C83035,HEREWARD MEDICAL CENTRE,E01026361,FEMALE,1
GP_PRAC_PAT_LIST,01/07/2026,C83035,HEREWARD MEDICAL CENTRE,E01026362,FEMALE,82
GP_PRAC_PAT_LIST,01/07/2026,C83035,HEREWARD MEDICAL CENTRE,E01026364,FEMALE,151
GP_PRAC_PAT_LIST,01/07/2026,C83035,HEREWARD MEDICAL CENTRE,E01032997,FEMALE,334
GP_PRAC_PAT_LIST,01/07/2026,C83035,HEREWARD MEDICAL CENTRE,E01032998,FEMALE,495
GP_PRAC_PAT_LIST,01/07/2026,C83035,HEREWARD MEDICAL CENTRE,E01032999,FEMALE,293
GP_PRAC_PAT_LIST,01/07/2026,C83035,HEREWARD MEDICAL CENTRE,E01034700,FEMALE,1
GP_PRAC_PAT_LIST,01/07/2026,C83035,HEREWARD MEDICAL CENTRE,E01034703,FEMALE,570
GP_PRAC_PAT_LIST,01/07/2026,C83035,HEREWARD MEDICAL CENTRE,E01034704,FEMALE,619
GP_PRAC_PAT_LIST,01/07/2026,C83035,HEREWARD MEDICAL CENTRE,E01034705,FEMALE,406
GP_PRAC_PAT_LIST,01/07/2026,C83035,HEREWARD MEDICAL CENTRE,E01035542,FEMALE,1
GP_PRAC_PAT_LIST,01/07/2026,C83035,HEREWARD MEDICAL CENTRE,EMPTY,FEMALE,5
GP_PRAC_PAT_LIST,01/07/2026,C83036,GOSBERTON MEDICAL CENTRE,E01001123,FEMALE,1
GP_PRAC_PAT_LIST,01/07/2026,C83036,GOSBERTON MEDICAL CENTRE,E01003699,FEMALE,1
GP_PRAC_PAT_LIST,01/07/2026,C83036,GOSBERTON MEDICAL CENTRE,E01008108,FEMALE,1
GP_PRAC_PAT_LIST,01/07/2026,C83036,GOSBERTON MEDICAL CENTRE,E01018069,FEMALE,1
GP_PRAC_PAT_LIST,01/07/2026,C83036,GOSBERTON MEDICAL CENTRE,E01019845,FEMALE,1
GP_PRAC_PAT_LIST,01/07/2026,C83036,GOSBERTON MEDICAL CENTRE,E01021801,FEMALE,1
GP_PRAC_PAT_LIST,01/07/2026,C83036,GOSBERTON MEDICAL CENTRE,E01021828,FEMALE,1
GP_PRAC_PAT_LIST,01/07/2026,C83036,GOSBERTON MEDICAL CENTRE,E01022746,FEMALE,1
GP_PRAC_PAT_LIST,01/07/2026,C83036,GOSBERTON MEDICAL CENTRE,E01026016,FEMALE,82
GP_PRAC_PAT_LIST,01/07/2026,C83036,GOSBERTON MEDICAL CENTRE,E01026017,FEMALE,11
GP_PRAC_PAT_LIST,01/07/2026,C83036,GOSBERTON MEDICAL CENTRE,E01026020,FEMALE,5
GP_PRAC_PAT_LIST,01/07/2026,C83036,GOSBERTON MEDICAL CENTRE,E01026025,FEMALE,1
GP_PRAC_PAT_LIST,01/07/2026,C83036,GOSBERTON MEDICAL CENTRE,E01026242,FEMALE,484
GP_PRAC_PAT_LIST,01/07/2026,C83036,GOSBERTON MEDICAL CENTRE,E01026243,FEMALE,336
GP_PRAC_PAT_LIST,01/07/2026,C83036,GOSBERTON MEDICAL CENTRE,E01026244,FEMALE,586
GP_PRAC_PAT_LIST,01/07/2026,C83036,GOSBERTON MEDICAL CENTRE,E01026245,FEMALE,1
GP_PRAC_PAT_LIST,01/07/2026,C83036,GOSBERTON MEDICAL CENTRE,E01026247,FEMALE,901
GP_PRAC_PAT_LIST,01/07/2026,C83036,GOSBERTON MEDICAL CENTRE,E01026253,FEMALE,1
GP_PRAC_PAT_LIST,01/07/2026,C83036,GOSBERTON MEDICAL CENTRE,E01026256,FEMALE,1
GP_PRAC_PAT_LIST,01/07/2026,C83036,GOSBERTON MEDICAL CENTRE,E01026258,FEMALE,335
GP_PRAC_PAT_LIST,01/07/2026,C83036,GOSBERTON MEDICAL CENTRE,E01026259,FEMALE,260
GP_PRAC_PAT_LIST,01/07/2026,C83036,GOSBERTON MEDICAL CENTRE,E01026260,FEMALE,300
GP_PRAC_PAT_LIST,01/07/2026,C83036,GOSBERTON MEDICAL CENTRE,E01026262,FEMALE,1
GP_PRAC_PAT_LIST,01/07/2026,C83036,GOSBERTON MEDICAL CENTRE,E01026265,FEMALE,2
GP_PRAC_PAT_LIST,01/07/2026,C83036,GOSBERTON MEDICAL CENTRE,E01026266,FEMALE,1
GP_PRAC_PAT_LIST,01/07/2026,C83036,GOSBERTON MEDICAL CENTRE,E01026268,FEMALE,1
GP_PRAC_PAT_LIST,01/07/2026,C83036,GOSBERTON MEDICAL CENTRE,E01026269,FEMALE,1
GP_PRAC_PAT_LIST,01/07/2026,C83036,GOSBERTON MEDICAL CENTRE,E01026271,FEMALE,4
GP_PRAC_PAT_LIST,01/07/2026,C83036,GOSBERTON MEDICAL CENTRE,E01026272,FEMALE,1
GP_PRAC_PAT_LIST,01/07/2026,C83036,GOSBERTON MEDICAL CENTRE,E01026273,FEMALE,1
GP_PRAC_PAT_LIST,01/07/2026,C83036,GOSBERTON MEDICAL CENTRE,E01026275,FEMALE,3
GP_PRAC_PAT_LIST,01/07/2026,C83036,GOSBERTON MEDICAL CENTRE,E01026276,FEMALE,984
GP_PRAC_PAT_LIST,01/07/2026,C83036,GOSBERTON MEDICAL CENTRE,E01026281,FEMALE,1
GP_PRAC_PAT_LIST,01/07/2026,C83036,GOSBERTON MEDICAL CENTRE,E01026284,FEMALE,1
GP_PRAC_PAT_LIST,01/07/2026,C83036,GOSBERTON MEDICAL CENTRE,E01026285,FEMALE,2
GP_PRAC_PAT_LIST,01/07/2026,C83036,GOSBERTON MEDICAL CENTRE,E01026290,FEMALE,3
GP_PRAC_PAT_LIST,01/07/2026,C83036,GOSBERTON MEDICAL CENTRE,E01026297,FEMALE,1
GP_PRAC_PAT_LIST,01/07/2026,C83036,GOSBERTON MEDICAL CENTRE,E01028301,FEMALE,1
GP_PRAC_PAT_LIST,01/07/2026,C83036,GOSBERTON MEDICAL CENTRE,E01032995,FEMALE,2
GP_PRAC_PAT_LIST,01/07/2026,C83036,GOSBERTON MEDICAL CENTRE,E01032996,FEMALE,1
GP_PRAC_PAT_LIST,01/07/2026,C83036,GOSBERTON MEDICAL CENTRE,E01034697,FEMALE,1
GP_PRAC_PAT_LIST,01/07/2026,C83036,GOSBERTON MEDICAL CENTRE,E01034698,FEMALE,3
GP_PRAC_PAT_LIST,01/07/2026,C83036,GOSBERTON MEDICAL CENTRE,E01034700,FEMALE,2
GP_PRAC_PAT_LIST,01/07/2026,C83036,GOSBERTON MEDICAL CENTRE,EMPTY,FEMALE,1
GP_PRAC_PAT_LIST,01/07/2026,C83037,WELTON FAMILY HEALTH CENTRE,CLOSED,FEMALE,1
GP_PRAC_PAT_LIST,01/07/2026,C83037,WELTON FAMILY HEALTH CENTRE,E01004721,FEMALE,1
GP_PRAC_PAT_LIST,01/07/2026,C83037,WELTON FAMILY HEALTH CENTRE,E01013191,FEMALE,1
GP_PRAC_PAT_LIST,01/07/2026,C83037,WELTON FAMILY HEALTH CENTRE,E01015661,FEMALE,1
GP_PRAC_PAT_LIST,01/07/2026,C83037,WELTON FAMILY HEALTH CENTRE,E01026124,FEMALE,1
GP_PRAC_PAT_LIST,01/07/2026,C83037,WELTON FAMILY HEALTH CENTRE,E01026153,FEMALE,1
GP_PRAC_PAT_LIST,01/07/2026,C83037,WELTON FAMILY HEALTH CENTRE,E01026157,FEMALE,2
GP_PRAC_PAT_LIST,01/07/2026,C83037,WELTON FAMILY HEALTH CENTRE,E01026165,FEMALE,1
GP_PRAC_PAT_LIST,01/07/2026,C83037,WELTON FAMILY HEALTH CENTRE,E01026168,FEMALE,1
GP_PRAC_PAT_LIST,01/07/2026,C83037,WELTON FAMILY HEALTH CENTRE,E01026175,FEMALE,1
GP_PRAC_PAT_LIST,01/07/2026,C83037,WELTON FAMILY HEALTH CENTRE,E01026177,FEMALE,1
GP_PRAC_PAT_LIST,01/07/2026,C83037,WELTON FAMILY HEALTH CENTRE,E01026366,FEMALE,1
GP_PRAC_PAT_LIST,01/07/2026,C83037,WELTON FAMILY HEALTH CENTRE,E01026369,FEMALE,1
GP_PRAC_PAT_LIST,01/07/2026,C83037,WELTON FAMILY HEALTH CENTRE,E01026370,FEMALE,2
GP_PRAC_PAT_LIST,01/07/2026,C83037,WELTON FAMILY HEALTH CENTRE,E01026372,FEMALE,1230
GP_PRAC_PAT_LIST,01/07/2026,C83037,WELTON FAMILY HEALTH CENTRE,E01026373,FEMALE,57
GP_PRAC_PAT_LIST,01/07/2026,C83037,WELTON FAMILY HEALTH CENTRE,E01026376,FEMALE,1
GP_PRAC_PAT_LIST,01/07/2026,C83037,WELTON FAMILY HEALTH CENTRE,E01026390,FEMALE,13
GP_PRAC_PAT_LIST,01/07/2026,C83037,WELTON FAMILY HEALTH CENTRE,E01026392,FEMALE,1
GP_PRAC_PAT_LIST,01/07/2026,C83037,WELTON FAMILY HEALTH CENTRE,E01026393,FEMALE,33
GP_PRAC_PAT_LIST,01/07/2026,C83037,WELTON FAMILY HEALTH CENTRE,E01026394,FEMALE,30
GP_PRAC_PAT_LIST,01/07/2026,C83037,WELTON FAMILY HEALTH CENTRE,E01026395,FEMALE,56
GP_PRAC_PAT_LIST,01/07/2026,C83037,WELTON FAMILY HEALTH CENTRE,E01026399,FEMALE,6
GP_PRAC_PAT_LIST,01/07/2026,C83037,WELTON FAMILY HEALTH CENTRE,E01026400,FEMALE,391
GP_PRAC_PAT_LIST,01/07/2026,C83037,WELTON FAMILY HEALTH CENTRE,E01026405,FEMALE,191
GP_PRAC_PAT_LIST,01/07/2026,C83037,WELTON FAMILY HEALTH CENTRE,E01026406,FEMALE,75
GP_PRAC_PAT_LIST,01/07/2026,C83037,WELTON FAMILY HEALTH CENTRE,E01026411,FEMALE,188
GP_PRAC_PAT_LIST,01/07/2026,C83037,WELTON FAMILY HEALTH CENTRE,E01026412,FEMALE,1149
GP_PRAC_PAT_LIST,01/07/2026,C83037,WELTON FAMILY HEALTH CENTRE,E01026413,FEMALE,1012
GP_PRAC_PAT_LIST,01/07/2026,C83037,WELTON FAMILY HEALTH CENTRE,E01026414,FEMALE,629
GP_PRAC_PAT_LIST,01/07/2026,C83037,WELTON FAMILY HEALTH CENTRE,E01034707,FEMALE,18
GP_PRAC_PAT_LIST,01/07/2026,C83038,THE GLEBE PRACTICE,CLOSED,FEMALE,1
GP_PRAC_PAT_LIST,01/07/2026,C83038,THE GLEBE PRACTICE,E01008548,FEMALE,1
GP_PRAC_PAT_LIST,01/07/2026,C83038,THE GLEBE PRACTICE,E01012794,FEMALE,1
GP_PRAC_PAT_LIST,01/07/2026,C83038,THE GLEBE PRACTICE,E01012914,FEMALE,1
GP_PRAC_PAT_LIST,01/07/2026,C83038,THE GLEBE PRACTICE,E01013121,FEMALE,1
GP_PRAC_PAT_LIST,01/07/2026,C83038,THE GLEBE PRACTICE,E01013228,FEMALE,1
GP_PRAC_PAT_LIST,01/07/2026,C83038,THE GLEBE PRACTICE,E01013807,FEMALE,1
GP_PRAC_PAT_LIST,01/07/2026,C83038,THE GLEBE PRACTICE,E01025720,FEMALE,1
GP_PRAC_PAT_LIST,01/07/2026,C83038,THE GLEBE PRACTICE,E01025946,FEMALE,1
GP_PRAC_PAT_LIST,01/07/2026,C83038,THE GLEBE PRACTICE,E01026077,FEMALE,1
GP_PRAC_PAT_LIST,01/07/2026,C83038,THE GLEBE PRACTICE,E01026120,FEMALE,1
GP_PRAC_PAT_LIST,01/07/2026,C83038,THE GLEBE PRACTICE,E01026121,FEMALE,1
GP_PRAC_PAT_LIST,01/07/2026,C83038,THE GLEBE PRACTICE,E01026131,FEMALE,1
GP_PRAC_PAT_LIST,01/07/2026,C83038,THE GLEBE PRACTICE,E01026134,FEMALE,1
GP_PRAC_PAT_LIST,01/07/2026,C83038,THE GLEBE PRACTICE,E01026136,FEMALE,1
GP_PRAC_PAT_LIST,01/07/2026,C83038,THE GLEBE PRACTICE,E01026144,FEMALE,1
GP_PRAC_PAT_LIST,01/07/2026,C83038,THE GLEBE PRACTICE,E01026147,FEMALE,3
GP_PRAC_PAT_LIST,01/07/2026,C83038,THE GLEBE PRACTICE,E01026153,FEMALE,1
GP_PRAC_PAT_LIST,01/07/2026,C83038,THE GLEBE PRACTICE,E01026160,FEMALE,2
GP_PRAC_PAT_LIST,01/07/2026,C83038,THE GLEBE PRACTICE,E01026188,FEMALE,1
GP_PRAC_PAT_LIST,01/07/2026,C83038,THE GLEBE PRACTICE,E01026199,FEMALE,143
GP_PRAC_PAT_LIST,01/07/2026,C83038,THE GLEBE PRACTICE,E01026203,FEMALE,1
GP_PRAC_PAT_LIST,01/07/2026,C83038,THE GLEBE PRACTICE,E01026220,FEMALE,1
GP_PRAC_PAT_LIST,01/07/2026,C83038,THE GLEBE PRACTICE,E01026224,FEMALE,1
GP_PRAC_PAT_LIST,01/07/2026,C83038,THE GLEBE PRACTICE,E01026225,FEMALE,409
GP_PRAC_PAT_LIST,01/07/2026,C83038,THE GLEBE PRACTICE,E01026226,FEMALE,388
GP_PRAC_PAT_LIST,01/07/2026,C83038,THE GLEBE PRACTICE,E01026388,FEMALE,1
GP_PRAC_PAT_LIST,01/07/2026,C83038,THE GLEBE PRACTICE,E01026394,FEMALE,2
GP_PRAC_PAT_LIST,01/07/2026,C83038,THE GLEBE PRACTICE,E01026396,FEMALE,410
GP_PRAC_PAT_LIST,01/07/2026,C83038,THE GLEBE PRACTICE,E01026398,FEMALE,534
GP_PRAC_PAT_LIST,01/07/2026,C83038,THE GLEBE PRACTICE,E01026400,FEMALE,6
GP_PRAC_PAT_LIST,01/07/2026,C83038,THE GLEBE PRACTICE,E01026404,FEMALE,364
GP_PRAC_PAT_LIST,01/07/2026,C83038,THE GLEBE PRACTICE,E01026409,FEMALE,283
GP_PRAC_PAT_LIST,01/07/2026,C83038,THE GLEBE PRACTICE,E01026410,FEMALE,144
GP_PRAC_PAT_LIST,01/07/2026,C83038,THE GLEBE PRACTICE,E01026416,FEMALE,1
GP_PRAC_PAT_LIST,01/07/2026,C83038,THE GLEBE PRACTICE,E01027384,FEMALE,1
GP_PRAC_PAT_LIST,01/07/2026,C83038,THE GLEBE PRACTICE,E01027593,FEMALE,1
GP_PRAC_PAT_LIST,01/07/2026,C83038,THE GLEBE PRACTICE,E01028000,FEMALE,1
GP_PRAC_PAT_LIST,01/07/2026,C83038,THE GLEBE PRACTICE,E01028317,FEMALE,209
GP_PRAC_PAT_LIST,01/07/2026,C83038,THE GLEBE PRACTICE,E01028416,FEMALE,1
GP_PRAC_PAT_LIST,01/07/2026,C83038,THE GLEBE PRACTICE,E01033689,FEMALE,1
GP_PRAC_PAT_LIST,01/07/2026,C83038,THE GLEBE PRACTICE,E01034706,FEMALE,843
GP_PRAC_PAT_LIST,01/07/2026,C83038,THE GLEBE PRACTICE,E01034707,FEMALE,266
GP_PRAC_PAT_LIST,01/07/2026,C83038,THE GLEBE PRACTICE,EMPTY,FEMALE,2
GP_PRAC_PAT_LIST,01/07/2026,C83039,MOULTON MEDICAL CENTRE,CLOSED,FEMALE,4
GP_PRAC_PAT_LIST,01/07/2026,C83039,MOULTON MEDICAL CENTRE,E01015654,FEMALE,1
GP_PRAC_PAT_LIST,01/07/2026,C83039,MOULTON MEDICAL CENTRE,E01026017,FEMALE,2
GP_PRAC_PAT_LIST,01/07/2026,C83039,MOULTON MEDICAL CENTRE,E01026239,FEMALE,4
GP_PRAC_PAT_LIST,01/07/2026,C83039,MOULTON MEDICAL CENTRE,E01026245,FEMALE,8
GP_PRAC_PAT_LIST,01/07/2026,C83039,MOULTON MEDICAL CENTRE,E01026246,FEMALE,6
GP_PRAC_PAT_LIST,01/07/2026,C83039,MOULTON MEDICAL CENTRE,E01026248,FEMALE,19
GP_PRAC_PAT_LIST,01/07/2026,C83039,MOULTON MEDICAL CENTRE,E01026249,FEMALE,36
GP_PRAC_PAT_LIST,01/07/2026,C83039,MOULTON MEDICAL CENTRE,E01026250,FEMALE,2
GP_PRAC_PAT_LIST,01/07/2026,C83039,MOULTON MEDICAL CENTRE,E01026251,FEMALE,12
GP_PRAC_PAT_LIST,01/07/2026,C83039,MOULTON MEDICAL CENTRE,E01026252,FEMALE,2
GP_PRAC_PAT_LIST,01/07/2026,C83039,MOULTON MEDICAL CENTRE,E01026253,FEMALE,2
GP_PRAC_PAT_LIST,01/07/2026,C83039,MOULTON MEDICAL CENTRE,E01026258,FEMALE,4
GP_PRAC_PAT_LIST,01/07/2026,C83039,MOULTON MEDICAL CENTRE,E01026260,FEMALE,2
GP_PRAC_PAT_LIST,01/07/2026,C83039,MOULTON MEDICAL CENTRE,E01026262,FEMALE,6
GP_PRAC_PAT_LIST,01/07/2026,C83039,MOULTON MEDICAL CENTRE,E01026263,FEMALE,3
GP_PRAC_PAT_LIST,01/07/2026,C83039,MOULTON MEDICAL CENTRE,E01026264,FEMALE,3
GP_PRAC_PAT_LIST,01/07/2026,C83039,MOULTON MEDICAL CENTRE,E01026265,FEMALE,1
GP_PRAC_PAT_LIST,01/07/2026,C83039,MOULTON MEDICAL CENTRE,E01026266,FEMALE,4
GP_PRAC_PAT_LIST,01/07/2026,C83039,MOULTON MEDICAL CENTRE,E01026268,FEMALE,6
GP_PRAC_PAT_LIST,01/07/2026,C83039,MOULTON MEDICAL CENTRE,E01026269,FEMALE,9
GP_PRAC_PAT_LIST,01/07/2026,C83039,MOULTON MEDICAL CENTRE,E01026270,FEMALE,25
GP_PRAC_PAT_LIST,01/07/2026,C83039,MOULTON MEDICAL CENTRE,E01026271,FEMALE,1
GP_PRAC_PAT_LIST,01/07/2026,C83039,MOULTON MEDICAL CENTRE,E01026272,FEMALE,5
GP_PRAC_PAT_LIST,01/07/2026,C83039,MOULTON MEDICAL CENTRE,E01026273,FEMALE,3
GP_PRAC_PAT_LIST,01/07/2026,C83039,MOULTON MEDICAL CENTRE,E01026275,FEMALE,9
GP_PRAC_PAT_LIST,01/07/2026,C83039,MOULTON MEDICAL CENTRE,E01026276,FEMALE,3
GP_PRAC_PAT_LIST,01/07/2026,C83039,MOULTON MEDICAL CENTRE,E01026280,FEMALE,5
GP_PRAC_PAT_LIST,01/07/2026,C83039,MOULTON MEDICAL CENTRE,E01026281,FEMALE,413
GP_PRAC_PAT_LIST,01/07/2026,C83039,MOULTON MEDICAL CENTRE,E01026282,FEMALE,648
GP_PRAC_PAT_LIST,01/07/2026,C83039,MOULTON MEDICAL CENTRE,E01026283,FEMALE,631
GP_PRAC_PAT_LIST,01/07/2026,C83039,MOULTON MEDICAL CENTRE,E01026284,FEMALE,339
GP_PRAC_PAT_LIST,01/07/2026,C83039,MOULTON MEDICAL CENTRE,E01026285,FEMALE,382
GP_PRAC_PAT_LIST,01/07/2026,C83039,MOULTON MEDICAL CENTRE,E01026286,FEMALE,234
GP_PRAC_PAT_LIST,01/07/2026,C83039,MOULTON MEDICAL CENTRE,E01026693,FEMALE,1
GP_PRAC_PAT_LIST,01/07/2026,C83039,MOULTON MEDICAL CENTRE,E01032995,FEMALE,3
GP_PRAC_PAT_LIST,01/07/2026,C83039,MOULTON MEDICAL CENTRE,E01032996,FEMALE,4
GP_PRAC_PAT_LIST,01/07/2026,C83039,MOULTON MEDICAL CENTRE,E01034697,FEMALE,3
GP_PRAC_PAT_LIST,01/07/2026,C83039,MOULTON MEDICAL CENTRE,E01034699,FEMALE,2
GP_PRAC_PAT_LIST,01/07/2026,C83039,MOULTON MEDICAL CENTRE,E01034700,FEMALE,2
GP_PRAC_PAT_LIST,01/07/2026,C83039,MOULTON MEDICAL CENTRE,EMPTY,FEMALE,2
GP_PRAC_PAT_LIST,01/07/2026,C83040,ST. PETERS HILL SURGERY,CLOSED,FEMALE,1
GP_PRAC_PAT_LIST,01/07/2026,C83040,ST. PETERS HILL SURGERY,E01010950,FEMALE,1
GP_PRAC_PAT_LIST,01/07/2026,C83040,ST. PETERS HILL SURGERY,E01026198,FEMALE,1
GP_PRAC_PAT_LIST,01/07/2026,C83040,ST. PETERS HILL SURGERY,E01026291,FEMALE,298
GP_PRAC_PAT_LIST,01/07/2026,C83040,ST. PETERS HILL SURGERY,E01026292,FEMALE,133
GP_PRAC_PAT_LIST,01/07/2026,C83040,ST. PETERS HILL SURGERY,E01026293,FEMALE,208
GP_PRAC_PAT_LIST,01/07/2026,C83040,ST. PETERS HILL SURGERY,E01026294,FEMALE,181
GP_PRAC_PAT_LIST,01/07/2026,C83040,ST. PETERS HILL SURGERY,E01026308,FEMALE,241
GP_PRAC_PAT_LIST,01/07/2026,C83040,ST. PETERS HILL SURGERY,E01026309,FEMALE,237
GP_PRAC_PAT_LIST,01/07/2026,C83040,ST. PETERS HILL SURGERY,E01026310,FEMALE,139
GP_PRAC_PAT_LIST,01/07/2026,C83040,ST. PETERS HILL SURGERY,E01026311,FEMALE,265
GP_PRAC_PAT_LIST,01/07/2026,C83040,ST. PETERS HILL SURGERY,E01026312,FEMALE,175
GP_PRAC_PAT_LIST,01/07/2026,C83040,ST. PETERS HILL SURGERY,E01026313,FEMALE,93
GP_PRAC_PAT_LIST,01/07/2026,C83040,ST. PETERS HILL SURGERY,E01026315,FEMALE,96
GP_PRAC_PAT_LIST,01/07/2026,C83040,ST. PETERS HILL SURGERY,E01026316,FEMALE,1
GP_PRAC_PAT_LIST,01/07/2026,C83040,ST. PETERS HILL SURGERY,E01026317,FEMALE,435
GP_PRAC_PAT_LIST,01/07/2026,C83040,ST. PETERS HILL SURGERY,E01026318,FEMALE,348
GP_PRAC_PAT_LIST,01/07/2026,C83040,ST. PETERS HILL SURGERY,E01026319,FEMALE,339
GP_PRAC_PAT_LIST,01/07/2026,C83040,ST. PETERS HILL SURGERY,E01026321,FEMALE,182
GP_PRAC_PAT_LIST,01/07/2026,C83040,ST. PETERS HILL SURGERY,E01026322,FEMALE,154
GP_PRAC_PAT_LIST,01/07/2026,C83040,ST. PETERS HILL SURGERY,E01026323,FEMALE,280
GP_PRAC_PAT_LIST,01/07/2026,C83040,ST. PETERS HILL SURGERY,E01026324,FEMALE,298
GP_PRAC_PAT_LIST,01/07/2026,C83040,ST. PETERS HILL SURGERY,E01026325,FEMALE,203
GP_PRAC_PAT_LIST,01/07/2026,C83040,ST. PETERS HILL SURGERY,E01026326,FEMALE,213
GP_PRAC_PAT_LIST,01/07/2026,C83040,ST. PETERS HILL SURGERY,E01026327,FEMALE,191
GP_PRAC_PAT_LIST,01/07/2026,C83040,ST. PETERS HILL SURGERY,E01026328,FEMALE,169
GP_PRAC_PAT_LIST,01/07/2026,C83040,ST. PETERS HILL SURGERY,E01026332,FEMALE,21
GP_PRAC_PAT_LIST,01/07/2026,C83040,ST. PETERS HILL SURGERY,E01026333,FEMALE,1
GP_PRAC_PAT_LIST,01/07/2026,C83040,ST. PETERS HILL SURGERY,E01026340,FEMALE,329
GP_PRAC_PAT_LIST,01/07/2026,C83040,ST. PETERS HILL SURGERY,E01026343,FEMALE,325
GP_PRAC_PAT_LIST,01/07/2026,C83040,ST. PETERS HILL SURGERY,E01026344,FEMALE,186
GP_PRAC_PAT_LIST,01/07/2026,C83040,ST. PETERS HILL SURGERY,E01026345,FEMALE,287
GP_PRAC_PAT_LIST,01/07/2026,C83040,ST. PETERS HILL SURGERY,E01026352,FEMALE,228
GP_PRAC_PAT_LIST,01/07/2026,C83040,ST. PETERS HILL SURGERY,E01026353,FEMALE,255
GP_PRAC_PAT_LIST,01/07/2026,C83040,ST. PETERS HILL SURGERY,E01026354,FEMALE,172
GP_PRAC_PAT_LIST,01/07/2026,C83040,ST. PETERS HILL SURGERY,E01026365,FEMALE,10
GP_PRAC_PAT_LIST,01/07/2026,C83040,ST. PETERS HILL SURGERY,E01026607,FEMALE,1
GP_PRAC_PAT_LIST,01/07/2026,C83040,ST. PETERS HILL SURGERY,E01033174,FEMALE,1
GP_PRAC_PAT_LIST,01/07/2026,C83040,ST. PETERS HILL SURGERY,E01033277,FEMALE,1
GP_PRAC_PAT_LIST,01/07/2026,C83040,ST. PETERS HILL SURGERY,E01034606,FEMALE,1
GP_PRAC_PAT_LIST,01/07/2026,C83040,ST. PETERS HILL SURGERY,E01034701,FEMALE,191
GP_PRAC_PAT_LIST,01/07/2026,C83040,ST. PETERS HILL SURGERY,E01034702,FEMALE,186
GP_PRAC_PAT_LIST,01/07/2026,C83040,ST. PETERS HILL SURGERY,EMPTY,FEMALE,13
GP_PRAC_PAT_LIST,01/07/2026,C83041,THE WOODLAND MEDICAL PRACTICE,E01008047,FEMALE,1
GP_PRAC_PAT_LIST,01/07/2026,C83041,THE WOODLAND MEDICAL PRACTICE,E01013312,FEMALE,1
GP_PRAC_PAT_LIST,01/07/2026,C83041,THE WOODLAND MEDICAL PRACTICE,E01019669,FEMALE,1
GP_PRAC_PAT_LIST,01/07/2026,C83041,THE WOODLAND MEDICAL PRACTICE,E01025690,FEMALE,1
GP_PRAC_PAT_LIST,01/07/2026,C83041,THE WOODLAND MEDICAL PRACTICE,E01026069,FEMALE,1
GP_PRAC_PAT_LIST,01/07/2026,C83041,THE WOODLAND MEDICAL PRACTICE,E01026121,FEMALE,1
GP_PRAC_PAT_LIST,01/07/2026,C83041,THE WOODLAND MEDICAL PRACTICE,E01026123,FEMALE,1
GP_PRAC_PAT_LIST,01/07/2026,C83041,THE WOODLAND MEDICAL PRACTICE,E01026127,FEMALE,230
GP_PRAC_PAT_LIST,01/07/2026,C83041,THE WOODLAND MEDICAL PRACTICE,E01026129,FEMALE,284
GP_PRAC_PAT_LIST,01/07/2026,C83041,THE WOODLAND MEDICAL PRACTICE,E01026130,FEMALE,202
GP_PRAC_PAT_LIST,01/07/2026,C83041,THE WOODLAND MEDICAL PRACTICE,E01026131,FEMALE,266
GP_PRAC_PAT_LIST,01/07/2026,C83041,THE WOODLAND MEDICAL PRACTICE,E01026135,FEMALE,2
GP_PRAC_PAT_LIST,01/07/2026,C83041,THE WOODLAND MEDICAL PRACTICE,E01026136,FEMALE,57
GP_PRAC_PAT_LIST,01/07/2026,C83041,THE WOODLAND MEDICAL PRACTICE,E01026139,FEMALE,16
GP_PRAC_PAT_LIST,01/07/2026,C83041,THE WOODLAND MEDICAL PRACTICE,E01026141,FEMALE,24
GP_PRAC_PAT_LIST,01/07/2026,C83041,THE WOODLAND MEDICAL PRACTICE,E01026149,FEMALE,1
GP_PRAC_PAT_LIST,01/07/2026,C83041,THE WOODLAND MEDICAL PRACTICE,E01026158,FEMALE,280
GP_PRAC_PAT_LIST,01/07/2026,C83041,THE WOODLAND MEDICAL PRACTICE,E01026159,FEMALE,259
GP_PRAC_PAT_LIST,01/07/2026,C83041,THE WOODLAND MEDICAL PRACTICE,E01026160,FEMALE,195
GP_PRAC_PAT_LIST,01/07/2026,C83041,THE WOODLAND MEDICAL PRACTICE,E01026161,FEMALE,160
GP_PRAC_PAT_LIST,01/07/2026,C83041,THE WOODLAND MEDICAL PRACTICE,E01026162,FEMALE,205
GP_PRAC_PAT_LIST,01/07/2026,C83041,THE WOODLAND MEDICAL PRACTICE,E01026163,FEMALE,229
GP_PRAC_PAT_LIST,01/07/2026,C83041,THE WOODLAND MEDICAL PRACTICE,E01026167,FEMALE,2
GP_PRAC_PAT_LIST,01/07/2026,C83041,THE WOODLAND MEDICAL PRACTICE,E01026169,FEMALE,49
GP_PRAC_PAT_LIST,01/07/2026,C83041,THE WOODLAND MEDICAL PRACTICE,E01026170,FEMALE,16
GP_PRAC_PAT_LIST,01/07/2026,C83041,THE WOODLAND MEDICAL PRACTICE,E01026171,FEMALE,63
GP_PRAC_PAT_LIST,01/07/2026,C83041,THE WOODLAND MEDICAL PRACTICE,E01026172,FEMALE,28
GP_PRAC_PAT_LIST,01/07/2026,C83041,THE WOODLAND MEDICAL PRACTICE,E01026173,FEMALE,27
GP_PRAC_PAT_LIST,01/07/2026,C83041,THE WOODLAND MEDICAL PRACTICE,E01026174,FEMALE,2
GP_PRAC_PAT_LIST,01/07/2026,C83041,THE WOODLAND MEDICAL PRACTICE,E01026175,FEMALE,1
GP_PRAC_PAT_LIST,01/07/2026,C83041,THE WOODLAND MEDICAL PRACTICE,E01026176,FEMALE,2
GP_PRAC_PAT_LIST,01/07/2026,C83041,THE WOODLAND MEDICAL PRACTICE,E01026180,FEMALE,1
GP_PRAC_PAT_LIST,01/07/2026,C83041,THE WOODLAND MEDICAL PRACTICE,E01026187,FEMALE,2
GP_PRAC_PAT_LIST,01/07/2026,C83041,THE WOODLAND MEDICAL PRACTICE,E01026197,FEMALE,1
GP_PRAC_PAT_LIST,01/07/2026,C83041,THE WOODLAND MEDICAL PRACTICE,E01026199,FEMALE,91
GP_PRAC_PAT_LIST,01/07/2026,C83041,THE WOODLAND MEDICAL PRACTICE,E01026203,FEMALE,1
GP_PRAC_PAT_LIST,01/07/2026,C83041,THE WOODLAND MEDICAL PRACTICE,E01026204,FEMALE,1
GP_PRAC_PAT_LIST,01/07/2026,C83041,THE WOODLAND MEDICAL PRACTICE,E01026214,FEMALE,20
GP_PRAC_PAT_LIST,01/07/2026,C83041,THE WOODLAND MEDICAL PRACTICE,E01026215,FEMALE,16
GP_PRAC_PAT_LIST,01/07/2026,C83041,THE WOODLAND MEDICAL PRACTICE,E01026218,FEMALE,14
GP_PRAC_PAT_LIST,01/07/2026,C83041,THE WOODLAND MEDICAL PRACTICE,E01026219,FEMALE,13
GP_PRAC_PAT_LIST,01/07/2026,C83041,THE WOODLAND MEDICAL PRACTICE,E01026220,FEMALE,8
GP_PRAC_PAT_LIST,01/07/2026,C83041,THE WOODLAND MEDICAL PRACTICE,E01026225,FEMALE,182
GP_PRAC_PAT_LIST,01/07/2026,C83041,THE WOODLAND MEDICAL PRACTICE,E01026226,FEMALE,217
GP_PRAC_PAT_LIST,01/07/2026,C83041,THE WOODLAND MEDICAL PRACTICE,E01026388,FEMALE,1
GP_PRAC_PAT_LIST,01/07/2026,C83041,THE WOODLAND MEDICAL PRACTICE,E01026390,FEMALE,1
GP_PRAC_PAT_LIST,01/07/2026,C83041,THE WOODLAND MEDICAL PRACTICE,E01028187,FEMALE,1
GP_PRAC_PAT_LIST,01/07/2026,C83041,THE WOODLAND MEDICAL PRACTICE,E01030450,FEMALE,1
GP_PRAC_PAT_LIST,01/07/2026,C83041,THE WOODLAND MEDICAL PRACTICE,E01030690,FEMALE,1
GP_PRAC_PAT_LIST,01/07/2026,C83041,THE WOODLAND MEDICAL PRACTICE,E01032953,FEMALE,1
GP_PRAC_PAT_LIST,01/07/2026,C83041,THE WOODLAND MEDICAL PRACTICE,E01032988,FEMALE,16
GP_PRAC_PAT_LIST,01/07/2026,C83041,THE WOODLAND MEDICAL PRACTICE,E01032989,FEMALE,51
GP_PRAC_PAT_LIST,01/07/2026,C83041,THE WOODLAND MEDICAL PRACTICE,E01032991,FEMALE,92
GP_PRAC_PAT_LIST,01/07/2026,C83041,THE WOODLAND MEDICAL PRACTICE,E01032992,FEMALE,32
GP_PRAC_PAT_LIST,01/07/2026,C83041,THE WOODLAND MEDICAL PRACTICE,E01032993,FEMALE,55
GP_PRAC_PAT_LIST,01/07/2026,C83041,THE WOODLAND MEDICAL PRACTICE,E01032994,FEMALE,34
GP_PRAC_PAT_LIST,01/07/2026,C83041,THE WOODLAND MEDICAL PRACTICE,E01034689,FEMALE,198
GP_PRAC_PAT_LIST,01/07/2026,C83041,THE WOODLAND MEDICAL PRACTICE,E01034690,FEMALE,262
GP_PRAC_PAT_LIST,01/07/2026,C83041,THE WOODLAND MEDICAL PRACTICE,E01034691,FEMALE,1
GP_PRAC_PAT_LIST,01/07/2026,C83041,THE WOODLAND MEDICAL PRACTICE,E01034692,FEMALE,1
GP_PRAC_PAT_LIST,01/07/2026,C83041,THE WOODLAND MEDICAL PRACTICE,E01034693,FEMALE,3
GP_PRAC_PAT_LIST,01/07/2026,C83041,THE WOODLAND MEDICAL PRACTICE,E01034694,FEMALE,2
GP_PRAC_PAT_LIST,01/07/2026,C83041,THE WOODLAND MEDICAL PRACTICE,E01034707,FEMALE,5
GP_PRAC_PAT_LIST,01/07/2026,C83041,THE WOODLAND MEDICAL PRACTICE,EMPTY,FEMALE,4
GP_PRAC_PAT_LIST,01/07/2026,C83042,MARSH MEDICAL PRACTICE,CLOSED,FEMALE,1
GP_PRAC_PAT_LIST,01/07/2026,C83042,MARSH MEDICAL PRACTICE,E01011626,FEMALE,1
GP_PRAC_PAT_LIST,01/07/2026,C83042,MARSH MEDICAL PRACTICE,E01013140,FEMALE,1
GP_PRAC_PAT_LIST,01/07/2026,C83042,MARSH MEDICAL PRACTICE,E01013162,FEMALE,1
GP_PRAC_PAT_LIST,01/07/2026,C83042,MARSH MEDICAL PRACTICE,E01013164,FEMALE,2
GP_PRAC_PAT_LIST,01/07/2026,C83042,MARSH MEDICAL PRACTICE,E01013171,FEMALE,1
GP_PRAC_PAT_LIST,01/07/2026,C83042,MARSH MEDICAL PRACTICE,E01013172,FEMALE,1
GP_PRAC_PAT_LIST,01/07/2026,C83042,MARSH MEDICAL PRACTICE,E01013200,FEMALE,1
GP_PRAC_PAT_LIST,01/07/2026,C83042,MARSH MEDICAL PRACTICE,E01013204,FEMALE,1
GP_PRAC_PAT_LIST,01/07/2026,C83042,MARSH MEDICAL PRACTICE,E01013216,FEMALE,1
GP_PRAC_PAT_LIST,01/07/2026,C83042,MARSH MEDICAL PRACTICE,E01013217,FEMALE,1
GP_PRAC_PAT_LIST,01/07/2026,C83042,MARSH MEDICAL PRACTICE,E01013219,FEMALE,1
GP_PRAC_PAT_LIST,01/07/2026,C83042,MARSH MEDICAL PRACTICE,E01013224,FEMALE,1
GP_PRAC_PAT_LIST,01/07/2026,C83042,MARSH MEDICAL PRACTICE,E01013233,FEMALE,3
GP_PRAC_PAT_LIST,01/07/2026,C83042,MARSH MEDICAL PRACTICE,E01019777,FEMALE,1
GP_PRAC_PAT_LIST,01/07/2026,C83042,MARSH MEDICAL PRACTICE,E01024248,FEMALE,1
GP_PRAC_PAT_LIST,01/07/2026,C83042,MARSH MEDICAL PRACTICE,E01026042,FEMALE,13
GP_PRAC_PAT_LIST,01/07/2026,C83042,MARSH MEDICAL PRACTICE,E01026043,FEMALE,15
GP_PRAC_PAT_LIST,01/07/2026,C83042,MARSH MEDICAL PRACTICE,E01026044,FEMALE,15
GP_PRAC_PAT_LIST,01/07/2026,C83042,MARSH MEDICAL PRACTICE,E01026045,FEMALE,11
GP_PRAC_PAT_LIST,01/07/2026,C83042,MARSH MEDICAL PRACTICE,E01026049,FEMALE,1
GP_PRAC_PAT_LIST,01/07/2026,C83042,MARSH MEDICAL PRACTICE,E01026053,FEMALE,1
GP_PRAC_PAT_LIST,01/07/2026,C83042,MARSH MEDICAL PRACTICE,E01026058,FEMALE,663
GP_PRAC_PAT_LIST,01/07/2026,C83042,MARSH MEDICAL PRACTICE,E01026060,FEMALE,1
GP_PRAC_PAT_LIST,01/07/2026,C83042,MARSH MEDICAL PRACTICE,E01026061,FEMALE,6
GP_PRAC_PAT_LIST,01/07/2026,C83042,MARSH MEDICAL PRACTICE,E01026063,FEMALE,4
GP_PRAC_PAT_LIST,01/07/2026,C83042,MARSH MEDICAL PRACTICE,E01026066,FEMALE,2
GP_PRAC_PAT_LIST,01/07/2026,C83042,MARSH MEDICAL PRACTICE,E01026068,FEMALE,10
GP_PRAC_PAT_LIST,01/07/2026,C83042,MARSH MEDICAL PRACTICE,E01026070,FEMALE,106
GP_PRAC_PAT_LIST,01/07/2026,C83042,MARSH MEDICAL PRACTICE,E01026071,FEMALE,15
GP_PRAC_PAT_LIST,01/07/2026,C83042,MARSH MEDICAL PRACTICE,E01026072,FEMALE,36
GP_PRAC_PAT_LIST,01/07/2026,C83042,MARSH MEDICAL PRACTICE,E01026073,FEMALE,27
GP_PRAC_PAT_LIST,01/07/2026,C83042,MARSH MEDICAL PRACTICE,E01026074,FEMALE,36
GP_PRAC_PAT_LIST,01/07/2026,C83042,MARSH MEDICAL PRACTICE,E01026076,FEMALE,404
GP_PRAC_PAT_LIST,01/07/2026,C83042,MARSH MEDICAL PRACTICE,E01026077,FEMALE,41
GP_PRAC_PAT_LIST,01/07/2026,C83042,MARSH MEDICAL PRACTICE,E01026078,FEMALE,13
GP_PRAC_PAT_LIST,01/07/2026,C83042,MARSH MEDICAL PRACTICE,E01026079,FEMALE,954
GP_PRAC_PAT_LIST,01/07/2026,C83042,MARSH MEDICAL PRACTICE,E01026080,FEMALE,14
GP_PRAC_PAT_LIST,01/07/2026,C83042,MARSH MEDICAL PRACTICE,E01026081,FEMALE,30
GP_PRAC_PAT_LIST,01/07/2026,C83042,MARSH MEDICAL PRACTICE,E01026082,FEMALE,1
GP_PRAC_PAT_LIST,01/07/2026,C83042,MARSH MEDICAL PRACTICE,E01026087,FEMALE,41
GP_PRAC_PAT_LIST,01/07/2026,C83042,MARSH MEDICAL PRACTICE,E01026088,FEMALE,22
GP_PRAC_PAT_LIST,01/07/2026,C83042,MARSH MEDICAL PRACTICE,E01026089,FEMALE,36
GP_PRAC_PAT_LIST,01/07/2026,C83042,MARSH MEDICAL PRACTICE,E01026090,FEMALE,23
GP_PRAC_PAT_LIST,01/07/2026,C83042,MARSH MEDICAL PRACTICE,E01026091,FEMALE,79
GP_PRAC_PAT_LIST,01/07/2026,C83042,MARSH MEDICAL PRACTICE,E01026099,FEMALE,649
GP_PRAC_PAT_LIST,01/07/2026,C83042,MARSH MEDICAL PRACTICE,E01026103,FEMALE,15
GP_PRAC_PAT_LIST,01/07/2026,C83042,MARSH MEDICAL PRACTICE,E01026104,FEMALE,24
GP_PRAC_PAT_LIST,01/07/2026,C83042,MARSH MEDICAL PRACTICE,E01026105,FEMALE,6
GP_PRAC_PAT_LIST,01/07/2026,C83042,MARSH MEDICAL PRACTICE,E01026106,FEMALE,16
GP_PRAC_PAT_LIST,01/07/2026,C83042,MARSH MEDICAL PRACTICE,E01026107,FEMALE,47
GP_PRAC_PAT_LIST,01/07/2026,C83042,MARSH MEDICAL PRACTICE,E01026108,FEMALE,36
GP_PRAC_PAT_LIST,01/07/2026,C83042,MARSH MEDICAL PRACTICE,E01026109,FEMALE,32
GP_PRAC_PAT_LIST,01/07/2026,C83042,MARSH MEDICAL PRACTICE,E01026113,FEMALE,5
GP_PRAC_PAT_LIST,01/07/2026,C83042,MARSH MEDICAL PRACTICE,E01026117,FEMALE,96
GP_PRAC_PAT_LIST,01/07/2026,C83042,MARSH MEDICAL PRACTICE,E01026121,FEMALE,1
GP_PRAC_PAT_LIST,01/07/2026,C83042,MARSH MEDICAL PRACTICE,E01026177,FEMALE,2
GP_PRAC_PAT_LIST,01/07/2026,C83042,MARSH MEDICAL PRACTICE,E01026391,FEMALE,1
GP_PRAC_PAT_LIST,01/07/2026,C83042,MARSH MEDICAL PRACTICE,E01026414,FEMALE,1
GP_PRAC_PAT_LIST,01/07/2026,C83042,MARSH MEDICAL PRACTICE,E01026415,FEMALE,1
GP_PRAC_PAT_LIST,01/07/2026,C83042,MARSH MEDICAL PRACTICE,E01032986,FEMALE,17
GP_PRAC_PAT_LIST,01/07/2026,C83042,MARSH MEDICAL PRACTICE,E01032987,FEMALE,12
GP_PRAC_PAT_LIST,01/07/2026,C83042,MARSH MEDICAL PRACTICE,E01033067,FEMALE,1
GP_PRAC_PAT_LIST,01/07/2026,C83042,MARSH MEDICAL PRACTICE,E01035478,FEMALE,1
GP_PRAC_PAT_LIST,01/07/2026,C83042,MARSH MEDICAL PRACTICE,E01035480,FEMALE,2
GP_PRAC_PAT_LIST,01/07/2026,C83042,MARSH MEDICAL PRACTICE,EMPTY,FEMALE,2
GP_PRAC_PAT_LIST,01/07/2026,C83043,MARKET RASEN SURGERY,CLOSED,FEMALE,2
GP_PRAC_PAT_LIST,01/07/2026,C83043,MARKET RASEN SURGERY,E01004379,FEMALE,1
GP_PRAC_PAT_LIST,01/07/2026,C83043,MARKET RASEN SURGERY,E01005581,FEMALE,1
GP_PRAC_PAT_LIST,01/07/2026,C83043,MARKET RASEN SURGERY,E01011866,FEMALE,1
GP_PRAC_PAT_LIST,01/07/2026,C83043,MARKET RASEN SURGERY,E01012000,FEMALE,1
GP_PRAC_PAT_LIST,01/07/2026,C83043,MARKET RASEN SURGERY,E01013171,FEMALE,1
GP_PRAC_PAT_LIST,01/07/2026,C83043,MARKET RASEN SURGERY,E01013184,FEMALE,1
GP_PRAC_PAT_LIST,01/07/2026,C83043,MARKET RASEN SURGERY,E01013201,FEMALE,2
GP_PRAC_PAT_LIST,01/07/2026,C83043,MARKET RASEN SURGERY,E01013224,FEMALE,2
GP_PRAC_PAT_LIST,01/07/2026,C83043,MARKET RASEN SURGERY,E01013231,FEMALE,1
GP_PRAC_PAT_LIST,01/07/2026,C83043,MARKET RASEN SURGERY,E01013307,FEMALE,1
GP_PRAC_PAT_LIST,01/07/2026,C83043,MARKET RASEN SURGERY,E01013314,FEMALE,1
GP_PRAC_PAT_LIST,01/07/2026,C83043,MARKET RASEN SURGERY,E01013330,FEMALE,1
GP_PRAC_PAT_LIST,01/07/2026,C83043,MARKET RASEN SURGERY,E01015661,FEMALE,1
GP_PRAC_PAT_LIST,01/07/2026,C83043,MARKET RASEN SURGERY,E01020126,FEMALE,1
GP_PRAC_PAT_LIST,01/07/2026,C83043,MARKET RASEN SURGERY,E01020862,FEMALE,1
GP_PRAC_PAT_LIST,01/07/2026,C83043,MARKET RASEN SURGERY,E01021350,FEMALE,1
GP_PRAC_PAT_LIST,01/07/2026,C83043,MARKET RASEN SURGERY,E01023414,FEMALE,1
GP_PRAC_PAT_LIST,01/07/2026,C83043,MARKET RASEN SURGERY,E01025569,FEMALE,1
GP_PRAC_PAT_LIST,01/07/2026,C83043,MARKET RASEN SURGERY,E01026045,FEMALE,5
GP_PRAC_PAT_LIST,01/07/2026,C83043,MARKET RASEN SURGERY,E01026058,FEMALE,1
GP_PRAC_PAT_LIST,01/07/2026,C83043,MARKET RASEN SURGERY,E01026071,FEMALE,139
GP_PRAC_PAT_LIST,01/07/2026,C83043,MARKET RASEN SURGERY,E01026072,FEMALE,1
GP_PRAC_PAT_LIST,01/07/2026,C83043,MARKET RASEN SURGERY,E01026078,FEMALE,1
GP_PRAC_PAT_LIST,01/07/2026,C83043,MARKET RASEN SURGERY,E01026080,FEMALE,1
GP_PRAC_PAT_LIST,01/07/2026,C83043,MARKET RASEN SURGERY,E01026089,FEMALE,2
GP_PRAC_PAT_LIST,01/07/2026,C83043,MARKET RASEN SURGERY,E01026100,FEMALE,1
GP_PRAC_PAT_LIST,01/07/2026,C83043,MARKET RASEN SURGERY,E01026105,FEMALE,1
GP_PRAC_PAT_LIST,01/07/2026,C83043,MARKET RASEN SURGERY,E01026118,FEMALE,1
GP_PRAC_PAT_LIST,01/07/2026,C83043,MARKET RASEN SURGERY,E01026121,FEMALE,60
GP_PRAC_PAT_LIST,01/07/2026,C83043,MARKET RASEN SURGERY,E01026144,FEMALE,1
GP_PRAC_PAT_LIST,01/07/2026,C83043,MARKET RASEN SURGERY,E01026162,FEMALE,1
GP_PRAC_PAT_LIST,01/07/2026,C83043,MARKET RASEN SURGERY,E01026175,FEMALE,1
GP_PRAC_PAT_LIST,01/07/2026,C83043,MARKET RASEN SURGERY,E01026189,FEMALE,1
GP_PRAC_PAT_LIST,01/07/2026,C83043,MARKET RASEN SURGERY,E01026191,FEMALE,1
GP_PRAC_PAT_LIST,01/07/2026,C83043,MARKET RASEN SURGERY,E01026193,FEMALE,1
GP_PRAC_PAT_LIST,01/07/2026,C83043,MARKET RASEN SURGERY,E01026201,FEMALE,1
GP_PRAC_PAT_LIST,01/07/2026,C83043,MARKET RASEN SURGERY,E01026321,FEMALE,1
GP_PRAC_PAT_LIST,01/07/2026,C83043,MARKET RASEN SURGERY,E01026366,FEMALE,4
GP_PRAC_PAT_LIST,01/07/2026,C83043,MARKET RASEN SURGERY,E01026367,FEMALE,10
GP_PRAC_PAT_LIST,01/07/2026,C83043,MARKET RASEN SURGERY,E01026368,FEMALE,17
GP_PRAC_PAT_LIST,01/07/2026,C83043,MARKET RASEN SURGERY,E01026372,FEMALE,75
GP_PRAC_PAT_LIST,01/07/2026,C83043,MARKET RASEN SURGERY,E01026373,FEMALE,21
GP_PRAC_PAT_LIST,01/07/2026,C83043,MARKET RASEN SURGERY,E01026374,FEMALE,1
GP_PRAC_PAT_LIST,01/07/2026,C83043,MARKET RASEN SURGERY,E01026376,FEMALE,1
GP_PRAC_PAT_LIST,01/07/2026,C83043,MARKET RASEN SURGERY,E01026377,FEMALE,2
GP_PRAC_PAT_LIST,01/07/2026,C83043,MARKET RASEN SURGERY,E01026386,FEMALE,2
GP_PRAC_PAT_LIST,01/07/2026,C83043,MARKET RASEN SURGERY,E01026387,FEMALE,35
GP_PRAC_PAT_LIST,01/07/2026,C83043,MARKET RASEN SURGERY,E01026389,FEMALE,898
GP_PRAC_PAT_LIST,01/07/2026,C83043,MARKET RASEN SURGERY,E01026390,FEMALE,920
GP_PRAC_PAT_LIST,01/07/2026,C83043,MARKET RASEN SURGERY,E01026391,FEMALE,1008
GP_PRAC_PAT_LIST,01/07/2026,C83043,MARKET RASEN SURGERY,E01026392,FEMALE,1526
GP_PRAC_PAT_LIST,01/07/2026,C83043,MARKET RASEN SURGERY,E01026399,FEMALE,3
GP_PRAC_PAT_LIST,01/07/2026,C83043,MARKET RASEN SURGERY,E01026411,FEMALE,157
GP_PRAC_PAT_LIST,01/07/2026,C83043,MARKET RASEN SURGERY,E01026412,FEMALE,4
GP_PRAC_PAT_LIST,01/07/2026,C83043,MARKET RASEN SURGERY,E01026414,FEMALE,295
GP_PRAC_PAT_LIST,01/07/2026,C83043,MARKET RASEN SURGERY,E01026415,FEMALE,23
GP_PRAC_PAT_LIST,01/07/2026,C83043,MARKET RASEN SURGERY,E01026416,FEMALE,184
GP_PRAC_PAT_LIST,01/07/2026,C83043,MARKET RASEN SURGERY,E01026875,FEMALE,1
GP_PRAC_PAT_LIST,01/07/2026,C83043,MARKET RASEN SURGERY,E01030678,FEMALE,1
GP_PRAC_PAT_LIST,01/07/2026,C83043,MARKET RASEN SURGERY,EMPTY,FEMALE,2
GP_PRAC_PAT_LIST,01/07/2026,C83043,MARKET RASEN SURGERY,S01014104,FEMALE,1
GP_PRAC_PAT_LIST,01/07/2026,C83044,CASKGATE STREET SURGERY,CLOSED,FEMALE,3
GP_PRAC_PAT_LIST,01/07/2026,C83044,CASKGATE STREET SURGERY,E01001870,FEMALE,1
GP_PRAC_PAT_LIST,01/07/2026,C83044,CASKGATE STREET SURGERY,E01015661,FEMALE,1
GP_PRAC_PAT_LIST,01/07/2026,C83044,CASKGATE STREET SURGERY,E01016874,FEMALE,1
GP_PRAC_PAT_LIST,01/07/2026,C83044,CASKGATE STREET SURGERY,E01026132,FEMALE,3
GP_PRAC_PAT_LIST,01/07/2026,C83044,CASKGATE STREET SURGERY,E01026144,FEMALE,1
GP_PRAC_PAT_LIST,01/07/2026,C83044,CASKGATE STREET SURGERY,E01026172,FEMALE,1
GP_PRAC_PAT_LIST,01/07/2026,C83044,CASKGATE STREET SURGERY,E01026177,FEMALE,1
GP_PRAC_PAT_LIST,01/07/2026,C83044,CASKGATE STREET SURGERY,E01026245,FEMALE,1
GP_PRAC_PAT_LIST,01/07/2026,C83044,CASKGATE STREET SURGERY,E01026374,FEMALE,455
GP_PRAC_PAT_LIST,01/07/2026,C83044,CASKGATE STREET SURGERY,E01026375,FEMALE,601
GP_PRAC_PAT_LIST,01/07/2026,C83044,CASKGATE STREET SURGERY,E01026376,FEMALE,449
GP_PRAC_PAT_LIST,01/07/2026,C83044,CASKGATE STREET SURGERY,E01026377,FEMALE,509
GP_PRAC_PAT_LIST,01/07/2026,C83044,CASKGATE STREET SURGERY,E01026378,FEMALE,450
GP_PRAC_PAT_LIST,01/07/2026,C83044,CASKGATE STREET SURGERY,E01026379,FEMALE,472
GP_PRAC_PAT_LIST,01/07/2026,C83044,CASKGATE STREET SURGERY,E01026380,FEMALE,639
GP_PRAC_PAT_LIST,01/07/2026,C83044,CASKGATE STREET SURGERY,E01026381,FEMALE,349
GP_PRAC_PAT_LIST,01/07/2026,C83044,CASKGATE STREET SURGERY,E01026382,FEMALE,725
GP_PRAC_PAT_LIST,01/07/2026,C83044,CASKGATE STREET SURGERY,E01026383,FEMALE,481
GP_PRAC_PAT_LIST,01/07/2026,C83044,CASKGATE STREET SURGERY,E01026384,FEMALE,679
GP_PRAC_PAT_LIST,01/07/2026,C83044,CASKGATE STREET SURGERY,E01026385,FEMALE,8
GP_PRAC_PAT_LIST,01/07/2026,C83044,CASKGATE STREET SURGERY,E01026388,FEMALE,133
GP_PRAC_PAT_LIST,01/07/2026,C83044,CASKGATE STREET SURGERY,E01026402,FEMALE,1
GP_PRAC_PAT_LIST,01/07/2026,C83044,CASKGATE STREET SURGERY,E01026403,FEMALE,15
GP_PRAC_PAT_LIST,01/07/2026,C83044,CASKGATE STREET SURGERY,E01026407,FEMALE,49
GP_PRAC_PAT_LIST,01/07/2026,C83044,CASKGATE STREET SURGERY,E01026408,FEMALE,250
GP_PRAC_PAT_LIST,01/07/2026,C83044,CASKGATE STREET SURGERY,E01026410,FEMALE,7
GP_PRAC_PAT_LIST,01/07/2026,C83044,CASKGATE STREET SURGERY,E01026411,FEMALE,1
GP_PRAC_PAT_LIST,01/07/2026,C83044,CASKGATE STREET SURGERY,E01027999,FEMALE,41
GP_PRAC_PAT_LIST,01/07/2026,C83044,CASKGATE STREET SURGERY,E01028015,FEMALE,1
GP_PRAC_PAT_LIST,01/07/2026,C83044,CASKGATE STREET SURGERY,E01028023,FEMALE,3
GP_PRAC_PAT_LIST,01/07/2026,C83044,CASKGATE STREET SURGERY,E01028032,FEMALE,1
GP_PRAC_PAT_LIST,01/07/2026,C83044,CASKGATE STREET SURGERY,E01028035,FEMALE,2
GP_PRAC_PAT_LIST,01/07/2026,C83044,CASKGATE STREET SURGERY,E01028037,FEMALE,1
GP_PRAC_PAT_LIST,01/07/2026,C83044,CASKGATE STREET SURGERY,E01034706,FEMALE,1
GP_PRAC_PAT_LIST,01/07/2026,C83045,HAWTHORN MEDICAL PRACTICE,CLOSED,FEMALE,1
GP_PRAC_PAT_LIST,01/07/2026,C83045,HAWTHORN MEDICAL PRACTICE,E01009697,FEMALE,1
GP_PRAC_PAT_LIST,01/07/2026,C83045,HAWTHORN MEDICAL PRACTICE,E01012934,FEMALE,1
GP_PRAC_PAT_LIST,01/07/2026,C83045,HAWTHORN MEDICAL PRACTICE,E01013208,FEMALE,1
GP_PRAC_PAT_LIST,01/07/2026,C83045,HAWTHORN MEDICAL PRACTICE,E01013962,FEMALE,1
GP_PRAC_PAT_LIST,01/07/2026,C83045,HAWTHORN MEDICAL PRACTICE,E01015044,FEMALE,1
GP_PRAC_PAT_LIST,01/07/2026,C83045,HAWTHORN MEDICAL PRACTICE,E01015661,FEMALE,2
GP_PRAC_PAT_LIST,01/07/2026,C83045,HAWTHORN MEDICAL PRACTICE,E01018060,FEMALE,1
GP_PRAC_PAT_LIST,01/07/2026,C83045,HAWTHORN MEDICAL PRACTICE,E01019662,FEMALE,1
GP_PRAC_PAT_LIST,01/07/2026,C83045,HAWTHORN MEDICAL PRACTICE,E01019852,FEMALE,1
GP_PRAC_PAT_LIST,01/07/2026,C83045,HAWTHORN MEDICAL PRACTICE,E01024600,FEMALE,1
GP_PRAC_PAT_LIST,01/07/2026,C83045,HAWTHORN MEDICAL PRACTICE,E01026020,FEMALE,1
GP_PRAC_PAT_LIST,01/07/2026,C83045,HAWTHORN MEDICAL PRACTICE,E01026023,FEMALE,1
GP_PRAC_PAT_LIST,01/07/2026,C83045,HAWTHORN MEDICAL PRACTICE,E01026043,FEMALE,1
GP_PRAC_PAT_LIST,01/07/2026,C83045,HAWTHORN MEDICAL PRACTICE,E01026046,FEMALE,551
GP_PRAC_PAT_LIST,01/07/2026,C83045,HAWTHORN MEDICAL PRACTICE,E01026047,FEMALE,502
GP_PRAC_PAT_LIST,01/07/2026,C83045,HAWTHORN MEDICAL PRACTICE,E01026048,FEMALE,4
GP_PRAC_PAT_LIST,01/07/2026,C83045,HAWTHORN MEDICAL PRACTICE,E01026049,FEMALE,2
GP_PRAC_PAT_LIST,01/07/2026,C83045,HAWTHORN MEDICAL PRACTICE,E01026055,FEMALE,96
GP_PRAC_PAT_LIST,01/07/2026,C83045,HAWTHORN MEDICAL PRACTICE,E01026056,FEMALE,452
GP_PRAC_PAT_LIST,01/07/2026,C83045,HAWTHORN MEDICAL PRACTICE,E01026059,FEMALE,1
GP_PRAC_PAT_LIST,01/07/2026,C83045,HAWTHORN MEDICAL PRACTICE,E01026067,FEMALE,1
GP_PRAC_PAT_LIST,01/07/2026,C83045,HAWTHORN MEDICAL PRACTICE,E01026068,FEMALE,3
GP_PRAC_PAT_LIST,01/07/2026,C83045,HAWTHORN MEDICAL PRACTICE,E01026069,FEMALE,17
GP_PRAC_PAT_LIST,01/07/2026,C83045,HAWTHORN MEDICAL PRACTICE,E01026070,FEMALE,1
GP_PRAC_PAT_LIST,01/07/2026,C83045,HAWTHORN MEDICAL PRACTICE,E01026072,FEMALE,1
GP_PRAC_PAT_LIST,01/07/2026,C83045,HAWTHORN MEDICAL PRACTICE,E01026074,FEMALE,1
GP_PRAC_PAT_LIST,01/07/2026,C83045,HAWTHORN MEDICAL PRACTICE,E01026083,FEMALE,421
GP_PRAC_PAT_LIST,01/07/2026,C83045,HAWTHORN MEDICAL PRACTICE,E01026084,FEMALE,303
GP_PRAC_PAT_LIST,01/07/2026,C83045,HAWTHORN MEDICAL PRACTICE,E01026087,FEMALE,2
GP_PRAC_PAT_LIST,01/07/2026,C83045,HAWTHORN MEDICAL PRACTICE,E01026092,FEMALE,424
GP_PRAC_PAT_LIST,01/07/2026,C83045,HAWTHORN MEDICAL PRACTICE,E01026093,FEMALE,468
GP_PRAC_PAT_LIST,01/07/2026,C83045,HAWTHORN MEDICAL PRACTICE,E01026094,FEMALE,762
GP_PRAC_PAT_LIST,01/07/2026,C83045,HAWTHORN MEDICAL PRACTICE,E01026095,FEMALE,376
GP_PRAC_PAT_LIST,01/07/2026,C83045,HAWTHORN MEDICAL PRACTICE,E01026096,FEMALE,458
GP_PRAC_PAT_LIST,01/07/2026,C83045,HAWTHORN MEDICAL PRACTICE,E01026097,FEMALE,435
GP_PRAC_PAT_LIST,01/07/2026,C83045,HAWTHORN MEDICAL PRACTICE,E01026101,FEMALE,1
GP_PRAC_PAT_LIST,01/07/2026,C83045,HAWTHORN MEDICAL PRACTICE,E01026110,FEMALE,544
GP_PRAC_PAT_LIST,01/07/2026,C83045,HAWTHORN MEDICAL PRACTICE,E01026111,FEMALE,252
GP_PRAC_PAT_LIST,01/07/2026,C83045,HAWTHORN MEDICAL PRACTICE,E01026112,FEMALE,456
GP_PRAC_PAT_LIST,01/07/2026,C83045,HAWTHORN MEDICAL PRACTICE,E01026113,FEMALE,161
GP_PRAC_PAT_LIST,01/07/2026,C83045,HAWTHORN MEDICAL PRACTICE,E01026114,FEMALE,345
GP_PRAC_PAT_LIST,01/07/2026,C83045,HAWTHORN MEDICAL PRACTICE,E01026115,FEMALE,288
GP_PRAC_PAT_LIST,01/07/2026,C83045,HAWTHORN MEDICAL PRACTICE,E01026116,FEMALE,355
GP_PRAC_PAT_LIST,01/07/2026,C83045,HAWTHORN MEDICAL PRACTICE,E01026134,FEMALE,1
GP_PRAC_PAT_LIST,01/07/2026,C83045,HAWTHORN MEDICAL PRACTICE,E01026317,FEMALE,1
GP_PRAC_PAT_LIST,01/07/2026,C83045,HAWTHORN MEDICAL PRACTICE,E01026391,FEMALE,1
GP_PRAC_PAT_LIST,01/07/2026,C83045,HAWTHORN MEDICAL PRACTICE,E01026392,FEMALE,1
GP_PRAC_PAT_LIST,01/07/2026,C83045,HAWTHORN MEDICAL PRACTICE,E01027012,FEMALE,1
GP_PRAC_PAT_LIST,01/07/2026,C83045,HAWTHORN MEDICAL PRACTICE,E01027999,FEMALE,1
GP_PRAC_PAT_LIST,01/07/2026,C83045,HAWTHORN MEDICAL PRACTICE,E01032986,FEMALE,1
GP_PRAC_PAT_LIST,01/07/2026,C83045,HAWTHORN MEDICAL PRACTICE,E01034590,FEMALE,1
GP_PRAC_PAT_LIST,01/07/2026,C83045,HAWTHORN MEDICAL PRACTICE,E01034685,FEMALE,226
GP_PRAC_PAT_LIST,01/07/2026,C83045,HAWTHORN MEDICAL PRACTICE,E01034686,FEMALE,334
GP_PRAC_PAT_LIST,01/07/2026,C83045,HAWTHORN MEDICAL PRACTICE,E01035473,FEMALE,1
GP_PRAC_PAT_LIST,01/07/2026,C83045,HAWTHORN MEDICAL PRACTICE,E01035533,FEMALE,1
GP_PRAC_PAT_LIST,01/07/2026,C83045,HAWTHORN MEDICAL PRACTICE,EMPTY,FEMALE,3
GP_PRAC_PAT_LIST,01/07/2026,C83045,HAWTHORN MEDICAL PRACTICE,S01016174,FEMALE,1
GP_PRAC_PAT_LIST,01/07/2026,C83046,THE HEATH SURGERY,E01026108,FEMALE,1
GP_PRAC_PAT_LIST,01/07/2026,C83046,THE HEATH SURGERY,E01026130,FEMALE,2
GP_PRAC_PAT_LIST,01/07/2026,C83046,THE HEATH SURGERY,E01026132,FEMALE,5
GP_PRAC_PAT_LIST,01/07/2026,C83046,THE HEATH SURGERY,E01026134,FEMALE,107
GP_PRAC_PAT_LIST,01/07/2026,C83046,THE HEATH SURGERY,E01026135,FEMALE,12
GP_PRAC_PAT_LIST,01/07/2026,C83046,THE HEATH SURGERY,E01026136,FEMALE,5
GP_PRAC_PAT_LIST,01/07/2026,C83046,THE HEATH SURGERY,E01026137,FEMALE,8
GP_PRAC_PAT_LIST,01/07/2026,C83046,THE HEATH SURGERY,E01026138,FEMALE,7
GP_PRAC_PAT_LIST,01/07/2026,C83046,THE HEATH SURGERY,E01026139,FEMALE,5
GP_PRAC_PAT_LIST,01/07/2026,C83046,THE HEATH SURGERY,E01026140,FEMALE,5
GP_PRAC_PAT_LIST,01/07/2026,C83046,THE HEATH SURGERY,E01026141,FEMALE,2
GP_PRAC_PAT_LIST,01/07/2026,C83046,THE HEATH SURGERY,E01026142,FEMALE,14
GP_PRAC_PAT_LIST,01/07/2026,C83046,THE HEATH SURGERY,E01026144,FEMALE,2
GP_PRAC_PAT_LIST,01/07/2026,C83046,THE HEATH SURGERY,E01026153,FEMALE,4
GP_PRAC_PAT_LIST,01/07/2026,C83046,THE HEATH SURGERY,E01026162,FEMALE,1
GP_PRAC_PAT_LIST,01/07/2026,C83046,THE HEATH SURGERY,E01026169,FEMALE,4
GP_PRAC_PAT_LIST,01/07/2026,C83046,THE HEATH SURGERY,E01026170,FEMALE,5
GP_PRAC_PAT_LIST,01/07/2026,C83046,THE HEATH SURGERY,E01026171,FEMALE,2
GP_PRAC_PAT_LIST,01/07/2026,C83046,THE HEATH SURGERY,E01026172,FEMALE,1
GP_PRAC_PAT_LIST,01/07/2026,C83046,THE HEATH SURGERY,E01026173,FEMALE,3
GP_PRAC_PAT_LIST,01/07/2026,C83046,THE HEATH SURGERY,E01026174,FEMALE,103
GP_PRAC_PAT_LIST,01/07/2026,C83046,THE HEATH SURGERY,E01026175,FEMALE,55
GP_PRAC_PAT_LIST,01/07/2026,C83046,THE HEATH SURGERY,E01026176,FEMALE,2
GP_PRAC_PAT_LIST,01/07/2026,C83046,THE HEATH SURGERY,E01026177,FEMALE,6
GP_PRAC_PAT_LIST,01/07/2026,C83046,THE HEATH SURGERY,E01026178,FEMALE,51
GP_PRAC_PAT_LIST,01/07/2026,C83046,THE HEATH SURGERY,E01026184,FEMALE,9
GP_PRAC_PAT_LIST,01/07/2026,C83046,THE HEATH SURGERY,E01026185,FEMALE,16
GP_PRAC_PAT_LIST,01/07/2026,C83046,THE HEATH SURGERY,E01026186,FEMALE,711
GP_PRAC_PAT_LIST,01/07/2026,C83046,THE HEATH SURGERY,E01026187,FEMALE,694
GP_PRAC_PAT_LIST,01/07/2026,C83046,THE HEATH SURGERY,E01026188,FEMALE,908
GP_PRAC_PAT_LIST,01/07/2026,C83046,THE HEATH SURGERY,E01026189,FEMALE,2
GP_PRAC_PAT_LIST,01/07/2026,C83046,THE HEATH SURGERY,E01026190,FEMALE,10
GP_PRAC_PAT_LIST,01/07/2026,C83046,THE HEATH SURGERY,E01026191,FEMALE,4
GP_PRAC_PAT_LIST,01/07/2026,C83046,THE HEATH SURGERY,E01026194,FEMALE,1
GP_PRAC_PAT_LIST,01/07/2026,C83046,THE HEATH SURGERY,E01026195,FEMALE,7
GP_PRAC_PAT_LIST,01/07/2026,C83046,THE HEATH SURGERY,E01026199,FEMALE,1
GP_PRAC_PAT_LIST,01/07/2026,C83046,THE HEATH SURGERY,E01026203,FEMALE,170
GP_PRAC_PAT_LIST,01/07/2026,C83046,THE HEATH SURGERY,E01026204,FEMALE,1
GP_PRAC_PAT_LIST,01/07/2026,C83046,THE HEATH SURGERY,E01026205,FEMALE,3
GP_PRAC_PAT_LIST,01/07/2026,C83046,THE HEATH SURGERY,E01026211,FEMALE,1
GP_PRAC_PAT_LIST,01/07/2026,C83046,THE HEATH SURGERY,E01026214,FEMALE,1
GP_PRAC_PAT_LIST,01/07/2026,C83046,THE HEATH SURGERY,E01026218,FEMALE,4
GP_PRAC_PAT_LIST,01/07/2026,C83046,THE HEATH SURGERY,E01026219,FEMALE,2
GP_PRAC_PAT_LIST,01/07/2026,C83046,THE HEATH SURGERY,E01026220,FEMALE,4
GP_PRAC_PAT_LIST,01/07/2026,C83046,THE HEATH SURGERY,E01026237,FEMALE,9
GP_PRAC_PAT_LIST,01/07/2026,C83046,THE HEATH SURGERY,E01026238,FEMALE,9
GP_PRAC_PAT_LIST,01/07/2026,C83046,THE HEATH SURGERY,E01026367,FEMALE,1
GP_PRAC_PAT_LIST,01/07/2026,C83046,THE HEATH SURGERY,E01026405,FEMALE,2
GP_PRAC_PAT_LIST,01/07/2026,C83046,THE HEATH SURGERY,E01032988,FEMALE,2
GP_PRAC_PAT_LIST,01/07/2026,C83046,THE HEATH SURGERY,E01032989,FEMALE,4
GP_PRAC_PAT_LIST,01/07/2026,C83046,THE HEATH SURGERY,E01032991,FEMALE,7
GP_PRAC_PAT_LIST,01/07/2026,C83046,THE HEATH SURGERY,E01032992,FEMALE,2
GP_PRAC_PAT_LIST,01/07/2026,C83046,THE HEATH SURGERY,E01032993,FEMALE,7
GP_PRAC_PAT_LIST,01/07/2026,C83046,THE HEATH SURGERY,E01034691,FEMALE,1
GP_PRAC_PAT_LIST,01/07/2026,C83046,THE HEATH SURGERY,E01034692,FEMALE,20
GP_PRAC_PAT_LIST,01/07/2026,C83046,THE HEATH SURGERY,EMPTY,FEMALE,2
GP_PRAC_PAT_LIST,01/07/2026,C83048,ST. JOHNS MEDICAL CENTRE,E01004205,FEMALE,1
GP_PRAC_PAT_LIST,01/07/2026,C83048,ST. JOHNS MEDICAL CENTRE,E01018092,FEMALE,1
GP_PRAC_PAT_LIST,01/07/2026,C83048,ST. JOHNS MEDICAL CENTRE,E01025884,FEMALE,1
GP_PRAC_PAT_LIST,01/07/2026,C83048,ST. JOHNS MEDICAL CENTRE,E01025885,FEMALE,2
GP_PRAC_PAT_LIST,01/07/2026,C83048,ST. JOHNS MEDICAL CENTRE,E01026225,FEMALE,1
GP_PRAC_PAT_LIST,01/07/2026,C83048,ST. JOHNS MEDICAL CENTRE,E01026272,FEMALE,2
GP_PRAC_PAT_LIST,01/07/2026,C83048,ST. JOHNS MEDICAL CENTRE,E01026291,FEMALE,235
GP_PRAC_PAT_LIST,01/07/2026,C83048,ST. JOHNS MEDICAL CENTRE,E01026292,FEMALE,114
GP_PRAC_PAT_LIST,01/07/2026,C83048,ST. JOHNS MEDICAL CENTRE,E01026293,FEMALE,197
GP_PRAC_PAT_LIST,01/07/2026,C83048,ST. JOHNS MEDICAL CENTRE,E01026294,FEMALE,127
GP_PRAC_PAT_LIST,01/07/2026,C83048,ST. JOHNS MEDICAL CENTRE,E01026308,FEMALE,231
GP_PRAC_PAT_LIST,01/07/2026,C83048,ST. JOHNS MEDICAL CENTRE,E01026309,FEMALE,186
GP_PRAC_PAT_LIST,01/07/2026,C83048,ST. JOHNS MEDICAL CENTRE,E01026310,FEMALE,108
GP_PRAC_PAT_LIST,01/07/2026,C83048,ST. JOHNS MEDICAL CENTRE,E01026311,FEMALE,255
GP_PRAC_PAT_LIST,01/07/2026,C83048,ST. JOHNS MEDICAL CENTRE,E01026312,FEMALE,165
GP_PRAC_PAT_LIST,01/07/2026,C83048,ST. JOHNS MEDICAL CENTRE,E01026313,FEMALE,49
GP_PRAC_PAT_LIST,01/07/2026,C83048,ST. JOHNS MEDICAL CENTRE,E01026314,FEMALE,1
GP_PRAC_PAT_LIST,01/07/2026,C83048,ST. JOHNS MEDICAL CENTRE,E01026315,FEMALE,63
GP_PRAC_PAT_LIST,01/07/2026,C83048,ST. JOHNS MEDICAL CENTRE,E01026316,FEMALE,5
GP_PRAC_PAT_LIST,01/07/2026,C83048,ST. JOHNS MEDICAL CENTRE,E01026317,FEMALE,450
GP_PRAC_PAT_LIST,01/07/2026,C83048,ST. JOHNS MEDICAL CENTRE,E01026318,FEMALE,462
GP_PRAC_PAT_LIST,01/07/2026,C83048,ST. JOHNS MEDICAL CENTRE,E01026319,FEMALE,390
GP_PRAC_PAT_LIST,01/07/2026,C83048,ST. JOHNS MEDICAL CENTRE,E01026321,FEMALE,141
GP_PRAC_PAT_LIST,01/07/2026,C83048,ST. JOHNS MEDICAL CENTRE,E01026322,FEMALE,189
GP_PRAC_PAT_LIST,01/07/2026,C83048,ST. JOHNS MEDICAL CENTRE,E01026323,FEMALE,237
GP_PRAC_PAT_LIST,01/07/2026,C83048,ST. JOHNS MEDICAL CENTRE,E01026324,FEMALE,217
GP_PRAC_PAT_LIST,01/07/2026,C83048,ST. JOHNS MEDICAL CENTRE,E01026325,FEMALE,181
GP_PRAC_PAT_LIST,01/07/2026,C83048,ST. JOHNS MEDICAL CENTRE,E01026326,FEMALE,144
GP_PRAC_PAT_LIST,01/07/2026,C83048,ST. JOHNS MEDICAL CENTRE,E01026327,FEMALE,162
GP_PRAC_PAT_LIST,01/07/2026,C83048,ST. JOHNS MEDICAL CENTRE,E01026328,FEMALE,162
GP_PRAC_PAT_LIST,01/07/2026,C83048,ST. JOHNS MEDICAL CENTRE,E01026331,FEMALE,13
GP_PRAC_PAT_LIST,01/07/2026,C83048,ST. JOHNS MEDICAL CENTRE,E01026332,FEMALE,47
GP_PRAC_PAT_LIST,01/07/2026,C83048,ST. JOHNS MEDICAL CENTRE,E01026339,FEMALE,1
GP_PRAC_PAT_LIST,01/07/2026,C83048,ST. JOHNS MEDICAL CENTRE,E01026340,FEMALE,245
GP_PRAC_PAT_LIST,01/07/2026,C83048,ST. JOHNS MEDICAL CENTRE,E01026343,FEMALE,338
GP_PRAC_PAT_LIST,01/07/2026,C83048,ST. JOHNS MEDICAL CENTRE,E01026344,FEMALE,305
GP_PRAC_PAT_LIST,01/07/2026,C83048,ST. JOHNS MEDICAL CENTRE,E01026345,FEMALE,217
GP_PRAC_PAT_LIST,01/07/2026,C83048,ST. JOHNS MEDICAL CENTRE,E01026352,FEMALE,136
GP_PRAC_PAT_LIST,01/07/2026,C83048,ST. JOHNS MEDICAL CENTRE,E01026353,FEMALE,166
GP_PRAC_PAT_LIST,01/07/2026,C83048,ST. JOHNS MEDICAL CENTRE,E01026354,FEMALE,132
GP_PRAC_PAT_LIST,01/07/2026,C83048,ST. JOHNS MEDICAL CENTRE,E01026365,FEMALE,14
GP_PRAC_PAT_LIST,01/07/2026,C83048,ST. JOHNS MEDICAL CENTRE,E01026394,FEMALE,1
GP_PRAC_PAT_LIST,01/07/2026,C83048,ST. JOHNS MEDICAL CENTRE,E01026644,FEMALE,2
GP_PRAC_PAT_LIST,01/07/2026,C83048,ST. JOHNS MEDICAL CENTRE,E01028003,FEMALE,1
GP_PRAC_PAT_LIST,01/07/2026,C83048,ST. JOHNS MEDICAL CENTRE,E01028031,FEMALE,1
GP_PRAC_PAT_LIST,01/07/2026,C83048,ST. JOHNS MEDICAL CENTRE,E01028311,FEMALE,1
GP_PRAC_PAT_LIST,01/07/2026,C83048,ST. JOHNS MEDICAL CENTRE,E01029456,FEMALE,1
GP_PRAC_PAT_LIST,01/07/2026,C83048,ST. JOHNS MEDICAL CENTRE,E01030563,FEMALE,1
GP_PRAC_PAT_LIST,01/07/2026,C83048,ST. JOHNS MEDICAL CENTRE,E01034404,FEMALE,1
GP_PRAC_PAT_LIST,01/07/2026,C83048,ST. JOHNS MEDICAL CENTRE,E01034701,FEMALE,188
GP_PRAC_PAT_LIST,01/07/2026,C83048,ST. JOHNS MEDICAL CENTRE,E01034702,FEMALE,250
GP_PRAC_PAT_LIST,01/07/2026,C83048,ST. JOHNS MEDICAL CENTRE,EMPTY,FEMALE,9
GP_PRAC_PAT_LIST,01/07/2026,C83049,DR SINHA & PARTNERS,CLOSED,FEMALE,1
GP_PRAC_PAT_LIST,01/07/2026,C83049,DR SINHA & PARTNERS,E01001600,FEMALE,1
GP_PRAC_PAT_LIST,01/07/2026,C83049,DR SINHA & PARTNERS,E01024896,FEMALE,1
GP_PRAC_PAT_LIST,01/07/2026,C83049,DR SINHA & PARTNERS,E01026007,FEMALE,274
GP_PRAC_PAT_LIST,01/07/2026,C83049,DR SINHA & PARTNERS,E01026008,FEMALE,230
GP_PRAC_PAT_LIST,01/07/2026,C83049,DR SINHA & PARTNERS,E01026009,FEMALE,409
GP_PRAC_PAT_LIST,01/07/2026,C83049,DR SINHA & PARTNERS,E01026012,FEMALE,7
GP_PRAC_PAT_LIST,01/07/2026,C83049,DR SINHA & PARTNERS,E01026013,FEMALE,29
GP_PRAC_PAT_LIST,01/07/2026,C83049,DR SINHA & PARTNERS,E01026014,FEMALE,18
GP_PRAC_PAT_LIST,01/07/2026,C83049,DR SINHA & PARTNERS,E01026020,FEMALE,1
GP_PRAC_PAT_LIST,01/07/2026,C83049,DR SINHA & PARTNERS,E01026021,FEMALE,3
GP_PRAC_PAT_LIST,01/07/2026,C83049,DR SINHA & PARTNERS,E01026022,FEMALE,20
GP_PRAC_PAT_LIST,01/07/2026,C83049,DR SINHA & PARTNERS,E01026023,FEMALE,1103
GP_PRAC_PAT_LIST,01/07/2026,C83049,DR SINHA & PARTNERS,E01026024,FEMALE,1008
GP_PRAC_PAT_LIST,01/07/2026,C83049,DR SINHA & PARTNERS,E01026027,FEMALE,4
GP_PRAC_PAT_LIST,01/07/2026,C83049,DR SINHA & PARTNERS,E01026028,FEMALE,1
GP_PRAC_PAT_LIST,01/07/2026,C83049,DR SINHA & PARTNERS,E01026031,FEMALE,4
GP_PRAC_PAT_LIST,01/07/2026,C83049,DR SINHA & PARTNERS,E01026033,FEMALE,2
GP_PRAC_PAT_LIST,01/07/2026,C83049,DR SINHA & PARTNERS,E01026046,FEMALE,1
GP_PRAC_PAT_LIST,01/07/2026,C83049,DR SINHA & PARTNERS,E01026056,FEMALE,1
GP_PRAC_PAT_LIST,01/07/2026,C83049,DR SINHA & PARTNERS,E01026057,FEMALE,3
GP_PRAC_PAT_LIST,01/07/2026,C83049,DR SINHA & PARTNERS,E01026058,FEMALE,2
GP_PRAC_PAT_LIST,01/07/2026,C83049,DR SINHA & PARTNERS,E01026060,FEMALE,1
GP_PRAC_PAT_LIST,01/07/2026,C83049,DR SINHA & PARTNERS,E01026098,FEMALE,125
GP_PRAC_PAT_LIST,01/07/2026,C83049,DR SINHA & PARTNERS,E01026102,FEMALE,30
GP_PRAC_PAT_LIST,01/07/2026,C83049,DR SINHA & PARTNERS,E01026110,FEMALE,2
GP_PRAC_PAT_LIST,01/07/2026,C83049,DR SINHA & PARTNERS,E01026111,FEMALE,489
GP_PRAC_PAT_LIST,01/07/2026,C83049,DR SINHA & PARTNERS,E01026120,FEMALE,1
GP_PRAC_PAT_LIST,01/07/2026,C83049,DR SINHA & PARTNERS,E01026767,FEMALE,1
GP_PRAC_PAT_LIST,01/07/2026,C83049,DR SINHA & PARTNERS,E01034683,FEMALE,2
GP_PRAC_PAT_LIST,01/07/2026,C83049,DR SINHA & PARTNERS,EMPTY,FEMALE,1
GP_PRAC_PAT_LIST,01/07/2026,C83051,ABBEY MEDICAL PRACTICE,CLOSED,FEMALE,2
GP_PRAC_PAT_LIST,01/07/2026,C83051,ABBEY MEDICAL PRACTICE,E01008112,FEMALE,1
GP_PRAC_PAT_LIST,01/07/2026,C83051,ABBEY MEDICAL PRACTICE,E01010289,FEMALE,1
GP_PRAC_PAT_LIST,01/07/2026,C83051,ABBEY MEDICAL PRACTICE,E01015661,FEMALE,1
GP_PRAC_PAT_LIST,01/07/2026,C83051,ABBEY MEDICAL PRACTICE,E01026122,FEMALE,485
GP_PRAC_PAT_LIST,01/07/2026,C83051,ABBEY MEDICAL PRACTICE,E01026123,FEMALE,485
GP_PRAC_PAT_LIST,01/07/2026,C83051,ABBEY MEDICAL PRACTICE,E01026124,FEMALE,711
GP_PRAC_PAT_LIST,01/07/2026,C83051,ABBEY MEDICAL PRACTICE,E01026125,FEMALE,262
GP_PRAC_PAT_LIST,01/07/2026,C83051,ABBEY MEDICAL PRACTICE,E01026126,FEMALE,656
GP_PRAC_PAT_LIST,01/07/2026,C83051,ABBEY MEDICAL PRACTICE,E01026132,FEMALE,29
GP_PRAC_PAT_LIST,01/07/2026,C83051,ABBEY MEDICAL PRACTICE,E01026134,FEMALE,46
GP_PRAC_PAT_LIST,01/07/2026,C83051,ABBEY MEDICAL PRACTICE,E01026138,FEMALE,1
GP_PRAC_PAT_LIST,01/07/2026,C83051,ABBEY MEDICAL PRACTICE,E01026144,FEMALE,26
GP_PRAC_PAT_LIST,01/07/2026,C83051,ABBEY MEDICAL PRACTICE,E01026145,FEMALE,20
GP_PRAC_PAT_LIST,01/07/2026,C83051,ABBEY MEDICAL PRACTICE,E01026146,FEMALE,29
GP_PRAC_PAT_LIST,01/07/2026,C83051,ABBEY MEDICAL PRACTICE,E01026147,FEMALE,35
GP_PRAC_PAT_LIST,01/07/2026,C83051,ABBEY MEDICAL PRACTICE,E01026148,FEMALE,55
GP_PRAC_PAT_LIST,01/07/2026,C83051,ABBEY MEDICAL PRACTICE,E01026149,FEMALE,40
GP_PRAC_PAT_LIST,01/07/2026,C83051,ABBEY MEDICAL PRACTICE,E01026150,FEMALE,42
GP_PRAC_PAT_LIST,01/07/2026,C83051,ABBEY MEDICAL PRACTICE,E01026151,FEMALE,47
GP_PRAC_PAT_LIST,01/07/2026,C83051,ABBEY MEDICAL PRACTICE,E01026152,FEMALE,57
GP_PRAC_PAT_LIST,01/07/2026,C83051,ABBEY MEDICAL PRACTICE,E01026153,FEMALE,65
GP_PRAC_PAT_LIST,01/07/2026,C83051,ABBEY MEDICAL PRACTICE,E01026154,FEMALE,66
GP_PRAC_PAT_LIST,01/07/2026,C83051,ABBEY MEDICAL PRACTICE,E01026155,FEMALE,39
GP_PRAC_PAT_LIST,01/07/2026,C83051,ABBEY MEDICAL PRACTICE,E01026156,FEMALE,31
GP_PRAC_PAT_LIST,01/07/2026,C83051,ABBEY MEDICAL PRACTICE,E01026157,FEMALE,32
GP_PRAC_PAT_LIST,01/07/2026,C83051,ABBEY MEDICAL PRACTICE,E01026158,FEMALE,2
GP_PRAC_PAT_LIST,01/07/2026,C83051,ABBEY MEDICAL PRACTICE,E01026164,FEMALE,17
GP_PRAC_PAT_LIST,01/07/2026,C83051,ABBEY MEDICAL PRACTICE,E01026165,FEMALE,37
GP_PRAC_PAT_LIST,01/07/2026,C83051,ABBEY MEDICAL PRACTICE,E01026166,FEMALE,58
GP_PRAC_PAT_LIST,01/07/2026,C83051,ABBEY MEDICAL PRACTICE,E01026167,FEMALE,62
GP_PRAC_PAT_LIST,01/07/2026,C83051,ABBEY MEDICAL PRACTICE,E01026168,FEMALE,52
GP_PRAC_PAT_LIST,01/07/2026,C83051,ABBEY MEDICAL PRACTICE,E01026174,FEMALE,16
GP_PRAC_PAT_LIST,01/07/2026,C83051,ABBEY MEDICAL PRACTICE,E01026176,FEMALE,89
GP_PRAC_PAT_LIST,01/07/2026,C83051,ABBEY MEDICAL PRACTICE,E01026177,FEMALE,78
GP_PRAC_PAT_LIST,01/07/2026,C83051,ABBEY MEDICAL PRACTICE,E01026178,FEMALE,48
GP_PRAC_PAT_LIST,01/07/2026,C83051,ABBEY MEDICAL PRACTICE,E01026276,FEMALE,1
GP_PRAC_PAT_LIST,01/07/2026,C83051,ABBEY MEDICAL PRACTICE,E01026366,FEMALE,1
GP_PRAC_PAT_LIST,01/07/2026,C83051,ABBEY MEDICAL PRACTICE,E01026369,FEMALE,1
GP_PRAC_PAT_LIST,01/07/2026,C83051,ABBEY MEDICAL PRACTICE,E01026394,FEMALE,58
GP_PRAC_PAT_LIST,01/07/2026,C83051,ABBEY MEDICAL PRACTICE,E01026398,FEMALE,1
GP_PRAC_PAT_LIST,01/07/2026,C83051,ABBEY MEDICAL PRACTICE,E01034687,FEMALE,16
GP_PRAC_PAT_LIST,01/07/2026,C83051,ABBEY MEDICAL PRACTICE,E01034688,FEMALE,27
GP_PRAC_PAT_LIST,01/07/2026,C83051,ABBEY MEDICAL PRACTICE,E01034692,FEMALE,29
GP_PRAC_PAT_LIST,01/07/2026,C83051,ABBEY MEDICAL PRACTICE,EMPTY,FEMALE,5
GP_PRAC_PAT_LIST,01/07/2026,C83052,THE INGHAM SURGERY,E01013274,FEMALE,1
GP_PRAC_PAT_LIST,01/07/2026,C83052,THE INGHAM SURGERY,E01013318,FEMALE,2
GP_PRAC_PAT_LIST,01/07/2026,C83052,THE INGHAM SURGERY,E01013322,FEMALE,5
GP_PRAC_PAT_LIST,01/07/2026,C83052,THE INGHAM SURGERY,E01013323,FEMALE,3
GP_PRAC_PAT_LIST,01/07/2026,C83052,THE INGHAM SURGERY,E01013329,FEMALE,2
GP_PRAC_PAT_LIST,01/07/2026,C83052,THE INGHAM SURGERY,E01026070,FEMALE,1
GP_PRAC_PAT_LIST,01/07/2026,C83052,THE INGHAM SURGERY,E01026121,FEMALE,2
GP_PRAC_PAT_LIST,01/07/2026,C83052,THE INGHAM SURGERY,E01026125,FEMALE,1
GP_PRAC_PAT_LIST,01/07/2026,C83052,THE INGHAM SURGERY,E01026130,FEMALE,1
GP_PRAC_PAT_LIST,01/07/2026,C83052,THE INGHAM SURGERY,E01026136,FEMALE,1
GP_PRAC_PAT_LIST,01/07/2026,C83052,THE INGHAM SURGERY,E01026138,FEMALE,1
GP_PRAC_PAT_LIST,01/07/2026,C83052,THE INGHAM SURGERY,E01026147,FEMALE,5
GP_PRAC_PAT_LIST,01/07/2026,C83052,THE INGHAM SURGERY,E01026148,FEMALE,5
GP_PRAC_PAT_LIST,01/07/2026,C83052,THE INGHAM SURGERY,E01026149,FEMALE,1
GP_PRAC_PAT_LIST,01/07/2026,C83052,THE INGHAM SURGERY,E01026151,FEMALE,8
GP_PRAC_PAT_LIST,01/07/2026,C83052,THE INGHAM SURGERY,E01026152,FEMALE,2
GP_PRAC_PAT_LIST,01/07/2026,C83052,THE INGHAM SURGERY,E01026156,FEMALE,2
GP_PRAC_PAT_LIST,01/07/2026,C83052,THE INGHAM SURGERY,E01026162,FEMALE,1
GP_PRAC_PAT_LIST,01/07/2026,C83052,THE INGHAM SURGERY,E01026164,FEMALE,3
GP_PRAC_PAT_LIST,01/07/2026,C83052,THE INGHAM SURGERY,E01026167,FEMALE,4
GP_PRAC_PAT_LIST,01/07/2026,C83052,THE INGHAM SURGERY,E01026170,FEMALE,1
GP_PRAC_PAT_LIST,01/07/2026,C83052,THE INGHAM SURGERY,E01026184,FEMALE,3
GP_PRAC_PAT_LIST,01/07/2026,C83052,THE INGHAM SURGERY,E01026195,FEMALE,1
GP_PRAC_PAT_LIST,01/07/2026,C83052,THE INGHAM SURGERY,E01026199,FEMALE,1
GP_PRAC_PAT_LIST,01/07/2026,C83052,THE INGHAM SURGERY,E01026211,FEMALE,2
GP_PRAC_PAT_LIST,01/07/2026,C83052,THE INGHAM SURGERY,E01026218,FEMALE,1
GP_PRAC_PAT_LIST,01/07/2026,C83052,THE INGHAM SURGERY,E01026220,FEMALE,1
GP_PRAC_PAT_LIST,01/07/2026,C83052,THE INGHAM SURGERY,E01026225,FEMALE,4
GP_PRAC_PAT_LIST,01/07/2026,C83052,THE INGHAM SURGERY,E01026366,FEMALE,2
GP_PRAC_PAT_LIST,01/07/2026,C83052,THE INGHAM SURGERY,E01026371,FEMALE,1
GP_PRAC_PAT_LIST,01/07/2026,C83052,THE INGHAM SURGERY,E01026372,FEMALE,27
GP_PRAC_PAT_LIST,01/07/2026,C83052,THE INGHAM SURGERY,E01026373,FEMALE,1
GP_PRAC_PAT_LIST,01/07/2026,C83052,THE INGHAM SURGERY,E01026374,FEMALE,5
GP_PRAC_PAT_LIST,01/07/2026,C83052,THE INGHAM SURGERY,E01026375,FEMALE,9
GP_PRAC_PAT_LIST,01/07/2026,C83052,THE INGHAM SURGERY,E01026376,FEMALE,7
GP_PRAC_PAT_LIST,01/07/2026,C83052,THE INGHAM SURGERY,E01026377,FEMALE,8
GP_PRAC_PAT_LIST,01/07/2026,C83052,THE INGHAM SURGERY,E01026378,FEMALE,2
GP_PRAC_PAT_LIST,01/07/2026,C83052,THE INGHAM SURGERY,E01026379,FEMALE,2
GP_PRAC_PAT_LIST,01/07/2026,C83052,THE INGHAM SURGERY,E01026380,FEMALE,6
GP_PRAC_PAT_LIST,01/07/2026,C83052,THE INGHAM SURGERY,E01026381,FEMALE,9
GP_PRAC_PAT_LIST,01/07/2026,C83052,THE INGHAM SURGERY,E01026382,FEMALE,9
GP_PRAC_PAT_LIST,01/07/2026,C83052,THE INGHAM SURGERY,E01026383,FEMALE,3
GP_PRAC_PAT_LIST,01/07/2026,C83052,THE INGHAM SURGERY,E01026384,FEMALE,6
GP_PRAC_PAT_LIST,01/07/2026,C83052,THE INGHAM SURGERY,E01026385,FEMALE,97
GP_PRAC_PAT_LIST,01/07/2026,C83052,THE INGHAM SURGERY,E01026386,FEMALE,267
GP_PRAC_PAT_LIST,01/07/2026,C83052,THE INGHAM SURGERY,E01026388,FEMALE,23
GP_PRAC_PAT_LIST,01/07/2026,C83052,THE INGHAM SURGERY,E01026389,FEMALE,3
GP_PRAC_PAT_LIST,01/07/2026,C83052,THE INGHAM SURGERY,E01026390,FEMALE,2
GP_PRAC_PAT_LIST,01/07/2026,C83052,THE INGHAM SURGERY,E01026391,FEMALE,10
GP_PRAC_PAT_LIST,01/07/2026,C83052,THE INGHAM SURGERY,E01026392,FEMALE,17
GP_PRAC_PAT_LIST,01/07/2026,C83052,THE INGHAM SURGERY,E01026393,FEMALE,1
GP_PRAC_PAT_LIST,01/07/2026,C83052,THE INGHAM SURGERY,E01026394,FEMALE,7
GP_PRAC_PAT_LIST,01/07/2026,C83052,THE INGHAM SURGERY,E01026395,FEMALE,1
GP_PRAC_PAT_LIST,01/07/2026,C83052,THE INGHAM SURGERY,E01026396,FEMALE,3
GP_PRAC_PAT_LIST,01/07/2026,C83052,THE INGHAM SURGERY,E01026398,FEMALE,7
GP_PRAC_PAT_LIST,01/07/2026,C83052,THE INGHAM SURGERY,E01026399,FEMALE,652
GP_PRAC_PAT_LIST,01/07/2026,C83052,THE INGHAM SURGERY,E01026400,FEMALE,317
GP_PRAC_PAT_LIST,01/07/2026,C83052,THE INGHAM SURGERY,E01026401,FEMALE,1
GP_PRAC_PAT_LIST,01/07/2026,C83052,THE INGHAM SURGERY,E01026403,FEMALE,2
GP_PRAC_PAT_LIST,01/07/2026,C83052,THE INGHAM SURGERY,E01026404,FEMALE,76
GP_PRAC_PAT_LIST,01/07/2026,C83052,THE INGHAM SURGERY,E01026405,FEMALE,12
GP_PRAC_PAT_LIST,01/07/2026,C83052,THE INGHAM SURGERY,E01026406,FEMALE,3
GP_PRAC_PAT_LIST,01/07/2026,C83052,THE INGHAM SURGERY,E01026407,FEMALE,4
GP_PRAC_PAT_LIST,01/07/2026,C83052,THE INGHAM SURGERY,E01026408,FEMALE,3
GP_PRAC_PAT_LIST,01/07/2026,C83052,THE INGHAM SURGERY,E01026409,FEMALE,1
GP_PRAC_PAT_LIST,01/07/2026,C83052,THE INGHAM SURGERY,E01026411,FEMALE,284
GP_PRAC_PAT_LIST,01/07/2026,C83052,THE INGHAM SURGERY,E01026412,FEMALE,31
GP_PRAC_PAT_LIST,01/07/2026,C83052,THE INGHAM SURGERY,E01026413,FEMALE,20
GP_PRAC_PAT_LIST,01/07/2026,C83052,THE INGHAM SURGERY,E01026414,FEMALE,77
GP_PRAC_PAT_LIST,01/07/2026,C83052,THE INGHAM SURGERY,E01028009,FEMALE,1
GP_PRAC_PAT_LIST,01/07/2026,C83052,THE INGHAM SURGERY,E01028033,FEMALE,1
GP_PRAC_PAT_LIST,01/07/2026,C83052,THE INGHAM SURGERY,E01032988,FEMALE,3
GP_PRAC_PAT_LIST,01/07/2026,C83052,THE INGHAM SURGERY,E01034688,FEMALE,1
GP_PRAC_PAT_LIST,01/07/2026,C83052,THE INGHAM SURGERY,E01034691,FEMALE,1
GP_PRAC_PAT_LIST,01/07/2026,C83052,THE INGHAM SURGERY,E01034692,FEMALE,1
GP_PRAC_PAT_LIST,01/07/2026,C83052,THE INGHAM SURGERY,E01034706,FEMALE,4
GP_PRAC_PAT_LIST,01/07/2026,C83052,THE INGHAM SURGERY,E01034707,FEMALE,44
GP_PRAC_PAT_LIST,01/07/2026,C83053,COLSTERWORTH SURGERY,E01002281,FEMALE,1
GP_PRAC_PAT_LIST,01/07/2026,C83053,COLSTERWORTH SURGERY,E01013790,FEMALE,13
GP_PRAC_PAT_LIST,01/07/2026,C83053,COLSTERWORTH SURGERY,E01025887,FEMALE,3
GP_PRAC_PAT_LIST,01/07/2026,C83053,COLSTERWORTH SURGERY,E01025912,FEMALE,60
GP_PRAC_PAT_LIST,01/07/2026,C83053,COLSTERWORTH SURGERY,E01026175,FEMALE,1
GP_PRAC_PAT_LIST,01/07/2026,C83053,COLSTERWORTH SURGERY,E01026315,FEMALE,90
GP_PRAC_PAT_LIST,01/07/2026,C83053,COLSTERWORTH SURGERY,E01026316,FEMALE,12
GP_PRAC_PAT_LIST,01/07/2026,C83053,COLSTERWORTH SURGERY,E01026330,FEMALE,1
GP_PRAC_PAT_LIST,01/07/2026,C83053,COLSTERWORTH SURGERY,E01026331,FEMALE,679
GP_PRAC_PAT_LIST,01/07/2026,C83053,COLSTERWORTH SURGERY,E01026332,FEMALE,6
GP_PRAC_PAT_LIST,01/07/2026,C83053,COLSTERWORTH SURGERY,E01026338,FEMALE,94
GP_PRAC_PAT_LIST,01/07/2026,C83053,COLSTERWORTH SURGERY,E01026339,FEMALE,242
GP_PRAC_PAT_LIST,01/07/2026,C83053,COLSTERWORTH SURGERY,E01028003,FEMALE,1
GP_PRAC_PAT_LIST,01/07/2026,C83054,BOURNE GALLETLY PRACTICE TEAM,CLOSED,FEMALE,1
GP_PRAC_PAT_LIST,01/07/2026,C83054,BOURNE GALLETLY PRACTICE TEAM,E01005877,FEMALE,1
GP_PRAC_PAT_LIST,01/07/2026,C83054,BOURNE GALLETLY PRACTICE TEAM,E01011513,FEMALE,1
GP_PRAC_PAT_LIST,01/07/2026,C83054,BOURNE GALLETLY PRACTICE TEAM,E01013804,FEMALE,6
GP_PRAC_PAT_LIST,01/07/2026,C83054,BOURNE GALLETLY PRACTICE TEAM,E01015619,FEMALE,1
GP_PRAC_PAT_LIST,01/07/2026,C83054,BOURNE GALLETLY PRACTICE TEAM,E01015630,FEMALE,1
GP_PRAC_PAT_LIST,01/07/2026,C83054,BOURNE GALLETLY PRACTICE TEAM,E01021144,FEMALE,1
GP_PRAC_PAT_LIST,01/07/2026,C83054,BOURNE GALLETLY PRACTICE TEAM,E01026103,FEMALE,1
GP_PRAC_PAT_LIST,01/07/2026,C83054,BOURNE GALLETLY PRACTICE TEAM,E01026175,FEMALE,1
GP_PRAC_PAT_LIST,01/07/2026,C83054,BOURNE GALLETLY PRACTICE TEAM,E01026241,FEMALE,56
GP_PRAC_PAT_LIST,01/07/2026,C83054,BOURNE GALLETLY PRACTICE TEAM,E01026247,FEMALE,1
GP_PRAC_PAT_LIST,01/07/2026,C83054,BOURNE GALLETLY PRACTICE TEAM,E01026259,FEMALE,3
GP_PRAC_PAT_LIST,01/07/2026,C83054,BOURNE GALLETLY PRACTICE TEAM,E01026268,FEMALE,1
GP_PRAC_PAT_LIST,01/07/2026,C83054,BOURNE GALLETLY PRACTICE TEAM,E01026272,FEMALE,1
GP_PRAC_PAT_LIST,01/07/2026,C83054,BOURNE GALLETLY PRACTICE TEAM,E01026284,FEMALE,1
GP_PRAC_PAT_LIST,01/07/2026,C83054,BOURNE GALLETLY PRACTICE TEAM,E01026288,FEMALE,1
GP_PRAC_PAT_LIST,01/07/2026,C83054,BOURNE GALLETLY PRACTICE TEAM,E01026289,FEMALE,1
GP_PRAC_PAT_LIST,01/07/2026,C83054,BOURNE GALLETLY PRACTICE TEAM,E01026290,FEMALE,330
GP_PRAC_PAT_LIST,01/07/2026,C83054,BOURNE GALLETLY PRACTICE TEAM,E01026291,FEMALE,1
GP_PRAC_PAT_LIST,01/07/2026,C83054,BOURNE GALLETLY PRACTICE TEAM,E01026296,FEMALE,467
GP_PRAC_PAT_LIST,01/07/2026,C83054,BOURNE GALLETLY PRACTICE TEAM,E01026297,FEMALE,467
GP_PRAC_PAT_LIST,01/07/2026,C83054,BOURNE GALLETLY PRACTICE TEAM,E01026298,FEMALE,638
GP_PRAC_PAT_LIST,01/07/2026,C83054,BOURNE GALLETLY PRACTICE TEAM,E01026299,FEMALE,360
GP_PRAC_PAT_LIST,01/07/2026,C83054,BOURNE GALLETLY PRACTICE TEAM,E01026300,FEMALE,418
GP_PRAC_PAT_LIST,01/07/2026,C83054,BOURNE GALLETLY PRACTICE TEAM,E01026302,FEMALE,409
GP_PRAC_PAT_LIST,01/07/2026,C83054,BOURNE GALLETLY PRACTICE TEAM,E01026304,FEMALE,1
GP_PRAC_PAT_LIST,01/07/2026,C83054,BOURNE GALLETLY PRACTICE TEAM,E01026305,FEMALE,1
GP_PRAC_PAT_LIST,01/07/2026,C83054,BOURNE GALLETLY PRACTICE TEAM,E01026316,FEMALE,69
GP_PRAC_PAT_LIST,01/07/2026,C83054,BOURNE GALLETLY PRACTICE TEAM,E01026330,FEMALE,275
GP_PRAC_PAT_LIST,01/07/2026,C83054,BOURNE GALLETLY PRACTICE TEAM,E01026331,FEMALE,1
GP_PRAC_PAT_LIST,01/07/2026,C83054,BOURNE GALLETLY PRACTICE TEAM,E01026335,FEMALE,1
GP_PRAC_PAT_LIST,01/07/2026,C83054,BOURNE GALLETLY PRACTICE TEAM,E01026336,FEMALE,2
GP_PRAC_PAT_LIST,01/07/2026,C83054,BOURNE GALLETLY PRACTICE TEAM,E01026341,FEMALE,500
GP_PRAC_PAT_LIST,01/07/2026,C83054,BOURNE GALLETLY PRACTICE TEAM,E01026342,FEMALE,412
GP_PRAC_PAT_LIST,01/07/2026,C83054,BOURNE GALLETLY PRACTICE TEAM,E01026346,FEMALE,1
GP_PRAC_PAT_LIST,01/07/2026,C83054,BOURNE GALLETLY PRACTICE TEAM,E01026347,FEMALE,1
GP_PRAC_PAT_LIST,01/07/2026,C83054,BOURNE GALLETLY PRACTICE TEAM,E01026350,FEMALE,2
GP_PRAC_PAT_LIST,01/07/2026,C83054,BOURNE GALLETLY PRACTICE TEAM,E01026359,FEMALE,5
GP_PRAC_PAT_LIST,01/07/2026,C83054,BOURNE GALLETLY PRACTICE TEAM,E01026360,FEMALE,584
GP_PRAC_PAT_LIST,01/07/2026,C83054,BOURNE GALLETLY PRACTICE TEAM,E01026362,FEMALE,187
GP_PRAC_PAT_LIST,01/07/2026,C83054,BOURNE GALLETLY PRACTICE TEAM,E01026363,FEMALE,4
GP_PRAC_PAT_LIST,01/07/2026,C83054,BOURNE GALLETLY PRACTICE TEAM,E01026364,FEMALE,290
GP_PRAC_PAT_LIST,01/07/2026,C83054,BOURNE GALLETLY PRACTICE TEAM,E01026884,FEMALE,1
GP_PRAC_PAT_LIST,01/07/2026,C83054,BOURNE GALLETLY PRACTICE TEAM,E01032997,FEMALE,322
GP_PRAC_PAT_LIST,01/07/2026,C83054,BOURNE GALLETLY PRACTICE TEAM,E01032998,FEMALE,521
GP_PRAC_PAT_LIST,01/07/2026,C83054,BOURNE GALLETLY PRACTICE TEAM,E01032999,FEMALE,333
GP_PRAC_PAT_LIST,01/07/2026,C83054,BOURNE GALLETLY PRACTICE TEAM,E01034703,FEMALE,506
GP_PRAC_PAT_LIST,01/07/2026,C83054,BOURNE GALLETLY PRACTICE TEAM,E01034704,FEMALE,643
GP_PRAC_PAT_LIST,01/07/2026,C83054,BOURNE GALLETLY PRACTICE TEAM,E01034705,FEMALE,464
GP_PRAC_PAT_LIST,01/07/2026,C83054,BOURNE GALLETLY PRACTICE TEAM,EMPTY,FEMALE,1
GP_PRAC_PAT_LIST,01/07/2026,C83055,STICKNEY SURGERY,CLOSED,FEMALE,1
GP_PRAC_PAT_LIST,01/07/2026,C83055,STICKNEY SURGERY,E01026007,FEMALE,1
GP_PRAC_PAT_LIST,01/07/2026,C83055,STICKNEY SURGERY,E01026008,FEMALE,2
GP_PRAC_PAT_LIST,01/07/2026,C83055,STICKNEY SURGERY,E01026013,FEMALE,5
GP_PRAC_PAT_LIST,01/07/2026,C83055,STICKNEY SURGERY,E01026021,FEMALE,1
GP_PRAC_PAT_LIST,01/07/2026,C83055,STICKNEY SURGERY,E01026022,FEMALE,12
GP_PRAC_PAT_LIST,01/07/2026,C83055,STICKNEY SURGERY,E01026023,FEMALE,20
GP_PRAC_PAT_LIST,01/07/2026,C83055,STICKNEY SURGERY,E01026024,FEMALE,49
GP_PRAC_PAT_LIST,01/07/2026,C83055,STICKNEY SURGERY,E01026051,FEMALE,2
GP_PRAC_PAT_LIST,01/07/2026,C83055,STICKNEY SURGERY,E01026055,FEMALE,3
GP_PRAC_PAT_LIST,01/07/2026,C83055,STICKNEY SURGERY,E01026057,FEMALE,447
GP_PRAC_PAT_LIST,01/07/2026,C83055,STICKNEY SURGERY,E01026059,FEMALE,82
GP_PRAC_PAT_LIST,01/07/2026,C83055,STICKNEY SURGERY,E01026060,FEMALE,331
GP_PRAC_PAT_LIST,01/07/2026,C83055,STICKNEY SURGERY,E01026068,FEMALE,3
GP_PRAC_PAT_LIST,01/07/2026,C83055,STICKNEY SURGERY,E01026075,FEMALE,316
GP_PRAC_PAT_LIST,01/07/2026,C83055,STICKNEY SURGERY,E01026098,FEMALE,630
GP_PRAC_PAT_LIST,01/07/2026,C83055,STICKNEY SURGERY,E01026100,FEMALE,7
GP_PRAC_PAT_LIST,01/07/2026,C83055,STICKNEY SURGERY,E01026101,FEMALE,5
GP_PRAC_PAT_LIST,01/07/2026,C83055,STICKNEY SURGERY,E01026102,FEMALE,1150
GP_PRAC_PAT_LIST,01/07/2026,C83055,STICKNEY SURGERY,E01026111,FEMALE,8
GP_PRAC_PAT_LIST,01/07/2026,C83055,STICKNEY SURGERY,E01028432,FEMALE,1
GP_PRAC_PAT_LIST,01/07/2026,C83055,STICKNEY SURGERY,EMPTY,FEMALE,1
GP_PRAC_PAT_LIST,01/07/2026,C83056,EAST LINDSEY MEDICAL GROUP,CLOSED,FEMALE,2
GP_PRAC_PAT_LIST,01/07/2026,C83056,EAST LINDSEY MEDICAL GROUP,E01012348,FEMALE,1
GP_PRAC_PAT_LIST,01/07/2026,C83056,EAST LINDSEY MEDICAL GROUP,E01013008,FEMALE,1
GP_PRAC_PAT_LIST,01/07/2026,C83056,EAST LINDSEY MEDICAL GROUP,E01013128,FEMALE,1
GP_PRAC_PAT_LIST,01/07/2026,C83056,EAST LINDSEY MEDICAL GROUP,E01013130,FEMALE,1
GP_PRAC_PAT_LIST,01/07/2026,C83056,EAST LINDSEY MEDICAL GROUP,E01013144,FEMALE,1
GP_PRAC_PAT_LIST,01/07/2026,C83056,EAST LINDSEY MEDICAL GROUP,E01013156,FEMALE,1
GP_PRAC_PAT_LIST,01/07/2026,C83056,EAST LINDSEY MEDICAL GROUP,E01013158,FEMALE,1
GP_PRAC_PAT_LIST,01/07/2026,C83056,EAST LINDSEY MEDICAL GROUP,E01013175,FEMALE,1
GP_PRAC_PAT_LIST,01/07/2026,C83056,EAST LINDSEY MEDICAL GROUP,E01013199,FEMALE,2
GP_PRAC_PAT_LIST,01/07/2026,C83056,EAST LINDSEY MEDICAL GROUP,E01013207,FEMALE,1
GP_PRAC_PAT_LIST,01/07/2026,C83056,EAST LINDSEY MEDICAL GROUP,E01013210,FEMALE,1
GP_PRAC_PAT_LIST,01/07/2026,C83056,EAST LINDSEY MEDICAL GROUP,E01013216,FEMALE,1
GP_PRAC_PAT_LIST,01/07/2026,C83056,EAST LINDSEY MEDICAL GROUP,E01013219,FEMALE,1
GP_PRAC_PAT_LIST,01/07/2026,C83056,EAST LINDSEY MEDICAL GROUP,E01013221,FEMALE,1
GP_PRAC_PAT_LIST,01/07/2026,C83056,EAST LINDSEY MEDICAL GROUP,E01013224,FEMALE,2
GP_PRAC_PAT_LIST,01/07/2026,C83056,EAST LINDSEY MEDICAL GROUP,E01013225,FEMALE,1
GP_PRAC_PAT_LIST,01/07/2026,C83056,EAST LINDSEY MEDICAL GROUP,E01013227,FEMALE,1
GP_PRAC_PAT_LIST,01/07/2026,C83056,EAST LINDSEY MEDICAL GROUP,E01015616,FEMALE,1
GP_PRAC_PAT_LIST,01/07/2026,C83056,EAST LINDSEY MEDICAL GROUP,E01016130,FEMALE,1
GP_PRAC_PAT_LIST,01/07/2026,C83056,EAST LINDSEY MEDICAL GROUP,E01018051,FEMALE,1
GP_PRAC_PAT_LIST,01/07/2026,C83056,EAST LINDSEY MEDICAL GROUP,E01021892,FEMALE,1
GP_PRAC_PAT_LIST,01/07/2026,C83056,EAST LINDSEY MEDICAL GROUP,E01026036,FEMALE,1
GP_PRAC_PAT_LIST,01/07/2026,C83056,EAST LINDSEY MEDICAL GROUP,E01026042,FEMALE,34
GP_PRAC_PAT_LIST,01/07/2026,C83056,EAST LINDSEY MEDICAL GROUP,E01026043,FEMALE,42
GP_PRAC_PAT_LIST,01/07/2026,C83056,EAST LINDSEY MEDICAL GROUP,E01026044,FEMALE,17
GP_PRAC_PAT_LIST,01/07/2026,C83056,EAST LINDSEY MEDICAL GROUP,E01026045,FEMALE,168
GP_PRAC_PAT_LIST,01/07/2026,C83056,EAST LINDSEY MEDICAL GROUP,E01026049,FEMALE,6
GP_PRAC_PAT_LIST,01/07/2026,C83056,EAST LINDSEY MEDICAL GROUP,E01026051,FEMALE,2
GP_PRAC_PAT_LIST,01/07/2026,C83056,EAST LINDSEY MEDICAL GROUP,E01026052,FEMALE,1
GP_PRAC_PAT_LIST,01/07/2026,C83056,EAST LINDSEY MEDICAL GROUP,E01026053,FEMALE,2
GP_PRAC_PAT_LIST,01/07/2026,C83056,EAST LINDSEY MEDICAL GROUP,E01026055,FEMALE,3
GP_PRAC_PAT_LIST,01/07/2026,C83056,EAST LINDSEY MEDICAL GROUP,E01026056,FEMALE,1
GP_PRAC_PAT_LIST,01/07/2026,C83056,EAST LINDSEY MEDICAL GROUP,E01026058,FEMALE,252
GP_PRAC_PAT_LIST,01/07/2026,C83056,EAST LINDSEY MEDICAL GROUP,E01026059,FEMALE,24
GP_PRAC_PAT_LIST,01/07/2026,C83056,EAST LINDSEY MEDICAL GROUP,E01026060,FEMALE,25
GP_PRAC_PAT_LIST,01/07/2026,C83056,EAST LINDSEY MEDICAL GROUP,E01026064,FEMALE,49
GP_PRAC_PAT_LIST,01/07/2026,C83056,EAST LINDSEY MEDICAL GROUP,E01026065,FEMALE,64
GP_PRAC_PAT_LIST,01/07/2026,C83056,EAST LINDSEY MEDICAL GROUP,E01026066,FEMALE,65
GP_PRAC_PAT_LIST,01/07/2026,C83056,EAST LINDSEY MEDICAL GROUP,E01026067,FEMALE,33
GP_PRAC_PAT_LIST,01/07/2026,C83056,EAST LINDSEY MEDICAL GROUP,E01026068,FEMALE,255
GP_PRAC_PAT_LIST,01/07/2026,C83056,EAST LINDSEY MEDICAL GROUP,E01026070,FEMALE,585
GP_PRAC_PAT_LIST,01/07/2026,C83056,EAST LINDSEY MEDICAL GROUP,E01026071,FEMALE,271
GP_PRAC_PAT_LIST,01/07/2026,C83056,EAST LINDSEY MEDICAL GROUP,E01026072,FEMALE,1
GP_PRAC_PAT_LIST,01/07/2026,C83056,EAST LINDSEY MEDICAL GROUP,E01026073,FEMALE,2
GP_PRAC_PAT_LIST,01/07/2026,C83056,EAST LINDSEY MEDICAL GROUP,E01026075,FEMALE,9
GP_PRAC_PAT_LIST,01/07/2026,C83056,EAST LINDSEY MEDICAL GROUP,E01026076,FEMALE,130
GP_PRAC_PAT_LIST,01/07/2026,C83056,EAST LINDSEY MEDICAL GROUP,E01026077,FEMALE,484
GP_PRAC_PAT_LIST,01/07/2026,C83056,EAST LINDSEY MEDICAL GROUP,E01026078,FEMALE,218
GP_PRAC_PAT_LIST,01/07/2026,C83056,EAST LINDSEY MEDICAL GROUP,E01026079,FEMALE,26
GP_PRAC_PAT_LIST,01/07/2026,C83056,EAST LINDSEY MEDICAL GROUP,E01026080,FEMALE,73
GP_PRAC_PAT_LIST,01/07/2026,C83056,EAST LINDSEY MEDICAL GROUP,E01026081,FEMALE,600
GP_PRAC_PAT_LIST,01/07/2026,C83056,EAST LINDSEY MEDICAL GROUP,E01026082,FEMALE,13
GP_PRAC_PAT_LIST,01/07/2026,C83056,EAST LINDSEY MEDICAL GROUP,E01026087,FEMALE,314
GP_PRAC_PAT_LIST,01/07/2026,C83056,EAST LINDSEY MEDICAL GROUP,E01026088,FEMALE,304
GP_PRAC_PAT_LIST,01/07/2026,C83056,EAST LINDSEY MEDICAL GROUP,E01026089,FEMALE,520
GP_PRAC_PAT_LIST,01/07/2026,C83056,EAST LINDSEY MEDICAL GROUP,E01026090,FEMALE,381
GP_PRAC_PAT_LIST,01/07/2026,C83056,EAST LINDSEY MEDICAL GROUP,E01026091,FEMALE,487
GP_PRAC_PAT_LIST,01/07/2026,C83056,EAST LINDSEY MEDICAL GROUP,E01026092,FEMALE,1
GP_PRAC_PAT_LIST,01/07/2026,C83056,EAST LINDSEY MEDICAL GROUP,E01026093,FEMALE,2
GP_PRAC_PAT_LIST,01/07/2026,C83056,EAST LINDSEY MEDICAL GROUP,E01026099,FEMALE,76
GP_PRAC_PAT_LIST,01/07/2026,C83056,EAST LINDSEY MEDICAL GROUP,E01026100,FEMALE,31
GP_PRAC_PAT_LIST,01/07/2026,C83056,EAST LINDSEY MEDICAL GROUP,E01026101,FEMALE,18
GP_PRAC_PAT_LIST,01/07/2026,C83056,EAST LINDSEY MEDICAL GROUP,E01026103,FEMALE,3
GP_PRAC_PAT_LIST,01/07/2026,C83056,EAST LINDSEY MEDICAL GROUP,E01026105,FEMALE,552
GP_PRAC_PAT_LIST,01/07/2026,C83056,EAST LINDSEY MEDICAL GROUP,E01026107,FEMALE,1
GP_PRAC_PAT_LIST,01/07/2026,C83056,EAST LINDSEY MEDICAL GROUP,E01026108,FEMALE,474
GP_PRAC_PAT_LIST,01/07/2026,C83056,EAST LINDSEY MEDICAL GROUP,E01026113,FEMALE,27
GP_PRAC_PAT_LIST,01/07/2026,C83056,EAST LINDSEY MEDICAL GROUP,E01026117,FEMALE,153
GP_PRAC_PAT_LIST,01/07/2026,C83056,EAST LINDSEY MEDICAL GROUP,E01026118,FEMALE,13
GP_PRAC_PAT_LIST,01/07/2026,C83056,EAST LINDSEY MEDICAL GROUP,E01026119,FEMALE,1
GP_PRAC_PAT_LIST,01/07/2026,C83056,EAST LINDSEY MEDICAL GROUP,E01026120,FEMALE,4
GP_PRAC_PAT_LIST,01/07/2026,C83056,EAST LINDSEY MEDICAL GROUP,E01026121,FEMALE,7
GP_PRAC_PAT_LIST,01/07/2026,C83056,EAST LINDSEY MEDICAL GROUP,E01026151,FEMALE,1
GP_PRAC_PAT_LIST,01/07/2026,C83056,EAST LINDSEY MEDICAL GROUP,E01026210,FEMALE,1
GP_PRAC_PAT_LIST,01/07/2026,C83056,EAST LINDSEY MEDICAL GROUP,E01026366,FEMALE,2
GP_PRAC_PAT_LIST,01/07/2026,C83056,EAST LINDSEY MEDICAL GROUP,E01026368,FEMALE,1
GP_PRAC_PAT_LIST,01/07/2026,C83056,EAST LINDSEY MEDICAL GROUP,E01026370,FEMALE,1
GP_PRAC_PAT_LIST,01/07/2026,C83056,EAST LINDSEY MEDICAL GROUP,E01026389,FEMALE,1
GP_PRAC_PAT_LIST,01/07/2026,C83056,EAST LINDSEY MEDICAL GROUP,E01026391,FEMALE,1
GP_PRAC_PAT_LIST,01/07/2026,C83056,EAST LINDSEY MEDICAL GROUP,E01026415,FEMALE,4
GP_PRAC_PAT_LIST,01/07/2026,C83056,EAST LINDSEY MEDICAL GROUP,E01029855,FEMALE,1
GP_PRAC_PAT_LIST,01/07/2026,C83056,EAST LINDSEY MEDICAL GROUP,E01031928,FEMALE,1
GP_PRAC_PAT_LIST,01/07/2026,C83056,EAST LINDSEY MEDICAL GROUP,E01032772,FEMALE,1
GP_PRAC_PAT_LIST,01/07/2026,C83056,EAST LINDSEY MEDICAL GROUP,E01032946,FEMALE,1
GP_PRAC_PAT_LIST,01/07/2026,C83056,EAST LINDSEY MEDICAL GROUP,E01032986,FEMALE,190
GP_PRAC_PAT_LIST,01/07/2026,C83056,EAST LINDSEY MEDICAL GROUP,E01032987,FEMALE,241
GP_PRAC_PAT_LIST,01/07/2026,C83056,EAST LINDSEY MEDICAL GROUP,E01033414,FEMALE,1
GP_PRAC_PAT_LIST,01/07/2026,C83056,EAST LINDSEY MEDICAL GROUP,E01035023,FEMALE,1
GP_PRAC_PAT_LIST,01/07/2026,C83056,EAST LINDSEY MEDICAL GROUP,E01035480,FEMALE,1
GP_PRAC_PAT_LIST,01/07/2026,C83056,EAST LINDSEY MEDICAL GROUP,EMPTY,FEMALE,25
GP_PRAC_PAT_LIST,01/07/2026,C83057,KIRTON MEDICAL CENTRE,CLOSED,FEMALE,2
GP_PRAC_PAT_LIST,01/07/2026,C83057,KIRTON MEDICAL CENTRE,E01009612,FEMALE,1
GP_PRAC_PAT_LIST,01/07/2026,C83057,KIRTON MEDICAL CENTRE,E01026008,FEMALE,1
GP_PRAC_PAT_LIST,01/07/2026,C83057,KIRTON MEDICAL CENTRE,E01026015,FEMALE,1
GP_PRAC_PAT_LIST,01/07/2026,C83057,KIRTON MEDICAL CENTRE,E01026016,FEMALE,157
GP_PRAC_PAT_LIST,01/07/2026,C83057,KIRTON MEDICAL CENTRE,E01026017,FEMALE,176
GP_PRAC_PAT_LIST,01/07/2026,C83057,KIRTON MEDICAL CENTRE,E01026018,FEMALE,462
GP_PRAC_PAT_LIST,01/07/2026,C83057,KIRTON MEDICAL CENTRE,E01026019,FEMALE,1011
GP_PRAC_PAT_LIST,01/07/2026,C83057,KIRTON MEDICAL CENTRE,E01026020,FEMALE,1197
GP_PRAC_PAT_LIST,01/07/2026,C83057,KIRTON MEDICAL CENTRE,E01026021,FEMALE,4
GP_PRAC_PAT_LIST,01/07/2026,C83057,KIRTON MEDICAL CENTRE,E01026022,FEMALE,3
GP_PRAC_PAT_LIST,01/07/2026,C83057,KIRTON MEDICAL CENTRE,E01026026,FEMALE,1
GP_PRAC_PAT_LIST,01/07/2026,C83057,KIRTON MEDICAL CENTRE,E01026027,FEMALE,1
GP_PRAC_PAT_LIST,01/07/2026,C83057,KIRTON MEDICAL CENTRE,E01026030,FEMALE,1
GP_PRAC_PAT_LIST,01/07/2026,C83057,KIRTON MEDICAL CENTRE,E01026031,FEMALE,1
GP_PRAC_PAT_LIST,01/07/2026,C83057,KIRTON MEDICAL CENTRE,E01026032,FEMALE,1
GP_PRAC_PAT_LIST,01/07/2026,C83057,KIRTON MEDICAL CENTRE,E01026033,FEMALE,39
GP_PRAC_PAT_LIST,01/07/2026,C83057,KIRTON MEDICAL CENTRE,E01026034,FEMALE,61
GP_PRAC_PAT_LIST,01/07/2026,C83057,KIRTON MEDICAL CENTRE,E01026035,FEMALE,62
GP_PRAC_PAT_LIST,01/07/2026,C83057,KIRTON MEDICAL CENTRE,E01026036,FEMALE,1
GP_PRAC_PAT_LIST,01/07/2026,C83057,KIRTON MEDICAL CENTRE,E01026039,FEMALE,205
GP_PRAC_PAT_LIST,01/07/2026,C83057,KIRTON MEDICAL CENTRE,E01026040,FEMALE,325
GP_PRAC_PAT_LIST,01/07/2026,C83057,KIRTON MEDICAL CENTRE,E01026041,FEMALE,261
GP_PRAC_PAT_LIST,01/07/2026,C83057,KIRTON MEDICAL CENTRE,E01026057,FEMALE,5
GP_PRAC_PAT_LIST,01/07/2026,C83057,KIRTON MEDICAL CENTRE,E01026066,FEMALE,1
GP_PRAC_PAT_LIST,01/07/2026,C83057,KIRTON MEDICAL CENTRE,E01026118,FEMALE,1
GP_PRAC_PAT_LIST,01/07/2026,C83057,KIRTON MEDICAL CENTRE,E01026160,FEMALE,1
GP_PRAC_PAT_LIST,01/07/2026,C83057,KIRTON MEDICAL CENTRE,E01026172,FEMALE,1
GP_PRAC_PAT_LIST,01/07/2026,C83057,KIRTON MEDICAL CENTRE,E01026176,FEMALE,1
GP_PRAC_PAT_LIST,01/07/2026,C83057,KIRTON MEDICAL CENTRE,E01026190,FEMALE,1
GP_PRAC_PAT_LIST,01/07/2026,C83057,KIRTON MEDICAL CENTRE,E01026242,FEMALE,13
GP_PRAC_PAT_LIST,01/07/2026,C83057,KIRTON MEDICAL CENTRE,E01026243,FEMALE,13
GP_PRAC_PAT_LIST,01/07/2026,C83057,KIRTON MEDICAL CENTRE,E01026244,FEMALE,1
GP_PRAC_PAT_LIST,01/07/2026,C83057,KIRTON MEDICAL CENTRE,E01026245,FEMALE,1
GP_PRAC_PAT_LIST,01/07/2026,C83057,KIRTON MEDICAL CENTRE,E01026247,FEMALE,8
GP_PRAC_PAT_LIST,01/07/2026,C83057,KIRTON MEDICAL CENTRE,E01026268,FEMALE,1
GP_PRAC_PAT_LIST,01/07/2026,C83057,KIRTON MEDICAL CENTRE,E01026271,FEMALE,1
GP_PRAC_PAT_LIST,01/07/2026,C83057,KIRTON MEDICAL CENTRE,E01026272,FEMALE,1
GP_PRAC_PAT_LIST,01/07/2026,C83057,KIRTON MEDICAL CENTRE,E01026276,FEMALE,2
GP_PRAC_PAT_LIST,01/07/2026,C83057,KIRTON MEDICAL CENTRE,E01026283,FEMALE,1
GP_PRAC_PAT_LIST,01/07/2026,C83057,KIRTON MEDICAL CENTRE,E01034682,FEMALE,23
GP_PRAC_PAT_LIST,01/07/2026,C83057,KIRTON MEDICAL CENTRE,E01034683,FEMALE,106
GP_PRAC_PAT_LIST,01/07/2026,C83057,KIRTON MEDICAL CENTRE,E01034684,FEMALE,132
GP_PRAC_PAT_LIST,01/07/2026,C83058,WASHINGBOROUGH SURGERY,CLOSED,FEMALE,1
GP_PRAC_PAT_LIST,01/07/2026,C83058,WASHINGBOROUGH SURGERY,E01013322,FEMALE,1
GP_PRAC_PAT_LIST,01/07/2026,C83058,WASHINGBOROUGH SURGERY,E01026124,FEMALE,1
GP_PRAC_PAT_LIST,01/07/2026,C83058,WASHINGBOROUGH SURGERY,E01026171,FEMALE,1
GP_PRAC_PAT_LIST,01/07/2026,C83058,WASHINGBOROUGH SURGERY,E01026176,FEMALE,14
GP_PRAC_PAT_LIST,01/07/2026,C83058,WASHINGBOROUGH SURGERY,E01026183,FEMALE,1
GP_PRAC_PAT_LIST,01/07/2026,C83058,WASHINGBOROUGH SURGERY,E01026184,FEMALE,2
GP_PRAC_PAT_LIST,01/07/2026,C83058,WASHINGBOROUGH SURGERY,E01026186,FEMALE,3
GP_PRAC_PAT_LIST,01/07/2026,C83058,WASHINGBOROUGH SURGERY,E01026187,FEMALE,11
GP_PRAC_PAT_LIST,01/07/2026,C83058,WASHINGBOROUGH SURGERY,E01026188,FEMALE,1
GP_PRAC_PAT_LIST,01/07/2026,C83058,WASHINGBOROUGH SURGERY,E01026189,FEMALE,537
GP_PRAC_PAT_LIST,01/07/2026,C83058,WASHINGBOROUGH SURGERY,E01026190,FEMALE,586
GP_PRAC_PAT_LIST,01/07/2026,C83058,WASHINGBOROUGH SURGERY,E01026191,FEMALE,464
GP_PRAC_PAT_LIST,01/07/2026,C83058,WASHINGBOROUGH SURGERY,E01026203,FEMALE,1028
GP_PRAC_PAT_LIST,01/07/2026,C83058,WASHINGBOROUGH SURGERY,E01026204,FEMALE,755
GP_PRAC_PAT_LIST,01/07/2026,C83058,WASHINGBOROUGH SURGERY,E01026205,FEMALE,675
GP_PRAC_PAT_LIST,01/07/2026,C83058,WASHINGBOROUGH SURGERY,E01026206,FEMALE,717
GP_PRAC_PAT_LIST,01/07/2026,C83058,WASHINGBOROUGH SURGERY,E01026207,FEMALE,1
GP_PRAC_PAT_LIST,01/07/2026,C83058,WASHINGBOROUGH SURGERY,E01026210,FEMALE,1
GP_PRAC_PAT_LIST,01/07/2026,C83058,WASHINGBOROUGH SURGERY,E01026211,FEMALE,167
GP_PRAC_PAT_LIST,01/07/2026,C83058,WASHINGBOROUGH SURGERY,E01026411,FEMALE,1
GP_PRAC_PAT_LIST,01/07/2026,C83058,WASHINGBOROUGH SURGERY,E01032991,FEMALE,3
GP_PRAC_PAT_LIST,01/07/2026,C83058,WASHINGBOROUGH SURGERY,EMPTY,FEMALE,3
GP_PRAC_PAT_LIST,01/07/2026,C83059,GREYFRIARS SURGERY,CLOSED,FEMALE,3
GP_PRAC_PAT_LIST,01/07/2026,C83059,GREYFRIARS SURGERY,E01026007,FEMALE,96
GP_PRAC_PAT_LIST,01/07/2026,C83059,GREYFRIARS SURGERY,E01026008,FEMALE,98
GP_PRAC_PAT_LIST,01/07/2026,C83059,GREYFRIARS SURGERY,E01026009,FEMALE,58
GP_PRAC_PAT_LIST,01/07/2026,C83059,GREYFRIARS SURGERY,E01026010,FEMALE,264
GP_PRAC_PAT_LIST,01/07/2026,C83059,GREYFRIARS SURGERY,E01026012,FEMALE,229
GP_PRAC_PAT_LIST,01/07/2026,C83059,GREYFRIARS SURGERY,E01026013,FEMALE,239
GP_PRAC_PAT_LIST,01/07/2026,C83059,GREYFRIARS SURGERY,E01026014,FEMALE,308
GP_PRAC_PAT_LIST,01/07/2026,C83059,GREYFRIARS SURGERY,E01026015,FEMALE,323
GP_PRAC_PAT_LIST,01/07/2026,C83059,GREYFRIARS SURGERY,E01026016,FEMALE,21
GP_PRAC_PAT_LIST,01/07/2026,C83059,GREYFRIARS SURGERY,E01026017,FEMALE,17
GP_PRAC_PAT_LIST,01/07/2026,C83059,GREYFRIARS SURGERY,E01026018,FEMALE,65
GP_PRAC_PAT_LIST,01/07/2026,C83059,GREYFRIARS SURGERY,E01026019,FEMALE,86
GP_PRAC_PAT_LIST,01/07/2026,C83059,GREYFRIARS SURGERY,E01026020,FEMALE,111
GP_PRAC_PAT_LIST,01/07/2026,C83059,GREYFRIARS SURGERY,E01026021,FEMALE,198
GP_PRAC_PAT_LIST,01/07/2026,C83059,GREYFRIARS SURGERY,E01026022,FEMALE,218
GP_PRAC_PAT_LIST,01/07/2026,C83059,GREYFRIARS SURGERY,E01026023,FEMALE,7
GP_PRAC_PAT_LIST,01/07/2026,C83059,GREYFRIARS SURGERY,E01026024,FEMALE,26
GP_PRAC_PAT_LIST,01/07/2026,C83059,GREYFRIARS SURGERY,E01026025,FEMALE,431
GP_PRAC_PAT_LIST,01/07/2026,C83059,GREYFRIARS SURGERY,E01026026,FEMALE,325
GP_PRAC_PAT_LIST,01/07/2026,C83059,GREYFRIARS SURGERY,E01026027,FEMALE,314
GP_PRAC_PAT_LIST,01/07/2026,C83059,GREYFRIARS SURGERY,E01026028,FEMALE,281
GP_PRAC_PAT_LIST,01/07/2026,C83059,GREYFRIARS SURGERY,E01026030,FEMALE,285
GP_PRAC_PAT_LIST,01/07/2026,C83059,GREYFRIARS SURGERY,E01026031,FEMALE,225
GP_PRAC_PAT_LIST,01/07/2026,C83059,GREYFRIARS SURGERY,E01026032,FEMALE,231
GP_PRAC_PAT_LIST,01/07/2026,C83059,GREYFRIARS SURGERY,E01026033,FEMALE,49
GP_PRAC_PAT_LIST,01/07/2026,C83059,GREYFRIARS SURGERY,E01026034,FEMALE,20
GP_PRAC_PAT_LIST,01/07/2026,C83059,GREYFRIARS SURGERY,E01026035,FEMALE,244
GP_PRAC_PAT_LIST,01/07/2026,C83059,GREYFRIARS SURGERY,E01026036,FEMALE,183
GP_PRAC_PAT_LIST,01/07/2026,C83059,GREYFRIARS SURGERY,E01026037,FEMALE,210
GP_PRAC_PAT_LIST,01/07/2026,C83059,GREYFRIARS SURGERY,E01026038,FEMALE,167
GP_PRAC_PAT_LIST,01/07/2026,C83059,GREYFRIARS SURGERY,E01026039,FEMALE,98
GP_PRAC_PAT_LIST,01/07/2026,C83059,GREYFRIARS SURGERY,E01026040,FEMALE,175
GP_PRAC_PAT_LIST,01/07/2026,C83059,GREYFRIARS SURGERY,E01026041,FEMALE,105
GP_PRAC_PAT_LIST,01/07/2026,C83059,GREYFRIARS SURGERY,E01026057,FEMALE,84
GP_PRAC_PAT_LIST,01/07/2026,C83059,GREYFRIARS SURGERY,E01026075,FEMALE,4
GP_PRAC_PAT_LIST,01/07/2026,C83059,GREYFRIARS SURGERY,E01026098,FEMALE,82
GP_PRAC_PAT_LIST,01/07/2026,C83059,GREYFRIARS SURGERY,E01026102,FEMALE,8
GP_PRAC_PAT_LIST,01/07/2026,C83059,GREYFRIARS SURGERY,E01026111,FEMALE,7
GP_PRAC_PAT_LIST,01/07/2026,C83059,GREYFRIARS SURGERY,E01026200,FEMALE,2
GP_PRAC_PAT_LIST,01/07/2026,C83059,GREYFRIARS SURGERY,E01026242,FEMALE,1
GP_PRAC_PAT_LIST,01/07/2026,C83059,GREYFRIARS SURGERY,E01027891,FEMALE,1
GP_PRAC_PAT_LIST,01/07/2026,C83059,GREYFRIARS SURGERY,E01032522,FEMALE,1
GP_PRAC_PAT_LIST,01/07/2026,C83059,GREYFRIARS SURGERY,E01033039,FEMALE,1
GP_PRAC_PAT_LIST,01/07/2026,C83059,GREYFRIARS SURGERY,E01034679,FEMALE,148
GP_PRAC_PAT_LIST,01/07/2026,C83059,GREYFRIARS SURGERY,E01034680,FEMALE,194
GP_PRAC_PAT_LIST,01/07/2026,C83059,GREYFRIARS SURGERY,E01034681,FEMALE,162
GP_PRAC_PAT_LIST,01/07/2026,C83059,GREYFRIARS SURGERY,E01034682,FEMALE,203
GP_PRAC_PAT_LIST,01/07/2026,C83059,GREYFRIARS SURGERY,E01034683,FEMALE,166
GP_PRAC_PAT_LIST,01/07/2026,C83059,GREYFRIARS SURGERY,E01034684,FEMALE,207
GP_PRAC_PAT_LIST,01/07/2026,C83059,GREYFRIARS SURGERY,E01034695,FEMALE,1
GP_PRAC_PAT_LIST,01/07/2026,C83059,GREYFRIARS SURGERY,EMPTY,FEMALE,8
GP_PRAC_PAT_LIST,01/07/2026,C83060,THE SIDINGS MEDICAL PRACTICE,CLOSED,FEMALE,1
GP_PRAC_PAT_LIST,01/07/2026,C83060,THE SIDINGS MEDICAL PRACTICE,E01009461,FEMALE,1
GP_PRAC_PAT_LIST,01/07/2026,C83060,THE SIDINGS MEDICAL PRACTICE,E01013957,FEMALE,1
GP_PRAC_PAT_LIST,01/07/2026,C83060,THE SIDINGS MEDICAL PRACTICE,E01014327,FEMALE,1
GP_PRAC_PAT_LIST,01/07/2026,C83060,THE SIDINGS MEDICAL PRACTICE,E01015599,FEMALE,1
GP_PRAC_PAT_LIST,01/07/2026,C83060,THE SIDINGS MEDICAL PRACTICE,E01015659,FEMALE,1
GP_PRAC_PAT_LIST,01/07/2026,C83060,THE SIDINGS MEDICAL PRACTICE,E01015661,FEMALE,3
GP_PRAC_PAT_LIST,01/07/2026,C83060,THE SIDINGS MEDICAL PRACTICE,E01018145,FEMALE,1
GP_PRAC_PAT_LIST,01/07/2026,C83060,THE SIDINGS MEDICAL PRACTICE,E01018157,FEMALE,1
GP_PRAC_PAT_LIST,01/07/2026,C83060,THE SIDINGS MEDICAL PRACTICE,E01021370,FEMALE,1
GP_PRAC_PAT_LIST,01/07/2026,C83060,THE SIDINGS MEDICAL PRACTICE,E01026007,FEMALE,80
GP_PRAC_PAT_LIST,01/07/2026,C83060,THE SIDINGS MEDICAL PRACTICE,E01026008,FEMALE,87
GP_PRAC_PAT_LIST,01/07/2026,C83060,THE SIDINGS MEDICAL PRACTICE,E01026009,FEMALE,48
GP_PRAC_PAT_LIST,01/07/2026,C83060,THE SIDINGS MEDICAL PRACTICE,E01026010,FEMALE,360
GP_PRAC_PAT_LIST,01/07/2026,C83060,THE SIDINGS MEDICAL PRACTICE,E01026012,FEMALE,144
GP_PRAC_PAT_LIST,01/07/2026,C83060,THE SIDINGS MEDICAL PRACTICE,E01026013,FEMALE,188
GP_PRAC_PAT_LIST,01/07/2026,C83060,THE SIDINGS MEDICAL PRACTICE,E01026014,FEMALE,239
GP_PRAC_PAT_LIST,01/07/2026,C83060,THE SIDINGS MEDICAL PRACTICE,E01026015,FEMALE,248
GP_PRAC_PAT_LIST,01/07/2026,C83060,THE SIDINGS MEDICAL PRACTICE,E01026016,FEMALE,7
GP_PRAC_PAT_LIST,01/07/2026,C83060,THE SIDINGS MEDICAL PRACTICE,E01026017,FEMALE,1
GP_PRAC_PAT_LIST,01/07/2026,C83060,THE SIDINGS MEDICAL PRACTICE,E01026018,FEMALE,103
GP_PRAC_PAT_LIST,01/07/2026,C83060,THE SIDINGS MEDICAL PRACTICE,E01026019,FEMALE,78
GP_PRAC_PAT_LIST,01/07/2026,C83060,THE SIDINGS MEDICAL PRACTICE,E01026020,FEMALE,101
GP_PRAC_PAT_LIST,01/07/2026,C83060,THE SIDINGS MEDICAL PRACTICE,E01026021,FEMALE,169
GP_PRAC_PAT_LIST,01/07/2026,C83060,THE SIDINGS MEDICAL PRACTICE,E01026022,FEMALE,191
GP_PRAC_PAT_LIST,01/07/2026,C83060,THE SIDINGS MEDICAL PRACTICE,E01026023,FEMALE,4
GP_PRAC_PAT_LIST,01/07/2026,C83060,THE SIDINGS MEDICAL PRACTICE,E01026024,FEMALE,13
GP_PRAC_PAT_LIST,01/07/2026,C83060,THE SIDINGS MEDICAL PRACTICE,E01026025,FEMALE,277
GP_PRAC_PAT_LIST,01/07/2026,C83060,THE SIDINGS MEDICAL PRACTICE,E01026026,FEMALE,332
GP_PRAC_PAT_LIST,01/07/2026,C83060,THE SIDINGS MEDICAL PRACTICE,E01026027,FEMALE,191
GP_PRAC_PAT_LIST,01/07/2026,C83060,THE SIDINGS MEDICAL PRACTICE,E01026028,FEMALE,159
GP_PRAC_PAT_LIST,01/07/2026,C83060,THE SIDINGS MEDICAL PRACTICE,E01026030,FEMALE,603
GP_PRAC_PAT_LIST,01/07/2026,C83060,THE SIDINGS MEDICAL PRACTICE,E01026031,FEMALE,323
GP_PRAC_PAT_LIST,01/07/2026,C83060,THE SIDINGS MEDICAL PRACTICE,E01026032,FEMALE,449
GP_PRAC_PAT_LIST,01/07/2026,C83060,THE SIDINGS MEDICAL PRACTICE,E01026033,FEMALE,68
GP_PRAC_PAT_LIST,01/07/2026,C83060,THE SIDINGS MEDICAL PRACTICE,E01026034,FEMALE,16
GP_PRAC_PAT_LIST,01/07/2026,C83060,THE SIDINGS MEDICAL PRACTICE,E01026035,FEMALE,406
GP_PRAC_PAT_LIST,01/07/2026,C83060,THE SIDINGS MEDICAL PRACTICE,E01026036,FEMALE,169
GP_PRAC_PAT_LIST,01/07/2026,C83060,THE SIDINGS MEDICAL PRACTICE,E01026037,FEMALE,227
GP_PRAC_PAT_LIST,01/07/2026,C83060,THE SIDINGS MEDICAL PRACTICE,E01026038,FEMALE,152
GP_PRAC_PAT_LIST,01/07/2026,C83060,THE SIDINGS MEDICAL PRACTICE,E01026039,FEMALE,92
GP_PRAC_PAT_LIST,01/07/2026,C83060,THE SIDINGS MEDICAL PRACTICE,E01026040,FEMALE,179
GP_PRAC_PAT_LIST,01/07/2026,C83060,THE SIDINGS MEDICAL PRACTICE,E01026041,FEMALE,90
GP_PRAC_PAT_LIST,01/07/2026,C83060,THE SIDINGS MEDICAL PRACTICE,E01026054,FEMALE,1
GP_PRAC_PAT_LIST,01/07/2026,C83060,THE SIDINGS MEDICAL PRACTICE,E01026055,FEMALE,2
GP_PRAC_PAT_LIST,01/07/2026,C83060,THE SIDINGS MEDICAL PRACTICE,E01026056,FEMALE,1
GP_PRAC_PAT_LIST,01/07/2026,C83060,THE SIDINGS MEDICAL PRACTICE,E01026057,FEMALE,67
GP_PRAC_PAT_LIST,01/07/2026,C83060,THE SIDINGS MEDICAL PRACTICE,E01026075,FEMALE,5
GP_PRAC_PAT_LIST,01/07/2026,C83060,THE SIDINGS MEDICAL PRACTICE,E01026095,FEMALE,1
GP_PRAC_PAT_LIST,01/07/2026,C83060,THE SIDINGS MEDICAL PRACTICE,E01026098,FEMALE,71
GP_PRAC_PAT_LIST,01/07/2026,C83060,THE SIDINGS MEDICAL PRACTICE,E01026102,FEMALE,1
GP_PRAC_PAT_LIST,01/07/2026,C83060,THE SIDINGS MEDICAL PRACTICE,E01026111,FEMALE,1
GP_PRAC_PAT_LIST,01/07/2026,C83060,THE SIDINGS MEDICAL PRACTICE,E01026115,FEMALE,1
GP_PRAC_PAT_LIST,01/07/2026,C83060,THE SIDINGS MEDICAL PRACTICE,E01026174,FEMALE,1
GP_PRAC_PAT_LIST,01/07/2026,C83060,THE SIDINGS MEDICAL PRACTICE,E01026180,FEMALE,1
GP_PRAC_PAT_LIST,01/07/2026,C83060,THE SIDINGS MEDICAL PRACTICE,E01026183,FEMALE,3
GP_PRAC_PAT_LIST,01/07/2026,C83060,THE SIDINGS MEDICAL PRACTICE,E01026211,FEMALE,1
GP_PRAC_PAT_LIST,01/07/2026,C83060,THE SIDINGS MEDICAL PRACTICE,E01026227,FEMALE,1
GP_PRAC_PAT_LIST,01/07/2026,C83060,THE SIDINGS MEDICAL PRACTICE,E01026243,FEMALE,1
GP_PRAC_PAT_LIST,01/07/2026,C83060,THE SIDINGS MEDICAL PRACTICE,E01026254,FEMALE,1
GP_PRAC_PAT_LIST,01/07/2026,C83060,THE SIDINGS MEDICAL PRACTICE,E01026258,FEMALE,1
GP_PRAC_PAT_LIST,01/07/2026,C83060,THE SIDINGS MEDICAL PRACTICE,E01026260,FEMALE,3
GP_PRAC_PAT_LIST,01/07/2026,C83060,THE SIDINGS MEDICAL PRACTICE,E01026266,FEMALE,4
GP_PRAC_PAT_LIST,01/07/2026,C83060,THE SIDINGS MEDICAL PRACTICE,E01026275,FEMALE,1
GP_PRAC_PAT_LIST,01/07/2026,C83060,THE SIDINGS MEDICAL PRACTICE,E01026276,FEMALE,1
GP_PRAC_PAT_LIST,01/07/2026,C83060,THE SIDINGS MEDICAL PRACTICE,E01026284,FEMALE,1
GP_PRAC_PAT_LIST,01/07/2026,C83060,THE SIDINGS MEDICAL PRACTICE,E01026347,FEMALE,1
GP_PRAC_PAT_LIST,01/07/2026,C83060,THE SIDINGS MEDICAL PRACTICE,E01027504,FEMALE,1
GP_PRAC_PAT_LIST,01/07/2026,C83060,THE SIDINGS MEDICAL PRACTICE,E01027949,FEMALE,1
GP_PRAC_PAT_LIST,01/07/2026,C83060,THE SIDINGS MEDICAL PRACTICE,E01032489,FEMALE,2
GP_PRAC_PAT_LIST,01/07/2026,C83060,THE SIDINGS MEDICAL PRACTICE,E01034679,FEMALE,293
GP_PRAC_PAT_LIST,01/07/2026,C83060,THE SIDINGS MEDICAL PRACTICE,E01034680,FEMALE,320
GP_PRAC_PAT_LIST,01/07/2026,C83060,THE SIDINGS MEDICAL PRACTICE,E01034681,FEMALE,208
GP_PRAC_PAT_LIST,01/07/2026,C83060,THE SIDINGS MEDICAL PRACTICE,E01034682,FEMALE,160
GP_PRAC_PAT_LIST,01/07/2026,C83060,THE SIDINGS MEDICAL PRACTICE,E01034683,FEMALE,145
GP_PRAC_PAT_LIST,01/07/2026,C83060,THE SIDINGS MEDICAL PRACTICE,E01034684,FEMALE,202
GP_PRAC_PAT_LIST,01/07/2026,C83060,THE SIDINGS MEDICAL PRACTICE,E01034697,FEMALE,2
GP_PRAC_PAT_LIST,01/07/2026,C83060,THE SIDINGS MEDICAL PRACTICE,E01034699,FEMALE,1
GP_PRAC_PAT_LIST,01/07/2026,C83060,THE SIDINGS MEDICAL PRACTICE,E01035473,FEMALE,1
GP_PRAC_PAT_LIST,01/07/2026,C83060,THE SIDINGS MEDICAL PRACTICE,EMPTY,FEMALE,5
GP_PRAC_PAT_LIST,01/07/2026,C83061,NORTH THORESBY SURGERY,E01012903,FEMALE,1
GP_PRAC_PAT_LIST,01/07/2026,C83061,NORTH THORESBY SURGERY,E01013129,FEMALE,1
GP_PRAC_PAT_LIST,01/07/2026,C83061,NORTH THORESBY SURGERY,E01013133,FEMALE,2
GP_PRAC_PAT_LIST,01/07/2026,C83061,NORTH THORESBY SURGERY,E01013143,FEMALE,1
GP_PRAC_PAT_LIST,01/07/2026,C83061,NORTH THORESBY SURGERY,E01013156,FEMALE,1
GP_PRAC_PAT_LIST,01/07/2026,C83061,NORTH THORESBY SURGERY,E01013157,FEMALE,2
GP_PRAC_PAT_LIST,01/07/2026,C83061,NORTH THORESBY SURGERY,E01013158,FEMALE,1
GP_PRAC_PAT_LIST,01/07/2026,C83061,NORTH THORESBY SURGERY,E01013163,FEMALE,1
GP_PRAC_PAT_LIST,01/07/2026,C83061,NORTH THORESBY SURGERY,E01013167,FEMALE,12
GP_PRAC_PAT_LIST,01/07/2026,C83061,NORTH THORESBY SURGERY,E01013170,FEMALE,36
GP_PRAC_PAT_LIST,01/07/2026,C83061,NORTH THORESBY SURGERY,E01013171,FEMALE,104
GP_PRAC_PAT_LIST,01/07/2026,C83061,NORTH THORESBY SURGERY,E01013172,FEMALE,90
GP_PRAC_PAT_LIST,01/07/2026,C83061,NORTH THORESBY SURGERY,E01013173,FEMALE,1
GP_PRAC_PAT_LIST,01/07/2026,C83061,NORTH THORESBY SURGERY,E01013177,FEMALE,1
GP_PRAC_PAT_LIST,01/07/2026,C83061,NORTH THORESBY SURGERY,E01013184,FEMALE,1
GP_PRAC_PAT_LIST,01/07/2026,C83061,NORTH THORESBY SURGERY,E01013189,FEMALE,3
GP_PRAC_PAT_LIST,01/07/2026,C83061,NORTH THORESBY SURGERY,E01013191,FEMALE,1
GP_PRAC_PAT_LIST,01/07/2026,C83061,NORTH THORESBY SURGERY,E01013192,FEMALE,2
GP_PRAC_PAT_LIST,01/07/2026,C83061,NORTH THORESBY SURGERY,E01013193,FEMALE,2
GP_PRAC_PAT_LIST,01/07/2026,C83061,NORTH THORESBY SURGERY,E01013196,FEMALE,1
GP_PRAC_PAT_LIST,01/07/2026,C83061,NORTH THORESBY SURGERY,E01013199,FEMALE,1
GP_PRAC_PAT_LIST,01/07/2026,C83061,NORTH THORESBY SURGERY,E01013204,FEMALE,1
GP_PRAC_PAT_LIST,01/07/2026,C83061,NORTH THORESBY SURGERY,E01013207,FEMALE,3
GP_PRAC_PAT_LIST,01/07/2026,C83061,NORTH THORESBY SURGERY,E01013213,FEMALE,36
GP_PRAC_PAT_LIST,01/07/2026,C83061,NORTH THORESBY SURGERY,E01013214,FEMALE,139
GP_PRAC_PAT_LIST,01/07/2026,C83061,NORTH THORESBY SURGERY,E01013215,FEMALE,77
GP_PRAC_PAT_LIST,01/07/2026,C83061,NORTH THORESBY SURGERY,E01013216,FEMALE,50
GP_PRAC_PAT_LIST,01/07/2026,C83061,NORTH THORESBY SURGERY,E01013217,FEMALE,89
GP_PRAC_PAT_LIST,01/07/2026,C83061,NORTH THORESBY SURGERY,E01013221,FEMALE,1
GP_PRAC_PAT_LIST,01/07/2026,C83061,NORTH THORESBY SURGERY,E01013224,FEMALE,1
GP_PRAC_PAT_LIST,01/07/2026,C83061,NORTH THORESBY SURGERY,E01013225,FEMALE,86
GP_PRAC_PAT_LIST,01/07/2026,C83061,NORTH THORESBY SURGERY,E01013228,FEMALE,2
GP_PRAC_PAT_LIST,01/07/2026,C83061,NORTH THORESBY SURGERY,E01013818,FEMALE,1
GP_PRAC_PAT_LIST,01/07/2026,C83061,NORTH THORESBY SURGERY,E01026045,FEMALE,126
GP_PRAC_PAT_LIST,01/07/2026,C83061,NORTH THORESBY SURGERY,E01026046,FEMALE,1
GP_PRAC_PAT_LIST,01/07/2026,C83061,NORTH THORESBY SURGERY,E01026058,FEMALE,1
GP_PRAC_PAT_LIST,01/07/2026,C83061,NORTH THORESBY SURGERY,E01026061,FEMALE,387
GP_PRAC_PAT_LIST,01/07/2026,C83061,NORTH THORESBY SURGERY,E01026062,FEMALE,411
GP_PRAC_PAT_LIST,01/07/2026,C83061,NORTH THORESBY SURGERY,E01026063,FEMALE,544
GP_PRAC_PAT_LIST,01/07/2026,C83061,NORTH THORESBY SURGERY,E01026070,FEMALE,7
GP_PRAC_PAT_LIST,01/07/2026,C83061,NORTH THORESBY SURGERY,E01026074,FEMALE,1
GP_PRAC_PAT_LIST,01/07/2026,C83061,NORTH THORESBY SURGERY,E01026076,FEMALE,399
GP_PRAC_PAT_LIST,01/07/2026,C83061,NORTH THORESBY SURGERY,E01026077,FEMALE,2
GP_PRAC_PAT_LIST,01/07/2026,C83061,NORTH THORESBY SURGERY,E01026080,FEMALE,818
GP_PRAC_PAT_LIST,01/07/2026,C83061,NORTH THORESBY SURGERY,E01026088,FEMALE,1
GP_PRAC_PAT_LIST,01/07/2026,C83061,NORTH THORESBY SURGERY,E01026089,FEMALE,4
GP_PRAC_PAT_LIST,01/07/2026,C83061,NORTH THORESBY SURGERY,E01026090,FEMALE,1
GP_PRAC_PAT_LIST,01/07/2026,C83061,NORTH THORESBY SURGERY,E01026091,FEMALE,6
GP_PRAC_PAT_LIST,01/07/2026,C83061,NORTH THORESBY SURGERY,E01026106,FEMALE,522
GP_PRAC_PAT_LIST,01/07/2026,C83061,NORTH THORESBY SURGERY,E01026107,FEMALE,536
GP_PRAC_PAT_LIST,01/07/2026,C83061,NORTH THORESBY SURGERY,E01026108,FEMALE,3
GP_PRAC_PAT_LIST,01/07/2026,C83061,NORTH THORESBY SURGERY,E01026367,FEMALE,2
GP_PRAC_PAT_LIST,01/07/2026,C83061,NORTH THORESBY SURGERY,E01026392,FEMALE,2
GP_PRAC_PAT_LIST,01/07/2026,C83061,NORTH THORESBY SURGERY,E01026415,FEMALE,6
GP_PRAC_PAT_LIST,01/07/2026,C83061,NORTH THORESBY SURGERY,E01026416,FEMALE,3
GP_PRAC_PAT_LIST,01/07/2026,C83061,NORTH THORESBY SURGERY,E01032987,FEMALE,1
GP_PRAC_PAT_LIST,01/07/2026,C83061,NORTH THORESBY SURGERY,E01033177,FEMALE,1
GP_PRAC_PAT_LIST,01/07/2026,C83061,NORTH THORESBY SURGERY,E01035475,FEMALE,1
GP_PRAC_PAT_LIST,01/07/2026,C83061,NORTH THORESBY SURGERY,E01035476,FEMALE,23
GP_PRAC_PAT_LIST,01/07/2026,C83061,NORTH THORESBY SURGERY,E01035478,FEMALE,1
GP_PRAC_PAT_LIST,01/07/2026,C83061,NORTH THORESBY SURGERY,E01035479,FEMALE,34
GP_PRAC_PAT_LIST,01/07/2026,C83061,NORTH THORESBY SURGERY,E01035480,FEMALE,78
GP_PRAC_PAT_LIST,01/07/2026,C83061,NORTH THORESBY SURGERY,EMPTY,FEMALE,4
GP_PRAC_PAT_LIST,01/07/2026,C83062,CHURCH WALK SURGERY,CLOSED,FEMALE,3
GP_PRAC_PAT_LIST,01/07/2026,C83062,CHURCH WALK SURGERY,E01007983,FEMALE,1
GP_PRAC_PAT_LIST,01/07/2026,C83062,CHURCH WALK SURGERY,E01026134,FEMALE,1
GP_PRAC_PAT_LIST,01/07/2026,C83062,CHURCH WALK SURGERY,E01026154,FEMALE,1
GP_PRAC_PAT_LIST,01/07/2026,C83062,CHURCH WALK SURGERY,E01026170,FEMALE,1
GP_PRAC_PAT_LIST,01/07/2026,C83062,CHURCH WALK SURGERY,E01026179,FEMALE,241
GP_PRAC_PAT_LIST,01/07/2026,C83062,CHURCH WALK SURGERY,E01026180,FEMALE,164
GP_PRAC_PAT_LIST,01/07/2026,C83062,CHURCH WALK SURGERY,E01026183,FEMALE,6
GP_PRAC_PAT_LIST,01/07/2026,C83062,CHURCH WALK SURGERY,E01026184,FEMALE,6
GP_PRAC_PAT_LIST,01/07/2026,C83062,CHURCH WALK SURGERY,E01026189,FEMALE,2
GP_PRAC_PAT_LIST,01/07/2026,C83062,CHURCH WALK SURGERY,E01026191,FEMALE,32
GP_PRAC_PAT_LIST,01/07/2026,C83062,CHURCH WALK SURGERY,E01026194,FEMALE,12
GP_PRAC_PAT_LIST,01/07/2026,C83062,CHURCH WALK SURGERY,E01026195,FEMALE,3
GP_PRAC_PAT_LIST,01/07/2026,C83062,CHURCH WALK SURGERY,E01026197,FEMALE,13
GP_PRAC_PAT_LIST,01/07/2026,C83062,CHURCH WALK SURGERY,E01026198,FEMALE,1
GP_PRAC_PAT_LIST,01/07/2026,C83062,CHURCH WALK SURGERY,E01026205,FEMALE,1
GP_PRAC_PAT_LIST,01/07/2026,C83062,CHURCH WALK SURGERY,E01026207,FEMALE,2
GP_PRAC_PAT_LIST,01/07/2026,C83062,CHURCH WALK SURGERY,E01026210,FEMALE,210
GP_PRAC_PAT_LIST,01/07/2026,C83062,CHURCH WALK SURGERY,E01026211,FEMALE,748
GP_PRAC_PAT_LIST,01/07/2026,C83062,CHURCH WALK SURGERY,E01026212,FEMALE,786
GP_PRAC_PAT_LIST,01/07/2026,C83062,CHURCH WALK SURGERY,E01026213,FEMALE,844
GP_PRAC_PAT_LIST,01/07/2026,C83062,CHURCH WALK SURGERY,E01026222,FEMALE,1
GP_PRAC_PAT_LIST,01/07/2026,C83062,CHURCH WALK SURGERY,E01026223,FEMALE,1
GP_PRAC_PAT_LIST,01/07/2026,C83062,CHURCH WALK SURGERY,E01026224,FEMALE,1
GP_PRAC_PAT_LIST,01/07/2026,C83062,CHURCH WALK SURGERY,E01026329,FEMALE,1
GP_PRAC_PAT_LIST,01/07/2026,C83062,CHURCH WALK SURGERY,E01026333,FEMALE,1
GP_PRAC_PAT_LIST,01/07/2026,C83062,CHURCH WALK SURGERY,E01026392,FEMALE,1
GP_PRAC_PAT_LIST,01/07/2026,C83062,CHURCH WALK SURGERY,E01032994,FEMALE,1
GP_PRAC_PAT_LIST,01/07/2026,C83062,CHURCH WALK SURGERY,EMPTY,FEMALE,6
GP_PRAC_PAT_LIST,01/07/2026,C83063,LONG SUTTON MEDICAL CTR.,CLOSED,FEMALE,5
GP_PRAC_PAT_LIST,01/07/2026,C83063,LONG SUTTON MEDICAL CTR.,E01008186,FEMALE,1
GP_PRAC_PAT_LIST,01/07/2026,C83063,LONG SUTTON MEDICAL CTR.,E01015465,FEMALE,1
GP_PRAC_PAT_LIST,01/07/2026,C83063,LONG SUTTON MEDICAL CTR.,E01018073,FEMALE,1
GP_PRAC_PAT_LIST,01/07/2026,C83063,LONG SUTTON MEDICAL CTR.,E01018097,FEMALE,341
GP_PRAC_PAT_LIST,01/07/2026,C83063,LONG SUTTON MEDICAL CTR.,E01018107,FEMALE,1
GP_PRAC_PAT_LIST,01/07/2026,C83063,LONG SUTTON MEDICAL CTR.,E01018109,FEMALE,1
GP_PRAC_PAT_LIST,01/07/2026,C83063,LONG SUTTON MEDICAL CTR.,E01018198,FEMALE,1
GP_PRAC_PAT_LIST,01/07/2026,C83063,LONG SUTTON MEDICAL CTR.,E01020606,FEMALE,1
GP_PRAC_PAT_LIST,01/07/2026,C83063,LONG SUTTON MEDICAL CTR.,E01026239,FEMALE,1
GP_PRAC_PAT_LIST,01/07/2026,C83063,LONG SUTTON MEDICAL CTR.,E01026243,FEMALE,1
GP_PRAC_PAT_LIST,01/07/2026,C83063,LONG SUTTON MEDICAL CTR.,E01026245,FEMALE,206
GP_PRAC_PAT_LIST,01/07/2026,C83063,LONG SUTTON MEDICAL CTR.,E01026246,FEMALE,835
GP_PRAC_PAT_LIST,01/07/2026,C83063,LONG SUTTON MEDICAL CTR.,E01026248,FEMALE,5
GP_PRAC_PAT_LIST,01/07/2026,C83063,LONG SUTTON MEDICAL CTR.,E01026249,FEMALE,2
GP_PRAC_PAT_LIST,01/07/2026,C83063,LONG SUTTON MEDICAL CTR.,E01026250,FEMALE,3
GP_PRAC_PAT_LIST,01/07/2026,C83063,LONG SUTTON MEDICAL CTR.,E01026251,FEMALE,2
GP_PRAC_PAT_LIST,01/07/2026,C83063,LONG SUTTON MEDICAL CTR.,E01026252,FEMALE,1
GP_PRAC_PAT_LIST,01/07/2026,C83063,LONG SUTTON MEDICAL CTR.,E01026254,FEMALE,810
GP_PRAC_PAT_LIST,01/07/2026,C83063,LONG SUTTON MEDICAL CTR.,E01026255,FEMALE,1020
GP_PRAC_PAT_LIST,01/07/2026,C83063,LONG SUTTON MEDICAL CTR.,E01026256,FEMALE,834
GP_PRAC_PAT_LIST,01/07/2026,C83063,LONG SUTTON MEDICAL CTR.,E01026257,FEMALE,1133
GP_PRAC_PAT_LIST,01/07/2026,C83063,LONG SUTTON MEDICAL CTR.,E01026266,FEMALE,1
GP_PRAC_PAT_LIST,01/07/2026,C83063,LONG SUTTON MEDICAL CTR.,E01026271,FEMALE,1
GP_PRAC_PAT_LIST,01/07/2026,C83063,LONG SUTTON MEDICAL CTR.,E01026277,FEMALE,887
GP_PRAC_PAT_LIST,01/07/2026,C83063,LONG SUTTON MEDICAL CTR.,E01026278,FEMALE,623
GP_PRAC_PAT_LIST,01/07/2026,C83063,LONG SUTTON MEDICAL CTR.,E01026279,FEMALE,666
GP_PRAC_PAT_LIST,01/07/2026,C83063,LONG SUTTON MEDICAL CTR.,E01026280,FEMALE,457
GP_PRAC_PAT_LIST,01/07/2026,C83063,LONG SUTTON MEDICAL CTR.,E01026281,FEMALE,1
GP_PRAC_PAT_LIST,01/07/2026,C83063,LONG SUTTON MEDICAL CTR.,E01026283,FEMALE,1
GP_PRAC_PAT_LIST,01/07/2026,C83063,LONG SUTTON MEDICAL CTR.,E01026284,FEMALE,2
GP_PRAC_PAT_LIST,01/07/2026,C83063,LONG SUTTON MEDICAL CTR.,E01026647,FEMALE,1
GP_PRAC_PAT_LIST,01/07/2026,C83063,LONG SUTTON MEDICAL CTR.,E01026711,FEMALE,3
GP_PRAC_PAT_LIST,01/07/2026,C83063,LONG SUTTON MEDICAL CTR.,E01026712,FEMALE,1
GP_PRAC_PAT_LIST,01/07/2026,C83063,LONG SUTTON MEDICAL CTR.,E01026719,FEMALE,126
GP_PRAC_PAT_LIST,01/07/2026,C83063,LONG SUTTON MEDICAL CTR.,E01032963,FEMALE,1
GP_PRAC_PAT_LIST,01/07/2026,C83063,LONG SUTTON MEDICAL CTR.,E01032995,FEMALE,1
GP_PRAC_PAT_LIST,01/07/2026,C83063,LONG SUTTON MEDICAL CTR.,E01034699,FEMALE,1
GP_PRAC_PAT_LIST,01/07/2026,C83063,LONG SUTTON MEDICAL CTR.,E01034768,FEMALE,1
GP_PRAC_PAT_LIST,01/07/2026,C83063,LONG SUTTON MEDICAL CTR.,E01035134,FEMALE,1
GP_PRAC_PAT_LIST,01/07/2026,C83063,LONG SUTTON MEDICAL CTR.,EMPTY,FEMALE,2
GP_PRAC_PAT_LIST,01/07/2026,C83064,MARISCO MEDICAL PRACTICE,E01007547,FEMALE,1
GP_PRAC_PAT_LIST,01/07/2026,C83064,MARISCO MEDICAL PRACTICE,E01007857,FEMALE,1
GP_PRAC_PAT_LIST,01/07/2026,C83064,MARISCO MEDICAL PRACTICE,E01013161,FEMALE,1
GP_PRAC_PAT_LIST,01/07/2026,C83064,MARISCO MEDICAL PRACTICE,E01019700,FEMALE,1
GP_PRAC_PAT_LIST,01/07/2026,C83064,MARISCO MEDICAL PRACTICE,E01026042,FEMALE,52
GP_PRAC_PAT_LIST,01/07/2026,C83064,MARISCO MEDICAL PRACTICE,E01026043,FEMALE,50
GP_PRAC_PAT_LIST,01/07/2026,C83064,MARISCO MEDICAL PRACTICE,E01026044,FEMALE,147
GP_PRAC_PAT_LIST,01/07/2026,C83064,MARISCO MEDICAL PRACTICE,E01026045,FEMALE,1
GP_PRAC_PAT_LIST,01/07/2026,C83064,MARISCO MEDICAL PRACTICE,E01026047,FEMALE,1
GP_PRAC_PAT_LIST,01/07/2026,C83064,MARISCO MEDICAL PRACTICE,E01026048,FEMALE,25
GP_PRAC_PAT_LIST,01/07/2026,C83064,MARISCO MEDICAL PRACTICE,E01026049,FEMALE,71
GP_PRAC_PAT_LIST,01/07/2026,C83064,MARISCO MEDICAL PRACTICE,E01026050,FEMALE,29
GP_PRAC_PAT_LIST,01/07/2026,C83064,MARISCO MEDICAL PRACTICE,E01026055,FEMALE,1
GP_PRAC_PAT_LIST,01/07/2026,C83064,MARISCO MEDICAL PRACTICE,E01026056,FEMALE,1
GP_PRAC_PAT_LIST,01/07/2026,C83064,MARISCO MEDICAL PRACTICE,E01026058,FEMALE,9
GP_PRAC_PAT_LIST,01/07/2026,C83064,MARISCO MEDICAL PRACTICE,E01026059,FEMALE,1
GP_PRAC_PAT_LIST,01/07/2026,C83064,MARISCO MEDICAL PRACTICE,E01026060,FEMALE,1
GP_PRAC_PAT_LIST,01/07/2026,C83064,MARISCO MEDICAL PRACTICE,E01026068,FEMALE,7
GP_PRAC_PAT_LIST,01/07/2026,C83064,MARISCO MEDICAL PRACTICE,E01026069,FEMALE,10
GP_PRAC_PAT_LIST,01/07/2026,C83064,MARISCO MEDICAL PRACTICE,E01026070,FEMALE,7
GP_PRAC_PAT_LIST,01/07/2026,C83064,MARISCO MEDICAL PRACTICE,E01026072,FEMALE,1210
GP_PRAC_PAT_LIST,01/07/2026,C83064,MARISCO MEDICAL PRACTICE,E01026073,FEMALE,973
GP_PRAC_PAT_LIST,01/07/2026,C83064,MARISCO MEDICAL PRACTICE,E01026074,FEMALE,1091
GP_PRAC_PAT_LIST,01/07/2026,C83064,MARISCO MEDICAL PRACTICE,E01026076,FEMALE,1
GP_PRAC_PAT_LIST,01/07/2026,C83064,MARISCO MEDICAL PRACTICE,E01026077,FEMALE,9
GP_PRAC_PAT_LIST,01/07/2026,C83064,MARISCO MEDICAL PRACTICE,E01026078,FEMALE,3
GP_PRAC_PAT_LIST,01/07/2026,C83064,MARISCO MEDICAL PRACTICE,E01026079,FEMALE,4
GP_PRAC_PAT_LIST,01/07/2026,C83064,MARISCO MEDICAL PRACTICE,E01026081,FEMALE,2
GP_PRAC_PAT_LIST,01/07/2026,C83064,MARISCO MEDICAL PRACTICE,E01026083,FEMALE,7
GP_PRAC_PAT_LIST,01/07/2026,C83064,MARISCO MEDICAL PRACTICE,E01026084,FEMALE,1
GP_PRAC_PAT_LIST,01/07/2026,C83064,MARISCO MEDICAL PRACTICE,E01026087,FEMALE,2
GP_PRAC_PAT_LIST,01/07/2026,C83064,MARISCO MEDICAL PRACTICE,E01026088,FEMALE,1
GP_PRAC_PAT_LIST,01/07/2026,C83064,MARISCO MEDICAL PRACTICE,E01026089,FEMALE,4
GP_PRAC_PAT_LIST,01/07/2026,C83064,MARISCO MEDICAL PRACTICE,E01026090,FEMALE,1
GP_PRAC_PAT_LIST,01/07/2026,C83064,MARISCO MEDICAL PRACTICE,E01026091,FEMALE,4
GP_PRAC_PAT_LIST,01/07/2026,C83064,MARISCO MEDICAL PRACTICE,E01026092,FEMALE,1
GP_PRAC_PAT_LIST,01/07/2026,C83064,MARISCO MEDICAL PRACTICE,E01026093,FEMALE,1
GP_PRAC_PAT_LIST,01/07/2026,C83064,MARISCO MEDICAL PRACTICE,E01026094,FEMALE,3
GP_PRAC_PAT_LIST,01/07/2026,C83064,MARISCO MEDICAL PRACTICE,E01026097,FEMALE,1
GP_PRAC_PAT_LIST,01/07/2026,C83064,MARISCO MEDICAL PRACTICE,E01026099,FEMALE,255
GP_PRAC_PAT_LIST,01/07/2026,C83064,MARISCO MEDICAL PRACTICE,E01026100,FEMALE,2
GP_PRAC_PAT_LIST,01/07/2026,C83064,MARISCO MEDICAL PRACTICE,E01026101,FEMALE,1
GP_PRAC_PAT_LIST,01/07/2026,C83064,MARISCO MEDICAL PRACTICE,E01026103,FEMALE,944
GP_PRAC_PAT_LIST,01/07/2026,C83064,MARISCO MEDICAL PRACTICE,E01026104,FEMALE,1117
GP_PRAC_PAT_LIST,01/07/2026,C83064,MARISCO MEDICAL PRACTICE,E01026108,FEMALE,4
GP_PRAC_PAT_LIST,01/07/2026,C83064,MARISCO MEDICAL PRACTICE,E01026109,FEMALE,982
GP_PRAC_PAT_LIST,01/07/2026,C83064,MARISCO MEDICAL PRACTICE,E01026110,FEMALE,1
GP_PRAC_PAT_LIST,01/07/2026,C83064,MARISCO MEDICAL PRACTICE,E01026111,FEMALE,1
GP_PRAC_PAT_LIST,01/07/2026,C83064,MARISCO MEDICAL PRACTICE,E01026113,FEMALE,28
GP_PRAC_PAT_LIST,01/07/2026,C83064,MARISCO MEDICAL PRACTICE,E01026114,FEMALE,2
GP_PRAC_PAT_LIST,01/07/2026,C83064,MARISCO MEDICAL PRACTICE,E01026115,FEMALE,11
GP_PRAC_PAT_LIST,01/07/2026,C83064,MARISCO MEDICAL PRACTICE,E01026116,FEMALE,1
GP_PRAC_PAT_LIST,01/07/2026,C83064,MARISCO MEDICAL PRACTICE,E01026117,FEMALE,146
GP_PRAC_PAT_LIST,01/07/2026,C83064,MARISCO MEDICAL PRACTICE,E01026319,FEMALE,1
GP_PRAC_PAT_LIST,01/07/2026,C83064,MARISCO MEDICAL PRACTICE,E01026376,FEMALE,1
GP_PRAC_PAT_LIST,01/07/2026,C83064,MARISCO MEDICAL PRACTICE,E01026823,FEMALE,1
GP_PRAC_PAT_LIST,01/07/2026,C83064,MARISCO MEDICAL PRACTICE,E01034686,FEMALE,1
GP_PRAC_PAT_LIST,01/07/2026,C83064,MARISCO MEDICAL PRACTICE,EMPTY,FEMALE,3
GP_PRAC_PAT_LIST,01/07/2026,C83065,LITTLEBURY MEDICAL CENTRE,CLOSED,FEMALE,2
GP_PRAC_PAT_LIST,01/07/2026,C83065,LITTLEBURY MEDICAL CENTRE,E01002338,FEMALE,1
GP_PRAC_PAT_LIST,01/07/2026,C83065,LITTLEBURY MEDICAL CENTRE,E01013791,FEMALE,1
GP_PRAC_PAT_LIST,01/07/2026,C83065,LITTLEBURY MEDICAL CENTRE,E01015618,FEMALE,1
GP_PRAC_PAT_LIST,01/07/2026,C83065,LITTLEBURY MEDICAL CENTRE,E01015633,FEMALE,1
GP_PRAC_PAT_LIST,01/07/2026,C83065,LITTLEBURY MEDICAL CENTRE,E01015687,FEMALE,1
GP_PRAC_PAT_LIST,01/07/2026,C83065,LITTLEBURY MEDICAL CENTRE,E01017128,FEMALE,1
GP_PRAC_PAT_LIST,01/07/2026,C83065,LITTLEBURY MEDICAL CENTRE,E01018090,FEMALE,1
GP_PRAC_PAT_LIST,01/07/2026,C83065,LITTLEBURY MEDICAL CENTRE,E01018093,FEMALE,1
GP_PRAC_PAT_LIST,01/07/2026,C83065,LITTLEBURY MEDICAL CENTRE,E01018097,FEMALE,5
GP_PRAC_PAT_LIST,01/07/2026,C83065,LITTLEBURY MEDICAL CENTRE,E01026016,FEMALE,1
GP_PRAC_PAT_LIST,01/07/2026,C83065,LITTLEBURY MEDICAL CENTRE,E01026017,FEMALE,17
GP_PRAC_PAT_LIST,01/07/2026,C83065,LITTLEBURY MEDICAL CENTRE,E01026019,FEMALE,1
GP_PRAC_PAT_LIST,01/07/2026,C83065,LITTLEBURY MEDICAL CENTRE,E01026020,FEMALE,4
GP_PRAC_PAT_LIST,01/07/2026,C83065,LITTLEBURY MEDICAL CENTRE,E01026021,FEMALE,2
GP_PRAC_PAT_LIST,01/07/2026,C83065,LITTLEBURY MEDICAL CENTRE,E01026025,FEMALE,1
GP_PRAC_PAT_LIST,01/07/2026,C83065,LITTLEBURY MEDICAL CENTRE,E01026033,FEMALE,2
GP_PRAC_PAT_LIST,01/07/2026,C83065,LITTLEBURY MEDICAL CENTRE,E01026041,FEMALE,2
GP_PRAC_PAT_LIST,01/07/2026,C83065,LITTLEBURY MEDICAL CENTRE,E01026065,FEMALE,1
GP_PRAC_PAT_LIST,01/07/2026,C83065,LITTLEBURY MEDICAL CENTRE,E01026175,FEMALE,1
GP_PRAC_PAT_LIST,01/07/2026,C83065,LITTLEBURY MEDICAL CENTRE,E01026201,FEMALE,1
GP_PRAC_PAT_LIST,01/07/2026,C83065,LITTLEBURY MEDICAL CENTRE,E01026228,FEMALE,1
GP_PRAC_PAT_LIST,01/07/2026,C83065,LITTLEBURY MEDICAL CENTRE,E01026229,FEMALE,1
GP_PRAC_PAT_LIST,01/07/2026,C83065,LITTLEBURY MEDICAL CENTRE,E01026230,FEMALE,1
GP_PRAC_PAT_LIST,01/07/2026,C83065,LITTLEBURY MEDICAL CENTRE,E01026231,FEMALE,2
GP_PRAC_PAT_LIST,01/07/2026,C83065,LITTLEBURY MEDICAL CENTRE,E01026232,FEMALE,2
GP_PRAC_PAT_LIST,01/07/2026,C83065,LITTLEBURY MEDICAL CENTRE,E01026233,FEMALE,2
GP_PRAC_PAT_LIST,01/07/2026,C83065,LITTLEBURY MEDICAL CENTRE,E01026235,FEMALE,1
GP_PRAC_PAT_LIST,01/07/2026,C83065,LITTLEBURY MEDICAL CENTRE,E01026239,FEMALE,10
GP_PRAC_PAT_LIST,01/07/2026,C83065,LITTLEBURY MEDICAL CENTRE,E01026240,FEMALE,9
GP_PRAC_PAT_LIST,01/07/2026,C83065,LITTLEBURY MEDICAL CENTRE,E01026241,FEMALE,2
GP_PRAC_PAT_LIST,01/07/2026,C83065,LITTLEBURY MEDICAL CENTRE,E01026242,FEMALE,2
GP_PRAC_PAT_LIST,01/07/2026,C83065,LITTLEBURY MEDICAL CENTRE,E01026243,FEMALE,1
GP_PRAC_PAT_LIST,01/07/2026,C83065,LITTLEBURY MEDICAL CENTRE,E01026244,FEMALE,5
GP_PRAC_PAT_LIST,01/07/2026,C83065,LITTLEBURY MEDICAL CENTRE,E01026245,FEMALE,660
GP_PRAC_PAT_LIST,01/07/2026,C83065,LITTLEBURY MEDICAL CENTRE,E01026246,FEMALE,139
GP_PRAC_PAT_LIST,01/07/2026,C83065,LITTLEBURY MEDICAL CENTRE,E01026247,FEMALE,3
GP_PRAC_PAT_LIST,01/07/2026,C83065,LITTLEBURY MEDICAL CENTRE,E01026248,FEMALE,605
GP_PRAC_PAT_LIST,01/07/2026,C83065,LITTLEBURY MEDICAL CENTRE,E01026249,FEMALE,330
GP_PRAC_PAT_LIST,01/07/2026,C83065,LITTLEBURY MEDICAL CENTRE,E01026250,FEMALE,624
GP_PRAC_PAT_LIST,01/07/2026,C83065,LITTLEBURY MEDICAL CENTRE,E01026251,FEMALE,609
GP_PRAC_PAT_LIST,01/07/2026,C83065,LITTLEBURY MEDICAL CENTRE,E01026252,FEMALE,474
GP_PRAC_PAT_LIST,01/07/2026,C83065,LITTLEBURY MEDICAL CENTRE,E01026253,FEMALE,572
GP_PRAC_PAT_LIST,01/07/2026,C83065,LITTLEBURY MEDICAL CENTRE,E01026254,FEMALE,25
GP_PRAC_PAT_LIST,01/07/2026,C83065,LITTLEBURY MEDICAL CENTRE,E01026255,FEMALE,28
GP_PRAC_PAT_LIST,01/07/2026,C83065,LITTLEBURY MEDICAL CENTRE,E01026256,FEMALE,27
GP_PRAC_PAT_LIST,01/07/2026,C83065,LITTLEBURY MEDICAL CENTRE,E01026257,FEMALE,43
GP_PRAC_PAT_LIST,01/07/2026,C83065,LITTLEBURY MEDICAL CENTRE,E01026258,FEMALE,2
GP_PRAC_PAT_LIST,01/07/2026,C83065,LITTLEBURY MEDICAL CENTRE,E01026259,FEMALE,2
GP_PRAC_PAT_LIST,01/07/2026,C83065,LITTLEBURY MEDICAL CENTRE,E01026260,FEMALE,5
GP_PRAC_PAT_LIST,01/07/2026,C83065,LITTLEBURY MEDICAL CENTRE,E01026263,FEMALE,10
GP_PRAC_PAT_LIST,01/07/2026,C83065,LITTLEBURY MEDICAL CENTRE,E01026264,FEMALE,1
GP_PRAC_PAT_LIST,01/07/2026,C83065,LITTLEBURY MEDICAL CENTRE,E01026265,FEMALE,7
GP_PRAC_PAT_LIST,01/07/2026,C83065,LITTLEBURY MEDICAL CENTRE,E01026266,FEMALE,4
GP_PRAC_PAT_LIST,01/07/2026,C83065,LITTLEBURY MEDICAL CENTRE,E01026268,FEMALE,3
GP_PRAC_PAT_LIST,01/07/2026,C83065,LITTLEBURY MEDICAL CENTRE,E01026269,FEMALE,3
GP_PRAC_PAT_LIST,01/07/2026,C83065,LITTLEBURY MEDICAL CENTRE,E01026270,FEMALE,3
GP_PRAC_PAT_LIST,01/07/2026,C83065,LITTLEBURY MEDICAL CENTRE,E01026271,FEMALE,6
GP_PRAC_PAT_LIST,01/07/2026,C83065,LITTLEBURY MEDICAL CENTRE,E01026273,FEMALE,2
GP_PRAC_PAT_LIST,01/07/2026,C83065,LITTLEBURY MEDICAL CENTRE,E01026275,FEMALE,2
GP_PRAC_PAT_LIST,01/07/2026,C83065,LITTLEBURY MEDICAL CENTRE,E01026276,FEMALE,1
GP_PRAC_PAT_LIST,01/07/2026,C83065,LITTLEBURY MEDICAL CENTRE,E01026277,FEMALE,8
GP_PRAC_PAT_LIST,01/07/2026,C83065,LITTLEBURY MEDICAL CENTRE,E01026278,FEMALE,2
GP_PRAC_PAT_LIST,01/07/2026,C83065,LITTLEBURY MEDICAL CENTRE,E01026279,FEMALE,2
GP_PRAC_PAT_LIST,01/07/2026,C83065,LITTLEBURY MEDICAL CENTRE,E01026280,FEMALE,97
GP_PRAC_PAT_LIST,01/07/2026,C83065,LITTLEBURY MEDICAL CENTRE,E01026281,FEMALE,43
GP_PRAC_PAT_LIST,01/07/2026,C83065,LITTLEBURY MEDICAL CENTRE,E01026282,FEMALE,47
GP_PRAC_PAT_LIST,01/07/2026,C83065,LITTLEBURY MEDICAL CENTRE,E01026283,FEMALE,58
GP_PRAC_PAT_LIST,01/07/2026,C83065,LITTLEBURY MEDICAL CENTRE,E01026284,FEMALE,10
GP_PRAC_PAT_LIST,01/07/2026,C83065,LITTLEBURY MEDICAL CENTRE,E01026285,FEMALE,169
GP_PRAC_PAT_LIST,01/07/2026,C83065,LITTLEBURY MEDICAL CENTRE,E01026286,FEMALE,179
GP_PRAC_PAT_LIST,01/07/2026,C83065,LITTLEBURY MEDICAL CENTRE,E01026304,FEMALE,2
GP_PRAC_PAT_LIST,01/07/2026,C83065,LITTLEBURY MEDICAL CENTRE,E01026346,FEMALE,2
GP_PRAC_PAT_LIST,01/07/2026,C83065,LITTLEBURY MEDICAL CENTRE,E01026720,FEMALE,1
GP_PRAC_PAT_LIST,01/07/2026,C83065,LITTLEBURY MEDICAL CENTRE,E01032995,FEMALE,1
GP_PRAC_PAT_LIST,01/07/2026,C83065,LITTLEBURY MEDICAL CENTRE,E01032996,FEMALE,4
GP_PRAC_PAT_LIST,01/07/2026,C83065,LITTLEBURY MEDICAL CENTRE,E01033179,FEMALE,1
GP_PRAC_PAT_LIST,01/07/2026,C83065,LITTLEBURY MEDICAL CENTRE,E01033519,FEMALE,1
GP_PRAC_PAT_LIST,01/07/2026,C83065,LITTLEBURY MEDICAL CENTRE,E01034679,FEMALE,1
GP_PRAC_PAT_LIST,01/07/2026,C83065,LITTLEBURY MEDICAL CENTRE,E01034697,FEMALE,2
GP_PRAC_PAT_LIST,01/07/2026,C83065,LITTLEBURY MEDICAL CENTRE,E01034698,FEMALE,5
GP_PRAC_PAT_LIST,01/07/2026,C83065,LITTLEBURY MEDICAL CENTRE,E01034699,FEMALE,3
GP_PRAC_PAT_LIST,01/07/2026,C83065,LITTLEBURY MEDICAL CENTRE,E01034700,FEMALE,1
GP_PRAC_PAT_LIST,01/07/2026,C83065,LITTLEBURY MEDICAL CENTRE,E01034768,FEMALE,1
GP_PRAC_PAT_LIST,01/07/2026,C83065,LITTLEBURY MEDICAL CENTRE,E01035538,FEMALE,1
GP_PRAC_PAT_LIST,01/07/2026,C83065,LITTLEBURY MEDICAL CENTRE,EMPTY,FEMALE,5
GP_PRAC_PAT_LIST,01/07/2026,C83067,LONG BENNINGTON MEDICAL CENTRE,E01001948,FEMALE,1
GP_PRAC_PAT_LIST,01/07/2026,C83067,LONG BENNINGTON MEDICAL CENTRE,E01014022,FEMALE,1
GP_PRAC_PAT_LIST,01/07/2026,C83067,LONG BENNINGTON MEDICAL CENTRE,E01015661,FEMALE,1
GP_PRAC_PAT_LIST,01/07/2026,C83067,LONG BENNINGTON MEDICAL CENTRE,E01025885,FEMALE,327
GP_PRAC_PAT_LIST,01/07/2026,C83067,LONG BENNINGTON MEDICAL CENTRE,E01025886,FEMALE,172
GP_PRAC_PAT_LIST,01/07/2026,C83067,LONG BENNINGTON MEDICAL CENTRE,E01026221,FEMALE,1
GP_PRAC_PAT_LIST,01/07/2026,C83067,LONG BENNINGTON MEDICAL CENTRE,E01026291,FEMALE,4
GP_PRAC_PAT_LIST,01/07/2026,C83067,LONG BENNINGTON MEDICAL CENTRE,E01026313,FEMALE,3
GP_PRAC_PAT_LIST,01/07/2026,C83067,LONG BENNINGTON MEDICAL CENTRE,E01026315,FEMALE,1
GP_PRAC_PAT_LIST,01/07/2026,C83067,LONG BENNINGTON MEDICAL CENTRE,E01026329,FEMALE,1
GP_PRAC_PAT_LIST,01/07/2026,C83067,LONG BENNINGTON MEDICAL CENTRE,E01026332,FEMALE,1
GP_PRAC_PAT_LIST,01/07/2026,C83067,LONG BENNINGTON MEDICAL CENTRE,E01026333,FEMALE,525
GP_PRAC_PAT_LIST,01/07/2026,C83067,LONG BENNINGTON MEDICAL CENTRE,E01026340,FEMALE,6
GP_PRAC_PAT_LIST,01/07/2026,C83067,LONG BENNINGTON MEDICAL CENTRE,E01026345,FEMALE,1
GP_PRAC_PAT_LIST,01/07/2026,C83067,LONG BENNINGTON MEDICAL CENTRE,E01026355,FEMALE,1391
GP_PRAC_PAT_LIST,01/07/2026,C83067,LONG BENNINGTON MEDICAL CENTRE,E01026365,FEMALE,1029
GP_PRAC_PAT_LIST,01/07/2026,C83067,LONG BENNINGTON MEDICAL CENTRE,E01028285,FEMALE,1
GP_PRAC_PAT_LIST,01/07/2026,C83067,LONG BENNINGTON MEDICAL CENTRE,E01028325,FEMALE,161
GP_PRAC_PAT_LIST,01/07/2026,C83067,LONG BENNINGTON MEDICAL CENTRE,E01028411,FEMALE,65
GP_PRAC_PAT_LIST,01/07/2026,C83067,LONG BENNINGTON MEDICAL CENTRE,E01033780,FEMALE,4
GP_PRAC_PAT_LIST,01/07/2026,C83072,MINSTER MEDICAL PRACTICE,CLOSED,FEMALE,2
GP_PRAC_PAT_LIST,01/07/2026,C83072,MINSTER MEDICAL PRACTICE,E01004653,FEMALE,1
GP_PRAC_PAT_LIST,01/07/2026,C83072,MINSTER MEDICAL PRACTICE,E01007437,FEMALE,1
GP_PRAC_PAT_LIST,01/07/2026,C83072,MINSTER MEDICAL PRACTICE,E01008132,FEMALE,1
GP_PRAC_PAT_LIST,01/07/2026,C83072,MINSTER MEDICAL PRACTICE,E01013649,FEMALE,1
GP_PRAC_PAT_LIST,01/07/2026,C83072,MINSTER MEDICAL PRACTICE,E01026079,FEMALE,1
GP_PRAC_PAT_LIST,01/07/2026,C83072,MINSTER MEDICAL PRACTICE,E01026120,FEMALE,2
GP_PRAC_PAT_LIST,01/07/2026,C83072,MINSTER MEDICAL PRACTICE,E01026122,FEMALE,76
GP_PRAC_PAT_LIST,01/07/2026,C83072,MINSTER MEDICAL PRACTICE,E01026123,FEMALE,148
GP_PRAC_PAT_LIST,01/07/2026,C83072,MINSTER MEDICAL PRACTICE,E01026124,FEMALE,2
GP_PRAC_PAT_LIST,01/07/2026,C83072,MINSTER MEDICAL PRACTICE,E01026125,FEMALE,91
GP_PRAC_PAT_LIST,01/07/2026,C83072,MINSTER MEDICAL PRACTICE,E01026126,FEMALE,3
GP_PRAC_PAT_LIST,01/07/2026,C83072,MINSTER MEDICAL PRACTICE,E01026129,FEMALE,2
GP_PRAC_PAT_LIST,01/07/2026,C83072,MINSTER MEDICAL PRACTICE,E01026136,FEMALE,1
GP_PRAC_PAT_LIST,01/07/2026,C83072,MINSTER MEDICAL PRACTICE,E01026144,FEMALE,53
GP_PRAC_PAT_LIST,01/07/2026,C83072,MINSTER MEDICAL PRACTICE,E01026145,FEMALE,77
GP_PRAC_PAT_LIST,01/07/2026,C83072,MINSTER MEDICAL PRACTICE,E01026146,FEMALE,11
GP_PRAC_PAT_LIST,01/07/2026,C83072,MINSTER MEDICAL PRACTICE,E01026147,FEMALE,249
GP_PRAC_PAT_LIST,01/07/2026,C83072,MINSTER MEDICAL PRACTICE,E01026148,FEMALE,129
GP_PRAC_PAT_LIST,01/07/2026,C83072,MINSTER MEDICAL PRACTICE,E01026149,FEMALE,216
GP_PRAC_PAT_LIST,01/07/2026,C83072,MINSTER MEDICAL PRACTICE,E01026150,FEMALE,218
GP_PRAC_PAT_LIST,01/07/2026,C83072,MINSTER MEDICAL PRACTICE,E01026151,FEMALE,261
GP_PRAC_PAT_LIST,01/07/2026,C83072,MINSTER MEDICAL PRACTICE,E01026152,FEMALE,234
GP_PRAC_PAT_LIST,01/07/2026,C83072,MINSTER MEDICAL PRACTICE,E01026153,FEMALE,207
GP_PRAC_PAT_LIST,01/07/2026,C83072,MINSTER MEDICAL PRACTICE,E01026154,FEMALE,210
GP_PRAC_PAT_LIST,01/07/2026,C83072,MINSTER MEDICAL PRACTICE,E01026155,FEMALE,144
GP_PRAC_PAT_LIST,01/07/2026,C83072,MINSTER MEDICAL PRACTICE,E01026156,FEMALE,229
GP_PRAC_PAT_LIST,01/07/2026,C83072,MINSTER MEDICAL PRACTICE,E01026157,FEMALE,241
GP_PRAC_PAT_LIST,01/07/2026,C83072,MINSTER MEDICAL PRACTICE,E01026164,FEMALE,349
GP_PRAC_PAT_LIST,01/07/2026,C83072,MINSTER MEDICAL PRACTICE,E01026165,FEMALE,341
GP_PRAC_PAT_LIST,01/07/2026,C83072,MINSTER MEDICAL PRACTICE,E01026166,FEMALE,248
GP_PRAC_PAT_LIST,01/07/2026,C83072,MINSTER MEDICAL PRACTICE,E01026167,FEMALE,313
GP_PRAC_PAT_LIST,01/07/2026,C83072,MINSTER MEDICAL PRACTICE,E01026168,FEMALE,245
GP_PRAC_PAT_LIST,01/07/2026,C83072,MINSTER MEDICAL PRACTICE,E01026186,FEMALE,1
GP_PRAC_PAT_LIST,01/07/2026,C83072,MINSTER MEDICAL PRACTICE,E01026190,FEMALE,2
GP_PRAC_PAT_LIST,01/07/2026,C83072,MINSTER MEDICAL PRACTICE,E01026199,FEMALE,1
GP_PRAC_PAT_LIST,01/07/2026,C83072,MINSTER MEDICAL PRACTICE,E01026236,FEMALE,1
GP_PRAC_PAT_LIST,01/07/2026,C83072,MINSTER MEDICAL PRACTICE,E01026237,FEMALE,1
GP_PRAC_PAT_LIST,01/07/2026,C83072,MINSTER MEDICAL PRACTICE,E01026281,FEMALE,1
GP_PRAC_PAT_LIST,01/07/2026,C83072,MINSTER MEDICAL PRACTICE,E01026353,FEMALE,1
GP_PRAC_PAT_LIST,01/07/2026,C83072,MINSTER MEDICAL PRACTICE,E01026370,FEMALE,11
GP_PRAC_PAT_LIST,01/07/2026,C83072,MINSTER MEDICAL PRACTICE,E01026371,FEMALE,3
GP_PRAC_PAT_LIST,01/07/2026,C83072,MINSTER MEDICAL PRACTICE,E01026372,FEMALE,3
GP_PRAC_PAT_LIST,01/07/2026,C83072,MINSTER MEDICAL PRACTICE,E01026393,FEMALE,37
GP_PRAC_PAT_LIST,01/07/2026,C83072,MINSTER MEDICAL PRACTICE,E01026394,FEMALE,251
GP_PRAC_PAT_LIST,01/07/2026,C83072,MINSTER MEDICAL PRACTICE,E01026395,FEMALE,57
GP_PRAC_PAT_LIST,01/07/2026,C83072,MINSTER MEDICAL PRACTICE,E01026400,FEMALE,1
GP_PRAC_PAT_LIST,01/07/2026,C83072,MINSTER MEDICAL PRACTICE,E01026405,FEMALE,21
GP_PRAC_PAT_LIST,01/07/2026,C83072,MINSTER MEDICAL PRACTICE,E01026406,FEMALE,23
GP_PRAC_PAT_LIST,01/07/2026,C83072,MINSTER MEDICAL PRACTICE,E01026409,FEMALE,2
GP_PRAC_PAT_LIST,01/07/2026,C83072,MINSTER MEDICAL PRACTICE,E01026411,FEMALE,1
GP_PRAC_PAT_LIST,01/07/2026,C83072,MINSTER MEDICAL PRACTICE,E01026412,FEMALE,2
GP_PRAC_PAT_LIST,01/07/2026,C83072,MINSTER MEDICAL PRACTICE,E01026413,FEMALE,5
GP_PRAC_PAT_LIST,01/07/2026,C83072,MINSTER MEDICAL PRACTICE,E01026414,FEMALE,1
GP_PRAC_PAT_LIST,01/07/2026,C83072,MINSTER MEDICAL PRACTICE,E01032991,FEMALE,1
GP_PRAC_PAT_LIST,01/07/2026,C83072,MINSTER MEDICAL PRACTICE,E01034687,FEMALE,31
GP_PRAC_PAT_LIST,01/07/2026,C83072,MINSTER MEDICAL PRACTICE,E01034688,FEMALE,27
GP_PRAC_PAT_LIST,01/07/2026,C83072,MINSTER MEDICAL PRACTICE,E01034706,FEMALE,2
GP_PRAC_PAT_LIST,01/07/2026,C83072,MINSTER MEDICAL PRACTICE,E01034707,FEMALE,46
GP_PRAC_PAT_LIST,01/07/2026,C83072,MINSTER MEDICAL PRACTICE,EMPTY,FEMALE,3
GP_PRAC_PAT_LIST,01/07/2026,C83073,CLIFF HOUSE MEDICAL PRACTICE,CLOSED,FEMALE,4
GP_PRAC_PAT_LIST,01/07/2026,C83073,CLIFF HOUSE MEDICAL PRACTICE,E01000139,FEMALE,1
GP_PRAC_PAT_LIST,01/07/2026,C83073,CLIFF HOUSE MEDICAL PRACTICE,E01007655,FEMALE,1
GP_PRAC_PAT_LIST,01/07/2026,C83073,CLIFF HOUSE MEDICAL PRACTICE,E01007846,FEMALE,1
GP_PRAC_PAT_LIST,01/07/2026,C83073,CLIFF HOUSE MEDICAL PRACTICE,E01008366,FEMALE,1
GP_PRAC_PAT_LIST,01/07/2026,C83073,CLIFF HOUSE MEDICAL PRACTICE,E01013138,FEMALE,1
GP_PRAC_PAT_LIST,01/07/2026,C83073,CLIFF HOUSE MEDICAL PRACTICE,E01013257,FEMALE,1
GP_PRAC_PAT_LIST,01/07/2026,C83073,CLIFF HOUSE MEDICAL PRACTICE,E01013277,FEMALE,1
GP_PRAC_PAT_LIST,01/07/2026,C83073,CLIFF HOUSE MEDICAL PRACTICE,E01015653,FEMALE,1
GP_PRAC_PAT_LIST,01/07/2026,C83073,CLIFF HOUSE MEDICAL PRACTICE,E01015661,FEMALE,1
GP_PRAC_PAT_LIST,01/07/2026,C83073,CLIFF HOUSE MEDICAL PRACTICE,E01017101,FEMALE,1
GP_PRAC_PAT_LIST,01/07/2026,C83073,CLIFF HOUSE MEDICAL PRACTICE,E01018142,FEMALE,1
GP_PRAC_PAT_LIST,01/07/2026,C83073,CLIFF HOUSE MEDICAL PRACTICE,E01019526,FEMALE,1
GP_PRAC_PAT_LIST,01/07/2026,C83073,CLIFF HOUSE MEDICAL PRACTICE,E01022147,FEMALE,1
GP_PRAC_PAT_LIST,01/07/2026,C83073,CLIFF HOUSE MEDICAL PRACTICE,E01023546,FEMALE,1
GP_PRAC_PAT_LIST,01/07/2026,C83073,CLIFF HOUSE MEDICAL PRACTICE,E01026035,FEMALE,1
GP_PRAC_PAT_LIST,01/07/2026,C83073,CLIFF HOUSE MEDICAL PRACTICE,E01026071,FEMALE,1
GP_PRAC_PAT_LIST,01/07/2026,C83073,CLIFF HOUSE MEDICAL PRACTICE,E01026082,FEMALE,1
GP_PRAC_PAT_LIST,01/07/2026,C83073,CLIFF HOUSE MEDICAL PRACTICE,E01026091,FEMALE,1
GP_PRAC_PAT_LIST,01/07/2026,C83073,CLIFF HOUSE MEDICAL PRACTICE,E01026121,FEMALE,2
GP_PRAC_PAT_LIST,01/07/2026,C83073,CLIFF HOUSE MEDICAL PRACTICE,E01026122,FEMALE,48
GP_PRAC_PAT_LIST,01/07/2026,C83073,CLIFF HOUSE MEDICAL PRACTICE,E01026123,FEMALE,53
GP_PRAC_PAT_LIST,01/07/2026,C83073,CLIFF HOUSE MEDICAL PRACTICE,E01026124,FEMALE,22
GP_PRAC_PAT_LIST,01/07/2026,C83073,CLIFF HOUSE MEDICAL PRACTICE,E01026125,FEMALE,37
GP_PRAC_PAT_LIST,01/07/2026,C83073,CLIFF HOUSE MEDICAL PRACTICE,E01026126,FEMALE,18
GP_PRAC_PAT_LIST,01/07/2026,C83073,CLIFF HOUSE MEDICAL PRACTICE,E01026127,FEMALE,2
GP_PRAC_PAT_LIST,01/07/2026,C83073,CLIFF HOUSE MEDICAL PRACTICE,E01026129,FEMALE,5
GP_PRAC_PAT_LIST,01/07/2026,C83073,CLIFF HOUSE MEDICAL PRACTICE,E01026130,FEMALE,11
GP_PRAC_PAT_LIST,01/07/2026,C83073,CLIFF HOUSE MEDICAL PRACTICE,E01026131,FEMALE,4
GP_PRAC_PAT_LIST,01/07/2026,C83073,CLIFF HOUSE MEDICAL PRACTICE,E01026132,FEMALE,17
GP_PRAC_PAT_LIST,01/07/2026,C83073,CLIFF HOUSE MEDICAL PRACTICE,E01026134,FEMALE,18
GP_PRAC_PAT_LIST,01/07/2026,C83073,CLIFF HOUSE MEDICAL PRACTICE,E01026135,FEMALE,10
GP_PRAC_PAT_LIST,01/07/2026,C83073,CLIFF HOUSE MEDICAL PRACTICE,E01026136,FEMALE,5
GP_PRAC_PAT_LIST,01/07/2026,C83073,CLIFF HOUSE MEDICAL PRACTICE,E01026137,FEMALE,4
GP_PRAC_PAT_LIST,01/07/2026,C83073,CLIFF HOUSE MEDICAL PRACTICE,E01026138,FEMALE,8
GP_PRAC_PAT_LIST,01/07/2026,C83073,CLIFF HOUSE MEDICAL PRACTICE,E01026140,FEMALE,8
GP_PRAC_PAT_LIST,01/07/2026,C83073,CLIFF HOUSE MEDICAL PRACTICE,E01026141,FEMALE,3
GP_PRAC_PAT_LIST,01/07/2026,C83073,CLIFF HOUSE MEDICAL PRACTICE,E01026142,FEMALE,5
GP_PRAC_PAT_LIST,01/07/2026,C83073,CLIFF HOUSE MEDICAL PRACTICE,E01026144,FEMALE,252
GP_PRAC_PAT_LIST,01/07/2026,C83073,CLIFF HOUSE MEDICAL PRACTICE,E01026145,FEMALE,254
GP_PRAC_PAT_LIST,01/07/2026,C83073,CLIFF HOUSE MEDICAL PRACTICE,E01026146,FEMALE,65
GP_PRAC_PAT_LIST,01/07/2026,C83073,CLIFF HOUSE MEDICAL PRACTICE,E01026147,FEMALE,584
GP_PRAC_PAT_LIST,01/07/2026,C83073,CLIFF HOUSE MEDICAL PRACTICE,E01026148,FEMALE,500
GP_PRAC_PAT_LIST,01/07/2026,C83073,CLIFF HOUSE MEDICAL PRACTICE,E01026149,FEMALE,247
GP_PRAC_PAT_LIST,01/07/2026,C83073,CLIFF HOUSE MEDICAL PRACTICE,E01026150,FEMALE,140
GP_PRAC_PAT_LIST,01/07/2026,C83073,CLIFF HOUSE MEDICAL PRACTICE,E01026151,FEMALE,434
GP_PRAC_PAT_LIST,01/07/2026,C83073,CLIFF HOUSE MEDICAL PRACTICE,E01026152,FEMALE,30
GP_PRAC_PAT_LIST,01/07/2026,C83073,CLIFF HOUSE MEDICAL PRACTICE,E01026153,FEMALE,26
GP_PRAC_PAT_LIST,01/07/2026,C83073,CLIFF HOUSE MEDICAL PRACTICE,E01026154,FEMALE,20
GP_PRAC_PAT_LIST,01/07/2026,C83073,CLIFF HOUSE MEDICAL PRACTICE,E01026155,FEMALE,16
GP_PRAC_PAT_LIST,01/07/2026,C83073,CLIFF HOUSE MEDICAL PRACTICE,E01026156,FEMALE,39
GP_PRAC_PAT_LIST,01/07/2026,C83073,CLIFF HOUSE MEDICAL PRACTICE,E01026157,FEMALE,21
GP_PRAC_PAT_LIST,01/07/2026,C83073,CLIFF HOUSE MEDICAL PRACTICE,E01026158,FEMALE,4
GP_PRAC_PAT_LIST,01/07/2026,C83073,CLIFF HOUSE MEDICAL PRACTICE,E01026159,FEMALE,4
GP_PRAC_PAT_LIST,01/07/2026,C83073,CLIFF HOUSE MEDICAL PRACTICE,E01026160,FEMALE,3
GP_PRAC_PAT_LIST,01/07/2026,C83073,CLIFF HOUSE MEDICAL PRACTICE,E01026161,FEMALE,7
GP_PRAC_PAT_LIST,01/07/2026,C83073,CLIFF HOUSE MEDICAL PRACTICE,E01026162,FEMALE,1
GP_PRAC_PAT_LIST,01/07/2026,C83073,CLIFF HOUSE MEDICAL PRACTICE,E01026163,FEMALE,1
GP_PRAC_PAT_LIST,01/07/2026,C83073,CLIFF HOUSE MEDICAL PRACTICE,E01026164,FEMALE,125
GP_PRAC_PAT_LIST,01/07/2026,C83073,CLIFF HOUSE MEDICAL PRACTICE,E01026165,FEMALE,45
GP_PRAC_PAT_LIST,01/07/2026,C83073,CLIFF HOUSE MEDICAL PRACTICE,E01026166,FEMALE,63
GP_PRAC_PAT_LIST,01/07/2026,C83073,CLIFF HOUSE MEDICAL PRACTICE,E01026167,FEMALE,196
GP_PRAC_PAT_LIST,01/07/2026,C83073,CLIFF HOUSE MEDICAL PRACTICE,E01026168,FEMALE,49
GP_PRAC_PAT_LIST,01/07/2026,C83073,CLIFF HOUSE MEDICAL PRACTICE,E01026169,FEMALE,8
GP_PRAC_PAT_LIST,01/07/2026,C83073,CLIFF HOUSE MEDICAL PRACTICE,E01026170,FEMALE,1
GP_PRAC_PAT_LIST,01/07/2026,C83073,CLIFF HOUSE MEDICAL PRACTICE,E01026171,FEMALE,2
GP_PRAC_PAT_LIST,01/07/2026,C83073,CLIFF HOUSE MEDICAL PRACTICE,E01026172,FEMALE,9
GP_PRAC_PAT_LIST,01/07/2026,C83073,CLIFF HOUSE MEDICAL PRACTICE,E01026173,FEMALE,6
GP_PRAC_PAT_LIST,01/07/2026,C83073,CLIFF HOUSE MEDICAL PRACTICE,E01026174,FEMALE,23
GP_PRAC_PAT_LIST,01/07/2026,C83073,CLIFF HOUSE MEDICAL PRACTICE,E01026175,FEMALE,19
GP_PRAC_PAT_LIST,01/07/2026,C83073,CLIFF HOUSE MEDICAL PRACTICE,E01026176,FEMALE,15
GP_PRAC_PAT_LIST,01/07/2026,C83073,CLIFF HOUSE MEDICAL PRACTICE,E01026177,FEMALE,20
GP_PRAC_PAT_LIST,01/07/2026,C83073,CLIFF HOUSE MEDICAL PRACTICE,E01026178,FEMALE,9
GP_PRAC_PAT_LIST,01/07/2026,C83073,CLIFF HOUSE MEDICAL PRACTICE,E01026180,FEMALE,1
GP_PRAC_PAT_LIST,01/07/2026,C83073,CLIFF HOUSE MEDICAL PRACTICE,E01026184,FEMALE,3
GP_PRAC_PAT_LIST,01/07/2026,C83073,CLIFF HOUSE MEDICAL PRACTICE,E01026185,FEMALE,3
GP_PRAC_PAT_LIST,01/07/2026,C83073,CLIFF HOUSE MEDICAL PRACTICE,E01026186,FEMALE,9
GP_PRAC_PAT_LIST,01/07/2026,C83073,CLIFF HOUSE MEDICAL PRACTICE,E01026187,FEMALE,4
GP_PRAC_PAT_LIST,01/07/2026,C83073,CLIFF HOUSE MEDICAL PRACTICE,E01026188,FEMALE,4
GP_PRAC_PAT_LIST,01/07/2026,C83073,CLIFF HOUSE MEDICAL PRACTICE,E01026189,FEMALE,6
GP_PRAC_PAT_LIST,01/07/2026,C83073,CLIFF HOUSE MEDICAL PRACTICE,E01026190,FEMALE,3
GP_PRAC_PAT_LIST,01/07/2026,C83073,CLIFF HOUSE MEDICAL PRACTICE,E01026191,FEMALE,1
GP_PRAC_PAT_LIST,01/07/2026,C83073,CLIFF HOUSE MEDICAL PRACTICE,E01026196,FEMALE,4
GP_PRAC_PAT_LIST,01/07/2026,C83073,CLIFF HOUSE MEDICAL PRACTICE,E01026197,FEMALE,1
GP_PRAC_PAT_LIST,01/07/2026,C83073,CLIFF HOUSE MEDICAL PRACTICE,E01026199,FEMALE,4
GP_PRAC_PAT_LIST,01/07/2026,C83073,CLIFF HOUSE MEDICAL PRACTICE,E01026203,FEMALE,3
GP_PRAC_PAT_LIST,01/07/2026,C83073,CLIFF HOUSE MEDICAL PRACTICE,E01026204,FEMALE,2
GP_PRAC_PAT_LIST,01/07/2026,C83073,CLIFF HOUSE MEDICAL PRACTICE,E01026205,FEMALE,3
GP_PRAC_PAT_LIST,01/07/2026,C83073,CLIFF HOUSE MEDICAL PRACTICE,E01026206,FEMALE,1
GP_PRAC_PAT_LIST,01/07/2026,C83073,CLIFF HOUSE MEDICAL PRACTICE,E01026210,FEMALE,1
GP_PRAC_PAT_LIST,01/07/2026,C83073,CLIFF HOUSE MEDICAL PRACTICE,E01026212,FEMALE,2
GP_PRAC_PAT_LIST,01/07/2026,C83073,CLIFF HOUSE MEDICAL PRACTICE,E01026214,FEMALE,7
GP_PRAC_PAT_LIST,01/07/2026,C83073,CLIFF HOUSE MEDICAL PRACTICE,E01026215,FEMALE,1
GP_PRAC_PAT_LIST,01/07/2026,C83073,CLIFF HOUSE MEDICAL PRACTICE,E01026218,FEMALE,2
GP_PRAC_PAT_LIST,01/07/2026,C83073,CLIFF HOUSE MEDICAL PRACTICE,E01026220,FEMALE,1
GP_PRAC_PAT_LIST,01/07/2026,C83073,CLIFF HOUSE MEDICAL PRACTICE,E01026223,FEMALE,1
GP_PRAC_PAT_LIST,01/07/2026,C83073,CLIFF HOUSE MEDICAL PRACTICE,E01026225,FEMALE,13
GP_PRAC_PAT_LIST,01/07/2026,C83073,CLIFF HOUSE MEDICAL PRACTICE,E01026226,FEMALE,2
GP_PRAC_PAT_LIST,01/07/2026,C83073,CLIFF HOUSE MEDICAL PRACTICE,E01026233,FEMALE,1
GP_PRAC_PAT_LIST,01/07/2026,C83073,CLIFF HOUSE MEDICAL PRACTICE,E01026238,FEMALE,4
GP_PRAC_PAT_LIST,01/07/2026,C83073,CLIFF HOUSE MEDICAL PRACTICE,E01026366,FEMALE,1
GP_PRAC_PAT_LIST,01/07/2026,C83073,CLIFF HOUSE MEDICAL PRACTICE,E01026368,FEMALE,1
GP_PRAC_PAT_LIST,01/07/2026,C83073,CLIFF HOUSE MEDICAL PRACTICE,E01026369,FEMALE,3
GP_PRAC_PAT_LIST,01/07/2026,C83073,CLIFF HOUSE MEDICAL PRACTICE,E01026370,FEMALE,14
GP_PRAC_PAT_LIST,01/07/2026,C83073,CLIFF HOUSE MEDICAL PRACTICE,E01026371,FEMALE,9
GP_PRAC_PAT_LIST,01/07/2026,C83073,CLIFF HOUSE MEDICAL PRACTICE,E01026372,FEMALE,7
GP_PRAC_PAT_LIST,01/07/2026,C83073,CLIFF HOUSE MEDICAL PRACTICE,E01026373,FEMALE,11
GP_PRAC_PAT_LIST,01/07/2026,C83073,CLIFF HOUSE MEDICAL PRACTICE,E01026378,FEMALE,1
GP_PRAC_PAT_LIST,01/07/2026,C83073,CLIFF HOUSE MEDICAL PRACTICE,E01026380,FEMALE,2
GP_PRAC_PAT_LIST,01/07/2026,C83073,CLIFF HOUSE MEDICAL PRACTICE,E01026382,FEMALE,1
GP_PRAC_PAT_LIST,01/07/2026,C83073,CLIFF HOUSE MEDICAL PRACTICE,E01026384,FEMALE,1
GP_PRAC_PAT_LIST,01/07/2026,C83073,CLIFF HOUSE MEDICAL PRACTICE,E01026386,FEMALE,1
GP_PRAC_PAT_LIST,01/07/2026,C83073,CLIFF HOUSE MEDICAL PRACTICE,E01026390,FEMALE,1
GP_PRAC_PAT_LIST,01/07/2026,C83073,CLIFF HOUSE MEDICAL PRACTICE,E01026391,FEMALE,1
GP_PRAC_PAT_LIST,01/07/2026,C83073,CLIFF HOUSE MEDICAL PRACTICE,E01026393,FEMALE,5
GP_PRAC_PAT_LIST,01/07/2026,C83073,CLIFF HOUSE MEDICAL PRACTICE,E01026394,FEMALE,53
GP_PRAC_PAT_LIST,01/07/2026,C83073,CLIFF HOUSE MEDICAL PRACTICE,E01026395,FEMALE,8
GP_PRAC_PAT_LIST,01/07/2026,C83073,CLIFF HOUSE MEDICAL PRACTICE,E01026396,FEMALE,2
GP_PRAC_PAT_LIST,01/07/2026,C83073,CLIFF HOUSE MEDICAL PRACTICE,E01026398,FEMALE,5
GP_PRAC_PAT_LIST,01/07/2026,C83073,CLIFF HOUSE MEDICAL PRACTICE,E01026399,FEMALE,4
GP_PRAC_PAT_LIST,01/07/2026,C83073,CLIFF HOUSE MEDICAL PRACTICE,E01026400,FEMALE,15
GP_PRAC_PAT_LIST,01/07/2026,C83073,CLIFF HOUSE MEDICAL PRACTICE,E01026404,FEMALE,8
GP_PRAC_PAT_LIST,01/07/2026,C83073,CLIFF HOUSE MEDICAL PRACTICE,E01026405,FEMALE,6
GP_PRAC_PAT_LIST,01/07/2026,C83073,CLIFF HOUSE MEDICAL PRACTICE,E01026406,FEMALE,4
GP_PRAC_PAT_LIST,01/07/2026,C83073,CLIFF HOUSE MEDICAL PRACTICE,E01026409,FEMALE,2
GP_PRAC_PAT_LIST,01/07/2026,C83073,CLIFF HOUSE MEDICAL PRACTICE,E01026411,FEMALE,2
GP_PRAC_PAT_LIST,01/07/2026,C83073,CLIFF HOUSE MEDICAL PRACTICE,E01026412,FEMALE,12
GP_PRAC_PAT_LIST,01/07/2026,C83073,CLIFF HOUSE MEDICAL PRACTICE,E01026413,FEMALE,1
GP_PRAC_PAT_LIST,01/07/2026,C83073,CLIFF HOUSE MEDICAL PRACTICE,E01026414,FEMALE,7
GP_PRAC_PAT_LIST,01/07/2026,C83073,CLIFF HOUSE MEDICAL PRACTICE,E01026942,FEMALE,1
GP_PRAC_PAT_LIST,01/07/2026,C83073,CLIFF HOUSE MEDICAL PRACTICE,E01027102,FEMALE,1
GP_PRAC_PAT_LIST,01/07/2026,C83073,CLIFF HOUSE MEDICAL PRACTICE,E01028065,FEMALE,1
GP_PRAC_PAT_LIST,01/07/2026,C83073,CLIFF HOUSE MEDICAL PRACTICE,E01028288,FEMALE,1
GP_PRAC_PAT_LIST,01/07/2026,C83073,CLIFF HOUSE MEDICAL PRACTICE,E01028294,FEMALE,1
GP_PRAC_PAT_LIST,01/07/2026,C83073,CLIFF HOUSE MEDICAL PRACTICE,E01028317,FEMALE,2
GP_PRAC_PAT_LIST,01/07/2026,C83073,CLIFF HOUSE MEDICAL PRACTICE,E01028318,FEMALE,1
GP_PRAC_PAT_LIST,01/07/2026,C83073,CLIFF HOUSE MEDICAL PRACTICE,E01031565,FEMALE,1
GP_PRAC_PAT_LIST,01/07/2026,C83073,CLIFF HOUSE MEDICAL PRACTICE,E01032988,FEMALE,1
GP_PRAC_PAT_LIST,01/07/2026,C83073,CLIFF HOUSE MEDICAL PRACTICE,E01032989,FEMALE,5
GP_PRAC_PAT_LIST,01/07/2026,C83073,CLIFF HOUSE MEDICAL PRACTICE,E01032991,FEMALE,5
GP_PRAC_PAT_LIST,01/07/2026,C83073,CLIFF HOUSE MEDICAL PRACTICE,E01032992,FEMALE,3
GP_PRAC_PAT_LIST,01/07/2026,C83073,CLIFF HOUSE MEDICAL PRACTICE,E01032993,FEMALE,7
GP_PRAC_PAT_LIST,01/07/2026,C83073,CLIFF HOUSE MEDICAL PRACTICE,E01032994,FEMALE,2
GP_PRAC_PAT_LIST,01/07/2026,C83073,CLIFF HOUSE MEDICAL PRACTICE,E01033617,FEMALE,1
GP_PRAC_PAT_LIST,01/07/2026,C83073,CLIFF HOUSE MEDICAL PRACTICE,E01034228,FEMALE,1
GP_PRAC_PAT_LIST,01/07/2026,C83073,CLIFF HOUSE MEDICAL PRACTICE,E01034687,FEMALE,92
GP_PRAC_PAT_LIST,01/07/2026,C83073,CLIFF HOUSE MEDICAL PRACTICE,E01034688,FEMALE,57
GP_PRAC_PAT_LIST,01/07/2026,C83073,CLIFF HOUSE MEDICAL PRACTICE,E01034689,FEMALE,2
GP_PRAC_PAT_LIST,01/07/2026,C83073,CLIFF HOUSE MEDICAL PRACTICE,E01034690,FEMALE,7
GP_PRAC_PAT_LIST,01/07/2026,C83073,CLIFF HOUSE MEDICAL PRACTICE,E01034691,FEMALE,11
GP_PRAC_PAT_LIST,01/07/2026,C83073,CLIFF HOUSE MEDICAL PRACTICE,E01034692,FEMALE,25
GP_PRAC_PAT_LIST,01/07/2026,C83073,CLIFF HOUSE MEDICAL PRACTICE,E01034693,FEMALE,8
GP_PRAC_PAT_LIST,01/07/2026,C83073,CLIFF HOUSE MEDICAL PRACTICE,E01034694,FEMALE,4
GP_PRAC_PAT_LIST,01/07/2026,C83073,CLIFF HOUSE MEDICAL PRACTICE,E01034695,FEMALE,1
GP_PRAC_PAT_LIST,01/07/2026,C83073,CLIFF HOUSE MEDICAL PRACTICE,E01034706,FEMALE,5
GP_PRAC_PAT_LIST,01/07/2026,C83073,CLIFF HOUSE MEDICAL PRACTICE,E01034707,FEMALE,85
GP_PRAC_PAT_LIST,01/07/2026,C83073,CLIFF HOUSE MEDICAL PRACTICE,E01035148,FEMALE,1
GP_PRAC_PAT_LIST,01/07/2026,C83073,CLIFF HOUSE MEDICAL PRACTICE,E01035482,FEMALE,1
GP_PRAC_PAT_LIST,01/07/2026,C83073,CLIFF HOUSE MEDICAL PRACTICE,EMPTY,FEMALE,5
GP_PRAC_PAT_LIST,01/07/2026,C83074,WILLINGHAM-BY-STOW SURGERY,E01013323,FEMALE,1
GP_PRAC_PAT_LIST,01/07/2026,C83074,WILLINGHAM-BY-STOW SURGERY,E01026145,FEMALE,2
GP_PRAC_PAT_LIST,01/07/2026,C83074,WILLINGHAM-BY-STOW SURGERY,E01026175,FEMALE,1
GP_PRAC_PAT_LIST,01/07/2026,C83074,WILLINGHAM-BY-STOW SURGERY,E01026176,FEMALE,1
GP_PRAC_PAT_LIST,01/07/2026,C83074,WILLINGHAM-BY-STOW SURGERY,E01026225,FEMALE,1
GP_PRAC_PAT_LIST,01/07/2026,C83074,WILLINGHAM-BY-STOW SURGERY,E01026374,FEMALE,2
GP_PRAC_PAT_LIST,01/07/2026,C83074,WILLINGHAM-BY-STOW SURGERY,E01026375,FEMALE,8
GP_PRAC_PAT_LIST,01/07/2026,C83074,WILLINGHAM-BY-STOW SURGERY,E01026376,FEMALE,3
GP_PRAC_PAT_LIST,01/07/2026,C83074,WILLINGHAM-BY-STOW SURGERY,E01026377,FEMALE,4
GP_PRAC_PAT_LIST,01/07/2026,C83074,WILLINGHAM-BY-STOW SURGERY,E01026379,FEMALE,3
GP_PRAC_PAT_LIST,01/07/2026,C83074,WILLINGHAM-BY-STOW SURGERY,E01026380,FEMALE,6
GP_PRAC_PAT_LIST,01/07/2026,C83074,WILLINGHAM-BY-STOW SURGERY,E01026381,FEMALE,3
GP_PRAC_PAT_LIST,01/07/2026,C83074,WILLINGHAM-BY-STOW SURGERY,E01026382,FEMALE,67
GP_PRAC_PAT_LIST,01/07/2026,C83074,WILLINGHAM-BY-STOW SURGERY,E01026384,FEMALE,3
GP_PRAC_PAT_LIST,01/07/2026,C83074,WILLINGHAM-BY-STOW SURGERY,E01026385,FEMALE,303
GP_PRAC_PAT_LIST,01/07/2026,C83074,WILLINGHAM-BY-STOW SURGERY,E01026386,FEMALE,9
GP_PRAC_PAT_LIST,01/07/2026,C83074,WILLINGHAM-BY-STOW SURGERY,E01026388,FEMALE,928
GP_PRAC_PAT_LIST,01/07/2026,C83074,WILLINGHAM-BY-STOW SURGERY,E01026396,FEMALE,3
GP_PRAC_PAT_LIST,01/07/2026,C83074,WILLINGHAM-BY-STOW SURGERY,E01026398,FEMALE,1
GP_PRAC_PAT_LIST,01/07/2026,C83074,WILLINGHAM-BY-STOW SURGERY,E01026399,FEMALE,107
GP_PRAC_PAT_LIST,01/07/2026,C83074,WILLINGHAM-BY-STOW SURGERY,E01026400,FEMALE,16
GP_PRAC_PAT_LIST,01/07/2026,C83074,WILLINGHAM-BY-STOW SURGERY,E01026403,FEMALE,1
GP_PRAC_PAT_LIST,01/07/2026,C83074,WILLINGHAM-BY-STOW SURGERY,E01026404,FEMALE,640
GP_PRAC_PAT_LIST,01/07/2026,C83074,WILLINGHAM-BY-STOW SURGERY,E01026407,FEMALE,48
GP_PRAC_PAT_LIST,01/07/2026,C83074,WILLINGHAM-BY-STOW SURGERY,E01026408,FEMALE,3
GP_PRAC_PAT_LIST,01/07/2026,C83074,WILLINGHAM-BY-STOW SURGERY,E01026409,FEMALE,36
GP_PRAC_PAT_LIST,01/07/2026,C83074,WILLINGHAM-BY-STOW SURGERY,E01026410,FEMALE,316
GP_PRAC_PAT_LIST,01/07/2026,C83074,WILLINGHAM-BY-STOW SURGERY,E01034706,FEMALE,7
GP_PRAC_PAT_LIST,01/07/2026,C83074,WILLINGHAM-BY-STOW SURGERY,E01034707,FEMALE,2
GP_PRAC_PAT_LIST,01/07/2026,C83075,VINE STREET SURGERY,E01000507,FEMALE,1
GP_PRAC_PAT_LIST,01/07/2026,C83075,VINE STREET SURGERY,E01004928,FEMALE,1
GP_PRAC_PAT_LIST,01/07/2026,C83075,VINE STREET SURGERY,E01010570,FEMALE,1
GP_PRAC_PAT_LIST,01/07/2026,C83075,VINE STREET SURGERY,E01010647,FEMALE,1
GP_PRAC_PAT_LIST,01/07/2026,C83075,VINE STREET SURGERY,E01015051,FEMALE,1
GP_PRAC_PAT_LIST,01/07/2026,C83075,VINE STREET SURGERY,E01020020,FEMALE,1
GP_PRAC_PAT_LIST,01/07/2026,C83075,VINE STREET SURGERY,E01025759,FEMALE,1
GP_PRAC_PAT_LIST,01/07/2026,C83075,VINE STREET SURGERY,E01026103,FEMALE,1
GP_PRAC_PAT_LIST,01/07/2026,C83075,VINE STREET SURGERY,E01026106,FEMALE,1
GP_PRAC_PAT_LIST,01/07/2026,C83075,VINE STREET SURGERY,E01026175,FEMALE,1
GP_PRAC_PAT_LIST,01/07/2026,C83075,VINE STREET SURGERY,E01026221,FEMALE,1
GP_PRAC_PAT_LIST,01/07/2026,C83075,VINE STREET SURGERY,E01026289,FEMALE,1
GP_PRAC_PAT_LIST,01/07/2026,C83075,VINE STREET SURGERY,E01026291,FEMALE,185
GP_PRAC_PAT_LIST,01/07/2026,C83075,VINE STREET SURGERY,E01026292,FEMALE,99
GP_PRAC_PAT_LIST,01/07/2026,C83075,VINE STREET SURGERY,E01026293,FEMALE,156
GP_PRAC_PAT_LIST,01/07/2026,C83075,VINE STREET SURGERY,E01026294,FEMALE,174
GP_PRAC_PAT_LIST,01/07/2026,C83075,VINE STREET SURGERY,E01026308,FEMALE,73
GP_PRAC_PAT_LIST,01/07/2026,C83075,VINE STREET SURGERY,E01026309,FEMALE,100
GP_PRAC_PAT_LIST,01/07/2026,C83075,VINE STREET SURGERY,E01026310,FEMALE,60
GP_PRAC_PAT_LIST,01/07/2026,C83075,VINE STREET SURGERY,E01026311,FEMALE,74
GP_PRAC_PAT_LIST,01/07/2026,C83075,VINE STREET SURGERY,E01026312,FEMALE,60
GP_PRAC_PAT_LIST,01/07/2026,C83075,VINE STREET SURGERY,E01026313,FEMALE,96
GP_PRAC_PAT_LIST,01/07/2026,C83075,VINE STREET SURGERY,E01026314,FEMALE,3
GP_PRAC_PAT_LIST,01/07/2026,C83075,VINE STREET SURGERY,E01026315,FEMALE,7
GP_PRAC_PAT_LIST,01/07/2026,C83075,VINE STREET SURGERY,E01026316,FEMALE,4
GP_PRAC_PAT_LIST,01/07/2026,C83075,VINE STREET SURGERY,E01026317,FEMALE,202
GP_PRAC_PAT_LIST,01/07/2026,C83075,VINE STREET SURGERY,E01026318,FEMALE,166
GP_PRAC_PAT_LIST,01/07/2026,C83075,VINE STREET SURGERY,E01026319,FEMALE,184
GP_PRAC_PAT_LIST,01/07/2026,C83075,VINE STREET SURGERY,E01026321,FEMALE,176
GP_PRAC_PAT_LIST,01/07/2026,C83075,VINE STREET SURGERY,E01026322,FEMALE,203
GP_PRAC_PAT_LIST,01/07/2026,C83075,VINE STREET SURGERY,E01026323,FEMALE,369
GP_PRAC_PAT_LIST,01/07/2026,C83075,VINE STREET SURGERY,E01026324,FEMALE,307
GP_PRAC_PAT_LIST,01/07/2026,C83075,VINE STREET SURGERY,E01026325,FEMALE,111
GP_PRAC_PAT_LIST,01/07/2026,C83075,VINE STREET SURGERY,E01026326,FEMALE,179
GP_PRAC_PAT_LIST,01/07/2026,C83075,VINE STREET SURGERY,E01026327,FEMALE,170
GP_PRAC_PAT_LIST,01/07/2026,C83075,VINE STREET SURGERY,E01026328,FEMALE,60
GP_PRAC_PAT_LIST,01/07/2026,C83075,VINE STREET SURGERY,E01026331,FEMALE,1
GP_PRAC_PAT_LIST,01/07/2026,C83075,VINE STREET SURGERY,E01026332,FEMALE,3
GP_PRAC_PAT_LIST,01/07/2026,C83075,VINE STREET SURGERY,E01026340,FEMALE,454
GP_PRAC_PAT_LIST,01/07/2026,C83075,VINE STREET SURGERY,E01026343,FEMALE,156
GP_PRAC_PAT_LIST,01/07/2026,C83075,VINE STREET SURGERY,E01026344,FEMALE,143
GP_PRAC_PAT_LIST,01/07/2026,C83075,VINE STREET SURGERY,E01026345,FEMALE,210
GP_PRAC_PAT_LIST,01/07/2026,C83075,VINE STREET SURGERY,E01026352,FEMALE,222
GP_PRAC_PAT_LIST,01/07/2026,C83075,VINE STREET SURGERY,E01026353,FEMALE,404
GP_PRAC_PAT_LIST,01/07/2026,C83075,VINE STREET SURGERY,E01026354,FEMALE,170
GP_PRAC_PAT_LIST,01/07/2026,C83075,VINE STREET SURGERY,E01026355,FEMALE,1
GP_PRAC_PAT_LIST,01/07/2026,C83075,VINE STREET SURGERY,E01026382,FEMALE,1
GP_PRAC_PAT_LIST,01/07/2026,C83075,VINE STREET SURGERY,E01026384,FEMALE,1
GP_PRAC_PAT_LIST,01/07/2026,C83075,VINE STREET SURGERY,E01028131,FEMALE,1
GP_PRAC_PAT_LIST,01/07/2026,C83075,VINE STREET SURGERY,E01028357,FEMALE,1
GP_PRAC_PAT_LIST,01/07/2026,C83075,VINE STREET SURGERY,E01028360,FEMALE,2
GP_PRAC_PAT_LIST,01/07/2026,C83075,VINE STREET SURGERY,E01033674,FEMALE,1
GP_PRAC_PAT_LIST,01/07/2026,C83075,VINE STREET SURGERY,E01033780,FEMALE,1
GP_PRAC_PAT_LIST,01/07/2026,C83075,VINE STREET SURGERY,E01034367,FEMALE,1
GP_PRAC_PAT_LIST,01/07/2026,C83075,VINE STREET SURGERY,E01034701,FEMALE,221
GP_PRAC_PAT_LIST,01/07/2026,C83075,VINE STREET SURGERY,E01034702,FEMALE,183
GP_PRAC_PAT_LIST,01/07/2026,C83075,VINE STREET SURGERY,EMPTY,FEMALE,12
GP_PRAC_PAT_LIST,01/07/2026,C83078,BRANT ROAD & SPRINGCLIFFE SURGERY,E01007376,FEMALE,1
GP_PRAC_PAT_LIST,01/07/2026,C83078,BRANT ROAD & SPRINGCLIFFE SURGERY,E01026131,FEMALE,1
GP_PRAC_PAT_LIST,01/07/2026,C83078,BRANT ROAD & SPRINGCLIFFE SURGERY,E01026132,FEMALE,19
GP_PRAC_PAT_LIST,01/07/2026,C83078,BRANT ROAD & SPRINGCLIFFE SURGERY,E01026134,FEMALE,163
GP_PRAC_PAT_LIST,01/07/2026,C83078,BRANT ROAD & SPRINGCLIFFE SURGERY,E01026137,FEMALE,479
GP_PRAC_PAT_LIST,01/07/2026,C83078,BRANT ROAD & SPRINGCLIFFE SURGERY,E01026138,FEMALE,603
GP_PRAC_PAT_LIST,01/07/2026,C83078,BRANT ROAD & SPRINGCLIFFE SURGERY,E01026140,FEMALE,579
GP_PRAC_PAT_LIST,01/07/2026,C83078,BRANT ROAD & SPRINGCLIFFE SURGERY,E01026141,FEMALE,2
GP_PRAC_PAT_LIST,01/07/2026,C83078,BRANT ROAD & SPRINGCLIFFE SURGERY,E01026142,FEMALE,436
GP_PRAC_PAT_LIST,01/07/2026,C83078,BRANT ROAD & SPRINGCLIFFE SURGERY,E01026146,FEMALE,1
GP_PRAC_PAT_LIST,01/07/2026,C83078,BRANT ROAD & SPRINGCLIFFE SURGERY,E01026147,FEMALE,1
GP_PRAC_PAT_LIST,01/07/2026,C83078,BRANT ROAD & SPRINGCLIFFE SURGERY,E01026157,FEMALE,1
GP_PRAC_PAT_LIST,01/07/2026,C83078,BRANT ROAD & SPRINGCLIFFE SURGERY,E01026165,FEMALE,1
GP_PRAC_PAT_LIST,01/07/2026,C83078,BRANT ROAD & SPRINGCLIFFE SURGERY,E01026169,FEMALE,1
GP_PRAC_PAT_LIST,01/07/2026,C83078,BRANT ROAD & SPRINGCLIFFE SURGERY,E01026171,FEMALE,1
GP_PRAC_PAT_LIST,01/07/2026,C83078,BRANT ROAD & SPRINGCLIFFE SURGERY,E01026172,FEMALE,2
GP_PRAC_PAT_LIST,01/07/2026,C83078,BRANT ROAD & SPRINGCLIFFE SURGERY,E01026174,FEMALE,228
GP_PRAC_PAT_LIST,01/07/2026,C83078,BRANT ROAD & SPRINGCLIFFE SURGERY,E01026175,FEMALE,361
GP_PRAC_PAT_LIST,01/07/2026,C83078,BRANT ROAD & SPRINGCLIFFE SURGERY,E01026176,FEMALE,16
GP_PRAC_PAT_LIST,01/07/2026,C83078,BRANT ROAD & SPRINGCLIFFE SURGERY,E01026177,FEMALE,20
GP_PRAC_PAT_LIST,01/07/2026,C83078,BRANT ROAD & SPRINGCLIFFE SURGERY,E01026178,FEMALE,85
GP_PRAC_PAT_LIST,01/07/2026,C83078,BRANT ROAD & SPRINGCLIFFE SURGERY,E01026184,FEMALE,54
GP_PRAC_PAT_LIST,01/07/2026,C83078,BRANT ROAD & SPRINGCLIFFE SURGERY,E01026185,FEMALE,280
GP_PRAC_PAT_LIST,01/07/2026,C83078,BRANT ROAD & SPRINGCLIFFE SURGERY,E01026186,FEMALE,73
GP_PRAC_PAT_LIST,01/07/2026,C83078,BRANT ROAD & SPRINGCLIFFE SURGERY,E01026187,FEMALE,62
GP_PRAC_PAT_LIST,01/07/2026,C83078,BRANT ROAD & SPRINGCLIFFE SURGERY,E01026188,FEMALE,43
GP_PRAC_PAT_LIST,01/07/2026,C83078,BRANT ROAD & SPRINGCLIFFE SURGERY,E01026203,FEMALE,6
GP_PRAC_PAT_LIST,01/07/2026,C83078,BRANT ROAD & SPRINGCLIFFE SURGERY,E01026211,FEMALE,1
GP_PRAC_PAT_LIST,01/07/2026,C83078,BRANT ROAD & SPRINGCLIFFE SURGERY,E01026237,FEMALE,441
GP_PRAC_PAT_LIST,01/07/2026,C83078,BRANT ROAD & SPRINGCLIFFE SURGERY,E01026238,FEMALE,508
GP_PRAC_PAT_LIST,01/07/2026,C83078,BRANT ROAD & SPRINGCLIFFE SURGERY,E01026381,FEMALE,1
GP_PRAC_PAT_LIST,01/07/2026,C83078,BRANT ROAD & SPRINGCLIFFE SURGERY,E01032988,FEMALE,1
GP_PRAC_PAT_LIST,01/07/2026,C83078,BRANT ROAD & SPRINGCLIFFE SURGERY,E01032993,FEMALE,1
GP_PRAC_PAT_LIST,01/07/2026,C83078,BRANT ROAD & SPRINGCLIFFE SURGERY,E01034692,FEMALE,23
GP_PRAC_PAT_LIST,01/07/2026,C83078,BRANT ROAD & SPRINGCLIFFE SURGERY,EMPTY,FEMALE,7
GP_PRAC_PAT_LIST,01/07/2026,C83079,GLEBE PARK SURGERY,CLOSED,FEMALE,1
GP_PRAC_PAT_LIST,01/07/2026,C83079,GLEBE PARK SURGERY,E01025400,FEMALE,1
GP_PRAC_PAT_LIST,01/07/2026,C83079,GLEBE PARK SURGERY,E01026082,FEMALE,1
GP_PRAC_PAT_LIST,01/07/2026,C83079,GLEBE PARK SURGERY,E01026099,FEMALE,2
GP_PRAC_PAT_LIST,01/07/2026,C83079,GLEBE PARK SURGERY,E01026121,FEMALE,1
GP_PRAC_PAT_LIST,01/07/2026,C83079,GLEBE PARK SURGERY,E01026122,FEMALE,12
GP_PRAC_PAT_LIST,01/07/2026,C83079,GLEBE PARK SURGERY,E01026123,FEMALE,403
GP_PRAC_PAT_LIST,01/07/2026,C83079,GLEBE PARK SURGERY,E01026124,FEMALE,16
GP_PRAC_PAT_LIST,01/07/2026,C83079,GLEBE PARK SURGERY,E01026125,FEMALE,58
GP_PRAC_PAT_LIST,01/07/2026,C83079,GLEBE PARK SURGERY,E01026126,FEMALE,8
GP_PRAC_PAT_LIST,01/07/2026,C83079,GLEBE PARK SURGERY,E01026130,FEMALE,3
GP_PRAC_PAT_LIST,01/07/2026,C83079,GLEBE PARK SURGERY,E01026131,FEMALE,1
GP_PRAC_PAT_LIST,01/07/2026,C83079,GLEBE PARK SURGERY,E01026132,FEMALE,1
GP_PRAC_PAT_LIST,01/07/2026,C83079,GLEBE PARK SURGERY,E01026135,FEMALE,2
GP_PRAC_PAT_LIST,01/07/2026,C83079,GLEBE PARK SURGERY,E01026136,FEMALE,5
GP_PRAC_PAT_LIST,01/07/2026,C83079,GLEBE PARK SURGERY,E01026139,FEMALE,1
GP_PRAC_PAT_LIST,01/07/2026,C83079,GLEBE PARK SURGERY,E01026141,FEMALE,2
GP_PRAC_PAT_LIST,01/07/2026,C83079,GLEBE PARK SURGERY,E01026144,FEMALE,1
GP_PRAC_PAT_LIST,01/07/2026,C83079,GLEBE PARK SURGERY,E01026145,FEMALE,4
GP_PRAC_PAT_LIST,01/07/2026,C83079,GLEBE PARK SURGERY,E01026146,FEMALE,2
GP_PRAC_PAT_LIST,01/07/2026,C83079,GLEBE PARK SURGERY,E01026147,FEMALE,17
GP_PRAC_PAT_LIST,01/07/2026,C83079,GLEBE PARK SURGERY,E01026148,FEMALE,25
GP_PRAC_PAT_LIST,01/07/2026,C83079,GLEBE PARK SURGERY,E01026149,FEMALE,36
GP_PRAC_PAT_LIST,01/07/2026,C83079,GLEBE PARK SURGERY,E01026150,FEMALE,52
GP_PRAC_PAT_LIST,01/07/2026,C83079,GLEBE PARK SURGERY,E01026151,FEMALE,40
GP_PRAC_PAT_LIST,01/07/2026,C83079,GLEBE PARK SURGERY,E01026152,FEMALE,135
GP_PRAC_PAT_LIST,01/07/2026,C83079,GLEBE PARK SURGERY,E01026153,FEMALE,786
GP_PRAC_PAT_LIST,01/07/2026,C83079,GLEBE PARK SURGERY,E01026154,FEMALE,145
GP_PRAC_PAT_LIST,01/07/2026,C83079,GLEBE PARK SURGERY,E01026155,FEMALE,464
GP_PRAC_PAT_LIST,01/07/2026,C83079,GLEBE PARK SURGERY,E01026156,FEMALE,83
GP_PRAC_PAT_LIST,01/07/2026,C83079,GLEBE PARK SURGERY,E01026157,FEMALE,180
GP_PRAC_PAT_LIST,01/07/2026,C83079,GLEBE PARK SURGERY,E01026158,FEMALE,1
GP_PRAC_PAT_LIST,01/07/2026,C83079,GLEBE PARK SURGERY,E01026161,FEMALE,6
GP_PRAC_PAT_LIST,01/07/2026,C83079,GLEBE PARK SURGERY,E01026162,FEMALE,1
GP_PRAC_PAT_LIST,01/07/2026,C83079,GLEBE PARK SURGERY,E01026164,FEMALE,37
GP_PRAC_PAT_LIST,01/07/2026,C83079,GLEBE PARK SURGERY,E01026165,FEMALE,115
GP_PRAC_PAT_LIST,01/07/2026,C83079,GLEBE PARK SURGERY,E01026166,FEMALE,36
GP_PRAC_PAT_LIST,01/07/2026,C83079,GLEBE PARK SURGERY,E01026167,FEMALE,34
GP_PRAC_PAT_LIST,01/07/2026,C83079,GLEBE PARK SURGERY,E01026168,FEMALE,55
GP_PRAC_PAT_LIST,01/07/2026,C83079,GLEBE PARK SURGERY,E01026169,FEMALE,1
GP_PRAC_PAT_LIST,01/07/2026,C83079,GLEBE PARK SURGERY,E01026184,FEMALE,1
GP_PRAC_PAT_LIST,01/07/2026,C83079,GLEBE PARK SURGERY,E01026187,FEMALE,6
GP_PRAC_PAT_LIST,01/07/2026,C83079,GLEBE PARK SURGERY,E01026188,FEMALE,2
GP_PRAC_PAT_LIST,01/07/2026,C83079,GLEBE PARK SURGERY,E01026199,FEMALE,1
GP_PRAC_PAT_LIST,01/07/2026,C83079,GLEBE PARK SURGERY,E01026203,FEMALE,1
GP_PRAC_PAT_LIST,01/07/2026,C83079,GLEBE PARK SURGERY,E01026206,FEMALE,1
GP_PRAC_PAT_LIST,01/07/2026,C83079,GLEBE PARK SURGERY,E01026220,FEMALE,1
GP_PRAC_PAT_LIST,01/07/2026,C83079,GLEBE PARK SURGERY,E01026225,FEMALE,1
GP_PRAC_PAT_LIST,01/07/2026,C83079,GLEBE PARK SURGERY,E01026226,FEMALE,2
GP_PRAC_PAT_LIST,01/07/2026,C83079,GLEBE PARK SURGERY,E01026238,FEMALE,1
GP_PRAC_PAT_LIST,01/07/2026,C83079,GLEBE PARK SURGERY,E01026239,FEMALE,1
GP_PRAC_PAT_LIST,01/07/2026,C83079,GLEBE PARK SURGERY,E01026366,FEMALE,1
GP_PRAC_PAT_LIST,01/07/2026,C83079,GLEBE PARK SURGERY,E01026367,FEMALE,1
GP_PRAC_PAT_LIST,01/07/2026,C83079,GLEBE PARK SURGERY,E01026369,FEMALE,86
GP_PRAC_PAT_LIST,01/07/2026,C83079,GLEBE PARK SURGERY,E01026370,FEMALE,159
GP_PRAC_PAT_LIST,01/07/2026,C83079,GLEBE PARK SURGERY,E01026371,FEMALE,68
GP_PRAC_PAT_LIST,01/07/2026,C83079,GLEBE PARK SURGERY,E01026372,FEMALE,11
GP_PRAC_PAT_LIST,01/07/2026,C83079,GLEBE PARK SURGERY,E01026373,FEMALE,58
GP_PRAC_PAT_LIST,01/07/2026,C83079,GLEBE PARK SURGERY,E01026379,FEMALE,1
GP_PRAC_PAT_LIST,01/07/2026,C83079,GLEBE PARK SURGERY,E01026393,FEMALE,43
GP_PRAC_PAT_LIST,01/07/2026,C83079,GLEBE PARK SURGERY,E01026394,FEMALE,565
GP_PRAC_PAT_LIST,01/07/2026,C83079,GLEBE PARK SURGERY,E01026395,FEMALE,28
GP_PRAC_PAT_LIST,01/07/2026,C83079,GLEBE PARK SURGERY,E01026399,FEMALE,2
GP_PRAC_PAT_LIST,01/07/2026,C83079,GLEBE PARK SURGERY,E01026400,FEMALE,1
GP_PRAC_PAT_LIST,01/07/2026,C83079,GLEBE PARK SURGERY,E01026405,FEMALE,17
GP_PRAC_PAT_LIST,01/07/2026,C83079,GLEBE PARK SURGERY,E01026406,FEMALE,33
GP_PRAC_PAT_LIST,01/07/2026,C83079,GLEBE PARK SURGERY,E01026409,FEMALE,2
GP_PRAC_PAT_LIST,01/07/2026,C83079,GLEBE PARK SURGERY,E01026411,FEMALE,2
GP_PRAC_PAT_LIST,01/07/2026,C83079,GLEBE PARK SURGERY,E01026412,FEMALE,5
GP_PRAC_PAT_LIST,01/07/2026,C83079,GLEBE PARK SURGERY,E01026413,FEMALE,10
GP_PRAC_PAT_LIST,01/07/2026,C83079,GLEBE PARK SURGERY,E01026414,FEMALE,2
GP_PRAC_PAT_LIST,01/07/2026,C83079,GLEBE PARK SURGERY,E01028282,FEMALE,1
GP_PRAC_PAT_LIST,01/07/2026,C83079,GLEBE PARK SURGERY,E01028602,FEMALE,1
GP_PRAC_PAT_LIST,01/07/2026,C83079,GLEBE PARK SURGERY,E01032991,FEMALE,2
GP_PRAC_PAT_LIST,01/07/2026,C83079,GLEBE PARK SURGERY,E01032994,FEMALE,2
GP_PRAC_PAT_LIST,01/07/2026,C83079,GLEBE PARK SURGERY,E01034689,FEMALE,1
GP_PRAC_PAT_LIST,01/07/2026,C83079,GLEBE PARK SURGERY,E01034691,FEMALE,3
GP_PRAC_PAT_LIST,01/07/2026,C83079,GLEBE PARK SURGERY,E01034693,FEMALE,3
GP_PRAC_PAT_LIST,01/07/2026,C83079,GLEBE PARK SURGERY,E01034707,FEMALE,1
GP_PRAC_PAT_LIST,01/07/2026,C83079,GLEBE PARK SURGERY,EMPTY,FEMALE,4
GP_PRAC_PAT_LIST,01/07/2026,C83080,THE HARROWBY LANE SURGERY,E01013164,FEMALE,1
GP_PRAC_PAT_LIST,01/07/2026,C83080,THE HARROWBY LANE SURGERY,E01026291,FEMALE,15
GP_PRAC_PAT_LIST,01/07/2026,C83080,THE HARROWBY LANE SURGERY,E01026292,FEMALE,304
GP_PRAC_PAT_LIST,01/07/2026,C83080,THE HARROWBY LANE SURGERY,E01026293,FEMALE,358
GP_PRAC_PAT_LIST,01/07/2026,C83080,THE HARROWBY LANE SURGERY,E01026294,FEMALE,257
GP_PRAC_PAT_LIST,01/07/2026,C83080,THE HARROWBY LANE SURGERY,E01026308,FEMALE,1
GP_PRAC_PAT_LIST,01/07/2026,C83080,THE HARROWBY LANE SURGERY,E01026309,FEMALE,7
GP_PRAC_PAT_LIST,01/07/2026,C83080,THE HARROWBY LANE SURGERY,E01026310,FEMALE,2
GP_PRAC_PAT_LIST,01/07/2026,C83080,THE HARROWBY LANE SURGERY,E01026311,FEMALE,4
GP_PRAC_PAT_LIST,01/07/2026,C83080,THE HARROWBY LANE SURGERY,E01026312,FEMALE,9
GP_PRAC_PAT_LIST,01/07/2026,C83080,THE HARROWBY LANE SURGERY,E01026313,FEMALE,69
GP_PRAC_PAT_LIST,01/07/2026,C83080,THE HARROWBY LANE SURGERY,E01026315,FEMALE,2
GP_PRAC_PAT_LIST,01/07/2026,C83080,THE HARROWBY LANE SURGERY,E01026316,FEMALE,2
GP_PRAC_PAT_LIST,01/07/2026,C83080,THE HARROWBY LANE SURGERY,E01026317,FEMALE,11
GP_PRAC_PAT_LIST,01/07/2026,C83080,THE HARROWBY LANE SURGERY,E01026318,FEMALE,9
GP_PRAC_PAT_LIST,01/07/2026,C83080,THE HARROWBY LANE SURGERY,E01026319,FEMALE,23
GP_PRAC_PAT_LIST,01/07/2026,C83080,THE HARROWBY LANE SURGERY,E01026321,FEMALE,15
GP_PRAC_PAT_LIST,01/07/2026,C83080,THE HARROWBY LANE SURGERY,E01026322,FEMALE,6
GP_PRAC_PAT_LIST,01/07/2026,C83080,THE HARROWBY LANE SURGERY,E01026323,FEMALE,47
GP_PRAC_PAT_LIST,01/07/2026,C83080,THE HARROWBY LANE SURGERY,E01026324,FEMALE,75
GP_PRAC_PAT_LIST,01/07/2026,C83080,THE HARROWBY LANE SURGERY,E01026325,FEMALE,335
GP_PRAC_PAT_LIST,01/07/2026,C83080,THE HARROWBY LANE SURGERY,E01026326,FEMALE,284
GP_PRAC_PAT_LIST,01/07/2026,C83080,THE HARROWBY LANE SURGERY,E01026327,FEMALE,237
GP_PRAC_PAT_LIST,01/07/2026,C83080,THE HARROWBY LANE SURGERY,E01026328,FEMALE,345
GP_PRAC_PAT_LIST,01/07/2026,C83080,THE HARROWBY LANE SURGERY,E01026331,FEMALE,1
GP_PRAC_PAT_LIST,01/07/2026,C83080,THE HARROWBY LANE SURGERY,E01026332,FEMALE,38
GP_PRAC_PAT_LIST,01/07/2026,C83080,THE HARROWBY LANE SURGERY,E01026340,FEMALE,102
GP_PRAC_PAT_LIST,01/07/2026,C83080,THE HARROWBY LANE SURGERY,E01026343,FEMALE,43
GP_PRAC_PAT_LIST,01/07/2026,C83080,THE HARROWBY LANE SURGERY,E01026344,FEMALE,38
GP_PRAC_PAT_LIST,01/07/2026,C83080,THE HARROWBY LANE SURGERY,E01026345,FEMALE,151
GP_PRAC_PAT_LIST,01/07/2026,C83080,THE HARROWBY LANE SURGERY,E01026352,FEMALE,53
GP_PRAC_PAT_LIST,01/07/2026,C83080,THE HARROWBY LANE SURGERY,E01026353,FEMALE,39
GP_PRAC_PAT_LIST,01/07/2026,C83080,THE HARROWBY LANE SURGERY,E01026354,FEMALE,89
GP_PRAC_PAT_LIST,01/07/2026,C83080,THE HARROWBY LANE SURGERY,E01026365,FEMALE,1
GP_PRAC_PAT_LIST,01/07/2026,C83080,THE HARROWBY LANE SURGERY,E01034701,FEMALE,6
GP_PRAC_PAT_LIST,01/07/2026,C83080,THE HARROWBY LANE SURGERY,E01034702,FEMALE,6
GP_PRAC_PAT_LIST,01/07/2026,C83080,THE HARROWBY LANE SURGERY,EMPTY,FEMALE,5
GP_PRAC_PAT_LIST,01/07/2026,C83082,BIRCHWOOD MEDICAL PRACTICE,E01013380,FEMALE,1
GP_PRAC_PAT_LIST,01/07/2026,C83082,BIRCHWOOD MEDICAL PRACTICE,E01019606,FEMALE,1
GP_PRAC_PAT_LIST,01/07/2026,C83082,BIRCHWOOD MEDICAL PRACTICE,E01026122,FEMALE,1
GP_PRAC_PAT_LIST,01/07/2026,C83082,BIRCHWOOD MEDICAL PRACTICE,E01026125,FEMALE,1
GP_PRAC_PAT_LIST,01/07/2026,C83082,BIRCHWOOD MEDICAL PRACTICE,E01026127,FEMALE,454
GP_PRAC_PAT_LIST,01/07/2026,C83082,BIRCHWOOD MEDICAL PRACTICE,E01026129,FEMALE,632
GP_PRAC_PAT_LIST,01/07/2026,C83082,BIRCHWOOD MEDICAL PRACTICE,E01026130,FEMALE,400
GP_PRAC_PAT_LIST,01/07/2026,C83082,BIRCHWOOD MEDICAL PRACTICE,E01026131,FEMALE,433
GP_PRAC_PAT_LIST,01/07/2026,C83082,BIRCHWOOD MEDICAL PRACTICE,E01026135,FEMALE,4
GP_PRAC_PAT_LIST,01/07/2026,C83082,BIRCHWOOD MEDICAL PRACTICE,E01026136,FEMALE,101
GP_PRAC_PAT_LIST,01/07/2026,C83082,BIRCHWOOD MEDICAL PRACTICE,E01026139,FEMALE,1
GP_PRAC_PAT_LIST,01/07/2026,C83082,BIRCHWOOD MEDICAL PRACTICE,E01026140,FEMALE,1
GP_PRAC_PAT_LIST,01/07/2026,C83082,BIRCHWOOD MEDICAL PRACTICE,E01026141,FEMALE,1
GP_PRAC_PAT_LIST,01/07/2026,C83082,BIRCHWOOD MEDICAL PRACTICE,E01026155,FEMALE,1
GP_PRAC_PAT_LIST,01/07/2026,C83082,BIRCHWOOD MEDICAL PRACTICE,E01026156,FEMALE,1
GP_PRAC_PAT_LIST,01/07/2026,C83082,BIRCHWOOD MEDICAL PRACTICE,E01026158,FEMALE,378
GP_PRAC_PAT_LIST,01/07/2026,C83082,BIRCHWOOD MEDICAL PRACTICE,E01026159,FEMALE,447
GP_PRAC_PAT_LIST,01/07/2026,C83082,BIRCHWOOD MEDICAL PRACTICE,E01026160,FEMALE,407
GP_PRAC_PAT_LIST,01/07/2026,C83082,BIRCHWOOD MEDICAL PRACTICE,E01026161,FEMALE,182
GP_PRAC_PAT_LIST,01/07/2026,C83082,BIRCHWOOD MEDICAL PRACTICE,E01026162,FEMALE,274
GP_PRAC_PAT_LIST,01/07/2026,C83082,BIRCHWOOD MEDICAL PRACTICE,E01026163,FEMALE,340
GP_PRAC_PAT_LIST,01/07/2026,C83082,BIRCHWOOD MEDICAL PRACTICE,E01026169,FEMALE,8
GP_PRAC_PAT_LIST,01/07/2026,C83082,BIRCHWOOD MEDICAL PRACTICE,E01026170,FEMALE,4
GP_PRAC_PAT_LIST,01/07/2026,C83082,BIRCHWOOD MEDICAL PRACTICE,E01026171,FEMALE,51
GP_PRAC_PAT_LIST,01/07/2026,C83082,BIRCHWOOD MEDICAL PRACTICE,E01026172,FEMALE,6
GP_PRAC_PAT_LIST,01/07/2026,C83082,BIRCHWOOD MEDICAL PRACTICE,E01026173,FEMALE,7
GP_PRAC_PAT_LIST,01/07/2026,C83082,BIRCHWOOD MEDICAL PRACTICE,E01026176,FEMALE,1
GP_PRAC_PAT_LIST,01/07/2026,C83082,BIRCHWOOD MEDICAL PRACTICE,E01026186,FEMALE,2
GP_PRAC_PAT_LIST,01/07/2026,C83082,BIRCHWOOD MEDICAL PRACTICE,E01026192,FEMALE,1
GP_PRAC_PAT_LIST,01/07/2026,C83082,BIRCHWOOD MEDICAL PRACTICE,E01026199,FEMALE,15
GP_PRAC_PAT_LIST,01/07/2026,C83082,BIRCHWOOD MEDICAL PRACTICE,E01026202,FEMALE,1
GP_PRAC_PAT_LIST,01/07/2026,C83082,BIRCHWOOD MEDICAL PRACTICE,E01026213,FEMALE,1
GP_PRAC_PAT_LIST,01/07/2026,C83082,BIRCHWOOD MEDICAL PRACTICE,E01026214,FEMALE,1
GP_PRAC_PAT_LIST,01/07/2026,C83082,BIRCHWOOD MEDICAL PRACTICE,E01026215,FEMALE,5
GP_PRAC_PAT_LIST,01/07/2026,C83082,BIRCHWOOD MEDICAL PRACTICE,E01026218,FEMALE,1
GP_PRAC_PAT_LIST,01/07/2026,C83082,BIRCHWOOD MEDICAL PRACTICE,E01026220,FEMALE,1
GP_PRAC_PAT_LIST,01/07/2026,C83082,BIRCHWOOD MEDICAL PRACTICE,E01026225,FEMALE,243
GP_PRAC_PAT_LIST,01/07/2026,C83082,BIRCHWOOD MEDICAL PRACTICE,E01026226,FEMALE,256
GP_PRAC_PAT_LIST,01/07/2026,C83082,BIRCHWOOD MEDICAL PRACTICE,E01026402,FEMALE,1
GP_PRAC_PAT_LIST,01/07/2026,C83082,BIRCHWOOD MEDICAL PRACTICE,E01026405,FEMALE,1
GP_PRAC_PAT_LIST,01/07/2026,C83082,BIRCHWOOD MEDICAL PRACTICE,E01032989,FEMALE,2
GP_PRAC_PAT_LIST,01/07/2026,C83082,BIRCHWOOD MEDICAL PRACTICE,E01032991,FEMALE,18
GP_PRAC_PAT_LIST,01/07/2026,C83082,BIRCHWOOD MEDICAL PRACTICE,E01032992,FEMALE,4
GP_PRAC_PAT_LIST,01/07/2026,C83082,BIRCHWOOD MEDICAL PRACTICE,E01032993,FEMALE,1
GP_PRAC_PAT_LIST,01/07/2026,C83082,BIRCHWOOD MEDICAL PRACTICE,E01032994,FEMALE,1
GP_PRAC_PAT_LIST,01/07/2026,C83082,BIRCHWOOD MEDICAL PRACTICE,E01034689,FEMALE,341
GP_PRAC_PAT_LIST,01/07/2026,C83082,BIRCHWOOD MEDICAL PRACTICE,E01034690,FEMALE,504
GP_PRAC_PAT_LIST,01/07/2026,C83082,BIRCHWOOD MEDICAL PRACTICE,E01034691,FEMALE,2
GP_PRAC_PAT_LIST,01/07/2026,C83082,BIRCHWOOD MEDICAL PRACTICE,E01034692,FEMALE,1
GP_PRAC_PAT_LIST,01/07/2026,C83082,BIRCHWOOD MEDICAL PRACTICE,E01034693,FEMALE,4
GP_PRAC_PAT_LIST,01/07/2026,C83082,BIRCHWOOD MEDICAL PRACTICE,E01034694,FEMALE,1
GP_PRAC_PAT_LIST,01/07/2026,C83082,BIRCHWOOD MEDICAL PRACTICE,EMPTY,FEMALE,1
GP_PRAC_PAT_LIST,01/07/2026,C83083,THE NEW CONINGSBY SURGERY,CLOSED,FEMALE,1
GP_PRAC_PAT_LIST,01/07/2026,C83083,THE NEW CONINGSBY SURGERY,E01000015,FEMALE,1
GP_PRAC_PAT_LIST,01/07/2026,C83083,THE NEW CONINGSBY SURGERY,E01007656,FEMALE,1
GP_PRAC_PAT_LIST,01/07/2026,C83083,THE NEW CONINGSBY SURGERY,E01007804,FEMALE,1
GP_PRAC_PAT_LIST,01/07/2026,C83083,THE NEW CONINGSBY SURGERY,E01019478,FEMALE,1
GP_PRAC_PAT_LIST,01/07/2026,C83083,THE NEW CONINGSBY SURGERY,E01019485,FEMALE,1
GP_PRAC_PAT_LIST,01/07/2026,C83083,THE NEW CONINGSBY SURGERY,E01026020,FEMALE,2
GP_PRAC_PAT_LIST,01/07/2026,C83083,THE NEW CONINGSBY SURGERY,E01026021,FEMALE,1
GP_PRAC_PAT_LIST,01/07/2026,C83083,THE NEW CONINGSBY SURGERY,E01026033,FEMALE,114
GP_PRAC_PAT_LIST,01/07/2026,C83083,THE NEW CONINGSBY SURGERY,E01026037,FEMALE,1
GP_PRAC_PAT_LIST,01/07/2026,C83083,THE NEW CONINGSBY SURGERY,E01026051,FEMALE,556
GP_PRAC_PAT_LIST,01/07/2026,C83083,THE NEW CONINGSBY SURGERY,E01026052,FEMALE,872
GP_PRAC_PAT_LIST,01/07/2026,C83083,THE NEW CONINGSBY SURGERY,E01026053,FEMALE,650
GP_PRAC_PAT_LIST,01/07/2026,C83083,THE NEW CONINGSBY SURGERY,E01026054,FEMALE,726
GP_PRAC_PAT_LIST,01/07/2026,C83083,THE NEW CONINGSBY SURGERY,E01026057,FEMALE,113
GP_PRAC_PAT_LIST,01/07/2026,C83083,THE NEW CONINGSBY SURGERY,E01026060,FEMALE,2
GP_PRAC_PAT_LIST,01/07/2026,C83083,THE NEW CONINGSBY SURGERY,E01026064,FEMALE,17
GP_PRAC_PAT_LIST,01/07/2026,C83083,THE NEW CONINGSBY SURGERY,E01026065,FEMALE,22
GP_PRAC_PAT_LIST,01/07/2026,C83083,THE NEW CONINGSBY SURGERY,E01026066,FEMALE,11
GP_PRAC_PAT_LIST,01/07/2026,C83083,THE NEW CONINGSBY SURGERY,E01026067,FEMALE,18
GP_PRAC_PAT_LIST,01/07/2026,C83083,THE NEW CONINGSBY SURGERY,E01026075,FEMALE,516
GP_PRAC_PAT_LIST,01/07/2026,C83083,THE NEW CONINGSBY SURGERY,E01026077,FEMALE,1
GP_PRAC_PAT_LIST,01/07/2026,C83083,THE NEW CONINGSBY SURGERY,E01026082,FEMALE,18
GP_PRAC_PAT_LIST,01/07/2026,C83083,THE NEW CONINGSBY SURGERY,E01026095,FEMALE,1
GP_PRAC_PAT_LIST,01/07/2026,C83083,THE NEW CONINGSBY SURGERY,E01026098,FEMALE,1
GP_PRAC_PAT_LIST,01/07/2026,C83083,THE NEW CONINGSBY SURGERY,E01026102,FEMALE,1
GP_PRAC_PAT_LIST,01/07/2026,C83083,THE NEW CONINGSBY SURGERY,E01026105,FEMALE,1
GP_PRAC_PAT_LIST,01/07/2026,C83083,THE NEW CONINGSBY SURGERY,E01026118,FEMALE,41
GP_PRAC_PAT_LIST,01/07/2026,C83083,THE NEW CONINGSBY SURGERY,E01026119,FEMALE,44
GP_PRAC_PAT_LIST,01/07/2026,C83083,THE NEW CONINGSBY SURGERY,E01026120,FEMALE,48
GP_PRAC_PAT_LIST,01/07/2026,C83083,THE NEW CONINGSBY SURGERY,E01026183,FEMALE,72
GP_PRAC_PAT_LIST,01/07/2026,C83083,THE NEW CONINGSBY SURGERY,E01026184,FEMALE,1
GP_PRAC_PAT_LIST,01/07/2026,C83083,THE NEW CONINGSBY SURGERY,E01026207,FEMALE,3
GP_PRAC_PAT_LIST,01/07/2026,C83083,THE NEW CONINGSBY SURGERY,E01026210,FEMALE,18
GP_PRAC_PAT_LIST,01/07/2026,C83083,THE NEW CONINGSBY SURGERY,E01026223,FEMALE,1
GP_PRAC_PAT_LIST,01/07/2026,C83083,THE NEW CONINGSBY SURGERY,E01026394,FEMALE,1
GP_PRAC_PAT_LIST,01/07/2026,C83083,THE NEW CONINGSBY SURGERY,E01027365,FEMALE,1
GP_PRAC_PAT_LIST,01/07/2026,C83083,THE NEW CONINGSBY SURGERY,E01028289,FEMALE,1
GP_PRAC_PAT_LIST,01/07/2026,C83083,THE NEW CONINGSBY SURGERY,E01028366,FEMALE,1
GP_PRAC_PAT_LIST,01/07/2026,C83083,THE NEW CONINGSBY SURGERY,E01032988,FEMALE,1
GP_PRAC_PAT_LIST,01/07/2026,C83083,THE NEW CONINGSBY SURGERY,E01033587,FEMALE,1
GP_PRAC_PAT_LIST,01/07/2026,C83083,THE NEW CONINGSBY SURGERY,E01034690,FEMALE,1
GP_PRAC_PAT_LIST,01/07/2026,C83083,THE NEW CONINGSBY SURGERY,E01034707,FEMALE,1
GP_PRAC_PAT_LIST,01/07/2026,C83083,THE NEW CONINGSBY SURGERY,E01035146,FEMALE,1
GP_PRAC_PAT_LIST,01/07/2026,C83083,THE NEW CONINGSBY SURGERY,EMPTY,FEMALE,1
GP_PRAC_PAT_LIST,01/07/2026,C83083,THE NEW CONINGSBY SURGERY,S01018335,FEMALE,1
GP_PRAC_PAT_LIST,01/07/2026,C83085,JAMES STREET FAMILY PRACTICE,CLOSED,FEMALE,2
GP_PRAC_PAT_LIST,01/07/2026,C83085,JAMES STREET FAMILY PRACTICE,E01004088,FEMALE,1
GP_PRAC_PAT_LIST,01/07/2026,C83085,JAMES STREET FAMILY PRACTICE,E01013162,FEMALE,1
GP_PRAC_PAT_LIST,01/07/2026,C83085,JAMES STREET FAMILY PRACTICE,E01013214,FEMALE,1
GP_PRAC_PAT_LIST,01/07/2026,C83085,JAMES STREET FAMILY PRACTICE,E01026026,FEMALE,1
GP_PRAC_PAT_LIST,01/07/2026,C83085,JAMES STREET FAMILY PRACTICE,E01026042,FEMALE,2
GP_PRAC_PAT_LIST,01/07/2026,C83085,JAMES STREET FAMILY PRACTICE,E01026045,FEMALE,166
GP_PRAC_PAT_LIST,01/07/2026,C83085,JAMES STREET FAMILY PRACTICE,E01026058,FEMALE,313
GP_PRAC_PAT_LIST,01/07/2026,C83085,JAMES STREET FAMILY PRACTICE,E01026061,FEMALE,2
GP_PRAC_PAT_LIST,01/07/2026,C83085,JAMES STREET FAMILY PRACTICE,E01026062,FEMALE,1
GP_PRAC_PAT_LIST,01/07/2026,C83085,JAMES STREET FAMILY PRACTICE,E01026063,FEMALE,1
GP_PRAC_PAT_LIST,01/07/2026,C83085,JAMES STREET FAMILY PRACTICE,E01026065,FEMALE,1
GP_PRAC_PAT_LIST,01/07/2026,C83085,JAMES STREET FAMILY PRACTICE,E01026068,FEMALE,29
GP_PRAC_PAT_LIST,01/07/2026,C83085,JAMES STREET FAMILY PRACTICE,E01026070,FEMALE,531
GP_PRAC_PAT_LIST,01/07/2026,C83085,JAMES STREET FAMILY PRACTICE,E01026071,FEMALE,127
GP_PRAC_PAT_LIST,01/07/2026,C83085,JAMES STREET FAMILY PRACTICE,E01026076,FEMALE,186
GP_PRAC_PAT_LIST,01/07/2026,C83085,JAMES STREET FAMILY PRACTICE,E01026077,FEMALE,605
GP_PRAC_PAT_LIST,01/07/2026,C83085,JAMES STREET FAMILY PRACTICE,E01026078,FEMALE,309
GP_PRAC_PAT_LIST,01/07/2026,C83085,JAMES STREET FAMILY PRACTICE,E01026079,FEMALE,41
GP_PRAC_PAT_LIST,01/07/2026,C83085,JAMES STREET FAMILY PRACTICE,E01026080,FEMALE,42
GP_PRAC_PAT_LIST,01/07/2026,C83085,JAMES STREET FAMILY PRACTICE,E01026081,FEMALE,621
GP_PRAC_PAT_LIST,01/07/2026,C83085,JAMES STREET FAMILY PRACTICE,E01026087,FEMALE,522
GP_PRAC_PAT_LIST,01/07/2026,C83085,JAMES STREET FAMILY PRACTICE,E01026088,FEMALE,389
GP_PRAC_PAT_LIST,01/07/2026,C83085,JAMES STREET FAMILY PRACTICE,E01026089,FEMALE,460
GP_PRAC_PAT_LIST,01/07/2026,C83085,JAMES STREET FAMILY PRACTICE,E01026090,FEMALE,263
GP_PRAC_PAT_LIST,01/07/2026,C83085,JAMES STREET FAMILY PRACTICE,E01026091,FEMALE,365
GP_PRAC_PAT_LIST,01/07/2026,C83085,JAMES STREET FAMILY PRACTICE,E01026099,FEMALE,100
GP_PRAC_PAT_LIST,01/07/2026,C83085,JAMES STREET FAMILY PRACTICE,E01026104,FEMALE,1
GP_PRAC_PAT_LIST,01/07/2026,C83085,JAMES STREET FAMILY PRACTICE,E01026105,FEMALE,10
GP_PRAC_PAT_LIST,01/07/2026,C83085,JAMES STREET FAMILY PRACTICE,E01026108,FEMALE,777
GP_PRAC_PAT_LIST,01/07/2026,C83085,JAMES STREET FAMILY PRACTICE,E01026113,FEMALE,4
GP_PRAC_PAT_LIST,01/07/2026,C83085,JAMES STREET FAMILY PRACTICE,E01026117,FEMALE,92
GP_PRAC_PAT_LIST,01/07/2026,C83085,JAMES STREET FAMILY PRACTICE,E01026345,FEMALE,1
GP_PRAC_PAT_LIST,01/07/2026,C83085,JAMES STREET FAMILY PRACTICE,E01026391,FEMALE,2
GP_PRAC_PAT_LIST,01/07/2026,C83085,JAMES STREET FAMILY PRACTICE,E01026392,FEMALE,1
GP_PRAC_PAT_LIST,01/07/2026,C83085,JAMES STREET FAMILY PRACTICE,E01026393,FEMALE,1
GP_PRAC_PAT_LIST,01/07/2026,C83085,JAMES STREET FAMILY PRACTICE,E01028109,FEMALE,1
GP_PRAC_PAT_LIST,01/07/2026,C83085,JAMES STREET FAMILY PRACTICE,E01028152,FEMALE,1
GP_PRAC_PAT_LIST,01/07/2026,C83085,JAMES STREET FAMILY PRACTICE,E01032986,FEMALE,353
GP_PRAC_PAT_LIST,01/07/2026,C83085,JAMES STREET FAMILY PRACTICE,E01032987,FEMALE,472
GP_PRAC_PAT_LIST,01/07/2026,C83085,JAMES STREET FAMILY PRACTICE,E01035480,FEMALE,1
GP_PRAC_PAT_LIST,01/07/2026,C83085,JAMES STREET FAMILY PRACTICE,EMPTY,FEMALE,15
GP_PRAC_PAT_LIST,01/07/2026,C83611,THE BASSINGHAM SURGERY,E01007604,FEMALE,1
GP_PRAC_PAT_LIST,01/07/2026,C83611,THE BASSINGHAM SURGERY,E01013268,FEMALE,1
GP_PRAC_PAT_LIST,01/07/2026,C83611,THE BASSINGHAM SURGERY,E01013790,FEMALE,1
GP_PRAC_PAT_LIST,01/07/2026,C83611,THE BASSINGHAM SURGERY,E01019591,FEMALE,1
GP_PRAC_PAT_LIST,01/07/2026,C83611,THE BASSINGHAM SURGERY,E01026182,FEMALE,815
GP_PRAC_PAT_LIST,01/07/2026,C83611,THE BASSINGHAM SURGERY,E01026185,FEMALE,5
GP_PRAC_PAT_LIST,01/07/2026,C83611,THE BASSINGHAM SURGERY,E01026192,FEMALE,439
GP_PRAC_PAT_LIST,01/07/2026,C83611,THE BASSINGHAM SURGERY,E01026193,FEMALE,419
GP_PRAC_PAT_LIST,01/07/2026,C83611,THE BASSINGHAM SURGERY,E01026194,FEMALE,58
GP_PRAC_PAT_LIST,01/07/2026,C83611,THE BASSINGHAM SURGERY,E01026195,FEMALE,77
GP_PRAC_PAT_LIST,01/07/2026,C83611,THE BASSINGHAM SURGERY,E01026196,FEMALE,35
GP_PRAC_PAT_LIST,01/07/2026,C83611,THE BASSINGHAM SURGERY,E01026199,FEMALE,131
GP_PRAC_PAT_LIST,01/07/2026,C83611,THE BASSINGHAM SURGERY,E01026210,FEMALE,1
GP_PRAC_PAT_LIST,01/07/2026,C83611,THE BASSINGHAM SURGERY,E01026220,FEMALE,1
GP_PRAC_PAT_LIST,01/07/2026,C83611,THE BASSINGHAM SURGERY,E01026227,FEMALE,1
GP_PRAC_PAT_LIST,01/07/2026,C83611,THE BASSINGHAM SURGERY,E01026237,FEMALE,4
GP_PRAC_PAT_LIST,01/07/2026,C83611,THE BASSINGHAM SURGERY,E01026329,FEMALE,1
GP_PRAC_PAT_LIST,01/07/2026,C83611,THE BASSINGHAM SURGERY,E01026372,FEMALE,1
GP_PRAC_PAT_LIST,01/07/2026,C83611,THE BASSINGHAM SURGERY,E01026373,FEMALE,1
GP_PRAC_PAT_LIST,01/07/2026,C83611,THE BASSINGHAM SURGERY,E01028311,FEMALE,1
GP_PRAC_PAT_LIST,01/07/2026,C83611,THE BASSINGHAM SURGERY,E01028315,FEMALE,1
GP_PRAC_PAT_LIST,01/07/2026,C83611,THE BASSINGHAM SURGERY,E01028316,FEMALE,2
GP_PRAC_PAT_LIST,01/07/2026,C83611,THE BASSINGHAM SURGERY,E01032988,FEMALE,1
GP_PRAC_PAT_LIST,01/07/2026,C83611,THE BASSINGHAM SURGERY,E01032989,FEMALE,5
GP_PRAC_PAT_LIST,01/07/2026,C83611,THE BASSINGHAM SURGERY,E01032992,FEMALE,4
GP_PRAC_PAT_LIST,01/07/2026,C83611,THE BASSINGHAM SURGERY,E01032993,FEMALE,7
GP_PRAC_PAT_LIST,01/07/2026,C83611,THE BASSINGHAM SURGERY,E01032994,FEMALE,159
GP_PRAC_PAT_LIST,01/07/2026,C83611,THE BASSINGHAM SURGERY,E01034693,FEMALE,741
GP_PRAC_PAT_LIST,01/07/2026,C83611,THE BASSINGHAM SURGERY,E01034694,FEMALE,832
GP_PRAC_PAT_LIST,01/07/2026,C83611,THE BASSINGHAM SURGERY,EMPTY,FEMALE,9
GP_PRAC_PAT_LIST,01/07/2026,C83613,CAISTOR HEALTH CENTRE,CLOSED,FEMALE,1
GP_PRAC_PAT_LIST,01/07/2026,C83613,CAISTOR HEALTH CENTRE,E01006349,FEMALE,1
GP_PRAC_PAT_LIST,01/07/2026,C83613,CAISTOR HEALTH CENTRE,E01012760,FEMALE,1
GP_PRAC_PAT_LIST,01/07/2026,C83613,CAISTOR HEALTH CENTRE,E01013175,FEMALE,3
GP_PRAC_PAT_LIST,01/07/2026,C83613,CAISTOR HEALTH CENTRE,E01013218,FEMALE,1
GP_PRAC_PAT_LIST,01/07/2026,C83613,CAISTOR HEALTH CENTRE,E01013224,FEMALE,1
GP_PRAC_PAT_LIST,01/07/2026,C83613,CAISTOR HEALTH CENTRE,E01013225,FEMALE,3
GP_PRAC_PAT_LIST,01/07/2026,C83613,CAISTOR HEALTH CENTRE,E01013267,FEMALE,1
GP_PRAC_PAT_LIST,01/07/2026,C83613,CAISTOR HEALTH CENTRE,E01013270,FEMALE,1
GP_PRAC_PAT_LIST,01/07/2026,C83613,CAISTOR HEALTH CENTRE,E01013325,FEMALE,16
GP_PRAC_PAT_LIST,01/07/2026,C83613,CAISTOR HEALTH CENTRE,E01026080,FEMALE,1
GP_PRAC_PAT_LIST,01/07/2026,C83613,CAISTOR HEALTH CENTRE,E01026367,FEMALE,633
GP_PRAC_PAT_LIST,01/07/2026,C83613,CAISTOR HEALTH CENTRE,E01026368,FEMALE,945
GP_PRAC_PAT_LIST,01/07/2026,C83613,CAISTOR HEALTH CENTRE,E01026387,FEMALE,475
GP_PRAC_PAT_LIST,01/07/2026,C83613,CAISTOR HEALTH CENTRE,E01026389,FEMALE,1
GP_PRAC_PAT_LIST,01/07/2026,C83613,CAISTOR HEALTH CENTRE,E01026390,FEMALE,2
GP_PRAC_PAT_LIST,01/07/2026,C83613,CAISTOR HEALTH CENTRE,E01026391,FEMALE,3
GP_PRAC_PAT_LIST,01/07/2026,C83613,CAISTOR HEALTH CENTRE,E01026392,FEMALE,54
GP_PRAC_PAT_LIST,01/07/2026,C83613,CAISTOR HEALTH CENTRE,E01026411,FEMALE,8
GP_PRAC_PAT_LIST,01/07/2026,C83613,CAISTOR HEALTH CENTRE,E01026415,FEMALE,18
GP_PRAC_PAT_LIST,01/07/2026,C83613,CAISTOR HEALTH CENTRE,E01026416,FEMALE,433
GP_PRAC_PAT_LIST,01/07/2026,C83613,CAISTOR HEALTH CENTRE,E01032683,FEMALE,18
GP_PRAC_PAT_LIST,01/07/2026,C83613,CAISTOR HEALTH CENTRE,EMPTY,FEMALE,1
GP_PRAC_PAT_LIST,01/07/2026,C83614,SUTTERTON SURGERY,E01015984,FEMALE,1
GP_PRAC_PAT_LIST,01/07/2026,C83614,SUTTERTON SURGERY,E01026008,FEMALE,3
GP_PRAC_PAT_LIST,01/07/2026,C83614,SUTTERTON SURGERY,E01026010,FEMALE,3
GP_PRAC_PAT_LIST,01/07/2026,C83614,SUTTERTON SURGERY,E01026013,FEMALE,2
GP_PRAC_PAT_LIST,01/07/2026,C83614,SUTTERTON SURGERY,E01026014,FEMALE,3
GP_PRAC_PAT_LIST,01/07/2026,C83614,SUTTERTON SURGERY,E01026015,FEMALE,2
GP_PRAC_PAT_LIST,01/07/2026,C83614,SUTTERTON SURGERY,E01026016,FEMALE,613
GP_PRAC_PAT_LIST,01/07/2026,C83614,SUTTERTON SURGERY,E01026017,FEMALE,535
GP_PRAC_PAT_LIST,01/07/2026,C83614,SUTTERTON SURGERY,E01026018,FEMALE,52
GP_PRAC_PAT_LIST,01/07/2026,C83614,SUTTERTON SURGERY,E01026019,FEMALE,86
GP_PRAC_PAT_LIST,01/07/2026,C83614,SUTTERTON SURGERY,E01026020,FEMALE,108
GP_PRAC_PAT_LIST,01/07/2026,C83614,SUTTERTON SURGERY,E01026021,FEMALE,5
GP_PRAC_PAT_LIST,01/07/2026,C83614,SUTTERTON SURGERY,E01026022,FEMALE,2
GP_PRAC_PAT_LIST,01/07/2026,C83614,SUTTERTON SURGERY,E01026025,FEMALE,3
GP_PRAC_PAT_LIST,01/07/2026,C83614,SUTTERTON SURGERY,E01026026,FEMALE,2
GP_PRAC_PAT_LIST,01/07/2026,C83614,SUTTERTON SURGERY,E01026027,FEMALE,3
GP_PRAC_PAT_LIST,01/07/2026,C83614,SUTTERTON SURGERY,E01026028,FEMALE,3
GP_PRAC_PAT_LIST,01/07/2026,C83614,SUTTERTON SURGERY,E01026030,FEMALE,4
GP_PRAC_PAT_LIST,01/07/2026,C83614,SUTTERTON SURGERY,E01026031,FEMALE,9
GP_PRAC_PAT_LIST,01/07/2026,C83614,SUTTERTON SURGERY,E01026033,FEMALE,29
GP_PRAC_PAT_LIST,01/07/2026,C83614,SUTTERTON SURGERY,E01026034,FEMALE,30
GP_PRAC_PAT_LIST,01/07/2026,C83614,SUTTERTON SURGERY,E01026035,FEMALE,9
GP_PRAC_PAT_LIST,01/07/2026,C83614,SUTTERTON SURGERY,E01026036,FEMALE,3
GP_PRAC_PAT_LIST,01/07/2026,C83614,SUTTERTON SURGERY,E01026037,FEMALE,1
GP_PRAC_PAT_LIST,01/07/2026,C83614,SUTTERTON SURGERY,E01026038,FEMALE,1
GP_PRAC_PAT_LIST,01/07/2026,C83614,SUTTERTON SURGERY,E01026039,FEMALE,27
GP_PRAC_PAT_LIST,01/07/2026,C83614,SUTTERTON SURGERY,E01026040,FEMALE,22
GP_PRAC_PAT_LIST,01/07/2026,C83614,SUTTERTON SURGERY,E01026041,FEMALE,25
GP_PRAC_PAT_LIST,01/07/2026,C83614,SUTTERTON SURGERY,E01026053,FEMALE,1
GP_PRAC_PAT_LIST,01/07/2026,C83614,SUTTERTON SURGERY,E01026080,FEMALE,1
GP_PRAC_PAT_LIST,01/07/2026,C83614,SUTTERTON SURGERY,E01026098,FEMALE,3
GP_PRAC_PAT_LIST,01/07/2026,C83614,SUTTERTON SURGERY,E01026118,FEMALE,1
GP_PRAC_PAT_LIST,01/07/2026,C83614,SUTTERTON SURGERY,E01026242,FEMALE,22
GP_PRAC_PAT_LIST,01/07/2026,C83614,SUTTERTON SURGERY,E01026243,FEMALE,21
GP_PRAC_PAT_LIST,01/07/2026,C83614,SUTTERTON SURGERY,E01026244,FEMALE,10
GP_PRAC_PAT_LIST,01/07/2026,C83614,SUTTERTON SURGERY,E01026245,FEMALE,2
GP_PRAC_PAT_LIST,01/07/2026,C83614,SUTTERTON SURGERY,E01026246,FEMALE,1
GP_PRAC_PAT_LIST,01/07/2026,C83614,SUTTERTON SURGERY,E01026247,FEMALE,26
GP_PRAC_PAT_LIST,01/07/2026,C83614,SUTTERTON SURGERY,E01026248,FEMALE,8
GP_PRAC_PAT_LIST,01/07/2026,C83614,SUTTERTON SURGERY,E01026249,FEMALE,1
GP_PRAC_PAT_LIST,01/07/2026,C83614,SUTTERTON SURGERY,E01026250,FEMALE,2
GP_PRAC_PAT_LIST,01/07/2026,C83614,SUTTERTON SURGERY,E01026251,FEMALE,8
GP_PRAC_PAT_LIST,01/07/2026,C83614,SUTTERTON SURGERY,E01026252,FEMALE,2
GP_PRAC_PAT_LIST,01/07/2026,C83614,SUTTERTON SURGERY,E01026253,FEMALE,2
GP_PRAC_PAT_LIST,01/07/2026,C83614,SUTTERTON SURGERY,E01026258,FEMALE,2
GP_PRAC_PAT_LIST,01/07/2026,C83614,SUTTERTON SURGERY,E01026259,FEMALE,8
GP_PRAC_PAT_LIST,01/07/2026,C83614,SUTTERTON SURGERY,E01026260,FEMALE,3
GP_PRAC_PAT_LIST,01/07/2026,C83614,SUTTERTON SURGERY,E01026269,FEMALE,1
GP_PRAC_PAT_LIST,01/07/2026,C83614,SUTTERTON SURGERY,E01026270,FEMALE,1
GP_PRAC_PAT_LIST,01/07/2026,C83614,SUTTERTON SURGERY,E01026271,FEMALE,2
GP_PRAC_PAT_LIST,01/07/2026,C83614,SUTTERTON SURGERY,E01026276,FEMALE,28
GP_PRAC_PAT_LIST,01/07/2026,C83614,SUTTERTON SURGERY,E01026281,FEMALE,2
GP_PRAC_PAT_LIST,01/07/2026,C83614,SUTTERTON SURGERY,E01026282,FEMALE,3
GP_PRAC_PAT_LIST,01/07/2026,C83614,SUTTERTON SURGERY,E01026283,FEMALE,22
GP_PRAC_PAT_LIST,01/07/2026,C83614,SUTTERTON SURGERY,E01026285,FEMALE,3
GP_PRAC_PAT_LIST,01/07/2026,C83614,SUTTERTON SURGERY,E01026286,FEMALE,5
GP_PRAC_PAT_LIST,01/07/2026,C83614,SUTTERTON SURGERY,E01026649,FEMALE,1
GP_PRAC_PAT_LIST,01/07/2026,C83614,SUTTERTON SURGERY,E01028294,FEMALE,1
GP_PRAC_PAT_LIST,01/07/2026,C83614,SUTTERTON SURGERY,E01032996,FEMALE,1
GP_PRAC_PAT_LIST,01/07/2026,C83614,SUTTERTON SURGERY,E01034679,FEMALE,2
GP_PRAC_PAT_LIST,01/07/2026,C83614,SUTTERTON SURGERY,E01034681,FEMALE,2
GP_PRAC_PAT_LIST,01/07/2026,C83614,SUTTERTON SURGERY,E01034683,FEMALE,14
GP_PRAC_PAT_LIST,01/07/2026,C83614,SUTTERTON SURGERY,E01034684,FEMALE,23
GP_PRAC_PAT_LIST,01/07/2026,C83614,SUTTERTON SURGERY,E01034697,FEMALE,1
GP_PRAC_PAT_LIST,01/07/2026,C83614,SUTTERTON SURGERY,E01034699,FEMALE,2
GP_PRAC_PAT_LIST,01/07/2026,C83614,SUTTERTON SURGERY,EMPTY,FEMALE,1
GP_PRAC_PAT_LIST,01/07/2026,C83617,ABBEYVIEW SURGERY,CLOSED,FEMALE,1
GP_PRAC_PAT_LIST,01/07/2026,C83617,ABBEYVIEW SURGERY,E01008788,FEMALE,1
GP_PRAC_PAT_LIST,01/07/2026,C83617,ABBEYVIEW SURGERY,E01015596,FEMALE,1
GP_PRAC_PAT_LIST,01/07/2026,C83617,ABBEYVIEW SURGERY,E01015617,FEMALE,46
GP_PRAC_PAT_LIST,01/07/2026,C83617,ABBEYVIEW SURGERY,E01015618,FEMALE,27
GP_PRAC_PAT_LIST,01/07/2026,C83617,ABBEYVIEW SURGERY,E01015619,FEMALE,20
GP_PRAC_PAT_LIST,01/07/2026,C83617,ABBEYVIEW SURGERY,E01015620,FEMALE,27
GP_PRAC_PAT_LIST,01/07/2026,C83617,ABBEYVIEW SURGERY,E01015630,FEMALE,78
GP_PRAC_PAT_LIST,01/07/2026,C83617,ABBEYVIEW SURGERY,E01015631,FEMALE,189
GP_PRAC_PAT_LIST,01/07/2026,C83617,ABBEYVIEW SURGERY,E01015635,FEMALE,1
GP_PRAC_PAT_LIST,01/07/2026,C83617,ABBEYVIEW SURGERY,E01015678,FEMALE,1
GP_PRAC_PAT_LIST,01/07/2026,C83617,ABBEYVIEW SURGERY,E01018090,FEMALE,3
GP_PRAC_PAT_LIST,01/07/2026,C83617,ABBEYVIEW SURGERY,E01026239,FEMALE,1033
GP_PRAC_PAT_LIST,01/07/2026,C83617,ABBEYVIEW SURGERY,E01026240,FEMALE,1700
GP_PRAC_PAT_LIST,01/07/2026,C83617,ABBEYVIEW SURGERY,E01026241,FEMALE,361
GP_PRAC_PAT_LIST,01/07/2026,C83617,ABBEYVIEW SURGERY,E01026245,FEMALE,21
GP_PRAC_PAT_LIST,01/07/2026,C83617,ABBEYVIEW SURGERY,E01026248,FEMALE,1
GP_PRAC_PAT_LIST,01/07/2026,C83617,ABBEYVIEW SURGERY,E01026249,FEMALE,489
GP_PRAC_PAT_LIST,01/07/2026,C83617,ABBEYVIEW SURGERY,E01026255,FEMALE,1
GP_PRAC_PAT_LIST,01/07/2026,C83617,ABBEYVIEW SURGERY,E01026259,FEMALE,1
GP_PRAC_PAT_LIST,01/07/2026,C83617,ABBEYVIEW SURGERY,E01026262,FEMALE,5
GP_PRAC_PAT_LIST,01/07/2026,C83617,ABBEYVIEW SURGERY,E01026263,FEMALE,10
GP_PRAC_PAT_LIST,01/07/2026,C83617,ABBEYVIEW SURGERY,E01026265,FEMALE,12
GP_PRAC_PAT_LIST,01/07/2026,C83617,ABBEYVIEW SURGERY,E01026266,FEMALE,6
GP_PRAC_PAT_LIST,01/07/2026,C83617,ABBEYVIEW SURGERY,E01026268,FEMALE,7
GP_PRAC_PAT_LIST,01/07/2026,C83617,ABBEYVIEW SURGERY,E01026269,FEMALE,5
GP_PRAC_PAT_LIST,01/07/2026,C83617,ABBEYVIEW SURGERY,E01026270,FEMALE,2
GP_PRAC_PAT_LIST,01/07/2026,C83617,ABBEYVIEW SURGERY,E01026271,FEMALE,2
GP_PRAC_PAT_LIST,01/07/2026,C83617,ABBEYVIEW SURGERY,E01026272,FEMALE,7
GP_PRAC_PAT_LIST,01/07/2026,C83617,ABBEYVIEW SURGERY,E01026273,FEMALE,3
GP_PRAC_PAT_LIST,01/07/2026,C83617,ABBEYVIEW SURGERY,E01026275,FEMALE,3
GP_PRAC_PAT_LIST,01/07/2026,C83617,ABBEYVIEW SURGERY,E01026280,FEMALE,245
GP_PRAC_PAT_LIST,01/07/2026,C83617,ABBEYVIEW SURGERY,E01026281,FEMALE,8
GP_PRAC_PAT_LIST,01/07/2026,C83617,ABBEYVIEW SURGERY,E01026282,FEMALE,50
GP_PRAC_PAT_LIST,01/07/2026,C83617,ABBEYVIEW SURGERY,E01026283,FEMALE,1
GP_PRAC_PAT_LIST,01/07/2026,C83617,ABBEYVIEW SURGERY,E01026284,FEMALE,325
GP_PRAC_PAT_LIST,01/07/2026,C83617,ABBEYVIEW SURGERY,E01026285,FEMALE,11
GP_PRAC_PAT_LIST,01/07/2026,C83617,ABBEYVIEW SURGERY,E01026286,FEMALE,1
GP_PRAC_PAT_LIST,01/07/2026,C83617,ABBEYVIEW SURGERY,E01026299,FEMALE,1
GP_PRAC_PAT_LIST,01/07/2026,C83617,ABBEYVIEW SURGERY,E01026303,FEMALE,1
GP_PRAC_PAT_LIST,01/07/2026,C83617,ABBEYVIEW SURGERY,E01026306,FEMALE,4
GP_PRAC_PAT_LIST,01/07/2026,C83617,ABBEYVIEW SURGERY,E01026595,FEMALE,1
GP_PRAC_PAT_LIST,01/07/2026,C83617,ABBEYVIEW SURGERY,E01032995,FEMALE,4
GP_PRAC_PAT_LIST,01/07/2026,C83617,ABBEYVIEW SURGERY,E01033116,FEMALE,2
GP_PRAC_PAT_LIST,01/07/2026,C83617,ABBEYVIEW SURGERY,E01034697,FEMALE,1
GP_PRAC_PAT_LIST,01/07/2026,C83617,ABBEYVIEW SURGERY,E01034698,FEMALE,2
GP_PRAC_PAT_LIST,01/07/2026,C83617,ABBEYVIEW SURGERY,E01034699,FEMALE,4
GP_PRAC_PAT_LIST,01/07/2026,C83617,ABBEYVIEW SURGERY,E01034700,FEMALE,5
GP_PRAC_PAT_LIST,01/07/2026,C83617,ABBEYVIEW SURGERY,EMPTY,FEMALE,1
GP_PRAC_PAT_LIST,01/07/2026,C83626,BRAYFORD MEDICAL PRACTICE,CLOSED,FEMALE,8
GP_PRAC_PAT_LIST,01/07/2026,C83626,BRAYFORD MEDICAL PRACTICE,E01006567,FEMALE,1
GP_PRAC_PAT_LIST,01/07/2026,C83626,BRAYFORD MEDICAL PRACTICE,E01008186,FEMALE,1
GP_PRAC_PAT_LIST,01/07/2026,C83626,BRAYFORD MEDICAL PRACTICE,E01009470,FEMALE,1
GP_PRAC_PAT_LIST,01/07/2026,C83626,BRAYFORD MEDICAL PRACTICE,E01011822,FEMALE,1
GP_PRAC_PAT_LIST,01/07/2026,C83626,BRAYFORD MEDICAL PRACTICE,E01012251,FEMALE,1
GP_PRAC_PAT_LIST,01/07/2026,C83626,BRAYFORD MEDICAL PRACTICE,E01012795,FEMALE,1
GP_PRAC_PAT_LIST,01/07/2026,C83626,BRAYFORD MEDICAL PRACTICE,E01013085,FEMALE,1
GP_PRAC_PAT_LIST,01/07/2026,C83626,BRAYFORD MEDICAL PRACTICE,E01013259,FEMALE,3
GP_PRAC_PAT_LIST,01/07/2026,C83626,BRAYFORD MEDICAL PRACTICE,E01013652,FEMALE,1
GP_PRAC_PAT_LIST,01/07/2026,C83626,BRAYFORD MEDICAL PRACTICE,E01013732,FEMALE,1
GP_PRAC_PAT_LIST,01/07/2026,C83626,BRAYFORD MEDICAL PRACTICE,E01015661,FEMALE,2
GP_PRAC_PAT_LIST,01/07/2026,C83626,BRAYFORD MEDICAL PRACTICE,E01019676,FEMALE,1
GP_PRAC_PAT_LIST,01/07/2026,C83626,BRAYFORD MEDICAL PRACTICE,E01021912,FEMALE,1
GP_PRAC_PAT_LIST,01/07/2026,C83626,BRAYFORD MEDICAL PRACTICE,E01022925,FEMALE,1
GP_PRAC_PAT_LIST,01/07/2026,C83626,BRAYFORD MEDICAL PRACTICE,E01023905,FEMALE,1
GP_PRAC_PAT_LIST,01/07/2026,C83626,BRAYFORD MEDICAL PRACTICE,E01025712,FEMALE,1
GP_PRAC_PAT_LIST,01/07/2026,C83626,BRAYFORD MEDICAL PRACTICE,E01026052,FEMALE,1
GP_PRAC_PAT_LIST,01/07/2026,C83626,BRAYFORD MEDICAL PRACTICE,E01026095,FEMALE,1
GP_PRAC_PAT_LIST,01/07/2026,C83626,BRAYFORD MEDICAL PRACTICE,E01026121,FEMALE,4
GP_PRAC_PAT_LIST,01/07/2026,C83626,BRAYFORD MEDICAL PRACTICE,E01026122,FEMALE,174
GP_PRAC_PAT_LIST,01/07/2026,C83626,BRAYFORD MEDICAL PRACTICE,E01026123,FEMALE,93
GP_PRAC_PAT_LIST,01/07/2026,C83626,BRAYFORD MEDICAL PRACTICE,E01026124,FEMALE,87
GP_PRAC_PAT_LIST,01/07/2026,C83626,BRAYFORD MEDICAL PRACTICE,E01026125,FEMALE,57
GP_PRAC_PAT_LIST,01/07/2026,C83626,BRAYFORD MEDICAL PRACTICE,E01026126,FEMALE,142
GP_PRAC_PAT_LIST,01/07/2026,C83626,BRAYFORD MEDICAL PRACTICE,E01026127,FEMALE,9
GP_PRAC_PAT_LIST,01/07/2026,C83626,BRAYFORD MEDICAL PRACTICE,E01026129,FEMALE,14
GP_PRAC_PAT_LIST,01/07/2026,C83626,BRAYFORD MEDICAL PRACTICE,E01026130,FEMALE,13
GP_PRAC_PAT_LIST,01/07/2026,C83626,BRAYFORD MEDICAL PRACTICE,E01026131,FEMALE,4
GP_PRAC_PAT_LIST,01/07/2026,C83626,BRAYFORD MEDICAL PRACTICE,E01026132,FEMALE,330
GP_PRAC_PAT_LIST,01/07/2026,C83626,BRAYFORD MEDICAL PRACTICE,E01026134,FEMALE,141
GP_PRAC_PAT_LIST,01/07/2026,C83626,BRAYFORD MEDICAL PRACTICE,E01026135,FEMALE,32
GP_PRAC_PAT_LIST,01/07/2026,C83626,BRAYFORD MEDICAL PRACTICE,E01026136,FEMALE,42
GP_PRAC_PAT_LIST,01/07/2026,C83626,BRAYFORD MEDICAL PRACTICE,E01026137,FEMALE,14
GP_PRAC_PAT_LIST,01/07/2026,C83626,BRAYFORD MEDICAL PRACTICE,E01026138,FEMALE,17
GP_PRAC_PAT_LIST,01/07/2026,C83626,BRAYFORD MEDICAL PRACTICE,E01026139,FEMALE,17
GP_PRAC_PAT_LIST,01/07/2026,C83626,BRAYFORD MEDICAL PRACTICE,E01026140,FEMALE,11
GP_PRAC_PAT_LIST,01/07/2026,C83626,BRAYFORD MEDICAL PRACTICE,E01026141,FEMALE,23
GP_PRAC_PAT_LIST,01/07/2026,C83626,BRAYFORD MEDICAL PRACTICE,E01026142,FEMALE,16
GP_PRAC_PAT_LIST,01/07/2026,C83626,BRAYFORD MEDICAL PRACTICE,E01026144,FEMALE,399
GP_PRAC_PAT_LIST,01/07/2026,C83626,BRAYFORD MEDICAL PRACTICE,E01026145,FEMALE,171
GP_PRAC_PAT_LIST,01/07/2026,C83626,BRAYFORD MEDICAL PRACTICE,E01026146,FEMALE,301
GP_PRAC_PAT_LIST,01/07/2026,C83626,BRAYFORD MEDICAL PRACTICE,E01026147,FEMALE,153
GP_PRAC_PAT_LIST,01/07/2026,C83626,BRAYFORD MEDICAL PRACTICE,E01026148,FEMALE,81
GP_PRAC_PAT_LIST,01/07/2026,C83626,BRAYFORD MEDICAL PRACTICE,E01026149,FEMALE,74
GP_PRAC_PAT_LIST,01/07/2026,C83626,BRAYFORD MEDICAL PRACTICE,E01026150,FEMALE,76
GP_PRAC_PAT_LIST,01/07/2026,C83626,BRAYFORD MEDICAL PRACTICE,E01026151,FEMALE,76
GP_PRAC_PAT_LIST,01/07/2026,C83626,BRAYFORD MEDICAL PRACTICE,E01026152,FEMALE,29
GP_PRAC_PAT_LIST,01/07/2026,C83626,BRAYFORD MEDICAL PRACTICE,E01026153,FEMALE,35
GP_PRAC_PAT_LIST,01/07/2026,C83626,BRAYFORD MEDICAL PRACTICE,E01026154,FEMALE,39
GP_PRAC_PAT_LIST,01/07/2026,C83626,BRAYFORD MEDICAL PRACTICE,E01026155,FEMALE,26
GP_PRAC_PAT_LIST,01/07/2026,C83626,BRAYFORD MEDICAL PRACTICE,E01026156,FEMALE,29
GP_PRAC_PAT_LIST,01/07/2026,C83626,BRAYFORD MEDICAL PRACTICE,E01026157,FEMALE,33
GP_PRAC_PAT_LIST,01/07/2026,C83626,BRAYFORD MEDICAL PRACTICE,E01026158,FEMALE,8
GP_PRAC_PAT_LIST,01/07/2026,C83626,BRAYFORD MEDICAL PRACTICE,E01026159,FEMALE,17
GP_PRAC_PAT_LIST,01/07/2026,C83626,BRAYFORD MEDICAL PRACTICE,E01026160,FEMALE,10
GP_PRAC_PAT_LIST,01/07/2026,C83626,BRAYFORD MEDICAL PRACTICE,E01026161,FEMALE,36
GP_PRAC_PAT_LIST,01/07/2026,C83626,BRAYFORD MEDICAL PRACTICE,E01026162,FEMALE,15
GP_PRAC_PAT_LIST,01/07/2026,C83626,BRAYFORD MEDICAL PRACTICE,E01026163,FEMALE,10
GP_PRAC_PAT_LIST,01/07/2026,C83626,BRAYFORD MEDICAL PRACTICE,E01026164,FEMALE,23
GP_PRAC_PAT_LIST,01/07/2026,C83626,BRAYFORD MEDICAL PRACTICE,E01026165,FEMALE,45
GP_PRAC_PAT_LIST,01/07/2026,C83626,BRAYFORD MEDICAL PRACTICE,E01026166,FEMALE,33
GP_PRAC_PAT_LIST,01/07/2026,C83626,BRAYFORD MEDICAL PRACTICE,E01026167,FEMALE,107
GP_PRAC_PAT_LIST,01/07/2026,C83626,BRAYFORD MEDICAL PRACTICE,E01026168,FEMALE,47
GP_PRAC_PAT_LIST,01/07/2026,C83626,BRAYFORD MEDICAL PRACTICE,E01026169,FEMALE,21
GP_PRAC_PAT_LIST,01/07/2026,C83626,BRAYFORD MEDICAL PRACTICE,E01026170,FEMALE,34
GP_PRAC_PAT_LIST,01/07/2026,C83626,BRAYFORD MEDICAL PRACTICE,E01026171,FEMALE,15
GP_PRAC_PAT_LIST,01/07/2026,C83626,BRAYFORD MEDICAL PRACTICE,E01026172,FEMALE,41
GP_PRAC_PAT_LIST,01/07/2026,C83626,BRAYFORD MEDICAL PRACTICE,E01026173,FEMALE,26
GP_PRAC_PAT_LIST,01/07/2026,C83626,BRAYFORD MEDICAL PRACTICE,E01026174,FEMALE,68
GP_PRAC_PAT_LIST,01/07/2026,C83626,BRAYFORD MEDICAL PRACTICE,E01026175,FEMALE,78
GP_PRAC_PAT_LIST,01/07/2026,C83626,BRAYFORD MEDICAL PRACTICE,E01026176,FEMALE,130
GP_PRAC_PAT_LIST,01/07/2026,C83626,BRAYFORD MEDICAL PRACTICE,E01026177,FEMALE,144
GP_PRAC_PAT_LIST,01/07/2026,C83626,BRAYFORD MEDICAL PRACTICE,E01026178,FEMALE,151
GP_PRAC_PAT_LIST,01/07/2026,C83626,BRAYFORD MEDICAL PRACTICE,E01026179,FEMALE,3
GP_PRAC_PAT_LIST,01/07/2026,C83626,BRAYFORD MEDICAL PRACTICE,E01026180,FEMALE,1
GP_PRAC_PAT_LIST,01/07/2026,C83626,BRAYFORD MEDICAL PRACTICE,E01026182,FEMALE,2
GP_PRAC_PAT_LIST,01/07/2026,C83626,BRAYFORD MEDICAL PRACTICE,E01026183,FEMALE,1
GP_PRAC_PAT_LIST,01/07/2026,C83626,BRAYFORD MEDICAL PRACTICE,E01026184,FEMALE,18
GP_PRAC_PAT_LIST,01/07/2026,C83626,BRAYFORD MEDICAL PRACTICE,E01026185,FEMALE,14
GP_PRAC_PAT_LIST,01/07/2026,C83626,BRAYFORD MEDICAL PRACTICE,E01026186,FEMALE,14
GP_PRAC_PAT_LIST,01/07/2026,C83626,BRAYFORD MEDICAL PRACTICE,E01026187,FEMALE,30
GP_PRAC_PAT_LIST,01/07/2026,C83626,BRAYFORD MEDICAL PRACTICE,E01026188,FEMALE,22
GP_PRAC_PAT_LIST,01/07/2026,C83626,BRAYFORD MEDICAL PRACTICE,E01026189,FEMALE,6
GP_PRAC_PAT_LIST,01/07/2026,C83626,BRAYFORD MEDICAL PRACTICE,E01026190,FEMALE,2
GP_PRAC_PAT_LIST,01/07/2026,C83626,BRAYFORD MEDICAL PRACTICE,E01026191,FEMALE,3
GP_PRAC_PAT_LIST,01/07/2026,C83626,BRAYFORD MEDICAL PRACTICE,E01026193,FEMALE,1
GP_PRAC_PAT_LIST,01/07/2026,C83626,BRAYFORD MEDICAL PRACTICE,E01026194,FEMALE,3
GP_PRAC_PAT_LIST,01/07/2026,C83626,BRAYFORD MEDICAL PRACTICE,E01026195,FEMALE,3
GP_PRAC_PAT_LIST,01/07/2026,C83626,BRAYFORD MEDICAL PRACTICE,E01026196,FEMALE,1
GP_PRAC_PAT_LIST,01/07/2026,C83626,BRAYFORD MEDICAL PRACTICE,E01026197,FEMALE,2
GP_PRAC_PAT_LIST,01/07/2026,C83626,BRAYFORD MEDICAL PRACTICE,E01026199,FEMALE,5
GP_PRAC_PAT_LIST,01/07/2026,C83626,BRAYFORD MEDICAL PRACTICE,E01026203,FEMALE,18
GP_PRAC_PAT_LIST,01/07/2026,C83626,BRAYFORD MEDICAL PRACTICE,E01026204,FEMALE,2
GP_PRAC_PAT_LIST,01/07/2026,C83626,BRAYFORD MEDICAL PRACTICE,E01026205,FEMALE,16
GP_PRAC_PAT_LIST,01/07/2026,C83626,BRAYFORD MEDICAL PRACTICE,E01026206,FEMALE,7
GP_PRAC_PAT_LIST,01/07/2026,C83626,BRAYFORD MEDICAL PRACTICE,E01026210,FEMALE,4
GP_PRAC_PAT_LIST,01/07/2026,C83626,BRAYFORD MEDICAL PRACTICE,E01026211,FEMALE,4
GP_PRAC_PAT_LIST,01/07/2026,C83626,BRAYFORD MEDICAL PRACTICE,E01026212,FEMALE,6
GP_PRAC_PAT_LIST,01/07/2026,C83626,BRAYFORD MEDICAL PRACTICE,E01026213,FEMALE,6
GP_PRAC_PAT_LIST,01/07/2026,C83626,BRAYFORD MEDICAL PRACTICE,E01026214,FEMALE,5
GP_PRAC_PAT_LIST,01/07/2026,C83626,BRAYFORD MEDICAL PRACTICE,E01026215,FEMALE,5
GP_PRAC_PAT_LIST,01/07/2026,C83626,BRAYFORD MEDICAL PRACTICE,E01026218,FEMALE,2
GP_PRAC_PAT_LIST,01/07/2026,C83626,BRAYFORD MEDICAL PRACTICE,E01026219,FEMALE,9
GP_PRAC_PAT_LIST,01/07/2026,C83626,BRAYFORD MEDICAL PRACTICE,E01026220,FEMALE,17
GP_PRAC_PAT_LIST,01/07/2026,C83626,BRAYFORD MEDICAL PRACTICE,E01026225,FEMALE,18
GP_PRAC_PAT_LIST,01/07/2026,C83626,BRAYFORD MEDICAL PRACTICE,E01026226,FEMALE,17
GP_PRAC_PAT_LIST,01/07/2026,C83626,BRAYFORD MEDICAL PRACTICE,E01026237,FEMALE,10
GP_PRAC_PAT_LIST,01/07/2026,C83626,BRAYFORD MEDICAL PRACTICE,E01026238,FEMALE,13
GP_PRAC_PAT_LIST,01/07/2026,C83626,BRAYFORD MEDICAL PRACTICE,E01026268,FEMALE,1
GP_PRAC_PAT_LIST,01/07/2026,C83626,BRAYFORD MEDICAL PRACTICE,E01026366,FEMALE,4
GP_PRAC_PAT_LIST,01/07/2026,C83626,BRAYFORD MEDICAL PRACTICE,E01026369,FEMALE,15
GP_PRAC_PAT_LIST,01/07/2026,C83626,BRAYFORD MEDICAL PRACTICE,E01026370,FEMALE,16
GP_PRAC_PAT_LIST,01/07/2026,C83626,BRAYFORD MEDICAL PRACTICE,E01026371,FEMALE,8
GP_PRAC_PAT_LIST,01/07/2026,C83626,BRAYFORD MEDICAL PRACTICE,E01026372,FEMALE,13
GP_PRAC_PAT_LIST,01/07/2026,C83626,BRAYFORD MEDICAL PRACTICE,E01026373,FEMALE,19
GP_PRAC_PAT_LIST,01/07/2026,C83626,BRAYFORD MEDICAL PRACTICE,E01026382,FEMALE,1
GP_PRAC_PAT_LIST,01/07/2026,C83626,BRAYFORD MEDICAL PRACTICE,E01026384,FEMALE,1
GP_PRAC_PAT_LIST,01/07/2026,C83626,BRAYFORD MEDICAL PRACTICE,E01026393,FEMALE,9
GP_PRAC_PAT_LIST,01/07/2026,C83626,BRAYFORD MEDICAL PRACTICE,E01026394,FEMALE,49
GP_PRAC_PAT_LIST,01/07/2026,C83626,BRAYFORD MEDICAL PRACTICE,E01026395,FEMALE,6
GP_PRAC_PAT_LIST,01/07/2026,C83626,BRAYFORD MEDICAL PRACTICE,E01026396,FEMALE,11
GP_PRAC_PAT_LIST,01/07/2026,C83626,BRAYFORD MEDICAL PRACTICE,E01026398,FEMALE,15
GP_PRAC_PAT_LIST,01/07/2026,C83626,BRAYFORD MEDICAL PRACTICE,E01026400,FEMALE,11
GP_PRAC_PAT_LIST,01/07/2026,C83626,BRAYFORD MEDICAL PRACTICE,E01026404,FEMALE,3
GP_PRAC_PAT_LIST,01/07/2026,C83626,BRAYFORD MEDICAL PRACTICE,E01026405,FEMALE,13
GP_PRAC_PAT_LIST,01/07/2026,C83626,BRAYFORD MEDICAL PRACTICE,E01026406,FEMALE,3
GP_PRAC_PAT_LIST,01/07/2026,C83626,BRAYFORD MEDICAL PRACTICE,E01026409,FEMALE,6
GP_PRAC_PAT_LIST,01/07/2026,C83626,BRAYFORD MEDICAL PRACTICE,E01026412,FEMALE,9
GP_PRAC_PAT_LIST,01/07/2026,C83626,BRAYFORD MEDICAL PRACTICE,E01026413,FEMALE,5
GP_PRAC_PAT_LIST,01/07/2026,C83626,BRAYFORD MEDICAL PRACTICE,E01026414,FEMALE,6
GP_PRAC_PAT_LIST,01/07/2026,C83626,BRAYFORD MEDICAL PRACTICE,E01026999,FEMALE,1
GP_PRAC_PAT_LIST,01/07/2026,C83626,BRAYFORD MEDICAL PRACTICE,E01027060,FEMALE,1
GP_PRAC_PAT_LIST,01/07/2026,C83626,BRAYFORD MEDICAL PRACTICE,E01028059,FEMALE,1
GP_PRAC_PAT_LIST,01/07/2026,C83626,BRAYFORD MEDICAL PRACTICE,E01028073,FEMALE,1
GP_PRAC_PAT_LIST,01/07/2026,C83626,BRAYFORD MEDICAL PRACTICE,E01028279,FEMALE,1
GP_PRAC_PAT_LIST,01/07/2026,C83626,BRAYFORD MEDICAL PRACTICE,E01028410,FEMALE,1
GP_PRAC_PAT_LIST,01/07/2026,C83626,BRAYFORD MEDICAL PRACTICE,E01030152,FEMALE,1
GP_PRAC_PAT_LIST,01/07/2026,C83626,BRAYFORD MEDICAL PRACTICE,E01032988,FEMALE,7
GP_PRAC_PAT_LIST,01/07/2026,C83626,BRAYFORD MEDICAL PRACTICE,E01032989,FEMALE,24
GP_PRAC_PAT_LIST,01/07/2026,C83626,BRAYFORD MEDICAL PRACTICE,E01032991,FEMALE,11
GP_PRAC_PAT_LIST,01/07/2026,C83626,BRAYFORD MEDICAL PRACTICE,E01032992,FEMALE,15
GP_PRAC_PAT_LIST,01/07/2026,C83626,BRAYFORD MEDICAL PRACTICE,E01032993,FEMALE,21
GP_PRAC_PAT_LIST,01/07/2026,C83626,BRAYFORD MEDICAL PRACTICE,E01032994,FEMALE,10
GP_PRAC_PAT_LIST,01/07/2026,C83626,BRAYFORD MEDICAL PRACTICE,E01032999,FEMALE,1
GP_PRAC_PAT_LIST,01/07/2026,C83626,BRAYFORD MEDICAL PRACTICE,E01034575,FEMALE,1
GP_PRAC_PAT_LIST,01/07/2026,C83626,BRAYFORD MEDICAL PRACTICE,E01034687,FEMALE,208
GP_PRAC_PAT_LIST,01/07/2026,C83626,BRAYFORD MEDICAL PRACTICE,E01034688,FEMALE,272
GP_PRAC_PAT_LIST,01/07/2026,C83626,BRAYFORD MEDICAL PRACTICE,E01034689,FEMALE,21
GP_PRAC_PAT_LIST,01/07/2026,C83626,BRAYFORD MEDICAL PRACTICE,E01034690,FEMALE,12
GP_PRAC_PAT_LIST,01/07/2026,C83626,BRAYFORD MEDICAL PRACTICE,E01034691,FEMALE,272
GP_PRAC_PAT_LIST,01/07/2026,C83626,BRAYFORD MEDICAL PRACTICE,E01034692,FEMALE,110
GP_PRAC_PAT_LIST,01/07/2026,C83626,BRAYFORD MEDICAL PRACTICE,E01034693,FEMALE,10
GP_PRAC_PAT_LIST,01/07/2026,C83626,BRAYFORD MEDICAL PRACTICE,E01034694,FEMALE,19
GP_PRAC_PAT_LIST,01/07/2026,C83626,BRAYFORD MEDICAL PRACTICE,E01034706,FEMALE,23
GP_PRAC_PAT_LIST,01/07/2026,C83626,BRAYFORD MEDICAL PRACTICE,E01034707,FEMALE,27
GP_PRAC_PAT_LIST,01/07/2026,C83626,BRAYFORD MEDICAL PRACTICE,EMPTY,FEMALE,5
GP_PRAC_PAT_LIST,01/07/2026,C83634,TASBURGH LODGE SURGERY,E01019122,FEMALE,2
GP_PRAC_PAT_LIST,01/07/2026,C83634,TASBURGH LODGE SURGERY,E01021016,FEMALE,1
GP_PRAC_PAT_LIST,01/07/2026,C83634,TASBURGH LODGE SURGERY,E01021994,FEMALE,1
GP_PRAC_PAT_LIST,01/07/2026,C83634,TASBURGH LODGE SURGERY,E01026018,FEMALE,1
GP_PRAC_PAT_LIST,01/07/2026,C83634,TASBURGH LODGE SURGERY,E01026021,FEMALE,1
GP_PRAC_PAT_LIST,01/07/2026,C83634,TASBURGH LODGE SURGERY,E01026033,FEMALE,3
GP_PRAC_PAT_LIST,01/07/2026,C83634,TASBURGH LODGE SURGERY,E01026051,FEMALE,105
GP_PRAC_PAT_LIST,01/07/2026,C83634,TASBURGH LODGE SURGERY,E01026052,FEMALE,167
GP_PRAC_PAT_LIST,01/07/2026,C83634,TASBURGH LODGE SURGERY,E01026053,FEMALE,206
GP_PRAC_PAT_LIST,01/07/2026,C83634,TASBURGH LODGE SURGERY,E01026054,FEMALE,115
GP_PRAC_PAT_LIST,01/07/2026,C83634,TASBURGH LODGE SURGERY,E01026064,FEMALE,13
GP_PRAC_PAT_LIST,01/07/2026,C83634,TASBURGH LODGE SURGERY,E01026065,FEMALE,22
GP_PRAC_PAT_LIST,01/07/2026,C83634,TASBURGH LODGE SURGERY,E01026066,FEMALE,72
GP_PRAC_PAT_LIST,01/07/2026,C83634,TASBURGH LODGE SURGERY,E01026067,FEMALE,14
GP_PRAC_PAT_LIST,01/07/2026,C83634,TASBURGH LODGE SURGERY,E01026075,FEMALE,69
GP_PRAC_PAT_LIST,01/07/2026,C83634,TASBURGH LODGE SURGERY,E01026082,FEMALE,151
GP_PRAC_PAT_LIST,01/07/2026,C83634,TASBURGH LODGE SURGERY,E01026091,FEMALE,1
GP_PRAC_PAT_LIST,01/07/2026,C83634,TASBURGH LODGE SURGERY,E01026098,FEMALE,1
GP_PRAC_PAT_LIST,01/07/2026,C83634,TASBURGH LODGE SURGERY,E01026105,FEMALE,9
GP_PRAC_PAT_LIST,01/07/2026,C83634,TASBURGH LODGE SURGERY,E01026118,FEMALE,643
GP_PRAC_PAT_LIST,01/07/2026,C83634,TASBURGH LODGE SURGERY,E01026119,FEMALE,369
GP_PRAC_PAT_LIST,01/07/2026,C83634,TASBURGH LODGE SURGERY,E01026120,FEMALE,543
GP_PRAC_PAT_LIST,01/07/2026,C83634,TASBURGH LODGE SURGERY,E01026122,FEMALE,1
GP_PRAC_PAT_LIST,01/07/2026,C83634,TASBURGH LODGE SURGERY,E01026180,FEMALE,1
GP_PRAC_PAT_LIST,01/07/2026,C83634,TASBURGH LODGE SURGERY,E01026183,FEMALE,21
GP_PRAC_PAT_LIST,01/07/2026,C83634,TASBURGH LODGE SURGERY,E01026207,FEMALE,1
GP_PRAC_PAT_LIST,01/07/2026,C83634,TASBURGH LODGE SURGERY,E01026210,FEMALE,118
GP_PRAC_PAT_LIST,01/07/2026,C83634,TASBURGH LODGE SURGERY,E01026211,FEMALE,9
GP_PRAC_PAT_LIST,01/07/2026,C83634,TASBURGH LODGE SURGERY,E01026212,FEMALE,5
GP_PRAC_PAT_LIST,01/07/2026,C83634,TASBURGH LODGE SURGERY,E01026213,FEMALE,8
GP_PRAC_PAT_LIST,01/07/2026,C83634,TASBURGH LODGE SURGERY,E01026272,FEMALE,1
GP_PRAC_PAT_LIST,01/07/2026,C83634,TASBURGH LODGE SURGERY,E01026366,FEMALE,16
GP_PRAC_PAT_LIST,01/07/2026,C83634,TASBURGH LODGE SURGERY,E01027632,FEMALE,1
GP_PRAC_PAT_LIST,01/07/2026,C83634,TASBURGH LODGE SURGERY,EMPTY,FEMALE,2
GP_PRAC_PAT_LIST,01/07/2026,C83635,WOODHALL SPA NEW SURGERY,E01026051,FEMALE,9
GP_PRAC_PAT_LIST,01/07/2026,C83635,WOODHALL SPA NEW SURGERY,E01026052,FEMALE,6
GP_PRAC_PAT_LIST,01/07/2026,C83635,WOODHALL SPA NEW SURGERY,E01026053,FEMALE,41
GP_PRAC_PAT_LIST,01/07/2026,C83635,WOODHALL SPA NEW SURGERY,E01026054,FEMALE,4
GP_PRAC_PAT_LIST,01/07/2026,C83635,WOODHALL SPA NEW SURGERY,E01026057,FEMALE,3
GP_PRAC_PAT_LIST,01/07/2026,C83635,WOODHALL SPA NEW SURGERY,E01026064,FEMALE,3
GP_PRAC_PAT_LIST,01/07/2026,C83635,WOODHALL SPA NEW SURGERY,E01026065,FEMALE,7
GP_PRAC_PAT_LIST,01/07/2026,C83635,WOODHALL SPA NEW SURGERY,E01026066,FEMALE,35
GP_PRAC_PAT_LIST,01/07/2026,C83635,WOODHALL SPA NEW SURGERY,E01026067,FEMALE,1
GP_PRAC_PAT_LIST,01/07/2026,C83635,WOODHALL SPA NEW SURGERY,E01026068,FEMALE,1
GP_PRAC_PAT_LIST,01/07/2026,C83635,WOODHALL SPA NEW SURGERY,E01026071,FEMALE,1
GP_PRAC_PAT_LIST,01/07/2026,C83635,WOODHALL SPA NEW SURGERY,E01026075,FEMALE,8
GP_PRAC_PAT_LIST,01/07/2026,C83635,WOODHALL SPA NEW SURGERY,E01026077,FEMALE,1
GP_PRAC_PAT_LIST,01/07/2026,C83635,WOODHALL SPA NEW SURGERY,E01026081,FEMALE,1
GP_PRAC_PAT_LIST,01/07/2026,C83635,WOODHALL SPA NEW SURGERY,E01026082,FEMALE,576
GP_PRAC_PAT_LIST,01/07/2026,C83635,WOODHALL SPA NEW SURGERY,E01026105,FEMALE,3
GP_PRAC_PAT_LIST,01/07/2026,C83635,WOODHALL SPA NEW SURGERY,E01026111,FEMALE,1
GP_PRAC_PAT_LIST,01/07/2026,C83635,WOODHALL SPA NEW SURGERY,E01026113,FEMALE,1
GP_PRAC_PAT_LIST,01/07/2026,C83635,WOODHALL SPA NEW SURGERY,E01026118,FEMALE,325
GP_PRAC_PAT_LIST,01/07/2026,C83635,WOODHALL SPA NEW SURGERY,E01026119,FEMALE,185
GP_PRAC_PAT_LIST,01/07/2026,C83635,WOODHALL SPA NEW SURGERY,E01026120,FEMALE,162
GP_PRAC_PAT_LIST,01/07/2026,C83635,WOODHALL SPA NEW SURGERY,E01026121,FEMALE,3
GP_PRAC_PAT_LIST,01/07/2026,C83635,WOODHALL SPA NEW SURGERY,E01026180,FEMALE,1
GP_PRAC_PAT_LIST,01/07/2026,C83635,WOODHALL SPA NEW SURGERY,E01026183,FEMALE,2
GP_PRAC_PAT_LIST,01/07/2026,C83635,WOODHALL SPA NEW SURGERY,E01026185,FEMALE,3
GP_PRAC_PAT_LIST,01/07/2026,C83635,WOODHALL SPA NEW SURGERY,E01026188,FEMALE,1
GP_PRAC_PAT_LIST,01/07/2026,C83635,WOODHALL SPA NEW SURGERY,E01026190,FEMALE,1
GP_PRAC_PAT_LIST,01/07/2026,C83635,WOODHALL SPA NEW SURGERY,E01026191,FEMALE,16
GP_PRAC_PAT_LIST,01/07/2026,C83635,WOODHALL SPA NEW SURGERY,E01026210,FEMALE,353
GP_PRAC_PAT_LIST,01/07/2026,C83635,WOODHALL SPA NEW SURGERY,E01026211,FEMALE,14
GP_PRAC_PAT_LIST,01/07/2026,C83635,WOODHALL SPA NEW SURGERY,E01026212,FEMALE,6
GP_PRAC_PAT_LIST,01/07/2026,C83635,WOODHALL SPA NEW SURGERY,E01026366,FEMALE,985
GP_PRAC_PAT_LIST,01/07/2026,C83635,WOODHALL SPA NEW SURGERY,E01026405,FEMALE,1
GP_PRAC_PAT_LIST,01/07/2026,C83635,WOODHALL SPA NEW SURGERY,E01026412,FEMALE,1
GP_PRAC_PAT_LIST,01/07/2026,C83635,WOODHALL SPA NEW SURGERY,E01032993,FEMALE,1
GP_PRAC_PAT_LIST,01/07/2026,C83635,WOODHALL SPA NEW SURGERY,E01034679,FEMALE,1
GP_PRAC_PAT_LIST,01/07/2026,C83635,WOODHALL SPA NEW SURGERY,EMPTY,FEMALE,1
GP_PRAC_PAT_LIST,01/07/2026,C83641,TRENT VALLEY SURGERY,E01026047,FEMALE,1
GP_PRAC_PAT_LIST,01/07/2026,C83641,TRENT VALLEY SURGERY,E01026130,FEMALE,7
GP_PRAC_PAT_LIST,01/07/2026,C83641,TRENT VALLEY SURGERY,E01026131,FEMALE,1
GP_PRAC_PAT_LIST,01/07/2026,C83641,TRENT VALLEY SURGERY,E01026135,FEMALE,1
GP_PRAC_PAT_LIST,01/07/2026,C83641,TRENT VALLEY SURGERY,E01026136,FEMALE,3
GP_PRAC_PAT_LIST,01/07/2026,C83641,TRENT VALLEY SURGERY,E01026138,FEMALE,1
GP_PRAC_PAT_LIST,01/07/2026,C83641,TRENT VALLEY SURGERY,E01026147,FEMALE,7
GP_PRAC_PAT_LIST,01/07/2026,C83641,TRENT VALLEY SURGERY,E01026150,FEMALE,1
GP_PRAC_PAT_LIST,01/07/2026,C83641,TRENT VALLEY SURGERY,E01026151,FEMALE,1
GP_PRAC_PAT_LIST,01/07/2026,C83641,TRENT VALLEY SURGERY,E01026156,FEMALE,3
GP_PRAC_PAT_LIST,01/07/2026,C83641,TRENT VALLEY SURGERY,E01026158,FEMALE,1
GP_PRAC_PAT_LIST,01/07/2026,C83641,TRENT VALLEY SURGERY,E01026159,FEMALE,1
GP_PRAC_PAT_LIST,01/07/2026,C83641,TRENT VALLEY SURGERY,E01026160,FEMALE,2
GP_PRAC_PAT_LIST,01/07/2026,C83641,TRENT VALLEY SURGERY,E01026167,FEMALE,1
GP_PRAC_PAT_LIST,01/07/2026,C83641,TRENT VALLEY SURGERY,E01026168,FEMALE,1
GP_PRAC_PAT_LIST,01/07/2026,C83641,TRENT VALLEY SURGERY,E01026170,FEMALE,1
GP_PRAC_PAT_LIST,01/07/2026,C83641,TRENT VALLEY SURGERY,E01026173,FEMALE,1
GP_PRAC_PAT_LIST,01/07/2026,C83641,TRENT VALLEY SURGERY,E01026178,FEMALE,1
GP_PRAC_PAT_LIST,01/07/2026,C83641,TRENT VALLEY SURGERY,E01026185,FEMALE,2
GP_PRAC_PAT_LIST,01/07/2026,C83641,TRENT VALLEY SURGERY,E01026189,FEMALE,1
GP_PRAC_PAT_LIST,01/07/2026,C83641,TRENT VALLEY SURGERY,E01026190,FEMALE,1
GP_PRAC_PAT_LIST,01/07/2026,C83641,TRENT VALLEY SURGERY,E01026193,FEMALE,2
GP_PRAC_PAT_LIST,01/07/2026,C83641,TRENT VALLEY SURGERY,E01026199,FEMALE,40
GP_PRAC_PAT_LIST,01/07/2026,C83641,TRENT VALLEY SURGERY,E01026214,FEMALE,1
GP_PRAC_PAT_LIST,01/07/2026,C83641,TRENT VALLEY SURGERY,E01026219,FEMALE,1
GP_PRAC_PAT_LIST,01/07/2026,C83641,TRENT VALLEY SURGERY,E01026220,FEMALE,1
GP_PRAC_PAT_LIST,01/07/2026,C83641,TRENT VALLEY SURGERY,E01026225,FEMALE,61
GP_PRAC_PAT_LIST,01/07/2026,C83641,TRENT VALLEY SURGERY,E01026226,FEMALE,43
GP_PRAC_PAT_LIST,01/07/2026,C83641,TRENT VALLEY SURGERY,E01026372,FEMALE,1
GP_PRAC_PAT_LIST,01/07/2026,C83641,TRENT VALLEY SURGERY,E01026374,FEMALE,2
GP_PRAC_PAT_LIST,01/07/2026,C83641,TRENT VALLEY SURGERY,E01026376,FEMALE,2
GP_PRAC_PAT_LIST,01/07/2026,C83641,TRENT VALLEY SURGERY,E01026377,FEMALE,1
GP_PRAC_PAT_LIST,01/07/2026,C83641,TRENT VALLEY SURGERY,E01026378,FEMALE,2
GP_PRAC_PAT_LIST,01/07/2026,C83641,TRENT VALLEY SURGERY,E01026379,FEMALE,1
GP_PRAC_PAT_LIST,01/07/2026,C83641,TRENT VALLEY SURGERY,E01026380,FEMALE,4
GP_PRAC_PAT_LIST,01/07/2026,C83641,TRENT VALLEY SURGERY,E01026382,FEMALE,13
GP_PRAC_PAT_LIST,01/07/2026,C83641,TRENT VALLEY SURGERY,E01026388,FEMALE,5
GP_PRAC_PAT_LIST,01/07/2026,C83641,TRENT VALLEY SURGERY,E01026391,FEMALE,2
GP_PRAC_PAT_LIST,01/07/2026,C83641,TRENT VALLEY SURGERY,E01026392,FEMALE,2
GP_PRAC_PAT_LIST,01/07/2026,C83641,TRENT VALLEY SURGERY,E01026394,FEMALE,3
GP_PRAC_PAT_LIST,01/07/2026,C83641,TRENT VALLEY SURGERY,E01026395,FEMALE,3
GP_PRAC_PAT_LIST,01/07/2026,C83641,TRENT VALLEY SURGERY,E01026396,FEMALE,200
GP_PRAC_PAT_LIST,01/07/2026,C83641,TRENT VALLEY SURGERY,E01026398,FEMALE,219
GP_PRAC_PAT_LIST,01/07/2026,C83641,TRENT VALLEY SURGERY,E01026399,FEMALE,6
GP_PRAC_PAT_LIST,01/07/2026,C83641,TRENT VALLEY SURGERY,E01026400,FEMALE,19
GP_PRAC_PAT_LIST,01/07/2026,C83641,TRENT VALLEY SURGERY,E01026404,FEMALE,192
GP_PRAC_PAT_LIST,01/07/2026,C83641,TRENT VALLEY SURGERY,E01026405,FEMALE,1
GP_PRAC_PAT_LIST,01/07/2026,C83641,TRENT VALLEY SURGERY,E01026408,FEMALE,1
GP_PRAC_PAT_LIST,01/07/2026,C83641,TRENT VALLEY SURGERY,E01026409,FEMALE,287
GP_PRAC_PAT_LIST,01/07/2026,C83641,TRENT VALLEY SURGERY,E01026410,FEMALE,323
GP_PRAC_PAT_LIST,01/07/2026,C83641,TRENT VALLEY SURGERY,E01026412,FEMALE,4
GP_PRAC_PAT_LIST,01/07/2026,C83641,TRENT VALLEY SURGERY,E01026413,FEMALE,1
GP_PRAC_PAT_LIST,01/07/2026,C83641,TRENT VALLEY SURGERY,E01028005,FEMALE,1
GP_PRAC_PAT_LIST,01/07/2026,C83641,TRENT VALLEY SURGERY,E01028006,FEMALE,1
GP_PRAC_PAT_LIST,01/07/2026,C83641,TRENT VALLEY SURGERY,E01028033,FEMALE,1
GP_PRAC_PAT_LIST,01/07/2026,C83641,TRENT VALLEY SURGERY,E01028039,FEMALE,1
GP_PRAC_PAT_LIST,01/07/2026,C83641,TRENT VALLEY SURGERY,E01028291,FEMALE,1
GP_PRAC_PAT_LIST,01/07/2026,C83641,TRENT VALLEY SURGERY,E01028317,FEMALE,93
GP_PRAC_PAT_LIST,01/07/2026,C83641,TRENT VALLEY SURGERY,E01028333,FEMALE,1
GP_PRAC_PAT_LIST,01/07/2026,C83641,TRENT VALLEY SURGERY,E01032988,FEMALE,2
GP_PRAC_PAT_LIST,01/07/2026,C83641,TRENT VALLEY SURGERY,E01032992,FEMALE,2
GP_PRAC_PAT_LIST,01/07/2026,C83641,TRENT VALLEY SURGERY,E01032993,FEMALE,1
GP_PRAC_PAT_LIST,01/07/2026,C83641,TRENT VALLEY SURGERY,E01032994,FEMALE,1
GP_PRAC_PAT_LIST,01/07/2026,C83641,TRENT VALLEY SURGERY,E01034687,FEMALE,1
GP_PRAC_PAT_LIST,01/07/2026,C83641,TRENT VALLEY SURGERY,E01034691,FEMALE,1
GP_PRAC_PAT_LIST,01/07/2026,C83641,TRENT VALLEY SURGERY,E01034693,FEMALE,5
GP_PRAC_PAT_LIST,01/07/2026,C83641,TRENT VALLEY SURGERY,E01034706,FEMALE,272
GP_PRAC_PAT_LIST,01/07/2026,C83641,TRENT VALLEY SURGERY,E01034707,FEMALE,116
GP_PRAC_PAT_LIST,01/07/2026,C83641,TRENT VALLEY SURGERY,EMPTY,FEMALE,1
GP_PRAC_PAT_LIST,01/07/2026,C83643,BINBROOK SURGERY,E01008407,FEMALE,1
GP_PRAC_PAT_LIST,01/07/2026,C83643,BINBROOK SURGERY,E01013225,FEMALE,50
GP_PRAC_PAT_LIST,01/07/2026,C83643,BINBROOK SURGERY,E01026045,FEMALE,407
GP_PRAC_PAT_LIST,01/07/2026,C83643,BINBROOK SURGERY,E01026070,FEMALE,11
GP_PRAC_PAT_LIST,01/07/2026,C83643,BINBROOK SURGERY,E01026071,FEMALE,87
GP_PRAC_PAT_LIST,01/07/2026,C83643,BINBROOK SURGERY,E01026080,FEMALE,3
GP_PRAC_PAT_LIST,01/07/2026,C83643,BINBROOK SURGERY,E01026089,FEMALE,1
GP_PRAC_PAT_LIST,01/07/2026,C83643,BINBROOK SURGERY,E01026090,FEMALE,1
GP_PRAC_PAT_LIST,01/07/2026,C83643,BINBROOK SURGERY,E01026091,FEMALE,2
GP_PRAC_PAT_LIST,01/07/2026,C83643,BINBROOK SURGERY,E01026367,FEMALE,6
GP_PRAC_PAT_LIST,01/07/2026,C83643,BINBROOK SURGERY,E01026381,FEMALE,1
GP_PRAC_PAT_LIST,01/07/2026,C83643,BINBROOK SURGERY,E01026388,FEMALE,1
GP_PRAC_PAT_LIST,01/07/2026,C83643,BINBROOK SURGERY,E01026389,FEMALE,7
GP_PRAC_PAT_LIST,01/07/2026,C83643,BINBROOK SURGERY,E01026390,FEMALE,6
GP_PRAC_PAT_LIST,01/07/2026,C83643,BINBROOK SURGERY,E01026391,FEMALE,75
GP_PRAC_PAT_LIST,01/07/2026,C83643,BINBROOK SURGERY,E01026392,FEMALE,9
GP_PRAC_PAT_LIST,01/07/2026,C83643,BINBROOK SURGERY,E01026414,FEMALE,2
GP_PRAC_PAT_LIST,01/07/2026,C83643,BINBROOK SURGERY,E01026415,FEMALE,499
GP_PRAC_PAT_LIST,01/07/2026,C83643,BINBROOK SURGERY,E01026416,FEMALE,19
GP_PRAC_PAT_LIST,01/07/2026,C83649,MARKET CROSS SURGERY,E01000959,FEMALE,1
GP_PRAC_PAT_LIST,01/07/2026,C83649,MARKET CROSS SURGERY,E01013238,FEMALE,1
GP_PRAC_PAT_LIST,01/07/2026,C83649,MARKET CROSS SURGERY,E01013788,FEMALE,1
GP_PRAC_PAT_LIST,01/07/2026,C83649,MARKET CROSS SURGERY,E01013790,FEMALE,20
GP_PRAC_PAT_LIST,01/07/2026,C83649,MARKET CROSS SURGERY,E01015590,FEMALE,1
GP_PRAC_PAT_LIST,01/07/2026,C83649,MARKET CROSS SURGERY,E01025912,FEMALE,19
GP_PRAC_PAT_LIST,01/07/2026,C83649,MARKET CROSS SURGERY,E01026221,FEMALE,4
GP_PRAC_PAT_LIST,01/07/2026,C83649,MARKET CROSS SURGERY,E01026289,FEMALE,1
GP_PRAC_PAT_LIST,01/07/2026,C83649,MARKET CROSS SURGERY,E01026290,FEMALE,28
GP_PRAC_PAT_LIST,01/07/2026,C83649,MARKET CROSS SURGERY,E01026291,FEMALE,10
GP_PRAC_PAT_LIST,01/07/2026,C83649,MARKET CROSS SURGERY,E01026292,FEMALE,2
GP_PRAC_PAT_LIST,01/07/2026,C83649,MARKET CROSS SURGERY,E01026293,FEMALE,22
GP_PRAC_PAT_LIST,01/07/2026,C83649,MARKET CROSS SURGERY,E01026294,FEMALE,3
GP_PRAC_PAT_LIST,01/07/2026,C83649,MARKET CROSS SURGERY,E01026296,FEMALE,5
GP_PRAC_PAT_LIST,01/07/2026,C83649,MARKET CROSS SURGERY,E01026297,FEMALE,6
GP_PRAC_PAT_LIST,01/07/2026,C83649,MARKET CROSS SURGERY,E01026298,FEMALE,6
GP_PRAC_PAT_LIST,01/07/2026,C83649,MARKET CROSS SURGERY,E01026299,FEMALE,7
GP_PRAC_PAT_LIST,01/07/2026,C83649,MARKET CROSS SURGERY,E01026300,FEMALE,6
GP_PRAC_PAT_LIST,01/07/2026,C83649,MARKET CROSS SURGERY,E01026302,FEMALE,6
GP_PRAC_PAT_LIST,01/07/2026,C83649,MARKET CROSS SURGERY,E01026309,FEMALE,6
GP_PRAC_PAT_LIST,01/07/2026,C83649,MARKET CROSS SURGERY,E01026311,FEMALE,1
GP_PRAC_PAT_LIST,01/07/2026,C83649,MARKET CROSS SURGERY,E01026315,FEMALE,51
GP_PRAC_PAT_LIST,01/07/2026,C83649,MARKET CROSS SURGERY,E01026316,FEMALE,1049
GP_PRAC_PAT_LIST,01/07/2026,C83649,MARKET CROSS SURGERY,E01026317,FEMALE,7
GP_PRAC_PAT_LIST,01/07/2026,C83649,MARKET CROSS SURGERY,E01026318,FEMALE,6
GP_PRAC_PAT_LIST,01/07/2026,C83649,MARKET CROSS SURGERY,E01026319,FEMALE,14
GP_PRAC_PAT_LIST,01/07/2026,C83649,MARKET CROSS SURGERY,E01026321,FEMALE,4
GP_PRAC_PAT_LIST,01/07/2026,C83649,MARKET CROSS SURGERY,E01026322,FEMALE,1
GP_PRAC_PAT_LIST,01/07/2026,C83649,MARKET CROSS SURGERY,E01026323,FEMALE,2
GP_PRAC_PAT_LIST,01/07/2026,C83649,MARKET CROSS SURGERY,E01026324,FEMALE,6
GP_PRAC_PAT_LIST,01/07/2026,C83649,MARKET CROSS SURGERY,E01026325,FEMALE,4
GP_PRAC_PAT_LIST,01/07/2026,C83649,MARKET CROSS SURGERY,E01026326,FEMALE,3
GP_PRAC_PAT_LIST,01/07/2026,C83649,MARKET CROSS SURGERY,E01026328,FEMALE,6
GP_PRAC_PAT_LIST,01/07/2026,C83649,MARKET CROSS SURGERY,E01026330,FEMALE,102
GP_PRAC_PAT_LIST,01/07/2026,C83649,MARKET CROSS SURGERY,E01026331,FEMALE,405
GP_PRAC_PAT_LIST,01/07/2026,C83649,MARKET CROSS SURGERY,E01026332,FEMALE,375
GP_PRAC_PAT_LIST,01/07/2026,C83649,MARKET CROSS SURGERY,E01026338,FEMALE,145
GP_PRAC_PAT_LIST,01/07/2026,C83649,MARKET CROSS SURGERY,E01026339,FEMALE,102
GP_PRAC_PAT_LIST,01/07/2026,C83649,MARKET CROSS SURGERY,E01026340,FEMALE,4
GP_PRAC_PAT_LIST,01/07/2026,C83649,MARKET CROSS SURGERY,E01026341,FEMALE,19
GP_PRAC_PAT_LIST,01/07/2026,C83649,MARKET CROSS SURGERY,E01026342,FEMALE,25
GP_PRAC_PAT_LIST,01/07/2026,C83649,MARKET CROSS SURGERY,E01026343,FEMALE,6
GP_PRAC_PAT_LIST,01/07/2026,C83649,MARKET CROSS SURGERY,E01026344,FEMALE,7
GP_PRAC_PAT_LIST,01/07/2026,C83649,MARKET CROSS SURGERY,E01026345,FEMALE,6
GP_PRAC_PAT_LIST,01/07/2026,C83649,MARKET CROSS SURGERY,E01026352,FEMALE,1
GP_PRAC_PAT_LIST,01/07/2026,C83649,MARKET CROSS SURGERY,E01026353,FEMALE,10
GP_PRAC_PAT_LIST,01/07/2026,C83649,MARKET CROSS SURGERY,E01026354,FEMALE,3
GP_PRAC_PAT_LIST,01/07/2026,C83649,MARKET CROSS SURGERY,E01026360,FEMALE,11
GP_PRAC_PAT_LIST,01/07/2026,C83649,MARKET CROSS SURGERY,E01026361,FEMALE,8
GP_PRAC_PAT_LIST,01/07/2026,C83649,MARKET CROSS SURGERY,E01026365,FEMALE,1
GP_PRAC_PAT_LIST,01/07/2026,C83649,MARKET CROSS SURGERY,E01032997,FEMALE,7
GP_PRAC_PAT_LIST,01/07/2026,C83649,MARKET CROSS SURGERY,E01032998,FEMALE,18
GP_PRAC_PAT_LIST,01/07/2026,C83649,MARKET CROSS SURGERY,E01032999,FEMALE,4
GP_PRAC_PAT_LIST,01/07/2026,C83649,MARKET CROSS SURGERY,E01034687,FEMALE,1
GP_PRAC_PAT_LIST,01/07/2026,C83649,MARKET CROSS SURGERY,E01034701,FEMALE,16
GP_PRAC_PAT_LIST,01/07/2026,C83649,MARKET CROSS SURGERY,E01034702,FEMALE,8
GP_PRAC_PAT_LIST,01/07/2026,C83649,MARKET CROSS SURGERY,E01034703,FEMALE,12
GP_PRAC_PAT_LIST,01/07/2026,C83649,MARKET CROSS SURGERY,E01034704,FEMALE,13
GP_PRAC_PAT_LIST,01/07/2026,C83649,MARKET CROSS SURGERY,E01034705,FEMALE,5
GP_PRAC_PAT_LIST,01/07/2026,C83650,THE WRAGBY SURGERY,E01013187,FEMALE,1
GP_PRAC_PAT_LIST,01/07/2026,C83650,THE WRAGBY SURGERY,E01015661,FEMALE,1
GP_PRAC_PAT_LIST,01/07/2026,C83650,THE WRAGBY SURGERY,E01026060,FEMALE,1
GP_PRAC_PAT_LIST,01/07/2026,C83650,THE WRAGBY SURGERY,E01026063,FEMALE,1
GP_PRAC_PAT_LIST,01/07/2026,C83650,THE WRAGBY SURGERY,E01026066,FEMALE,2
GP_PRAC_PAT_LIST,01/07/2026,C83650,THE WRAGBY SURGERY,E01026071,FEMALE,191
GP_PRAC_PAT_LIST,01/07/2026,C83650,THE WRAGBY SURGERY,E01026082,FEMALE,89
GP_PRAC_PAT_LIST,01/07/2026,C83650,THE WRAGBY SURGERY,E01026105,FEMALE,12
GP_PRAC_PAT_LIST,01/07/2026,C83650,THE WRAGBY SURGERY,E01026121,FEMALE,1401
GP_PRAC_PAT_LIST,01/07/2026,C83650,THE WRAGBY SURGERY,E01026191,FEMALE,2
GP_PRAC_PAT_LIST,01/07/2026,C83650,THE WRAGBY SURGERY,E01026230,FEMALE,1
GP_PRAC_PAT_LIST,01/07/2026,C83650,THE WRAGBY SURGERY,E01026366,FEMALE,187
GP_PRAC_PAT_LIST,01/07/2026,C83650,THE WRAGBY SURGERY,E01026372,FEMALE,34
GP_PRAC_PAT_LIST,01/07/2026,C83650,THE WRAGBY SURGERY,E01026373,FEMALE,159
GP_PRAC_PAT_LIST,01/07/2026,C83650,THE WRAGBY SURGERY,E01026389,FEMALE,1
GP_PRAC_PAT_LIST,01/07/2026,C83650,THE WRAGBY SURGERY,E01026390,FEMALE,15
GP_PRAC_PAT_LIST,01/07/2026,C83650,THE WRAGBY SURGERY,E01026391,FEMALE,48
GP_PRAC_PAT_LIST,01/07/2026,C83650,THE WRAGBY SURGERY,E01026392,FEMALE,1
GP_PRAC_PAT_LIST,01/07/2026,C83650,THE WRAGBY SURGERY,E01026405,FEMALE,2
GP_PRAC_PAT_LIST,01/07/2026,C83650,THE WRAGBY SURGERY,E01026406,FEMALE,6
GP_PRAC_PAT_LIST,01/07/2026,C83650,THE WRAGBY SURGERY,E01026411,FEMALE,1
GP_PRAC_PAT_LIST,01/07/2026,C83650,THE WRAGBY SURGERY,E01026414,FEMALE,2
GP_PRAC_PAT_LIST,01/07/2026,C83650,THE WRAGBY SURGERY,E01034689,FEMALE,2
GP_PRAC_PAT_LIST,01/07/2026,C83650,THE WRAGBY SURGERY,EMPTY,FEMALE,1
GP_PRAC_PAT_LIST,01/07/2026,Y01652,THE NEW SPRINGWELLS PRACTICE,E01001500,FEMALE,1
GP_PRAC_PAT_LIST,01/07/2026,Y01652,THE NEW SPRINGWELLS PRACTICE,E01026016,FEMALE,2
GP_PRAC_PAT_LIST,01/07/2026,Y01652,THE NEW SPRINGWELLS PRACTICE,E01026200,FEMALE,8
GP_PRAC_PAT_LIST,01/07/2026,Y01652,THE NEW SPRINGWELLS PRACTICE,E01026201,FEMALE,238
GP_PRAC_PAT_LIST,01/07/2026,Y01652,THE NEW SPRINGWELLS PRACTICE,E01026202,FEMALE,7
GP_PRAC_PAT_LIST,01/07/2026,Y01652,THE NEW SPRINGWELLS PRACTICE,E01026209,FEMALE,4
GP_PRAC_PAT_LIST,01/07/2026,Y01652,THE NEW SPRINGWELLS PRACTICE,E01026210,FEMALE,1
GP_PRAC_PAT_LIST,01/07/2026,Y01652,THE NEW SPRINGWELLS PRACTICE,E01026221,FEMALE,542
GP_PRAC_PAT_LIST,01/07/2026,Y01652,THE NEW SPRINGWELLS PRACTICE,E01026228,FEMALE,3
GP_PRAC_PAT_LIST,01/07/2026,Y01652,THE NEW SPRINGWELLS PRACTICE,E01026229,FEMALE,1
GP_PRAC_PAT_LIST,01/07/2026,Y01652,THE NEW SPRINGWELLS PRACTICE,E01026231,FEMALE,3
GP_PRAC_PAT_LIST,01/07/2026,Y01652,THE NEW SPRINGWELLS PRACTICE,E01026232,FEMALE,1
GP_PRAC_PAT_LIST,01/07/2026,Y01652,THE NEW SPRINGWELLS PRACTICE,E01026233,FEMALE,1
GP_PRAC_PAT_LIST,01/07/2026,Y01652,THE NEW SPRINGWELLS PRACTICE,E01026236,FEMALE,1
GP_PRAC_PAT_LIST,01/07/2026,Y01652,THE NEW SPRINGWELLS PRACTICE,E01026242,FEMALE,4
GP_PRAC_PAT_LIST,01/07/2026,Y01652,THE NEW SPRINGWELLS PRACTICE,E01026243,FEMALE,1
GP_PRAC_PAT_LIST,01/07/2026,Y01652,THE NEW SPRINGWELLS PRACTICE,E01026244,FEMALE,3
GP_PRAC_PAT_LIST,01/07/2026,Y01652,THE NEW SPRINGWELLS PRACTICE,E01026259,FEMALE,1
GP_PRAC_PAT_LIST,01/07/2026,Y01652,THE NEW SPRINGWELLS PRACTICE,E01026276,FEMALE,9
GP_PRAC_PAT_LIST,01/07/2026,Y01652,THE NEW SPRINGWELLS PRACTICE,E01026290,FEMALE,618
GP_PRAC_PAT_LIST,01/07/2026,Y01652,THE NEW SPRINGWELLS PRACTICE,E01026296,FEMALE,6
GP_PRAC_PAT_LIST,01/07/2026,Y01652,THE NEW SPRINGWELLS PRACTICE,E01026299,FEMALE,1
GP_PRAC_PAT_LIST,01/07/2026,Y01652,THE NEW SPRINGWELLS PRACTICE,E01026300,FEMALE,1
GP_PRAC_PAT_LIST,01/07/2026,Y01652,THE NEW SPRINGWELLS PRACTICE,E01026313,FEMALE,1
GP_PRAC_PAT_LIST,01/07/2026,Y01652,THE NEW SPRINGWELLS PRACTICE,E01026316,FEMALE,13
GP_PRAC_PAT_LIST,01/07/2026,Y01652,THE NEW SPRINGWELLS PRACTICE,E01026319,FEMALE,1
GP_PRAC_PAT_LIST,01/07/2026,Y01652,THE NEW SPRINGWELLS PRACTICE,E01026332,FEMALE,128
GP_PRAC_PAT_LIST,01/07/2026,Y01652,THE NEW SPRINGWELLS PRACTICE,E01026341,FEMALE,45
GP_PRAC_PAT_LIST,01/07/2026,Y01652,THE NEW SPRINGWELLS PRACTICE,E01026342,FEMALE,36
GP_PRAC_PAT_LIST,01/07/2026,Y01652,THE NEW SPRINGWELLS PRACTICE,E01026361,FEMALE,1345
GP_PRAC_PAT_LIST,01/07/2026,Y01652,THE NEW SPRINGWELLS PRACTICE,E01026362,FEMALE,1
GP_PRAC_PAT_LIST,01/07/2026,Y01652,THE NEW SPRINGWELLS PRACTICE,E01026364,FEMALE,1
GP_PRAC_PAT_LIST,01/07/2026,Y01652,THE NEW SPRINGWELLS PRACTICE,E01032999,FEMALE,1
GP_PRAC_PAT_LIST,01/07/2026,Y01652,THE NEW SPRINGWELLS PRACTICE,E01034695,FEMALE,35
GP_PRAC_PAT_LIST,01/07/2026,Y01652,THE NEW SPRINGWELLS PRACTICE,E01034696,FEMALE,1
